solid OpenSCAD_Model
  facet normal -0.156453 -0.987685 0
    outer loop
      vertex 49.7599 1.5 5.73589
      vertex 50.2234 1.42658 -5.53096
      vertex 50.2234 1.42658 5.53096
    endloop
  endfacet
  facet normal -0.156453 -0.987685 0
    outer loop
      vertex 50.2234 1.42658 -5.53096
      vertex 49.7599 1.5 5.73589
      vertex 49.7599 1.5 -5.73589
    endloop
  endfacet
  facet normal -0.890929 -0.454142 -0.00111077
    outer loop
      vertex 51.1865 0.463525 -5.2785
      vertex 50.9734 0.881678 -5.31785
      vertex 51.0775 0.677456 -5.31785
    endloop
  endfacet
  facet normal -0.890972 -0.454059 0
    outer loop
      vertex 50.9734 0.881678 -5.31785
      vertex 51.1865 0.463525 -5.2785
      vertex 50.9734 0.881678 5.31785
    endloop
  endfacet
  facet normal -0.890972 -0.454059 -0
    outer loop
      vertex 51.1865 0.463525 5.2785
      vertex 50.9734 0.881678 5.31785
      vertex 51.1865 0.463525 -5.2785
    endloop
  endfacet
  facet normal -0.890929 -0.454142 0.00111077
    outer loop
      vertex 50.9734 0.881678 5.31785
      vertex 51.1865 0.463525 5.2785
      vertex 51.0775 0.677456 5.31785
    endloop
  endfacet
  facet normal -0.987693 -0.156403 0
    outer loop
      vertex 51.2599 0 -5.2785
      vertex 51.1865 0.463525 5.2785
      vertex 51.1865 0.463525 -5.2785
    endloop
  endfacet
  facet normal -0.987693 -0.156403 0
    outer loop
      vertex 51.1865 0.463525 5.2785
      vertex 51.2599 0 -5.2785
      vertex 51.2599 0 5.2785
    endloop
  endfacet
  facet normal -0.707152 -0.707062 0
    outer loop
      vertex 50.9734 0.881678 -5.31785
      vertex 50.6416 1.21352 5.40309
      vertex 50.6416 1.21352 -5.40309
    endloop
  endfacet
  facet normal -0.707152 -0.707062 0
    outer loop
      vertex 50.6416 1.21352 5.40309
      vertex 50.9734 0.881678 -5.31785
      vertex 50.9734 0.881678 5.31785
    endloop
  endfacet
  facet normal -0.707152 0.707062 0
    outer loop
      vertex 50.6416 -1.21352 -5.40309
      vertex 50.9734 -0.881678 5.31785
      vertex 50.9734 -0.881678 -5.31785
    endloop
  endfacet
  facet normal -0.707152 0.707062 0
    outer loop
      vertex 50.9734 -0.881678 5.31785
      vertex 50.6416 -1.21352 -5.40309
      vertex 50.6416 -1.21352 5.40309
    endloop
  endfacet
  facet normal -0.454233 0.890882 -0.00116365
    outer loop
      vertex 50.6416 -1.21352 5.40309
      vertex 50.2234 -1.42658 5.53096
      vertex 50.4942 -1.2886 5.46022
    endloop
  endfacet
  facet normal -0.453951 0.891027 0
    outer loop
      vertex 50.6416 -1.21352 -5.40309
      vertex 50.2234 -1.42658 5.53096
      vertex 50.6416 -1.21352 5.40309
    endloop
  endfacet
  facet normal -0.454233 0.890882 0.00116365
    outer loop
      vertex 50.2234 -1.42658 -5.53096
      vertex 50.6416 -1.21352 -5.40309
      vertex 50.4942 -1.2886 -5.46022
    endloop
  endfacet
  facet normal -0.453951 0.891027 0
    outer loop
      vertex 50.6416 -1.21352 -5.40309
      vertex 50.2234 -1.42658 -5.53096
      vertex 50.2234 -1.42658 5.53096
    endloop
  endfacet
  facet normal 0.707152 -0.707062 0
    outer loop
      vertex 48.5464 0.881678 6.58895
      vertex 48.8782 1.21352 -6.3266
      vertex 48.8782 1.21352 6.3266
    endloop
  endfacet
  facet normal 0.707152 -0.707062 0
    outer loop
      vertex 48.8782 1.21352 -6.3266
      vertex 48.5464 0.881678 6.58895
      vertex 48.5464 0.881678 -6.58895
    endloop
  endfacet
  facet normal -0.454233 -0.890882 -0.00116365
    outer loop
      vertex 50.2234 1.42658 5.53096
      vertex 50.6416 1.21352 5.40309
      vertex 50.4942 1.2886 5.46022
    endloop
  endfacet
  facet normal -0.453951 -0.891027 0
    outer loop
      vertex 50.2234 1.42658 5.53096
      vertex 50.6416 1.21352 -5.40309
      vertex 50.6416 1.21352 5.40309
    endloop
  endfacet
  facet normal -0.453951 -0.891027 0
    outer loop
      vertex 50.2234 1.42658 -5.53096
      vertex 50.6416 1.21352 -5.40309
      vertex 50.2234 1.42658 5.53096
    endloop
  endfacet
  facet normal -0.454233 -0.890882 0.00116365
    outer loop
      vertex 50.6416 1.21352 -5.40309
      vertex 50.2234 1.42658 -5.53096
      vertex 50.4942 1.2886 -5.46022
    endloop
  endfacet
  facet normal -0.890929 0.454142 -0.00111077
    outer loop
      vertex 50.9734 -0.881678 -5.31785
      vertex 51.1865 -0.463525 -5.2785
      vertex 51.0775 -0.677456 -5.31785
    endloop
  endfacet
  facet normal -0.890972 0.454059 0
    outer loop
      vertex 51.1865 -0.463525 -5.2785
      vertex 50.9734 -0.881678 -5.31785
      vertex 51.1865 -0.463525 5.2785
    endloop
  endfacet
  facet normal -0.890972 0.454059 0
    outer loop
      vertex 50.9734 -0.881678 5.31785
      vertex 51.1865 -0.463525 5.2785
      vertex 50.9734 -0.881678 -5.31785
    endloop
  endfacet
  facet normal -0.890929 0.454142 0.00111077
    outer loop
      vertex 51.1865 -0.463525 5.2785
      vertex 50.9734 -0.881678 5.31785
      vertex 51.0775 -0.677456 5.31785
    endloop
  endfacet
  facet normal 0.455482 -0.890241 0.00260404
    outer loop
      vertex 48.8782 1.21352 6.3266
      vertex 49.2964 1.42658 6.01648
      vertex 49.0255 1.2886 6.2294
    endloop
  endfacet
  facet normal 0.453951 -0.891027 0
    outer loop
      vertex 48.8782 1.21352 6.3266
      vertex 49.2964 1.42658 -6.01648
      vertex 49.2964 1.42658 6.01648
    endloop
  endfacet
  facet normal 0.453951 -0.891027 0
    outer loop
      vertex 48.8782 1.21352 -6.3266
      vertex 49.2964 1.42658 -6.01648
      vertex 48.8782 1.21352 6.3266
    endloop
  endfacet
  facet normal 0.455482 -0.890241 -0.00260404
    outer loop
      vertex 49.2964 1.42658 -6.01648
      vertex 48.8782 1.21352 -6.3266
      vertex 49.0255 1.2886 -6.2294
    endloop
  endfacet
  facet normal 0.891169 -0.453671 0.00111101
    outer loop
      vertex 48.3333 0.463525 6.77278
      vertex 48.5464 0.881678 6.58895
      vertex 48.4423 0.677456 6.69795
    endloop
  endfacet
  facet normal 0.890972 -0.454059 0
    outer loop
      vertex 48.5464 0.881678 6.58895
      vertex 48.3333 0.463525 6.77278
      vertex 48.5464 0.881678 -6.58895
    endloop
  endfacet
  facet normal 0.890972 -0.454059 0
    outer loop
      vertex 48.3333 0.463525 -6.77278
      vertex 48.5464 0.881678 -6.58895
      vertex 48.3333 0.463525 6.77278
    endloop
  endfacet
  facet normal 0.891169 -0.453671 -0.00111101
    outer loop
      vertex 48.5464 0.881678 -6.58895
      vertex 48.3333 0.463525 -6.77278
      vertex 48.4423 0.677456 -6.69795
    endloop
  endfacet
  facet normal 0.455482 0.890241 0.00260404
    outer loop
      vertex 49.2964 -1.42658 6.01648
      vertex 48.8782 -1.21352 6.3266
      vertex 49.0255 -1.2886 6.2294
    endloop
  endfacet
  facet normal 0.453951 0.891027 -0
    outer loop
      vertex 49.2964 -1.42658 -6.01648
      vertex 48.8782 -1.21352 6.3266
      vertex 49.2964 -1.42658 6.01648
    endloop
  endfacet
  facet normal 0.455482 0.890241 -0.00260404
    outer loop
      vertex 48.8782 -1.21352 -6.3266
      vertex 49.2964 -1.42658 -6.01648
      vertex 49.0255 -1.2886 -6.2294
    endloop
  endfacet
  facet normal 0.453951 0.891027 0
    outer loop
      vertex 49.2964 -1.42658 -6.01648
      vertex 48.8782 -1.21352 -6.3266
      vertex 48.8782 -1.21352 6.3266
    endloop
  endfacet
  facet normal 0.156453 -0.987685 0
    outer loop
      vertex 49.2964 1.42658 6.01648
      vertex 49.7599 1.5 -5.73589
      vertex 49.7599 1.5 5.73589
    endloop
  endfacet
  facet normal 0.156453 -0.987685 0
    outer loop
      vertex 49.7599 1.5 -5.73589
      vertex 49.2964 1.42658 6.01648
      vertex 49.2964 1.42658 -6.01648
    endloop
  endfacet
  facet normal -0.987693 0.156403 0
    outer loop
      vertex 51.1865 -0.463525 -5.2785
      vertex 51.2599 0 5.2785
      vertex 51.2599 0 -5.2785
    endloop
  endfacet
  facet normal -0.987693 0.156403 0
    outer loop
      vertex 51.2599 0 5.2785
      vertex 51.1865 -0.463525 -5.2785
      vertex 51.1865 -0.463525 5.2785
    endloop
  endfacet
  facet normal 0.707152 0.707062 -0
    outer loop
      vertex 48.8782 -1.21352 -6.3266
      vertex 48.5464 -0.881678 6.58895
      vertex 48.8782 -1.21352 6.3266
    endloop
  endfacet
  facet normal 0.707152 0.707062 0
    outer loop
      vertex 48.5464 -0.881678 6.58895
      vertex 48.8782 -1.21352 -6.3266
      vertex 48.5464 -0.881678 -6.58895
    endloop
  endfacet
  facet normal 0.156453 0.987685 -0
    outer loop
      vertex 49.7599 -1.5 -5.73589
      vertex 49.2964 -1.42658 6.01648
      vertex 49.7599 -1.5 5.73589
    endloop
  endfacet
  facet normal 0.156453 0.987685 0
    outer loop
      vertex 49.2964 -1.42658 6.01648
      vertex 49.7599 -1.5 -5.73589
      vertex 49.2964 -1.42658 -6.01648
    endloop
  endfacet
  facet normal -0.156453 0.987685 0
    outer loop
      vertex 50.2234 -1.42658 -5.53096
      vertex 49.7599 -1.5 5.73589
      vertex 50.2234 -1.42658 5.53096
    endloop
  endfacet
  facet normal -0.156453 0.987685 0
    outer loop
      vertex 49.7599 -1.5 5.73589
      vertex 50.2234 -1.42658 -5.53096
      vertex 49.7599 -1.5 -5.73589
    endloop
  endfacet
  facet normal 0.891169 0.453671 0.00111101
    outer loop
      vertex 48.5464 -0.881678 6.58895
      vertex 48.3333 -0.463525 6.77278
      vertex 48.4423 -0.677456 6.69795
    endloop
  endfacet
  facet normal 0.890972 0.454059 0
    outer loop
      vertex 48.3333 -0.463525 6.77278
      vertex 48.5464 -0.881678 6.58895
      vertex 48.3333 -0.463525 -6.77278
    endloop
  endfacet
  facet normal 0.890972 0.454059 -0
    outer loop
      vertex 48.5464 -0.881678 -6.58895
      vertex 48.3333 -0.463525 -6.77278
      vertex 48.5464 -0.881678 6.58895
    endloop
  endfacet
  facet normal 0.891169 0.453671 -0.00111101
    outer loop
      vertex 48.3333 -0.463525 -6.77278
      vertex 48.5464 -0.881678 -6.58895
      vertex 48.4423 -0.677456 -6.69795
    endloop
  endfacet
  facet normal 0.987693 -0.156403 0
    outer loop
      vertex 48.2599 0 6.84968
      vertex 48.3333 0.463525 -6.77278
      vertex 48.3333 0.463525 6.77278
    endloop
  endfacet
  facet normal 0.987693 -0.156403 0
    outer loop
      vertex 48.3333 0.463525 -6.77278
      vertex 48.2599 0 6.84968
      vertex 48.2599 0 -6.84968
    endloop
  endfacet
  facet normal 0.987693 0.156403 0
    outer loop
      vertex 48.3333 -0.463525 6.77278
      vertex 48.2599 0 -6.84968
      vertex 48.2599 0 6.84968
    endloop
  endfacet
  facet normal 0.987693 0.156403 0
    outer loop
      vertex 48.2599 0 -6.84968
      vertex 48.3333 -0.463525 6.77278
      vertex 48.3333 -0.463525 -6.77278
    endloop
  endfacet
  facet normal 0.266894 0.963628 -0.0137084
    outer loop
      vertex -25.0367 41.6015 6.60178
      vertex -25.49 41.723 6.31712
      vertex -25.0504 41.6052 6.59514
    endloop
  endfacet
  facet normal 0.258896 0.965905 0
    outer loop
      vertex -25.0367 41.6015 6.60178
      vertex -25.49 41.723 -6.31712
      vertex -25.49 41.723 6.31712
    endloop
  endfacet
  facet normal 0.258896 0.965905 -0
    outer loop
      vertex -25.0367 41.6015 -6.60178
      vertex -25.49 41.723 -6.31712
      vertex -25.0367 41.6015 6.60178
    endloop
  endfacet
  facet normal 0.266894 0.963628 0.0137084
    outer loop
      vertex -25.49 41.723 -6.31712
      vertex -25.0367 41.6015 -6.60178
      vertex -25.0504 41.6052 -6.59514
    endloop
  endfacet
  facet normal 0.838677 -0.544629 0
    outer loop
      vertex -26.2503 43.7034 5.33068
      vertex -25.9947 44.097 -5.27777
      vertex -25.9947 44.097 5.27777
    endloop
  endfacet
  facet normal 0.838677 -0.544629 0
    outer loop
      vertex -25.9947 44.097 -5.27777
      vertex -26.2503 43.7034 5.33068
      vertex -26.2503 43.7034 -5.33068
    endloop
  endfacet
  facet normal 0.629225 -0.777213 -0.00401707
    outer loop
      vertex -25.9947 44.097 5.27777
      vertex -25.6299 44.3924 5.26592
      vertex -25.8102 44.2463 5.29122
    endloop
  endfacet
  facet normal 0.629309 -0.777156 0
    outer loop
      vertex -25.9947 44.097 5.27777
      vertex -25.6299 44.3924 -5.26592
      vertex -25.6299 44.3924 5.26592
    endloop
  endfacet
  facet normal 0.629309 -0.777156 0
    outer loop
      vertex -25.9947 44.097 -5.27777
      vertex -25.6299 44.3924 -5.26592
      vertex -25.9947 44.097 5.27777
    endloop
  endfacet
  facet normal 0.629225 -0.777213 0.00401707
    outer loop
      vertex -25.6299 44.3924 -5.26592
      vertex -25.9947 44.097 -5.27777
      vertex -25.8102 44.2463 -5.29122
    endloop
  endfacet
  facet normal 0.965019 -0.261346 -0.0208965
    outer loop
      vertex -26.3717 43.2501 5.39361
      vertex -26.2503 43.7034 5.33068
      vertex -26.2539 43.6898 5.33452
    endloop
  endfacet
  facet normal 0.965959 -0.258697 0
    outer loop
      vertex -26.2503 43.7034 5.33068
      vertex -26.3717 43.2501 5.39361
      vertex -26.2503 43.7034 -5.33068
    endloop
  endfacet
  facet normal 0.965959 -0.258697 0
    outer loop
      vertex -26.3717 43.2501 -5.39361
      vertex -26.2503 43.7034 -5.33068
      vertex -26.3717 43.2501 5.39361
    endloop
  endfacet
  facet normal 0.965019 -0.261346 0.0208965
    outer loop
      vertex -26.2503 43.7034 -5.33068
      vertex -26.3717 43.2501 -5.39361
      vertex -26.2539 43.6898 -5.33452
    endloop
  endfacet
  facet normal -0.544629 -0.838677 0
    outer loop
      vertex -24.2698 44.4636 -5.39873
      vertex -23.8762 44.208 5.52737
      vertex -24.2698 44.4636 5.39873
    endloop
  endfacet
  facet normal -0.544629 -0.838677 -0
    outer loop
      vertex -23.8762 44.208 5.52737
      vertex -24.2698 44.4636 -5.39873
      vertex -23.8762 44.208 -5.52737
    endloop
  endfacet
  facet normal 0.998636 0.0522121 0
    outer loop
      vertex -26.3472 42.7815 5.54014
      vertex -26.3717 43.2501 -5.39361
      vertex -26.3717 43.2501 5.39361
    endloop
  endfacet
  facet normal 0.998636 0.0522121 0
    outer loop
      vertex -26.3717 43.2501 -5.39361
      vertex -26.3472 42.7815 5.54014
      vertex -26.3472 42.7815 -5.54014
    endloop
  endfacet
  facet normal -0.93356 -0.358422 0
    outer loop
      vertex -23.4127 43.4052 -6.01289
      vertex -23.5809 43.8433 5.73899
      vertex -23.5809 43.8433 -5.73899
    endloop
  endfacet
  facet normal -0.93356 -0.358422 0
    outer loop
      vertex -23.5809 43.8433 5.73899
      vertex -23.4127 43.4052 -6.01289
      vertex -23.4127 43.4052 6.01289
    endloop
  endfacet
  facet normal 0.0524135 -0.998625 0
    outer loop
      vertex -25.1918 44.5605 -5.29031
      vertex -24.7231 44.5851 5.31783
      vertex -25.1918 44.5605 5.29031
    endloop
  endfacet
  facet normal 0.0524135 -0.998625 0
    outer loop
      vertex -24.7231 44.5851 5.31783
      vertex -25.1918 44.5605 -5.29031
      vertex -24.7231 44.5851 -5.31783
    endloop
  endfacet
  facet normal 0.933495 0.358589 0
    outer loop
      vertex -26.2547 42.5407 5.65984
      vertex -26.3472 42.7815 -5.54014
      vertex -26.3472 42.7815 5.54014
    endloop
  endfacet
  facet normal 0.933495 0.358589 0
    outer loop
      vertex -26.2547 42.5407 5.65984
      vertex -26.2547 42.5407 -5.65984
      vertex -26.3472 42.7815 -5.54014
    endloop
  endfacet
  facet normal 0.933699 0.35806 0
    outer loop
      vertex -26.179 42.3433 5.75251
      vertex -26.2547 42.5407 -5.65984
      vertex -26.2547 42.5407 5.65984
    endloop
  endfacet
  facet normal 0.933699 0.35806 0
    outer loop
      vertex -26.2547 42.5407 -5.65984
      vertex -26.179 42.3433 5.75251
      vertex -26.179 42.3433 -5.75251
    endloop
  endfacet
  facet normal -0.35872 0.933441 0.00286304
    outer loop
      vertex -24.1299 41.7943 6.8371
      vertex -24.5681 41.6261 6.77205
      vertex -24.3465 41.7111 6.82438
    endloop
  endfacet
  facet normal -0.358351 0.933587 0
    outer loop
      vertex -24.1299 41.7943 6.8371
      vertex -24.5681 41.6261 -6.77205
      vertex -24.5681 41.6261 6.77205
    endloop
  endfacet
  facet normal -0.358351 0.933587 0
    outer loop
      vertex -24.1299 41.7943 -6.8371
      vertex -24.5681 41.6261 -6.77205
      vertex -24.1299 41.7943 6.8371
    endloop
  endfacet
  facet normal -0.35872 0.933441 -0.00286304
    outer loop
      vertex -24.5681 41.6261 -6.77205
      vertex -24.1299 41.7943 -6.8371
      vertex -24.3465 41.7111 -6.82438
    endloop
  endfacet
  facet normal -0.0524246 0.998625 0
    outer loop
      vertex -24.5681 41.6261 6.77205
      vertex -25.0367 41.6015 -6.60178
      vertex -25.0367 41.6015 6.60178
    endloop
  endfacet
  facet normal -0.0524246 0.998625 0
    outer loop
      vertex -25.0367 41.6015 -6.60178
      vertex -24.5681 41.6261 6.77205
      vertex -24.5681 41.6261 -6.77205
    endloop
  endfacet
  facet normal -0.258965 -0.965887 0.000415176
    outer loop
      vertex -24.7231 44.5851 5.31783
      vertex -24.2698 44.4636 5.39873
      vertex -24.4302 44.5066 5.38704
    endloop
  endfacet
  facet normal -0.258896 -0.965905 0
    outer loop
      vertex -24.7231 44.5851 -5.31783
      vertex -24.2698 44.4636 5.39873
      vertex -24.7231 44.5851 5.31783
    endloop
  endfacet
  facet normal -0.258965 -0.965887 -0.000415176
    outer loop
      vertex -24.2698 44.4636 -5.39873
      vertex -24.7231 44.5851 -5.31783
      vertex -24.4302 44.5066 -5.38704
    endloop
  endfacet
  facet normal -0.258896 -0.965905 0
    outer loop
      vertex -24.7231 44.5851 -5.31783
      vertex -24.2698 44.4636 -5.39873
      vertex -24.2698 44.4636 5.39873
    endloop
  endfacet
  facet normal -0.965701 0.259652 -0.00174104
    outer loop
      vertex -23.5096 42.4832 -6.58894
      vertex -23.3882 42.9365 -6.32224
      vertex -23.4311 42.7762 -6.4335
    endloop
  endfacet
  facet normal -0.965959 0.258697 0
    outer loop
      vertex -23.3882 42.9365 -6.32224
      vertex -23.5096 42.4832 -6.58894
      vertex -23.3882 42.9365 6.32224
    endloop
  endfacet
  facet normal -0.965959 0.258697 0
    outer loop
      vertex -23.5096 42.4832 6.58894
      vertex -23.3882 42.9365 6.32224
      vertex -23.5096 42.4832 -6.58894
    endloop
  endfacet
  facet normal -0.965701 0.259652 0.00174104
    outer loop
      vertex -23.3882 42.9365 6.32224
      vertex -23.5096 42.4832 6.58894
      vertex -23.4311 42.7762 6.4335
    endloop
  endfacet
  facet normal 0.544629 0.838677 0
    outer loop
      vertex -25.49 41.723 6.31712
      vertex -25.8836 41.9786 -6.02566
      vertex -25.8836 41.9786 6.02566
    endloop
  endfacet
  facet normal 0.544629 0.838677 0
    outer loop
      vertex -25.8836 41.9786 -6.02566
      vertex -25.49 41.723 6.31712
      vertex -25.49 41.723 -6.31712
    endloop
  endfacet
  facet normal -0.631128 0.775332 -0.0231766
    outer loop
      vertex -23.7652 42.0896 6.78459
      vertex -24.1299 41.7943 6.8371
      vertex -23.7713 42.0847 6.78678
    endloop
  endfacet
  facet normal -0.629284 0.777175 0
    outer loop
      vertex -23.7652 42.0896 -6.78459
      vertex -24.1299 41.7943 6.8371
      vertex -23.7652 42.0896 6.78459
    endloop
  endfacet
  facet normal -0.631128 0.775332 0.0231766
    outer loop
      vertex -24.1299 41.7943 -6.8371
      vertex -23.7652 42.0896 -6.78459
      vertex -23.7713 42.0847 -6.78678
    endloop
  endfacet
  facet normal -0.629284 0.777175 0
    outer loop
      vertex -23.7652 42.0896 -6.78459
      vertex -24.1299 41.7943 -6.8371
      vertex -24.1299 41.7943 6.8371
    endloop
  endfacet
  facet normal -0.777175 -0.629284 0
    outer loop
      vertex -23.5809 43.8433 -5.73899
      vertex -23.8762 44.208 5.52737
      vertex -23.8762 44.208 -5.52737
    endloop
  endfacet
  facet normal -0.777175 -0.629284 0
    outer loop
      vertex -23.8762 44.208 5.52737
      vertex -23.5809 43.8433 -5.73899
      vertex -23.5809 43.8433 5.73899
    endloop
  endfacet
  facet normal 0.777256 0.629185 0
    outer loop
      vertex -26.046 42.179 5.87852
      vertex -26.179 42.3433 -5.75251
      vertex -26.179 42.3433 5.75251
    endloop
  endfacet
  facet normal 0.777256 0.629185 0
    outer loop
      vertex -26.046 42.179 5.87852
      vertex -26.046 42.179 -5.87852
      vertex -26.179 42.3433 -5.75251
    endloop
  endfacet
  facet normal 0.77692 0.6296 0
    outer loop
      vertex -25.8836 41.9786 6.02566
      vertex -26.046 42.179 -5.87852
      vertex -26.046 42.179 5.87852
    endloop
  endfacet
  facet normal 0.77692 0.6296 0
    outer loop
      vertex -26.046 42.179 -5.87852
      vertex -25.8836 41.9786 6.02566
      vertex -25.8836 41.9786 -6.02566
    endloop
  endfacet
  facet normal -0.838677 0.544629 0
    outer loop
      vertex -23.7652 42.0896 -6.78459
      vertex -23.5096 42.4832 6.58894
      vertex -23.5096 42.4832 -6.58894
    endloop
  endfacet
  facet normal -0.838677 0.544629 0
    outer loop
      vertex -23.5096 42.4832 6.58894
      vertex -23.7652 42.0896 -6.78459
      vertex -23.7652 42.0896 6.78459
    endloop
  endfacet
  facet normal 0.358201 -0.933644 0.000728501
    outer loop
      vertex -25.6299 44.3924 5.26592
      vertex -25.1918 44.5605 5.29031
      vertex -25.1991 44.5577 5.29122
    endloop
  endfacet
  facet normal 0.358236 -0.933631 0
    outer loop
      vertex -25.6299 44.3924 -5.26592
      vertex -25.1918 44.5605 5.29031
      vertex -25.6299 44.3924 5.26592
    endloop
  endfacet
  facet normal 0.358236 -0.933631 0
    outer loop
      vertex -25.6299 44.3924 -5.26592
      vertex -25.1918 44.5605 -5.29031
      vertex -25.1918 44.5605 5.29031
    endloop
  endfacet
  facet normal 0.358201 -0.933644 -0.000728501
    outer loop
      vertex -25.1918 44.5605 -5.29031
      vertex -25.6299 44.3924 -5.26592
      vertex -25.1991 44.5577 -5.29122
    endloop
  endfacet
  facet normal -0.998637 -0.052201 0
    outer loop
      vertex -23.3882 42.9365 -6.32224
      vertex -23.4127 43.4052 6.01289
      vertex -23.4127 43.4052 -6.01289
    endloop
  endfacet
  facet normal -0.998637 -0.052201 0
    outer loop
      vertex -23.4127 43.4052 6.01289
      vertex -23.3882 42.9365 -6.32224
      vertex -23.3882 42.9365 6.32224
    endloop
  endfacet
  facet normal 0.0524135 0.998625 0
    outer loop
      vertex -24.7231 -44.5851 5.31783
      vertex -25.1918 -44.5605 -5.29031
      vertex -25.1918 -44.5605 5.29031
    endloop
  endfacet
  facet normal 0.0524135 0.998625 0
    outer loop
      vertex -25.1918 -44.5605 -5.29031
      vertex -24.7231 -44.5851 5.31783
      vertex -24.7231 -44.5851 -5.31783
    endloop
  endfacet
  facet normal -0.258965 0.965887 0.000415176
    outer loop
      vertex -24.2698 -44.4636 5.39873
      vertex -24.7231 -44.5851 5.31783
      vertex -24.4302 -44.5066 5.38704
    endloop
  endfacet
  facet normal -0.258896 0.965905 0
    outer loop
      vertex -24.2698 -44.4636 5.39873
      vertex -24.7231 -44.5851 -5.31783
      vertex -24.7231 -44.5851 5.31783
    endloop
  endfacet
  facet normal -0.258896 0.965905 0
    outer loop
      vertex -24.2698 -44.4636 -5.39873
      vertex -24.7231 -44.5851 -5.31783
      vertex -24.2698 -44.4636 5.39873
    endloop
  endfacet
  facet normal -0.258965 0.965887 -0.000415176
    outer loop
      vertex -24.7231 -44.5851 -5.31783
      vertex -24.2698 -44.4636 -5.39873
      vertex -24.4302 -44.5066 -5.38704
    endloop
  endfacet
  facet normal 0.965019 0.261346 -0.0208965
    outer loop
      vertex -26.2503 -43.7034 5.33068
      vertex -26.3717 -43.2501 5.39361
      vertex -26.2539 -43.6898 5.33452
    endloop
  endfacet
  facet normal 0.965959 0.258697 0
    outer loop
      vertex -26.3717 -43.2501 5.39361
      vertex -26.2503 -43.7034 5.33068
      vertex -26.3717 -43.2501 -5.39361
    endloop
  endfacet
  facet normal 0.965959 0.258697 -0
    outer loop
      vertex -26.2503 -43.7034 -5.33068
      vertex -26.3717 -43.2501 -5.39361
      vertex -26.2503 -43.7034 5.33068
    endloop
  endfacet
  facet normal 0.965019 0.261346 0.0208965
    outer loop
      vertex -26.3717 -43.2501 -5.39361
      vertex -26.2503 -43.7034 -5.33068
      vertex -26.2539 -43.6898 -5.33452
    endloop
  endfacet
  facet normal 0.998636 -0.0522121 0
    outer loop
      vertex -26.3717 -43.2501 5.39361
      vertex -26.3472 -42.7815 -5.54014
      vertex -26.3472 -42.7815 5.54014
    endloop
  endfacet
  facet normal 0.998636 -0.0522121 0
    outer loop
      vertex -26.3472 -42.7815 -5.54014
      vertex -26.3717 -43.2501 5.39361
      vertex -26.3717 -43.2501 -5.39361
    endloop
  endfacet
  facet normal -0.965701 -0.259652 -0.00174104
    outer loop
      vertex -23.3882 -42.9365 -6.32224
      vertex -23.5096 -42.4832 -6.58894
      vertex -23.4311 -42.7762 -6.4335
    endloop
  endfacet
  facet normal -0.965959 -0.258697 0
    outer loop
      vertex -23.5096 -42.4832 -6.58894
      vertex -23.3882 -42.9365 -6.32224
      vertex -23.5096 -42.4832 6.58894
    endloop
  endfacet
  facet normal -0.965959 -0.258697 -0
    outer loop
      vertex -23.3882 -42.9365 6.32224
      vertex -23.5096 -42.4832 6.58894
      vertex -23.3882 -42.9365 -6.32224
    endloop
  endfacet
  facet normal -0.965701 -0.259652 0.00174104
    outer loop
      vertex -23.5096 -42.4832 6.58894
      vertex -23.3882 -42.9365 6.32224
      vertex -23.4311 -42.7762 6.4335
    endloop
  endfacet
  facet normal 0.358201 0.933644 0.000728501
    outer loop
      vertex -25.1918 -44.5605 5.29031
      vertex -25.6299 -44.3924 5.26592
      vertex -25.1991 -44.5577 5.29122
    endloop
  endfacet
  facet normal 0.358236 0.933631 0
    outer loop
      vertex -25.1918 -44.5605 5.29031
      vertex -25.6299 -44.3924 -5.26592
      vertex -25.6299 -44.3924 5.26592
    endloop
  endfacet
  facet normal 0.358236 0.933631 -0
    outer loop
      vertex -25.1918 -44.5605 -5.29031
      vertex -25.6299 -44.3924 -5.26592
      vertex -25.1918 -44.5605 5.29031
    endloop
  endfacet
  facet normal 0.358201 0.933644 -0.000728501
    outer loop
      vertex -25.6299 -44.3924 -5.26592
      vertex -25.1918 -44.5605 -5.29031
      vertex -25.1991 -44.5577 -5.29122
    endloop
  endfacet
  facet normal 0.77692 -0.6296 0
    outer loop
      vertex -26.046 -42.179 5.87852
      vertex -25.8836 -41.9786 -6.02566
      vertex -25.8836 -41.9786 6.02566
    endloop
  endfacet
  facet normal 0.77692 -0.6296 0
    outer loop
      vertex -26.046 -42.179 5.87852
      vertex -26.046 -42.179 -5.87852
      vertex -25.8836 -41.9786 -6.02566
    endloop
  endfacet
  facet normal 0.777256 -0.629185 0
    outer loop
      vertex -26.179 -42.3433 5.75251
      vertex -26.046 -42.179 -5.87852
      vertex -26.046 -42.179 5.87852
    endloop
  endfacet
  facet normal 0.777256 -0.629185 0
    outer loop
      vertex -26.046 -42.179 -5.87852
      vertex -26.179 -42.3433 5.75251
      vertex -26.179 -42.3433 -5.75251
    endloop
  endfacet
  facet normal 0.629225 0.777213 -0.00401707
    outer loop
      vertex -25.6299 -44.3924 5.26592
      vertex -25.9947 -44.097 5.27777
      vertex -25.8102 -44.2463 5.29122
    endloop
  endfacet
  facet normal 0.629309 0.777156 -0
    outer loop
      vertex -25.6299 -44.3924 -5.26592
      vertex -25.9947 -44.097 5.27777
      vertex -25.6299 -44.3924 5.26592
    endloop
  endfacet
  facet normal 0.629309 0.777156 0
    outer loop
      vertex -25.6299 -44.3924 -5.26592
      vertex -25.9947 -44.097 -5.27777
      vertex -25.9947 -44.097 5.27777
    endloop
  endfacet
  facet normal 0.629225 0.777213 0.00401707
    outer loop
      vertex -25.9947 -44.097 -5.27777
      vertex -25.6299 -44.3924 -5.26592
      vertex -25.8102 -44.2463 -5.29122
    endloop
  endfacet
  facet normal -0.631128 -0.775332 -0.0231766
    outer loop
      vertex -24.1299 -41.7943 6.8371
      vertex -23.7652 -42.0896 6.78459
      vertex -23.7713 -42.0847 6.78678
    endloop
  endfacet
  facet normal -0.629284 -0.777175 0
    outer loop
      vertex -24.1299 -41.7943 6.8371
      vertex -23.7652 -42.0896 -6.78459
      vertex -23.7652 -42.0896 6.78459
    endloop
  endfacet
  facet normal -0.629284 -0.777175 0
    outer loop
      vertex -24.1299 -41.7943 -6.8371
      vertex -23.7652 -42.0896 -6.78459
      vertex -24.1299 -41.7943 6.8371
    endloop
  endfacet
  facet normal -0.631128 -0.775332 0.0231766
    outer loop
      vertex -23.7652 -42.0896 -6.78459
      vertex -24.1299 -41.7943 -6.8371
      vertex -23.7713 -42.0847 -6.78678
    endloop
  endfacet
  facet normal -0.544629 0.838677 0
    outer loop
      vertex -23.8762 -44.208 5.52737
      vertex -24.2698 -44.4636 -5.39873
      vertex -24.2698 -44.4636 5.39873
    endloop
  endfacet
  facet normal -0.544629 0.838677 0
    outer loop
      vertex -24.2698 -44.4636 -5.39873
      vertex -23.8762 -44.208 5.52737
      vertex -23.8762 -44.208 -5.52737
    endloop
  endfacet
  facet normal -0.93356 0.358422 0
    outer loop
      vertex -23.5809 -43.8433 -5.73899
      vertex -23.4127 -43.4052 6.01289
      vertex -23.4127 -43.4052 -6.01289
    endloop
  endfacet
  facet normal -0.93356 0.358422 0
    outer loop
      vertex -23.4127 -43.4052 6.01289
      vertex -23.5809 -43.8433 -5.73899
      vertex -23.5809 -43.8433 5.73899
    endloop
  endfacet
  facet normal 0.838677 0.544629 0
    outer loop
      vertex -25.9947 -44.097 5.27777
      vertex -26.2503 -43.7034 -5.33068
      vertex -26.2503 -43.7034 5.33068
    endloop
  endfacet
  facet normal 0.838677 0.544629 0
    outer loop
      vertex -26.2503 -43.7034 -5.33068
      vertex -25.9947 -44.097 5.27777
      vertex -25.9947 -44.097 -5.27777
    endloop
  endfacet
  facet normal -0.998637 0.052201 0
    outer loop
      vertex -23.4127 -43.4052 -6.01289
      vertex -23.3882 -42.9365 6.32224
      vertex -23.3882 -42.9365 -6.32224
    endloop
  endfacet
  facet normal -0.998637 0.052201 0
    outer loop
      vertex -23.3882 -42.9365 6.32224
      vertex -23.4127 -43.4052 -6.01289
      vertex -23.4127 -43.4052 6.01289
    endloop
  endfacet
  facet normal 0.266894 -0.963628 -0.0137084
    outer loop
      vertex -25.49 -41.723 6.31712
      vertex -25.0367 -41.6015 6.60178
      vertex -25.0504 -41.6052 6.59514
    endloop
  endfacet
  facet normal 0.258896 -0.965905 0
    outer loop
      vertex -25.49 -41.723 -6.31712
      vertex -25.0367 -41.6015 6.60178
      vertex -25.49 -41.723 6.31712
    endloop
  endfacet
  facet normal 0.266894 -0.963628 0.0137084
    outer loop
      vertex -25.0367 -41.6015 -6.60178
      vertex -25.49 -41.723 -6.31712
      vertex -25.0504 -41.6052 -6.59514
    endloop
  endfacet
  facet normal 0.258896 -0.965905 0
    outer loop
      vertex -25.49 -41.723 -6.31712
      vertex -25.0367 -41.6015 -6.60178
      vertex -25.0367 -41.6015 6.60178
    endloop
  endfacet
  facet normal -0.35872 -0.933441 0.00286304
    outer loop
      vertex -24.5681 -41.6261 6.77205
      vertex -24.1299 -41.7943 6.8371
      vertex -24.3465 -41.7111 6.82438
    endloop
  endfacet
  facet normal -0.358351 -0.933587 0
    outer loop
      vertex -24.5681 -41.6261 -6.77205
      vertex -24.1299 -41.7943 6.8371
      vertex -24.5681 -41.6261 6.77205
    endloop
  endfacet
  facet normal -0.35872 -0.933441 -0.00286304
    outer loop
      vertex -24.1299 -41.7943 -6.8371
      vertex -24.5681 -41.6261 -6.77205
      vertex -24.3465 -41.7111 -6.82438
    endloop
  endfacet
  facet normal -0.358351 -0.933587 0
    outer loop
      vertex -24.5681 -41.6261 -6.77205
      vertex -24.1299 -41.7943 -6.8371
      vertex -24.1299 -41.7943 6.8371
    endloop
  endfacet
  facet normal -0.777175 0.629284 0
    outer loop
      vertex -23.8762 -44.208 -5.52737
      vertex -23.5809 -43.8433 5.73899
      vertex -23.5809 -43.8433 -5.73899
    endloop
  endfacet
  facet normal -0.777175 0.629284 0
    outer loop
      vertex -23.5809 -43.8433 5.73899
      vertex -23.8762 -44.208 -5.52737
      vertex -23.8762 -44.208 5.52737
    endloop
  endfacet
  facet normal -0.838677 -0.544629 0
    outer loop
      vertex -23.5096 -42.4832 -6.58894
      vertex -23.7652 -42.0896 6.78459
      vertex -23.7652 -42.0896 -6.78459
    endloop
  endfacet
  facet normal -0.838677 -0.544629 0
    outer loop
      vertex -23.7652 -42.0896 6.78459
      vertex -23.5096 -42.4832 -6.58894
      vertex -23.5096 -42.4832 6.58894
    endloop
  endfacet
  facet normal 0.933699 -0.35806 0
    outer loop
      vertex -26.2547 -42.5407 5.65984
      vertex -26.179 -42.3433 -5.75251
      vertex -26.179 -42.3433 5.75251
    endloop
  endfacet
  facet normal 0.933699 -0.35806 0
    outer loop
      vertex -26.2547 -42.5407 5.65984
      vertex -26.2547 -42.5407 -5.65984
      vertex -26.179 -42.3433 -5.75251
    endloop
  endfacet
  facet normal 0.933495 -0.358589 0
    outer loop
      vertex -26.3472 -42.7815 5.54014
      vertex -26.2547 -42.5407 -5.65984
      vertex -26.2547 -42.5407 5.65984
    endloop
  endfacet
  facet normal 0.933495 -0.358589 0
    outer loop
      vertex -26.2547 -42.5407 -5.65984
      vertex -26.3472 -42.7815 5.54014
      vertex -26.3472 -42.7815 -5.54014
    endloop
  endfacet
  facet normal -0.0524246 -0.998625 0
    outer loop
      vertex -25.0367 -41.6015 -6.60178
      vertex -24.5681 -41.6261 6.77205
      vertex -25.0367 -41.6015 6.60178
    endloop
  endfacet
  facet normal -0.0524246 -0.998625 -0
    outer loop
      vertex -24.5681 -41.6261 6.77205
      vertex -25.0367 -41.6015 -6.60178
      vertex -24.5681 -41.6261 -6.77205
    endloop
  endfacet
  facet normal 0.544629 -0.838677 0
    outer loop
      vertex -25.8836 -41.9786 -6.02566
      vertex -25.49 -41.723 6.31712
      vertex -25.8836 -41.9786 6.02566
    endloop
  endfacet
  facet normal 0.544629 -0.838677 0
    outer loop
      vertex -25.49 -41.723 6.31712
      vertex -25.8836 -41.9786 -6.02566
      vertex -25.49 -41.723 -6.31712
    endloop
  endfacet
  facet normal 0.848375 -0.432307 0.305567
    outer loop
      vertex 55.023 -1.32958 2.1923
      vertex 54.4118 -2.52902 2.1923
      vertex 54.7895 -2.80344 0.755413
    endloop
  endfacet
  facet normal 0.527954 -0.269012 0.805542
    outer loop
      vertex 53.0159 -0.677456 4.30262
      vertex 52.7045 -1.2886 4.30262
      vertex 54.1784 -1.05516 3.41458
    endloop
  endfacet
  facet normal 0.475778 -0.824072 0.307474
    outer loop
      vertex -22.662 -47.9661 0.755413
      vertex 53.46 -3.4809 2.1923
      vertex -22.9364 -47.5884 2.1923
    endloop
  endfacet
  facet normal 0.475778 -0.824072 0.307474
    outer loop
      vertex 53.46 -3.4809 2.1923
      vertex -22.662 -47.9661 0.755413
      vertex 53.7344 -3.8586 0.755413
    endloop
  endfacet
  facet normal 0.405271 0.701949 -0.585682
    outer loop
      vertex 52.938 2.76245 -3.41458
      vertex -22.9364 47.5884 -2.1923
      vertex 53.46 3.4809 -2.1923
    endloop
  endfacet
  facet normal 0.405264 0.701938 -0.5857
    outer loop
      vertex -22.9364 47.5884 -2.1923
      vertex 52.938 2.76245 -3.41458
      vertex -23.4584 46.8699 -3.41458
    endloop
  endfacet
  facet normal -0.8484 0.432264 -0.305559
    outer loop
      vertex -28.9464 46.6365 -2.1923
      vertex -29.5575 45.4371 -2.1923
      vertex -29.3241 46.9109 -0.755413
    endloop
  endfacet
  facet normal 0.361649 0.626396 -0.690535
    outer loop
      vertex 6.83599 2.76245 -27.5593
      vertex -23.4584 46.8699 -3.41458
      vertex 52.938 2.76245 -3.41458
    endloop
  endfacet
  facet normal -0.41901 -0.41901 0.805519
    outer loop
      vertex -27.2391 -45.3961 4.30262
      vertex -27.4725 -46.8699 3.41458
      vertex -26.7541 -45.8811 4.30262
    endloop
  endfacet
  facet normal -0.41901 -0.41901 0.805519
    outer loop
      vertex -27.4725 -46.8699 3.41458
      vertex -27.2391 -45.3961 4.30262
      vertex -28.2279 -46.1145 3.41458
    endloop
  endfacet
  facet normal -0.808998 0 -0.587812
    outer loop
      vertex -28.88 -44.1075 -3.41458
      vertex -29.7681 44.1075 -2.1923
      vertex -28.88 44.1075 -3.41458
    endloop
  endfacet
  facet normal -0.808998 -0 -0.587812
    outer loop
      vertex -29.7681 44.1075 -2.1923
      vertex -28.88 -44.1075 -3.41458
      vertex -29.7681 -44.1075 -2.1923
    endloop
  endfacet
  facet normal 0.475778 0.824072 0.307474
    outer loop
      vertex -22.662 47.9661 0.755413
      vertex 53.46 3.4809 2.1923
      vertex 53.7344 3.8586 0.755413
    endloop
  endfacet
  facet normal 0.475778 0.824072 0.307474
    outer loop
      vertex 53.46 3.4809 2.1923
      vertex -22.662 47.9661 0.755413
      vertex -22.9364 47.5884 2.1923
    endloop
  endfacet
  facet normal 0.432235 -0.848415 -0.305557
    outer loop
      vertex -22.662 -47.9661 -0.755413
      vertex -24.1359 -48.1995 -2.1923
      vertex -22.9364 -47.5884 -2.1923
    endloop
  endfacet
  facet normal 0.585242 -0.0926945 -0.805543
    outer loop
      vertex 54.1784 -1.05516 -3.41458
      vertex 53.0159 -0.677456 -4.30262
      vertex 53.1232 0 -4.30262
    endloop
  endfacet
  facet normal 0.527954 -0.269002 0.805545
    outer loop
      vertex 54.1784 -1.05516 3.41458
      vertex 52.7045 -1.2886 4.30262
      vertex 53.6934 -2.00704 3.41458
    endloop
  endfacet
  facet normal 0.723902 -0.368841 0.583029
    outer loop
      vertex 54.1784 -1.05516 3.41458
      vertex 53.6934 -2.00704 3.41458
      vertex 55.023 -1.32958 2.1923
    endloop
  endfacet
  facet normal 0.940455 0.148931 0.305555
    outer loop
      vertex 55.467 1.47385 0.755413
      vertex 55.023 1.32958 2.1923
      vertex 55.7004 0 0.755413
    endloop
  endfacet
  facet normal 0.14896 -0.940441 0.305585
    outer loop
      vertex -25.4655 -48.4101 2.1923
      vertex -25.4655 -48.877 0.755413
      vertex -24.1359 -48.1995 2.1923
    endloop
  endfacet
  facet normal 0.940459 -0.148965 0.305526
    outer loop
      vertex 55.2336 0 2.1923
      vertex 55.023 -1.32958 2.1923
      vertex 55.7004 0 0.755413
    endloop
  endfacet
  facet normal 0.141847 0.278397 -0.949934
    outer loop
      vertex -1.12587 5.9556 -28.4474
      vertex -2.18104 4.90043 -28.9142
      vertex -1.73702 6.26699 -28.4474
    endloop
  endfacet
  facet normal 0.419014 -0.419014 0.805515
    outer loop
      vertex 6.60255 -1.2886 28.4474
      vertex 6.83599 -2.76245 27.5593
      vertex 7.5914 -2.00704 27.5593
    endloop
  endfacet
  facet normal 0.419014 -0.419014 0.805515
    outer loop
      vertex 6.83599 -2.76245 27.5593
      vertex 6.60255 -1.2886 28.4474
      vertex 6.11755 -1.7736 28.4474
    endloop
  endfacet
  facet normal 0.432235 0.848415 0.305557
    outer loop
      vertex -22.662 47.9661 0.755413
      vertex -24.1359 48.1995 2.1923
      vertex -22.9364 47.5884 2.1923
    endloop
  endfacet
  facet normal 0.361649 -0.626396 -0.690535
    outer loop
      vertex 52.938 -2.76245 -3.41458
      vertex -23.4584 -46.8699 -3.41458
      vertex 6.83599 -2.76245 -27.5593
    endloop
  endfacet
  facet normal 0.453956 -0.891024 0
    outer loop
      vertex -23.9916 -48.6435 -0.755413
      vertex -22.662 -47.9661 0.755413
      vertex -23.9916 -48.6435 0.755413
    endloop
  endfacet
  facet normal 0.453956 -0.891024 0
    outer loop
      vertex -22.662 -47.9661 0.755413
      vertex -23.9916 -48.6435 -0.755413
      vertex -22.662 -47.9661 -0.755413
    endloop
  endfacet
  facet normal -0.585281 0.0926989 0.805514
    outer loop
      vertex -5.66193 5.23715 27.5593
      vertex -5.82905 4.18199 27.5593
      vertex -4.60677 4.18199 28.4474
    endloop
  endfacet
  facet normal 0.5 -0.866025 0
    outer loop
      vertex -22.662 -47.9661 -0.755413
      vertex 53.7344 -3.8586 0.755413
      vertex -22.662 -47.9661 0.755413
    endloop
  endfacet
  facet normal 0.5 -0.866025 0
    outer loop
      vertex 53.7344 -3.8586 0.755413
      vertex -22.662 -47.9661 -0.755413
      vertex 53.7344 -3.8586 -0.755413
    endloop
  endfacet
  facet normal 0.574523 -0.574475 0.583011
    outer loop
      vertex 53.6934 -2.00704 3.41458
      vertex 53.46 -3.4809 2.1923
      vertex 54.4118 -2.52902 2.1923
    endloop
  endfacet
  facet normal 0.574494 -0.574486 0.583029
    outer loop
      vertex 53.46 -3.4809 2.1923
      vertex 53.6934 -2.00704 3.41458
      vertex 52.938 -2.76245 3.41458
    endloop
  endfacet
  facet normal 0.940459 0.148965 -0.305526
    outer loop
      vertex 55.2336 0 -2.1923
      vertex 55.023 1.32958 -2.1923
      vertex 55.7004 0 -0.755413
    endloop
  endfacet
  facet normal 0.361649 0.626396 0.690535
    outer loop
      vertex 52.938 2.76245 3.41458
      vertex -23.4584 46.8699 3.41458
      vertex 6.83599 2.76245 27.5593
    endloop
  endfacet
  facet normal 0.0926937 0.585275 0.805519
    outer loop
      vertex -24.4103 47.3549 3.41458
      vertex -25.4655 46.2998 4.30262
      vertex -24.788 46.1925 4.30262
    endloop
  endfacet
  facet normal 0.673305 0.673267 0.305567
    outer loop
      vertex 53.7344 3.8586 0.755413
      vertex 54.4118 2.52902 2.1923
      vertex 54.7895 2.80344 0.755413
    endloop
  endfacet
  facet normal 0.673317 0.673261 0.305556
    outer loop
      vertex 54.4118 2.52902 2.1923
      vertex 53.7344 3.8586 0.755413
      vertex 53.46 3.4809 2.1923
    endloop
  endfacet
  facet normal -0.574482 -0.574482 0.583045
    outer loop
      vertex -28.2279 -46.1145 3.41458
      vertex -27.9945 -47.5884 2.1923
      vertex -27.4725 -46.8699 3.41458
    endloop
  endfacet
  facet normal -0.574482 -0.574482 0.583045
    outer loop
      vertex -27.9945 -47.5884 2.1923
      vertex -28.2279 -46.1145 3.41458
      vertex -28.9464 -46.6365 2.1923
    endloop
  endfacet
  facet normal 0.361649 -0.626396 0.690535
    outer loop
      vertex 6.83599 -2.76245 27.5593
      vertex -23.4584 -46.8699 3.41458
      vertex 52.938 -2.76245 3.41458
    endloop
  endfacet
  facet normal -0.940445 -0.148999 -0.305552
    outer loop
      vertex -30.0015 -45.5813 -0.755413
      vertex -30.235 -44.1075 -0.755413
      vertex -29.5575 -45.4371 -2.1923
    endloop
  endfacet
  facet normal 0.707127 0.707087 -0
    outer loop
      vertex 54.7895 2.80344 -0.755413
      vertex 53.7344 3.8586 0.755413
      vertex 54.7895 2.80344 0.755413
    endloop
  endfacet
  facet normal 0.707127 0.707087 0
    outer loop
      vertex 53.7344 3.8586 0.755413
      vertex 54.7895 2.80344 -0.755413
      vertex 53.7344 3.8586 -0.755413
    endloop
  endfacet
  facet normal 0.294962 0.510889 -0.807459
    outer loop
      vertex 6.11755 1.7736 -28.4474
      vertex -0.407434 6.94444 -27.5593
      vertex 6.83599 2.76245 -27.5593
    endloop
  endfacet
  facet normal 0.294964 0.510891 -0.807457
    outer loop
      vertex -0.407434 6.94444 -27.5593
      vertex 6.11755 1.7736 -28.4474
      vertex -1.12587 5.9556 -28.4474
    endloop
  endfacet
  facet normal 0.142646 -0.571189 -0.808328
    outer loop
      vertex -24.788 -46.1925 -4.30262
      vertex -1.35931 -7.42945 -27.5593
      vertex -24.4103 -47.3549 -3.41458
    endloop
  endfacet
  facet normal 0.142657 -0.571193 -0.808324
    outer loop
      vertex -1.35931 -7.42945 -27.5593
      vertex -24.788 -46.1925 -4.30262
      vertex -1.73702 -6.26699 -28.4474
    endloop
  endfacet
  facet normal -0.527987 0.269013 0.805519
    outer loop
      vertex -28.2279 46.1145 3.41458
      vertex -28.7129 45.1626 3.41458
      vertex -27.2391 45.3961 4.30262
    endloop
  endfacet
  facet normal 0.432243 0.848407 -0.305567
    outer loop
      vertex -22.662 47.9661 -0.755413
      vertex -24.1359 48.1995 -2.1923
      vertex -23.9916 48.6435 -0.755413
    endloop
  endfacet
  facet normal -0.269013 0.527987 0.805519
    outer loop
      vertex -26.5206 47.3549 3.41458
      vertex -27.4725 46.8699 3.41458
      vertex -26.7541 45.8811 4.30262
    endloop
  endfacet
  facet normal 0.707127 -0.707087 0
    outer loop
      vertex 53.7344 -3.8586 -0.755413
      vertex 54.7895 -2.80344 0.755413
      vertex 53.7344 -3.8586 0.755413
    endloop
  endfacet
  facet normal 0.707127 -0.707087 0
    outer loop
      vertex 54.7895 -2.80344 0.755413
      vertex 53.7344 -3.8586 -0.755413
      vertex 54.7895 -2.80344 -0.755413
    endloop
  endfacet
  facet normal 0.802436 0.127103 -0.583045
    outer loop
      vertex 55.2336 0 -2.1923
      vertex 54.3455 0 -3.41458
      vertex 55.023 1.32958 -2.1923
    endloop
  endfacet
  facet normal 0.673317 -0.673261 0.305556
    outer loop
      vertex 53.7344 -3.8586 0.755413
      vertex 54.4118 -2.52902 2.1923
      vertex 53.46 -3.4809 2.1923
    endloop
  endfacet
  facet normal 0.673305 -0.673267 0.305567
    outer loop
      vertex 54.4118 -2.52902 2.1923
      vertex 53.7344 -3.8586 0.755413
      vertex 54.7895 -2.80344 0.755413
    endloop
  endfacet
  facet normal 0.848383 -0.432298 -0.305556
    outer loop
      vertex 55.467 -1.47385 -0.755413
      vertex 54.7895 -2.80344 -0.755413
      vertex 55.023 -1.32958 -2.1923
    endloop
  endfacet
  facet normal -0.723894 0.368828 -0.583046
    outer loop
      vertex -28.2279 46.1145 -3.41458
      vertex -29.5575 45.4371 -2.1923
      vertex -28.9464 46.6365 -2.1923
    endloop
  endfacet
  facet normal 0.405271 0.701949 0.585682
    outer loop
      vertex -22.9364 47.5884 2.1923
      vertex 52.938 2.76245 3.41458
      vertex 53.46 3.4809 2.1923
    endloop
  endfacet
  facet normal 0.405264 0.701938 0.5857
    outer loop
      vertex 52.938 2.76245 3.41458
      vertex -22.9364 47.5884 2.1923
      vertex -23.4584 46.8699 3.41458
    endloop
  endfacet
  facet normal 0.940455 0.148931 -0.305555
    outer loop
      vertex 55.7004 0 -0.755413
      vertex 55.023 1.32958 -2.1923
      vertex 55.467 1.47385 -0.755413
    endloop
  endfacet
  facet normal 0.987692 0.156412 0
    outer loop
      vertex 55.7004 0 0.755413
      vertex 55.467 1.47385 -0.755413
      vertex 55.467 1.47385 0.755413
    endloop
  endfacet
  facet normal 0.987692 0.156412 0
    outer loop
      vertex 55.467 1.47385 -0.755413
      vertex 55.7004 0 0.755413
      vertex 55.7004 0 -0.755413
    endloop
  endfacet
  facet normal 0.475778 0.824072 -0.307474
    outer loop
      vertex 53.46 3.4809 -2.1923
      vertex -22.662 47.9661 -0.755413
      vertex 53.7344 3.8586 -0.755413
    endloop
  endfacet
  facet normal 0.475778 0.824072 -0.307474
    outer loop
      vertex -22.662 47.9661 -0.755413
      vertex 53.46 3.4809 -2.1923
      vertex -22.9364 47.5884 -2.1923
    endloop
  endfacet
  facet normal 0.574523 0.574475 0.583011
    outer loop
      vertex 53.46 3.4809 2.1923
      vertex 53.6934 2.00704 3.41458
      vertex 54.4118 2.52902 2.1923
    endloop
  endfacet
  facet normal 0.574494 0.574486 0.583029
    outer loop
      vertex 53.6934 2.00704 3.41458
      vertex 53.46 3.4809 2.1923
      vertex 52.938 2.76245 3.41458
    endloop
  endfacet
  facet normal 0.802436 0.127103 0.583045
    outer loop
      vertex 55.023 1.32958 2.1923
      vertex 54.3455 0 3.41458
      vertex 55.2336 0 2.1923
    endloop
  endfacet
  facet normal 0.802436 -0.127103 0.583045
    outer loop
      vertex 55.2336 0 2.1923
      vertex 54.3455 0 3.41458
      vertex 55.023 -1.32958 2.1923
    endloop
  endfacet
  facet normal 0.940459 0.148965 0.305526
    outer loop
      vertex 55.7004 0 0.755413
      vertex 55.023 1.32958 2.1923
      vertex 55.2336 0 2.1923
    endloop
  endfacet
  facet normal 0.432235 0.848415 -0.305557
    outer loop
      vertex -22.9364 47.5884 -2.1923
      vertex -24.1359 48.1995 -2.1923
      vertex -22.662 47.9661 -0.755413
    endloop
  endfacet
  facet normal -0.8484 0.432264 0.305559
    outer loop
      vertex -29.3241 46.9109 0.755413
      vertex -29.5575 45.4371 2.1923
      vertex -28.9464 46.6365 2.1923
    endloop
  endfacet
  facet normal -0.585281 0.0926989 -0.805514
    outer loop
      vertex -4.60677 4.18199 -28.4474
      vertex -5.82905 4.18199 -27.5593
      vertex -5.66193 5.23715 -27.5593
    endloop
  endfacet
  facet normal -0.987681 -0.156482 0
    outer loop
      vertex -30.0015 -45.5813 -0.755413
      vertex -30.235 -44.1075 0.755413
      vertex -30.235 -44.1075 -0.755413
    endloop
  endfacet
  facet normal -0.987681 -0.156482 0
    outer loop
      vertex -30.235 -44.1075 0.755413
      vertex -30.0015 -45.5813 -0.755413
      vertex -30.0015 -45.5813 0.755413
    endloop
  endfacet
  facet normal -0.368836 0.723907 0.583026
    outer loop
      vertex -26.795 48.1995 2.1923
      vertex -27.4725 46.8699 3.41458
      vertex -26.5206 47.3549 3.41458
    endloop
  endfacet
  facet normal -0.41901 0.41901 0.805519
    outer loop
      vertex -27.4725 46.8699 3.41458
      vertex -27.2391 45.3961 4.30262
      vertex -26.7541 45.8811 4.30262
    endloop
  endfacet
  facet normal -0.41901 0.41901 0.805519
    outer loop
      vertex -27.2391 45.3961 4.30262
      vertex -27.4725 46.8699 3.41458
      vertex -28.2279 46.1145 3.41458
    endloop
  endfacet
  facet normal 0.361649 0.626396 0.690535
    outer loop
      vertex 6.83599 2.76245 27.5593
      vertex -23.4584 46.8699 3.41458
      vertex -0.407434 6.94444 27.5593
    endloop
  endfacet
  facet normal 0.0927343 0.585247 0.805535
    outer loop
      vertex -25.4655 47.5221 3.41458
      vertex -25.4655 46.2998 4.30262
      vertex -24.4103 47.3549 3.41458
    endloop
  endfacet
  facet normal 0.142646 0.571189 0.808328
    outer loop
      vertex -24.788 46.1925 4.30262
      vertex -1.35931 7.42945 27.5593
      vertex -24.4103 47.3549 3.41458
    endloop
  endfacet
  facet normal 0.142657 0.571193 0.808324
    outer loop
      vertex -1.35931 7.42945 27.5593
      vertex -24.788 46.1925 4.30262
      vertex -1.73702 6.26699 28.4474
    endloop
  endfacet
  facet normal -0.527988 0.269004 0.805522
    outer loop
      vertex -27.2391 45.3961 4.30262
      vertex -28.7129 45.1626 3.41458
      vertex -27.5505 44.7849 4.30262
    endloop
  endfacet
  facet normal 0.405264 -0.701938 0.5857
    outer loop
      vertex -22.9364 -47.5884 2.1923
      vertex 52.938 -2.76245 3.41458
      vertex -23.4584 -46.8699 3.41458
    endloop
  endfacet
  facet normal 0.405271 -0.701949 0.585682
    outer loop
      vertex 52.938 -2.76245 3.41458
      vertex -22.9364 -47.5884 2.1923
      vertex 53.46 -3.4809 2.1923
    endloop
  endfacet
  facet normal 0.361649 -0.626396 0.690535
    outer loop
      vertex -0.407434 -6.94444 27.5593
      vertex -23.4584 -46.8699 3.41458
      vertex 6.83599 -2.76245 27.5593
    endloop
  endfacet
  facet normal 0.585242 -0.0926945 0.805543
    outer loop
      vertex 53.1232 0 4.30262
      vertex 53.0159 -0.677456 4.30262
      vertex 54.1784 -1.05516 3.41458
    endloop
  endfacet
  facet normal 0.141848 0.278396 0.949934
    outer loop
      vertex -1.12587 5.9556 28.4474
      vertex -2.18104 4.90043 28.9142
      vertex -1.97045 4.79313 28.9142
    endloop
  endfacet
  facet normal -0.585281 -0.0926989 0.805514
    outer loop
      vertex -4.60677 -4.18199 28.4474
      vertex -5.82905 -4.18199 27.5593
      vertex -5.66193 -5.23715 27.5593
    endloop
  endfacet
  facet normal 0.475778 -0.824072 -0.307474
    outer loop
      vertex 53.46 -3.4809 -2.1923
      vertex -22.662 -47.9661 -0.755413
      vertex -22.9364 -47.5884 -2.1923
    endloop
  endfacet
  facet normal 0.475778 -0.824072 -0.307474
    outer loop
      vertex -22.662 -47.9661 -0.755413
      vertex 53.46 -3.4809 -2.1923
      vertex 53.7344 -3.8586 -0.755413
    endloop
  endfacet
  facet normal 0.422075 0.415182 -0.805901
    outer loop
      vertex 50.4942 1.2886 -5.46022
      vertex 53.6934 2.00704 -3.41458
      vertex 52.7045 1.2886 -4.30262
    endloop
  endfacet
  facet normal 0.422072 0.415189 -0.805899
    outer loop
      vertex 50.2234 1.42658 -5.53096
      vertex 53.6934 2.00704 -3.41458
      vertex 50.4942 1.2886 -5.46022
    endloop
  endfacet
  facet normal 0.422084 0.415155 -0.80591
    outer loop
      vertex 49.7599 1.5 -5.73589
      vertex 53.6934 2.00704 -3.41458
      vertex 50.2234 1.42658 -5.53096
    endloop
  endfacet
  facet normal 0.422063 0.415218 -0.805889
    outer loop
      vertex 49.7599 1.5 -5.73589
      vertex 7.5914 2.00704 -27.5593
      vertex 53.6934 2.00704 -3.41458
    endloop
  endfacet
  facet normal 0.422037 0.415351 -0.805834
    outer loop
      vertex 49.2964 1.42658 -6.01648
      vertex 7.5914 2.00704 -27.5593
      vertex 49.7599 1.5 -5.73589
    endloop
  endfacet
  facet normal 0.422108 0.414992 -0.805982
    outer loop
      vertex 49.0255 1.2886 -6.2294
      vertex 7.5914 2.00704 -27.5593
      vertex 49.2964 1.42658 -6.01648
    endloop
  endfacet
  facet normal 0.422054 0.415266 -0.805869
    outer loop
      vertex 7.5914 2.00704 -27.5593
      vertex 49.0255 1.2886 -6.2294
      vertex 6.60255 1.2886 -28.4474
    endloop
  endfacet
  facet normal -0.585281 -0.0926989 -0.805514
    outer loop
      vertex -5.66193 -5.23715 -27.5593
      vertex -5.82905 -4.18199 -27.5593
      vertex -4.60677 -4.18199 -28.4474
    endloop
  endfacet
  facet normal 0.361649 0.626396 -0.690535
    outer loop
      vertex -0.407434 6.94444 -27.5593
      vertex -23.4584 46.8699 -3.41458
      vertex 6.83599 2.76245 -27.5593
    endloop
  endfacet
  facet normal -0.723894 0.368829 -0.583045
    outer loop
      vertex -28.7129 45.1626 -3.41458
      vertex -29.5575 45.4371 -2.1923
      vertex -28.2279 46.1145 -3.41458
    endloop
  endfacet
  facet normal -0.574482 0.574482 -0.583045
    outer loop
      vertex -28.2279 46.1145 -3.41458
      vertex -27.9945 47.5884 -2.1923
      vertex -27.4725 46.8699 -3.41458
    endloop
  endfacet
  facet normal -0.574482 0.574482 -0.583045
    outer loop
      vertex -27.9945 47.5884 -2.1923
      vertex -28.2279 46.1145 -3.41458
      vertex -28.9464 46.6365 -2.1923
    endloop
  endfacet
  facet normal -0.802436 -0.127101 -0.583045
    outer loop
      vertex -29.5575 -45.4371 -2.1923
      vertex -29.7681 -44.1075 -2.1923
      vertex -28.88 -44.1075 -3.41458
    endloop
  endfacet
  facet normal 0.278395 0.141852 -0.949934
    outer loop
      vertex 5.54739 0.233436 -28.9142
      vertex 5.44009 0.44402 -28.9142
      vertex 6.60255 1.2886 -28.4474
    endloop
  endfacet
  facet normal 0.940455 -0.148931 0.305555
    outer loop
      vertex 55.7004 0 0.755413
      vertex 55.023 -1.32958 2.1923
      vertex 55.467 -1.47385 0.755413
    endloop
  endfacet
  facet normal 0.848383 -0.432298 0.305556
    outer loop
      vertex 55.023 -1.32958 2.1923
      vertex 54.7895 -2.80344 0.755413
      vertex 55.467 -1.47385 0.755413
    endloop
  endfacet
  facet normal 0.890996 0.454012 0
    outer loop
      vertex 55.467 1.47385 0.755413
      vertex 54.7895 2.80344 -0.755413
      vertex 54.7895 2.80344 0.755413
    endloop
  endfacet
  facet normal 0.890996 0.454012 0
    outer loop
      vertex 54.7895 2.80344 -0.755413
      vertex 55.467 1.47385 0.755413
      vertex 55.467 1.47385 -0.755413
    endloop
  endfacet
  facet normal 0.987692 -0.156412 0
    outer loop
      vertex 55.467 -1.47385 0.755413
      vertex 55.7004 0 -0.755413
      vertex 55.7004 0 0.755413
    endloop
  endfacet
  facet normal 0.987692 -0.156412 0
    outer loop
      vertex 55.7004 0 -0.755413
      vertex 55.467 -1.47385 0.755413
      vertex 55.467 -1.47385 -0.755413
    endloop
  endfacet
  facet normal 0.462709 -0.073287 0.883476
    outer loop
      vertex 51.2599 0 5.2785
      vertex 53.0159 -0.677456 4.30262
      vertex 53.1232 0 4.30262
    endloop
  endfacet
  facet normal 0.462714 -0.0732716 0.883474
    outer loop
      vertex 51.1865 -0.463525 5.2785
      vertex 53.0159 -0.677456 4.30262
      vertex 51.2599 0 5.2785
    endloop
  endfacet
  facet normal 0.462717 -0.0732544 0.883474
    outer loop
      vertex 53.0159 -0.677456 4.30262
      vertex 51.1865 -0.463525 5.2785
      vertex 51.0775 -0.677456 5.31785
    endloop
  endfacet
  facet normal 0.4627 -0.0733021 0.883479
    outer loop
      vertex 7.02124 0 28.4474
      vertex 48.3333 -0.463525 6.77278
      vertex 48.2599 0 6.84968
    endloop
  endfacet
  facet normal 0.462701 -0.0732857 0.88348
    outer loop
      vertex 6.91394 -0.677456 28.4474
      vertex 48.3333 -0.463525 6.77278
      vertex 7.02124 0 28.4474
    endloop
  endfacet
  facet normal 0.462701 -0.073278 0.883481
    outer loop
      vertex 48.3333 -0.463525 6.77278
      vertex 6.91394 -0.677456 28.4474
      vertex 48.4423 -0.677456 6.69795
    endloop
  endfacet
  facet normal 0.42086 -0.420854 0.803591
    outer loop
      vertex 7.5914 -2.00704 27.5593
      vertex 52.938 -2.76245 3.41458
      vertex 53.6934 -2.00704 3.41458
    endloop
  endfacet
  facet normal 0.420859 -0.420859 0.803589
    outer loop
      vertex 52.938 -2.76245 3.41458
      vertex 7.5914 -2.00704 27.5593
      vertex 6.83599 -2.76245 27.5593
    endloop
  endfacet
  facet normal 0.278398 -0.141849 0.949933
    outer loop
      vertex 6.91394 -0.677456 28.4474
      vertex 5.54739 -0.233436 28.9142
      vertex 6.60255 -1.2886 28.4474
    endloop
  endfacet
  facet normal 0.848375 0.432307 0.305567
    outer loop
      vertex 54.7895 2.80344 0.755413
      vertex 54.4118 2.52902 2.1923
      vertex 55.023 1.32958 2.1923
    endloop
  endfacet
  facet normal 0.848383 0.432298 0.305556
    outer loop
      vertex 55.467 1.47385 0.755413
      vertex 54.7895 2.80344 0.755413
      vertex 55.023 1.32958 2.1923
    endloop
  endfacet
  facet normal -0.723894 0.368828 0.583046
    outer loop
      vertex -28.9464 46.6365 2.1923
      vertex -29.5575 45.4371 2.1923
      vertex -28.2279 46.1145 3.41458
    endloop
  endfacet
  facet normal 0.453956 0.891024 -0
    outer loop
      vertex -22.662 47.9661 -0.755413
      vertex -23.9916 48.6435 0.755413
      vertex -22.662 47.9661 0.755413
    endloop
  endfacet
  facet normal 0.453956 0.891024 0
    outer loop
      vertex -23.9916 48.6435 0.755413
      vertex -22.662 47.9661 -0.755413
      vertex -23.9916 48.6435 -0.755413
    endloop
  endfacet
  facet normal -0.156482 0.987681 0
    outer loop
      vertex -25.4655 48.877 -0.755413
      vertex -26.9393 48.6435 0.755413
      vertex -25.4655 48.877 0.755413
    endloop
  endfacet
  facet normal -0.156482 0.987681 0
    outer loop
      vertex -26.9393 48.6435 0.755413
      vertex -25.4655 48.877 -0.755413
      vertex -26.9393 48.6435 -0.755413
    endloop
  endfacet
  facet normal 0.368804 0.723908 -0.583044
    outer loop
      vertex -23.4584 46.8699 -3.41458
      vertex -24.1359 48.1995 -2.1923
      vertex -22.9364 47.5884 -2.1923
    endloop
  endfacet
  facet normal 0.368836 0.723907 -0.583026
    outer loop
      vertex -23.4584 46.8699 -3.41458
      vertex -24.4103 47.3549 -3.41458
      vertex -24.1359 48.1995 -2.1923
    endloop
  endfacet
  facet normal -0.278401 -0.141845 -0.949933
    outer loop
      vertex -3.02562 -4.62601 -28.9142
      vertex -4.18808 -5.47059 -28.4474
      vertex -3.13291 -4.41543 -28.9142
    endloop
  endfacet
  facet normal -0.7233 0 -0.690534
    outer loop
      vertex -5.82905 -4.18199 -27.5593
      vertex -28.88 44.1075 -3.41458
      vertex -5.82905 4.18199 -27.5593
    endloop
  endfacet
  facet normal -0.7233 -0 -0.690534
    outer loop
      vertex -28.88 44.1075 -3.41458
      vertex -5.82905 -4.18199 -27.5593
      vertex -28.88 -44.1075 -3.41458
    endloop
  endfacet
  facet normal 0.269019 0.52799 0.805516
    outer loop
      vertex -1.35931 7.42945 27.5593
      vertex -1.73702 6.26699 28.4474
      vertex -1.12587 5.9556 28.4474
    endloop
  endfacet
  facet normal 0.58525 0.0926828 0.805539
    outer loop
      vertex 54.1784 1.05516 3.41458
      vertex 53.1232 0 4.30262
      vertex 54.3455 0 3.41458
    endloop
  endfacet
  facet normal -0.432243 0.848407 0.305567
    outer loop
      vertex -26.9393 48.6435 0.755413
      vertex -28.2689 47.9661 0.755413
      vertex -26.795 48.1995 2.1923
    endloop
  endfacet
  facet normal 0.14896 0.940441 0.305585
    outer loop
      vertex -25.4655 48.877 0.755413
      vertex -25.4655 48.4101 2.1923
      vertex -24.1359 48.1995 2.1923
    endloop
  endfacet
  facet normal -0.0927068 0.585271 0.80552
    outer loop
      vertex -25.4655 46.2998 4.30262
      vertex -26.5206 47.3549 3.41458
      vertex -26.1429 46.1925 4.30262
    endloop
  endfacet
  facet normal -0.471953 0.240455 0.848199
    outer loop
      vertex -27.5505 44.7849 4.30262
      vertex -26.2539 43.6898 5.33452
      vertex -27.2391 45.3961 4.30262
    endloop
  endfacet
  facet normal -0.47197 0.240432 0.848196
    outer loop
      vertex -26.2539 43.6898 5.33452
      vertex -27.5505 44.7849 4.30262
      vertex -26.3717 43.2501 5.39361
    endloop
  endfacet
  facet normal -0.472469 0.240055 0.848025
    outer loop
      vertex -26.3472 42.7815 5.54014
      vertex -27.5505 44.7849 4.30262
      vertex -26.2547 42.5407 5.65984
    endloop
  endfacet
  facet normal -0.471825 0.240573 0.848237
    outer loop
      vertex -26.3717 43.2501 5.39361
      vertex -27.5505 44.7849 4.30262
      vertex -26.3472 42.7815 5.54014
    endloop
  endfacet
  facet normal -0.471946 0.240467 0.8482
    outer loop
      vertex -25.0504 41.6052 6.59514
      vertex -4.49947 4.85945 28.4474
      vertex -4.18808 5.47059 28.4474
    endloop
  endfacet
  facet normal -0.471995 0.24043 0.848183
    outer loop
      vertex -25.49 41.723 6.31712
      vertex -4.49947 4.85945 28.4474
      vertex -25.0504 41.6052 6.59514
    endloop
  endfacet
  facet normal -0.471928 0.240482 0.848205
    outer loop
      vertex -25.8836 41.9786 6.02566
      vertex -4.49947 4.85945 28.4474
      vertex -25.49 41.723 6.31712
    endloop
  endfacet
  facet normal -0.471413 0.240882 0.848378
    outer loop
      vertex -4.49947 4.85945 28.4474
      vertex -25.8836 41.9786 6.02566
      vertex -26.046 42.179 5.87852
    endloop
  endfacet
  facet normal 0.7239 -0.368879 0.583007
    outer loop
      vertex 55.023 -1.32958 2.1923
      vertex 53.6934 -2.00704 3.41458
      vertex 54.4118 -2.52902 2.1923
    endloop
  endfacet
  facet normal 0.723902 0.368841 0.583029
    outer loop
      vertex 55.023 1.32958 2.1923
      vertex 53.6934 2.00704 3.41458
      vertex 54.1784 1.05516 3.41458
    endloop
  endfacet
  facet normal 0.585242 0.0926945 0.805543
    outer loop
      vertex 54.1784 1.05516 3.41458
      vertex 53.0159 0.677456 4.30262
      vertex 53.1232 0 4.30262
    endloop
  endfacet
  facet normal -0.631804 0.100061 0.768643
    outer loop
      vertex -28.88 44.1075 3.41458
      vertex -5.66193 5.23715 27.5593
      vertex -28.7129 45.1626 3.41458
    endloop
  endfacet
  facet normal -0.631798 0.100066 0.768647
    outer loop
      vertex -5.66193 5.23715 27.5593
      vertex -28.88 44.1075 3.41458
      vertex -5.82905 4.18199 27.5593
    endloop
  endfacet
  facet normal -0.7233 0 0.690534
    outer loop
      vertex -28.88 44.1075 3.41458
      vertex -5.82905 -4.18199 27.5593
      vertex -5.82905 4.18199 27.5593
    endloop
  endfacet
  facet normal -0.7233 0 0.690534
    outer loop
      vertex -5.82905 -4.18199 27.5593
      vertex -28.88 44.1075 3.41458
      vertex -28.88 -44.1075 3.41458
    endloop
  endfacet
  facet normal -0.127115 -0.802466 0.583001
    outer loop
      vertex -25.4655 -47.5221 3.41458
      vertex -26.795 -48.1995 2.1923
      vertex -25.4655 -48.4101 2.1923
    endloop
  endfacet
  facet normal 0.432243 -0.848407 0.305567
    outer loop
      vertex -22.662 -47.9661 0.755413
      vertex -24.1359 -48.1995 2.1923
      vertex -23.9916 -48.6435 0.755413
    endloop
  endfacet
  facet normal 0.148988 -0.940444 0.305561
    outer loop
      vertex -24.1359 -48.1995 2.1923
      vertex -25.4655 -48.877 0.755413
      vertex -23.9916 -48.6435 0.755413
    endloop
  endfacet
  facet normal 0.368804 -0.723908 0.583044
    outer loop
      vertex -23.4584 -46.8699 3.41458
      vertex -24.1359 -48.1995 2.1923
      vertex -22.9364 -47.5884 2.1923
    endloop
  endfacet
  facet normal 0.432235 -0.848415 0.305557
    outer loop
      vertex -22.9364 -47.5884 2.1923
      vertex -24.1359 -48.1995 2.1923
      vertex -22.662 -47.9661 0.755413
    endloop
  endfacet
  facet normal 0.940455 -0.148931 -0.305555
    outer loop
      vertex 55.467 -1.47385 -0.755413
      vertex 55.023 -1.32958 -2.1923
      vertex 55.7004 0 -0.755413
    endloop
  endfacet
  facet normal 0.269027 -0.52799 -0.805513
    outer loop
      vertex -0.407434 -6.94444 -27.5593
      vertex -1.35931 -7.42945 -27.5593
      vertex -1.12587 -5.9556 -28.4474
    endloop
  endfacet
  facet normal 0.361649 -0.626396 -0.690535
    outer loop
      vertex 6.83599 -2.76245 -27.5593
      vertex -23.4584 -46.8699 -3.41458
      vertex -0.407434 -6.94444 -27.5593
    endloop
  endfacet
  facet normal 0.269019 0.52799 -0.805516
    outer loop
      vertex -1.12587 5.9556 -28.4474
      vertex -1.73702 6.26699 -28.4474
      vertex -1.35931 7.42945 -27.5593
    endloop
  endfacet
  facet normal -0.148998 0.940442 -0.305561
    outer loop
      vertex -26.795 48.1995 -2.1923
      vertex -26.9393 48.6435 -0.755413
      vertex -25.4655 48.877 -0.755413
    endloop
  endfacet
  facet normal -0.453956 0.891024 0
    outer loop
      vertex -26.9393 48.6435 -0.755413
      vertex -28.2689 47.9661 0.755413
      vertex -26.9393 48.6435 0.755413
    endloop
  endfacet
  facet normal -0.453956 0.891024 0
    outer loop
      vertex -28.2689 47.9661 0.755413
      vertex -26.9393 48.6435 -0.755413
      vertex -28.2689 47.9661 -0.755413
    endloop
  endfacet
  facet normal -0.527988 0.269004 -0.805522
    outer loop
      vertex -27.5505 44.7849 -4.30262
      vertex -28.7129 45.1626 -3.41458
      vertex -27.2391 45.3961 -4.30262
    endloop
  endfacet
  facet normal 0.314679 0.617585 -0.720809
    outer loop
      vertex -1.35931 7.42945 -27.5593
      vertex -23.4584 46.8699 -3.41458
      vertex -0.407434 6.94444 -27.5593
    endloop
  endfacet
  facet normal 0.314663 0.617582 -0.720819
    outer loop
      vertex -23.4584 46.8699 -3.41458
      vertex -1.35931 7.42945 -27.5593
      vertex -24.4103 47.3549 -3.41458
    endloop
  endfacet
  facet normal -0.802446 -0.127086 -0.583034
    outer loop
      vertex -28.7129 -45.1626 -3.41458
      vertex -29.5575 -45.4371 -2.1923
      vertex -28.88 -44.1075 -3.41458
    endloop
  endfacet
  facet normal -0.802436 0.127101 -0.583045
    outer loop
      vertex -28.88 44.1075 -3.41458
      vertex -29.7681 44.1075 -2.1923
      vertex -29.5575 45.4371 -2.1923
    endloop
  endfacet
  facet normal 0.5 0.866025 -0
    outer loop
      vertex 53.7344 3.8586 -0.755413
      vertex -22.662 47.9661 0.755413
      vertex 53.7344 3.8586 0.755413
    endloop
  endfacet
  facet normal 0.5 0.866025 0
    outer loop
      vertex -22.662 47.9661 0.755413
      vertex 53.7344 3.8586 -0.755413
      vertex -22.662 47.9661 -0.755413
    endloop
  endfacet
  facet normal 0.723902 0.368841 -0.583029
    outer loop
      vertex 54.1784 1.05516 -3.41458
      vertex 53.6934 2.00704 -3.41458
      vertex 55.023 1.32958 -2.1923
    endloop
  endfacet
  facet normal 0.802452 0.12708 -0.583028
    outer loop
      vertex 54.3455 0 -3.41458
      vertex 54.1784 1.05516 -3.41458
      vertex 55.023 1.32958 -2.1923
    endloop
  endfacet
  facet normal 0.419014 0.419014 -0.805515
    outer loop
      vertex 6.60255 1.2886 -28.4474
      vertex 6.83599 2.76245 -27.5593
      vertex 7.5914 2.00704 -27.5593
    endloop
  endfacet
  facet normal 0.419014 0.419014 -0.805515
    outer loop
      vertex 6.83599 2.76245 -27.5593
      vertex 6.60255 1.2886 -28.4474
      vertex 6.11755 1.7736 -28.4474
    endloop
  endfacet
  facet normal 0.42086 0.420854 -0.803591
    outer loop
      vertex 7.5914 2.00704 -27.5593
      vertex 52.938 2.76245 -3.41458
      vertex 53.6934 2.00704 -3.41458
    endloop
  endfacet
  facet normal 0.420859 0.420859 -0.803589
    outer loop
      vertex 52.938 2.76245 -3.41458
      vertex 7.5914 2.00704 -27.5593
      vertex 6.83599 2.76245 -27.5593
    endloop
  endfacet
  facet normal 0.422075 -0.415182 0.805901
    outer loop
      vertex 50.4942 -1.2886 5.46022
      vertex 53.6934 -2.00704 3.41458
      vertex 52.7045 -1.2886 4.30262
    endloop
  endfacet
  facet normal 0.422072 -0.415189 0.805899
    outer loop
      vertex 50.2234 -1.42658 5.53096
      vertex 53.6934 -2.00704 3.41458
      vertex 50.4942 -1.2886 5.46022
    endloop
  endfacet
  facet normal 0.422084 -0.415155 0.80591
    outer loop
      vertex 49.7599 -1.5 5.73589
      vertex 53.6934 -2.00704 3.41458
      vertex 50.2234 -1.42658 5.53096
    endloop
  endfacet
  facet normal 0.422063 -0.415218 0.805889
    outer loop
      vertex 49.7599 -1.5 5.73589
      vertex 7.5914 -2.00704 27.5593
      vertex 53.6934 -2.00704 3.41458
    endloop
  endfacet
  facet normal 0.422037 -0.415351 0.805834
    outer loop
      vertex 49.2964 -1.42658 6.01648
      vertex 7.5914 -2.00704 27.5593
      vertex 49.7599 -1.5 5.73589
    endloop
  endfacet
  facet normal 0.422108 -0.414992 0.805982
    outer loop
      vertex 49.0255 -1.2886 6.2294
      vertex 7.5914 -2.00704 27.5593
      vertex 49.2964 -1.42658 6.01648
    endloop
  endfacet
  facet normal 0.422054 -0.415266 0.805869
    outer loop
      vertex 7.5914 -2.00704 27.5593
      vertex 49.0255 -1.2886 6.2294
      vertex 6.60255 -1.2886 28.4474
    endloop
  endfacet
  facet normal -0.278396 -0.141849 0.949934
    outer loop
      vertex -3.13291 -4.41543 28.9142
      vertex -4.49947 -4.85945 28.4474
      vertex -4.18808 -5.47059 28.4474
    endloop
  endfacet
  facet normal 0.58525 -0.0926828 0.805539
    outer loop
      vertex 54.3455 0 3.41458
      vertex 53.1232 0 4.30262
      vertex 54.1784 -1.05516 3.41458
    endloop
  endfacet
  facet normal 0.802452 -0.12708 0.583028
    outer loop
      vertex 54.3455 0 3.41458
      vertex 54.1784 -1.05516 3.41458
      vertex 55.023 -1.32958 2.1923
    endloop
  endfacet
  facet normal 0.802452 0.12708 0.583028
    outer loop
      vertex 55.023 1.32958 2.1923
      vertex 54.1784 1.05516 3.41458
      vertex 54.3455 0 3.41458
    endloop
  endfacet
  facet normal 0.673305 0.673267 -0.305567
    outer loop
      vertex 54.4118 2.52902 -2.1923
      vertex 53.7344 3.8586 -0.755413
      vertex 54.7895 2.80344 -0.755413
    endloop
  endfacet
  facet normal 0.673317 0.673261 -0.305556
    outer loop
      vertex 53.7344 3.8586 -0.755413
      vertex 54.4118 2.52902 -2.1923
      vertex 53.46 3.4809 -2.1923
    endloop
  endfacet
  facet normal -0.987681 0.156482 0
    outer loop
      vertex -30.235 44.1075 -0.755413
      vertex -30.0015 45.5813 0.755413
      vertex -30.0015 45.5813 -0.755413
    endloop
  endfacet
  facet normal -0.987681 0.156482 0
    outer loop
      vertex -30.0015 45.5813 0.755413
      vertex -30.235 44.1075 -0.755413
      vertex -30.235 44.1075 0.755413
    endloop
  endfacet
  facet normal -0.940445 0.148999 0.305552
    outer loop
      vertex -30.0015 45.5813 0.755413
      vertex -30.235 44.1075 0.755413
      vertex -29.5575 45.4371 2.1923
    endloop
  endfacet
  facet normal -0.848415 0.432247 0.30554
    outer loop
      vertex -29.3241 46.9109 0.755413
      vertex -30.0015 45.5813 0.755413
      vertex -29.5575 45.4371 2.1923
    endloop
  endfacet
  facet normal 0.148988 0.940444 -0.305561
    outer loop
      vertex -24.1359 48.1995 -2.1923
      vertex -25.4655 48.877 -0.755413
      vertex -23.9916 48.6435 -0.755413
    endloop
  endfacet
  facet normal 0.127106 0.802467 0.583001
    outer loop
      vertex -25.4655 48.4101 2.1923
      vertex -25.4655 47.5221 3.41458
      vertex -24.1359 48.1995 2.1923
    endloop
  endfacet
  facet normal 0.156472 0.987682 -0
    outer loop
      vertex -23.9916 48.6435 -0.755413
      vertex -25.4655 48.877 0.755413
      vertex -23.9916 48.6435 0.755413
    endloop
  endfacet
  facet normal 0.156472 0.987682 0
    outer loop
      vertex -25.4655 48.877 0.755413
      vertex -23.9916 48.6435 -0.755413
      vertex -25.4655 48.877 -0.755413
    endloop
  endfacet
  facet normal 0.422075 -0.415182 -0.805901
    outer loop
      vertex 53.6934 -2.00704 -3.41458
      vertex 50.4942 -1.2886 -5.46022
      vertex 52.7045 -1.2886 -4.30262
    endloop
  endfacet
  facet normal 0.422072 -0.415189 -0.805899
    outer loop
      vertex 53.6934 -2.00704 -3.41458
      vertex 50.2234 -1.42658 -5.53096
      vertex 50.4942 -1.2886 -5.46022
    endloop
  endfacet
  facet normal 0.422084 -0.415155 -0.80591
    outer loop
      vertex 53.6934 -2.00704 -3.41458
      vertex 49.7599 -1.5 -5.73589
      vertex 50.2234 -1.42658 -5.53096
    endloop
  endfacet
  facet normal 0.422063 -0.415218 -0.805889
    outer loop
      vertex 7.5914 -2.00704 -27.5593
      vertex 49.7599 -1.5 -5.73589
      vertex 53.6934 -2.00704 -3.41458
    endloop
  endfacet
  facet normal 0.422037 -0.415351 -0.805834
    outer loop
      vertex 7.5914 -2.00704 -27.5593
      vertex 49.2964 -1.42658 -6.01648
      vertex 49.7599 -1.5 -5.73589
    endloop
  endfacet
  facet normal 0.422108 -0.414992 -0.805982
    outer loop
      vertex 7.5914 -2.00704 -27.5593
      vertex 49.0255 -1.2886 -6.2294
      vertex 49.2964 -1.42658 -6.01648
    endloop
  endfacet
  facet normal 0.422054 -0.415266 -0.805869
    outer loop
      vertex 49.0255 -1.2886 -6.2294
      vertex 7.5914 -2.00704 -27.5593
      vertex 6.60255 -1.2886 -28.4474
    endloop
  endfacet
  facet normal -0.848415 -0.432247 0.30554
    outer loop
      vertex -29.5575 -45.4371 2.1923
      vertex -30.0015 -45.5813 0.755413
      vertex -29.3241 -46.9109 0.755413
    endloop
  endfacet
  facet normal -0.951051 0 -0.309033
    outer loop
      vertex -29.7681 -44.1075 -2.1923
      vertex -30.235 44.1075 -0.755413
      vertex -29.7681 44.1075 -2.1923
    endloop
  endfacet
  facet normal -0.951051 -0 -0.309033
    outer loop
      vertex -30.235 44.1075 -0.755413
      vertex -29.7681 -44.1075 -2.1923
      vertex -30.235 -44.1075 -0.755413
    endloop
  endfacet
  facet normal 0.269027 0.52799 0.805513
    outer loop
      vertex -0.407434 6.94444 27.5593
      vertex -1.35931 7.42945 27.5593
      vertex -1.12587 5.9556 28.4474
    endloop
  endfacet
  facet normal 0.294962 0.510889 0.807459
    outer loop
      vertex -0.407434 6.94444 27.5593
      vertex 6.11755 1.7736 28.4474
      vertex 6.83599 2.76245 27.5593
    endloop
  endfacet
  facet normal 0.294964 0.510891 0.807457
    outer loop
      vertex 6.11755 1.7736 28.4474
      vertex -0.407434 6.94444 27.5593
      vertex -1.12587 5.9556 28.4474
    endloop
  endfacet
  facet normal -0.278396 0.141849 0.949934
    outer loop
      vertex -4.18808 5.47059 28.4474
      vertex -4.49947 4.85945 28.4474
      vertex -3.13291 4.41543 28.9142
    endloop
  endfacet
  facet normal -0.574482 0.574482 0.583045
    outer loop
      vertex -27.9945 47.5884 2.1923
      vertex -28.2279 46.1145 3.41458
      vertex -27.4725 46.8699 3.41458
    endloop
  endfacet
  facet normal -0.574482 0.574482 0.583045
    outer loop
      vertex -28.2279 46.1145 3.41458
      vertex -27.9945 47.5884 2.1923
      vertex -28.9464 46.6365 2.1923
    endloop
  endfacet
  facet normal 0.368804 0.723908 0.583044
    outer loop
      vertex -22.9364 47.5884 2.1923
      vertex -24.1359 48.1995 2.1923
      vertex -23.4584 46.8699 3.41458
    endloop
  endfacet
  facet normal 0.314679 0.617585 0.720809
    outer loop
      vertex -23.4584 46.8699 3.41458
      vertex -1.35931 7.42945 27.5593
      vertex -0.407434 6.94444 27.5593
    endloop
  endfacet
  facet normal 0.314663 0.617582 0.720819
    outer loop
      vertex -1.35931 7.42945 27.5593
      vertex -23.4584 46.8699 3.41458
      vertex -24.4103 47.3549 3.41458
    endloop
  endfacet
  facet normal 0.0876542 0.552058 0.829186
    outer loop
      vertex -23.4311 42.7762 6.4335
      vertex -1.73702 6.26699 28.4474
      vertex -23.3882 42.9365 6.32224
    endloop
  endfacet
  facet normal 0.0872977 0.551924 0.829313
    outer loop
      vertex -1.73702 6.26699 28.4474
      vertex -23.4127 43.4052 6.01289
      vertex -23.3882 42.9365 6.32224
    endloop
  endfacet
  facet normal 0.0876769 0.552064 0.829179
    outer loop
      vertex -1.73702 6.26699 28.4474
      vertex -23.5809 43.8433 5.73899
      vertex -23.4127 43.4052 6.01289
    endloop
  endfacet
  facet normal 0.08727 0.551914 0.829322
    outer loop
      vertex -24.788 46.1925 4.30262
      vertex -23.5809 43.8433 5.73899
      vertex -1.73702 6.26699 28.4474
    endloop
  endfacet
  facet normal 0.0873701 0.551946 0.82929
    outer loop
      vertex -24.788 46.1925 4.30262
      vertex -23.8762 44.208 5.52737
      vertex -23.5809 43.8433 5.73899
    endloop
  endfacet
  facet normal 0.0874006 0.551955 0.829281
    outer loop
      vertex -24.788 46.1925 4.30262
      vertex -24.2698 44.4636 5.39873
      vertex -23.8762 44.208 5.52737
    endloop
  endfacet
  facet normal 0.0875378 0.551977 0.829252
    outer loop
      vertex -24.788 46.1925 4.30262
      vertex -24.4302 44.5066 5.38704
      vertex -24.2698 44.4636 5.39873
    endloop
  endfacet
  facet normal 0.0874182 0.551965 0.829272
    outer loop
      vertex -24.4302 44.5066 5.38704
      vertex -24.788 46.1925 4.30262
      vertex -25.4655 46.2998 4.30262
    endloop
  endfacet
  facet normal 0.0874256 0.551971 0.829268
    outer loop
      vertex -1.73702 6.26699 28.4474
      vertex -23.4311 42.7762 6.4335
      vertex -2.41447 6.37429 28.4474
    endloop
  endfacet
  facet normal -0.127115 0.802466 0.583001
    outer loop
      vertex -25.4655 48.4101 2.1923
      vertex -26.795 48.1995 2.1923
      vertex -25.4655 47.5221 3.41458
    endloop
  endfacet
  facet normal -0.940441 0.14896 0.305585
    outer loop
      vertex -29.5575 45.4371 2.1923
      vertex -30.235 44.1075 0.755413
      vertex -29.7681 44.1075 2.1923
    endloop
  endfacet
  facet normal -0.723894 -0.368829 0.583045
    outer loop
      vertex -28.7129 -45.1626 3.41458
      vertex -29.5575 -45.4371 2.1923
      vertex -28.2279 -46.1145 3.41458
    endloop
  endfacet
  facet normal -0.308605 0.0488872 0.949933
    outer loop
      vertex -3.13291 4.41543 28.9142
      vertex -4.60677 4.18199 28.4474
      vertex -3.16989 4.18199 28.9142
    endloop
  endfacet
  facet normal 0.0488758 0.308604 0.949934
    outer loop
      vertex -2.41447 6.37429 28.4474
      vertex -2.41447 4.9374 28.9142
      vertex -2.18104 4.90043 28.9142
    endloop
  endfacet
  facet normal -0.141853 -0.278392 0.949934
    outer loop
      vertex -2.85849 -4.79313 28.9142
      vertex -3.70307 -5.9556 28.4474
      vertex -2.64791 -4.90043 28.9142
    endloop
  endfacet
  facet normal -0.587812 0 0.808998
    outer loop
      vertex -5.82905 4.18199 27.5593
      vertex -4.60677 -4.18199 28.4474
      vertex -4.60677 4.18199 28.4474
    endloop
  endfacet
  facet normal -0.587812 0 0.808998
    outer loop
      vertex -4.60677 -4.18199 28.4474
      vertex -5.82905 4.18199 27.5593
      vertex -5.82905 -4.18199 27.5593
    endloop
  endfacet
  facet normal -0.802446 0.127086 0.583034
    outer loop
      vertex -28.7129 45.1626 3.41458
      vertex -29.5575 45.4371 2.1923
      vertex -28.88 44.1075 3.41458
    endloop
  endfacet
  facet normal -0.432243 -0.848407 0.305567
    outer loop
      vertex -26.795 -48.1995 2.1923
      vertex -28.2689 -47.9661 0.755413
      vertex -26.9393 -48.6435 0.755413
    endloop
  endfacet
  facet normal -0.148998 -0.940442 0.305561
    outer loop
      vertex -26.795 -48.1995 2.1923
      vertex -26.9393 -48.6435 0.755413
      vertex -25.4655 -48.877 0.755413
    endloop
  endfacet
  facet normal 0.890996 -0.454012 0
    outer loop
      vertex 54.7895 -2.80344 0.755413
      vertex 55.467 -1.47385 -0.755413
      vertex 55.467 -1.47385 0.755413
    endloop
  endfacet
  facet normal 0.890996 -0.454012 0
    outer loop
      vertex 55.467 -1.47385 -0.755413
      vertex 54.7895 -2.80344 0.755413
      vertex 54.7895 -2.80344 -0.755413
    endloop
  endfacet
  facet normal 0.940459 -0.148965 -0.305526
    outer loop
      vertex 55.7004 0 -0.755413
      vertex 55.023 -1.32958 -2.1923
      vertex 55.2336 0 -2.1923
    endloop
  endfacet
  facet normal 0.802436 -0.127103 -0.583045
    outer loop
      vertex 55.023 -1.32958 -2.1923
      vertex 54.3455 0 -3.41458
      vertex 55.2336 0 -2.1923
    endloop
  endfacet
  facet normal 0.0926937 -0.585275 -0.805519
    outer loop
      vertex -24.4103 -47.3549 -3.41458
      vertex -25.4655 -46.2998 -4.30262
      vertex -24.788 -46.1925 -4.30262
    endloop
  endfacet
  facet normal 0.0927343 -0.585247 -0.805535
    outer loop
      vertex -24.4103 -47.3549 -3.41458
      vertex -25.4655 -47.5221 -3.41458
      vertex -25.4655 -46.2998 -4.30262
    endloop
  endfacet
  facet normal -0.453956 -0.891024 0
    outer loop
      vertex -28.2689 -47.9661 -0.755413
      vertex -26.9393 -48.6435 0.755413
      vertex -28.2689 -47.9661 0.755413
    endloop
  endfacet
  facet normal -0.453956 -0.891024 -0
    outer loop
      vertex -26.9393 -48.6435 0.755413
      vertex -28.2689 -47.9661 -0.755413
      vertex -26.9393 -48.6435 -0.755413
    endloop
  endfacet
  facet normal 0.278398 -0.141849 -0.949933
    outer loop
      vertex 6.60255 -1.2886 -28.4474
      vertex 5.54739 -0.233436 -28.9142
      vertex 6.91394 -0.677456 -28.4474
    endloop
  endfacet
  facet normal -0.587812 0 -0.808998
    outer loop
      vertex -5.82905 -4.18199 -27.5593
      vertex -4.60677 4.18199 -28.4474
      vertex -4.60677 -4.18199 -28.4474
    endloop
  endfacet
  facet normal -0.587812 0 -0.808998
    outer loop
      vertex -4.60677 4.18199 -28.4474
      vertex -5.82905 -4.18199 -27.5593
      vertex -5.82905 4.18199 -27.5593
    endloop
  endfacet
  facet normal -0.269013 0.527987 -0.805519
    outer loop
      vertex -26.7541 45.8811 -4.30262
      vertex -27.4725 46.8699 -3.41458
      vertex -26.5206 47.3549 -3.41458
    endloop
  endfacet
  facet normal -0.673288 0.673288 -0.305557
    outer loop
      vertex -27.9945 47.5884 -2.1923
      vertex -29.3241 46.9109 -0.755413
      vertex -28.2689 47.9661 -0.755413
    endloop
  endfacet
  facet normal -0.673288 0.673288 -0.305557
    outer loop
      vertex -29.3241 46.9109 -0.755413
      vertex -27.9945 47.5884 -2.1923
      vertex -28.9464 46.6365 -2.1923
    endloop
  endfacet
  facet normal -0.707107 0.707107 0
    outer loop
      vertex -29.3241 46.9109 -0.755413
      vertex -28.2689 47.9661 0.755413
      vertex -28.2689 47.9661 -0.755413
    endloop
  endfacet
  facet normal -0.707107 0.707107 0
    outer loop
      vertex -28.2689 47.9661 0.755413
      vertex -29.3241 46.9109 -0.755413
      vertex -29.3241 46.9109 0.755413
    endloop
  endfacet
  facet normal 0.14896 0.940441 -0.305585
    outer loop
      vertex -24.1359 48.1995 -2.1923
      vertex -25.4655 48.4101 -2.1923
      vertex -25.4655 48.877 -0.755413
    endloop
  endfacet
  facet normal -0.127115 0.802466 -0.583001
    outer loop
      vertex -25.4655 47.5221 -3.41458
      vertex -26.795 48.1995 -2.1923
      vertex -25.4655 48.4101 -2.1923
    endloop
  endfacet
  facet normal 0.269027 0.52799 -0.805513
    outer loop
      vertex -1.12587 5.9556 -28.4474
      vertex -1.35931 7.42945 -27.5593
      vertex -0.407434 6.94444 -27.5593
    endloop
  endfacet
  facet normal -0.0927068 -0.585271 -0.80552
    outer loop
      vertex -25.4655 -46.2998 -4.30262
      vertex -26.5206 -47.3549 -3.41458
      vertex -26.1429 -46.1925 -4.30262
    endloop
  endfacet
  facet normal -0.41901 -0.41901 -0.805519
    outer loop
      vertex -27.4725 -46.8699 -3.41458
      vertex -27.2391 -45.3961 -4.30262
      vertex -26.7541 -45.8811 -4.30262
    endloop
  endfacet
  facet normal -0.41901 -0.41901 -0.805519
    outer loop
      vertex -27.2391 -45.3961 -4.30262
      vertex -27.4725 -46.8699 -3.41458
      vertex -28.2279 -46.1145 -3.41458
    endloop
  endfacet
  facet normal -0.940441 -0.14896 -0.305585
    outer loop
      vertex -29.5575 -45.4371 -2.1923
      vertex -30.235 -44.1075 -0.755413
      vertex -29.7681 -44.1075 -2.1923
    endloop
  endfacet
  facet normal -0.940441 0.14896 -0.305585
    outer loop
      vertex -29.7681 44.1075 -2.1923
      vertex -30.235 44.1075 -0.755413
      vertex -29.5575 45.4371 -2.1923
    endloop
  endfacet
  facet normal 0.7239 0.368879 -0.583007
    outer loop
      vertex 55.023 1.32958 -2.1923
      vertex 53.6934 2.00704 -3.41458
      vertex 54.4118 2.52902 -2.1923
    endloop
  endfacet
  facet normal 0.574523 0.574475 -0.583011
    outer loop
      vertex 53.6934 2.00704 -3.41458
      vertex 53.46 3.4809 -2.1923
      vertex 54.4118 2.52902 -2.1923
    endloop
  endfacet
  facet normal 0.574494 0.574486 -0.583029
    outer loop
      vertex 53.46 3.4809 -2.1923
      vertex 53.6934 2.00704 -3.41458
      vertex 52.938 2.76245 -3.41458
    endloop
  endfacet
  facet normal 0.58525 0.0926828 -0.805539
    outer loop
      vertex 54.3455 0 -3.41458
      vertex 53.1232 0 -4.30262
      vertex 54.1784 1.05516 -3.41458
    endloop
  endfacet
  facet normal 0.462709 -0.073287 -0.883476
    outer loop
      vertex 53.0159 -0.677456 -4.30262
      vertex 51.2599 0 -5.2785
      vertex 53.1232 0 -4.30262
    endloop
  endfacet
  facet normal 0.462714 -0.0732716 -0.883474
    outer loop
      vertex 53.0159 -0.677456 -4.30262
      vertex 51.1865 -0.463525 -5.2785
      vertex 51.2599 0 -5.2785
    endloop
  endfacet
  facet normal 0.462717 -0.0732544 -0.883474
    outer loop
      vertex 51.1865 -0.463525 -5.2785
      vertex 53.0159 -0.677456 -4.30262
      vertex 51.0775 -0.677456 -5.31785
    endloop
  endfacet
  facet normal 0.4627 -0.0733021 -0.883479
    outer loop
      vertex 48.3333 -0.463525 -6.77278
      vertex 7.02124 0 -28.4474
      vertex 48.2599 0 -6.84968
    endloop
  endfacet
  facet normal 0.462701 -0.073278 -0.883481
    outer loop
      vertex 6.91394 -0.677456 -28.4474
      vertex 48.3333 -0.463525 -6.77278
      vertex 48.4423 -0.677456 -6.69795
    endloop
  endfacet
  facet normal 0.462701 -0.0732857 -0.88348
    outer loop
      vertex 48.3333 -0.463525 -6.77278
      vertex 6.91394 -0.677456 -28.4474
      vertex 7.02124 0 -28.4474
    endloop
  endfacet
  facet normal 0.422075 0.415182 0.805901
    outer loop
      vertex 53.6934 2.00704 3.41458
      vertex 50.4942 1.2886 5.46022
      vertex 52.7045 1.2886 4.30262
    endloop
  endfacet
  facet normal 0.422072 0.415189 0.805899
    outer loop
      vertex 53.6934 2.00704 3.41458
      vertex 50.2234 1.42658 5.53096
      vertex 50.4942 1.2886 5.46022
    endloop
  endfacet
  facet normal 0.422084 0.415155 0.80591
    outer loop
      vertex 53.6934 2.00704 3.41458
      vertex 49.7599 1.5 5.73589
      vertex 50.2234 1.42658 5.53096
    endloop
  endfacet
  facet normal 0.422063 0.415218 0.805889
    outer loop
      vertex 7.5914 2.00704 27.5593
      vertex 49.7599 1.5 5.73589
      vertex 53.6934 2.00704 3.41458
    endloop
  endfacet
  facet normal 0.422037 0.415351 0.805834
    outer loop
      vertex 7.5914 2.00704 27.5593
      vertex 49.2964 1.42658 6.01648
      vertex 49.7599 1.5 5.73589
    endloop
  endfacet
  facet normal 0.422108 0.414992 0.805982
    outer loop
      vertex 7.5914 2.00704 27.5593
      vertex 49.0255 1.2886 6.2294
      vertex 49.2964 1.42658 6.01648
    endloop
  endfacet
  facet normal 0.422054 0.415266 0.805869
    outer loop
      vertex 49.0255 1.2886 6.2294
      vertex 7.5914 2.00704 27.5593
      vertex 6.60255 1.2886 28.4474
    endloop
  endfacet
  facet normal 0.462709 0.073287 0.883476
    outer loop
      vertex 53.0159 0.677456 4.30262
      vertex 51.2599 0 5.2785
      vertex 53.1232 0 4.30262
    endloop
  endfacet
  facet normal 0.462714 0.0732716 0.883474
    outer loop
      vertex 53.0159 0.677456 4.30262
      vertex 51.1865 0.463525 5.2785
      vertex 51.2599 0 5.2785
    endloop
  endfacet
  facet normal 0.462717 0.0732544 0.883474
    outer loop
      vertex 51.1865 0.463525 5.2785
      vertex 53.0159 0.677456 4.30262
      vertex 51.0775 0.677456 5.31785
    endloop
  endfacet
  facet normal 0.4627 0.0733021 0.883479
    outer loop
      vertex 48.3333 0.463525 6.77278
      vertex 7.02124 0 28.4474
      vertex 48.2599 0 6.84968
    endloop
  endfacet
  facet normal 0.462701 0.073278 0.883481
    outer loop
      vertex 6.91394 0.677456 28.4474
      vertex 48.3333 0.463525 6.77278
      vertex 48.4423 0.677456 6.69795
    endloop
  endfacet
  facet normal 0.462701 0.0732857 0.88348
    outer loop
      vertex 48.3333 0.463525 6.77278
      vertex 6.91394 0.677456 28.4474
      vertex 7.02124 0 28.4474
    endloop
  endfacet
  facet normal 0.7239 0.368879 0.583007
    outer loop
      vertex 54.4118 2.52902 2.1923
      vertex 53.6934 2.00704 3.41458
      vertex 55.023 1.32958 2.1923
    endloop
  endfacet
  facet normal 0.848383 0.432298 -0.305556
    outer loop
      vertex 55.023 1.32958 -2.1923
      vertex 54.7895 2.80344 -0.755413
      vertex 55.467 1.47385 -0.755413
    endloop
  endfacet
  facet normal 0.848375 0.432307 -0.305567
    outer loop
      vertex 55.023 1.32958 -2.1923
      vertex 54.4118 2.52902 -2.1923
      vertex 54.7895 2.80344 -0.755413
    endloop
  endfacet
  facet normal -0.940445 0.148999 -0.305552
    outer loop
      vertex -29.5575 45.4371 -2.1923
      vertex -30.235 44.1075 -0.755413
      vertex -30.0015 45.5813 -0.755413
    endloop
  endfacet
  facet normal 0.148988 0.940444 0.305561
    outer loop
      vertex -23.9916 48.6435 0.755413
      vertex -25.4655 48.877 0.755413
      vertex -24.1359 48.1995 2.1923
    endloop
  endfacet
  facet normal 0.432243 0.848407 0.305567
    outer loop
      vertex -23.9916 48.6435 0.755413
      vertex -24.1359 48.1995 2.1923
      vertex -22.662 47.9661 0.755413
    endloop
  endfacet
  facet normal 0.723902 -0.368841 -0.583029
    outer loop
      vertex 55.023 -1.32958 -2.1923
      vertex 53.6934 -2.00704 -3.41458
      vertex 54.1784 -1.05516 -3.41458
    endloop
  endfacet
  facet normal 0.405264 -0.701938 -0.5857
    outer loop
      vertex 52.938 -2.76245 -3.41458
      vertex -22.9364 -47.5884 -2.1923
      vertex -23.4584 -46.8699 -3.41458
    endloop
  endfacet
  facet normal 0.405271 -0.701949 -0.585682
    outer loop
      vertex -22.9364 -47.5884 -2.1923
      vertex 52.938 -2.76245 -3.41458
      vertex 53.46 -3.4809 -2.1923
    endloop
  endfacet
  facet normal 0.419014 -0.419014 -0.805515
    outer loop
      vertex 6.83599 -2.76245 -27.5593
      vertex 6.60255 -1.2886 -28.4474
      vertex 7.5914 -2.00704 -27.5593
    endloop
  endfacet
  facet normal 0.419014 -0.419014 -0.805515
    outer loop
      vertex 6.60255 -1.2886 -28.4474
      vertex 6.83599 -2.76245 -27.5593
      vertex 6.11755 -1.7736 -28.4474
    endloop
  endfacet
  facet normal -1 0 0
    outer loop
      vertex -30.235 -44.1075 -0.755413
      vertex -30.235 44.1075 0.755413
      vertex -30.235 44.1075 -0.755413
    endloop
  endfacet
  facet normal -1 -0 0
    outer loop
      vertex -30.235 44.1075 0.755413
      vertex -30.235 -44.1075 -0.755413
      vertex -30.235 -44.1075 0.755413
    endloop
  endfacet
  facet normal -0.848415 -0.432247 -0.30554
    outer loop
      vertex -29.3241 -46.9109 -0.755413
      vertex -30.0015 -45.5813 -0.755413
      vertex -29.5575 -45.4371 -2.1923
    endloop
  endfacet
  facet normal 0.419014 0.419014 0.805515
    outer loop
      vertex 6.83599 2.76245 27.5593
      vertex 6.60255 1.2886 28.4474
      vertex 7.5914 2.00704 27.5593
    endloop
  endfacet
  facet normal 0.419014 0.419014 0.805515
    outer loop
      vertex 6.60255 1.2886 28.4474
      vertex 6.83599 2.76245 27.5593
      vertex 6.11755 1.7736 28.4474
    endloop
  endfacet
  facet normal -0.0765765 0.483212 0.872148
    outer loop
      vertex -25.4655 46.2998 4.30262
      vertex -24.7231 44.5851 5.31783
      vertex -24.4302 44.5066 5.38704
    endloop
  endfacet
  facet normal -0.0765704 0.483214 0.872147
    outer loop
      vertex -25.4655 46.2998 4.30262
      vertex -25.1918 44.5605 5.29031
      vertex -24.7231 44.5851 5.31783
    endloop
  endfacet
  facet normal -0.0766196 0.483206 0.872147
    outer loop
      vertex -25.4655 46.2998 4.30262
      vertex -25.1991 44.5577 5.29122
      vertex -25.1918 44.5605 5.29031
    endloop
  endfacet
  facet normal -0.0765417 0.483218 0.872148
    outer loop
      vertex -25.1991 44.5577 5.29122
      vertex -25.4655 46.2998 4.30262
      vertex -26.1429 46.1925 4.30262
    endloop
  endfacet
  facet normal -0.0765946 0.483207 0.872149
    outer loop
      vertex -23.5096 42.4832 6.58894
      vertex -2.41447 6.37429 28.4474
      vertex -23.4311 42.7762 6.4335
    endloop
  endfacet
  facet normal -0.0765456 0.48323 0.872141
    outer loop
      vertex -23.7652 42.0896 6.78459
      vertex -2.41447 6.37429 28.4474
      vertex -23.5096 42.4832 6.58894
    endloop
  endfacet
  facet normal -0.0765374 0.483234 0.872139
    outer loop
      vertex -2.41447 6.37429 28.4474
      vertex -23.7652 42.0896 6.78459
      vertex -3.09193 6.26699 28.4474
    endloop
  endfacet
  facet normal -0.0755121 0.483718 0.87196
    outer loop
      vertex -3.09193 6.26699 28.4474
      vertex -23.7652 42.0896 6.78459
      vertex -23.7713 42.0847 6.78678
    endloop
  endfacet
  facet normal 0.368836 0.723907 0.583026
    outer loop
      vertex -24.1359 48.1995 2.1923
      vertex -24.4103 47.3549 3.41458
      vertex -23.4584 46.8699 3.41458
    endloop
  endfacet
  facet normal 0.127149 0.802438 0.583032
    outer loop
      vertex -24.1359 48.1995 2.1923
      vertex -25.4655 47.5221 3.41458
      vertex -24.4103 47.3549 3.41458
    endloop
  endfacet
  facet normal -0.148971 0.940439 0.305585
    outer loop
      vertex -25.4655 48.877 0.755413
      vertex -26.795 48.1995 2.1923
      vertex -25.4655 48.4101 2.1923
    endloop
  endfacet
  facet normal -0.723894 0.368829 0.583045
    outer loop
      vertex -28.2279 46.1145 3.41458
      vertex -29.5575 45.4371 2.1923
      vertex -28.7129 45.1626 3.41458
    endloop
  endfacet
  facet normal -0.148998 0.940442 0.305561
    outer loop
      vertex -25.4655 48.877 0.755413
      vertex -26.9393 48.6435 0.755413
      vertex -26.795 48.1995 2.1923
    endloop
  endfacet
  facet normal -0.565 0.162941 0.808842
    outer loop
      vertex -26.046 42.179 5.87852
      vertex -5.66193 5.23715 27.5593
      vertex -4.49947 4.85945 28.4474
    endloop
  endfacet
  facet normal -0.564638 0.163395 0.809003
    outer loop
      vertex -28.7129 45.1626 3.41458
      vertex -26.046 42.179 5.87852
      vertex -26.179 42.3433 5.75251
    endloop
  endfacet
  facet normal -0.564992 0.162939 0.808848
    outer loop
      vertex -28.7129 45.1626 3.41458
      vertex -26.2547 42.5407 5.65984
      vertex -27.5505 44.7849 4.30262
    endloop
  endfacet
  facet normal -0.564839 0.16314 0.808914
    outer loop
      vertex -26.2547 42.5407 5.65984
      vertex -28.7129 45.1626 3.41458
      vertex -26.179 42.3433 5.75251
    endloop
  endfacet
  facet normal -0.564993 0.162947 0.808846
    outer loop
      vertex -26.046 42.179 5.87852
      vertex -28.7129 45.1626 3.41458
      vertex -5.66193 5.23715 27.5593
    endloop
  endfacet
  facet normal 0.368836 -0.723907 0.583026
    outer loop
      vertex -23.4584 -46.8699 3.41458
      vertex -24.4103 -47.3549 3.41458
      vertex -24.1359 -48.1995 2.1923
    endloop
  endfacet
  facet normal 0.155257 0.268912 0.950569
    outer loop
      vertex -1.12587 5.9556 28.4474
      vertex 5.27297 0.611142 28.9142
      vertex 6.11755 1.7736 28.4474
    endloop
  endfacet
  facet normal 0.155255 0.26891 0.95057
    outer loop
      vertex 5.27297 0.611142 28.9142
      vertex -1.12587 5.9556 28.4474
      vertex -1.97045 4.79313 28.9142
    endloop
  endfacet
  facet normal 0.127149 -0.802438 0.583032
    outer loop
      vertex -24.4103 -47.3549 3.41458
      vertex -25.4655 -47.5221 3.41458
      vertex -24.1359 -48.1995 2.1923
    endloop
  endfacet
  facet normal 0.0488792 0.308604 0.949934
    outer loop
      vertex -1.73702 6.26699 28.4474
      vertex -2.41447 6.37429 28.4474
      vertex -2.18104 4.90043 28.9142
    endloop
  endfacet
  facet normal 0.308605 -0.0488748 0.949934
    outer loop
      vertex 5.58436 0 28.9142
      vertex 5.54739 -0.233436 28.9142
      vertex 7.02124 0 28.4474
    endloop
  endfacet
  facet normal -0.808998 0 0.587812
    outer loop
      vertex -29.7681 -44.1075 2.1923
      vertex -28.88 44.1075 3.41458
      vertex -29.7681 44.1075 2.1923
    endloop
  endfacet
  facet normal -0.808998 0 0.587812
    outer loop
      vertex -28.88 44.1075 3.41458
      vertex -29.7681 -44.1075 2.1923
      vertex -28.88 -44.1075 3.41458
    endloop
  endfacet
  facet normal -0.802436 0.127101 0.583045
    outer loop
      vertex -29.5575 45.4371 2.1923
      vertex -29.7681 44.1075 2.1923
      vertex -28.88 44.1075 3.41458
    endloop
  endfacet
  facet normal -0.951051 0 0.309033
    outer loop
      vertex -30.235 -44.1075 0.755413
      vertex -29.7681 44.1075 2.1923
      vertex -30.235 44.1075 0.755413
    endloop
  endfacet
  facet normal -0.951051 0 0.309033
    outer loop
      vertex -29.7681 44.1075 2.1923
      vertex -30.235 -44.1075 0.755413
      vertex -29.7681 -44.1075 2.1923
    endloop
  endfacet
  facet normal -0.432243 -0.848407 -0.305567
    outer loop
      vertex -26.9393 -48.6435 -0.755413
      vertex -28.2689 -47.9661 -0.755413
      vertex -26.795 -48.1995 -2.1923
    endloop
  endfacet
  facet normal -0.368804 -0.723908 0.583044
    outer loop
      vertex -27.4725 -46.8699 3.41458
      vertex -27.9945 -47.5884 2.1923
      vertex -26.795 -48.1995 2.1923
    endloop
  endfacet
  facet normal -0.336915 -0.337153 0.879099
    outer loop
      vertex -27.2391 -45.3961 4.30262
      vertex -25.8102 -44.2463 5.29122
      vertex -25.9947 -44.097 5.27777
    endloop
  endfacet
  facet normal -0.337033 -0.33704 0.879098
    outer loop
      vertex -27.2391 -45.3961 4.30262
      vertex -25.9947 -44.097 5.27777
      vertex -26.2503 -43.7034 5.33068
    endloop
  endfacet
  facet normal -0.336594 -0.33733 0.879154
    outer loop
      vertex -27.2391 -45.3961 4.30262
      vertex -26.2503 -43.7034 5.33068
      vertex -26.2539 -43.6898 5.33452
    endloop
  endfacet
  facet normal -0.337025 -0.337025 0.879107
    outer loop
      vertex -25.8102 -44.2463 5.29122
      vertex -27.2391 -45.3961 4.30262
      vertex -26.7541 -45.8811 4.30262
    endloop
  endfacet
  facet normal -0.337039 -0.337039 0.879095
    outer loop
      vertex -24.5681 -41.6261 6.77205
      vertex -3.70307 -5.9556 28.4474
      vertex -4.18808 -5.47059 28.4474
    endloop
  endfacet
  facet normal -0.336911 -0.337124 0.879112
    outer loop
      vertex -3.70307 -5.9556 28.4474
      vertex -24.5681 -41.6261 6.77205
      vertex -24.3465 -41.7111 6.82438
    endloop
  endfacet
  facet normal -0.337114 -0.336991 0.879085
    outer loop
      vertex -4.18808 -5.47059 28.4474
      vertex -25.0367 -41.6015 6.60178
      vertex -24.5681 -41.6261 6.77205
    endloop
  endfacet
  facet normal -0.334791 -0.338515 0.879388
    outer loop
      vertex -25.0367 -41.6015 6.60178
      vertex -4.18808 -5.47059 28.4474
      vertex -25.0504 -41.6052 6.59514
    endloop
  endfacet
  facet normal 0.127106 -0.802467 0.583001
    outer loop
      vertex -25.4655 -47.5221 3.41458
      vertex -25.4655 -48.4101 2.1923
      vertex -24.1359 -48.1995 2.1923
    endloop
  endfacet
  facet normal -0.148971 -0.940439 0.305585
    outer loop
      vertex -25.4655 -48.4101 2.1923
      vertex -26.795 -48.1995 2.1923
      vertex -25.4655 -48.877 0.755413
    endloop
  endfacet
  facet normal -0.8484 -0.432264 -0.305559
    outer loop
      vertex -29.3241 -46.9109 -0.755413
      vertex -29.5575 -45.4371 -2.1923
      vertex -28.9464 -46.6365 -2.1923
    endloop
  endfacet
  facet normal -0.723894 -0.368828 -0.583046
    outer loop
      vertex -28.9464 -46.6365 -2.1923
      vertex -29.5575 -45.4371 -2.1923
      vertex -28.2279 -46.1145 -3.41458
    endloop
  endfacet
  facet normal 0.574523 -0.574475 -0.583011
    outer loop
      vertex 53.46 -3.4809 -2.1923
      vertex 53.6934 -2.00704 -3.41458
      vertex 54.4118 -2.52902 -2.1923
    endloop
  endfacet
  facet normal 0.574494 -0.574486 -0.583029
    outer loop
      vertex 53.6934 -2.00704 -3.41458
      vertex 53.46 -3.4809 -2.1923
      vertex 52.938 -2.76245 -3.41458
    endloop
  endfacet
  facet normal 0.7239 -0.368879 -0.583007
    outer loop
      vertex 54.4118 -2.52902 -2.1923
      vertex 53.6934 -2.00704 -3.41458
      vertex 55.023 -1.32958 -2.1923
    endloop
  endfacet
  facet normal 0.294962 -0.510889 -0.807459
    outer loop
      vertex -0.407434 -6.94444 -27.5593
      vertex 6.11755 -1.7736 -28.4474
      vertex 6.83599 -2.76245 -27.5593
    endloop
  endfacet
  facet normal 0.294964 -0.510891 -0.807457
    outer loop
      vertex 6.11755 -1.7736 -28.4474
      vertex -0.407434 -6.94444 -27.5593
      vertex -1.12587 -5.9556 -28.4474
    endloop
  endfacet
  facet normal -0.471953 -0.240455 -0.848199
    outer loop
      vertex -27.5505 -44.7849 -4.30262
      vertex -26.2539 -43.6898 -5.33452
      vertex -27.2391 -45.3961 -4.30262
    endloop
  endfacet
  facet normal -0.47197 -0.240432 -0.848196
    outer loop
      vertex -26.2539 -43.6898 -5.33452
      vertex -27.5505 -44.7849 -4.30262
      vertex -26.3717 -43.2501 -5.39361
    endloop
  endfacet
  facet normal -0.472469 -0.240055 -0.848025
    outer loop
      vertex -26.3472 -42.7815 -5.54014
      vertex -27.5505 -44.7849 -4.30262
      vertex -26.2547 -42.5407 -5.65984
    endloop
  endfacet
  facet normal -0.471825 -0.240573 -0.848237
    outer loop
      vertex -26.3717 -43.2501 -5.39361
      vertex -27.5505 -44.7849 -4.30262
      vertex -26.3472 -42.7815 -5.54014
    endloop
  endfacet
  facet normal -0.471946 -0.240467 -0.8482
    outer loop
      vertex -25.0504 -41.6052 -6.59514
      vertex -4.49947 -4.85945 -28.4474
      vertex -4.18808 -5.47059 -28.4474
    endloop
  endfacet
  facet normal -0.471995 -0.24043 -0.848183
    outer loop
      vertex -25.49 -41.723 -6.31712
      vertex -4.49947 -4.85945 -28.4474
      vertex -25.0504 -41.6052 -6.59514
    endloop
  endfacet
  facet normal -0.471928 -0.240482 -0.848205
    outer loop
      vertex -25.8836 -41.9786 -6.02566
      vertex -4.49947 -4.85945 -28.4474
      vertex -25.49 -41.723 -6.31712
    endloop
  endfacet
  facet normal -0.471413 -0.240882 -0.848378
    outer loop
      vertex -4.49947 -4.85945 -28.4474
      vertex -25.8836 -41.9786 -6.02566
      vertex -26.046 -42.179 -5.87852
    endloop
  endfacet
  facet normal -0.141853 -0.278392 -0.949934
    outer loop
      vertex -2.64791 -4.90043 -28.9142
      vertex -3.70307 -5.9556 -28.4474
      vertex -2.85849 -4.79313 -28.9142
    endloop
  endfacet
  facet normal -0.432235 -0.848415 -0.305557
    outer loop
      vertex -26.795 -48.1995 -2.1923
      vertex -28.2689 -47.9661 -0.755413
      vertex -27.9945 -47.5884 -2.1923
    endloop
  endfacet
  facet normal -0.127115 -0.802466 -0.583001
    outer loop
      vertex -25.4655 -48.4101 -2.1923
      vertex -26.795 -48.1995 -2.1923
      vertex -25.4655 -47.5221 -3.41458
    endloop
  endfacet
  facet normal -0.527987 0.269013 -0.805519
    outer loop
      vertex -27.2391 45.3961 -4.30262
      vertex -28.7129 45.1626 -3.41458
      vertex -28.2279 46.1145 -3.41458
    endloop
  endfacet
  facet normal -0.368804 0.723908 -0.583044
    outer loop
      vertex -27.4725 46.8699 -3.41458
      vertex -27.9945 47.5884 -2.1923
      vertex -26.795 48.1995 -2.1923
    endloop
  endfacet
  facet normal -0.148971 0.940439 -0.305585
    outer loop
      vertex -25.4655 48.4101 -2.1923
      vertex -26.795 48.1995 -2.1923
      vertex -25.4655 48.877 -0.755413
    endloop
  endfacet
  facet normal -0.127161 0.802435 -0.583033
    outer loop
      vertex -26.5206 47.3549 -3.41458
      vertex -26.795 48.1995 -2.1923
      vertex -25.4655 47.5221 -3.41458
    endloop
  endfacet
  facet normal -0.368836 0.723907 -0.583026
    outer loop
      vertex -26.5206 47.3549 -3.41458
      vertex -27.4725 46.8699 -3.41458
      vertex -26.795 48.1995 -2.1923
    endloop
  endfacet
  facet normal -0.0927431 0.585246 -0.805534
    outer loop
      vertex -25.4655 46.2998 -4.30262
      vertex -26.5206 47.3549 -3.41458
      vertex -25.4655 47.5221 -3.41458
    endloop
  endfacet
  facet normal 0.462709 0.073287 -0.883476
    outer loop
      vertex 51.2599 0 -5.2785
      vertex 53.0159 0.677456 -4.30262
      vertex 53.1232 0 -4.30262
    endloop
  endfacet
  facet normal 0.462714 0.0732716 -0.883474
    outer loop
      vertex 51.1865 0.463525 -5.2785
      vertex 53.0159 0.677456 -4.30262
      vertex 51.2599 0 -5.2785
    endloop
  endfacet
  facet normal 0.462717 0.0732544 -0.883474
    outer loop
      vertex 53.0159 0.677456 -4.30262
      vertex 51.1865 0.463525 -5.2785
      vertex 51.0775 0.677456 -5.31785
    endloop
  endfacet
  facet normal 0.4627 0.0733021 -0.883479
    outer loop
      vertex 7.02124 0 -28.4474
      vertex 48.3333 0.463525 -6.77278
      vertex 48.2599 0 -6.84968
    endloop
  endfacet
  facet normal 0.462701 0.0732857 -0.88348
    outer loop
      vertex 6.91394 0.677456 -28.4474
      vertex 48.3333 0.463525 -6.77278
      vertex 7.02124 0 -28.4474
    endloop
  endfacet
  facet normal 0.462701 0.073278 -0.883481
    outer loop
      vertex 48.3333 0.463525 -6.77278
      vertex 6.91394 0.677456 -28.4474
      vertex 48.4423 0.677456 -6.69795
    endloop
  endfacet
  facet normal 0.308606 -0.0488791 -0.949933
    outer loop
      vertex 6.91394 -0.677456 -28.4474
      vertex 5.54739 -0.233436 -28.9142
      vertex 7.02124 0 -28.4474
    endloop
  endfacet
  facet normal 0.142657 0.571193 -0.808324
    outer loop
      vertex -24.788 46.1925 -4.30262
      vertex -1.35931 7.42945 -27.5593
      vertex -1.73702 6.26699 -28.4474
    endloop
  endfacet
  facet normal 0.142646 0.571189 -0.808328
    outer loop
      vertex -1.35931 7.42945 -27.5593
      vertex -24.788 46.1925 -4.30262
      vertex -24.4103 47.3549 -3.41458
    endloop
  endfacet
  facet normal 0.308606 0.0488791 -0.949933
    outer loop
      vertex 7.02124 0 -28.4474
      vertex 5.54739 0.233436 -28.9142
      vertex 6.91394 0.677456 -28.4474
    endloop
  endfacet
  facet normal 0.220937 -0.220937 -0.949934
    outer loop
      vertex 6.11755 -1.7736 -28.4474
      vertex 5.44009 -0.44402 -28.9142
      vertex 6.60255 -1.2886 -28.4474
    endloop
  endfacet
  facet normal 0.220939 -0.220936 -0.949933
    outer loop
      vertex 5.44009 -0.44402 -28.9142
      vertex 6.11755 -1.7736 -28.4474
      vertex 5.27297 -0.611142 -28.9142
    endloop
  endfacet
  facet normal 0.0488758 0.308604 -0.949934
    outer loop
      vertex -2.18104 4.90043 -28.9142
      vertex -2.41447 4.9374 -28.9142
      vertex -2.41447 6.37429 -28.4474
    endloop
  endfacet
  facet normal -0.336911 -0.337124 -0.879112
    outer loop
      vertex -24.5681 -41.6261 -6.77205
      vertex -3.70307 -5.9556 -28.4474
      vertex -24.3465 -41.7111 -6.82438
    endloop
  endfacet
  facet normal -0.337039 -0.337039 -0.879095
    outer loop
      vertex -3.70307 -5.9556 -28.4474
      vertex -24.5681 -41.6261 -6.77205
      vertex -4.18808 -5.47059 -28.4474
    endloop
  endfacet
  facet normal -0.337114 -0.336991 -0.879085
    outer loop
      vertex -25.0367 -41.6015 -6.60178
      vertex -4.18808 -5.47059 -28.4474
      vertex -24.5681 -41.6261 -6.77205
    endloop
  endfacet
  facet normal -0.334791 -0.338515 -0.879388
    outer loop
      vertex -4.18808 -5.47059 -28.4474
      vertex -25.0367 -41.6015 -6.60178
      vertex -25.0504 -41.6052 -6.59514
    endloop
  endfacet
  facet normal -0.337025 -0.337025 -0.879107
    outer loop
      vertex -27.2391 -45.3961 -4.30262
      vertex -25.8102 -44.2463 -5.29122
      vertex -26.7541 -45.8811 -4.30262
    endloop
  endfacet
  facet normal -0.336915 -0.337153 -0.879099
    outer loop
      vertex -25.8102 -44.2463 -5.29122
      vertex -27.2391 -45.3961 -4.30262
      vertex -25.9947 -44.097 -5.27777
    endloop
  endfacet
  facet normal -0.337033 -0.33704 -0.879098
    outer loop
      vertex -25.9947 -44.097 -5.27777
      vertex -27.2391 -45.3961 -4.30262
      vertex -26.2503 -43.7034 -5.33068
    endloop
  endfacet
  facet normal -0.336594 -0.33733 -0.879154
    outer loop
      vertex -26.2503 -43.7034 -5.33068
      vertex -27.2391 -45.3961 -4.30262
      vertex -26.2539 -43.6898 -5.33452
    endloop
  endfacet
  facet normal 0.451517 0.230065 -0.862092
    outer loop
      vertex 51.0775 0.677456 -5.31785
      vertex 52.7045 1.2886 -4.30262
      vertex 53.0159 0.677456 -4.30262
    endloop
  endfacet
  facet normal 0.451486 0.23014 -0.862088
    outer loop
      vertex 50.9734 0.881678 -5.31785
      vertex 52.7045 1.2886 -4.30262
      vertex 51.0775 0.677456 -5.31785
    endloop
  endfacet
  facet normal 0.451523 0.230019 -0.862101
    outer loop
      vertex 50.6416 1.21352 -5.40309
      vertex 52.7045 1.2886 -4.30262
      vertex 50.9734 0.881678 -5.31785
    endloop
  endfacet
  facet normal 0.451469 0.230407 -0.862026
    outer loop
      vertex 52.7045 1.2886 -4.30262
      vertex 50.6416 1.21352 -5.40309
      vertex 50.4942 1.2886 -5.46022
    endloop
  endfacet
  facet normal 0.451512 0.229986 -0.862116
    outer loop
      vertex 6.91394 0.677456 -28.4474
      vertex 48.5464 0.881678 -6.58895
      vertex 48.4423 0.677456 -6.69795
    endloop
  endfacet
  facet normal 0.451504 0.23005 -0.862102
    outer loop
      vertex 6.60255 1.2886 -28.4474
      vertex 48.5464 0.881678 -6.58895
      vertex 6.91394 0.677456 -28.4474
    endloop
  endfacet
  facet normal 0.451498 0.230115 -0.862089
    outer loop
      vertex 48.5464 0.881678 -6.58895
      vertex 6.60255 1.2886 -28.4474
      vertex 48.8782 1.21352 -6.3266
    endloop
  endfacet
  facet normal 0.451481 0.23027 -0.862056
    outer loop
      vertex 48.8782 1.21352 -6.3266
      vertex 6.60255 1.2886 -28.4474
      vertex 49.0255 1.2886 -6.2294
    endloop
  endfacet
  facet normal 0.585242 0.0926945 -0.805543
    outer loop
      vertex 53.1232 0 -4.30262
      vertex 53.0159 0.677456 -4.30262
      vertex 54.1784 1.05516 -3.41458
    endloop
  endfacet
  facet normal 0.220937 -0.220937 0.949934
    outer loop
      vertex 5.44009 -0.44402 28.9142
      vertex 6.11755 -1.7736 28.4474
      vertex 6.60255 -1.2886 28.4474
    endloop
  endfacet
  facet normal 0.220939 -0.220936 0.949933
    outer loop
      vertex 6.11755 -1.7736 28.4474
      vertex 5.44009 -0.44402 28.9142
      vertex 5.27297 -0.611142 28.9142
    endloop
  endfacet
  facet normal 0.527954 0.269002 0.805545
    outer loop
      vertex 53.6934 2.00704 3.41458
      vertex 52.7045 1.2886 4.30262
      vertex 54.1784 1.05516 3.41458
    endloop
  endfacet
  facet normal 0.527954 0.269012 0.805542
    outer loop
      vertex 54.1784 1.05516 3.41458
      vertex 52.7045 1.2886 4.30262
      vertex 53.0159 0.677456 4.30262
    endloop
  endfacet
  facet normal -0.891024 0.453956 0
    outer loop
      vertex -30.0015 45.5813 -0.755413
      vertex -29.3241 46.9109 0.755413
      vertex -29.3241 46.9109 -0.755413
    endloop
  endfacet
  facet normal -0.891024 0.453956 0
    outer loop
      vertex -29.3241 46.9109 0.755413
      vertex -30.0015 45.5813 -0.755413
      vertex -30.0015 45.5813 0.755413
    endloop
  endfacet
  facet normal -0.848415 0.432247 -0.30554
    outer loop
      vertex -29.5575 45.4371 -2.1923
      vertex -30.0015 45.5813 -0.755413
      vertex -29.3241 46.9109 -0.755413
    endloop
  endfacet
  facet normal 0.58525 -0.0926828 -0.805539
    outer loop
      vertex 54.1784 -1.05516 -3.41458
      vertex 53.1232 0 -4.30262
      vertex 54.3455 0 -3.41458
    endloop
  endfacet
  facet normal 0.802452 -0.12708 -0.583028
    outer loop
      vertex 55.023 -1.32958 -2.1923
      vertex 54.1784 -1.05516 -3.41458
      vertex 54.3455 0 -3.41458
    endloop
  endfacet
  facet normal 0.278395 -0.141852 0.949934
    outer loop
      vertex 5.54739 -0.233436 28.9142
      vertex 5.44009 -0.44402 28.9142
      vertex 6.60255 -1.2886 28.4474
    endloop
  endfacet
  facet normal -0.673288 0.673288 0.305557
    outer loop
      vertex -29.3241 46.9109 0.755413
      vertex -27.9945 47.5884 2.1923
      vertex -28.2689 47.9661 0.755413
    endloop
  endfacet
  facet normal -0.673288 0.673288 0.305557
    outer loop
      vertex -27.9945 47.5884 2.1923
      vertex -29.3241 46.9109 0.755413
      vertex -28.9464 46.6365 2.1923
    endloop
  endfacet
  facet normal -0.432235 0.848415 0.305557
    outer loop
      vertex -26.795 48.1995 2.1923
      vertex -28.2689 47.9661 0.755413
      vertex -27.9945 47.5884 2.1923
    endloop
  endfacet
  facet normal -0.368804 0.723908 0.583044
    outer loop
      vertex -26.795 48.1995 2.1923
      vertex -27.9945 47.5884 2.1923
      vertex -27.4725 46.8699 3.41458
    endloop
  endfacet
  facet normal -0.58528 0.0927 0.805515
    outer loop
      vertex -4.49947 4.85945 28.4474
      vertex -5.66193 5.23715 27.5593
      vertex -4.60677 4.18199 28.4474
    endloop
  endfacet
  facet normal -0.308604 0.0488785 0.949934
    outer loop
      vertex -4.49947 4.85945 28.4474
      vertex -4.60677 4.18199 28.4474
      vertex -3.13291 4.41543 28.9142
    endloop
  endfacet
  facet normal -0.308975 0 0.95107
    outer loop
      vertex -4.60677 4.18199 28.4474
      vertex -3.16989 -4.18199 28.9142
      vertex -3.16989 4.18199 28.9142
    endloop
  endfacet
  facet normal -0.308975 0 0.95107
    outer loop
      vertex -3.16989 -4.18199 28.9142
      vertex -4.60677 4.18199 28.4474
      vertex -4.60677 -4.18199 28.4474
    endloop
  endfacet
  facet normal 0.0488792 -0.308604 0.949934
    outer loop
      vertex -2.18104 -4.90043 28.9142
      vertex -2.41447 -6.37429 28.4474
      vertex -1.73702 -6.26699 28.4474
    endloop
  endfacet
  facet normal -0.220928 -0.220941 0.949935
    outer loop
      vertex -3.02562 -4.62601 28.9142
      vertex -3.70307 -5.9556 28.4474
      vertex -2.85849 -4.79313 28.9142
    endloop
  endfacet
  facet normal -0.220937 -0.220937 0.949934
    outer loop
      vertex -3.70307 -5.9556 28.4474
      vertex -3.02562 -4.62601 28.9142
      vertex -4.18808 -5.47059 28.4474
    endloop
  endfacet
  facet normal -0.940441 -0.14896 0.305585
    outer loop
      vertex -29.7681 -44.1075 2.1923
      vertex -30.235 -44.1075 0.755413
      vertex -29.5575 -45.4371 2.1923
    endloop
  endfacet
  facet normal -0.723894 -0.368828 0.583046
    outer loop
      vertex -28.2279 -46.1145 3.41458
      vertex -29.5575 -45.4371 2.1923
      vertex -28.9464 -46.6365 2.1923
    endloop
  endfacet
  facet normal -0.8484 -0.432264 0.305559
    outer loop
      vertex -28.9464 -46.6365 2.1923
      vertex -29.5575 -45.4371 2.1923
      vertex -29.3241 -46.9109 0.755413
    endloop
  endfacet
  facet normal -0.940445 -0.148999 0.305552
    outer loop
      vertex -29.5575 -45.4371 2.1923
      vertex -30.235 -44.1075 0.755413
      vertex -30.0015 -45.5813 0.755413
    endloop
  endfacet
  facet normal -0.631798 -0.100066 0.768647
    outer loop
      vertex -28.88 -44.1075 3.41458
      vertex -5.66193 -5.23715 27.5593
      vertex -5.82905 -4.18199 27.5593
    endloop
  endfacet
  facet normal -0.631804 -0.100061 0.768643
    outer loop
      vertex -5.66193 -5.23715 27.5593
      vertex -28.88 -44.1075 3.41458
      vertex -28.7129 -45.1626 3.41458
    endloop
  endfacet
  facet normal -0.0765374 -0.483234 0.872139
    outer loop
      vertex -23.7652 -42.0896 6.78459
      vertex -2.41447 -6.37429 28.4474
      vertex -3.09193 -6.26699 28.4474
    endloop
  endfacet
  facet normal -0.0765946 -0.483207 0.872149
    outer loop
      vertex -2.41447 -6.37429 28.4474
      vertex -23.5096 -42.4832 6.58894
      vertex -23.4311 -42.7762 6.4335
    endloop
  endfacet
  facet normal -0.0765456 -0.48323 0.872141
    outer loop
      vertex -2.41447 -6.37429 28.4474
      vertex -23.7652 -42.0896 6.78459
      vertex -23.5096 -42.4832 6.58894
    endloop
  endfacet
  facet normal -0.0755121 -0.483718 0.87196
    outer loop
      vertex -23.7652 -42.0896 6.78459
      vertex -3.09193 -6.26699 28.4474
      vertex -23.7713 -42.0847 6.78678
    endloop
  endfacet
  facet normal -0.0765765 -0.483212 0.872148
    outer loop
      vertex -24.7231 -44.5851 5.31783
      vertex -25.4655 -46.2998 4.30262
      vertex -24.4302 -44.5066 5.38704
    endloop
  endfacet
  facet normal -0.0765704 -0.483214 0.872147
    outer loop
      vertex -25.1918 -44.5605 5.29031
      vertex -25.4655 -46.2998 4.30262
      vertex -24.7231 -44.5851 5.31783
    endloop
  endfacet
  facet normal -0.0766196 -0.483206 0.872147
    outer loop
      vertex -25.1991 -44.5577 5.29122
      vertex -25.4655 -46.2998 4.30262
      vertex -25.1918 -44.5605 5.29031
    endloop
  endfacet
  facet normal -0.0765417 -0.483218 0.872148
    outer loop
      vertex -25.4655 -46.2998 4.30262
      vertex -25.1991 -44.5577 5.29122
      vertex -26.1429 -46.1925 4.30262
    endloop
  endfacet
  facet normal 0.0927343 -0.585247 0.805535
    outer loop
      vertex -25.4655 -46.2998 4.30262
      vertex -25.4655 -47.5221 3.41458
      vertex -24.4103 -47.3549 3.41458
    endloop
  endfacet
  facet normal 0.368804 -0.723908 -0.583044
    outer loop
      vertex -22.9364 -47.5884 -2.1923
      vertex -24.1359 -48.1995 -2.1923
      vertex -23.4584 -46.8699 -3.41458
    endloop
  endfacet
  facet normal 0.432243 -0.848407 -0.305567
    outer loop
      vertex -23.9916 -48.6435 -0.755413
      vertex -24.1359 -48.1995 -2.1923
      vertex -22.662 -47.9661 -0.755413
    endloop
  endfacet
  facet normal 0.848375 -0.432307 -0.305567
    outer loop
      vertex 54.7895 -2.80344 -0.755413
      vertex 54.4118 -2.52902 -2.1923
      vertex 55.023 -1.32958 -2.1923
    endloop
  endfacet
  facet normal 0.42086 -0.420854 -0.803591
    outer loop
      vertex 52.938 -2.76245 -3.41458
      vertex 7.5914 -2.00704 -27.5593
      vertex 53.6934 -2.00704 -3.41458
    endloop
  endfacet
  facet normal 0.420859 -0.420859 -0.803589
    outer loop
      vertex 7.5914 -2.00704 -27.5593
      vertex 52.938 -2.76245 -3.41458
      vertex 6.83599 -2.76245 -27.5593
    endloop
  endfacet
  facet normal 0.269019 -0.52799 -0.805516
    outer loop
      vertex -1.35931 -7.42945 -27.5593
      vertex -1.73702 -6.26699 -28.4474
      vertex -1.12587 -5.9556 -28.4474
    endloop
  endfacet
  facet normal 0.0876542 -0.552058 -0.829186
    outer loop
      vertex -23.4311 -42.7762 -6.4335
      vertex -1.73702 -6.26699 -28.4474
      vertex -23.3882 -42.9365 -6.32224
    endloop
  endfacet
  facet normal 0.0872977 -0.551924 -0.829313
    outer loop
      vertex -1.73702 -6.26699 -28.4474
      vertex -23.4127 -43.4052 -6.01289
      vertex -23.3882 -42.9365 -6.32224
    endloop
  endfacet
  facet normal 0.0876769 -0.552064 -0.829179
    outer loop
      vertex -1.73702 -6.26699 -28.4474
      vertex -23.5809 -43.8433 -5.73899
      vertex -23.4127 -43.4052 -6.01289
    endloop
  endfacet
  facet normal 0.08727 -0.551914 -0.829322
    outer loop
      vertex -24.788 -46.1925 -4.30262
      vertex -23.5809 -43.8433 -5.73899
      vertex -1.73702 -6.26699 -28.4474
    endloop
  endfacet
  facet normal 0.0873701 -0.551946 -0.82929
    outer loop
      vertex -24.788 -46.1925 -4.30262
      vertex -23.8762 -44.208 -5.52737
      vertex -23.5809 -43.8433 -5.73899
    endloop
  endfacet
  facet normal 0.0874006 -0.551955 -0.829281
    outer loop
      vertex -24.788 -46.1925 -4.30262
      vertex -24.2698 -44.4636 -5.39873
      vertex -23.8762 -44.208 -5.52737
    endloop
  endfacet
  facet normal 0.0875378 -0.551977 -0.829252
    outer loop
      vertex -24.788 -46.1925 -4.30262
      vertex -24.4302 -44.5066 -5.38704
      vertex -24.2698 -44.4636 -5.39873
    endloop
  endfacet
  facet normal 0.0874182 -0.551965 -0.829272
    outer loop
      vertex -24.4302 -44.5066 -5.38704
      vertex -24.788 -46.1925 -4.30262
      vertex -25.4655 -46.2998 -4.30262
    endloop
  endfacet
  facet normal 0.0874256 -0.551971 -0.829268
    outer loop
      vertex -1.73702 -6.26699 -28.4474
      vertex -23.4311 -42.7762 -6.4335
      vertex -2.41447 -6.37429 -28.4474
    endloop
  endfacet
  facet normal -0.269004 -0.527988 -0.805522
    outer loop
      vertex -26.5206 -47.3549 -3.41458
      vertex -26.7541 -45.8811 -4.30262
      vertex -26.1429 -46.1925 -4.30262
    endloop
  endfacet
  facet normal -0.336915 0.337153 -0.879099
    outer loop
      vertex -27.2391 45.3961 -4.30262
      vertex -25.8102 44.2463 -5.29122
      vertex -25.9947 44.097 -5.27777
    endloop
  endfacet
  facet normal -0.337033 0.33704 -0.879098
    outer loop
      vertex -27.2391 45.3961 -4.30262
      vertex -25.9947 44.097 -5.27777
      vertex -26.2503 43.7034 -5.33068
    endloop
  endfacet
  facet normal -0.336594 0.33733 -0.879154
    outer loop
      vertex -27.2391 45.3961 -4.30262
      vertex -26.2503 43.7034 -5.33068
      vertex -26.2539 43.6898 -5.33452
    endloop
  endfacet
  facet normal -0.337025 0.337025 -0.879107
    outer loop
      vertex -25.8102 44.2463 -5.29122
      vertex -27.2391 45.3961 -4.30262
      vertex -26.7541 45.8811 -4.30262
    endloop
  endfacet
  facet normal -0.337039 0.337039 -0.879095
    outer loop
      vertex -24.5681 41.6261 -6.77205
      vertex -3.70307 5.9556 -28.4474
      vertex -4.18808 5.47059 -28.4474
    endloop
  endfacet
  facet normal -0.336911 0.337124 -0.879112
    outer loop
      vertex -3.70307 5.9556 -28.4474
      vertex -24.5681 41.6261 -6.77205
      vertex -24.3465 41.7111 -6.82438
    endloop
  endfacet
  facet normal -0.337114 0.336991 -0.879085
    outer loop
      vertex -4.18808 5.47059 -28.4474
      vertex -25.0367 41.6015 -6.60178
      vertex -24.5681 41.6261 -6.77205
    endloop
  endfacet
  facet normal -0.334791 0.338515 -0.879388
    outer loop
      vertex -25.0367 41.6015 -6.60178
      vertex -4.18808 5.47059 -28.4474
      vertex -25.0504 41.6052 -6.59514
    endloop
  endfacet
  facet normal -0.432235 0.848415 -0.305557
    outer loop
      vertex -27.9945 47.5884 -2.1923
      vertex -28.2689 47.9661 -0.755413
      vertex -26.795 48.1995 -2.1923
    endloop
  endfacet
  facet normal -0.432243 0.848407 -0.305567
    outer loop
      vertex -26.795 48.1995 -2.1923
      vertex -28.2689 47.9661 -0.755413
      vertex -26.9393 48.6435 -0.755413
    endloop
  endfacet
  facet normal -0.41901 0.41901 -0.805519
    outer loop
      vertex -27.2391 45.3961 -4.30262
      vertex -27.4725 46.8699 -3.41458
      vertex -26.7541 45.8811 -4.30262
    endloop
  endfacet
  facet normal -0.41901 0.41901 -0.805519
    outer loop
      vertex -27.4725 46.8699 -3.41458
      vertex -27.2391 45.3961 -4.30262
      vertex -28.2279 46.1145 -3.41458
    endloop
  endfacet
  facet normal 0.0488792 0.308604 -0.949934
    outer loop
      vertex -2.18104 4.90043 -28.9142
      vertex -2.41447 6.37429 -28.4474
      vertex -1.73702 6.26699 -28.4474
    endloop
  endfacet
  facet normal -0.0765374 0.483234 -0.872139
    outer loop
      vertex -23.7652 42.0896 -6.78459
      vertex -2.41447 6.37429 -28.4474
      vertex -3.09193 6.26699 -28.4474
    endloop
  endfacet
  facet normal -0.0765946 0.483207 -0.872149
    outer loop
      vertex -2.41447 6.37429 -28.4474
      vertex -23.5096 42.4832 -6.58894
      vertex -23.4311 42.7762 -6.4335
    endloop
  endfacet
  facet normal -0.0765456 0.48323 -0.872141
    outer loop
      vertex -2.41447 6.37429 -28.4474
      vertex -23.7652 42.0896 -6.78459
      vertex -23.5096 42.4832 -6.58894
    endloop
  endfacet
  facet normal -0.0755121 0.483718 -0.87196
    outer loop
      vertex -23.7652 42.0896 -6.78459
      vertex -3.09193 6.26699 -28.4474
      vertex -23.7713 42.0847 -6.78678
    endloop
  endfacet
  facet normal -0.0765765 0.483212 -0.872148
    outer loop
      vertex -24.7231 44.5851 -5.31783
      vertex -25.4655 46.2998 -4.30262
      vertex -24.4302 44.5066 -5.38704
    endloop
  endfacet
  facet normal -0.0765704 0.483214 -0.872147
    outer loop
      vertex -25.1918 44.5605 -5.29031
      vertex -25.4655 46.2998 -4.30262
      vertex -24.7231 44.5851 -5.31783
    endloop
  endfacet
  facet normal -0.0766196 0.483206 -0.872147
    outer loop
      vertex -25.1991 44.5577 -5.29122
      vertex -25.4655 46.2998 -4.30262
      vertex -25.1918 44.5605 -5.29031
    endloop
  endfacet
  facet normal -0.0765417 0.483218 -0.872148
    outer loop
      vertex -25.4655 46.2998 -4.30262
      vertex -25.1991 44.5577 -5.29122
      vertex -26.1429 46.1925 -4.30262
    endloop
  endfacet
  facet normal 0.0927343 0.585247 -0.805535
    outer loop
      vertex -24.4103 47.3549 -3.41458
      vertex -25.4655 46.2998 -4.30262
      vertex -25.4655 47.5221 -3.41458
    endloop
  endfacet
  facet normal -0.308605 -0.0488872 -0.949933
    outer loop
      vertex -3.13291 -4.41543 -28.9142
      vertex -4.60677 -4.18199 -28.4474
      vertex -3.16989 -4.18199 -28.9142
    endloop
  endfacet
  facet normal 0.308605 -0.0488748 -0.949934
    outer loop
      vertex 7.02124 0 -28.4474
      vertex 5.54739 -0.233436 -28.9142
      vertex 5.58436 0 -28.9142
    endloop
  endfacet
  facet normal 0.155257 -0.268912 -0.950569
    outer loop
      vertex -1.12587 -5.9556 -28.4474
      vertex 5.27297 -0.611142 -28.9142
      vertex 6.11755 -1.7736 -28.4474
    endloop
  endfacet
  facet normal 0.155255 -0.26891 -0.95057
    outer loop
      vertex 5.27297 -0.611142 -28.9142
      vertex -1.12587 -5.9556 -28.4474
      vertex -1.97045 -4.79313 -28.9142
    endloop
  endfacet
  facet normal 0.141848 -0.278396 -0.949934
    outer loop
      vertex -1.12587 -5.9556 -28.4474
      vertex -2.18104 -4.90043 -28.9142
      vertex -1.97045 -4.79313 -28.9142
    endloop
  endfacet
  facet normal 0.308605 0.0488748 -0.949934
    outer loop
      vertex 5.58436 0 -28.9142
      vertex 5.54739 0.233436 -28.9142
      vertex 7.02124 0 -28.4474
    endloop
  endfacet
  facet normal 0.155257 0.268912 -0.950569
    outer loop
      vertex 5.27297 0.611142 -28.9142
      vertex -1.12587 5.9556 -28.4474
      vertex 6.11755 1.7736 -28.4474
    endloop
  endfacet
  facet normal 0.155255 0.26891 -0.95057
    outer loop
      vertex -1.12587 5.9556 -28.4474
      vertex 5.27297 0.611142 -28.9142
      vertex -1.97045 4.79313 -28.9142
    endloop
  endfacet
  facet normal 0.451517 -0.230065 -0.862092
    outer loop
      vertex 52.7045 -1.2886 -4.30262
      vertex 51.0775 -0.677456 -5.31785
      vertex 53.0159 -0.677456 -4.30262
    endloop
  endfacet
  facet normal 0.451486 -0.23014 -0.862088
    outer loop
      vertex 52.7045 -1.2886 -4.30262
      vertex 50.9734 -0.881678 -5.31785
      vertex 51.0775 -0.677456 -5.31785
    endloop
  endfacet
  facet normal 0.451523 -0.230019 -0.862101
    outer loop
      vertex 52.7045 -1.2886 -4.30262
      vertex 50.6416 -1.21352 -5.40309
      vertex 50.9734 -0.881678 -5.31785
    endloop
  endfacet
  facet normal 0.451469 -0.230407 -0.862026
    outer loop
      vertex 50.6416 -1.21352 -5.40309
      vertex 52.7045 -1.2886 -4.30262
      vertex 50.4942 -1.2886 -5.46022
    endloop
  endfacet
  facet normal 0.451512 -0.229986 -0.862116
    outer loop
      vertex 48.5464 -0.881678 -6.58895
      vertex 6.91394 -0.677456 -28.4474
      vertex 48.4423 -0.677456 -6.69795
    endloop
  endfacet
  facet normal 0.451498 -0.230115 -0.862089
    outer loop
      vertex 6.60255 -1.2886 -28.4474
      vertex 48.5464 -0.881678 -6.58895
      vertex 48.8782 -1.21352 -6.3266
    endloop
  endfacet
  facet normal 0.451481 -0.23027 -0.862056
    outer loop
      vertex 6.60255 -1.2886 -28.4474
      vertex 48.8782 -1.21352 -6.3266
      vertex 49.0255 -1.2886 -6.2294
    endloop
  endfacet
  facet normal 0.451504 -0.23005 -0.862102
    outer loop
      vertex 48.5464 -0.881678 -6.58895
      vertex 6.60255 -1.2886 -28.4474
      vertex 6.91394 -0.677456 -28.4474
    endloop
  endfacet
  facet normal 0.278398 0.141849 -0.949933
    outer loop
      vertex 6.91394 0.677456 -28.4474
      vertex 5.54739 0.233436 -28.9142
      vertex 6.60255 1.2886 -28.4474
    endloop
  endfacet
  facet normal -0.210804 -0.413844 -0.885604
    outer loop
      vertex -26.1429 -46.1925 -4.30262
      vertex -25.6299 -44.3924 -5.26592
      vertex -25.1991 -44.5577 -5.29122
    endloop
  endfacet
  facet normal -0.210843 -0.413831 -0.885601
    outer loop
      vertex -26.7541 -45.8811 -4.30262
      vertex -25.6299 -44.3924 -5.26592
      vertex -26.1429 -46.1925 -4.30262
    endloop
  endfacet
  facet normal -0.210983 -0.413733 -0.885613
    outer loop
      vertex -25.6299 -44.3924 -5.26592
      vertex -26.7541 -45.8811 -4.30262
      vertex -25.8102 -44.2463 -5.29122
    endloop
  endfacet
  facet normal -0.210853 -0.413827 -0.8856
    outer loop
      vertex -24.1299 -41.7943 -6.8371
      vertex -3.09193 -6.26699 -28.4474
      vertex -23.7713 -42.0847 -6.78678
    endloop
  endfacet
  facet normal -0.210854 -0.413827 -0.8856
    outer loop
      vertex -3.09193 -6.26699 -28.4474
      vertex -24.1299 -41.7943 -6.8371
      vertex -3.70307 -5.9556 -28.4474
    endloop
  endfacet
  facet normal -0.210946 -0.413775 -0.885602
    outer loop
      vertex -3.70307 -5.9556 -28.4474
      vertex -24.1299 -41.7943 -6.8371
      vertex -24.3465 -41.7111 -6.82438
    endloop
  endfacet
  facet normal -0.141849 -0.278396 -0.949934
    outer loop
      vertex -3.09193 -6.26699 -28.4474
      vertex -3.70307 -5.9556 -28.4474
      vertex -2.64791 -4.90043 -28.9142
    endloop
  endfacet
  facet normal 0.527954 0.269002 -0.805545
    outer loop
      vertex 54.1784 1.05516 -3.41458
      vertex 52.7045 1.2886 -4.30262
      vertex 53.6934 2.00704 -3.41458
    endloop
  endfacet
  facet normal 0.527954 0.269012 -0.805542
    outer loop
      vertex 53.0159 0.677456 -4.30262
      vertex 52.7045 1.2886 -4.30262
      vertex 54.1784 1.05516 -3.41458
    endloop
  endfacet
  facet normal 0.42086 0.420854 0.803591
    outer loop
      vertex 52.938 2.76245 3.41458
      vertex 7.5914 2.00704 27.5593
      vertex 53.6934 2.00704 3.41458
    endloop
  endfacet
  facet normal 0.420859 0.420859 0.803589
    outer loop
      vertex 7.5914 2.00704 27.5593
      vertex 52.938 2.76245 3.41458
      vertex 6.83599 2.76245 27.5593
    endloop
  endfacet
  facet normal -0.141853 0.278392 0.949934
    outer loop
      vertex -2.64791 4.90043 28.9142
      vertex -3.70307 5.9556 28.4474
      vertex -2.85849 4.79313 28.9142
    endloop
  endfacet
  facet normal 0.527954 -0.269002 -0.805545
    outer loop
      vertex 53.6934 -2.00704 -3.41458
      vertex 52.7045 -1.2886 -4.30262
      vertex 54.1784 -1.05516 -3.41458
    endloop
  endfacet
  facet normal 0.527954 -0.269012 -0.805542
    outer loop
      vertex 54.1784 -1.05516 -3.41458
      vertex 52.7045 -1.2886 -4.30262
      vertex 53.0159 -0.677456 -4.30262
    endloop
  endfacet
  facet normal -0.269004 0.527988 0.805522
    outer loop
      vertex -26.5206 47.3549 3.41458
      vertex -26.7541 45.8811 4.30262
      vertex -26.1429 46.1925 4.30262
    endloop
  endfacet
  facet normal -0.210804 0.413844 0.885604
    outer loop
      vertex -26.1429 46.1925 4.30262
      vertex -25.6299 44.3924 5.26592
      vertex -25.1991 44.5577 5.29122
    endloop
  endfacet
  facet normal -0.210843 0.413831 0.885601
    outer loop
      vertex -26.7541 45.8811 4.30262
      vertex -25.6299 44.3924 5.26592
      vertex -26.1429 46.1925 4.30262
    endloop
  endfacet
  facet normal -0.210983 0.413733 0.885613
    outer loop
      vertex -25.6299 44.3924 5.26592
      vertex -26.7541 45.8811 4.30262
      vertex -25.8102 44.2463 5.29122
    endloop
  endfacet
  facet normal -0.210853 0.413827 0.8856
    outer loop
      vertex -24.1299 41.7943 6.8371
      vertex -3.09193 6.26699 28.4474
      vertex -23.7713 42.0847 6.78678
    endloop
  endfacet
  facet normal -0.210854 0.413827 0.8856
    outer loop
      vertex -3.09193 6.26699 28.4474
      vertex -24.1299 41.7943 6.8371
      vertex -3.70307 5.9556 28.4474
    endloop
  endfacet
  facet normal -0.210946 0.413775 0.885602
    outer loop
      vertex -3.70307 5.9556 28.4474
      vertex -24.1299 41.7943 6.8371
      vertex -24.3465 41.7111 6.82438
    endloop
  endfacet
  facet normal -0.337025 0.337025 0.879107
    outer loop
      vertex -27.2391 45.3961 4.30262
      vertex -25.8102 44.2463 5.29122
      vertex -26.7541 45.8811 4.30262
    endloop
  endfacet
  facet normal -0.336915 0.337153 0.879099
    outer loop
      vertex -25.8102 44.2463 5.29122
      vertex -27.2391 45.3961 4.30262
      vertex -25.9947 44.097 5.27777
    endloop
  endfacet
  facet normal -0.337033 0.33704 0.879098
    outer loop
      vertex -25.9947 44.097 5.27777
      vertex -27.2391 45.3961 4.30262
      vertex -26.2503 43.7034 5.33068
    endloop
  endfacet
  facet normal -0.336594 0.33733 0.879154
    outer loop
      vertex -26.2503 43.7034 5.33068
      vertex -27.2391 45.3961 4.30262
      vertex -26.2539 43.6898 5.33452
    endloop
  endfacet
  facet normal -0.336911 0.337124 0.879112
    outer loop
      vertex -24.5681 41.6261 6.77205
      vertex -3.70307 5.9556 28.4474
      vertex -24.3465 41.7111 6.82438
    endloop
  endfacet
  facet normal -0.337039 0.337039 0.879095
    outer loop
      vertex -3.70307 5.9556 28.4474
      vertex -24.5681 41.6261 6.77205
      vertex -4.18808 5.47059 28.4474
    endloop
  endfacet
  facet normal -0.337114 0.336991 0.879085
    outer loop
      vertex -25.0367 41.6015 6.60178
      vertex -4.18808 5.47059 28.4474
      vertex -24.5681 41.6261 6.77205
    endloop
  endfacet
  facet normal -0.334791 0.338515 0.879388
    outer loop
      vertex -4.18808 5.47059 28.4474
      vertex -25.0367 41.6015 6.60178
      vertex -25.0504 41.6052 6.59514
    endloop
  endfacet
  facet normal 0.308606 0.0488791 0.949933
    outer loop
      vertex 6.91394 0.677456 28.4474
      vertex 5.54739 0.233436 28.9142
      vertex 7.02124 0 28.4474
    endloop
  endfacet
  facet normal -0.0927431 0.585246 0.805534
    outer loop
      vertex -25.4655 47.5221 3.41458
      vertex -26.5206 47.3549 3.41458
      vertex -25.4655 46.2998 4.30262
    endloop
  endfacet
  facet normal -0.127161 0.802435 0.583033
    outer loop
      vertex -25.4655 47.5221 3.41458
      vertex -26.795 48.1995 2.1923
      vertex -26.5206 47.3549 3.41458
    endloop
  endfacet
  facet normal -0.0488785 0.308604 0.949934
    outer loop
      vertex -2.41447 6.37429 28.4474
      vertex -3.09193 6.26699 28.4474
      vertex -2.64791 4.90043 28.9142
    endloop
  endfacet
  facet normal -0.141849 0.278396 0.949934
    outer loop
      vertex -3.09193 6.26699 28.4474
      vertex -3.70307 5.9556 28.4474
      vertex -2.64791 4.90043 28.9142
    endloop
  endfacet
  facet normal 0.141847 0.278397 0.949934
    outer loop
      vertex -1.73702 6.26699 28.4474
      vertex -2.18104 4.90043 28.9142
      vertex -1.12587 5.9556 28.4474
    endloop
  endfacet
  facet normal 0.269027 -0.52799 0.805513
    outer loop
      vertex -1.12587 -5.9556 28.4474
      vertex -1.35931 -7.42945 27.5593
      vertex -0.407434 -6.94444 27.5593
    endloop
  endfacet
  facet normal 0.314679 -0.617585 0.720809
    outer loop
      vertex -1.35931 -7.42945 27.5593
      vertex -23.4584 -46.8699 3.41458
      vertex -0.407434 -6.94444 27.5593
    endloop
  endfacet
  facet normal 0.314663 -0.617582 0.720819
    outer loop
      vertex -23.4584 -46.8699 3.41458
      vertex -1.35931 -7.42945 27.5593
      vertex -24.4103 -47.3549 3.41458
    endloop
  endfacet
  facet normal -0.802446 -0.127086 0.583034
    outer loop
      vertex -28.88 -44.1075 3.41458
      vertex -29.5575 -45.4371 2.1923
      vertex -28.7129 -45.1626 3.41458
    endloop
  endfacet
  facet normal -0.802436 -0.127101 0.583045
    outer loop
      vertex -28.88 -44.1075 3.41458
      vertex -29.7681 -44.1075 2.1923
      vertex -29.5575 -45.4371 2.1923
    endloop
  endfacet
  facet normal -0.156482 -0.987681 0
    outer loop
      vertex -26.9393 -48.6435 -0.755413
      vertex -25.4655 -48.877 0.755413
      vertex -26.9393 -48.6435 0.755413
    endloop
  endfacet
  facet normal -0.156482 -0.987681 -0
    outer loop
      vertex -25.4655 -48.877 0.755413
      vertex -26.9393 -48.6435 -0.755413
      vertex -25.4655 -48.877 -0.755413
    endloop
  endfacet
  facet normal -0.707107 -0.707107 0
    outer loop
      vertex -28.2689 -47.9661 -0.755413
      vertex -29.3241 -46.9109 0.755413
      vertex -29.3241 -46.9109 -0.755413
    endloop
  endfacet
  facet normal -0.707107 -0.707107 0
    outer loop
      vertex -29.3241 -46.9109 0.755413
      vertex -28.2689 -47.9661 -0.755413
      vertex -28.2689 -47.9661 0.755413
    endloop
  endfacet
  facet normal -0.0927431 -0.585246 0.805534
    outer loop
      vertex -25.4655 -46.2998 4.30262
      vertex -26.5206 -47.3549 3.41458
      vertex -25.4655 -47.5221 3.41458
    endloop
  endfacet
  facet normal -0.432235 -0.848415 0.305557
    outer loop
      vertex -27.9945 -47.5884 2.1923
      vertex -28.2689 -47.9661 0.755413
      vertex -26.795 -48.1995 2.1923
    endloop
  endfacet
  facet normal -0.58528 -0.0927 0.805515
    outer loop
      vertex -4.60677 -4.18199 28.4474
      vertex -5.66193 -5.23715 27.5593
      vertex -4.49947 -4.85945 28.4474
    endloop
  endfacet
  facet normal -0.565 -0.162941 0.808842
    outer loop
      vertex -5.66193 -5.23715 27.5593
      vertex -26.046 -42.179 5.87852
      vertex -4.49947 -4.85945 28.4474
    endloop
  endfacet
  facet normal -0.564993 -0.162947 0.808846
    outer loop
      vertex -28.7129 -45.1626 3.41458
      vertex -26.046 -42.179 5.87852
      vertex -5.66193 -5.23715 27.5593
    endloop
  endfacet
  facet normal -0.564839 -0.16314 0.808914
    outer loop
      vertex -28.7129 -45.1626 3.41458
      vertex -26.2547 -42.5407 5.65984
      vertex -26.179 -42.3433 5.75251
    endloop
  endfacet
  facet normal -0.564638 -0.163395 0.809003
    outer loop
      vertex -26.046 -42.179 5.87852
      vertex -28.7129 -45.1626 3.41458
      vertex -26.179 -42.3433 5.75251
    endloop
  endfacet
  facet normal -0.564992 -0.162939 0.808848
    outer loop
      vertex -26.2547 -42.5407 5.65984
      vertex -28.7129 -45.1626 3.41458
      vertex -27.5505 -44.7849 4.30262
    endloop
  endfacet
  facet normal 0.0876542 -0.552058 0.829186
    outer loop
      vertex -1.73702 -6.26699 28.4474
      vertex -23.4311 -42.7762 6.4335
      vertex -23.3882 -42.9365 6.32224
    endloop
  endfacet
  facet normal 0.0874256 -0.551971 0.829268
    outer loop
      vertex -23.4311 -42.7762 6.4335
      vertex -1.73702 -6.26699 28.4474
      vertex -2.41447 -6.37429 28.4474
    endloop
  endfacet
  facet normal 0.0872977 -0.551924 0.829313
    outer loop
      vertex -23.4127 -43.4052 6.01289
      vertex -1.73702 -6.26699 28.4474
      vertex -23.3882 -42.9365 6.32224
    endloop
  endfacet
  facet normal 0.0876769 -0.552064 0.829179
    outer loop
      vertex -23.5809 -43.8433 5.73899
      vertex -1.73702 -6.26699 28.4474
      vertex -23.4127 -43.4052 6.01289
    endloop
  endfacet
  facet normal 0.08727 -0.551914 0.829322
    outer loop
      vertex -23.5809 -43.8433 5.73899
      vertex -24.788 -46.1925 4.30262
      vertex -1.73702 -6.26699 28.4474
    endloop
  endfacet
  facet normal 0.0873701 -0.551946 0.82929
    outer loop
      vertex -23.8762 -44.208 5.52737
      vertex -24.788 -46.1925 4.30262
      vertex -23.5809 -43.8433 5.73899
    endloop
  endfacet
  facet normal 0.0874006 -0.551955 0.829281
    outer loop
      vertex -24.2698 -44.4636 5.39873
      vertex -24.788 -46.1925 4.30262
      vertex -23.8762 -44.208 5.52737
    endloop
  endfacet
  facet normal 0.0875378 -0.551977 0.829252
    outer loop
      vertex -24.4302 -44.5066 5.38704
      vertex -24.788 -46.1925 4.30262
      vertex -24.2698 -44.4636 5.39873
    endloop
  endfacet
  facet normal 0.0874182 -0.551965 0.829272
    outer loop
      vertex -24.788 -46.1925 4.30262
      vertex -24.4302 -44.5066 5.38704
      vertex -25.4655 -46.2998 4.30262
    endloop
  endfacet
  facet normal -0.471946 -0.240467 0.8482
    outer loop
      vertex -4.49947 -4.85945 28.4474
      vertex -25.0504 -41.6052 6.59514
      vertex -4.18808 -5.47059 28.4474
    endloop
  endfacet
  facet normal -0.471995 -0.24043 0.848183
    outer loop
      vertex -4.49947 -4.85945 28.4474
      vertex -25.49 -41.723 6.31712
      vertex -25.0504 -41.6052 6.59514
    endloop
  endfacet
  facet normal -0.471928 -0.240482 0.848205
    outer loop
      vertex -4.49947 -4.85945 28.4474
      vertex -25.8836 -41.9786 6.02566
      vertex -25.49 -41.723 6.31712
    endloop
  endfacet
  facet normal -0.471413 -0.240882 0.848378
    outer loop
      vertex -25.8836 -41.9786 6.02566
      vertex -4.49947 -4.85945 28.4474
      vertex -26.046 -42.179 5.87852
    endloop
  endfacet
  facet normal -0.471825 -0.240573 0.848237
    outer loop
      vertex -27.5505 -44.7849 4.30262
      vertex -26.3717 -43.2501 5.39361
      vertex -26.3472 -42.7815 5.54014
    endloop
  endfacet
  facet normal -0.471949 -0.240453 0.848202
    outer loop
      vertex -26.3717 -43.2501 5.39361
      vertex -27.5505 -44.7849 4.30262
      vertex -27.2391 -45.3961 4.30262
    endloop
  endfacet
  facet normal -0.472469 -0.240055 0.848025
    outer loop
      vertex -27.5505 -44.7849 4.30262
      vertex -26.3472 -42.7815 5.54014
      vertex -26.2547 -42.5407 5.65984
    endloop
  endfacet
  facet normal -0.47198 -0.240434 0.84819
    outer loop
      vertex -26.2539 -43.6898 5.33452
      vertex -26.3717 -43.2501 5.39361
      vertex -27.2391 -45.3961 4.30262
    endloop
  endfacet
  facet normal -0.0488785 -0.308604 0.949934
    outer loop
      vertex -2.64791 -4.90043 28.9142
      vertex -3.09193 -6.26699 28.4474
      vertex -2.41447 -6.37429 28.4474
    endloop
  endfacet
  facet normal -0.269013 -0.527987 0.805519
    outer loop
      vertex -26.7541 -45.8811 4.30262
      vertex -27.4725 -46.8699 3.41458
      vertex -26.5206 -47.3549 3.41458
    endloop
  endfacet
  facet normal -0.210804 -0.413844 0.885604
    outer loop
      vertex -25.6299 -44.3924 5.26592
      vertex -26.1429 -46.1925 4.30262
      vertex -25.1991 -44.5577 5.29122
    endloop
  endfacet
  facet normal -0.210983 -0.413733 0.885613
    outer loop
      vertex -26.7541 -45.8811 4.30262
      vertex -25.6299 -44.3924 5.26592
      vertex -25.8102 -44.2463 5.29122
    endloop
  endfacet
  facet normal -0.210843 -0.413831 0.885601
    outer loop
      vertex -25.6299 -44.3924 5.26592
      vertex -26.7541 -45.8811 4.30262
      vertex -26.1429 -46.1925 4.30262
    endloop
  endfacet
  facet normal -0.210854 -0.413827 0.8856
    outer loop
      vertex -24.1299 -41.7943 6.8371
      vertex -3.09193 -6.26699 28.4474
      vertex -3.70307 -5.9556 28.4474
    endloop
  endfacet
  facet normal -0.210853 -0.413827 0.8856
    outer loop
      vertex -3.09193 -6.26699 28.4474
      vertex -24.1299 -41.7943 6.8371
      vertex -23.7713 -42.0847 6.78678
    endloop
  endfacet
  facet normal -0.210946 -0.413775 0.885602
    outer loop
      vertex -24.1299 -41.7943 6.8371
      vertex -3.70307 -5.9556 28.4474
      vertex -24.3465 -41.7111 6.82438
    endloop
  endfacet
  facet normal 0.156472 -0.987682 0
    outer loop
      vertex -25.4655 -48.877 -0.755413
      vertex -23.9916 -48.6435 0.755413
      vertex -25.4655 -48.877 0.755413
    endloop
  endfacet
  facet normal 0.156472 -0.987682 0
    outer loop
      vertex -23.9916 -48.6435 0.755413
      vertex -25.4655 -48.877 -0.755413
      vertex -23.9916 -48.6435 -0.755413
    endloop
  endfacet
  facet normal 0.148988 -0.940444 -0.305561
    outer loop
      vertex -23.9916 -48.6435 -0.755413
      vertex -25.4655 -48.877 -0.755413
      vertex -24.1359 -48.1995 -2.1923
    endloop
  endfacet
  facet normal 0.673317 -0.673261 -0.305556
    outer loop
      vertex 54.4118 -2.52902 -2.1923
      vertex 53.7344 -3.8586 -0.755413
      vertex 53.46 -3.4809 -2.1923
    endloop
  endfacet
  facet normal 0.673305 -0.673267 -0.305567
    outer loop
      vertex 53.7344 -3.8586 -0.755413
      vertex 54.4118 -2.52902 -2.1923
      vertex 54.7895 -2.80344 -0.755413
    endloop
  endfacet
  facet normal 0.368836 -0.723907 -0.583026
    outer loop
      vertex -24.1359 -48.1995 -2.1923
      vertex -24.4103 -47.3549 -3.41458
      vertex -23.4584 -46.8699 -3.41458
    endloop
  endfacet
  facet normal 0.314679 -0.617585 -0.720809
    outer loop
      vertex -23.4584 -46.8699 -3.41458
      vertex -1.35931 -7.42945 -27.5593
      vertex -0.407434 -6.94444 -27.5593
    endloop
  endfacet
  facet normal 0.314663 -0.617582 -0.720819
    outer loop
      vertex -1.35931 -7.42945 -27.5593
      vertex -23.4584 -46.8699 -3.41458
      vertex -24.4103 -47.3549 -3.41458
    endloop
  endfacet
  facet normal -0.0488785 -0.308604 -0.949934
    outer loop
      vertex -2.41447 -6.37429 -28.4474
      vertex -3.09193 -6.26699 -28.4474
      vertex -2.64791 -4.90043 -28.9142
    endloop
  endfacet
  facet normal -0.631798 0.100066 -0.768647
    outer loop
      vertex -28.88 44.1075 -3.41458
      vertex -5.66193 5.23715 -27.5593
      vertex -5.82905 4.18199 -27.5593
    endloop
  endfacet
  facet normal -0.631804 0.100061 -0.768643
    outer loop
      vertex -5.66193 5.23715 -27.5593
      vertex -28.88 44.1075 -3.41458
      vertex -28.7129 45.1626 -3.41458
    endloop
  endfacet
  facet normal -0.802446 0.127086 -0.583034
    outer loop
      vertex -28.88 44.1075 -3.41458
      vertex -29.5575 45.4371 -2.1923
      vertex -28.7129 45.1626 -3.41458
    endloop
  endfacet
  facet normal -0.0927068 0.585271 -0.80552
    outer loop
      vertex -26.1429 46.1925 -4.30262
      vertex -26.5206 47.3549 -3.41458
      vertex -25.4655 46.2998 -4.30262
    endloop
  endfacet
  facet normal 0.0876542 0.552058 -0.829186
    outer loop
      vertex -1.73702 6.26699 -28.4474
      vertex -23.4311 42.7762 -6.4335
      vertex -23.3882 42.9365 -6.32224
    endloop
  endfacet
  facet normal 0.0874256 0.551971 -0.829268
    outer loop
      vertex -23.4311 42.7762 -6.4335
      vertex -1.73702 6.26699 -28.4474
      vertex -2.41447 6.37429 -28.4474
    endloop
  endfacet
  facet normal 0.0872977 0.551924 -0.829313
    outer loop
      vertex -23.4127 43.4052 -6.01289
      vertex -1.73702 6.26699 -28.4474
      vertex -23.3882 42.9365 -6.32224
    endloop
  endfacet
  facet normal 0.0876769 0.552064 -0.829179
    outer loop
      vertex -23.5809 43.8433 -5.73899
      vertex -1.73702 6.26699 -28.4474
      vertex -23.4127 43.4052 -6.01289
    endloop
  endfacet
  facet normal 0.08727 0.551914 -0.829322
    outer loop
      vertex -23.5809 43.8433 -5.73899
      vertex -24.788 46.1925 -4.30262
      vertex -1.73702 6.26699 -28.4474
    endloop
  endfacet
  facet normal 0.0873701 0.551946 -0.82929
    outer loop
      vertex -23.8762 44.208 -5.52737
      vertex -24.788 46.1925 -4.30262
      vertex -23.5809 43.8433 -5.73899
    endloop
  endfacet
  facet normal 0.0874006 0.551955 -0.829281
    outer loop
      vertex -24.2698 44.4636 -5.39873
      vertex -24.788 46.1925 -4.30262
      vertex -23.8762 44.208 -5.52737
    endloop
  endfacet
  facet normal 0.0875378 0.551977 -0.829252
    outer loop
      vertex -24.4302 44.5066 -5.38704
      vertex -24.788 46.1925 -4.30262
      vertex -24.2698 44.4636 -5.39873
    endloop
  endfacet
  facet normal 0.0874182 0.551965 -0.829272
    outer loop
      vertex -24.788 46.1925 -4.30262
      vertex -24.4302 44.5066 -5.38704
      vertex -25.4655 46.2998 -4.30262
    endloop
  endfacet
  facet normal 0.0926937 0.585275 -0.805519
    outer loop
      vertex -24.788 46.1925 -4.30262
      vertex -25.4655 46.2998 -4.30262
      vertex -24.4103 47.3549 -3.41458
    endloop
  endfacet
  facet normal 0.127106 0.802467 -0.583001
    outer loop
      vertex -24.1359 48.1995 -2.1923
      vertex -25.4655 47.5221 -3.41458
      vertex -25.4655 48.4101 -2.1923
    endloop
  endfacet
  facet normal 0.127149 0.802438 -0.583032
    outer loop
      vertex -24.4103 47.3549 -3.41458
      vertex -25.4655 47.5221 -3.41458
      vertex -24.1359 48.1995 -2.1923
    endloop
  endfacet
  facet normal -0.308975 0 -0.95107
    outer loop
      vertex -4.60677 -4.18199 -28.4474
      vertex -3.16989 4.18199 -28.9142
      vertex -3.16989 -4.18199 -28.9142
    endloop
  endfacet
  facet normal -0.308975 0 -0.95107
    outer loop
      vertex -3.16989 4.18199 -28.9142
      vertex -4.60677 -4.18199 -28.4474
      vertex -4.60677 4.18199 -28.4474
    endloop
  endfacet
  facet normal -0.220928 -0.220941 -0.949935
    outer loop
      vertex -3.70307 -5.9556 -28.4474
      vertex -3.02562 -4.62601 -28.9142
      vertex -2.85849 -4.79313 -28.9142
    endloop
  endfacet
  facet normal -0.220937 -0.220937 -0.949934
    outer loop
      vertex -3.02562 -4.62601 -28.9142
      vertex -3.70307 -5.9556 -28.4474
      vertex -4.18808 -5.47059 -28.4474
    endloop
  endfacet
  facet normal 0.0488758 -0.308604 -0.949934
    outer loop
      vertex -2.18104 -4.90043 -28.9142
      vertex -2.41447 -6.37429 -28.4474
      vertex -2.41447 -4.9374 -28.9142
    endloop
  endfacet
  facet normal -0.0488737 -0.308604 -0.949934
    outer loop
      vertex -2.41447 -6.37429 -28.4474
      vertex -2.64791 -4.90043 -28.9142
      vertex -2.41447 -4.9374 -28.9142
    endloop
  endfacet
  facet normal -0.278396 0.141849 -0.949934
    outer loop
      vertex -3.13291 4.41543 -28.9142
      vertex -4.49947 4.85945 -28.4474
      vertex -4.18808 5.47059 -28.4474
    endloop
  endfacet
  facet normal -0.308605 0.0488872 -0.949933
    outer loop
      vertex -3.16989 4.18199 -28.9142
      vertex -4.60677 4.18199 -28.4474
      vertex -3.13291 4.41543 -28.9142
    endloop
  endfacet
  facet normal -0.278401 0.141845 -0.949933
    outer loop
      vertex -3.13291 4.41543 -28.9142
      vertex -4.18808 5.47059 -28.4474
      vertex -3.02562 4.62601 -28.9142
    endloop
  endfacet
  facet normal 0.141848 0.278396 -0.949934
    outer loop
      vertex -1.97045 4.79313 -28.9142
      vertex -2.18104 4.90043 -28.9142
      vertex -1.12587 5.9556 -28.4474
    endloop
  endfacet
  facet normal -0.0765765 -0.483212 -0.872148
    outer loop
      vertex -25.4655 -46.2998 -4.30262
      vertex -24.7231 -44.5851 -5.31783
      vertex -24.4302 -44.5066 -5.38704
    endloop
  endfacet
  facet normal -0.0765704 -0.483214 -0.872147
    outer loop
      vertex -25.4655 -46.2998 -4.30262
      vertex -25.1918 -44.5605 -5.29031
      vertex -24.7231 -44.5851 -5.31783
    endloop
  endfacet
  facet normal -0.0766196 -0.483206 -0.872147
    outer loop
      vertex -25.4655 -46.2998 -4.30262
      vertex -25.1991 -44.5577 -5.29122
      vertex -25.1918 -44.5605 -5.29031
    endloop
  endfacet
  facet normal -0.0765417 -0.483218 -0.872148
    outer loop
      vertex -25.1991 -44.5577 -5.29122
      vertex -25.4655 -46.2998 -4.30262
      vertex -26.1429 -46.1925 -4.30262
    endloop
  endfacet
  facet normal -0.0765946 -0.483207 -0.872149
    outer loop
      vertex -23.5096 -42.4832 -6.58894
      vertex -2.41447 -6.37429 -28.4474
      vertex -23.4311 -42.7762 -6.4335
    endloop
  endfacet
  facet normal -0.0765456 -0.48323 -0.872141
    outer loop
      vertex -23.7652 -42.0896 -6.78459
      vertex -2.41447 -6.37429 -28.4474
      vertex -23.5096 -42.4832 -6.58894
    endloop
  endfacet
  facet normal -0.0765374 -0.483234 -0.872139
    outer loop
      vertex -2.41447 -6.37429 -28.4474
      vertex -23.7652 -42.0896 -6.78459
      vertex -3.09193 -6.26699 -28.4474
    endloop
  endfacet
  facet normal -0.0755121 -0.483718 -0.87196
    outer loop
      vertex -3.09193 -6.26699 -28.4474
      vertex -23.7652 -42.0896 -6.78459
      vertex -23.7713 -42.0847 -6.78678
    endloop
  endfacet
  facet normal -0.527988 -0.269004 -0.805522
    outer loop
      vertex -27.2391 -45.3961 -4.30262
      vertex -28.7129 -45.1626 -3.41458
      vertex -27.5505 -44.7849 -4.30262
    endloop
  endfacet
  facet normal -0.527987 -0.269013 -0.805519
    outer loop
      vertex -28.2279 -46.1145 -3.41458
      vertex -28.7129 -45.1626 -3.41458
      vertex -27.2391 -45.3961 -4.30262
    endloop
  endfacet
  facet normal 0.451512 0.229986 0.862116
    outer loop
      vertex 48.5464 0.881678 6.58895
      vertex 6.91394 0.677456 28.4474
      vertex 48.4423 0.677456 6.69795
    endloop
  endfacet
  facet normal 0.451498 0.230115 0.862089
    outer loop
      vertex 6.60255 1.2886 28.4474
      vertex 48.5464 0.881678 6.58895
      vertex 48.8782 1.21352 6.3266
    endloop
  endfacet
  facet normal 0.451481 0.23027 0.862056
    outer loop
      vertex 6.60255 1.2886 28.4474
      vertex 48.8782 1.21352 6.3266
      vertex 49.0255 1.2886 6.2294
    endloop
  endfacet
  facet normal 0.451504 0.23005 0.862102
    outer loop
      vertex 48.5464 0.881678 6.58895
      vertex 6.60255 1.2886 28.4474
      vertex 6.91394 0.677456 28.4474
    endloop
  endfacet
  facet normal 0.451517 0.230065 0.862092
    outer loop
      vertex 52.7045 1.2886 4.30262
      vertex 51.0775 0.677456 5.31785
      vertex 53.0159 0.677456 4.30262
    endloop
  endfacet
  facet normal 0.451486 0.23014 0.862088
    outer loop
      vertex 52.7045 1.2886 4.30262
      vertex 50.9734 0.881678 5.31785
      vertex 51.0775 0.677456 5.31785
    endloop
  endfacet
  facet normal 0.451523 0.230019 0.862101
    outer loop
      vertex 52.7045 1.2886 4.30262
      vertex 50.6416 1.21352 5.40309
      vertex 50.9734 0.881678 5.31785
    endloop
  endfacet
  facet normal 0.451469 0.230407 0.862026
    outer loop
      vertex 50.6416 1.21352 5.40309
      vertex 52.7045 1.2886 4.30262
      vertex 50.4942 1.2886 5.46022
    endloop
  endfacet
  facet normal 0.451517 -0.230065 0.862092
    outer loop
      vertex 51.0775 -0.677456 5.31785
      vertex 52.7045 -1.2886 4.30262
      vertex 53.0159 -0.677456 4.30262
    endloop
  endfacet
  facet normal 0.451486 -0.23014 0.862088
    outer loop
      vertex 50.9734 -0.881678 5.31785
      vertex 52.7045 -1.2886 4.30262
      vertex 51.0775 -0.677456 5.31785
    endloop
  endfacet
  facet normal 0.451523 -0.230019 0.862101
    outer loop
      vertex 50.6416 -1.21352 5.40309
      vertex 52.7045 -1.2886 4.30262
      vertex 50.9734 -0.881678 5.31785
    endloop
  endfacet
  facet normal 0.451469 -0.230407 0.862026
    outer loop
      vertex 52.7045 -1.2886 4.30262
      vertex 50.6416 -1.21352 5.40309
      vertex 50.4942 -1.2886 5.46022
    endloop
  endfacet
  facet normal 0.451512 -0.229986 0.862116
    outer loop
      vertex 6.91394 -0.677456 28.4474
      vertex 48.5464 -0.881678 6.58895
      vertex 48.4423 -0.677456 6.69795
    endloop
  endfacet
  facet normal 0.451504 -0.23005 0.862102
    outer loop
      vertex 6.60255 -1.2886 28.4474
      vertex 48.5464 -0.881678 6.58895
      vertex 6.91394 -0.677456 28.4474
    endloop
  endfacet
  facet normal 0.451498 -0.230115 0.862089
    outer loop
      vertex 48.5464 -0.881678 6.58895
      vertex 6.60255 -1.2886 28.4474
      vertex 48.8782 -1.21352 6.3266
    endloop
  endfacet
  facet normal 0.451481 -0.23027 0.862056
    outer loop
      vertex 48.8782 -1.21352 6.3266
      vertex 6.60255 -1.2886 28.4474
      vertex 49.0255 -1.2886 6.2294
    endloop
  endfacet
  facet normal 0.141847 -0.278397 0.949934
    outer loop
      vertex -1.12587 -5.9556 28.4474
      vertex -2.18104 -4.90043 28.9142
      vertex -1.73702 -6.26699 28.4474
    endloop
  endfacet
  facet normal 0.308605 0.0488748 0.949934
    outer loop
      vertex 7.02124 0 28.4474
      vertex 5.54739 0.233436 28.9142
      vertex 5.58436 0 28.9142
    endloop
  endfacet
  facet normal -0.527988 -0.269004 0.805522
    outer loop
      vertex -27.5505 -44.7849 4.30262
      vertex -28.7129 -45.1626 3.41458
      vertex -27.2391 -45.3961 4.30262
    endloop
  endfacet
  facet normal -0.527987 -0.269013 0.805519
    outer loop
      vertex -27.2391 -45.3961 4.30262
      vertex -28.7129 -45.1626 3.41458
      vertex -28.2279 -46.1145 3.41458
    endloop
  endfacet
  facet normal -0.141849 -0.278396 0.949934
    outer loop
      vertex -2.64791 -4.90043 28.9142
      vertex -3.70307 -5.9556 28.4474
      vertex -3.09193 -6.26699 28.4474
    endloop
  endfacet
  facet normal 0.141848 -0.278396 0.949934
    outer loop
      vertex -1.97045 -4.79313 28.9142
      vertex -2.18104 -4.90043 28.9142
      vertex -1.12587 -5.9556 28.4474
    endloop
  endfacet
  facet normal 0.278395 0.141852 0.949934
    outer loop
      vertex 6.60255 1.2886 28.4474
      vertex 5.44009 0.44402 28.9142
      vertex 5.54739 0.233436 28.9142
    endloop
  endfacet
  facet normal 0.155257 -0.268912 0.950569
    outer loop
      vertex 5.27297 -0.611142 28.9142
      vertex -1.12587 -5.9556 28.4474
      vertex 6.11755 -1.7736 28.4474
    endloop
  endfacet
  facet normal 0.155255 -0.26891 0.95057
    outer loop
      vertex -1.12587 -5.9556 28.4474
      vertex 5.27297 -0.611142 28.9142
      vertex -1.97045 -4.79313 28.9142
    endloop
  endfacet
  facet normal 0.278398 0.141849 0.949933
    outer loop
      vertex 6.60255 1.2886 28.4474
      vertex 5.54739 0.233436 28.9142
      vertex 6.91394 0.677456 28.4474
    endloop
  endfacet
  facet normal 0.294962 -0.510889 0.807459
    outer loop
      vertex 6.11755 -1.7736 28.4474
      vertex -0.407434 -6.94444 27.5593
      vertex 6.83599 -2.76245 27.5593
    endloop
  endfacet
  facet normal 0.294964 -0.510891 0.807457
    outer loop
      vertex -0.407434 -6.94444 27.5593
      vertex 6.11755 -1.7736 28.4474
      vertex -1.12587 -5.9556 28.4474
    endloop
  endfacet
  facet normal -0.278401 -0.141845 0.949933
    outer loop
      vertex -3.13291 -4.41543 28.9142
      vertex -4.18808 -5.47059 28.4474
      vertex -3.02562 -4.62601 28.9142
    endloop
  endfacet
  facet normal -0.891024 -0.453956 0
    outer loop
      vertex -29.3241 -46.9109 -0.755413
      vertex -30.0015 -45.5813 0.755413
      vertex -30.0015 -45.5813 -0.755413
    endloop
  endfacet
  facet normal -0.891024 -0.453956 0
    outer loop
      vertex -30.0015 -45.5813 0.755413
      vertex -29.3241 -46.9109 -0.755413
      vertex -29.3241 -46.9109 0.755413
    endloop
  endfacet
  facet normal -0.673288 -0.673288 0.305557
    outer loop
      vertex -29.3241 -46.9109 0.755413
      vertex -27.9945 -47.5884 2.1923
      vertex -28.9464 -46.6365 2.1923
    endloop
  endfacet
  facet normal -0.673288 -0.673288 0.305557
    outer loop
      vertex -27.9945 -47.5884 2.1923
      vertex -29.3241 -46.9109 0.755413
      vertex -28.2689 -47.9661 0.755413
    endloop
  endfacet
  facet normal -0.308605 -0.0488872 0.949933
    outer loop
      vertex -3.16989 -4.18199 28.9142
      vertex -4.60677 -4.18199 28.4474
      vertex -3.13291 -4.41543 28.9142
    endloop
  endfacet
  facet normal -0.368836 -0.723907 0.583026
    outer loop
      vertex -26.5206 -47.3549 3.41458
      vertex -27.4725 -46.8699 3.41458
      vertex -26.795 -48.1995 2.1923
    endloop
  endfacet
  facet normal -0.127161 -0.802435 0.583033
    outer loop
      vertex -26.5206 -47.3549 3.41458
      vertex -26.795 -48.1995 2.1923
      vertex -25.4655 -47.5221 3.41458
    endloop
  endfacet
  facet normal 0.0926937 -0.585275 0.805519
    outer loop
      vertex -24.788 -46.1925 4.30262
      vertex -25.4655 -46.2998 4.30262
      vertex -24.4103 -47.3549 3.41458
    endloop
  endfacet
  facet normal 0.142657 -0.571193 0.808324
    outer loop
      vertex -24.788 -46.1925 4.30262
      vertex -1.35931 -7.42945 27.5593
      vertex -1.73702 -6.26699 28.4474
    endloop
  endfacet
  facet normal 0.142646 -0.571189 0.808328
    outer loop
      vertex -1.35931 -7.42945 27.5593
      vertex -24.788 -46.1925 4.30262
      vertex -24.4103 -47.3549 3.41458
    endloop
  endfacet
  facet normal -0.148998 -0.940442 -0.305561
    outer loop
      vertex -25.4655 -48.877 -0.755413
      vertex -26.9393 -48.6435 -0.755413
      vertex -26.795 -48.1995 -2.1923
    endloop
  endfacet
  facet normal 0.14896 -0.940441 -0.305585
    outer loop
      vertex -24.1359 -48.1995 -2.1923
      vertex -25.4655 -48.877 -0.755413
      vertex -25.4655 -48.4101 -2.1923
    endloop
  endfacet
  facet normal -0.148971 -0.940439 -0.305585
    outer loop
      vertex -25.4655 -48.877 -0.755413
      vertex -26.795 -48.1995 -2.1923
      vertex -25.4655 -48.4101 -2.1923
    endloop
  endfacet
  facet normal 0.127149 -0.802438 -0.583032
    outer loop
      vertex -24.1359 -48.1995 -2.1923
      vertex -25.4655 -47.5221 -3.41458
      vertex -24.4103 -47.3549 -3.41458
    endloop
  endfacet
  facet normal 0.127106 -0.802467 -0.583001
    outer loop
      vertex -24.1359 -48.1995 -2.1923
      vertex -25.4655 -48.4101 -2.1923
      vertex -25.4655 -47.5221 -3.41458
    endloop
  endfacet
  facet normal 0.0488792 -0.308604 -0.949934
    outer loop
      vertex -1.73702 -6.26699 -28.4474
      vertex -2.41447 -6.37429 -28.4474
      vertex -2.18104 -4.90043 -28.9142
    endloop
  endfacet
  facet normal 0.141847 -0.278397 -0.949934
    outer loop
      vertex -1.73702 -6.26699 -28.4474
      vertex -2.18104 -4.90043 -28.9142
      vertex -1.12587 -5.9556 -28.4474
    endloop
  endfacet
  facet normal -0.471825 0.240573 -0.848237
    outer loop
      vertex -27.5505 44.7849 -4.30262
      vertex -26.3717 43.2501 -5.39361
      vertex -26.3472 42.7815 -5.54014
    endloop
  endfacet
  facet normal -0.471949 0.240453 -0.848202
    outer loop
      vertex -26.3717 43.2501 -5.39361
      vertex -27.5505 44.7849 -4.30262
      vertex -27.2391 45.3961 -4.30262
    endloop
  endfacet
  facet normal -0.472469 0.240055 -0.848025
    outer loop
      vertex -27.5505 44.7849 -4.30262
      vertex -26.3472 42.7815 -5.54014
      vertex -26.2547 42.5407 -5.65984
    endloop
  endfacet
  facet normal -0.47198 0.240434 -0.84819
    outer loop
      vertex -26.2539 43.6898 -5.33452
      vertex -26.3717 43.2501 -5.39361
      vertex -27.2391 45.3961 -4.30262
    endloop
  endfacet
  facet normal -0.471946 0.240467 -0.8482
    outer loop
      vertex -4.49947 4.85945 -28.4474
      vertex -25.0504 41.6052 -6.59514
      vertex -4.18808 5.47059 -28.4474
    endloop
  endfacet
  facet normal -0.471995 0.24043 -0.848183
    outer loop
      vertex -4.49947 4.85945 -28.4474
      vertex -25.49 41.723 -6.31712
      vertex -25.0504 41.6052 -6.59514
    endloop
  endfacet
  facet normal -0.471928 0.240482 -0.848205
    outer loop
      vertex -4.49947 4.85945 -28.4474
      vertex -25.8836 41.9786 -6.02566
      vertex -25.49 41.723 -6.31712
    endloop
  endfacet
  facet normal -0.471413 0.240882 -0.848378
    outer loop
      vertex -25.8836 41.9786 -6.02566
      vertex -4.49947 4.85945 -28.4474
      vertex -26.046 42.179 -5.87852
    endloop
  endfacet
  facet normal -0.565 0.162941 -0.808842
    outer loop
      vertex -5.66193 5.23715 -27.5593
      vertex -26.046 42.179 -5.87852
      vertex -4.49947 4.85945 -28.4474
    endloop
  endfacet
  facet normal -0.564993 0.162947 -0.808846
    outer loop
      vertex -28.7129 45.1626 -3.41458
      vertex -26.046 42.179 -5.87852
      vertex -5.66193 5.23715 -27.5593
    endloop
  endfacet
  facet normal -0.564839 0.16314 -0.808914
    outer loop
      vertex -28.7129 45.1626 -3.41458
      vertex -26.2547 42.5407 -5.65984
      vertex -26.179 42.3433 -5.75251
    endloop
  endfacet
  facet normal -0.564638 0.163395 -0.809003
    outer loop
      vertex -26.046 42.179 -5.87852
      vertex -28.7129 45.1626 -3.41458
      vertex -26.179 42.3433 -5.75251
    endloop
  endfacet
  facet normal -0.564992 0.162939 -0.808848
    outer loop
      vertex -26.2547 42.5407 -5.65984
      vertex -28.7129 45.1626 -3.41458
      vertex -27.5505 44.7849 -4.30262
    endloop
  endfacet
  facet normal -0.210854 0.413827 -0.8856
    outer loop
      vertex -24.1299 41.7943 -6.8371
      vertex -3.09193 6.26699 -28.4474
      vertex -3.70307 5.9556 -28.4474
    endloop
  endfacet
  facet normal -0.210853 0.413827 -0.8856
    outer loop
      vertex -3.09193 6.26699 -28.4474
      vertex -24.1299 41.7943 -6.8371
      vertex -23.7713 42.0847 -6.78678
    endloop
  endfacet
  facet normal -0.210946 0.413775 -0.885602
    outer loop
      vertex -24.1299 41.7943 -6.8371
      vertex -3.70307 5.9556 -28.4474
      vertex -24.3465 41.7111 -6.82438
    endloop
  endfacet
  facet normal -0.210804 0.413844 -0.885604
    outer loop
      vertex -25.6299 44.3924 -5.26592
      vertex -26.1429 46.1925 -4.30262
      vertex -25.1991 44.5577 -5.29122
    endloop
  endfacet
  facet normal -0.210983 0.413733 -0.885613
    outer loop
      vertex -26.7541 45.8811 -4.30262
      vertex -25.6299 44.3924 -5.26592
      vertex -25.8102 44.2463 -5.29122
    endloop
  endfacet
  facet normal -0.210843 0.413831 -0.885601
    outer loop
      vertex -25.6299 44.3924 -5.26592
      vertex -26.7541 45.8811 -4.30262
      vertex -26.1429 46.1925 -4.30262
    endloop
  endfacet
  facet normal -0.269004 0.527988 -0.805522
    outer loop
      vertex -26.1429 46.1925 -4.30262
      vertex -26.7541 45.8811 -4.30262
      vertex -26.5206 47.3549 -3.41458
    endloop
  endfacet
  facet normal -0.220928 0.220941 -0.949935
    outer loop
      vertex -3.02562 4.62601 -28.9142
      vertex -3.70307 5.9556 -28.4474
      vertex -2.85849 4.79313 -28.9142
    endloop
  endfacet
  facet normal -0.220937 0.220937 -0.949934
    outer loop
      vertex -3.70307 5.9556 -28.4474
      vertex -3.02562 4.62601 -28.9142
      vertex -4.18808 5.47059 -28.4474
    endloop
  endfacet
  facet normal -0.141853 0.278392 -0.949934
    outer loop
      vertex -2.85849 4.79313 -28.9142
      vertex -3.70307 5.9556 -28.4474
      vertex -2.64791 4.90043 -28.9142
    endloop
  endfacet
  facet normal -0.631804 -0.100061 -0.768643
    outer loop
      vertex -28.88 -44.1075 -3.41458
      vertex -5.66193 -5.23715 -27.5593
      vertex -28.7129 -45.1626 -3.41458
    endloop
  endfacet
  facet normal -0.631798 -0.100066 -0.768647
    outer loop
      vertex -5.66193 -5.23715 -27.5593
      vertex -28.88 -44.1075 -3.41458
      vertex -5.82905 -4.18199 -27.5593
    endloop
  endfacet
  facet normal -0.58528 -0.0927 -0.805515
    outer loop
      vertex -4.49947 -4.85945 -28.4474
      vertex -5.66193 -5.23715 -27.5593
      vertex -4.60677 -4.18199 -28.4474
    endloop
  endfacet
  facet normal 0 0 -1
    outer loop
      vertex 5.54739 -0.233436 -28.9142
      vertex 5.54739 0.233436 -28.9142
      vertex 5.58436 0 -28.9142
    endloop
  endfacet
  facet normal 0 0 -1
    outer loop
      vertex 5.44009 -0.44402 -28.9142
      vertex 5.54739 0.233436 -28.9142
      vertex 5.54739 -0.233436 -28.9142
    endloop
  endfacet
  facet normal 0 0 -1
    outer loop
      vertex 5.44009 -0.44402 -28.9142
      vertex 5.44009 0.44402 -28.9142
      vertex 5.54739 0.233436 -28.9142
    endloop
  endfacet
  facet normal 0 0 -1
    outer loop
      vertex 5.27297 -0.611142 -28.9142
      vertex 5.44009 0.44402 -28.9142
      vertex 5.44009 -0.44402 -28.9142
    endloop
  endfacet
  facet normal 0 0 -1
    outer loop
      vertex 5.27297 -0.611142 -28.9142
      vertex 5.27297 0.611142 -28.9142
      vertex 5.44009 0.44402 -28.9142
    endloop
  endfacet
  facet normal 0 0 -1
    outer loop
      vertex 5.27297 -0.611142 -28.9142
      vertex 2.5 0 -28.9142
      vertex 5.27297 0.611142 -28.9142
    endloop
  endfacet
  facet normal -0 0 -1
    outer loop
      vertex 5.27297 -0.611142 -28.9142
      vertex 2.37764 -0.772542 -28.9142
      vertex 2.5 0 -28.9142
    endloop
  endfacet
  facet normal 0 0 -1
    outer loop
      vertex 5.27297 -0.611142 -28.9142
      vertex 2.02254 -1.46946 -28.9142
      vertex 2.37764 -0.772542 -28.9142
    endloop
  endfacet
  facet normal 0 0 -1
    outer loop
      vertex 5.27297 -0.611142 -28.9142
      vertex 1.46946 -2.02254 -28.9142
      vertex 2.02254 -1.46946 -28.9142
    endloop
  endfacet
  facet normal 0 0 -1
    outer loop
      vertex -1.97045 -4.79313 -28.9142
      vertex 1.46946 -2.02254 -28.9142
      vertex 5.27297 -0.611142 -28.9142
    endloop
  endfacet
  facet normal 0 0 -1
    outer loop
      vertex 1.46946 -2.02254 -28.9142
      vertex -1.97045 -4.79313 -28.9142
      vertex 0.772542 -2.37764 -28.9142
    endloop
  endfacet
  facet normal 0 0 -1
    outer loop
      vertex -1.97045 -4.79313 -28.9142
      vertex 0 -2.5 -28.9142
      vertex 0.772542 -2.37764 -28.9142
    endloop
  endfacet
  facet normal 0 0 -1
    outer loop
      vertex -1.97045 -4.79313 -28.9142
      vertex -0.772542 -2.37764 -28.9142
      vertex 0 -2.5 -28.9142
    endloop
  endfacet
  facet normal 0 0 -1
    outer loop
      vertex -1.97045 -4.79313 -28.9142
      vertex -1.46946 -2.02254 -28.9142
      vertex -0.772542 -2.37764 -28.9142
    endloop
  endfacet
  facet normal 0 0 -1
    outer loop
      vertex -3.16989 -4.18199 -28.9142
      vertex -1.46946 -2.02254 -28.9142
      vertex -1.97045 -4.79313 -28.9142
    endloop
  endfacet
  facet normal 0 0 -1
    outer loop
      vertex -3.16989 -4.18199 -28.9142
      vertex -1.97045 -4.79313 -28.9142
      vertex -2.18104 -4.90043 -28.9142
    endloop
  endfacet
  facet normal -0 0 -1
    outer loop
      vertex -1.46946 -2.02254 -28.9142
      vertex -3.16989 -4.18199 -28.9142
      vertex -2.02254 -1.46946 -28.9142
    endloop
  endfacet
  facet normal 0 0 -1
    outer loop
      vertex -3.16989 -4.18199 -28.9142
      vertex -2.18104 -4.90043 -28.9142
      vertex -2.41447 -4.9374 -28.9142
    endloop
  endfacet
  facet normal -0 0 -1
    outer loop
      vertex -2.02254 -1.46946 -28.9142
      vertex -3.16989 -4.18199 -28.9142
      vertex -2.37764 -0.772542 -28.9142
    endloop
  endfacet
  facet normal 0 0 -1
    outer loop
      vertex -3.16989 -4.18199 -28.9142
      vertex -2.41447 -4.9374 -28.9142
      vertex -2.64791 -4.90043 -28.9142
    endloop
  endfacet
  facet normal 0 0 -1
    outer loop
      vertex 2.37764 0.772542 -28.9142
      vertex 5.27297 0.611142 -28.9142
      vertex 2.5 0 -28.9142
    endloop
  endfacet
  facet normal 0 0 -1
    outer loop
      vertex 2.02254 1.46946 -28.9142
      vertex 5.27297 0.611142 -28.9142
      vertex 2.37764 0.772542 -28.9142
    endloop
  endfacet
  facet normal 0 0 -1
    outer loop
      vertex 1.46946 2.02254 -28.9142
      vertex 5.27297 0.611142 -28.9142
      vertex 2.02254 1.46946 -28.9142
    endloop
  endfacet
  facet normal 0 0 -1
    outer loop
      vertex -1.97045 4.79313 -28.9142
      vertex 1.46946 2.02254 -28.9142
      vertex 0.772542 2.37764 -28.9142
    endloop
  endfacet
  facet normal 0 0 -1
    outer loop
      vertex 1.46946 2.02254 -28.9142
      vertex -1.97045 4.79313 -28.9142
      vertex 5.27297 0.611142 -28.9142
    endloop
  endfacet
  facet normal 0 0 -1
    outer loop
      vertex 0 2.5 -28.9142
      vertex -1.97045 4.79313 -28.9142
      vertex 0.772542 2.37764 -28.9142
    endloop
  endfacet
  facet normal 0 0 -1
    outer loop
      vertex -0.772542 2.37764 -28.9142
      vertex -1.97045 4.79313 -28.9142
      vertex 0 2.5 -28.9142
    endloop
  endfacet
  facet normal 0 0 -1
    outer loop
      vertex -1.46946 2.02254 -28.9142
      vertex -1.97045 4.79313 -28.9142
      vertex -0.772542 2.37764 -28.9142
    endloop
  endfacet
  facet normal 0 0 -1
    outer loop
      vertex -3.16989 4.18199 -28.9142
      vertex -1.46946 2.02254 -28.9142
      vertex -2.02254 1.46946 -28.9142
    endloop
  endfacet
  facet normal 0 0 -1
    outer loop
      vertex -1.46946 2.02254 -28.9142
      vertex -3.16989 4.18199 -28.9142
      vertex -1.97045 4.79313 -28.9142
    endloop
  endfacet
  facet normal 0 0 -1
    outer loop
      vertex -3.16989 4.18199 -28.9142
      vertex -2.02254 1.46946 -28.9142
      vertex -2.37764 0.772542 -28.9142
    endloop
  endfacet
  facet normal -0 0 -1
    outer loop
      vertex -1.97045 4.79313 -28.9142
      vertex -3.16989 4.18199 -28.9142
      vertex -2.18104 4.90043 -28.9142
    endloop
  endfacet
  facet normal 0 0 -1
    outer loop
      vertex -3.16989 4.18199 -28.9142
      vertex -2.37764 0.772542 -28.9142
      vertex -2.5 0 -28.9142
    endloop
  endfacet
  facet normal -0 0 -1
    outer loop
      vertex -2.37764 -0.772542 -28.9142
      vertex -3.16989 -4.18199 -28.9142
      vertex -2.5 0 -28.9142
    endloop
  endfacet
  facet normal 0 0 -1
    outer loop
      vertex -3.16989 4.18199 -28.9142
      vertex -2.5 0 -28.9142
      vertex -3.16989 -4.18199 -28.9142
    endloop
  endfacet
  facet normal 0 0 -1
    outer loop
      vertex -3.16989 -4.18199 -28.9142
      vertex -2.64791 -4.90043 -28.9142
      vertex -2.85849 -4.79313 -28.9142
    endloop
  endfacet
  facet normal -0 0 -1
    outer loop
      vertex -2.18104 4.90043 -28.9142
      vertex -3.16989 4.18199 -28.9142
      vertex -2.41447 4.9374 -28.9142
    endloop
  endfacet
  facet normal 0 0 -1
    outer loop
      vertex -3.16989 -4.18199 -28.9142
      vertex -2.85849 -4.79313 -28.9142
      vertex -3.02562 -4.62601 -28.9142
    endloop
  endfacet
  facet normal 0 0 -1
    outer loop
      vertex -2.41447 4.9374 -28.9142
      vertex -3.16989 4.18199 -28.9142
      vertex -2.64791 4.90043 -28.9142
    endloop
  endfacet
  facet normal 0 0 -1
    outer loop
      vertex -3.16989 -4.18199 -28.9142
      vertex -3.02562 -4.62601 -28.9142
      vertex -3.13291 -4.41543 -28.9142
    endloop
  endfacet
  facet normal 0 0 -1
    outer loop
      vertex -2.64791 4.90043 -28.9142
      vertex -3.16989 4.18199 -28.9142
      vertex -2.85849 4.79313 -28.9142
    endloop
  endfacet
  facet normal 0 0 -1
    outer loop
      vertex -2.85849 4.79313 -28.9142
      vertex -3.16989 4.18199 -28.9142
      vertex -3.02562 4.62601 -28.9142
    endloop
  endfacet
  facet normal 0 0 -1
    outer loop
      vertex -3.02562 4.62601 -28.9142
      vertex -3.16989 4.18199 -28.9142
      vertex -3.13291 4.41543 -28.9142
    endloop
  endfacet
  facet normal 0.278395 -0.141852 -0.949934
    outer loop
      vertex 6.60255 -1.2886 -28.4474
      vertex 5.44009 -0.44402 -28.9142
      vertex 5.54739 -0.233436 -28.9142
    endloop
  endfacet
  facet normal 0.220937 0.220937 -0.949934
    outer loop
      vertex 5.44009 0.44402 -28.9142
      vertex 6.11755 1.7736 -28.4474
      vertex 6.60255 1.2886 -28.4474
    endloop
  endfacet
  facet normal 0.220939 0.220936 -0.949933
    outer loop
      vertex 6.11755 1.7736 -28.4474
      vertex 5.44009 0.44402 -28.9142
      vertex 5.27297 0.611142 -28.9142
    endloop
  endfacet
  facet normal -0.673288 -0.673288 -0.305557
    outer loop
      vertex -27.9945 -47.5884 -2.1923
      vertex -29.3241 -46.9109 -0.755413
      vertex -28.9464 -46.6365 -2.1923
    endloop
  endfacet
  facet normal -0.673288 -0.673288 -0.305557
    outer loop
      vertex -29.3241 -46.9109 -0.755413
      vertex -27.9945 -47.5884 -2.1923
      vertex -28.2689 -47.9661 -0.755413
    endloop
  endfacet
  facet normal -0.723894 -0.368829 -0.583045
    outer loop
      vertex -28.2279 -46.1145 -3.41458
      vertex -29.5575 -45.4371 -2.1923
      vertex -28.7129 -45.1626 -3.41458
    endloop
  endfacet
  facet normal -0.269013 -0.527987 -0.805519
    outer loop
      vertex -26.5206 -47.3549 -3.41458
      vertex -27.4725 -46.8699 -3.41458
      vertex -26.7541 -45.8811 -4.30262
    endloop
  endfacet
  facet normal -0.368836 -0.723907 -0.583026
    outer loop
      vertex -26.795 -48.1995 -2.1923
      vertex -27.4725 -46.8699 -3.41458
      vertex -26.5206 -47.3549 -3.41458
    endloop
  endfacet
  facet normal -0.565 -0.162941 -0.808842
    outer loop
      vertex -26.046 -42.179 -5.87852
      vertex -5.66193 -5.23715 -27.5593
      vertex -4.49947 -4.85945 -28.4474
    endloop
  endfacet
  facet normal -0.564638 -0.163395 -0.809003
    outer loop
      vertex -28.7129 -45.1626 -3.41458
      vertex -26.046 -42.179 -5.87852
      vertex -26.179 -42.3433 -5.75251
    endloop
  endfacet
  facet normal -0.564992 -0.162939 -0.808848
    outer loop
      vertex -28.7129 -45.1626 -3.41458
      vertex -26.2547 -42.5407 -5.65984
      vertex -27.5505 -44.7849 -4.30262
    endloop
  endfacet
  facet normal -0.564839 -0.16314 -0.808914
    outer loop
      vertex -26.2547 -42.5407 -5.65984
      vertex -28.7129 -45.1626 -3.41458
      vertex -26.179 -42.3433 -5.75251
    endloop
  endfacet
  facet normal -0.564993 -0.162947 -0.808846
    outer loop
      vertex -26.046 -42.179 -5.87852
      vertex -28.7129 -45.1626 -3.41458
      vertex -5.66193 -5.23715 -27.5593
    endloop
  endfacet
  facet normal 0.0488758 -0.308604 0.949934
    outer loop
      vertex -2.41447 -4.9374 28.9142
      vertex -2.41447 -6.37429 28.4474
      vertex -2.18104 -4.90043 28.9142
    endloop
  endfacet
  facet normal -0.0488737 -0.308604 0.949934
    outer loop
      vertex -2.41447 -4.9374 28.9142
      vertex -2.64791 -4.90043 28.9142
      vertex -2.41447 -6.37429 28.4474
    endloop
  endfacet
  facet normal 0.220937 0.220937 0.949934
    outer loop
      vertex 6.11755 1.7736 28.4474
      vertex 5.44009 0.44402 28.9142
      vertex 6.60255 1.2886 28.4474
    endloop
  endfacet
  facet normal 0.220939 0.220936 0.949933
    outer loop
      vertex 5.44009 0.44402 28.9142
      vertex 6.11755 1.7736 28.4474
      vertex 5.27297 0.611142 28.9142
    endloop
  endfacet
  facet normal 0 0 1
    outer loop
      vertex 5.54739 0.233436 28.9142
      vertex 5.54739 -0.233436 28.9142
      vertex 5.58436 0 28.9142
    endloop
  endfacet
  facet normal 0 0 1
    outer loop
      vertex 5.44009 0.44402 28.9142
      vertex 5.54739 -0.233436 28.9142
      vertex 5.54739 0.233436 28.9142
    endloop
  endfacet
  facet normal 0 0 1
    outer loop
      vertex 5.44009 0.44402 28.9142
      vertex 5.44009 -0.44402 28.9142
      vertex 5.54739 -0.233436 28.9142
    endloop
  endfacet
  facet normal 0 0 1
    outer loop
      vertex 5.27297 0.611142 28.9142
      vertex 5.44009 -0.44402 28.9142
      vertex 5.44009 0.44402 28.9142
    endloop
  endfacet
  facet normal 0 0 1
    outer loop
      vertex 5.27297 0.611142 28.9142
      vertex 5.27297 -0.611142 28.9142
      vertex 5.44009 -0.44402 28.9142
    endloop
  endfacet
  facet normal 0 0 1
    outer loop
      vertex 5.27297 0.611142 28.9142
      vertex 2.5 0 28.9142
      vertex 5.27297 -0.611142 28.9142
    endloop
  endfacet
  facet normal 0 0 1
    outer loop
      vertex 5.27297 0.611142 28.9142
      vertex 2.37764 0.772542 28.9142
      vertex 2.5 0 28.9142
    endloop
  endfacet
  facet normal 0 0 1
    outer loop
      vertex 5.27297 0.611142 28.9142
      vertex 2.02254 1.46946 28.9142
      vertex 2.37764 0.772542 28.9142
    endloop
  endfacet
  facet normal 0 0 1
    outer loop
      vertex 5.27297 0.611142 28.9142
      vertex 1.46946 2.02254 28.9142
      vertex 2.02254 1.46946 28.9142
    endloop
  endfacet
  facet normal 0 0 1
    outer loop
      vertex -1.97045 4.79313 28.9142
      vertex 1.46946 2.02254 28.9142
      vertex 5.27297 0.611142 28.9142
    endloop
  endfacet
  facet normal 0 0 1
    outer loop
      vertex 1.46946 2.02254 28.9142
      vertex -1.97045 4.79313 28.9142
      vertex 0.772542 2.37764 28.9142
    endloop
  endfacet
  facet normal 0 0 1
    outer loop
      vertex -1.97045 4.79313 28.9142
      vertex 0 2.5 28.9142
      vertex 0.772542 2.37764 28.9142
    endloop
  endfacet
  facet normal 0 0 1
    outer loop
      vertex -1.97045 4.79313 28.9142
      vertex -0.772542 2.37764 28.9142
      vertex 0 2.5 28.9142
    endloop
  endfacet
  facet normal 0 0 1
    outer loop
      vertex -1.97045 4.79313 28.9142
      vertex -1.46946 2.02254 28.9142
      vertex -0.772542 2.37764 28.9142
    endloop
  endfacet
  facet normal -0 0 1
    outer loop
      vertex -3.16989 4.18199 28.9142
      vertex -1.46946 2.02254 28.9142
      vertex -1.97045 4.79313 28.9142
    endloop
  endfacet
  facet normal 0 0 1
    outer loop
      vertex -3.16989 4.18199 28.9142
      vertex -1.97045 4.79313 28.9142
      vertex -2.18104 4.90043 28.9142
    endloop
  endfacet
  facet normal 0 0 1
    outer loop
      vertex -1.46946 2.02254 28.9142
      vertex -3.16989 4.18199 28.9142
      vertex -2.02254 1.46946 28.9142
    endloop
  endfacet
  facet normal 0 0 1
    outer loop
      vertex -3.16989 4.18199 28.9142
      vertex -2.18104 4.90043 28.9142
      vertex -2.41447 4.9374 28.9142
    endloop
  endfacet
  facet normal 0 0 1
    outer loop
      vertex -2.02254 1.46946 28.9142
      vertex -3.16989 4.18199 28.9142
      vertex -2.37764 0.772542 28.9142
    endloop
  endfacet
  facet normal 0 0 1
    outer loop
      vertex -3.16989 4.18199 28.9142
      vertex -2.41447 4.9374 28.9142
      vertex -2.64791 4.90043 28.9142
    endloop
  endfacet
  facet normal 0 0 1
    outer loop
      vertex 2.37764 -0.772542 28.9142
      vertex 5.27297 -0.611142 28.9142
      vertex 2.5 0 28.9142
    endloop
  endfacet
  facet normal 0 0 1
    outer loop
      vertex 2.02254 -1.46946 28.9142
      vertex 5.27297 -0.611142 28.9142
      vertex 2.37764 -0.772542 28.9142
    endloop
  endfacet
  facet normal 0 0 1
    outer loop
      vertex 1.46946 -2.02254 28.9142
      vertex 5.27297 -0.611142 28.9142
      vertex 2.02254 -1.46946 28.9142
    endloop
  endfacet
  facet normal 0 0 1
    outer loop
      vertex -1.97045 -4.79313 28.9142
      vertex 1.46946 -2.02254 28.9142
      vertex 0.772542 -2.37764 28.9142
    endloop
  endfacet
  facet normal -0 0 1
    outer loop
      vertex 1.46946 -2.02254 28.9142
      vertex -1.97045 -4.79313 28.9142
      vertex 5.27297 -0.611142 28.9142
    endloop
  endfacet
  facet normal -0 0 1
    outer loop
      vertex 0 -2.5 28.9142
      vertex -1.97045 -4.79313 28.9142
      vertex 0.772542 -2.37764 28.9142
    endloop
  endfacet
  facet normal 0 0 1
    outer loop
      vertex -0.772542 -2.37764 28.9142
      vertex -1.97045 -4.79313 28.9142
      vertex 0 -2.5 28.9142
    endloop
  endfacet
  facet normal 0 0 1
    outer loop
      vertex -1.46946 -2.02254 28.9142
      vertex -1.97045 -4.79313 28.9142
      vertex -0.772542 -2.37764 28.9142
    endloop
  endfacet
  facet normal 0 0 1
    outer loop
      vertex -3.16989 -4.18199 28.9142
      vertex -1.46946 -2.02254 28.9142
      vertex -2.02254 -1.46946 28.9142
    endloop
  endfacet
  facet normal 0 0 1
    outer loop
      vertex -1.46946 -2.02254 28.9142
      vertex -3.16989 -4.18199 28.9142
      vertex -1.97045 -4.79313 28.9142
    endloop
  endfacet
  facet normal 0 0 1
    outer loop
      vertex -3.16989 -4.18199 28.9142
      vertex -2.02254 -1.46946 28.9142
      vertex -2.37764 -0.772542 28.9142
    endloop
  endfacet
  facet normal 0 0 1
    outer loop
      vertex -1.97045 -4.79313 28.9142
      vertex -3.16989 -4.18199 28.9142
      vertex -2.18104 -4.90043 28.9142
    endloop
  endfacet
  facet normal 0 0 1
    outer loop
      vertex -3.16989 -4.18199 28.9142
      vertex -2.37764 -0.772542 28.9142
      vertex -2.5 0 28.9142
    endloop
  endfacet
  facet normal 0 0 1
    outer loop
      vertex -2.37764 0.772542 28.9142
      vertex -3.16989 4.18199 28.9142
      vertex -2.5 0 28.9142
    endloop
  endfacet
  facet normal 0 0 1
    outer loop
      vertex -3.16989 -4.18199 28.9142
      vertex -2.5 0 28.9142
      vertex -3.16989 4.18199 28.9142
    endloop
  endfacet
  facet normal 0 0 1
    outer loop
      vertex -3.16989 4.18199 28.9142
      vertex -2.64791 4.90043 28.9142
      vertex -2.85849 4.79313 28.9142
    endloop
  endfacet
  facet normal 0 0 1
    outer loop
      vertex -2.18104 -4.90043 28.9142
      vertex -3.16989 -4.18199 28.9142
      vertex -2.41447 -4.9374 28.9142
    endloop
  endfacet
  facet normal 0 0 1
    outer loop
      vertex -3.16989 4.18199 28.9142
      vertex -2.85849 4.79313 28.9142
      vertex -3.02562 4.62601 28.9142
    endloop
  endfacet
  facet normal 0 0 1
    outer loop
      vertex -2.41447 -4.9374 28.9142
      vertex -3.16989 -4.18199 28.9142
      vertex -2.64791 -4.90043 28.9142
    endloop
  endfacet
  facet normal 0 0 1
    outer loop
      vertex -3.16989 4.18199 28.9142
      vertex -3.02562 4.62601 28.9142
      vertex -3.13291 4.41543 28.9142
    endloop
  endfacet
  facet normal 0 0 1
    outer loop
      vertex -2.64791 -4.90043 28.9142
      vertex -3.16989 -4.18199 28.9142
      vertex -2.85849 -4.79313 28.9142
    endloop
  endfacet
  facet normal 0 0 1
    outer loop
      vertex -2.85849 -4.79313 28.9142
      vertex -3.16989 -4.18199 28.9142
      vertex -3.02562 -4.62601 28.9142
    endloop
  endfacet
  facet normal 0 0 1
    outer loop
      vertex -3.02562 -4.62601 28.9142
      vertex -3.16989 -4.18199 28.9142
      vertex -3.13291 -4.41543 28.9142
    endloop
  endfacet
  facet normal 0.308606 -0.0488791 0.949933
    outer loop
      vertex 7.02124 0 28.4474
      vertex 5.54739 -0.233436 28.9142
      vertex 6.91394 -0.677456 28.4474
    endloop
  endfacet
  facet normal 0.269019 -0.52799 0.805516
    outer loop
      vertex -1.12587 -5.9556 28.4474
      vertex -1.73702 -6.26699 28.4474
      vertex -1.35931 -7.42945 27.5593
    endloop
  endfacet
  facet normal -0.0488737 0.308604 0.949934
    outer loop
      vertex -2.41447 6.37429 28.4474
      vertex -2.64791 4.90043 28.9142
      vertex -2.41447 4.9374 28.9142
    endloop
  endfacet
  facet normal -0.308604 -0.0488785 0.949934
    outer loop
      vertex -3.13291 -4.41543 28.9142
      vertex -4.60677 -4.18199 28.4474
      vertex -4.49947 -4.85945 28.4474
    endloop
  endfacet
  facet normal -0.278401 0.141845 0.949933
    outer loop
      vertex -3.02562 4.62601 28.9142
      vertex -4.18808 5.47059 28.4474
      vertex -3.13291 4.41543 28.9142
    endloop
  endfacet
  facet normal -0.127161 -0.802435 -0.583033
    outer loop
      vertex -25.4655 -47.5221 -3.41458
      vertex -26.795 -48.1995 -2.1923
      vertex -26.5206 -47.3549 -3.41458
    endloop
  endfacet
  facet normal -0.0927431 -0.585246 -0.805534
    outer loop
      vertex -25.4655 -47.5221 -3.41458
      vertex -26.5206 -47.3549 -3.41458
      vertex -25.4655 -46.2998 -4.30262
    endloop
  endfacet
  facet normal -0.308604 0.0488785 -0.949934
    outer loop
      vertex -3.13291 4.41543 -28.9142
      vertex -4.60677 4.18199 -28.4474
      vertex -4.49947 4.85945 -28.4474
    endloop
  endfacet
  facet normal -0.58528 0.0927 -0.805515
    outer loop
      vertex -4.60677 4.18199 -28.4474
      vertex -5.66193 5.23715 -27.5593
      vertex -4.49947 4.85945 -28.4474
    endloop
  endfacet
  facet normal -0.278396 -0.141849 -0.949934
    outer loop
      vertex -4.18808 -5.47059 -28.4474
      vertex -4.49947 -4.85945 -28.4474
      vertex -3.13291 -4.41543 -28.9142
    endloop
  endfacet
  facet normal -0.308604 -0.0488785 -0.949934
    outer loop
      vertex -4.49947 -4.85945 -28.4474
      vertex -4.60677 -4.18199 -28.4474
      vertex -3.13291 -4.41543 -28.9142
    endloop
  endfacet
  facet normal -0.368804 -0.723908 -0.583044
    outer loop
      vertex -26.795 -48.1995 -2.1923
      vertex -27.9945 -47.5884 -2.1923
      vertex -27.4725 -46.8699 -3.41458
    endloop
  endfacet
  facet normal -0.269004 -0.527988 0.805522
    outer loop
      vertex -26.1429 -46.1925 4.30262
      vertex -26.7541 -45.8811 4.30262
      vertex -26.5206 -47.3549 3.41458
    endloop
  endfacet
  facet normal -0.0927068 -0.585271 0.80552
    outer loop
      vertex -26.1429 -46.1925 4.30262
      vertex -26.5206 -47.3549 3.41458
      vertex -25.4655 -46.2998 4.30262
    endloop
  endfacet
  facet normal -0.220928 0.220941 0.949935
    outer loop
      vertex -3.70307 5.9556 28.4474
      vertex -3.02562 4.62601 28.9142
      vertex -2.85849 4.79313 28.9142
    endloop
  endfacet
  facet normal -0.220937 0.220937 0.949934
    outer loop
      vertex -3.02562 4.62601 28.9142
      vertex -3.70307 5.9556 28.4474
      vertex -4.18808 5.47059 28.4474
    endloop
  endfacet
  facet normal -0.141849 0.278396 -0.949934
    outer loop
      vertex -2.64791 4.90043 -28.9142
      vertex -3.70307 5.9556 -28.4474
      vertex -3.09193 6.26699 -28.4474
    endloop
  endfacet
  facet normal -0.0488785 0.308604 -0.949934
    outer loop
      vertex -2.64791 4.90043 -28.9142
      vertex -3.09193 6.26699 -28.4474
      vertex -2.41447 6.37429 -28.4474
    endloop
  endfacet
  facet normal -0.574482 -0.574482 -0.583045
    outer loop
      vertex -27.9945 -47.5884 -2.1923
      vertex -28.2279 -46.1145 -3.41458
      vertex -27.4725 -46.8699 -3.41458
    endloop
  endfacet
  facet normal -0.574482 -0.574482 -0.583045
    outer loop
      vertex -28.2279 -46.1145 -3.41458
      vertex -27.9945 -47.5884 -2.1923
      vertex -28.9464 -46.6365 -2.1923
    endloop
  endfacet
  facet normal -0.0488737 0.308604 -0.949934
    outer loop
      vertex -2.41447 4.9374 -28.9142
      vertex -2.64791 4.90043 -28.9142
      vertex -2.41447 6.37429 -28.4474
    endloop
  endfacet
  facet normal -0.891005 -0.453993 0
    outer loop
      vertex 2.37764 0.772542 -28.9142
      vertex 2.02254 1.46946 28.9142
      vertex 2.02254 1.46946 -28.9142
    endloop
  endfacet
  facet normal -0.891005 -0.453993 0
    outer loop
      vertex 2.02254 1.46946 28.9142
      vertex 2.37764 0.772542 -28.9142
      vertex 2.37764 0.772542 28.9142
    endloop
  endfacet
  facet normal -0.987688 -0.156436 0
    outer loop
      vertex 2.5 0 -28.9142
      vertex 2.37764 0.772542 28.9142
      vertex 2.37764 0.772542 -28.9142
    endloop
  endfacet
  facet normal -0.987688 -0.156436 0
    outer loop
      vertex 2.37764 0.772542 28.9142
      vertex 2.5 0 -28.9142
      vertex 2.5 0 28.9142
    endloop
  endfacet
  facet normal -0.707107 -0.707107 0
    outer loop
      vertex 2.02254 1.46946 -28.9142
      vertex 1.46946 2.02254 28.9142
      vertex 1.46946 2.02254 -28.9142
    endloop
  endfacet
  facet normal -0.707107 -0.707107 0
    outer loop
      vertex 1.46946 2.02254 28.9142
      vertex 2.02254 1.46946 -28.9142
      vertex 2.02254 1.46946 28.9142
    endloop
  endfacet
  facet normal -0.156436 -0.987688 0
    outer loop
      vertex 0 2.5 -28.9142
      vertex 0.772542 2.37764 28.9142
      vertex 0 2.5 28.9142
    endloop
  endfacet
  facet normal -0.156436 -0.987688 -0
    outer loop
      vertex 0.772542 2.37764 28.9142
      vertex 0 2.5 -28.9142
      vertex 0.772542 2.37764 -28.9142
    endloop
  endfacet
  facet normal 0.987688 -0.156436 0
    outer loop
      vertex -2.5 0 28.9142
      vertex -2.37764 0.772542 -28.9142
      vertex -2.37764 0.772542 28.9142
    endloop
  endfacet
  facet normal 0.987688 -0.156436 0
    outer loop
      vertex -2.37764 0.772542 -28.9142
      vertex -2.5 0 28.9142
      vertex -2.5 0 -28.9142
    endloop
  endfacet
  facet normal -0.891005 0.453993 0
    outer loop
      vertex 2.02254 -1.46946 -28.9142
      vertex 2.37764 -0.772542 28.9142
      vertex 2.37764 -0.772542 -28.9142
    endloop
  endfacet
  facet normal -0.891005 0.453993 0
    outer loop
      vertex 2.37764 -0.772542 28.9142
      vertex 2.02254 -1.46946 -28.9142
      vertex 2.02254 -1.46946 28.9142
    endloop
  endfacet
  facet normal -0.453993 -0.891005 0
    outer loop
      vertex 0.772542 2.37764 -28.9142
      vertex 1.46946 2.02254 28.9142
      vertex 0.772542 2.37764 28.9142
    endloop
  endfacet
  facet normal -0.453993 -0.891005 -0
    outer loop
      vertex 1.46946 2.02254 28.9142
      vertex 0.772542 2.37764 -28.9142
      vertex 1.46946 2.02254 -28.9142
    endloop
  endfacet
  facet normal 0.453993 -0.891005 0
    outer loop
      vertex -1.46946 2.02254 -28.9142
      vertex -0.772542 2.37764 28.9142
      vertex -1.46946 2.02254 28.9142
    endloop
  endfacet
  facet normal 0.453993 -0.891005 0
    outer loop
      vertex -0.772542 2.37764 28.9142
      vertex -1.46946 2.02254 -28.9142
      vertex -0.772542 2.37764 -28.9142
    endloop
  endfacet
  facet normal 0.156436 0.987688 -0
    outer loop
      vertex 0 -2.5 -28.9142
      vertex -0.772542 -2.37764 28.9142
      vertex 0 -2.5 28.9142
    endloop
  endfacet
  facet normal 0.156436 0.987688 0
    outer loop
      vertex -0.772542 -2.37764 28.9142
      vertex 0 -2.5 -28.9142
      vertex -0.772542 -2.37764 -28.9142
    endloop
  endfacet
  facet normal -0.707107 0.707107 0
    outer loop
      vertex 1.46946 -2.02254 -28.9142
      vertex 2.02254 -1.46946 28.9142
      vertex 2.02254 -1.46946 -28.9142
    endloop
  endfacet
  facet normal -0.707107 0.707107 0
    outer loop
      vertex 2.02254 -1.46946 28.9142
      vertex 1.46946 -2.02254 -28.9142
      vertex 1.46946 -2.02254 28.9142
    endloop
  endfacet
  facet normal 0.891005 0.453993 0
    outer loop
      vertex -2.02254 -1.46946 28.9142
      vertex -2.37764 -0.772542 -28.9142
      vertex -2.37764 -0.772542 28.9142
    endloop
  endfacet
  facet normal 0.891005 0.453993 0
    outer loop
      vertex -2.37764 -0.772542 -28.9142
      vertex -2.02254 -1.46946 28.9142
      vertex -2.02254 -1.46946 -28.9142
    endloop
  endfacet
  facet normal 0.156436 -0.987688 0
    outer loop
      vertex -0.772542 2.37764 -28.9142
      vertex 0 2.5 28.9142
      vertex -0.772542 2.37764 28.9142
    endloop
  endfacet
  facet normal 0.156436 -0.987688 0
    outer loop
      vertex 0 2.5 28.9142
      vertex -0.772542 2.37764 -28.9142
      vertex 0 2.5 -28.9142
    endloop
  endfacet
  facet normal -0.453993 0.891005 0
    outer loop
      vertex 1.46946 -2.02254 -28.9142
      vertex 0.772542 -2.37764 28.9142
      vertex 1.46946 -2.02254 28.9142
    endloop
  endfacet
  facet normal -0.453993 0.891005 0
    outer loop
      vertex 0.772542 -2.37764 28.9142
      vertex 1.46946 -2.02254 -28.9142
      vertex 0.772542 -2.37764 -28.9142
    endloop
  endfacet
  facet normal -0.156436 0.987688 0
    outer loop
      vertex 0.772542 -2.37764 -28.9142
      vertex 0 -2.5 28.9142
      vertex 0.772542 -2.37764 28.9142
    endloop
  endfacet
  facet normal -0.156436 0.987688 0
    outer loop
      vertex 0 -2.5 28.9142
      vertex 0.772542 -2.37764 -28.9142
      vertex 0 -2.5 -28.9142
    endloop
  endfacet
  facet normal 0.987688 0.156436 0
    outer loop
      vertex -2.37764 -0.772542 28.9142
      vertex -2.5 0 -28.9142
      vertex -2.5 0 28.9142
    endloop
  endfacet
  facet normal 0.987688 0.156436 0
    outer loop
      vertex -2.5 0 -28.9142
      vertex -2.37764 -0.772542 28.9142
      vertex -2.37764 -0.772542 -28.9142
    endloop
  endfacet
  facet normal 0.891005 -0.453993 0
    outer loop
      vertex -2.37764 0.772542 28.9142
      vertex -2.02254 1.46946 -28.9142
      vertex -2.02254 1.46946 28.9142
    endloop
  endfacet
  facet normal 0.891005 -0.453993 0
    outer loop
      vertex -2.02254 1.46946 -28.9142
      vertex -2.37764 0.772542 28.9142
      vertex -2.37764 0.772542 -28.9142
    endloop
  endfacet
  facet normal 0.707107 -0.707107 0
    outer loop
      vertex -2.02254 1.46946 28.9142
      vertex -1.46946 2.02254 -28.9142
      vertex -1.46946 2.02254 28.9142
    endloop
  endfacet
  facet normal 0.707107 -0.707107 0
    outer loop
      vertex -1.46946 2.02254 -28.9142
      vertex -2.02254 1.46946 28.9142
      vertex -2.02254 1.46946 -28.9142
    endloop
  endfacet
  facet normal -0.987688 0.156436 0
    outer loop
      vertex 2.37764 -0.772542 -28.9142
      vertex 2.5 0 28.9142
      vertex 2.5 0 -28.9142
    endloop
  endfacet
  facet normal -0.987688 0.156436 0
    outer loop
      vertex 2.5 0 28.9142
      vertex 2.37764 -0.772542 -28.9142
      vertex 2.37764 -0.772542 28.9142
    endloop
  endfacet
  facet normal 0.707107 0.707107 0
    outer loop
      vertex -1.46946 -2.02254 28.9142
      vertex -2.02254 -1.46946 -28.9142
      vertex -2.02254 -1.46946 28.9142
    endloop
  endfacet
  facet normal 0.707107 0.707107 0
    outer loop
      vertex -2.02254 -1.46946 -28.9142
      vertex -1.46946 -2.02254 28.9142
      vertex -1.46946 -2.02254 -28.9142
    endloop
  endfacet
  facet normal 0.453993 0.891005 -0
    outer loop
      vertex -0.772542 -2.37764 -28.9142
      vertex -1.46946 -2.02254 28.9142
      vertex -0.772542 -2.37764 28.9142
    endloop
  endfacet
  facet normal 0.453993 0.891005 0
    outer loop
      vertex -1.46946 -2.02254 28.9142
      vertex -0.772542 -2.37764 -28.9142
      vertex -1.46946 -2.02254 -28.9142
    endloop
  endfacet
endsolid OpenSCAD_Model
