solid OpenSCAD_Model
  facet normal 0.453951 -0.891027 0
    outer loop
      vertex 15.3007 1.21352 4.27063
      vertex 15.7189 1.42658 -3.85836
      vertex 15.7189 1.42658 3.85836
    endloop
  endfacet
  facet normal 0.453951 -0.891027 0
    outer loop
      vertex 15.7189 1.42658 -3.85836
      vertex 15.3007 1.21352 4.27063
      vertex 15.3007 1.21352 -4.27063
    endloop
  endfacet
  facet normal -0.891056 -0.453894 0
    outer loop
      vertex 17.4383 0.798441 -3.41242
      vertex 17.3959 0.881678 3.39104
      vertex 17.3959 0.881678 -3.39104
    endloop
  endfacet
  facet normal -0.891056 -0.453894 0
    outer loop
      vertex 17.4383 0.798441 -3.41242
      vertex 17.4383 0.798441 3.41242
      vertex 17.3959 0.881678 3.39104
    endloop
  endfacet
  facet normal -0.891153 -0.453697 -0.00238346
    outer loop
      vertex 17.609 0.463525 -3.48341
      vertex 17.4383 0.798441 -3.41242
      vertex 17.584 0.51263 -3.48341
    endloop
  endfacet
  facet normal -0.890951 -0.4541 0
    outer loop
      vertex 17.4383 0.798441 -3.41242
      vertex 17.609 0.463525 -3.48341
      vertex 17.4383 0.798441 3.41242
    endloop
  endfacet
  facet normal -0.890951 -0.4541 -0
    outer loop
      vertex 17.609 0.463525 3.48341
      vertex 17.4383 0.798441 3.41242
      vertex 17.609 0.463525 -3.48341
    endloop
  endfacet
  facet normal -0.891153 -0.453697 0.00238346
    outer loop
      vertex 17.4383 0.798441 3.41242
      vertex 17.609 0.463525 3.48341
      vertex 17.584 0.51263 3.48341
    endloop
  endfacet
  facet normal -0.98768 -0.156486 0.00110694
    outer loop
      vertex 17.6824 0 -3.51909
      vertex 17.609 0.463525 -3.48341
      vertex 17.6397 0.269506 -3.51909
    endloop
  endfacet
  facet normal -0.987693 -0.156403 0
    outer loop
      vertex 17.609 0.463525 -3.48341
      vertex 17.6824 0 -3.51909
      vertex 17.609 0.463525 3.48341
    endloop
  endfacet
  facet normal -0.987693 -0.156403 -0
    outer loop
      vertex 17.6824 0 3.51909
      vertex 17.609 0.463525 3.48341
      vertex 17.6824 0 -3.51909
    endloop
  endfacet
  facet normal -0.98768 -0.156486 -0.00110694
    outer loop
      vertex 17.609 0.463525 3.48341
      vertex 17.6824 0 3.51909
      vertex 17.6397 0.269506 3.51909
    endloop
  endfacet
  facet normal -0.707077 -0.707136 -0.00111874
    outer loop
      vertex 17.0641 1.21352 3.34712
      vertex 17.3959 0.881678 3.39104
      vertex 17.1786 1.09896 3.39104
    endloop
  endfacet
  facet normal -0.707152 -0.707062 0
    outer loop
      vertex 17.0641 1.21352 -3.34712
      vertex 17.3959 0.881678 3.39104
      vertex 17.0641 1.21352 3.34712
    endloop
  endfacet
  facet normal -0.707152 -0.707062 0
    outer loop
      vertex 17.0641 1.21352 -3.34712
      vertex 17.3959 0.881678 -3.39104
      vertex 17.3959 0.881678 3.39104
    endloop
  endfacet
  facet normal -0.707077 -0.707136 0.00111874
    outer loop
      vertex 17.3959 0.881678 -3.39104
      vertex 17.0641 1.21352 -3.34712
      vertex 17.1786 1.09896 -3.39104
    endloop
  endfacet
  facet normal -0.98768 0.156486 0.00110694
    outer loop
      vertex 17.609 -0.463525 -3.48341
      vertex 17.6824 0 -3.51909
      vertex 17.6397 -0.269506 -3.51909
    endloop
  endfacet
  facet normal -0.987693 0.156403 0
    outer loop
      vertex 17.6824 0 -3.51909
      vertex 17.609 -0.463525 -3.48341
      vertex 17.6824 0 3.51909
    endloop
  endfacet
  facet normal -0.987693 0.156403 0
    outer loop
      vertex 17.609 -0.463525 3.48341
      vertex 17.6824 0 3.51909
      vertex 17.609 -0.463525 -3.48341
    endloop
  endfacet
  facet normal -0.98768 0.156486 -0.00110694
    outer loop
      vertex 17.6824 0 3.51909
      vertex 17.609 -0.463525 3.48341
      vertex 17.6397 -0.269506 3.51909
    endloop
  endfacet
  facet normal -0.156441 -0.987687 0
    outer loop
      vertex 16.4159 1.46301 3.46026
      vertex 16.6459 1.42658 -3.37284
      vertex 16.6459 1.42658 3.37284
    endloop
  endfacet
  facet normal -0.156464 -0.987684 0
    outer loop
      vertex 16.4159 1.46301 -3.46026
      vertex 16.4159 1.46301 3.46026
      vertex 16.1824 1.5 3.54901
    endloop
  endfacet
  facet normal -0.156441 -0.987687 -0
    outer loop
      vertex 16.4159 1.46301 3.46026
      vertex 16.4159 1.46301 -3.46026
      vertex 16.6459 1.42658 -3.37284
    endloop
  endfacet
  facet normal -0.156464 -0.987684 0
    outer loop
      vertex 16.4159 1.46301 -3.46026
      vertex 16.1824 1.5 3.54901
      vertex 16.1824 1.5 -3.54901
    endloop
  endfacet
  facet normal -0.156441 0.987687 0
    outer loop
      vertex 16.6459 -1.42658 -3.37284
      vertex 16.4159 -1.46301 3.46026
      vertex 16.6459 -1.42658 3.37284
    endloop
  endfacet
  facet normal -0.156441 0.987687 0
    outer loop
      vertex 16.4159 -1.46301 -3.46026
      vertex 16.4159 -1.46301 3.46026
      vertex 16.6459 -1.42658 -3.37284
    endloop
  endfacet
  facet normal -0.156464 0.987684 0
    outer loop
      vertex 16.4159 -1.46301 3.46026
      vertex 16.4159 -1.46301 -3.46026
      vertex 16.1824 -1.5 3.54901
    endloop
  endfacet
  facet normal -0.156464 0.987684 0
    outer loop
      vertex 16.1824 -1.5 3.54901
      vertex 16.4159 -1.46301 -3.46026
      vertex 16.1824 -1.5 -3.54901
    endloop
  endfacet
  facet normal -0.453951 -0.891027 0
    outer loop
      vertex 16.6459 1.42658 3.37284
      vertex 17.0641 1.21352 -3.34712
      vertex 17.0641 1.21352 3.34712
    endloop
  endfacet
  facet normal -0.453951 -0.891027 0
    outer loop
      vertex 17.0641 1.21352 -3.34712
      vertex 16.6459 1.42658 3.37284
      vertex 16.6459 1.42658 -3.37284
    endloop
  endfacet
  facet normal 0.706491 -0.707721 -0.00111781
    outer loop
      vertex 14.9689 0.881678 4.66215
      vertex 15.3007 1.21352 4.27063
      vertex 15.1862 1.09896 4.43455
    endloop
  endfacet
  facet normal 0.707152 -0.707062 0
    outer loop
      vertex 14.9689 0.881678 4.66215
      vertex 15.3007 1.21352 -4.27063
      vertex 15.3007 1.21352 4.27063
    endloop
  endfacet
  facet normal 0.707152 -0.707062 0
    outer loop
      vertex 14.9689 0.881678 -4.66215
      vertex 15.3007 1.21352 -4.27063
      vertex 14.9689 0.881678 4.66215
    endloop
  endfacet
  facet normal 0.706491 -0.707721 0.00111781
    outer loop
      vertex 15.3007 1.21352 -4.27063
      vertex 14.9689 0.881678 -4.66215
      vertex 15.1862 1.09896 -4.43455
    endloop
  endfacet
  facet normal 0.987651 -0.156665 -0.00110682
    outer loop
      vertex 14.6824 0 5.09026
      vertex 14.7558 0.463525 4.97768
      vertex 14.7251 0.269506 5.04555
    endloop
  endfacet
  facet normal 0.987693 -0.156403 0
    outer loop
      vertex 14.7558 0.463525 4.97768
      vertex 14.6824 0 5.09026
      vertex 14.7558 0.463525 -4.97768
    endloop
  endfacet
  facet normal 0.987693 -0.156403 0
    outer loop
      vertex 14.6824 0 -5.09026
      vertex 14.7558 0.463525 -4.97768
      vertex 14.6824 0 5.09026
    endloop
  endfacet
  facet normal 0.987651 -0.156665 0.00110682
    outer loop
      vertex 14.7558 0.463525 -4.97768
      vertex 14.6824 0 -5.09026
      vertex 14.7251 0.269506 -5.04555
    endloop
  endfacet
  facet normal 0.156355 0.987701 -0
    outer loop
      vertex 16.1035 -1.48751 -3.60166
      vertex 16.1035 -1.48751 3.60166
      vertex 16.1824 -1.5 3.54901
    endloop
  endfacet
  facet normal 0.156355 0.987701 0
    outer loop
      vertex 16.1035 -1.48751 -3.60166
      vertex 16.1824 -1.5 3.54901
      vertex 16.1824 -1.5 -3.54901
    endloop
  endfacet
  facet normal 0.156473 0.987682 0
    outer loop
      vertex 16.1035 -1.48751 3.60166
      vertex 16.1035 -1.48751 -3.60166
      vertex 15.7189 -1.42658 3.85836
    endloop
  endfacet
  facet normal 0.156473 0.987682 0
    outer loop
      vertex 15.7189 -1.42658 3.85836
      vertex 16.1035 -1.48751 -3.60166
      vertex 15.7189 -1.42658 -3.85836
    endloop
  endfacet
  facet normal -0.453951 0.891027 0
    outer loop
      vertex 17.0641 -1.21352 -3.34712
      vertex 16.6459 -1.42658 3.37284
      vertex 17.0641 -1.21352 3.34712
    endloop
  endfacet
  facet normal -0.453951 0.891027 0
    outer loop
      vertex 16.6459 -1.42658 3.37284
      vertex 17.0641 -1.21352 -3.34712
      vertex 16.6459 -1.42658 -3.37284
    endloop
  endfacet
  facet normal -0.891153 0.453697 -0.00238346
    outer loop
      vertex 17.4383 -0.798441 -3.41242
      vertex 17.609 -0.463525 -3.48341
      vertex 17.584 -0.51263 -3.48341
    endloop
  endfacet
  facet normal -0.890951 0.4541 0
    outer loop
      vertex 17.609 -0.463525 -3.48341
      vertex 17.4383 -0.798441 -3.41242
      vertex 17.609 -0.463525 3.48341
    endloop
  endfacet
  facet normal -0.890951 0.4541 0
    outer loop
      vertex 17.4383 -0.798441 3.41242
      vertex 17.609 -0.463525 3.48341
      vertex 17.4383 -0.798441 -3.41242
    endloop
  endfacet
  facet normal -0.891153 0.453697 0.00238346
    outer loop
      vertex 17.609 -0.463525 3.48341
      vertex 17.4383 -0.798441 3.41242
      vertex 17.584 -0.51263 3.48341
    endloop
  endfacet
  facet normal -0.891056 0.453894 0
    outer loop
      vertex 17.3959 -0.881678 -3.39104
      vertex 17.4383 -0.798441 3.41242
      vertex 17.4383 -0.798441 -3.41242
    endloop
  endfacet
  facet normal -0.891056 0.453894 0
    outer loop
      vertex 17.4383 -0.798441 3.41242
      vertex 17.3959 -0.881678 -3.39104
      vertex 17.3959 -0.881678 3.39104
    endloop
  endfacet
  facet normal 0.891056 -0.453894 0
    outer loop
      vertex 14.9265 0.798441 4.72795
      vertex 14.9689 0.881678 -4.66215
      vertex 14.9689 0.881678 4.66215
    endloop
  endfacet
  facet normal 0.891056 -0.453894 0
    outer loop
      vertex 14.9265 0.798441 4.72795
      vertex 14.9265 0.798441 -4.72795
      vertex 14.9689 0.881678 -4.66215
    endloop
  endfacet
  facet normal 0.891667 -0.452686 0.0023856
    outer loop
      vertex 14.7558 0.463525 4.97768
      vertex 14.9265 0.798441 4.72795
      vertex 14.7808 0.51263 4.95147
    endloop
  endfacet
  facet normal 0.890951 -0.4541 0
    outer loop
      vertex 14.9265 0.798441 4.72795
      vertex 14.7558 0.463525 4.97768
      vertex 14.9265 0.798441 -4.72795
    endloop
  endfacet
  facet normal 0.890951 -0.4541 0
    outer loop
      vertex 14.7558 0.463525 -4.97768
      vertex 14.9265 0.798441 -4.72795
      vertex 14.7558 0.463525 4.97768
    endloop
  endfacet
  facet normal 0.891667 -0.452686 -0.0023856
    outer loop
      vertex 14.9265 0.798441 -4.72795
      vertex 14.7558 0.463525 -4.97768
      vertex 14.7808 0.51263 -4.95147
    endloop
  endfacet
  facet normal 0.891667 0.452686 0.0023856
    outer loop
      vertex 14.9265 -0.798441 4.72795
      vertex 14.7558 -0.463525 4.97768
      vertex 14.7808 -0.51263 4.95147
    endloop
  endfacet
  facet normal 0.890951 0.4541 0
    outer loop
      vertex 14.7558 -0.463525 4.97768
      vertex 14.9265 -0.798441 4.72795
      vertex 14.7558 -0.463525 -4.97768
    endloop
  endfacet
  facet normal 0.890951 0.4541 -0
    outer loop
      vertex 14.9265 -0.798441 -4.72795
      vertex 14.7558 -0.463525 -4.97768
      vertex 14.9265 -0.798441 4.72795
    endloop
  endfacet
  facet normal 0.891667 0.452686 -0.0023856
    outer loop
      vertex 14.7558 -0.463525 -4.97768
      vertex 14.9265 -0.798441 -4.72795
      vertex 14.7808 -0.51263 -4.95147
    endloop
  endfacet
  facet normal 0.891056 0.453894 0
    outer loop
      vertex 14.9689 -0.881678 4.66215
      vertex 14.9265 -0.798441 -4.72795
      vertex 14.9265 -0.798441 4.72795
    endloop
  endfacet
  facet normal 0.891056 0.453894 0
    outer loop
      vertex 14.9265 -0.798441 -4.72795
      vertex 14.9689 -0.881678 4.66215
      vertex 14.9689 -0.881678 -4.66215
    endloop
  endfacet
  facet normal 0.156473 -0.987682 0
    outer loop
      vertex 16.1035 1.48751 -3.60166
      vertex 16.1035 1.48751 3.60166
      vertex 15.7189 1.42658 3.85836
    endloop
  endfacet
  facet normal 0.156355 -0.987701 0
    outer loop
      vertex 16.1035 1.48751 3.60166
      vertex 16.1035 1.48751 -3.60166
      vertex 16.1824 1.5 3.54901
    endloop
  endfacet
  facet normal 0.156355 -0.987701 0
    outer loop
      vertex 16.1824 1.5 3.54901
      vertex 16.1035 1.48751 -3.60166
      vertex 16.1824 1.5 -3.54901
    endloop
  endfacet
  facet normal 0.156473 -0.987682 0
    outer loop
      vertex 16.1035 1.48751 -3.60166
      vertex 15.7189 1.42658 3.85836
      vertex 15.7189 1.42658 -3.85836
    endloop
  endfacet
  facet normal -0.707077 0.707136 -0.00111874
    outer loop
      vertex 17.3959 -0.881678 3.39104
      vertex 17.0641 -1.21352 3.34712
      vertex 17.1786 -1.09896 3.39104
    endloop
  endfacet
  facet normal -0.707152 0.707062 0
    outer loop
      vertex 17.3959 -0.881678 3.39104
      vertex 17.0641 -1.21352 -3.34712
      vertex 17.0641 -1.21352 3.34712
    endloop
  endfacet
  facet normal -0.707152 0.707062 0
    outer loop
      vertex 17.3959 -0.881678 -3.39104
      vertex 17.0641 -1.21352 -3.34712
      vertex 17.3959 -0.881678 3.39104
    endloop
  endfacet
  facet normal -0.707077 0.707136 0.00111874
    outer loop
      vertex 17.0641 -1.21352 -3.34712
      vertex 17.3959 -0.881678 -3.39104
      vertex 17.1786 -1.09896 -3.39104
    endloop
  endfacet
  facet normal 0.453951 0.891027 -0
    outer loop
      vertex 15.7189 -1.42658 -3.85836
      vertex 15.3007 -1.21352 4.27063
      vertex 15.7189 -1.42658 3.85836
    endloop
  endfacet
  facet normal 0.453951 0.891027 0
    outer loop
      vertex 15.3007 -1.21352 4.27063
      vertex 15.7189 -1.42658 -3.85836
      vertex 15.3007 -1.21352 -4.27063
    endloop
  endfacet
  facet normal 0.987651 0.156665 -0.00110682
    outer loop
      vertex 14.7558 -0.463525 4.97768
      vertex 14.6824 0 5.09026
      vertex 14.7251 -0.269506 5.04555
    endloop
  endfacet
  facet normal 0.987693 0.156403 0
    outer loop
      vertex 14.6824 0 5.09026
      vertex 14.7558 -0.463525 4.97768
      vertex 14.6824 0 -5.09026
    endloop
  endfacet
  facet normal 0.987693 0.156403 -0
    outer loop
      vertex 14.7558 -0.463525 -4.97768
      vertex 14.6824 0 -5.09026
      vertex 14.7558 -0.463525 4.97768
    endloop
  endfacet
  facet normal 0.987651 0.156665 0.00110682
    outer loop
      vertex 14.6824 0 -5.09026
      vertex 14.7558 -0.463525 -4.97768
      vertex 14.7251 -0.269506 -5.04555
    endloop
  endfacet
  facet normal 0.706491 0.707721 -0.00111781
    outer loop
      vertex 15.3007 -1.21352 4.27063
      vertex 14.9689 -0.881678 4.66215
      vertex 15.1862 -1.09896 4.43455
    endloop
  endfacet
  facet normal 0.707152 0.707062 -0
    outer loop
      vertex 15.3007 -1.21352 -4.27063
      vertex 14.9689 -0.881678 4.66215
      vertex 15.3007 -1.21352 4.27063
    endloop
  endfacet
  facet normal 0.706491 0.707721 0.00111781
    outer loop
      vertex 14.9689 -0.881678 -4.66215
      vertex 15.3007 -1.21352 -4.27063
      vertex 15.1862 -1.09896 -4.43455
    endloop
  endfacet
  facet normal 0.707152 0.707062 0
    outer loop
      vertex 15.3007 -1.21352 -4.27063
      vertex 14.9689 -0.881678 -4.66215
      vertex 14.9689 -0.881678 4.66215
    endloop
  endfacet
  facet normal -0.777123 -0.629348 0
    outer loop
      vertex -6.79216 14.7644 -3.54901
      vertex -7.08751 15.1291 3.37284
      vertex -7.08751 15.1291 -3.37284
    endloop
  endfacet
  facet normal -0.777123 -0.629348 0
    outer loop
      vertex -7.08751 15.1291 3.37284
      vertex -6.79216 14.7644 -3.54901
      vertex -6.79216 14.7644 3.54901
    endloop
  endfacet
  facet normal 0.838683 -0.544619 -6.55845e-05
    outer loop
      vertex -9.46152 14.6245 3.40151
      vertex -9.20592 15.0181 3.48105
      vertex -9.2793 14.9051 3.47225
    endloop
  endfacet
  facet normal 0.838677 -0.544629 0
    outer loop
      vertex -9.20592 15.0181 3.48105
      vertex -9.46152 14.6245 3.40151
      vertex -9.20592 15.0181 -3.48105
    endloop
  endfacet
  facet normal 0.838677 -0.544629 0
    outer loop
      vertex -9.46152 14.6245 -3.40151
      vertex -9.20592 15.0181 -3.48105
      vertex -9.46152 14.6245 3.40151
    endloop
  endfacet
  facet normal 0.838683 -0.544619 6.55845e-05
    outer loop
      vertex -9.20592 15.0181 -3.48105
      vertex -9.46152 14.6245 -3.40151
      vertex -9.2793 14.9051 -3.47225
    endloop
  endfacet
  facet normal 0.629228 -0.777221 -1.94927e-05
    outer loop
      vertex -9.20592 15.0181 3.48105
      vertex -8.91293 15.2553 3.52415
      vertex -9.12032 15.0874 3.50902
    endloop
  endfacet
  facet normal 0.629322 -0.777144 -0.00107568
    outer loop
      vertex -8.91293 15.2553 3.52415
      vertex -9.20592 15.0181 3.48105
      vertex -8.8412 15.3134 3.51408
    endloop
  endfacet
  facet normal 0.629263 -0.777192 0
    outer loop
      vertex -9.20592 15.0181 -3.48105
      vertex -8.8412 15.3134 3.51408
      vertex -9.20592 15.0181 3.48105
    endloop
  endfacet
  facet normal 0.629228 -0.777221 1.94927e-05
    outer loop
      vertex -8.91293 15.2553 -3.52415
      vertex -9.20592 15.0181 -3.48105
      vertex -9.12032 15.0874 -3.50902
    endloop
  endfacet
  facet normal 0.629263 -0.777192 0
    outer loop
      vertex -9.20592 15.0181 -3.48105
      vertex -8.8412 15.3134 -3.51408
      vertex -8.8412 15.3134 3.51408
    endloop
  endfacet
  facet normal 0.629322 -0.777144 0.00107568
    outer loop
      vertex -9.20592 15.0181 -3.48105
      vertex -8.91293 15.2553 -3.52415
      vertex -8.8412 15.3134 -3.51408
    endloop
  endfacet
  facet normal 0.966003 -0.25851 -0.00317818
    outer loop
      vertex -9.58298 14.1712 3.35491
      vertex -9.46152 14.6245 3.40151
      vertex -9.4715 14.5872 3.40205
    endloop
  endfacet
  facet normal 0.965927 -0.258816 0
    outer loop
      vertex -9.46152 14.6245 3.40151
      vertex -9.58298 14.1712 3.35491
      vertex -9.46152 14.6245 -3.40151
    endloop
  endfacet
  facet normal 0.965897 -0.258927 0.000754179
    outer loop
      vertex -9.58298 14.1712 3.35491
      vertex -9.4715 14.5872 3.40205
      vertex -9.5694 14.2219 3.36914
    endloop
  endfacet
  facet normal 0.965927 -0.258816 0
    outer loop
      vertex -9.58298 14.1712 -3.35491
      vertex -9.46152 14.6245 -3.40151
      vertex -9.58298 14.1712 3.35491
    endloop
  endfacet
  facet normal 0.966003 -0.25851 0.00317818
    outer loop
      vertex -9.46152 14.6245 -3.40151
      vertex -9.58298 14.1712 -3.35491
      vertex -9.4715 14.5872 -3.40205
    endloop
  endfacet
  facet normal 0.965897 -0.258927 -0.000754179
    outer loop
      vertex -9.4715 14.5872 -3.40205
      vertex -9.58298 14.1712 -3.35491
      vertex -9.5694 14.2219 -3.36914
    endloop
  endfacet
  facet normal 0.358407 -0.933565 0.000114233
    outer loop
      vertex -8.40307 15.4816 3.4847
      vertex -8.66981 15.3792 3.52415
      vertex -8.8412 15.3134 3.51408
    endloop
  endfacet
  facet normal 0.35756 -0.933868 -0.00640457
    outer loop
      vertex -8.66981 15.3792 3.52415
      vertex -8.40307 15.4816 3.4847
      vertex -8.42902 15.4716 3.49407
    endloop
  endfacet
  facet normal 0.358401 -0.933568 0
    outer loop
      vertex -8.8412 15.3134 3.51408
      vertex -8.40307 15.4816 -3.4847
      vertex -8.40307 15.4816 3.4847
    endloop
  endfacet
  facet normal 0.358401 -0.933568 0
    outer loop
      vertex -8.8412 15.3134 -3.51408
      vertex -8.40307 15.4816 -3.4847
      vertex -8.8412 15.3134 3.51408
    endloop
  endfacet
  facet normal 0.358407 -0.933565 -0.000114233
    outer loop
      vertex -8.66981 15.3792 -3.52415
      vertex -8.40307 15.4816 -3.4847
      vertex -8.8412 15.3134 -3.51408
    endloop
  endfacet
  facet normal 0.35756 -0.933868 0.00640457
    outer loop
      vertex -8.40307 15.4816 -3.4847
      vertex -8.66981 15.3792 -3.52415
      vertex -8.42902 15.4716 -3.49407
    endloop
  endfacet
  facet normal -0.357312 0.933965 -0.00617143
    outer loop
      vertex -7.3412 12.7153 5.08526
      vertex -7.6765 12.5866 5.02135
      vertex -7.42737 12.6823 5.0802
    endloop
  endfacet
  facet normal -0.358753 0.933429 0.00246482
    outer loop
      vertex -7.3412 12.7153 5.08526
      vertex -7.77933 12.5472 4.97532
      vertex -7.6765 12.5866 5.02135
    endloop
  endfacet
  facet normal -0.358215 0.933639 0
    outer loop
      vertex -7.3412 12.7153 5.08526
      vertex -7.77933 12.5472 -4.97532
      vertex -7.77933 12.5472 4.97532
    endloop
  endfacet
  facet normal -0.358215 0.933639 0
    outer loop
      vertex -7.3412 12.7153 -5.08526
      vertex -7.77933 12.5472 -4.97532
      vertex -7.3412 12.7153 5.08526
    endloop
  endfacet
  facet normal -0.358753 0.933429 -0.00246482
    outer loop
      vertex -7.77933 12.5472 -4.97532
      vertex -7.3412 12.7153 -5.08526
      vertex -7.6765 12.5866 -5.02135
    endloop
  endfacet
  facet normal -0.357312 0.933965 0.00617143
    outer loop
      vertex -7.6765 12.5866 -5.02135
      vertex -7.3412 12.7153 -5.08526
      vertex -7.42737 12.6823 -5.0802
    endloop
  endfacet
  facet normal 0.99863 0.0523285 0
    outer loop
      vertex -9.55842 13.7025 3.38064
      vertex -9.58298 14.1712 -3.35491
      vertex -9.58298 14.1712 3.35491
    endloop
  endfacet
  facet normal 0.99863 0.0523285 0
    outer loop
      vertex -9.58298 14.1712 -3.35491
      vertex -9.55842 13.7025 3.38064
      vertex -9.55842 13.7025 -3.38064
    endloop
  endfacet
  facet normal -0.933601 -0.358314 0
    outer loop
      vertex -6.62398 14.3262 -3.85836
      vertex -6.79216 14.7644 3.54901
      vertex -6.79216 14.7644 -3.54901
    endloop
  endfacet
  facet normal -0.933601 -0.358314 0
    outer loop
      vertex -6.79216 14.7644 3.54901
      vertex -6.62398 14.3262 -3.85836
      vertex -6.62398 14.3262 3.85836
    endloop
  endfacet
  facet normal -0.0541332 0.99853 0.00266347
    outer loop
      vertex -7.77933 12.5472 4.97532
      vertex -8.24799 12.5226 4.67262
      vertex -7.91388 12.5401 4.90246
    endloop
  endfacet
  facet normal -0.0524179 0.998625 0
    outer loop
      vertex -7.77933 12.5472 4.97532
      vertex -8.24799 12.5226 -4.67262
      vertex -8.24799 12.5226 4.67262
    endloop
  endfacet
  facet normal -0.0524179 0.998625 0
    outer loop
      vertex -7.77933 12.5472 -4.97532
      vertex -8.24799 12.5226 -4.67262
      vertex -7.77933 12.5472 4.97532
    endloop
  endfacet
  facet normal -0.0541332 0.99853 -0.00266347
    outer loop
      vertex -8.24799 12.5226 -4.67262
      vertex -7.77933 12.5472 -4.97532
      vertex -7.91388 12.5401 -4.90246
    endloop
  endfacet
  facet normal -0.544734 -0.838607 0.00189793
    outer loop
      vertex -7.4811 15.3847 3.34436
      vertex -7.08751 15.1291 3.37284
      vertex -7.43043 15.3518 3.35043
    endloop
  endfacet
  facet normal -0.544639 -0.838671 0
    outer loop
      vertex -7.4811 15.3847 -3.34436
      vertex -7.08751 15.1291 3.37284
      vertex -7.4811 15.3847 3.34436
    endloop
  endfacet
  facet normal -0.544576 -0.838712 -5.23905e-06
    outer loop
      vertex -7.43043 15.3518 -3.35043
      vertex -7.08751 15.1291 3.37284
      vertex -7.4811 15.3847 -3.34436
    endloop
  endfacet
  facet normal -0.544648 -0.838665 -0
    outer loop
      vertex -7.08751 15.1291 3.37284
      vertex -7.43043 15.3518 -3.35043
      vertex -7.08751 15.1291 -3.37284
    endloop
  endfacet
  facet normal -0.965804 0.259272 -0.000549526
    outer loop
      vertex -6.72088 13.4043 -4.6709
      vertex -6.59942 13.8576 -4.26787
      vertex -6.67411 13.5788 -4.53929
    endloop
  endfacet
  facet normal -0.965927 0.258816 0
    outer loop
      vertex -6.59942 13.8576 -4.26787
      vertex -6.72088 13.4043 -4.6709
      vertex -6.59942 13.8576 4.26787
    endloop
  endfacet
  facet normal -0.965927 0.258816 0
    outer loop
      vertex -6.72088 13.4043 4.6709
      vertex -6.59942 13.8576 4.26787
      vertex -6.72088 13.4043 -4.6709
    endloop
  endfacet
  facet normal -0.965804 0.259272 0.000549526
    outer loop
      vertex -6.59942 13.8576 4.26787
      vertex -6.72088 13.4043 4.6709
      vertex -6.67411 13.5788 4.53929
    endloop
  endfacet
  facet normal 0.933574 0.358385 0
    outer loop
      vertex -9.39024 13.2644 3.5568
      vertex -9.55842 13.7025 -3.38064
      vertex -9.55842 13.7025 3.38064
    endloop
  endfacet
  facet normal 0.933574 0.358385 0
    outer loop
      vertex -9.55842 13.7025 -3.38064
      vertex -9.39024 13.2644 3.5568
      vertex -9.39024 13.2644 -3.5568
    endloop
  endfacet
  facet normal 0.0511319 -0.998667 -0.00710993
    outer loop
      vertex -8.40307 15.4816 3.4847
      vertex -7.93441 15.5062 3.39979
      vertex -8.19617 15.4924 3.45567
    endloop
  endfacet
  facet normal 0.0524179 -0.998625 0
    outer loop
      vertex -8.40307 15.4816 3.4847
      vertex -7.93441 15.5062 -3.39979
      vertex -7.93441 15.5062 3.39979
    endloop
  endfacet
  facet normal 0.0526437 -0.998613 1.54096e-05
    outer loop
      vertex -8.40307 15.4816 3.4847
      vertex -8.19617 15.4924 -3.45567
      vertex -7.93441 15.5062 -3.39979
    endloop
  endfacet
  facet normal 0.0521282 -0.99864 0
    outer loop
      vertex -8.19617 15.4924 -3.45567
      vertex -8.40307 15.4816 3.4847
      vertex -8.40307 15.4816 -3.4847
    endloop
  endfacet
  facet normal -0.258926 -0.965897 -0.000310309
    outer loop
      vertex -7.93441 15.5062 3.39979
      vertex -7.4811 15.3847 3.34436
      vertex -7.75983 15.4594 3.40205
    endloop
  endfacet
  facet normal -0.258891 -0.965907 0
    outer loop
      vertex -7.93441 15.5062 3.39979
      vertex -7.4811 15.3847 -3.34436
      vertex -7.4811 15.3847 3.34436
    endloop
  endfacet
  facet normal -0.258891 -0.965907 0
    outer loop
      vertex -7.93441 15.5062 -3.39979
      vertex -7.4811 15.3847 -3.34436
      vertex -7.93441 15.5062 3.39979
    endloop
  endfacet
  facet normal -0.258926 -0.965897 0.000310309
    outer loop
      vertex -7.4811 15.3847 -3.34436
      vertex -7.93441 15.5062 -3.39979
      vertex -7.75983 15.4594 -3.40205
    endloop
  endfacet
  facet normal -0.837359 0.546641 -0.00363666
    outer loop
      vertex -6.97649 13.0107 -4.97897
      vertex -6.72088 13.4043 -4.6709
      vertex -6.86365 13.1844 -4.85142
    endloop
  endfacet
  facet normal -0.838667 0.544644 0
    outer loop
      vertex -6.72088 13.4043 -4.6709
      vertex -6.97649 13.0107 -4.97897
      vertex -6.72088 13.4043 4.6709
    endloop
  endfacet
  facet normal -0.838667 0.544644 0
    outer loop
      vertex -6.97649 13.0107 4.97897
      vertex -6.72088 13.4043 4.6709
      vertex -6.97649 13.0107 -4.97897
    endloop
  endfacet
  facet normal -0.837359 0.546641 0.00363666
    outer loop
      vertex -6.72088 13.4043 4.6709
      vertex -6.97649 13.0107 4.97897
      vertex -6.86365 13.1844 4.85142
    endloop
  endfacet
  facet normal 0.262262 0.964988 -0.00416637
    outer loop
      vertex -8.70131 12.6441 4.27842
      vertex -8.28523 12.5326 4.6446
      vertex -8.24799 12.5226 4.67262
    endloop
  endfacet
  facet normal 0.258078 0.966124 0.00093286
    outer loop
      vertex -8.28523 12.5326 4.6446
      vertex -8.70131 12.6441 4.27842
      vertex -8.65059 12.6305 4.33154
    endloop
  endfacet
  facet normal 0.258885 0.965908 0
    outer loop
      vertex -8.24799 12.5226 4.67262
      vertex -8.70131 12.6441 -4.27842
      vertex -8.70131 12.6441 4.27842
    endloop
  endfacet
  facet normal 0.258885 0.965908 -0
    outer loop
      vertex -8.24799 12.5226 -4.67262
      vertex -8.70131 12.6441 -4.27842
      vertex -8.24799 12.5226 4.67262
    endloop
  endfacet
  facet normal 0.262262 0.964988 0.00416637
    outer loop
      vertex -8.28523 12.5326 -4.6446
      vertex -8.70131 12.6441 -4.27842
      vertex -8.24799 12.5226 -4.67262
    endloop
  endfacet
  facet normal 0.258078 0.966124 -0.00093286
    outer loop
      vertex -8.70131 12.6441 -4.27842
      vertex -8.28523 12.5326 -4.6446
      vertex -8.65059 12.6305 -4.33154
    endloop
  endfacet
  facet normal 0.544639 0.838671 0
    outer loop
      vertex -8.70131 12.6441 4.27842
      vertex -9.0949 12.8997 -3.86616
      vertex -9.0949 12.8997 3.86616
    endloop
  endfacet
  facet normal 0.544639 0.838671 0
    outer loop
      vertex -9.0949 12.8997 -3.86616
      vertex -8.70131 12.6441 4.27842
      vertex -8.70131 12.6441 -4.27842
    endloop
  endfacet
  facet normal 0.777134 0.629336 0
    outer loop
      vertex -9.0949 12.8997 3.86616
      vertex -9.39024 13.2644 -3.5568
      vertex -9.39024 13.2644 3.5568
    endloop
  endfacet
  facet normal 0.777134 0.629336 0
    outer loop
      vertex -9.39024 13.2644 -3.5568
      vertex -9.0949 12.8997 3.86616
      vertex -9.0949 12.8997 -3.86616
    endloop
  endfacet
  facet normal -0.629011 0.777396 0.00127713
    outer loop
      vertex -6.97649 13.0107 4.97897
      vertex -7.19853 12.8309 5.06524
      vertex -6.99809 12.9932 4.9929
    endloop
  endfacet
  facet normal -0.629676 0.776857 -0.00155689
    outer loop
      vertex -7.19853 12.8309 5.06524
      vertex -6.97649 13.0107 4.97897
      vertex -7.3412 12.7153 5.08526
    endloop
  endfacet
  facet normal -0.629402 0.77708 0
    outer loop
      vertex -6.97649 13.0107 -4.97897
      vertex -7.3412 12.7153 5.08526
      vertex -6.97649 13.0107 4.97897
    endloop
  endfacet
  facet normal -0.629011 0.777396 -0.00127713
    outer loop
      vertex -7.19853 12.8309 -5.06524
      vertex -6.97649 13.0107 -4.97897
      vertex -6.99809 12.9932 -4.9929
    endloop
  endfacet
  facet normal -0.629676 0.776857 0.00155689
    outer loop
      vertex -6.97649 13.0107 -4.97897
      vertex -7.19853 12.8309 -5.06524
      vertex -7.3412 12.7153 -5.08526
    endloop
  endfacet
  facet normal -0.629402 0.77708 0
    outer loop
      vertex -6.97649 13.0107 -4.97897
      vertex -7.3412 12.7153 -5.08526
      vertex -7.3412 12.7153 5.08526
    endloop
  endfacet
  facet normal -0.998629 -0.0523406 0
    outer loop
      vertex -6.60258 13.9179 -4.21756
      vertex -6.62398 14.3262 3.85836
      vertex -6.62398 14.3262 -3.85836
    endloop
  endfacet
  facet normal -0.998629 -0.0523406 0
    outer loop
      vertex -6.60258 13.9179 -4.21756
      vertex -6.60258 13.9179 4.21756
      vertex -6.62398 14.3262 3.85836
    endloop
  endfacet
  facet normal -0.99863 -0.0523328 0
    outer loop
      vertex -6.59942 13.8576 -4.26787
      vertex -6.60258 13.9179 4.21756
      vertex -6.60258 13.9179 -4.21756
    endloop
  endfacet
  facet normal -0.99863 -0.0523328 0
    outer loop
      vertex -6.60258 13.9179 4.21756
      vertex -6.59942 13.8576 -4.26787
      vertex -6.59942 13.8576 4.26787
    endloop
  endfacet
  facet normal -0.99863 0.0523328 0
    outer loop
      vertex -6.60258 -13.9179 -4.21756
      vertex -6.59942 -13.8576 4.26787
      vertex -6.59942 -13.8576 -4.26787
    endloop
  endfacet
  facet normal -0.99863 0.0523328 0
    outer loop
      vertex -6.60258 -13.9179 -4.21756
      vertex -6.60258 -13.9179 4.21756
      vertex -6.59942 -13.8576 4.26787
    endloop
  endfacet
  facet normal -0.998629 0.0523406 0
    outer loop
      vertex -6.62398 -14.3262 -3.85836
      vertex -6.60258 -13.9179 4.21756
      vertex -6.60258 -13.9179 -4.21756
    endloop
  endfacet
  facet normal -0.998629 0.0523406 0
    outer loop
      vertex -6.60258 -13.9179 4.21756
      vertex -6.62398 -14.3262 -3.85836
      vertex -6.62398 -14.3262 3.85836
    endloop
  endfacet
  facet normal 0.0511319 0.998667 -0.00710993
    outer loop
      vertex -7.93441 -15.5062 3.39979
      vertex -8.40307 -15.4816 3.4847
      vertex -8.19617 -15.4924 3.45567
    endloop
  endfacet
  facet normal 0.0524179 0.998625 -0
    outer loop
      vertex -7.93441 -15.5062 -3.39979
      vertex -8.40307 -15.4816 3.4847
      vertex -7.93441 -15.5062 3.39979
    endloop
  endfacet
  facet normal 0.0526437 0.998613 1.54096e-05
    outer loop
      vertex -8.19617 -15.4924 -3.45567
      vertex -8.40307 -15.4816 3.4847
      vertex -7.93441 -15.5062 -3.39979
    endloop
  endfacet
  facet normal 0.0521282 0.99864 0
    outer loop
      vertex -8.40307 -15.4816 3.4847
      vertex -8.19617 -15.4924 -3.45567
      vertex -8.40307 -15.4816 -3.4847
    endloop
  endfacet
  facet normal -0.258926 0.965897 -0.000310309
    outer loop
      vertex -7.4811 -15.3847 3.34436
      vertex -7.93441 -15.5062 3.39979
      vertex -7.75983 -15.4594 3.40205
    endloop
  endfacet
  facet normal -0.258891 0.965907 0
    outer loop
      vertex -7.4811 -15.3847 -3.34436
      vertex -7.93441 -15.5062 3.39979
      vertex -7.4811 -15.3847 3.34436
    endloop
  endfacet
  facet normal -0.258891 0.965907 0
    outer loop
      vertex -7.4811 -15.3847 -3.34436
      vertex -7.93441 -15.5062 -3.39979
      vertex -7.93441 -15.5062 3.39979
    endloop
  endfacet
  facet normal -0.258926 0.965897 0.000310309
    outer loop
      vertex -7.93441 -15.5062 -3.39979
      vertex -7.4811 -15.3847 -3.34436
      vertex -7.75983 -15.4594 -3.40205
    endloop
  endfacet
  facet normal 0.965897 0.258927 0.000754179
    outer loop
      vertex -9.4715 -14.5872 3.40205
      vertex -9.58298 -14.1712 3.35491
      vertex -9.5694 -14.2219 3.36914
    endloop
  endfacet
  facet normal 0.965927 0.258816 0
    outer loop
      vertex -9.58298 -14.1712 3.35491
      vertex -9.46152 -14.6245 3.40151
      vertex -9.58298 -14.1712 -3.35491
    endloop
  endfacet
  facet normal 0.966003 0.25851 -0.00317818
    outer loop
      vertex -9.58298 -14.1712 3.35491
      vertex -9.4715 -14.5872 3.40205
      vertex -9.46152 -14.6245 3.40151
    endloop
  endfacet
  facet normal 0.965927 0.258816 -0
    outer loop
      vertex -9.46152 -14.6245 -3.40151
      vertex -9.58298 -14.1712 -3.35491
      vertex -9.46152 -14.6245 3.40151
    endloop
  endfacet
  facet normal 0.966003 0.25851 0.00317818
    outer loop
      vertex -9.4715 -14.5872 -3.40205
      vertex -9.58298 -14.1712 -3.35491
      vertex -9.46152 -14.6245 -3.40151
    endloop
  endfacet
  facet normal 0.965897 0.258927 -0.000754179
    outer loop
      vertex -9.58298 -14.1712 -3.35491
      vertex -9.4715 -14.5872 -3.40205
      vertex -9.5694 -14.2219 -3.36914
    endloop
  endfacet
  facet normal 0.99863 -0.0523285 0
    outer loop
      vertex -9.58298 -14.1712 3.35491
      vertex -9.55842 -13.7025 -3.38064
      vertex -9.55842 -13.7025 3.38064
    endloop
  endfacet
  facet normal 0.99863 -0.0523285 0
    outer loop
      vertex -9.55842 -13.7025 -3.38064
      vertex -9.58298 -14.1712 3.35491
      vertex -9.58298 -14.1712 -3.35491
    endloop
  endfacet
  facet normal -0.629676 -0.776857 -0.00155689
    outer loop
      vertex -6.97649 -13.0107 4.97897
      vertex -7.19853 -12.8309 5.06524
      vertex -7.3412 -12.7153 5.08526
    endloop
  endfacet
  facet normal -0.629011 -0.777396 0.00127713
    outer loop
      vertex -7.19853 -12.8309 5.06524
      vertex -6.97649 -13.0107 4.97897
      vertex -6.99809 -12.9932 4.9929
    endloop
  endfacet
  facet normal -0.629402 -0.77708 0
    outer loop
      vertex -7.3412 -12.7153 5.08526
      vertex -6.97649 -13.0107 -4.97897
      vertex -6.97649 -13.0107 4.97897
    endloop
  endfacet
  facet normal -0.629402 -0.77708 0
    outer loop
      vertex -7.3412 -12.7153 -5.08526
      vertex -6.97649 -13.0107 -4.97897
      vertex -7.3412 -12.7153 5.08526
    endloop
  endfacet
  facet normal -0.629676 -0.776857 0.00155689
    outer loop
      vertex -7.19853 -12.8309 -5.06524
      vertex -6.97649 -13.0107 -4.97897
      vertex -7.3412 -12.7153 -5.08526
    endloop
  endfacet
  facet normal -0.629011 -0.777396 -0.00127713
    outer loop
      vertex -6.97649 -13.0107 -4.97897
      vertex -7.19853 -12.8309 -5.06524
      vertex -6.99809 -12.9932 -4.9929
    endloop
  endfacet
  facet normal -0.0541332 -0.99853 0.00266347
    outer loop
      vertex -8.24799 -12.5226 4.67262
      vertex -7.77933 -12.5472 4.97532
      vertex -7.91388 -12.5401 4.90246
    endloop
  endfacet
  facet normal -0.0524179 -0.998625 0
    outer loop
      vertex -8.24799 -12.5226 -4.67262
      vertex -7.77933 -12.5472 4.97532
      vertex -8.24799 -12.5226 4.67262
    endloop
  endfacet
  facet normal -0.0541332 -0.99853 -0.00266347
    outer loop
      vertex -7.77933 -12.5472 -4.97532
      vertex -8.24799 -12.5226 -4.67262
      vertex -7.91388 -12.5401 -4.90246
    endloop
  endfacet
  facet normal -0.0524179 -0.998625 0
    outer loop
      vertex -8.24799 -12.5226 -4.67262
      vertex -7.77933 -12.5472 -4.97532
      vertex -7.77933 -12.5472 4.97532
    endloop
  endfacet
  facet normal 0.35756 0.933868 -0.00640457
    outer loop
      vertex -8.40307 -15.4816 3.4847
      vertex -8.66981 -15.3792 3.52415
      vertex -8.42902 -15.4716 3.49407
    endloop
  endfacet
  facet normal 0.358407 0.933565 0.000114233
    outer loop
      vertex -8.66981 -15.3792 3.52415
      vertex -8.40307 -15.4816 3.4847
      vertex -8.8412 -15.3134 3.51408
    endloop
  endfacet
  facet normal 0.358401 0.933568 -0
    outer loop
      vertex -8.40307 -15.4816 -3.4847
      vertex -8.8412 -15.3134 3.51408
      vertex -8.40307 -15.4816 3.4847
    endloop
  endfacet
  facet normal 0.35756 0.933868 0.00640457
    outer loop
      vertex -8.66981 -15.3792 -3.52415
      vertex -8.40307 -15.4816 -3.4847
      vertex -8.42902 -15.4716 -3.49407
    endloop
  endfacet
  facet normal 0.358401 0.933568 0
    outer loop
      vertex -8.40307 -15.4816 -3.4847
      vertex -8.8412 -15.3134 -3.51408
      vertex -8.8412 -15.3134 3.51408
    endloop
  endfacet
  facet normal 0.358407 0.933565 -0.000114233
    outer loop
      vertex -8.40307 -15.4816 -3.4847
      vertex -8.66981 -15.3792 -3.52415
      vertex -8.8412 -15.3134 -3.51408
    endloop
  endfacet
  facet normal 0.544639 -0.838671 0
    outer loop
      vertex -9.0949 -12.8997 -3.86616
      vertex -8.70131 -12.6441 4.27842
      vertex -9.0949 -12.8997 3.86616
    endloop
  endfacet
  facet normal 0.544639 -0.838671 0
    outer loop
      vertex -8.70131 -12.6441 4.27842
      vertex -9.0949 -12.8997 -3.86616
      vertex -8.70131 -12.6441 -4.27842
    endloop
  endfacet
  facet normal -0.965804 -0.259272 -0.000549526
    outer loop
      vertex -6.59942 -13.8576 -4.26787
      vertex -6.72088 -13.4043 -4.6709
      vertex -6.67411 -13.5788 -4.53929
    endloop
  endfacet
  facet normal -0.965927 -0.258816 0
    outer loop
      vertex -6.72088 -13.4043 -4.6709
      vertex -6.59942 -13.8576 -4.26787
      vertex -6.72088 -13.4043 4.6709
    endloop
  endfacet
  facet normal -0.965927 -0.258816 -0
    outer loop
      vertex -6.59942 -13.8576 4.26787
      vertex -6.72088 -13.4043 4.6709
      vertex -6.59942 -13.8576 -4.26787
    endloop
  endfacet
  facet normal -0.965804 -0.259272 0.000549526
    outer loop
      vertex -6.72088 -13.4043 4.6709
      vertex -6.59942 -13.8576 4.26787
      vertex -6.67411 -13.5788 4.53929
    endloop
  endfacet
  facet normal -0.837359 -0.546641 -0.00363666
    outer loop
      vertex -6.72088 -13.4043 -4.6709
      vertex -6.97649 -13.0107 -4.97897
      vertex -6.86365 -13.1844 -4.85142
    endloop
  endfacet
  facet normal -0.838667 -0.544644 0
    outer loop
      vertex -6.97649 -13.0107 -4.97897
      vertex -6.72088 -13.4043 -4.6709
      vertex -6.97649 -13.0107 4.97897
    endloop
  endfacet
  facet normal -0.838667 -0.544644 -0
    outer loop
      vertex -6.72088 -13.4043 4.6709
      vertex -6.97649 -13.0107 4.97897
      vertex -6.72088 -13.4043 -4.6709
    endloop
  endfacet
  facet normal -0.837359 -0.546641 0.00363666
    outer loop
      vertex -6.97649 -13.0107 4.97897
      vertex -6.72088 -13.4043 4.6709
      vertex -6.86365 -13.1844 4.85142
    endloop
  endfacet
  facet normal 0.777134 -0.629336 0
    outer loop
      vertex -9.39024 -13.2644 3.5568
      vertex -9.0949 -12.8997 -3.86616
      vertex -9.0949 -12.8997 3.86616
    endloop
  endfacet
  facet normal 0.777134 -0.629336 0
    outer loop
      vertex -9.0949 -12.8997 -3.86616
      vertex -9.39024 -13.2644 3.5568
      vertex -9.39024 -13.2644 -3.5568
    endloop
  endfacet
  facet normal -0.544734 0.838607 0.00189793
    outer loop
      vertex -7.08751 -15.1291 3.37284
      vertex -7.4811 -15.3847 3.34436
      vertex -7.43043 -15.3518 3.35043
    endloop
  endfacet
  facet normal -0.544639 0.838671 0
    outer loop
      vertex -7.08751 -15.1291 3.37284
      vertex -7.4811 -15.3847 -3.34436
      vertex -7.4811 -15.3847 3.34436
    endloop
  endfacet
  facet normal -0.544576 0.838712 -5.23905e-06
    outer loop
      vertex -7.08751 -15.1291 3.37284
      vertex -7.43043 -15.3518 -3.35043
      vertex -7.4811 -15.3847 -3.34436
    endloop
  endfacet
  facet normal -0.544648 0.838665 0
    outer loop
      vertex -7.43043 -15.3518 -3.35043
      vertex -7.08751 -15.1291 3.37284
      vertex -7.08751 -15.1291 -3.37284
    endloop
  endfacet
  facet normal 0.838683 0.544619 -6.55845e-05
    outer loop
      vertex -9.20592 -15.0181 3.48105
      vertex -9.46152 -14.6245 3.40151
      vertex -9.2793 -14.9051 3.47225
    endloop
  endfacet
  facet normal 0.838677 0.544629 0
    outer loop
      vertex -9.46152 -14.6245 3.40151
      vertex -9.20592 -15.0181 3.48105
      vertex -9.46152 -14.6245 -3.40151
    endloop
  endfacet
  facet normal 0.838677 0.544629 -0
    outer loop
      vertex -9.20592 -15.0181 -3.48105
      vertex -9.46152 -14.6245 -3.40151
      vertex -9.20592 -15.0181 3.48105
    endloop
  endfacet
  facet normal 0.838683 0.544619 6.55845e-05
    outer loop
      vertex -9.46152 -14.6245 -3.40151
      vertex -9.20592 -15.0181 -3.48105
      vertex -9.2793 -14.9051 -3.47225
    endloop
  endfacet
  facet normal -0.777123 0.629348 0
    outer loop
      vertex -7.08751 -15.1291 -3.37284
      vertex -6.79216 -14.7644 3.54901
      vertex -6.79216 -14.7644 -3.54901
    endloop
  endfacet
  facet normal -0.777123 0.629348 0
    outer loop
      vertex -6.79216 -14.7644 3.54901
      vertex -7.08751 -15.1291 -3.37284
      vertex -7.08751 -15.1291 3.37284
    endloop
  endfacet
  facet normal -0.357312 -0.933965 -0.00617143
    outer loop
      vertex -7.6765 -12.5866 5.02135
      vertex -7.3412 -12.7153 5.08526
      vertex -7.42737 -12.6823 5.0802
    endloop
  endfacet
  facet normal -0.358753 -0.933429 0.00246482
    outer loop
      vertex -7.77933 -12.5472 4.97532
      vertex -7.3412 -12.7153 5.08526
      vertex -7.6765 -12.5866 5.02135
    endloop
  endfacet
  facet normal -0.358215 -0.933639 0
    outer loop
      vertex -7.77933 -12.5472 -4.97532
      vertex -7.3412 -12.7153 5.08526
      vertex -7.77933 -12.5472 4.97532
    endloop
  endfacet
  facet normal -0.358753 -0.933429 -0.00246482
    outer loop
      vertex -7.3412 -12.7153 -5.08526
      vertex -7.77933 -12.5472 -4.97532
      vertex -7.6765 -12.5866 -5.02135
    endloop
  endfacet
  facet normal -0.357312 -0.933965 0.00617143
    outer loop
      vertex -7.3412 -12.7153 -5.08526
      vertex -7.6765 -12.5866 -5.02135
      vertex -7.42737 -12.6823 -5.0802
    endloop
  endfacet
  facet normal -0.358215 -0.933639 0
    outer loop
      vertex -7.77933 -12.5472 -4.97532
      vertex -7.3412 -12.7153 -5.08526
      vertex -7.3412 -12.7153 5.08526
    endloop
  endfacet
  facet normal -0.933601 0.358314 0
    outer loop
      vertex -6.79216 -14.7644 -3.54901
      vertex -6.62398 -14.3262 3.85836
      vertex -6.62398 -14.3262 -3.85836
    endloop
  endfacet
  facet normal -0.933601 0.358314 0
    outer loop
      vertex -6.62398 -14.3262 3.85836
      vertex -6.79216 -14.7644 -3.54901
      vertex -6.79216 -14.7644 3.54901
    endloop
  endfacet
  facet normal 0.629322 0.777144 -0.00107568
    outer loop
      vertex -9.20592 -15.0181 3.48105
      vertex -8.91293 -15.2553 3.52415
      vertex -8.8412 -15.3134 3.51408
    endloop
  endfacet
  facet normal 0.629228 0.777221 -1.94927e-05
    outer loop
      vertex -8.91293 -15.2553 3.52415
      vertex -9.20592 -15.0181 3.48105
      vertex -9.12032 -15.0874 3.50902
    endloop
  endfacet
  facet normal 0.629263 0.777192 0
    outer loop
      vertex -8.8412 -15.3134 3.51408
      vertex -9.20592 -15.0181 -3.48105
      vertex -9.20592 -15.0181 3.48105
    endloop
  endfacet
  facet normal 0.629263 0.777192 -0
    outer loop
      vertex -8.8412 -15.3134 -3.51408
      vertex -9.20592 -15.0181 -3.48105
      vertex -8.8412 -15.3134 3.51408
    endloop
  endfacet
  facet normal 0.629322 0.777144 0.00107568
    outer loop
      vertex -8.91293 -15.2553 -3.52415
      vertex -9.20592 -15.0181 -3.48105
      vertex -8.8412 -15.3134 -3.51408
    endloop
  endfacet
  facet normal 0.629228 0.777221 1.94927e-05
    outer loop
      vertex -9.20592 -15.0181 -3.48105
      vertex -8.91293 -15.2553 -3.52415
      vertex -9.12032 -15.0874 -3.50902
    endloop
  endfacet
  facet normal 0.933574 -0.358385 0
    outer loop
      vertex -9.55842 -13.7025 3.38064
      vertex -9.39024 -13.2644 -3.5568
      vertex -9.39024 -13.2644 3.5568
    endloop
  endfacet
  facet normal 0.933574 -0.358385 0
    outer loop
      vertex -9.39024 -13.2644 -3.5568
      vertex -9.55842 -13.7025 3.38064
      vertex -9.55842 -13.7025 -3.38064
    endloop
  endfacet
  facet normal 0.258078 -0.966124 0.00093286
    outer loop
      vertex -8.70131 -12.6441 4.27842
      vertex -8.28523 -12.5326 4.6446
      vertex -8.65059 -12.6305 4.33154
    endloop
  endfacet
  facet normal 0.262262 -0.964988 -0.00416637
    outer loop
      vertex -8.28523 -12.5326 4.6446
      vertex -8.70131 -12.6441 4.27842
      vertex -8.24799 -12.5226 4.67262
    endloop
  endfacet
  facet normal 0.258885 -0.965908 0
    outer loop
      vertex -8.70131 -12.6441 -4.27842
      vertex -8.24799 -12.5226 4.67262
      vertex -8.70131 -12.6441 4.27842
    endloop
  endfacet
  facet normal 0.258078 -0.966124 -0.00093286
    outer loop
      vertex -8.28523 -12.5326 -4.6446
      vertex -8.70131 -12.6441 -4.27842
      vertex -8.65059 -12.6305 -4.33154
    endloop
  endfacet
  facet normal 0.262262 -0.964988 0.00416637
    outer loop
      vertex -8.70131 -12.6441 -4.27842
      vertex -8.28523 -12.5326 -4.6446
      vertex -8.24799 -12.5226 -4.67262
    endloop
  endfacet
  facet normal 0.258885 -0.965908 0
    outer loop
      vertex -8.70131 -12.6441 -4.27842
      vertex -8.24799 -12.5226 -4.67262
      vertex -8.24799 -12.5226 4.67262
    endloop
  endfacet
  facet normal 0.0927241 0.585291 0.805504
    outer loop
      vertex -10.1307 18.9052 1.35839
      vertex -10.1307 18.419 1.71167
      vertex -9.86117 18.3763 1.71167
    endloop
  endfacet
  facet normal 0.361605 -0.62652 0.690446
    outer loop
      vertex 2.71949 -1.09896 10.9637
      vertex 15.3007 -1.21352 4.27063
      vertex 15.1862 -1.09896 4.43455
    endloop
  endfacet
  facet normal 0.361639 -0.626432 0.690507
    outer loop
      vertex 1.46946 -2.02254 10.7805
      vertex 15.3007 -1.21352 4.27063
      vertex 2.71949 -1.09896 10.9637
    endloop
  endfacet
  facet normal 0.36166 -0.626359 0.690563
    outer loop
      vertex 15.3007 -1.21352 4.27063
      vertex 1.46946 -2.02254 10.7805
      vertex 15.7189 -1.42658 3.85836
    endloop
  endfacet
  facet normal 0.361734 -0.626533 0.690366
    outer loop
      vertex 1.46946 -2.02254 10.7805
      vertex 2.71949 -1.09896 10.9637
      vertex 1.94711 -1.5449 10.9637
    endloop
  endfacet
  facet normal 0.361659 -0.626363 0.690559
    outer loop
      vertex 0.772542 -2.37764 10.8234
      vertex 15.7189 -1.42658 3.85836
      vertex 1.46946 -2.02254 10.7805
    endloop
  endfacet
  facet normal 0.361669 -0.626328 0.690586
    outer loop
      vertex -0.162085 -2.76264 10.9637
      vertex 15.7189 -1.42658 3.85836
      vertex 0.772542 -2.37764 10.8234
    endloop
  endfacet
  facet normal 0.361717 -0.626515 0.690392
    outer loop
      vertex -0.162085 -2.76264 10.9637
      vertex 0.772542 -2.37764 10.8234
      vertex 0.403519 -2.43609 10.9637
    endloop
  endfacet
  facet normal 0.361647 -0.626412 0.690521
    outer loop
      vertex 15.7189 -1.42658 3.85836
      vertex -0.162085 -2.76264 10.9637
      vertex 16.1035 -1.48751 3.60166
    endloop
  endfacet
  facet normal 0.361691 -0.626273 0.690624
    outer loop
      vertex 17.0641 -1.21352 3.34712
      vertex 21.0598 -1.09896 1.35839
      vertex 17.1786 -1.09896 3.39104
    endloop
  endfacet
  facet normal 0.361628 -0.626461 0.690487
    outer loop
      vertex 16.6459 -1.42658 3.37284
      vertex 21.0598 -1.09896 1.35839
      vertex 17.0641 -1.21352 3.34712
    endloop
  endfacet
  facet normal 0.36171 -0.626163 0.690714
    outer loop
      vertex 21.0598 -1.09896 1.35839
      vertex 16.6459 -1.42658 3.37284
      vertex 16.4159 -1.46301 3.46026
    endloop
  endfacet
  facet normal 0.527931 0.269042 0.805546
    outer loop
      vertex 21.3603 0.798441 1.35839
      vertex 20.9669 0.51263 1.71167
      vertex 21.0908 0.269506 1.71167
    endloop
  endfacet
  facet normal -0.802517 -0.127126 0.582928
    outer loop
      vertex -11.4891 -17.5468 1.35839
      vertex -11.8423 -17.5468 0.872139
      vertex -11.4226 -17.9666 1.35839
    endloop
  endfacet
  facet normal -0.723338 -5.49852e-05 0.690494
    outer loop
      vertex -11.4891 17.5468 1.35839
      vertex -9.58298 14.1712 3.35491
      vertex -9.5694 14.2219 3.36914
    endloop
  endfacet
  facet normal -0.723285 8.46592e-06 0.69055
    outer loop
      vertex -11.4891 17.5468 1.35839
      vertex -9.55842 13.7025 3.38064
      vertex -9.58298 14.1712 3.35491
    endloop
  endfacet
  facet normal -0.723271 2.28129e-05 0.690564
    outer loop
      vertex -11.4891 17.5468 1.35839
      vertex -9.39024 13.2644 3.5568
      vertex -9.55842 13.7025 3.38064
    endloop
  endfacet
  facet normal -0.723248 6.50941e-05 0.690588
    outer loop
      vertex -8.70131 12.6441 4.27842
      vertex -2.31891 1.66368 10.9637
      vertex -8.65059 12.6305 4.33154
    endloop
  endfacet
  facet normal -0.723292 8.81042e-06 0.690542
    outer loop
      vertex -2.5 0 10.774
      vertex -8.70131 12.6441 4.27842
      vertex -9.0949 12.8997 3.86616
    endloop
  endfacet
  facet normal -0.723307 0 0.690527
    outer loop
      vertex -9.0949 -12.8997 3.86616
      vertex -9.0949 12.8997 3.86616
      vertex -9.39024 13.2644 3.5568
    endloop
  endfacet
  facet normal -0.723306 -5.69243e-06 0.690527
    outer loop
      vertex -8.70131 12.6441 4.27842
      vertex -2.5 0 10.774
      vertex -2.31891 1.66368 10.9637
    endloop
  endfacet
  facet normal -0.723766 0 0.690045
    outer loop
      vertex -2.31891 1.66368 10.9637
      vertex -2.37764 0.772542 10.9021
      vertex -2.31891 0.887799 10.9637
    endloop
  endfacet
  facet normal -0.722662 -0.000152672 0.691201
    outer loop
      vertex -2.31891 1.66368 10.9637
      vertex -2.5 0 10.774
      vertex -2.37764 0.772542 10.9021
    endloop
  endfacet
  facet normal -0.7233 0 0.690533
    outer loop
      vertex -9.0949 12.8997 3.86616
      vertex -9.0949 -12.8997 3.86616
      vertex -2.5 0 10.774
    endloop
  endfacet
  facet normal -0.723766 0 0.690045
    outer loop
      vertex -2.37764 -0.772542 10.9021
      vertex -2.31891 -1.66368 10.9637
      vertex -2.31891 -0.887799 10.9637
    endloop
  endfacet
  facet normal -0.723292 -8.81042e-06 0.690542
    outer loop
      vertex -8.70131 -12.6441 4.27842
      vertex -2.5 0 10.774
      vertex -9.0949 -12.8997 3.86616
    endloop
  endfacet
  facet normal -0.723293 0 0.690541
    outer loop
      vertex -9.39024 -13.2644 3.5568
      vertex -9.39024 13.2644 3.5568
      vertex -11.4891 17.5468 1.35839
    endloop
  endfacet
  facet normal -0.723306 5.69243e-06 0.690527
    outer loop
      vertex -2.31891 -1.66368 10.9637
      vertex -2.5 0 10.774
      vertex -8.70131 -12.6441 4.27842
    endloop
  endfacet
  facet normal -0.723248 -6.50941e-05 0.690588
    outer loop
      vertex -2.31891 -1.66368 10.9637
      vertex -8.70131 -12.6441 4.27842
      vertex -8.65059 -12.6305 4.33154
    endloop
  endfacet
  facet normal -0.722662 0.000152672 0.691201
    outer loop
      vertex -2.5 0 10.774
      vertex -2.31891 -1.66368 10.9637
      vertex -2.37764 -0.772542 10.9021
    endloop
  endfacet
  facet normal -0.723307 0 0.690527
    outer loop
      vertex -9.39024 13.2644 3.5568
      vertex -9.39024 -13.2644 3.5568
      vertex -9.0949 -12.8997 3.86616
    endloop
  endfacet
  facet normal -0.723293 0 0.690541
    outer loop
      vertex -11.4891 -17.5468 1.35839
      vertex -9.39024 -13.2644 3.5568
      vertex -11.4891 17.5468 1.35839
    endloop
  endfacet
  facet normal -0.723271 -2.28129e-05 0.690564
    outer loop
      vertex -9.39024 -13.2644 3.5568
      vertex -11.4891 -17.5468 1.35839
      vertex -9.55842 -13.7025 3.38064
    endloop
  endfacet
  facet normal -0.723338 5.49852e-05 0.690494
    outer loop
      vertex -9.58298 -14.1712 3.35491
      vertex -11.4891 -17.5468 1.35839
      vertex -9.5694 -14.2219 3.36914
    endloop
  endfacet
  facet normal -0.723285 -8.46592e-06 0.69055
    outer loop
      vertex -9.55842 -13.7025 3.38064
      vertex -11.4891 -17.5468 1.35839
      vertex -9.58298 -14.1712 3.35491
    endloop
  endfacet
  facet normal -0.149007 -0.940454 0.305521
    outer loop
      vertex -10.1307 -19.2585 0.872139
      vertex -10.6596 -19.1747 0.872139
      vertex -10.1307 -19.4442 0.300518
    endloop
  endfacet
  facet normal -0.951023 0 0.309121
    outer loop
      vertex -12.0281 -17.5468 0.300518
      vertex -11.8423 17.5468 0.872139
      vertex -12.0281 17.5468 0.300518
    endloop
  endfacet
  facet normal -0.951023 0 0.309121
    outer loop
      vertex -11.8423 17.5468 0.872139
      vertex -12.0281 -17.5468 0.300518
      vertex -11.8423 -17.5468 0.872139
    endloop
  endfacet
  facet normal 0.418934 -0.418936 -0.805597
    outer loop
      vertex 2.71949 -1.09896 -10.9637
      vertex 2.62663 -0.51263 -11.3169
      vertex 3.02001 -0.798441 -10.9637
    endloop
  endfacet
  facet normal 0.418927 -0.418938 -0.805599
    outer loop
      vertex 2.62663 -0.51263 -11.3169
      vertex 2.71949 -1.09896 -10.9637
      vertex 2.43368 -0.705575 -11.3169
    endloop
  endfacet
  facet normal 0.368823 0.723932 0.583003
    outer loop
      vertex -9.12458 18.9316 0.872139
      vertex -9.60174 19.1747 0.872139
      vertex -9.33223 18.6458 1.35839
    endloop
  endfacet
  facet normal -0.141899 -0.278477 0.949903
    outer loop
      vertex -1.47316 -2.36926 11.3169
      vertex -1.17894 -2.17057 11.4191
      vertex -1.28831 -2.11484 11.4191
    endloop
  endfacet
  facet normal -0.141887 -0.278493 0.9499
    outer loop
      vertex -1.17894 -2.17057 11.4191
      vertex -1.47316 -2.36926 11.3169
      vertex -1.23003 -2.49313 11.3169
    endloop
  endfacet
  facet normal 0.848383 -0.432231 -0.305652
    outer loop
      vertex 22.0659 -0.586329 -0.300518
      vertex 21.6461 -1.00609 -0.872139
      vertex 21.8892 -0.528934 -0.872139
    endloop
  endfacet
  facet normal 0.278482 0.141583 -0.949948
    outer loop
      vertex 2.44025 0.377222 -11.3918
      vertex 2.75051 0.269506 -11.3169
      vertex 2.46449 0.224205 -11.4075
    endloop
  endfacet
  facet normal 0.278589 0.141951 -0.949862
    outer loop
      vertex 2.75051 0.269506 -11.3169
      vertex 2.44025 0.377222 -11.3918
      vertex 2.62663 0.51263 -11.3169
    endloop
  endfacet
  facet normal 0.269024 -0.528026 0.80549
    outer loop
      vertex -0.69102 -2.49313 11.3169
      vertex -0.398794 -2.43684 11.2562
      vertex -0.537435 -2.41488 11.3169
    endloop
  endfacet
  facet normal 0.269014 -0.527829 0.805623
    outer loop
      vertex -0.398794 -2.43684 11.2562
      vertex -0.69102 -2.49313 11.3169
      vertex -0.162085 -2.76264 10.9637
    endloop
  endfacet
  facet normal -0.418873 -0.41909 0.805548
    outer loop
      vertex -10.8363 -18.0595 1.71167
      vertex -10.9291 -18.6458 1.35839
      vertex -10.6433 -18.2524 1.71167
    endloop
  endfacet
  facet normal -0.419033 -0.419033 0.805495
    outer loop
      vertex -10.9291 -18.6458 1.35839
      vertex -10.8363 -18.0595 1.71167
      vertex -11.2296 -18.3453 1.35839
    endloop
  endfacet
  facet normal -0.141887 -0.278493 -0.9499
    outer loop
      vertex -1.47316 -2.36926 -11.3169
      vertex -1.17894 -2.17057 -11.4191
      vertex -1.23003 -2.49313 -11.3169
    endloop
  endfacet
  facet normal -0.141899 -0.278477 -0.949903
    outer loop
      vertex -1.17894 -2.17057 -11.4191
      vertex -1.47316 -2.36926 -11.3169
      vertex -1.28831 -2.11484 -11.4191
    endloop
  endfacet
  facet normal -0.432199 0.848397 0.305657
    outer loop
      vertex -10.717 19.3514 0.300518
      vertex -11.1368 18.9316 0.872139
      vertex -10.6596 19.1747 0.872139
    endloop
  endfacet
  facet normal 0.405285 0.701974 0.585641
    outer loop
      vertex -9.12458 18.9316 0.872139
      vertex 21.0598 1.09896 1.35839
      vertex 21.2674 1.38477 0.872139
    endloop
  endfacet
  facet normal 0.405279 0.701963 0.585659
    outer loop
      vertex 21.0598 1.09896 1.35839
      vertex -9.12458 18.9316 0.872139
      vertex -9.33223 18.6458 1.35839
    endloop
  endfacet
  facet normal -0.308289 -0.0499494 0.94998
    outer loop
      vertex -1.63684 -1.85516 11.3707
      vertex -1.78998 -1.93319 11.3169
      vertex -1.61551 -1.8765 11.3765
    endloop
  endfacet
  facet normal -0.0764916 -0.483249 0.872135
    outer loop
      vertex -8.66981 -15.3792 3.52415
      vertex -10.1307 -18.419 1.71167
      vertex -8.42902 -15.4716 3.49407
    endloop
  endfacet
  facet normal -0.0765623 -0.483221 0.872144
    outer loop
      vertex -10.1307 -18.419 1.71167
      vertex -8.66981 -15.3792 3.52415
      vertex -10.4002 -18.3763 1.71167
    endloop
  endfacet
  facet normal -0.0765442 -0.483227 0.872143
    outer loop
      vertex -1.23003 -2.49313 11.3169
      vertex -6.99809 -12.9932 4.9929
      vertex -0.960526 -2.53582 11.3169
    endloop
  endfacet
  facet normal -0.0765247 -0.483236 0.872139
    outer loop
      vertex -6.99809 -12.9932 4.9929
      vertex -1.23003 -2.49313 11.3169
      vertex -7.19853 -12.8309 5.06524
    endloop
  endfacet
  facet normal 0.42086 0.420865 -0.803586
    outer loop
      vertex 3.02001 0.798441 -10.9637
      vertex 14.9689 0.881678 -4.66215
      vertex 14.9265 0.798441 -4.72795
    endloop
  endfacet
  facet normal 0.420862 0.420853 -0.80359
    outer loop
      vertex 3.02001 0.798441 -10.9637
      vertex 15.1862 1.09896 -4.43455
      vertex 14.9689 0.881678 -4.66215
    endloop
  endfacet
  facet normal 0.42086 0.420862 -0.803587
    outer loop
      vertex 15.1862 1.09896 -4.43455
      vertex 3.02001 0.798441 -10.9637
      vertex 2.71949 1.09896 -10.9637
    endloop
  endfacet
  facet normal 0.420862 0.420835 -0.8036
    outer loop
      vertex 17.4383 0.798441 -3.41242
      vertex 21.0598 1.09896 -1.35839
      vertex 21.3603 0.798441 -1.35839
    endloop
  endfacet
  facet normal 0.420872 0.420801 -0.803613
    outer loop
      vertex 17.3959 0.881678 -3.39104
      vertex 21.0598 1.09896 -1.35839
      vertex 17.4383 0.798441 -3.41242
    endloop
  endfacet
  facet normal 0.420849 0.420884 -0.803581
    outer loop
      vertex 21.0598 1.09896 -1.35839
      vertex 17.3959 0.881678 -3.39104
      vertex 17.1786 1.09896 -3.39104
    endloop
  endfacet
  facet normal -0.587629 0 0.80913
    outer loop
      vertex -2.02254 -1.46946 11.179
      vertex -1.83266 -1.66368 11.3169
      vertex -1.83266 -1.65934 11.3169
    endloop
  endfacet
  facet normal -0.587697 -0.000100587 0.809081
    outer loop
      vertex -2.02254 -1.46946 11.179
      vertex -2.31891 -1.66368 10.9637
      vertex -1.83266 -1.66368 11.3169
    endloop
  endfacet
  facet normal -0.58774 0 0.80905
    outer loop
      vertex -2.31891 -1.66368 10.9637
      vertex -2.02254 -1.46946 11.179
      vertex -2.31891 -0.887799 10.9637
    endloop
  endfacet
  facet normal -0.587629 0 0.80913
    outer loop
      vertex -1.83266 1.66368 11.3169
      vertex -2.02254 1.46946 11.179
      vertex -1.83266 1.65934 11.3169
    endloop
  endfacet
  facet normal -0.587697 0.000100587 0.809081
    outer loop
      vertex -2.31891 1.66368 10.9637
      vertex -2.02254 1.46946 11.179
      vertex -1.83266 1.66368 11.3169
    endloop
  endfacet
  facet normal -0.58774 0 0.80905
    outer loop
      vertex -2.02254 1.46946 11.179
      vertex -2.31891 1.66368 10.9637
      vertex -2.31891 0.887799 10.9637
    endloop
  endfacet
  facet normal 0.891009 0.453985 0
    outer loop
      vertex 22.0659 0.586329 0.300518
      vertex 21.7964 1.11526 -0.300518
      vertex 21.7964 1.11526 0.300518
    endloop
  endfacet
  facet normal 0.891009 0.453985 0
    outer loop
      vertex 21.7964 1.11526 -0.300518
      vertex 22.0659 0.586329 0.300518
      vertex 22.0659 0.586329 -0.300518
    endloop
  endfacet
  facet normal -0.84833 -0.432433 0.305512
    outer loop
      vertex -11.7586 -18.0758 0.872139
      vertex -11.9352 -18.1332 0.300518
      vertex -11.5154 -18.5529 0.872139
    endloop
  endfacet
  facet normal -0.84836 -0.43228 -0.305646
    outer loop
      vertex -11.6657 -18.6621 -0.300518
      vertex -11.9352 -18.1332 -0.300518
      vertex -11.5154 -18.5529 -0.872139
    endloop
  endfacet
  facet normal -0.587629 0 -0.80913
    outer loop
      vertex -2.02254 1.46946 -11.179
      vertex -1.83266 1.66368 -11.3169
      vertex -1.83266 1.65934 -11.3169
    endloop
  endfacet
  facet normal -0.587697 0.000100587 -0.809081
    outer loop
      vertex -2.02254 1.46946 -11.179
      vertex -2.31891 1.66368 -10.9637
      vertex -1.83266 1.66368 -11.3169
    endloop
  endfacet
  facet normal -0.58774 -0 -0.80905
    outer loop
      vertex -2.31891 1.66368 -10.9637
      vertex -2.02254 1.46946 -11.179
      vertex -2.31891 0.887799 -10.9637
    endloop
  endfacet
  facet normal -0.587629 0 -0.80913
    outer loop
      vertex -1.83266 -1.66368 -11.3169
      vertex -2.02254 -1.46946 -11.179
      vertex -1.83266 -1.65934 -11.3169
    endloop
  endfacet
  facet normal -0.587697 -0.000100587 -0.809081
    outer loop
      vertex -2.31891 -1.66368 -10.9637
      vertex -2.02254 -1.46946 -11.179
      vertex -1.83266 -1.66368 -11.3169
    endloop
  endfacet
  facet normal -0.58774 0 -0.80905
    outer loop
      vertex -2.02254 -1.46946 -11.179
      vertex -2.31891 -1.66368 -10.9637
      vertex -2.31891 -0.887799 -10.9637
    endloop
  endfacet
  facet normal 0.432257 0.848379 -0.305624
    outer loop
      vertex -9.12458 18.9316 -0.872139
      vertex -9.54435 19.3514 -0.300518
      vertex -9.01541 19.0819 -0.300518
    endloop
  endfacet
  facet normal 0.848383 0.432231 0.305652
    outer loop
      vertex 22.0659 0.586329 0.300518
      vertex 21.6461 1.00609 0.872139
      vertex 21.8892 0.528934 0.872139
    endloop
  endfacet
  facet normal 0.361738 -0.626058 0.690794
    outer loop
      vertex 16.1824 -1.5 3.54901
      vertex 21.0598 -1.09896 1.35839
      vertex 16.4159 -1.46301 3.46026
    endloop
  endfacet
  facet normal 0.36165 -0.626399 0.690531
    outer loop
      vertex -6.62398 -14.3262 3.85836
      vertex 16.1035 -1.48751 3.60166
      vertex -0.162085 -2.76264 10.9637
    endloop
  endfacet
  facet normal 0.36172 -0.62641 0.690485
    outer loop
      vertex -6.62398 -14.3262 3.85836
      vertex -0.162085 -2.76264 10.9637
      vertex -6.60258 -13.9179 4.21756
    endloop
  endfacet
  facet normal 0.361644 -0.626387 0.690546
    outer loop
      vertex 16.1035 -1.48751 3.60166
      vertex -6.62398 -14.3262 3.85836
      vertex 16.1824 -1.5 3.54901
    endloop
  endfacet
  facet normal 0.361612 -0.626329 0.690614
    outer loop
      vertex -6.79216 -14.7644 3.54901
      vertex 16.1824 -1.5 3.54901
      vertex -6.62398 -14.3262 3.85836
    endloop
  endfacet
  facet normal 0.361653 -0.6264 0.690529
    outer loop
      vertex -9.33223 -18.6458 1.35839
      vertex 16.1824 -1.5 3.54901
      vertex -6.79216 -14.7644 3.54901
    endloop
  endfacet
  facet normal 0.361443 -0.62635 0.690684
    outer loop
      vertex -9.33223 -18.6458 1.35839
      vertex -6.79216 -14.7644 3.54901
      vertex -7.08751 -15.1291 3.37284
    endloop
  endfacet
  facet normal 0.361674 -0.626402 0.690516
    outer loop
      vertex -9.33223 -18.6458 1.35839
      vertex -7.08751 -15.1291 3.37284
      vertex -7.43043 -15.3518 3.35043
    endloop
  endfacet
  facet normal 0.361649 -0.626395 0.690535
    outer loop
      vertex 16.1824 -1.5 3.54901
      vertex -9.33223 -18.6458 1.35839
      vertex 21.0598 -1.09896 1.35839
    endloop
  endfacet
  facet normal -0.308803 0.048864 -0.94987
    outer loop
      vertex -1.82832 1.66368 -11.3183
      vertex -1.78998 1.93319 -11.3169
      vertex -1.63684 1.85516 -11.3707
    endloop
  endfacet
  facet normal -0.306641 0.0485601 -0.950586
    outer loop
      vertex -1.78998 1.93319 -11.3169
      vertex -1.82832 1.66368 -11.3183
      vertex -1.83266 1.66368 -11.3169
    endloop
  endfacet
  facet normal 0.405285 0.701974 -0.585641
    outer loop
      vertex 21.0598 1.09896 -1.35839
      vertex -9.12458 18.9316 -0.872139
      vertex 21.2674 1.38477 -0.872139
    endloop
  endfacet
  facet normal 0.405279 0.701963 -0.585659
    outer loop
      vertex -9.12458 18.9316 -0.872139
      vertex 21.0598 1.09896 -1.35839
      vertex -9.33223 18.6458 -1.35839
    endloop
  endfacet
  facet normal -0.148853 0.940435 -0.305655
    outer loop
      vertex -10.6596 19.1747 -0.872139
      vertex -10.717 19.3514 -0.300518
      vertex -10.1307 19.4442 -0.300518
    endloop
  endfacet
  facet normal 0.308755 -0.0488982 0.949884
    outer loop
      vertex 2.47921 -0.131273 11.4122
      vertex 2.79319 0 11.3169
      vertex 2.5 0 11.4122
    endloop
  endfacet
  facet normal 0.308754 -0.0488955 0.949884
    outer loop
      vertex 2.79319 0 11.3169
      vertex 2.47921 -0.131273 11.4122
      vertex 2.75051 -0.269506 11.3169
    endloop
  endfacet
  facet normal -0.527934 -0.269055 0.805541
    outer loop
      vertex -10.9601 -17.8164 1.71167
      vertex -11.4226 -17.9666 1.35839
      vertex -11.2296 -18.3453 1.35839
    endloop
  endfacet
  facet normal -0.0927374 0.585291 0.805502
    outer loop
      vertex -10.1307 18.9052 1.35839
      vertex -10.5504 18.8387 1.35839
      vertex -10.4002 18.3763 1.71167
    endloop
  endfacet
  facet normal -0.149007 0.940454 0.305521
    outer loop
      vertex -10.1307 19.4442 0.300518
      vertex -10.6596 19.1747 0.872139
      vertex -10.1307 19.2585 0.872139
    endloop
  endfacet
  facet normal -0.564839 0.163082 0.808926
    outer loop
      vertex -7.91388 12.5401 4.90246
      vertex -2.25243 2.08344 10.9637
      vertex -1.78998 1.93319 11.3169
    endloop
  endfacet
  facet normal -0.564965 0.162975 0.80886
    outer loop
      vertex -8.24799 12.5226 4.67262
      vertex -2.25243 2.08344 10.9637
      vertex -7.91388 12.5401 4.90246
    endloop
  endfacet
  facet normal -0.564853 0.163074 0.808918
    outer loop
      vertex -2.25243 2.08344 10.9637
      vertex -8.24799 12.5226 4.67262
      vertex -8.28523 12.5326 4.6446
    endloop
  endfacet
  facet normal -0.564968 0.162972 0.808858
    outer loop
      vertex -10.9601 17.8164 1.71167
      vertex -9.46152 14.6245 3.40151
      vertex -9.2793 14.9051 3.47225
    endloop
  endfacet
  facet normal -0.564926 0.163004 0.808881
    outer loop
      vertex -11.4226 17.9666 1.35839
      vertex -9.46152 14.6245 3.40151
      vertex -10.9601 17.8164 1.71167
    endloop
  endfacet
  facet normal -0.565048 0.162894 0.808818
    outer loop
      vertex -9.46152 14.6245 3.40151
      vertex -11.4226 17.9666 1.35839
      vertex -9.4715 14.5872 3.40205
    endloop
  endfacet
  facet normal -0.527934 0.269055 0.805541
    outer loop
      vertex -11.2296 18.3453 1.35839
      vertex -11.4226 17.9666 1.35839
      vertex -10.9601 17.8164 1.71167
    endloop
  endfacet
  facet normal -0.210899 0.4138 0.885602
    outer loop
      vertex -10.4002 18.3763 1.71167
      vertex -8.8412 15.3134 3.51408
      vertex -8.66981 15.3792 3.52415
    endloop
  endfacet
  facet normal -0.2109 0.413799 0.885602
    outer loop
      vertex -10.6433 18.2524 1.71167
      vertex -8.8412 15.3134 3.51408
      vertex -10.4002 18.3763 1.71167
    endloop
  endfacet
  facet normal -0.210861 0.413822 0.885601
    outer loop
      vertex -8.8412 15.3134 3.51408
      vertex -10.6433 18.2524 1.71167
      vertex -8.91293 15.2553 3.52415
    endloop
  endfacet
  facet normal -0.210977 0.413753 0.885605
    outer loop
      vertex -7.3412 12.7153 5.08526
      vertex -1.23003 2.49313 11.3169
      vertex -7.19853 12.8309 5.06524
    endloop
  endfacet
  facet normal -0.21084 0.413833 0.885601
    outer loop
      vertex -1.23003 2.49313 11.3169
      vertex -7.3412 12.7153 5.08526
      vertex -1.47316 2.36926 11.3169
    endloop
  endfacet
  facet normal -0.210548 0.413994 0.885595
    outer loop
      vertex -1.47316 2.36926 11.3169
      vertex -7.3412 12.7153 5.08526
      vertex -7.42737 12.6823 5.0802
    endloop
  endfacet
  facet normal -0.337008 -0.337053 0.879102
    outer loop
      vertex -10.8363 -18.0595 1.71167
      vertex -8.91293 -15.2553 3.52415
      vertex -9.12032 -15.0874 3.50902
    endloop
  endfacet
  facet normal -0.336934 -0.337109 0.879109
    outer loop
      vertex -8.91293 -15.2553 3.52415
      vertex -10.8363 -18.0595 1.71167
      vertex -10.6433 -18.2524 1.71167
    endloop
  endfacet
  facet normal -0.337049 -0.337031 0.879095
    outer loop
      vertex -7.6765 -12.5866 5.02135
      vertex -1.47316 -2.36926 11.3169
      vertex -1.6661 -2.17631 11.3169
    endloop
  endfacet
  facet normal -0.33711 -0.336989 0.879088
    outer loop
      vertex -1.47316 -2.36926 11.3169
      vertex -7.6765 -12.5866 5.02135
      vertex -7.42737 -12.6823 5.0802
    endloop
  endfacet
  facet normal 0.361605 -0.62652 -0.690446
    outer loop
      vertex 15.3007 -1.21352 -4.27063
      vertex 2.71949 -1.09896 -10.9637
      vertex 15.1862 -1.09896 -4.43455
    endloop
  endfacet
  facet normal 0.36166 -0.626359 -0.690563
    outer loop
      vertex 1.46946 -2.02254 -10.7805
      vertex 15.3007 -1.21352 -4.27063
      vertex 15.7189 -1.42658 -3.85836
    endloop
  endfacet
  facet normal 0.361647 -0.626412 -0.690521
    outer loop
      vertex -0.162085 -2.76264 -10.9637
      vertex 15.7189 -1.42658 -3.85836
      vertex 16.1035 -1.48751 -3.60166
    endloop
  endfacet
  facet normal 0.361639 -0.626432 -0.690507
    outer loop
      vertex 15.3007 -1.21352 -4.27063
      vertex 1.46946 -2.02254 -10.7805
      vertex 2.71949 -1.09896 -10.9637
    endloop
  endfacet
  facet normal 0.361734 -0.626533 -0.690366
    outer loop
      vertex 2.71949 -1.09896 -10.9637
      vertex 1.46946 -2.02254 -10.7805
      vertex 1.94711 -1.5449 -10.9637
    endloop
  endfacet
  facet normal 0.361659 -0.626363 -0.690559
    outer loop
      vertex 15.7189 -1.42658 -3.85836
      vertex 0.772542 -2.37764 -10.8234
      vertex 1.46946 -2.02254 -10.7805
    endloop
  endfacet
  facet normal 0.361669 -0.626328 -0.690586
    outer loop
      vertex 15.7189 -1.42658 -3.85836
      vertex -0.162085 -2.76264 -10.9637
      vertex 0.772542 -2.37764 -10.8234
    endloop
  endfacet
  facet normal 0.361717 -0.626515 -0.690392
    outer loop
      vertex 0.772542 -2.37764 -10.8234
      vertex -0.162085 -2.76264 -10.9637
      vertex 0.403519 -2.43609 -10.9637
    endloop
  endfacet
  facet normal 0.361691 -0.626273 -0.690624
    outer loop
      vertex 21.0598 -1.09896 -1.35839
      vertex 17.0641 -1.21352 -3.34712
      vertex 17.1786 -1.09896 -3.39104
    endloop
  endfacet
  facet normal 0.361628 -0.626461 -0.690487
    outer loop
      vertex 21.0598 -1.09896 -1.35839
      vertex 16.6459 -1.42658 -3.37284
      vertex 17.0641 -1.21352 -3.34712
    endloop
  endfacet
  facet normal 0.36171 -0.626163 -0.690714
    outer loop
      vertex 16.6459 -1.42658 -3.37284
      vertex 21.0598 -1.09896 -1.35839
      vertex 16.4159 -1.46301 -3.46026
    endloop
  endfacet
  facet normal -0.802472 -0.12697 0.583024
    outer loop
      vertex -11.4226 -17.9666 1.35839
      vertex -11.8423 -17.5468 0.872139
      vertex -11.7586 -18.0758 0.872139
    endloop
  endfacet
  facet normal 0.462698 -0.073309 -0.883479
    outer loop
      vertex 21.0908 -0.269506 -1.71167
      vertex 17.6824 0 -3.51909
      vertex 21.1335 0 -1.71167
    endloop
  endfacet
  facet normal 0.462698 -0.073309 -0.883479
    outer loop
      vertex 17.6824 0 -3.51909
      vertex 21.0908 -0.269506 -1.71167
      vertex 17.6397 -0.269506 -3.51909
    endloop
  endfacet
  facet normal 0.4627 -0.0732572 -0.883483
    outer loop
      vertex 14.7251 -0.269506 -5.04555
      vertex 2.79319 0 -11.3169
      vertex 14.6824 0 -5.09026
    endloop
  endfacet
  facet normal 0.462699 -0.0732747 -0.883482
    outer loop
      vertex 2.79319 0 -11.3169
      vertex 14.7251 -0.269506 -5.04555
      vertex 2.75051 -0.269506 -11.3169
    endloop
  endfacet
  facet normal -0.673269 -0.673269 0.305645
    outer loop
      vertex -11.2459 -19.0819 0.300518
      vertex -11.5154 -18.5529 0.872139
      vertex -11.6657 -18.6621 0.300518
    endloop
  endfacet
  facet normal -0.673383 -0.673205 0.305533
    outer loop
      vertex -11.5154 -18.5529 0.872139
      vertex -11.2459 -19.0819 0.300518
      vertex -11.1368 -18.9316 0.872139
    endloop
  endfacet
  facet normal 0.278291 0.142597 -0.949853
    outer loop
      vertex 2.47166 0.178905 -11.4122
      vertex 2.46449 0.224205 -11.4075
      vertex 2.75051 0.269506 -11.3169
    endloop
  endfacet
  facet normal 0.574487 0.574518 0.583004
    outer loop
      vertex 21.2674 1.38477 0.872139
      vertex 21.3603 0.798441 1.35839
      vertex 21.6461 1.00609 0.872139
    endloop
  endfacet
  facet normal 0.574536 0.5745 0.582974
    outer loop
      vertex 21.3603 0.798441 1.35839
      vertex 21.2674 1.38477 0.872139
      vertex 21.0598 1.09896 1.35839
    endloop
  endfacet
  facet normal 0.0471641 0.309611 -0.949693
    outer loop
      vertex -0.726159 2.38499 -11.3539
      vertex -0.747876 2.38155 -11.3561
      vertex -0.69102 2.49313 -11.3169
    endloop
  endfacet
  facet normal 0.462698 0.073309 -0.883479
    outer loop
      vertex 17.6824 0 -3.51909
      vertex 21.0908 0.269506 -1.71167
      vertex 21.1335 0 -1.71167
    endloop
  endfacet
  facet normal 0.462698 0.073309 -0.883479
    outer loop
      vertex 21.0908 0.269506 -1.71167
      vertex 17.6824 0 -3.51909
      vertex 17.6397 0.269506 -3.51909
    endloop
  endfacet
  facet normal 0.4627 0.0732572 -0.883483
    outer loop
      vertex 2.79319 0 -11.3169
      vertex 14.7251 0.269506 -5.04555
      vertex 14.6824 0 -5.09026
    endloop
  endfacet
  facet normal 0.462699 0.0732747 -0.883482
    outer loop
      vertex 14.7251 0.269506 -5.04555
      vertex 2.79319 0 -11.3169
      vertex 2.75051 0.269506 -11.3169
    endloop
  endfacet
  facet normal 0.0927171 0.585289 0.805506
    outer loop
      vertex -9.71091 18.8387 1.35839
      vertex -10.1307 18.9052 1.35839
      vertex -9.86117 18.3763 1.71167
    endloop
  endfacet
  facet normal 0.221739 0.221744 0.949559
    outer loop
      vertex 2.39638 0.654232 11.3376
      vertex 2.62663 0.51263 11.3169
      vertex 2.43368 0.705575 11.3169
    endloop
  endfacet
  facet normal 0.221242 0.220891 0.949873
    outer loop
      vertex 2.62663 0.51263 11.3169
      vertex 2.39638 0.654232 11.3376
      vertex 2.44025 0.377222 11.3918
    endloop
  endfacet
  facet normal 0.673258 -0.673294 0.305612
    outer loop
      vertex 21.2674 -1.38477 0.872139
      vertex 21.7964 -1.11526 0.300518
      vertex 21.6461 -1.00609 0.872139
    endloop
  endfacet
  facet normal 0.673254 -0.673302 0.305604
    outer loop
      vertex 21.7964 -1.11526 0.300518
      vertex 21.2674 -1.38477 0.872139
      vertex 21.3766 -1.53503 0.300518
    endloop
  endfacet
  facet normal 0.585291 0.0927323 0.805503
    outer loop
      vertex 21.6197 0 1.35839
      vertex 21.0908 0.269506 1.71167
      vertex 21.1335 0 1.71167
    endloop
  endfacet
  facet normal -0.269064 -0.527922 0.805545
    outer loop
      vertex -10.6433 -18.2524 1.71167
      vertex -10.9291 -18.6458 1.35839
      vertex -10.4002 -18.3763 1.71167
    endloop
  endfacet
  facet normal 0.802519 -0.127145 0.582922
    outer loop
      vertex 21.973 0 0.872139
      vertex 21.5533 -0.419765 1.35839
      vertex 21.8892 -0.528934 0.872139
    endloop
  endfacet
  facet normal 0.294945 -0.510883 0.807469
    outer loop
      vertex 2.37764 -0.772542 11.295
      vertex 2.43368 -0.705575 11.3169
      vertex 2.38367 -0.734447 11.3169
    endloop
  endfacet
  facet normal 0.294851 -0.510827 0.807539
    outer loop
      vertex 2.43368 -0.705575 11.3169
      vertex 2.37764 -0.772542 11.295
      vertex 2.71949 -1.09896 10.9637
    endloop
  endfacet
  facet normal 0.294847 -0.510829 0.807538
    outer loop
      vertex 2.02254 -1.46946 10.9838
      vertex 2.71949 -1.09896 10.9637
      vertex 2.37764 -0.772542 11.295
    endloop
  endfacet
  facet normal 0.294229 -0.509613 0.808532
    outer loop
      vertex 2.71949 -1.09896 10.9637
      vertex 2.02254 -1.46946 10.9838
      vertex 1.94711 -1.5449 10.9637
    endloop
  endfacet
  facet normal 0.294841 -0.510681 0.807635
    outer loop
      vertex 0 -2.5 11.0706
      vertex -0.162085 -2.76264 10.9637
      vertex 0.403519 -2.43609 10.9637
    endloop
  endfacet
  facet normal 0.294956 -0.510724 0.807565
    outer loop
      vertex -0.162085 -2.76264 10.9637
      vertex 0 -2.5 11.0706
      vertex -0.398794 -2.43684 11.2562
    endloop
  endfacet
  facet normal -0.890998 -0.454007 0
    outer loop
      vertex -11.6657 -18.6621 -0.300518
      vertex -11.9352 -18.1332 0.300518
      vertex -11.9352 -18.1332 -0.300518
    endloop
  endfacet
  facet normal -0.890998 -0.454007 0
    outer loop
      vertex -11.9352 -18.1332 0.300518
      vertex -11.6657 -18.6621 -0.300518
      vertex -11.6657 -18.6621 0.300518
    endloop
  endfacet
  facet normal -0.141876 0.278495 -0.949901
    outer loop
      vertex -1.17894 2.17057 -11.4191
      vertex -1.23003 2.49313 -11.3169
      vertex -1.13285 2.19405 -11.4191
    endloop
  endfacet
  facet normal 0.308735 0.0489366 -0.949888
    outer loop
      vertex 2.47921 0.131273 -11.4122
      vertex 2.47166 0.178905 -11.4122
      vertex 2.75051 0.269506 -11.3169
    endloop
  endfacet
  facet normal -0.527934 -0.269055 -0.805541
    outer loop
      vertex -11.2296 -18.3453 -1.35839
      vertex -11.4226 -17.9666 -1.35839
      vertex -10.9601 -17.8164 -1.71167
    endloop
  endfacet
  facet normal -0.0764916 0.483249 0.872135
    outer loop
      vertex -10.1307 18.419 1.71167
      vertex -8.66981 15.3792 3.52415
      vertex -8.42902 15.4716 3.49407
    endloop
  endfacet
  facet normal -0.0765623 0.483221 0.872144
    outer loop
      vertex -8.66981 15.3792 3.52415
      vertex -10.1307 18.419 1.71167
      vertex -10.4002 18.3763 1.71167
    endloop
  endfacet
  facet normal -0.0765442 0.483227 0.872143
    outer loop
      vertex -6.99809 12.9932 4.9929
      vertex -1.23003 2.49313 11.3169
      vertex -0.960526 2.53582 11.3169
    endloop
  endfacet
  facet normal -0.0765247 0.483236 0.872139
    outer loop
      vertex -1.23003 2.49313 11.3169
      vertex -6.99809 12.9932 4.9929
      vertex -7.19853 12.8309 5.06524
    endloop
  endfacet
  facet normal 0.585245 -0.0925763 -0.805554
    outer loop
      vertex 21.5533 -0.419765 -1.35839
      vertex 21.0908 -0.269506 -1.71167
      vertex 21.6197 0 -1.35839
    endloop
  endfacet
  facet normal -0.585168 0.092668 -0.8056
    outer loop
      vertex -1.83266 1.66368 -11.3169
      vertex -2.31891 1.66368 -10.9637
      vertex -1.78998 1.93319 -11.3169
    endloop
  endfacet
  facet normal -0.418873 0.41909 -0.805548
    outer loop
      vertex -10.8363 18.0595 -1.71167
      vertex -10.9291 18.6458 -1.35839
      vertex -10.6433 18.2524 -1.71167
    endloop
  endfacet
  facet normal -0.419033 0.419033 -0.805495
    outer loop
      vertex -10.9291 18.6458 -1.35839
      vertex -10.8363 18.0595 -1.71167
      vertex -11.2296 18.3453 -1.35839
    endloop
  endfacet
  facet normal -0.631789 0.100071 -0.768654
    outer loop
      vertex -11.4891 17.5468 -1.35839
      vertex -9.4715 14.5872 -3.40205
      vertex -9.5694 14.2219 -3.36914
    endloop
  endfacet
  facet normal -0.631781 0.10008 -0.768659
    outer loop
      vertex -9.4715 14.5872 -3.40205
      vertex -11.4891 17.5468 -1.35839
      vertex -11.4226 17.9666 -1.35839
    endloop
  endfacet
  facet normal -0.631805 0.100063 -0.768642
    outer loop
      vertex -8.65059 12.6305 -4.33154
      vertex -2.25243 2.08344 -10.9637
      vertex -2.31891 1.66368 -10.9637
    endloop
  endfacet
  facet normal -0.631802 0.100066 -0.768644
    outer loop
      vertex -2.25243 2.08344 -10.9637
      vertex -8.65059 12.6305 -4.33154
      vertex -8.28523 12.5326 -4.6446
    endloop
  endfacet
  facet normal -0.278329 -0.142088 0.949918
    outer loop
      vertex -1.61551 -1.8765 11.3765
      vertex -1.78998 -1.93319 11.3169
      vertex -1.59042 -1.90158 11.3801
    endloop
  endfacet
  facet normal -0.0927343 -0.58529 0.805503
    outer loop
      vertex -10.1307 -18.419 1.71167
      vertex -10.4002 -18.3763 1.71167
      vertex -10.1307 -18.9052 1.35839
    endloop
  endfacet
  facet normal -0.432199 -0.848397 -0.305657
    outer loop
      vertex -10.717 -19.3514 -0.300518
      vertex -11.1368 -18.9316 -0.872139
      vertex -10.6596 -19.1747 -0.872139
    endloop
  endfacet
  facet normal -0.43229 -0.84838 0.305577
    outer loop
      vertex -11.1368 -18.9316 0.872139
      vertex -11.2459 -19.0819 0.300518
      vertex -10.717 -19.3514 0.300518
    endloop
  endfacet
  facet normal -0.809082 0 0.587696
    outer loop
      vertex -11.8423 -17.5468 0.872139
      vertex -11.4891 17.5468 1.35839
      vertex -11.8423 17.5468 0.872139
    endloop
  endfacet
  facet normal -0.809082 0 0.587696
    outer loop
      vertex -11.4891 17.5468 1.35839
      vertex -11.8423 -17.5468 0.872139
      vertex -11.4891 -17.5468 1.35839
    endloop
  endfacet
  facet normal 0.0471641 0.309611 0.949693
    outer loop
      vertex -0.69102 2.49313 11.3169
      vertex -0.747876 2.38155 11.3561
      vertex -0.726159 2.38499 11.3539
    endloop
  endfacet
  facet normal -0.940459 0.148992 0.305512
    outer loop
      vertex -11.9352 18.1332 0.300518
      vertex -12.0281 17.5468 0.300518
      vertex -11.7586 18.0758 0.872139
    endloop
  endfacet
  facet normal 0.155816 0.269894 0.950199
    outer loop
      vertex 2.43368 0.705575 11.3169
      vertex 2.38367 0.734447 11.3169
      vertex 2.39638 0.654232 11.3376
    endloop
  endfacet
  facet normal -0.0486821 -0.308821 0.949874
    outer loop
      vertex -1.23003 -2.49313 11.3169
      vertex -0.960526 -2.28186 11.3994
      vertex -1.08902 -2.21639 11.4141
    endloop
  endfacet
  facet normal -0.0488815 -0.308591 0.949938
    outer loop
      vertex -0.960526 -2.28186 11.3994
      vertex -1.23003 -2.49313 11.3169
      vertex -0.960526 -2.53582 11.3169
    endloop
  endfacet
  facet normal 0.0471641 -0.309611 0.949693
    outer loop
      vertex -0.726159 -2.38499 11.3539
      vertex -0.747876 -2.38155 11.3561
      vertex -0.69102 -2.49313 11.3169
    endloop
  endfacet
  facet normal -0.631789 -0.100071 0.768654
    outer loop
      vertex -11.4891 -17.5468 1.35839
      vertex -9.4715 -14.5872 3.40205
      vertex -9.5694 -14.2219 3.36914
    endloop
  endfacet
  facet normal -0.631781 -0.10008 0.768659
    outer loop
      vertex -9.4715 -14.5872 3.40205
      vertex -11.4891 -17.5468 1.35839
      vertex -11.4226 -17.9666 1.35839
    endloop
  endfacet
  facet normal -0.631805 -0.100063 0.768642
    outer loop
      vertex -8.65059 -12.6305 4.33154
      vertex -2.25243 -2.08344 10.9637
      vertex -2.31891 -1.66368 10.9637
    endloop
  endfacet
  facet normal -0.631802 -0.100066 0.768644
    outer loop
      vertex -2.25243 -2.08344 10.9637
      vertex -8.65059 -12.6305 4.33154
      vertex -8.28523 -12.5326 4.6446
    endloop
  endfacet
  facet normal -0.585171 -0.0926771 0.805597
    outer loop
      vertex -1.78998 -1.93319 11.3169
      vertex -2.31891 -1.66368 10.9637
      vertex -2.25243 -2.08344 10.9637
    endloop
  endfacet
  facet normal -0.277592 -0.142969 0.950001
    outer loop
      vertex -1.46946 -2.02254 11.3975
      vertex -1.6661 -2.17631 11.3169
      vertex -1.46064 -2.02704 11.3994
    endloop
  endfacet
  facet normal -0.278461 -0.141816 0.94992
    outer loop
      vertex -1.59042 -1.90158 11.3801
      vertex -1.6661 -2.17631 11.3169
      vertex -1.46946 -2.02254 11.3975
    endloop
  endfacet
  facet normal -0.278375 -0.141844 0.949941
    outer loop
      vertex -1.6661 -2.17631 11.3169
      vertex -1.59042 -1.90158 11.3801
      vertex -1.78998 -1.93319 11.3169
    endloop
  endfacet
  facet normal 0.127126 -0.802443 0.58303
    outer loop
      vertex -9.71091 -18.8387 1.35839
      vertex -10.1307 -19.2585 0.872139
      vertex -9.60174 -19.1747 0.872139
    endloop
  endfacet
  facet normal -0.84833 0.432433 -0.305512
    outer loop
      vertex -11.7586 18.0758 -0.872139
      vertex -11.9352 18.1332 -0.300518
      vertex -11.5154 18.5529 -0.872139
    endloop
  endfacet
  facet normal 0.432229 -0.848385 -0.305649
    outer loop
      vertex -9.54435 -19.3514 -0.300518
      vertex -9.60174 -19.1747 -0.872139
      vertex -9.12458 -18.9316 -0.872139
    endloop
  endfacet
  facet normal 0.940408 0.148991 -0.305671
    outer loop
      vertex 21.973 0 -0.872139
      vertex 21.8892 0.528934 -0.872139
      vertex 22.1588 0 -0.300518
    endloop
  endfacet
  facet normal 0.361738 -0.626058 -0.690794
    outer loop
      vertex 21.0598 -1.09896 -1.35839
      vertex 16.1824 -1.5 -3.54901
      vertex 16.4159 -1.46301 -3.46026
    endloop
  endfacet
  facet normal 0.361644 -0.626387 -0.690546
    outer loop
      vertex -6.62398 -14.3262 -3.85836
      vertex 16.1035 -1.48751 -3.60166
      vertex 16.1824 -1.5 -3.54901
    endloop
  endfacet
  facet normal 0.36165 -0.626399 -0.690531
    outer loop
      vertex 16.1035 -1.48751 -3.60166
      vertex -6.62398 -14.3262 -3.85836
      vertex -0.162085 -2.76264 -10.9637
    endloop
  endfacet
  facet normal 0.361649 -0.626395 -0.690535
    outer loop
      vertex -9.33223 -18.6458 -1.35839
      vertex 16.1824 -1.5 -3.54901
      vertex 21.0598 -1.09896 -1.35839
    endloop
  endfacet
  facet normal 0.36172 -0.62641 -0.690485
    outer loop
      vertex -0.162085 -2.76264 -10.9637
      vertex -6.62398 -14.3262 -3.85836
      vertex -6.60258 -13.9179 -4.21756
    endloop
  endfacet
  facet normal 0.361612 -0.626329 -0.690614
    outer loop
      vertex 16.1824 -1.5 -3.54901
      vertex -6.79216 -14.7644 -3.54901
      vertex -6.62398 -14.3262 -3.85836
    endloop
  endfacet
  facet normal 0.361653 -0.6264 -0.690529
    outer loop
      vertex 16.1824 -1.5 -3.54901
      vertex -9.33223 -18.6458 -1.35839
      vertex -6.79216 -14.7644 -3.54901
    endloop
  endfacet
  facet normal 0.361443 -0.62635 -0.690684
    outer loop
      vertex -6.79216 -14.7644 -3.54901
      vertex -9.33223 -18.6458 -1.35839
      vertex -7.08751 -15.1291 -3.37284
    endloop
  endfacet
  facet normal 0.361674 -0.626402 -0.690516
    outer loop
      vertex -7.08751 -15.1291 -3.37284
      vertex -9.33223 -18.6458 -1.35839
      vertex -7.43043 -15.3518 -3.35043
    endloop
  endfacet
  facet normal 0.422088 -0.415112 -0.805931
    outer loop
      vertex 3.02001 -0.798441 -10.9637
      vertex 14.7808 -0.51263 -4.95147
      vertex 14.9265 -0.798441 -4.72795
    endloop
  endfacet
  facet normal 0.422103 -0.415029 -0.805965
    outer loop
      vertex 14.7808 -0.51263 -4.95147
      vertex 3.02001 -0.798441 -10.9637
      vertex 2.62663 -0.51263 -11.3169
    endloop
  endfacet
  facet normal 0.422066 -0.415196 -0.805899
    outer loop
      vertex 17.4383 -0.798441 -3.41242
      vertex 20.9669 -0.51263 -1.71167
      vertex 21.3603 -0.798441 -1.35839
    endloop
  endfacet
  facet normal 0.42205 -0.415309 -0.805849
    outer loop
      vertex 20.9669 -0.51263 -1.71167
      vertex 17.4383 -0.798441 -3.41242
      vertex 17.584 -0.51263 -3.48341
    endloop
  endfacet
  facet normal 0.802459 -0.126936 -0.58305
    outer loop
      vertex 21.973 0 -0.872139
      vertex 21.5533 -0.419765 -1.35839
      vertex 21.6197 0 -1.35839
    endloop
  endfacet
  facet normal 0.451499 -0.230091 -0.862095
    outer loop
      vertex 20.9669 -0.51263 -1.71167
      vertex 17.6397 -0.269506 -3.51909
      vertex 21.0908 -0.269506 -1.71167
    endloop
  endfacet
  facet normal 0.451516 -0.229987 -0.862113
    outer loop
      vertex 20.9669 -0.51263 -1.71167
      vertex 17.609 -0.463525 -3.48341
      vertex 17.6397 -0.269506 -3.51909
    endloop
  endfacet
  facet normal 0.451529 -0.22988 -0.862135
    outer loop
      vertex 17.609 -0.463525 -3.48341
      vertex 20.9669 -0.51263 -1.71167
      vertex 17.584 -0.51263 -3.48341
    endloop
  endfacet
  facet normal 0.451494 -0.230127 -0.862088
    outer loop
      vertex 14.7558 -0.463525 -4.97768
      vertex 2.75051 -0.269506 -11.3169
      vertex 14.7251 -0.269506 -5.04555
    endloop
  endfacet
  facet normal 0.45148 -0.230272 -0.862056
    outer loop
      vertex 2.62663 -0.51263 -11.3169
      vertex 14.7558 -0.463525 -4.97768
      vertex 14.7808 -0.51263 -4.95147
    endloop
  endfacet
  facet normal 0.451503 -0.230056 -0.862102
    outer loop
      vertex 14.7558 -0.463525 -4.97768
      vertex 2.62663 -0.51263 -11.3169
      vertex 2.75051 -0.269506 -11.3169
    endloop
  endfacet
  facet normal 0.723926 -0.368964 -0.582921
    outer loop
      vertex 21.8892 -0.528934 -0.872139
      vertex 21.3603 -0.798441 -1.35839
      vertex 21.5533 -0.419765 -1.35839
    endloop
  endfacet
  facet normal 0.72393 -0.368826 -0.583003
    outer loop
      vertex 21.6461 -1.00609 -0.872139
      vertex 21.3603 -0.798441 -1.35839
      vertex 21.8892 -0.528934 -0.872139
    endloop
  endfacet
  facet normal 0.278589 -0.141951 -0.949862
    outer loop
      vertex 2.44025 -0.377222 -11.3918
      vertex 2.75051 -0.269506 -11.3169
      vertex 2.62663 -0.51263 -11.3169
    endloop
  endfacet
  facet normal 0.278482 -0.141583 -0.949948
    outer loop
      vertex 2.75051 -0.269506 -11.3169
      vertex 2.44025 -0.377222 -11.3918
      vertex 2.46449 -0.224205 -11.4075
    endloop
  endfacet
  facet normal 0.72393 0.368826 0.583003
    outer loop
      vertex 21.6461 1.00609 0.872139
      vertex 21.3603 0.798441 1.35839
      vertex 21.8892 0.528934 0.872139
    endloop
  endfacet
  facet normal 0.987679 -0.156491 0
    outer loop
      vertex 22.0659 -0.586329 0.300518
      vertex 22.1588 0 -0.300518
      vertex 22.1588 0 0.300518
    endloop
  endfacet
  facet normal 0.987679 -0.156491 0
    outer loop
      vertex 22.1588 0 -0.300518
      vertex 22.0659 -0.586329 0.300518
      vertex 22.0659 -0.586329 -0.300518
    endloop
  endfacet
  facet normal 0.294851 0.510827 0.807539
    outer loop
      vertex 2.37764 0.772542 11.295
      vertex 2.43368 0.705575 11.3169
      vertex 2.71949 1.09896 10.9637
    endloop
  endfacet
  facet normal 0.294945 0.510883 0.807469
    outer loop
      vertex 2.43368 0.705575 11.3169
      vertex 2.37764 0.772542 11.295
      vertex 2.38367 0.734447 11.3169
    endloop
  endfacet
  facet normal 0.294847 0.510829 0.807538
    outer loop
      vertex 2.71949 1.09896 10.9637
      vertex 2.02254 1.46946 10.9838
      vertex 2.37764 0.772542 11.295
    endloop
  endfacet
  facet normal 0.294229 0.509613 0.808532
    outer loop
      vertex 2.02254 1.46946 10.9838
      vertex 2.71949 1.09896 10.9637
      vertex 1.94711 1.5449 10.9637
    endloop
  endfacet
  facet normal 0.294841 0.510681 0.807635
    outer loop
      vertex -0.162085 2.76264 10.9637
      vertex 0 2.5 11.0706
      vertex 0.403519 2.43609 10.9637
    endloop
  endfacet
  facet normal 0.294956 0.510724 0.807565
    outer loop
      vertex 0 2.5 11.0706
      vertex -0.162085 2.76264 10.9637
      vertex -0.398794 2.43684 11.2562
    endloop
  endfacet
  facet normal 0.940408 0.148991 0.305671
    outer loop
      vertex 22.1588 0 0.300518
      vertex 21.8892 0.528934 0.872139
      vertex 21.973 0 0.872139
    endloop
  endfacet
  facet normal 0.269014 0.527829 0.805623
    outer loop
      vertex -0.69102 2.49313 11.3169
      vertex -0.398794 2.43684 11.2562
      vertex -0.162085 2.76264 10.9637
    endloop
  endfacet
  facet normal 0.269024 0.528026 0.80549
    outer loop
      vertex -0.398794 2.43684 11.2562
      vertex -0.69102 2.49313 11.3169
      vertex -0.537435 2.41488 11.3169
    endloop
  endfacet
  facet normal 0.451499 0.230091 0.862095
    outer loop
      vertex 20.9669 0.51263 1.71167
      vertex 17.6397 0.269506 3.51909
      vertex 21.0908 0.269506 1.71167
    endloop
  endfacet
  facet normal 0.451516 0.229987 0.862113
    outer loop
      vertex 20.9669 0.51263 1.71167
      vertex 17.609 0.463525 3.48341
      vertex 17.6397 0.269506 3.51909
    endloop
  endfacet
  facet normal 0.451529 0.22988 0.862135
    outer loop
      vertex 17.609 0.463525 3.48341
      vertex 20.9669 0.51263 1.71167
      vertex 17.584 0.51263 3.48341
    endloop
  endfacet
  facet normal 0.451494 0.230127 0.862088
    outer loop
      vertex 14.7558 0.463525 4.97768
      vertex 2.75051 0.269506 11.3169
      vertex 14.7251 0.269506 5.04555
    endloop
  endfacet
  facet normal 0.45148 0.230272 0.862056
    outer loop
      vertex 2.62663 0.51263 11.3169
      vertex 14.7558 0.463525 4.97768
      vertex 14.7808 0.51263 4.95147
    endloop
  endfacet
  facet normal 0.451503 0.230056 0.862102
    outer loop
      vertex 14.7558 0.463525 4.97768
      vertex 2.62663 0.51263 11.3169
      vertex 2.75051 0.269506 11.3169
    endloop
  endfacet
  facet normal 0.268966 0.52789 0.805599
    outer loop
      vertex -0.540761 2.95558 10.9637
      vertex -0.69102 2.49313 11.3169
      vertex -0.162085 2.76264 10.9637
    endloop
  endfacet
  facet normal 0.707082 -0.707132 0
    outer loop
      vertex 21.3766 -1.53503 0.300518
      vertex 21.7964 -1.11526 -0.300518
      vertex 21.7964 -1.11526 0.300518
    endloop
  endfacet
  facet normal 0.707082 -0.707132 0
    outer loop
      vertex 21.7964 -1.11526 -0.300518
      vertex 21.3766 -1.53503 0.300518
      vertex 21.3766 -1.53503 -0.300518
    endloop
  endfacet
  facet normal 0.462698 0.073309 0.883479
    outer loop
      vertex 21.0908 0.269506 1.71167
      vertex 17.6824 0 3.51909
      vertex 21.1335 0 1.71167
    endloop
  endfacet
  facet normal 0.462698 0.073309 0.883479
    outer loop
      vertex 17.6824 0 3.51909
      vertex 21.0908 0.269506 1.71167
      vertex 17.6397 0.269506 3.51909
    endloop
  endfacet
  facet normal 0.4627 0.0732572 0.883483
    outer loop
      vertex 14.7251 0.269506 5.04555
      vertex 2.79319 0 11.3169
      vertex 14.6824 0 5.09026
    endloop
  endfacet
  facet normal 0.462699 0.0732747 0.883482
    outer loop
      vertex 2.79319 0 11.3169
      vertex 14.7251 0.269506 5.04555
      vertex 2.75051 0.269506 11.3169
    endloop
  endfacet
  facet normal 0.475773 0.824062 -0.307508
    outer loop
      vertex 21.2674 1.38477 -0.872139
      vertex -9.01541 19.0819 -0.300518
      vertex 21.3766 1.53503 -0.300518
    endloop
  endfacet
  facet normal 0.475768 0.824054 -0.307538
    outer loop
      vertex -9.01541 19.0819 -0.300518
      vertex 21.2674 1.38477 -0.872139
      vertex -9.12458 18.9316 -0.872139
    endloop
  endfacet
  facet normal -0.707107 0.707107 0
    outer loop
      vertex -11.6657 18.6621 -0.300518
      vertex -11.2459 19.0819 0.300518
      vertex -11.2459 19.0819 -0.300518
    endloop
  endfacet
  facet normal -0.707107 0.707107 0
    outer loop
      vertex -11.2459 19.0819 0.300518
      vertex -11.6657 18.6621 -0.300518
      vertex -11.6657 18.6621 0.300518
    endloop
  endfacet
  facet normal 0.453979 0.891012 -0
    outer loop
      vertex -9.01541 19.0819 -0.300518
      vertex -9.54435 19.3514 0.300518
      vertex -9.01541 19.0819 0.300518
    endloop
  endfacet
  facet normal 0.453979 0.891012 0
    outer loop
      vertex -9.54435 19.3514 0.300518
      vertex -9.01541 19.0819 -0.300518
      vertex -9.54435 19.3514 -0.300518
    endloop
  endfacet
  facet normal 0.707082 0.707132 0
    outer loop
      vertex 21.7964 1.11526 0.300518
      vertex 21.3766 1.53503 -0.300518
      vertex 21.3766 1.53503 0.300518
    endloop
  endfacet
  facet normal 0.707082 0.707132 0
    outer loop
      vertex 21.3766 1.53503 -0.300518
      vertex 21.7964 1.11526 0.300518
      vertex 21.7964 1.11526 -0.300518
    endloop
  endfacet
  facet normal 0.127126 0.802443 -0.58303
    outer loop
      vertex -9.71091 18.8387 -1.35839
      vertex -10.1307 19.2585 -0.872139
      vertex -9.60174 19.1747 -0.872139
    endloop
  endfacet
  facet normal 0.0927171 0.585289 -0.805506
    outer loop
      vertex -9.86117 18.3763 -1.71167
      vertex -10.1307 18.9052 -1.35839
      vertex -9.71091 18.8387 -1.35839
    endloop
  endfacet
  facet normal -0.210899 0.4138 -0.885602
    outer loop
      vertex -8.8412 15.3134 -3.51408
      vertex -10.4002 18.3763 -1.71167
      vertex -8.66981 15.3792 -3.52415
    endloop
  endfacet
  facet normal -0.210861 0.413822 -0.885601
    outer loop
      vertex -10.6433 18.2524 -1.71167
      vertex -8.8412 15.3134 -3.51408
      vertex -8.91293 15.2553 -3.52415
    endloop
  endfacet
  facet normal -0.2109 0.413799 -0.885602
    outer loop
      vertex -8.8412 15.3134 -3.51408
      vertex -10.6433 18.2524 -1.71167
      vertex -10.4002 18.3763 -1.71167
    endloop
  endfacet
  facet normal -0.21084 0.413833 -0.885601
    outer loop
      vertex -7.3412 12.7153 -5.08526
      vertex -1.23003 2.49313 -11.3169
      vertex -1.47316 2.36926 -11.3169
    endloop
  endfacet
  facet normal -0.210977 0.413753 -0.885605
    outer loop
      vertex -1.23003 2.49313 -11.3169
      vertex -7.3412 12.7153 -5.08526
      vertex -7.19853 12.8309 -5.06524
    endloop
  endfacet
  facet normal -0.210548 0.413994 -0.885595
    outer loop
      vertex -7.3412 12.7153 -5.08526
      vertex -1.47316 2.36926 -11.3169
      vertex -7.42737 12.6823 -5.0802
    endloop
  endfacet
  facet normal -0.0488815 -0.308591 -0.949938
    outer loop
      vertex -1.23003 -2.49313 -11.3169
      vertex -0.960526 -2.28186 -11.3994
      vertex -0.960526 -2.53582 -11.3169
    endloop
  endfacet
  facet normal -0.0486821 -0.308821 -0.949874
    outer loop
      vertex -0.960526 -2.28186 -11.3994
      vertex -1.23003 -2.49313 -11.3169
      vertex -1.08902 -2.21639 -11.4141
    endloop
  endfacet
  facet normal -0.940435 0.148799 -0.30568
    outer loop
      vertex -11.8423 17.5468 -0.872139
      vertex -12.0281 17.5468 -0.300518
      vertex -11.7586 18.0758 -0.872139
    endloop
  endfacet
  facet normal 0.294945 0.510883 -0.807469
    outer loop
      vertex 2.37764 0.772542 -11.295
      vertex 2.43368 0.705575 -11.3169
      vertex 2.38367 0.734447 -11.3169
    endloop
  endfacet
  facet normal 0.294851 0.510827 -0.807539
    outer loop
      vertex 2.43368 0.705575 -11.3169
      vertex 2.37764 0.772542 -11.295
      vertex 2.71949 1.09896 -10.9637
    endloop
  endfacet
  facet normal 0.294847 0.510829 -0.807538
    outer loop
      vertex 2.02254 1.46946 -10.9838
      vertex 2.71949 1.09896 -10.9637
      vertex 2.37764 0.772542 -11.295
    endloop
  endfacet
  facet normal 0.294229 0.509613 -0.808532
    outer loop
      vertex 2.71949 1.09896 -10.9637
      vertex 2.02254 1.46946 -10.9838
      vertex 1.94711 1.5449 -10.9637
    endloop
  endfacet
  facet normal 0.294841 0.510681 -0.807635
    outer loop
      vertex 0 2.5 -11.0706
      vertex -0.162085 2.76264 -10.9637
      vertex 0.403519 2.43609 -10.9637
    endloop
  endfacet
  facet normal 0.294956 0.510724 -0.807565
    outer loop
      vertex -0.162085 2.76264 -10.9637
      vertex 0 2.5 -11.0706
      vertex -0.398794 2.43684 -11.2562
    endloop
  endfacet
  facet normal -0.221136 0.220904 -0.949895
    outer loop
      vertex -1.46064 2.02704 -11.3994
      vertex -1.47316 2.36926 -11.3169
      vertex -1.28831 2.11484 -11.4191
    endloop
  endfacet
  facet normal -0.220933 0.220922 -0.949938
    outer loop
      vertex -1.47316 2.36926 -11.3169
      vertex -1.46064 2.02704 -11.3994
      vertex -1.6661 2.17631 -11.3169
    endloop
  endfacet
  facet normal -0.43229 0.84838 -0.305577
    outer loop
      vertex -11.1368 18.9316 -0.872139
      vertex -11.2459 19.0819 -0.300518
      vertex -10.717 19.3514 -0.300518
    endloop
  endfacet
  facet normal -0.268971 0.528042 -0.805497
    outer loop
      vertex -10.4002 18.3763 -1.71167
      vertex -10.9291 18.6458 -1.35839
      vertex -10.5504 18.8387 -1.35839
    endloop
  endfacet
  facet normal -0.585171 0.0926771 -0.805597
    outer loop
      vertex -1.78998 1.93319 -11.3169
      vertex -2.31891 1.66368 -10.9637
      vertex -2.25243 2.08344 -10.9637
    endloop
  endfacet
  facet normal 0.314643 -0.61758 0.720829
    outer loop
      vertex -7.4811 -15.3847 3.34436
      vertex -9.33223 -18.6458 1.35839
      vertex -7.43043 -15.3518 3.35043
    endloop
  endfacet
  facet normal 0.314701 -0.617592 0.720794
    outer loop
      vertex -7.75983 -15.4594 3.40205
      vertex -9.33223 -18.6458 1.35839
      vertex -7.4811 -15.3847 3.34436
    endloop
  endfacet
  facet normal 0.314594 -0.617577 0.720853
    outer loop
      vertex -9.33223 -18.6458 1.35839
      vertex -7.75983 -15.4594 3.40205
      vertex -9.71091 -18.8387 1.35839
    endloop
  endfacet
  facet normal 0.314524 -0.617557 0.7209
    outer loop
      vertex -0.540761 -2.95558 10.9637
      vertex -6.67411 -13.5788 4.53929
      vertex -6.59942 -13.8576 4.26787
    endloop
  endfacet
  facet normal 0.314667 -0.617584 0.720815
    outer loop
      vertex -6.59942 -13.8576 4.26787
      vertex -0.162085 -2.76264 10.9637
      vertex -0.540761 -2.95558 10.9637
    endloop
  endfacet
  facet normal 0.315118 -0.617678 0.720537
    outer loop
      vertex -0.162085 -2.76264 10.9637
      vertex -6.59942 -13.8576 4.26787
      vertex -6.60258 -13.9179 4.21756
    endloop
  endfacet
  facet normal 0.368772 -0.723933 0.583033
    outer loop
      vertex -9.33223 -18.6458 1.35839
      vertex -9.71091 -18.8387 1.35839
      vertex -9.60174 -19.1747 0.872139
    endloop
  endfacet
  facet normal -0.723862 -0.368908 0.583037
    outer loop
      vertex -11.4226 -17.9666 1.35839
      vertex -11.7586 -18.0758 0.872139
      vertex -11.2296 -18.3453 1.35839
    endloop
  endfacet
  facet normal -0.987682 0.156473 0
    outer loop
      vertex -12.0281 17.5468 -0.300518
      vertex -11.9352 18.1332 0.300518
      vertex -11.9352 18.1332 -0.300518
    endloop
  endfacet
  facet normal -0.987682 0.156473 0
    outer loop
      vertex -11.9352 18.1332 0.300518
      vertex -12.0281 17.5468 -0.300518
      vertex -12.0281 17.5468 0.300518
    endloop
  endfacet
  facet normal -0.336934 0.337109 0.879109
    outer loop
      vertex -10.8363 18.0595 1.71167
      vertex -8.91293 15.2553 3.52415
      vertex -10.6433 18.2524 1.71167
    endloop
  endfacet
  facet normal -0.337008 0.337053 0.879102
    outer loop
      vertex -8.91293 15.2553 3.52415
      vertex -10.8363 18.0595 1.71167
      vertex -9.12032 15.0874 3.50902
    endloop
  endfacet
  facet normal -0.33711 0.336989 0.879088
    outer loop
      vertex -7.6765 12.5866 5.02135
      vertex -1.47316 2.36926 11.3169
      vertex -7.42737 12.6823 5.0802
    endloop
  endfacet
  facet normal -0.337049 0.337031 0.879095
    outer loop
      vertex -1.47316 2.36926 11.3169
      vertex -7.6765 12.5866 5.02135
      vertex -1.6661 2.17631 11.3169
    endloop
  endfacet
  facet normal -0.268971 -0.528042 0.805497
    outer loop
      vertex -10.4002 -18.3763 1.71167
      vertex -10.9291 -18.6458 1.35839
      vertex -10.5504 -18.8387 1.35839
    endloop
  endfacet
  facet normal -0.308803 0.048864 0.94987
    outer loop
      vertex -1.78998 1.93319 11.3169
      vertex -1.82832 1.66368 11.3183
      vertex -1.63684 1.85516 11.3707
    endloop
  endfacet
  facet normal -0.306641 0.0485601 0.950586
    outer loop
      vertex -1.82832 1.66368 11.3183
      vertex -1.78998 1.93319 11.3169
      vertex -1.83266 1.66368 11.3169
    endloop
  endfacet
  facet normal -0.0488815 0.308591 0.949938
    outer loop
      vertex -1.23003 2.49313 11.3169
      vertex -0.960526 2.28186 11.3994
      vertex -0.960526 2.53582 11.3169
    endloop
  endfacet
  facet normal -0.0486821 0.308821 0.949874
    outer loop
      vertex -0.960526 2.28186 11.3994
      vertex -1.23003 2.49313 11.3169
      vertex -1.08902 2.21639 11.4141
    endloop
  endfacet
  facet normal -0.723859 -0.368984 0.582991
    outer loop
      vertex -11.2296 -18.3453 1.35839
      vertex -11.7586 -18.0758 0.872139
      vertex -11.5154 -18.5529 0.872139
    endloop
  endfacet
  facet normal -0.528091 -0.268933 0.805478
    outer loop
      vertex -10.9601 -17.8164 1.71167
      vertex -11.2296 -18.3453 1.35839
      vertex -10.8363 -18.0595 1.71167
    endloop
  endfacet
  facet normal -0.308803 -0.048864 0.94987
    outer loop
      vertex -1.82832 -1.66368 11.3183
      vertex -1.78998 -1.93319 11.3169
      vertex -1.63684 -1.85516 11.3707
    endloop
  endfacet
  facet normal -0.306641 -0.0485601 0.950586
    outer loop
      vertex -1.78998 -1.93319 11.3169
      vertex -1.82832 -1.66368 11.3183
      vertex -1.83266 -1.66368 11.3169
    endloop
  endfacet
  facet normal -0.940459 -0.148992 0.305512
    outer loop
      vertex -11.7586 -18.0758 0.872139
      vertex -12.0281 -17.5468 0.300518
      vertex -11.9352 -18.1332 0.300518
    endloop
  endfacet
  facet normal -1 0 0
    outer loop
      vertex -12.0281 -17.5468 -0.300518
      vertex -12.0281 17.5468 0.300518
      vertex -12.0281 17.5468 -0.300518
    endloop
  endfacet
  facet normal -1 -0 0
    outer loop
      vertex -12.0281 17.5468 0.300518
      vertex -12.0281 -17.5468 -0.300518
      vertex -12.0281 -17.5468 0.300518
    endloop
  endfacet
  facet normal -0.723862 0.368908 -0.583037
    outer loop
      vertex -11.4226 17.9666 -1.35839
      vertex -11.7586 18.0758 -0.872139
      vertex -11.2296 18.3453 -1.35839
    endloop
  endfacet
  facet normal -0.527934 0.269055 -0.805541
    outer loop
      vertex -10.9601 17.8164 -1.71167
      vertex -11.4226 17.9666 -1.35839
      vertex -11.2296 18.3453 -1.35839
    endloop
  endfacet
  facet normal 0.269014 -0.527829 -0.805623
    outer loop
      vertex -0.69102 -2.49313 -11.3169
      vertex -0.398794 -2.43684 -11.2562
      vertex -0.162085 -2.76264 -10.9637
    endloop
  endfacet
  facet normal 0.269024 -0.528026 -0.80549
    outer loop
      vertex -0.398794 -2.43684 -11.2562
      vertex -0.69102 -2.49313 -11.3169
      vertex -0.537435 -2.41488 -11.3169
    endloop
  endfacet
  facet normal 0.087433 -0.551973 -0.829266
    outer loop
      vertex -6.86365 -13.1844 -4.85142
      vertex -0.960526 -2.53582 -11.3169
      vertex -0.69102 -2.49313 -11.3169
    endloop
  endfacet
  facet normal 0.0875678 -0.55202 -0.82922
    outer loop
      vertex -6.97649 -13.0107 -4.97897
      vertex -0.960526 -2.53582 -11.3169
      vertex -6.86365 -13.1844 -4.85142
    endloop
  endfacet
  facet normal 0.087544 -0.552011 -0.829228
    outer loop
      vertex -0.960526 -2.53582 -11.3169
      vertex -6.97649 -13.0107 -4.97897
      vertex -6.99809 -12.9932 -4.9929
    endloop
  endfacet
  facet normal 0.0875349 -0.552005 -0.829233
    outer loop
      vertex -9.86117 -18.3763 -1.71167
      vertex -8.40307 -15.4816 -3.4847
      vertex -8.19617 -15.4924 -3.45567
    endloop
  endfacet
  facet normal 0.0868578 -0.551794 -0.829445
    outer loop
      vertex -9.86117 -18.3763 -1.71167
      vertex -8.42902 -15.4716 -3.49407
      vertex -8.40307 -15.4816 -3.4847
    endloop
  endfacet
  facet normal 0.0874457 -0.551973 -0.829264
    outer loop
      vertex -8.42902 -15.4716 -3.49407
      vertex -9.86117 -18.3763 -1.71167
      vertex -10.1307 -18.419 -1.71167
    endloop
  endfacet
  facet normal 0.14884 -0.940438 -0.305652
    outer loop
      vertex -9.54435 -19.3514 -0.300518
      vertex -10.1307 -19.4442 -0.300518
      vertex -9.60174 -19.1747 -0.872139
    endloop
  endfacet
  facet normal 0.848383 -0.432231 0.305652
    outer loop
      vertex 21.8892 -0.528934 0.872139
      vertex 21.6461 -1.00609 0.872139
      vertex 22.0659 -0.586329 0.300518
    endloop
  endfacet
  facet normal 0.475768 -0.824054 0.307538
    outer loop
      vertex -9.01541 -19.0819 0.300518
      vertex 21.2674 -1.38477 0.872139
      vertex -9.12458 -18.9316 0.872139
    endloop
  endfacet
  facet normal 0.475773 -0.824062 0.307508
    outer loop
      vertex 21.2674 -1.38477 0.872139
      vertex -9.01541 -19.0819 0.300518
      vertex 21.3766 -1.53503 0.300518
    endloop
  endfacet
  facet normal 0.585245 -0.0925763 0.805554
    outer loop
      vertex 21.6197 0 1.35839
      vertex 21.0908 -0.269506 1.71167
      vertex 21.5533 -0.419765 1.35839
    endloop
  endfacet
  facet normal 0.802519 -0.127145 -0.582922
    outer loop
      vertex 21.8892 -0.528934 -0.872139
      vertex 21.5533 -0.419765 -1.35839
      vertex 21.973 0 -0.872139
    endloop
  endfacet
  facet normal 0.527909 0.26906 -0.805555
    outer loop
      vertex 21.5533 0.419765 -1.35839
      vertex 21.0908 0.269506 -1.71167
      vertex 21.3603 0.798441 -1.35839
    endloop
  endfacet
  facet normal 0.574487 0.574518 -0.583004
    outer loop
      vertex 21.3603 0.798441 -1.35839
      vertex 21.2674 1.38477 -0.872139
      vertex 21.6461 1.00609 -0.872139
    endloop
  endfacet
  facet normal 0.574536 0.5745 -0.582974
    outer loop
      vertex 21.2674 1.38477 -0.872139
      vertex 21.3603 0.798441 -1.35839
      vertex 21.0598 1.09896 -1.35839
    endloop
  endfacet
  facet normal -0.0927374 0.585291 -0.805502
    outer loop
      vertex -10.4002 18.3763 -1.71167
      vertex -10.5504 18.8387 -1.35839
      vertex -10.1307 18.9052 -1.35839
    endloop
  endfacet
  facet normal 0.155816 0.269894 -0.950199
    outer loop
      vertex 2.39638 0.654232 -11.3376
      vertex 2.38367 0.734447 -11.3169
      vertex 2.43368 0.705575 -11.3169
    endloop
  endfacet
  facet normal 0.422088 0.415112 0.805931
    outer loop
      vertex 3.02001 0.798441 10.9637
      vertex 14.7808 0.51263 4.95147
      vertex 14.9265 0.798441 4.72795
    endloop
  endfacet
  facet normal 0.422103 0.415029 0.805965
    outer loop
      vertex 14.7808 0.51263 4.95147
      vertex 3.02001 0.798441 10.9637
      vertex 2.62663 0.51263 11.3169
    endloop
  endfacet
  facet normal 0.422066 0.415196 0.805899
    outer loop
      vertex 17.4383 0.798441 3.41242
      vertex 20.9669 0.51263 1.71167
      vertex 21.3603 0.798441 1.35839
    endloop
  endfacet
  facet normal 0.42205 0.415309 0.805849
    outer loop
      vertex 20.9669 0.51263 1.71167
      vertex 17.4383 0.798441 3.41242
      vertex 17.584 0.51263 3.48341
    endloop
  endfacet
  facet normal 0.0513893 0.307609 0.950124
    outer loop
      vertex -0.69102 2.49313 11.3169
      vertex -0.772542 2.37764 11.3587
      vertex -0.747876 2.38155 11.3561
    endloop
  endfacet
  facet normal 0.0489739 0.309177 0.949743
    outer loop
      vertex -0.960526 2.53582 11.3169
      vertex -0.772542 2.37764 11.3587
      vertex -0.69102 2.49313 11.3169
    endloop
  endfacet
  facet normal 0.0484391 0.308598 0.949958
    outer loop
      vertex -0.772542 2.37764 11.3587
      vertex -0.960526 2.53582 11.3169
      vertex -0.960526 2.28186 11.3994
    endloop
  endfacet
  facet normal 0.127117 0.80244 0.583036
    outer loop
      vertex -10.1307 19.2585 0.872139
      vertex -10.1307 18.9052 1.35839
      vertex -9.71091 18.8387 1.35839
    endloop
  endfacet
  facet normal -0.277592 0.142969 0.950001
    outer loop
      vertex -1.6661 2.17631 11.3169
      vertex -1.46946 2.02254 11.3975
      vertex -1.46064 2.02704 11.3994
    endloop
  endfacet
  facet normal -0.278461 0.141816 0.94992
    outer loop
      vertex -1.6661 2.17631 11.3169
      vertex -1.59042 1.90158 11.3801
      vertex -1.46946 2.02254 11.3975
    endloop
  endfacet
  facet normal -0.278375 0.141844 0.949941
    outer loop
      vertex -1.59042 1.90158 11.3801
      vertex -1.6661 2.17631 11.3169
      vertex -1.78998 1.93319 11.3169
    endloop
  endfacet
  facet normal 0.891009 -0.453985 0
    outer loop
      vertex 21.7964 -1.11526 0.300518
      vertex 22.0659 -0.586329 -0.300518
      vertex 22.0659 -0.586329 0.300518
    endloop
  endfacet
  facet normal 0.891009 -0.453985 0
    outer loop
      vertex 22.0659 -0.586329 -0.300518
      vertex 21.7964 -1.11526 0.300518
      vertex 21.7964 -1.11526 -0.300518
    endloop
  endfacet
  facet normal 0.418934 0.418936 0.805597
    outer loop
      vertex 2.71949 1.09896 10.9637
      vertex 2.62663 0.51263 11.3169
      vertex 3.02001 0.798441 10.9637
    endloop
  endfacet
  facet normal 0.418927 0.418938 0.805599
    outer loop
      vertex 2.62663 0.51263 11.3169
      vertex 2.71949 1.09896 10.9637
      vertex 2.43368 0.705575 11.3169
    endloop
  endfacet
  facet normal 0.140966 0.27918 0.949835
    outer loop
      vertex -0.69102 2.49313 11.3169
      vertex -0.726159 2.38499 11.3539
      vertex -0.707685 2.38791 11.3503
    endloop
  endfacet
  facet normal 0.142659 0.571202 0.808317
    outer loop
      vertex -9.71091 18.8387 1.35839
      vertex -7.93441 15.5062 3.39979
      vertex -7.75983 15.4594 3.40205
    endloop
  endfacet
  facet normal 0.142664 0.571204 0.808315
    outer loop
      vertex -9.86117 18.3763 1.71167
      vertex -7.93441 15.5062 3.39979
      vertex -9.71091 18.8387 1.35839
    endloop
  endfacet
  facet normal 0.142467 0.571125 0.808406
    outer loop
      vertex -7.93441 15.5062 3.39979
      vertex -9.86117 18.3763 1.71167
      vertex -8.19617 15.4924 3.45567
    endloop
  endfacet
  facet normal 0.142892 0.571274 0.808225
    outer loop
      vertex -6.72088 13.4043 4.6709
      vertex -0.540761 2.95558 10.9637
      vertex -6.67411 13.5788 4.53929
    endloop
  endfacet
  facet normal 0.142471 0.571131 0.8084
    outer loop
      vertex -6.86365 13.1844 4.85142
      vertex -0.540761 2.95558 10.9637
      vertex -6.72088 13.4043 4.6709
    endloop
  endfacet
  facet normal 0.142471 0.571131 0.808401
    outer loop
      vertex -0.540761 2.95558 10.9637
      vertex -6.86365 13.1844 4.85142
      vertex -0.69102 2.49313 11.3169
    endloop
  endfacet
  facet normal -0.141887 0.278493 0.9499
    outer loop
      vertex -1.47316 2.36926 11.3169
      vertex -1.17894 2.17057 11.4191
      vertex -1.23003 2.49313 11.3169
    endloop
  endfacet
  facet normal -0.141899 0.278477 0.949903
    outer loop
      vertex -1.17894 2.17057 11.4191
      vertex -1.47316 2.36926 11.3169
      vertex -1.28831 2.11484 11.4191
    endloop
  endfacet
  facet normal 0.142128 0.278961 0.949726
    outer loop
      vertex -0.69102 2.49313 11.3169
      vertex -0.707685 2.38791 11.3503
      vertex -0.537435 2.41488 11.3169
    endloop
  endfacet
  facet normal -0.0927374 -0.585291 0.805502
    outer loop
      vertex -10.4002 -18.3763 1.71167
      vertex -10.5504 -18.8387 1.35839
      vertex -10.1307 -18.9052 1.35839
    endloop
  endfacet
  facet normal 0.087433 -0.551973 0.829266
    outer loop
      vertex -0.960526 -2.53582 11.3169
      vertex -6.86365 -13.1844 4.85142
      vertex -0.69102 -2.49313 11.3169
    endloop
  endfacet
  facet normal 0.0875678 -0.55202 0.82922
    outer loop
      vertex -0.960526 -2.53582 11.3169
      vertex -6.97649 -13.0107 4.97897
      vertex -6.86365 -13.1844 4.85142
    endloop
  endfacet
  facet normal 0.087544 -0.552011 0.829228
    outer loop
      vertex -6.97649 -13.0107 4.97897
      vertex -0.960526 -2.53582 11.3169
      vertex -6.99809 -12.9932 4.9929
    endloop
  endfacet
  facet normal 0.0875349 -0.552005 0.829233
    outer loop
      vertex -8.40307 -15.4816 3.4847
      vertex -9.86117 -18.3763 1.71167
      vertex -8.19617 -15.4924 3.45567
    endloop
  endfacet
  facet normal 0.0868578 -0.551794 0.829445
    outer loop
      vertex -8.42902 -15.4716 3.49407
      vertex -9.86117 -18.3763 1.71167
      vertex -8.40307 -15.4816 3.4847
    endloop
  endfacet
  facet normal 0.0874457 -0.551973 0.829264
    outer loop
      vertex -9.86117 -18.3763 1.71167
      vertex -8.42902 -15.4716 3.49407
      vertex -10.1307 -18.419 1.71167
    endloop
  endfacet
  facet normal 0.142471 -0.571131 0.808401
    outer loop
      vertex -6.86365 -13.1844 4.85142
      vertex -0.540761 -2.95558 10.9637
      vertex -0.69102 -2.49313 11.3169
    endloop
  endfacet
  facet normal 0.142892 -0.571274 0.808225
    outer loop
      vertex -0.540761 -2.95558 10.9637
      vertex -6.72088 -13.4043 4.6709
      vertex -6.67411 -13.5788 4.53929
    endloop
  endfacet
  facet normal 0.142471 -0.571131 0.8084
    outer loop
      vertex -0.540761 -2.95558 10.9637
      vertex -6.86365 -13.1844 4.85142
      vertex -6.72088 -13.4043 4.6709
    endloop
  endfacet
  facet normal 0.142659 -0.571202 0.808317
    outer loop
      vertex -7.93441 -15.5062 3.39979
      vertex -9.71091 -18.8387 1.35839
      vertex -7.75983 -15.4594 3.40205
    endloop
  endfacet
  facet normal 0.142467 -0.571125 0.808406
    outer loop
      vertex -9.86117 -18.3763 1.71167
      vertex -7.93441 -15.5062 3.39979
      vertex -8.19617 -15.4924 3.45567
    endloop
  endfacet
  facet normal 0.142664 -0.571204 0.808315
    outer loop
      vertex -7.93441 -15.5062 3.39979
      vertex -9.86117 -18.3763 1.71167
      vertex -9.71091 -18.8387 1.35839
    endloop
  endfacet
  facet normal 0.155816 -0.269894 0.950199
    outer loop
      vertex 2.39638 -0.654232 11.3376
      vertex 2.38367 -0.734447 11.3169
      vertex 2.43368 -0.705575 11.3169
    endloop
  endfacet
  facet normal 0.142128 -0.278961 0.949726
    outer loop
      vertex -0.537435 -2.41488 11.3169
      vertex -0.707685 -2.38791 11.3503
      vertex -0.69102 -2.49313 11.3169
    endloop
  endfacet
  facet normal 0.0513893 -0.307609 0.950124
    outer loop
      vertex -0.772542 -2.37764 11.3587
      vertex -0.69102 -2.49313 11.3169
      vertex -0.747876 -2.38155 11.3561
    endloop
  endfacet
  facet normal 0.0484391 -0.308598 0.949958
    outer loop
      vertex -0.960526 -2.53582 11.3169
      vertex -0.772542 -2.37764 11.3587
      vertex -0.960526 -2.28186 11.3994
    endloop
  endfacet
  facet normal 0.0489739 -0.309177 0.949743
    outer loop
      vertex -0.772542 -2.37764 11.3587
      vertex -0.960526 -2.53582 11.3169
      vertex -0.69102 -2.49313 11.3169
    endloop
  endfacet
  facet normal 0.156322 0.987706 -0
    outer loop
      vertex -9.54435 19.3514 -0.300518
      vertex -10.1307 19.4442 0.300518
      vertex -9.54435 19.3514 0.300518
    endloop
  endfacet
  facet normal 0.156322 0.987706 0
    outer loop
      vertex -10.1307 19.4442 0.300518
      vertex -9.54435 19.3514 -0.300518
      vertex -10.1307 19.4442 -0.300518
    endloop
  endfacet
  facet normal 0.673254 0.673302 0.305604
    outer loop
      vertex 21.2674 1.38477 0.872139
      vertex 21.7964 1.11526 0.300518
      vertex 21.3766 1.53503 0.300518
    endloop
  endfacet
  facet normal 0.673258 0.673294 0.305612
    outer loop
      vertex 21.7964 1.11526 0.300518
      vertex 21.2674 1.38477 0.872139
      vertex 21.6461 1.00609 0.872139
    endloop
  endfacet
  facet normal 0.14884 0.940438 0.305652
    outer loop
      vertex -9.54435 19.3514 0.300518
      vertex -10.1307 19.4442 0.300518
      vertex -9.60174 19.1747 0.872139
    endloop
  endfacet
  facet normal 0.127117 0.80244 -0.583036
    outer loop
      vertex -9.71091 18.8387 -1.35839
      vertex -10.1307 18.9052 -1.35839
      vertex -10.1307 19.2585 -0.872139
    endloop
  endfacet
  facet normal 0.268966 0.52789 -0.805599
    outer loop
      vertex -0.162085 2.76264 -10.9637
      vertex -0.69102 2.49313 -11.3169
      vertex -0.540761 2.95558 -10.9637
    endloop
  endfacet
  facet normal -0.149007 0.940454 -0.305521
    outer loop
      vertex -10.1307 19.2585 -0.872139
      vertex -10.6596 19.1747 -0.872139
      vertex -10.1307 19.4442 -0.300518
    endloop
  endfacet
  facet normal -0.308289 0.0499494 -0.94998
    outer loop
      vertex -1.63684 1.85516 -11.3707
      vertex -1.78998 1.93319 -11.3169
      vertex -1.61551 1.8765 -11.3765
    endloop
  endfacet
  facet normal 0.221739 -0.221744 -0.949559
    outer loop
      vertex 2.39638 -0.654232 -11.3376
      vertex 2.62663 -0.51263 -11.3169
      vertex 2.43368 -0.705575 -11.3169
    endloop
  endfacet
  facet normal 0.221242 -0.220891 -0.949873
    outer loop
      vertex 2.62663 -0.51263 -11.3169
      vertex 2.39638 -0.654232 -11.3376
      vertex 2.44025 -0.377222 -11.3918
    endloop
  endfacet
  facet normal -0.84836 0.43228 -0.305646
    outer loop
      vertex -11.5154 18.5529 -0.872139
      vertex -11.9352 18.1332 -0.300518
      vertex -11.6657 18.6621 -0.300518
    endloop
  endfacet
  facet normal -0.84836 0.43228 0.305646
    outer loop
      vertex -11.6657 18.6621 0.300518
      vertex -11.9352 18.1332 0.300518
      vertex -11.5154 18.5529 0.872139
    endloop
  endfacet
  facet normal -0.673293 0.673293 -0.305538
    outer loop
      vertex -11.1368 18.9316 -0.872139
      vertex -11.6657 18.6621 -0.300518
      vertex -11.2459 19.0819 -0.300518
    endloop
  endfacet
  facet normal -0.673356 0.673178 -0.305651
    outer loop
      vertex -11.6657 18.6621 -0.300518
      vertex -11.1368 18.9316 -0.872139
      vertex -11.5154 18.5529 -0.872139
    endloop
  endfacet
  facet normal -0.940435 0.148799 0.30568
    outer loop
      vertex -11.7586 18.0758 0.872139
      vertex -12.0281 17.5468 0.300518
      vertex -11.8423 17.5468 0.872139
    endloop
  endfacet
  facet normal -0.585168 0.092668 0.8056
    outer loop
      vertex -1.78998 1.93319 11.3169
      vertex -2.31891 1.66368 10.9637
      vertex -1.83266 1.66368 11.3169
    endloop
  endfacet
  facet normal -0.0489725 -0.308683 0.949903
    outer loop
      vertex -1.13285 -2.19405 11.4191
      vertex -1.23003 -2.49313 11.3169
      vertex -1.08902 -2.21639 11.4141
    endloop
  endfacet
  facet normal -0.564968 -0.162972 0.808858
    outer loop
      vertex -9.46152 -14.6245 3.40151
      vertex -10.9601 -17.8164 1.71167
      vertex -9.2793 -14.9051 3.47225
    endloop
  endfacet
  facet normal -0.565048 -0.162894 0.808818
    outer loop
      vertex -11.4226 -17.9666 1.35839
      vertex -9.46152 -14.6245 3.40151
      vertex -9.4715 -14.5872 3.40205
    endloop
  endfacet
  facet normal -0.564926 -0.163004 0.808881
    outer loop
      vertex -9.46152 -14.6245 3.40151
      vertex -11.4226 -17.9666 1.35839
      vertex -10.9601 -17.8164 1.71167
    endloop
  endfacet
  facet normal -0.564839 -0.163082 0.808926
    outer loop
      vertex -2.25243 -2.08344 10.9637
      vertex -7.91388 -12.5401 4.90246
      vertex -1.78998 -1.93319 11.3169
    endloop
  endfacet
  facet normal -0.564965 -0.162975 0.80886
    outer loop
      vertex -2.25243 -2.08344 10.9637
      vertex -8.24799 -12.5226 4.67262
      vertex -7.91388 -12.5401 4.90246
    endloop
  endfacet
  facet normal -0.564853 -0.163074 0.808918
    outer loop
      vertex -8.24799 -12.5226 4.67262
      vertex -2.25243 -2.08344 10.9637
      vertex -8.28523 -12.5326 4.6446
    endloop
  endfacet
  facet normal -0.723859 0.368984 0.582991
    outer loop
      vertex -11.5154 18.5529 0.872139
      vertex -11.7586 18.0758 0.872139
      vertex -11.2296 18.3453 1.35839
    endloop
  endfacet
  facet normal -0.471857 0.240534 0.84823
    outer loop
      vertex -7.77933 12.5472 4.97532
      vertex -1.6661 2.17631 11.3169
      vertex -7.6765 12.5866 5.02135
    endloop
  endfacet
  facet normal -0.471988 0.24043 0.848187
    outer loop
      vertex -7.91388 12.5401 4.90246
      vertex -1.6661 2.17631 11.3169
      vertex -7.77933 12.5472 4.97532
    endloop
  endfacet
  facet normal -0.471936 0.240472 0.848204
    outer loop
      vertex -1.6661 2.17631 11.3169
      vertex -7.91388 12.5401 4.90246
      vertex -1.78998 1.93319 11.3169
    endloop
  endfacet
  facet normal -0.472037 0.240387 0.848172
    outer loop
      vertex -10.9601 17.8164 1.71167
      vertex -9.12032 15.0874 3.50902
      vertex -10.8363 18.0595 1.71167
    endloop
  endfacet
  facet normal -0.471881 0.240524 0.84822
    outer loop
      vertex -9.12032 15.0874 3.50902
      vertex -10.9601 17.8164 1.71167
      vertex -9.20592 15.0181 3.48105
    endloop
  endfacet
  facet normal -0.471981 0.240441 0.848188
    outer loop
      vertex -9.20592 15.0181 3.48105
      vertex -10.9601 17.8164 1.71167
      vertex -9.2793 14.9051 3.47225
    endloop
  endfacet
  facet normal -0.574481 -0.574481 0.583046
    outer loop
      vertex -11.2296 -18.3453 1.35839
      vertex -11.1368 -18.9316 0.872139
      vertex -10.9291 -18.6458 1.35839
    endloop
  endfacet
  facet normal -0.574593 -0.574441 0.582976
    outer loop
      vertex -11.1368 -18.9316 0.872139
      vertex -11.2296 -18.3453 1.35839
      vertex -11.5154 -18.5529 0.872139
    endloop
  endfacet
  facet normal -0.940435 -0.148799 0.30568
    outer loop
      vertex -11.8423 -17.5468 0.872139
      vertex -12.0281 -17.5468 0.300518
      vertex -11.7586 -18.0758 0.872139
    endloop
  endfacet
  facet normal -0.84833 0.432433 0.305512
    outer loop
      vertex -11.5154 18.5529 0.872139
      vertex -11.9352 18.1332 0.300518
      vertex -11.7586 18.0758 0.872139
    endloop
  endfacet
  facet normal 0.368823 -0.723932 -0.583003
    outer loop
      vertex -9.12458 -18.9316 -0.872139
      vertex -9.60174 -19.1747 -0.872139
      vertex -9.33223 -18.6458 -1.35839
    endloop
  endfacet
  facet normal -0.723859 0.368984 -0.582991
    outer loop
      vertex -11.2296 18.3453 -1.35839
      vertex -11.7586 18.0758 -0.872139
      vertex -11.5154 18.5529 -0.872139
    endloop
  endfacet
  facet normal -0.631781 -0.10008 -0.768659
    outer loop
      vertex -11.4891 -17.5468 -1.35839
      vertex -9.4715 -14.5872 -3.40205
      vertex -11.4226 -17.9666 -1.35839
    endloop
  endfacet
  facet normal -0.631789 -0.100071 -0.768654
    outer loop
      vertex -9.4715 -14.5872 -3.40205
      vertex -11.4891 -17.5468 -1.35839
      vertex -9.5694 -14.2219 -3.36914
    endloop
  endfacet
  facet normal -0.631802 -0.100066 -0.768644
    outer loop
      vertex -8.65059 -12.6305 -4.33154
      vertex -2.25243 -2.08344 -10.9637
      vertex -8.28523 -12.5326 -4.6446
    endloop
  endfacet
  facet normal -0.631805 -0.100063 -0.768642
    outer loop
      vertex -2.25243 -2.08344 -10.9637
      vertex -8.65059 -12.6305 -4.33154
      vertex -2.31891 -1.66368 -10.9637
    endloop
  endfacet
  facet normal -0.723338 -5.49852e-05 -0.690494
    outer loop
      vertex -9.58298 14.1712 -3.35491
      vertex -11.4891 17.5468 -1.35839
      vertex -9.5694 14.2219 -3.36914
    endloop
  endfacet
  facet normal -0.723285 8.46592e-06 -0.69055
    outer loop
      vertex -9.55842 13.7025 -3.38064
      vertex -11.4891 17.5468 -1.35839
      vertex -9.58298 14.1712 -3.35491
    endloop
  endfacet
  facet normal -0.723271 2.28129e-05 -0.690564
    outer loop
      vertex -9.39024 13.2644 -3.5568
      vertex -11.4891 17.5468 -1.35839
      vertex -9.55842 13.7025 -3.38064
    endloop
  endfacet
  facet normal -0.723248 6.50941e-05 -0.690588
    outer loop
      vertex -2.31891 1.66368 -10.9637
      vertex -8.70131 12.6441 -4.27842
      vertex -8.65059 12.6305 -4.33154
    endloop
  endfacet
  facet normal -0.723306 -5.69243e-06 -0.690527
    outer loop
      vertex -2.5 0 -10.774
      vertex -8.70131 12.6441 -4.27842
      vertex -2.31891 1.66368 -10.9637
    endloop
  endfacet
  facet normal -0.723292 8.81042e-06 -0.690542
    outer loop
      vertex -8.70131 12.6441 -4.27842
      vertex -2.5 0 -10.774
      vertex -9.0949 12.8997 -3.86616
    endloop
  endfacet
  facet normal -0.723766 0 -0.690045
    outer loop
      vertex -2.37764 0.772542 -10.9021
      vertex -2.31891 1.66368 -10.9637
      vertex -2.31891 0.887799 -10.9637
    endloop
  endfacet
  facet normal -0.722662 -0.000152672 -0.691201
    outer loop
      vertex -2.5 0 -10.774
      vertex -2.31891 1.66368 -10.9637
      vertex -2.37764 0.772542 -10.9021
    endloop
  endfacet
  facet normal -0.7233 0 -0.690533
    outer loop
      vertex -9.0949 -12.8997 -3.86616
      vertex -9.0949 12.8997 -3.86616
      vertex -2.5 0 -10.774
    endloop
  endfacet
  facet normal -0.722662 0.000152672 -0.691201
    outer loop
      vertex -2.31891 -1.66368 -10.9637
      vertex -2.5 0 -10.774
      vertex -2.37764 -0.772542 -10.9021
    endloop
  endfacet
  facet normal -0.723766 0 -0.690045
    outer loop
      vertex -2.31891 -1.66368 -10.9637
      vertex -2.37764 -0.772542 -10.9021
      vertex -2.31891 -0.887799 -10.9637
    endloop
  endfacet
  facet normal -0.723306 5.69243e-06 -0.690527
    outer loop
      vertex -2.5 0 -10.774
      vertex -2.31891 -1.66368 -10.9637
      vertex -8.70131 -12.6441 -4.27842
    endloop
  endfacet
  facet normal -0.723307 -0 -0.690527
    outer loop
      vertex -9.0949 12.8997 -3.86616
      vertex -9.0949 -12.8997 -3.86616
      vertex -9.39024 13.2644 -3.5568
    endloop
  endfacet
  facet normal -0.723248 -6.50941e-05 -0.690588
    outer loop
      vertex -8.70131 -12.6441 -4.27842
      vertex -2.31891 -1.66368 -10.9637
      vertex -8.65059 -12.6305 -4.33154
    endloop
  endfacet
  facet normal -0.723292 -8.81042e-06 -0.690542
    outer loop
      vertex -2.5 0 -10.774
      vertex -8.70131 -12.6441 -4.27842
      vertex -9.0949 -12.8997 -3.86616
    endloop
  endfacet
  facet normal -0.723307 0 -0.690527
    outer loop
      vertex -9.39024 -13.2644 -3.5568
      vertex -9.39024 13.2644 -3.5568
      vertex -9.0949 -12.8997 -3.86616
    endloop
  endfacet
  facet normal -0.723293 -0 -0.690541
    outer loop
      vertex -9.39024 13.2644 -3.5568
      vertex -9.39024 -13.2644 -3.5568
      vertex -11.4891 17.5468 -1.35839
    endloop
  endfacet
  facet normal -0.723271 -2.28129e-05 -0.690564
    outer loop
      vertex -11.4891 -17.5468 -1.35839
      vertex -9.39024 -13.2644 -3.5568
      vertex -9.55842 -13.7025 -3.38064
    endloop
  endfacet
  facet normal -0.723285 -8.46592e-06 -0.69055
    outer loop
      vertex -11.4891 -17.5468 -1.35839
      vertex -9.55842 -13.7025 -3.38064
      vertex -9.58298 -14.1712 -3.35491
    endloop
  endfacet
  facet normal -0.723293 0 -0.690541
    outer loop
      vertex -9.39024 -13.2644 -3.5568
      vertex -11.4891 -17.5468 -1.35839
      vertex -11.4891 17.5468 -1.35839
    endloop
  endfacet
  facet normal -0.723338 5.49852e-05 -0.690494
    outer loop
      vertex -11.4891 -17.5468 -1.35839
      vertex -9.58298 -14.1712 -3.35491
      vertex -9.5694 -14.2219 -3.36914
    endloop
  endfacet
  facet normal -0.308803 -0.048864 -0.94987
    outer loop
      vertex -1.78998 -1.93319 -11.3169
      vertex -1.82832 -1.66368 -11.3183
      vertex -1.63684 -1.85516 -11.3707
    endloop
  endfacet
  facet normal -0.306641 -0.0485601 -0.950586
    outer loop
      vertex -1.82832 -1.66368 -11.3183
      vertex -1.78998 -1.93319 -11.3169
      vertex -1.83266 -1.66368 -11.3169
    endloop
  endfacet
  facet normal -0.269064 -0.527922 -0.805545
    outer loop
      vertex -10.4002 -18.3763 -1.71167
      vertex -10.9291 -18.6458 -1.35839
      vertex -10.6433 -18.2524 -1.71167
    endloop
  endfacet
  facet normal 0.294851 -0.510827 -0.807539
    outer loop
      vertex 2.37764 -0.772542 -11.295
      vertex 2.43368 -0.705575 -11.3169
      vertex 2.71949 -1.09896 -10.9637
    endloop
  endfacet
  facet normal 0.294945 -0.510883 -0.807469
    outer loop
      vertex 2.43368 -0.705575 -11.3169
      vertex 2.37764 -0.772542 -11.295
      vertex 2.38367 -0.734447 -11.3169
    endloop
  endfacet
  facet normal 0.294847 -0.510829 -0.807538
    outer loop
      vertex 2.71949 -1.09896 -10.9637
      vertex 2.02254 -1.46946 -10.9838
      vertex 2.37764 -0.772542 -11.295
    endloop
  endfacet
  facet normal 0.294229 -0.509613 -0.808532
    outer loop
      vertex 2.02254 -1.46946 -10.9838
      vertex 2.71949 -1.09896 -10.9637
      vertex 1.94711 -1.5449 -10.9637
    endloop
  endfacet
  facet normal 0.294841 -0.510681 -0.807635
    outer loop
      vertex -0.162085 -2.76264 -10.9637
      vertex 0 -2.5 -11.0706
      vertex 0.403519 -2.43609 -10.9637
    endloop
  endfacet
  facet normal 0.294956 -0.510724 -0.807565
    outer loop
      vertex 0 -2.5 -11.0706
      vertex -0.162085 -2.76264 -10.9637
      vertex -0.398794 -2.43684 -11.2562
    endloop
  endfacet
  facet normal 0.453979 -0.891012 0
    outer loop
      vertex -9.54435 -19.3514 -0.300518
      vertex -9.01541 -19.0819 0.300518
      vertex -9.54435 -19.3514 0.300518
    endloop
  endfacet
  facet normal 0.453979 -0.891012 0
    outer loop
      vertex -9.01541 -19.0819 0.300518
      vertex -9.54435 -19.3514 -0.300518
      vertex -9.01541 -19.0819 -0.300518
    endloop
  endfacet
  facet normal 0.673258 -0.673294 -0.305612
    outer loop
      vertex 21.7964 -1.11526 -0.300518
      vertex 21.2674 -1.38477 -0.872139
      vertex 21.6461 -1.00609 -0.872139
    endloop
  endfacet
  facet normal 0.673254 -0.673302 -0.305604
    outer loop
      vertex 21.2674 -1.38477 -0.872139
      vertex 21.7964 -1.11526 -0.300518
      vertex 21.3766 -1.53503 -0.300518
    endloop
  endfacet
  facet normal 0.422088 0.415112 -0.805931
    outer loop
      vertex 14.7808 0.51263 -4.95147
      vertex 3.02001 0.798441 -10.9637
      vertex 14.9265 0.798441 -4.72795
    endloop
  endfacet
  facet normal 0.422103 0.415029 -0.805965
    outer loop
      vertex 3.02001 0.798441 -10.9637
      vertex 14.7808 0.51263 -4.95147
      vertex 2.62663 0.51263 -11.3169
    endloop
  endfacet
  facet normal 0.42205 0.415309 -0.805849
    outer loop
      vertex 17.4383 0.798441 -3.41242
      vertex 20.9669 0.51263 -1.71167
      vertex 17.584 0.51263 -3.48341
    endloop
  endfacet
  facet normal 0.422066 0.415196 -0.805899
    outer loop
      vertex 20.9669 0.51263 -1.71167
      vertex 17.4383 0.798441 -3.41242
      vertex 21.3603 0.798441 -1.35839
    endloop
  endfacet
  facet normal 0.72393 0.368826 -0.583003
    outer loop
      vertex 21.8892 0.528934 -0.872139
      vertex 21.3603 0.798441 -1.35839
      vertex 21.6461 1.00609 -0.872139
    endloop
  endfacet
  facet normal 0.361691 0.626273 -0.690624
    outer loop
      vertex 17.0641 1.21352 -3.34712
      vertex 21.0598 1.09896 -1.35839
      vertex 17.1786 1.09896 -3.39104
    endloop
  endfacet
  facet normal 0.361628 0.626461 -0.690487
    outer loop
      vertex 16.6459 1.42658 -3.37284
      vertex 21.0598 1.09896 -1.35839
      vertex 17.0641 1.21352 -3.34712
    endloop
  endfacet
  facet normal 0.36171 0.626163 -0.690714
    outer loop
      vertex 21.0598 1.09896 -1.35839
      vertex 16.6459 1.42658 -3.37284
      vertex 16.4159 1.46301 -3.46026
    endloop
  endfacet
  facet normal 0.361605 0.62652 -0.690446
    outer loop
      vertex 2.71949 1.09896 -10.9637
      vertex 15.3007 1.21352 -4.27063
      vertex 15.1862 1.09896 -4.43455
    endloop
  endfacet
  facet normal 0.361639 0.626432 -0.690507
    outer loop
      vertex 1.46946 2.02254 -10.7805
      vertex 15.3007 1.21352 -4.27063
      vertex 2.71949 1.09896 -10.9637
    endloop
  endfacet
  facet normal 0.36166 0.626359 -0.690563
    outer loop
      vertex 15.3007 1.21352 -4.27063
      vertex 1.46946 2.02254 -10.7805
      vertex 15.7189 1.42658 -3.85836
    endloop
  endfacet
  facet normal 0.361734 0.626533 -0.690366
    outer loop
      vertex 1.46946 2.02254 -10.7805
      vertex 2.71949 1.09896 -10.9637
      vertex 1.94711 1.5449 -10.9637
    endloop
  endfacet
  facet normal 0.361659 0.626363 -0.690559
    outer loop
      vertex 0.772542 2.37764 -10.8234
      vertex 15.7189 1.42658 -3.85836
      vertex 1.46946 2.02254 -10.7805
    endloop
  endfacet
  facet normal 0.361669 0.626328 -0.690586
    outer loop
      vertex -0.162085 2.76264 -10.9637
      vertex 15.7189 1.42658 -3.85836
      vertex 0.772542 2.37764 -10.8234
    endloop
  endfacet
  facet normal 0.361717 0.626515 -0.690392
    outer loop
      vertex -0.162085 2.76264 -10.9637
      vertex 0.772542 2.37764 -10.8234
      vertex 0.403519 2.43609 -10.9637
    endloop
  endfacet
  facet normal 0.361647 0.626412 -0.690521
    outer loop
      vertex 15.7189 1.42658 -3.85836
      vertex -0.162085 2.76264 -10.9637
      vertex 16.1035 1.48751 -3.60166
    endloop
  endfacet
  facet normal 0.361738 0.626058 -0.690794
    outer loop
      vertex 16.1824 1.5 -3.54901
      vertex 21.0598 1.09896 -1.35839
      vertex 16.4159 1.46301 -3.46026
    endloop
  endfacet
  facet normal 0.36165 0.626399 -0.690531
    outer loop
      vertex -6.62398 14.3262 -3.85836
      vertex 16.1035 1.48751 -3.60166
      vertex -0.162085 2.76264 -10.9637
    endloop
  endfacet
  facet normal 0.36172 0.62641 -0.690485
    outer loop
      vertex -6.62398 14.3262 -3.85836
      vertex -0.162085 2.76264 -10.9637
      vertex -6.60258 13.9179 -4.21756
    endloop
  endfacet
  facet normal 0.361644 0.626387 -0.690546
    outer loop
      vertex 16.1035 1.48751 -3.60166
      vertex -6.62398 14.3262 -3.85836
      vertex 16.1824 1.5 -3.54901
    endloop
  endfacet
  facet normal 0.361612 0.626329 -0.690614
    outer loop
      vertex -6.79216 14.7644 -3.54901
      vertex 16.1824 1.5 -3.54901
      vertex -6.62398 14.3262 -3.85836
    endloop
  endfacet
  facet normal 0.361653 0.6264 -0.690529
    outer loop
      vertex -9.33223 18.6458 -1.35839
      vertex 16.1824 1.5 -3.54901
      vertex -6.79216 14.7644 -3.54901
    endloop
  endfacet
  facet normal 0.361443 0.62635 -0.690684
    outer loop
      vertex -9.33223 18.6458 -1.35839
      vertex -6.79216 14.7644 -3.54901
      vertex -7.08751 15.1291 -3.37284
    endloop
  endfacet
  facet normal 0.361674 0.626402 -0.690516
    outer loop
      vertex -9.33223 18.6458 -1.35839
      vertex -7.08751 15.1291 -3.37284
      vertex -7.43043 15.3518 -3.35043
    endloop
  endfacet
  facet normal 0.361649 0.626395 -0.690535
    outer loop
      vertex 16.1824 1.5 -3.54901
      vertex -9.33223 18.6458 -1.35839
      vertex 21.0598 1.09896 -1.35839
    endloop
  endfacet
  facet normal 0.585245 0.0925763 -0.805554
    outer loop
      vertex 21.6197 0 -1.35839
      vertex 21.0908 0.269506 -1.71167
      vertex 21.5533 0.419765 -1.35839
    endloop
  endfacet
  facet normal 0.422088 -0.415112 0.805931
    outer loop
      vertex 14.7808 -0.51263 4.95147
      vertex 3.02001 -0.798441 10.9637
      vertex 14.9265 -0.798441 4.72795
    endloop
  endfacet
  facet normal 0.422103 -0.415029 0.805965
    outer loop
      vertex 3.02001 -0.798441 10.9637
      vertex 14.7808 -0.51263 4.95147
      vertex 2.62663 -0.51263 11.3169
    endloop
  endfacet
  facet normal 0.42205 -0.415309 0.805849
    outer loop
      vertex 17.4383 -0.798441 3.41242
      vertex 20.9669 -0.51263 1.71167
      vertex 17.584 -0.51263 3.48341
    endloop
  endfacet
  facet normal 0.422066 -0.415196 0.805899
    outer loop
      vertex 20.9669 -0.51263 1.71167
      vertex 17.4383 -0.798441 3.41242
      vertex 21.3603 -0.798441 1.35839
    endloop
  endfacet
  facet normal 0.0875349 0.552005 0.829233
    outer loop
      vertex -9.86117 18.3763 1.71167
      vertex -8.40307 15.4816 3.4847
      vertex -8.19617 15.4924 3.45567
    endloop
  endfacet
  facet normal 0.0868578 0.551794 0.829445
    outer loop
      vertex -9.86117 18.3763 1.71167
      vertex -8.42902 15.4716 3.49407
      vertex -8.40307 15.4816 3.4847
    endloop
  endfacet
  facet normal 0.0874457 0.551973 0.829264
    outer loop
      vertex -8.42902 15.4716 3.49407
      vertex -9.86117 18.3763 1.71167
      vertex -10.1307 18.419 1.71167
    endloop
  endfacet
  facet normal 0.087433 0.551973 0.829266
    outer loop
      vertex -6.86365 13.1844 4.85142
      vertex -0.960526 2.53582 11.3169
      vertex -0.69102 2.49313 11.3169
    endloop
  endfacet
  facet normal 0.0875678 0.55202 0.82922
    outer loop
      vertex -6.97649 13.0107 4.97897
      vertex -0.960526 2.53582 11.3169
      vertex -6.86365 13.1844 4.85142
    endloop
  endfacet
  facet normal 0.087544 0.552011 0.829228
    outer loop
      vertex -0.960526 2.53582 11.3169
      vertex -6.97649 13.0107 4.97897
      vertex -6.99809 12.9932 4.9929
    endloop
  endfacet
  facet normal 0.278589 0.141951 0.949862
    outer loop
      vertex 2.44025 0.377222 11.3918
      vertex 2.75051 0.269506 11.3169
      vertex 2.62663 0.51263 11.3169
    endloop
  endfacet
  facet normal 0.278482 0.141583 0.949948
    outer loop
      vertex 2.75051 0.269506 11.3169
      vertex 2.44025 0.377222 11.3918
      vertex 2.46449 0.224205 11.4075
    endloop
  endfacet
  facet normal 0.278291 0.142597 0.949853
    outer loop
      vertex 2.75051 0.269506 11.3169
      vertex 2.46449 0.224205 11.4075
      vertex 2.47166 0.178905 11.4122
    endloop
  endfacet
  facet normal 0.361605 0.62652 0.690446
    outer loop
      vertex 15.3007 1.21352 4.27063
      vertex 2.71949 1.09896 10.9637
      vertex 15.1862 1.09896 4.43455
    endloop
  endfacet
  facet normal 0.36166 0.626359 0.690563
    outer loop
      vertex 1.46946 2.02254 10.7805
      vertex 15.3007 1.21352 4.27063
      vertex 15.7189 1.42658 3.85836
    endloop
  endfacet
  facet normal 0.361647 0.626412 0.690521
    outer loop
      vertex -0.162085 2.76264 10.9637
      vertex 15.7189 1.42658 3.85836
      vertex 16.1035 1.48751 3.60166
    endloop
  endfacet
  facet normal 0.361639 0.626432 0.690507
    outer loop
      vertex 15.3007 1.21352 4.27063
      vertex 1.46946 2.02254 10.7805
      vertex 2.71949 1.09896 10.9637
    endloop
  endfacet
  facet normal 0.361734 0.626533 0.690366
    outer loop
      vertex 2.71949 1.09896 10.9637
      vertex 1.46946 2.02254 10.7805
      vertex 1.94711 1.5449 10.9637
    endloop
  endfacet
  facet normal 0.361659 0.626363 0.690559
    outer loop
      vertex 15.7189 1.42658 3.85836
      vertex 0.772542 2.37764 10.8234
      vertex 1.46946 2.02254 10.7805
    endloop
  endfacet
  facet normal 0.361669 0.626328 0.690586
    outer loop
      vertex 15.7189 1.42658 3.85836
      vertex -0.162085 2.76264 10.9637
      vertex 0.772542 2.37764 10.8234
    endloop
  endfacet
  facet normal 0.361717 0.626515 0.690392
    outer loop
      vertex 0.772542 2.37764 10.8234
      vertex -0.162085 2.76264 10.9637
      vertex 0.403519 2.43609 10.9637
    endloop
  endfacet
  facet normal 0.361691 0.626273 0.690624
    outer loop
      vertex 21.0598 1.09896 1.35839
      vertex 17.0641 1.21352 3.34712
      vertex 17.1786 1.09896 3.39104
    endloop
  endfacet
  facet normal 0.361628 0.626461 0.690487
    outer loop
      vertex 21.0598 1.09896 1.35839
      vertex 16.6459 1.42658 3.37284
      vertex 17.0641 1.21352 3.34712
    endloop
  endfacet
  facet normal 0.36171 0.626163 0.690714
    outer loop
      vertex 16.6459 1.42658 3.37284
      vertex 21.0598 1.09896 1.35839
      vertex 16.4159 1.46301 3.46026
    endloop
  endfacet
  facet normal 0.361738 0.626058 0.690794
    outer loop
      vertex 21.0598 1.09896 1.35839
      vertex 16.1824 1.5 3.54901
      vertex 16.4159 1.46301 3.46026
    endloop
  endfacet
  facet normal 0.361644 0.626387 0.690546
    outer loop
      vertex -6.62398 14.3262 3.85836
      vertex 16.1035 1.48751 3.60166
      vertex 16.1824 1.5 3.54901
    endloop
  endfacet
  facet normal 0.36165 0.626399 0.690531
    outer loop
      vertex 16.1035 1.48751 3.60166
      vertex -6.62398 14.3262 3.85836
      vertex -0.162085 2.76264 10.9637
    endloop
  endfacet
  facet normal 0.361649 0.626395 0.690535
    outer loop
      vertex -9.33223 18.6458 1.35839
      vertex 16.1824 1.5 3.54901
      vertex 21.0598 1.09896 1.35839
    endloop
  endfacet
  facet normal 0.36172 0.62641 0.690485
    outer loop
      vertex -0.162085 2.76264 10.9637
      vertex -6.62398 14.3262 3.85836
      vertex -6.60258 13.9179 4.21756
    endloop
  endfacet
  facet normal 0.361612 0.626329 0.690614
    outer loop
      vertex 16.1824 1.5 3.54901
      vertex -6.79216 14.7644 3.54901
      vertex -6.62398 14.3262 3.85836
    endloop
  endfacet
  facet normal 0.361653 0.6264 0.690529
    outer loop
      vertex 16.1824 1.5 3.54901
      vertex -9.33223 18.6458 1.35839
      vertex -6.79216 14.7644 3.54901
    endloop
  endfacet
  facet normal 0.361443 0.62635 0.690684
    outer loop
      vertex -6.79216 14.7644 3.54901
      vertex -9.33223 18.6458 1.35839
      vertex -7.08751 15.1291 3.37284
    endloop
  endfacet
  facet normal 0.361674 0.626402 0.690516
    outer loop
      vertex -7.08751 15.1291 3.37284
      vertex -9.33223 18.6458 1.35839
      vertex -7.43043 15.3518 3.35043
    endloop
  endfacet
  facet normal -0.141876 -0.278495 0.949901
    outer loop
      vertex -1.17894 -2.17057 11.4191
      vertex -1.23003 -2.49313 11.3169
      vertex -1.13285 -2.19405 11.4191
    endloop
  endfacet
  facet normal -0.221136 -0.220904 0.949895
    outer loop
      vertex -1.46064 -2.02704 11.3994
      vertex -1.47316 -2.36926 11.3169
      vertex -1.28831 -2.11484 11.4191
    endloop
  endfacet
  facet normal -0.220933 -0.220922 0.949938
    outer loop
      vertex -1.47316 -2.36926 11.3169
      vertex -1.46064 -2.02704 11.3994
      vertex -1.6661 -2.17631 11.3169
    endloop
  endfacet
  facet normal -0.307003 0 0.951709
    outer loop
      vertex -1.83266 1.66368 11.3169
      vertex -1.83266 1.65934 11.3169
      vertex -1.82832 1.66368 11.3183
    endloop
  endfacet
  facet normal -0.307003 0 0.951709
    outer loop
      vertex -1.83266 -1.65934 11.3169
      vertex -1.83266 -1.66368 11.3169
      vertex -1.82832 -1.66368 11.3183
    endloop
  endfacet
  facet normal 0.140966 -0.27918 0.949835
    outer loop
      vertex -0.707685 -2.38791 11.3503
      vertex -0.726159 -2.38499 11.3539
      vertex -0.69102 -2.49313 11.3169
    endloop
  endfacet
  facet normal -0.210899 -0.4138 0.885602
    outer loop
      vertex -8.8412 -15.3134 3.51408
      vertex -10.4002 -18.3763 1.71167
      vertex -8.66981 -15.3792 3.52415
    endloop
  endfacet
  facet normal -0.210861 -0.413822 0.885601
    outer loop
      vertex -10.6433 -18.2524 1.71167
      vertex -8.8412 -15.3134 3.51408
      vertex -8.91293 -15.2553 3.52415
    endloop
  endfacet
  facet normal -0.2109 -0.413799 0.885602
    outer loop
      vertex -8.8412 -15.3134 3.51408
      vertex -10.6433 -18.2524 1.71167
      vertex -10.4002 -18.3763 1.71167
    endloop
  endfacet
  facet normal -0.21084 -0.413833 0.885601
    outer loop
      vertex -7.3412 -12.7153 5.08526
      vertex -1.23003 -2.49313 11.3169
      vertex -1.47316 -2.36926 11.3169
    endloop
  endfacet
  facet normal -0.210977 -0.413753 0.885605
    outer loop
      vertex -1.23003 -2.49313 11.3169
      vertex -7.3412 -12.7153 5.08526
      vertex -7.19853 -12.8309 5.06524
    endloop
  endfacet
  facet normal -0.210548 -0.413994 0.885595
    outer loop
      vertex -7.3412 -12.7153 5.08526
      vertex -1.47316 -2.36926 11.3169
      vertex -7.42737 -12.6823 5.0802
    endloop
  endfacet
  facet normal 0.0927241 -0.585291 0.805504
    outer loop
      vertex -10.1307 -18.419 1.71167
      vertex -10.1307 -18.9052 1.35839
      vertex -9.86117 -18.3763 1.71167
    endloop
  endfacet
  facet normal 0.451494 -0.230127 0.862088
    outer loop
      vertex 2.75051 -0.269506 11.3169
      vertex 14.7558 -0.463525 4.97768
      vertex 14.7251 -0.269506 5.04555
    endloop
  endfacet
  facet normal 0.451503 -0.230056 0.862102
    outer loop
      vertex 2.62663 -0.51263 11.3169
      vertex 14.7558 -0.463525 4.97768
      vertex 2.75051 -0.269506 11.3169
    endloop
  endfacet
  facet normal 0.45148 -0.230272 0.862056
    outer loop
      vertex 14.7558 -0.463525 4.97768
      vertex 2.62663 -0.51263 11.3169
      vertex 14.7808 -0.51263 4.95147
    endloop
  endfacet
  facet normal 0.451499 -0.230091 0.862095
    outer loop
      vertex 17.6397 -0.269506 3.51909
      vertex 20.9669 -0.51263 1.71167
      vertex 21.0908 -0.269506 1.71167
    endloop
  endfacet
  facet normal 0.451516 -0.229987 0.862113
    outer loop
      vertex 17.609 -0.463525 3.48341
      vertex 20.9669 -0.51263 1.71167
      vertex 17.6397 -0.269506 3.51909
    endloop
  endfacet
  facet normal 0.451529 -0.22988 0.862135
    outer loop
      vertex 20.9669 -0.51263 1.71167
      vertex 17.609 -0.463525 3.48341
      vertex 17.584 -0.51263 3.48341
    endloop
  endfacet
  facet normal -0.0489725 0.308683 0.949903
    outer loop
      vertex -1.08902 2.21639 11.4141
      vertex -1.23003 2.49313 11.3169
      vertex -1.13285 2.19405 11.4191
    endloop
  endfacet
  facet normal 0.268966 -0.52789 0.805599
    outer loop
      vertex -0.162085 -2.76264 10.9637
      vertex -0.69102 -2.49313 11.3169
      vertex -0.540761 -2.95558 10.9637
    endloop
  endfacet
  facet normal 0.278482 -0.141583 0.949948
    outer loop
      vertex 2.44025 -0.377222 11.3918
      vertex 2.75051 -0.269506 11.3169
      vertex 2.46449 -0.224205 11.4075
    endloop
  endfacet
  facet normal 0.278589 -0.141951 0.949862
    outer loop
      vertex 2.75051 -0.269506 11.3169
      vertex 2.44025 -0.377222 11.3918
      vertex 2.62663 -0.51263 11.3169
    endloop
  endfacet
  facet normal 0.527931 -0.269042 0.805546
    outer loop
      vertex 21.0908 -0.269506 1.71167
      vertex 20.9669 -0.51263 1.71167
      vertex 21.3603 -0.798441 1.35839
    endloop
  endfacet
  facet normal 0.802459 -0.126936 0.58305
    outer loop
      vertex 21.6197 0 1.35839
      vertex 21.5533 -0.419765 1.35839
      vertex 21.973 0 0.872139
    endloop
  endfacet
  facet normal 0.802519 0.127145 0.582922
    outer loop
      vertex 21.8892 0.528934 0.872139
      vertex 21.5533 0.419765 1.35839
      vertex 21.973 0 0.872139
    endloop
  endfacet
  facet normal 0.4627 -0.0732572 0.883483
    outer loop
      vertex 2.79319 0 11.3169
      vertex 14.7251 -0.269506 5.04555
      vertex 14.6824 0 5.09026
    endloop
  endfacet
  facet normal 0.462699 -0.0732747 0.883482
    outer loop
      vertex 14.7251 -0.269506 5.04555
      vertex 2.79319 0 11.3169
      vertex 2.75051 -0.269506 11.3169
    endloop
  endfacet
  facet normal 0.462698 -0.073309 0.883479
    outer loop
      vertex 17.6824 0 3.51909
      vertex 21.0908 -0.269506 1.71167
      vertex 21.1335 0 1.71167
    endloop
  endfacet
  facet normal 0.462698 -0.073309 0.883479
    outer loop
      vertex 21.0908 -0.269506 1.71167
      vertex 17.6824 0 3.51909
      vertex 17.6397 -0.269506 3.51909
    endloop
  endfacet
  facet normal 0.127126 0.802443 0.58303
    outer loop
      vertex -9.60174 19.1747 0.872139
      vertex -10.1307 19.2585 0.872139
      vertex -9.71091 18.8387 1.35839
    endloop
  endfacet
  facet normal 0.432229 0.848385 0.305649
    outer loop
      vertex -9.54435 19.3514 0.300518
      vertex -9.60174 19.1747 0.872139
      vertex -9.12458 18.9316 0.872139
    endloop
  endfacet
  facet normal 0.432257 0.848379 0.305624
    outer loop
      vertex -9.01541 19.0819 0.300518
      vertex -9.54435 19.3514 0.300518
      vertex -9.12458 18.9316 0.872139
    endloop
  endfacet
  facet normal 0.940409 0.149002 0.305661
    outer loop
      vertex 22.0659 0.586329 0.300518
      vertex 21.8892 0.528934 0.872139
      vertex 22.1588 0 0.300518
    endloop
  endfacet
  facet normal 0.848376 0.432263 -0.305624
    outer loop
      vertex 22.0659 0.586329 -0.300518
      vertex 21.6461 1.00609 -0.872139
      vertex 21.7964 1.11526 -0.300518
    endloop
  endfacet
  facet normal 0.673254 0.673302 -0.305604
    outer loop
      vertex 21.7964 1.11526 -0.300518
      vertex 21.2674 1.38477 -0.872139
      vertex 21.3766 1.53503 -0.300518
    endloop
  endfacet
  facet normal 0.673258 0.673294 -0.305612
    outer loop
      vertex 21.2674 1.38477 -0.872139
      vertex 21.7964 1.11526 -0.300518
      vertex 21.6461 1.00609 -0.872139
    endloop
  endfacet
  facet normal 0.475773 0.824062 0.307508
    outer loop
      vertex -9.01541 19.0819 0.300518
      vertex 21.2674 1.38477 0.872139
      vertex 21.3766 1.53503 0.300518
    endloop
  endfacet
  facet normal 0.475768 0.824054 0.307538
    outer loop
      vertex 21.2674 1.38477 0.872139
      vertex -9.01541 19.0819 0.300518
      vertex -9.12458 18.9316 0.872139
    endloop
  endfacet
  facet normal -0.127143 0.802437 -0.583034
    outer loop
      vertex -10.1307 18.9052 -1.35839
      vertex -10.5504 18.8387 -1.35839
      vertex -10.1307 19.2585 -0.872139
    endloop
  endfacet
  facet normal 0.368772 0.723933 -0.583033
    outer loop
      vertex -9.33223 18.6458 -1.35839
      vertex -9.71091 18.8387 -1.35839
      vertex -9.60174 19.1747 -0.872139
    endloop
  endfacet
  facet normal -0.12714 0.802436 -0.583037
    outer loop
      vertex -10.5504 18.8387 -1.35839
      vertex -10.6596 19.1747 -0.872139
      vertex -10.1307 19.2585 -0.872139
    endloop
  endfacet
  facet normal 0.278291 -0.142597 -0.949853
    outer loop
      vertex 2.75051 -0.269506 -11.3169
      vertex 2.46449 -0.224205 -11.4075
      vertex 2.47166 -0.178905 -11.4122
    endloop
  endfacet
  facet normal 0.140966 -0.27918 -0.949835
    outer loop
      vertex -0.69102 -2.49313 -11.3169
      vertex -0.726159 -2.38499 -11.3539
      vertex -0.707685 -2.38791 -11.3503
    endloop
  endfacet
  facet normal 0.802459 0.126936 -0.58305
    outer loop
      vertex 21.6197 0 -1.35839
      vertex 21.5533 0.419765 -1.35839
      vertex 21.973 0 -0.872139
    endloop
  endfacet
  facet normal 0.451494 0.230127 -0.862088
    outer loop
      vertex 2.75051 0.269506 -11.3169
      vertex 14.7558 0.463525 -4.97768
      vertex 14.7251 0.269506 -5.04555
    endloop
  endfacet
  facet normal 0.451503 0.230056 -0.862102
    outer loop
      vertex 2.62663 0.51263 -11.3169
      vertex 14.7558 0.463525 -4.97768
      vertex 2.75051 0.269506 -11.3169
    endloop
  endfacet
  facet normal 0.45148 0.230272 -0.862056
    outer loop
      vertex 14.7558 0.463525 -4.97768
      vertex 2.62663 0.51263 -11.3169
      vertex 14.7808 0.51263 -4.95147
    endloop
  endfacet
  facet normal 0.451499 0.230091 -0.862095
    outer loop
      vertex 17.6397 0.269506 -3.51909
      vertex 20.9669 0.51263 -1.71167
      vertex 21.0908 0.269506 -1.71167
    endloop
  endfacet
  facet normal 0.451516 0.229987 -0.862113
    outer loop
      vertex 17.609 0.463525 -3.48341
      vertex 20.9669 0.51263 -1.71167
      vertex 17.6397 0.269506 -3.51909
    endloop
  endfacet
  facet normal 0.451529 0.22988 -0.862135
    outer loop
      vertex 20.9669 0.51263 -1.71167
      vertex 17.609 0.463525 -3.48341
      vertex 17.584 0.51263 -3.48341
    endloop
  endfacet
  facet normal -0.278329 0.142088 -0.949918
    outer loop
      vertex -1.61551 1.8765 -11.3765
      vertex -1.78998 1.93319 -11.3169
      vertex -1.59042 1.90158 -11.3801
    endloop
  endfacet
  facet normal -0.0486821 0.308821 -0.949874
    outer loop
      vertex -1.23003 2.49313 -11.3169
      vertex -0.960526 2.28186 -11.3994
      vertex -1.08902 2.21639 -11.4141
    endloop
  endfacet
  facet normal -0.0488815 0.308591 -0.949938
    outer loop
      vertex -0.960526 2.28186 -11.3994
      vertex -1.23003 2.49313 -11.3169
      vertex -0.960526 2.53582 -11.3169
    endloop
  endfacet
  facet normal 0.308735 -0.0489366 -0.949888
    outer loop
      vertex 2.75051 -0.269506 -11.3169
      vertex 2.47166 -0.178905 -11.4122
      vertex 2.47921 -0.131273 -11.4122
    endloop
  endfacet
  facet normal -0.269064 0.527922 -0.805545
    outer loop
      vertex -10.6433 18.2524 -1.71167
      vertex -10.9291 18.6458 -1.35839
      vertex -10.4002 18.3763 -1.71167
    endloop
  endfacet
  facet normal -0.528091 0.268933 -0.805478
    outer loop
      vertex -10.9601 17.8164 -1.71167
      vertex -11.2296 18.3453 -1.35839
      vertex -10.8363 18.0595 -1.71167
    endloop
  endfacet
  facet normal -0.277592 0.142969 -0.950001
    outer loop
      vertex -1.46946 2.02254 -11.3975
      vertex -1.6661 2.17631 -11.3169
      vertex -1.46064 2.02704 -11.3994
    endloop
  endfacet
  facet normal -0.278461 0.141816 -0.94992
    outer loop
      vertex -1.59042 1.90158 -11.3801
      vertex -1.6661 2.17631 -11.3169
      vertex -1.46946 2.02254 -11.3975
    endloop
  endfacet
  facet normal -0.278375 0.141844 -0.949941
    outer loop
      vertex -1.6661 2.17631 -11.3169
      vertex -1.59042 1.90158 -11.3801
      vertex -1.78998 1.93319 -11.3169
    endloop
  endfacet
  facet normal -0.337008 0.337053 -0.879102
    outer loop
      vertex -10.8363 18.0595 -1.71167
      vertex -8.91293 15.2553 -3.52415
      vertex -9.12032 15.0874 -3.50902
    endloop
  endfacet
  facet normal -0.336934 0.337109 -0.879109
    outer loop
      vertex -8.91293 15.2553 -3.52415
      vertex -10.8363 18.0595 -1.71167
      vertex -10.6433 18.2524 -1.71167
    endloop
  endfacet
  facet normal -0.337049 0.337031 -0.879095
    outer loop
      vertex -7.6765 12.5866 -5.02135
      vertex -1.47316 2.36926 -11.3169
      vertex -1.6661 2.17631 -11.3169
    endloop
  endfacet
  facet normal -0.33711 0.336989 -0.879088
    outer loop
      vertex -1.47316 2.36926 -11.3169
      vertex -7.6765 12.5866 -5.02135
      vertex -7.42737 12.6823 -5.0802
    endloop
  endfacet
  facet normal 0.0513893 0.307609 -0.950124
    outer loop
      vertex -0.772542 2.37764 -11.3587
      vertex -0.69102 2.49313 -11.3169
      vertex -0.747876 2.38155 -11.3561
    endloop
  endfacet
  facet normal 0.0484391 0.308598 -0.949958
    outer loop
      vertex -0.960526 2.53582 -11.3169
      vertex -0.772542 2.37764 -11.3587
      vertex -0.960526 2.28186 -11.3994
    endloop
  endfacet
  facet normal 0.0489739 0.309177 -0.949743
    outer loop
      vertex -0.772542 2.37764 -11.3587
      vertex -0.960526 2.53582 -11.3169
      vertex -0.69102 2.49313 -11.3169
    endloop
  endfacet
  facet normal 0.140966 0.27918 -0.949835
    outer loop
      vertex -0.707685 2.38791 -11.3503
      vertex -0.726159 2.38499 -11.3539
      vertex -0.69102 2.49313 -11.3169
    endloop
  endfacet
  facet normal -0.0489725 0.308683 -0.949903
    outer loop
      vertex -1.13285 2.19405 -11.4191
      vertex -1.23003 2.49313 -11.3169
      vertex -1.08902 2.21639 -11.4141
    endloop
  endfacet
  facet normal -0.574481 0.574481 -0.583046
    outer loop
      vertex -11.2296 18.3453 -1.35839
      vertex -11.1368 18.9316 -0.872139
      vertex -10.9291 18.6458 -1.35839
    endloop
  endfacet
  facet normal -0.574593 0.574441 -0.582976
    outer loop
      vertex -11.1368 18.9316 -0.872139
      vertex -11.2296 18.3453 -1.35839
      vertex -11.5154 18.5529 -0.872139
    endloop
  endfacet
  facet normal -0.432199 0.848397 -0.305657
    outer loop
      vertex -10.6596 19.1747 -0.872139
      vertex -11.1368 18.9316 -0.872139
      vertex -10.717 19.3514 -0.300518
    endloop
  endfacet
  facet normal -0.148853 0.940435 0.305655
    outer loop
      vertex -10.1307 19.4442 0.300518
      vertex -10.717 19.3514 0.300518
      vertex -10.6596 19.1747 0.872139
    endloop
  endfacet
  facet normal -0.454007 0.890998 0
    outer loop
      vertex -10.717 19.3514 -0.300518
      vertex -11.2459 19.0819 0.300518
      vertex -10.717 19.3514 0.300518
    endloop
  endfacet
  facet normal -0.454007 0.890998 0
    outer loop
      vertex -11.2459 19.0819 0.300518
      vertex -10.717 19.3514 -0.300518
      vertex -11.2459 19.0819 -0.300518
    endloop
  endfacet
  facet normal -0.528091 0.268933 0.805478
    outer loop
      vertex -10.8363 18.0595 1.71167
      vertex -11.2296 18.3453 1.35839
      vertex -10.9601 17.8164 1.71167
    endloop
  endfacet
  facet normal -0.890998 0.454007 0
    outer loop
      vertex -11.9352 18.1332 -0.300518
      vertex -11.6657 18.6621 0.300518
      vertex -11.6657 18.6621 -0.300518
    endloop
  endfacet
  facet normal -0.890998 0.454007 0
    outer loop
      vertex -11.6657 18.6621 0.300518
      vertex -11.9352 18.1332 -0.300518
      vertex -11.9352 18.1332 0.300518
    endloop
  endfacet
  facet normal -0.269064 0.527922 0.805545
    outer loop
      vertex -10.4002 18.3763 1.71167
      vertex -10.9291 18.6458 1.35839
      vertex -10.6433 18.2524 1.71167
    endloop
  endfacet
  facet normal -0.585168 -0.092668 0.8056
    outer loop
      vertex -1.83266 -1.66368 11.3169
      vertex -2.31891 -1.66368 10.9637
      vertex -1.78998 -1.93319 11.3169
    endloop
  endfacet
  facet normal -0.585171 0.0926771 0.805597
    outer loop
      vertex -2.25243 2.08344 10.9637
      vertex -2.31891 1.66368 10.9637
      vertex -1.78998 1.93319 11.3169
    endloop
  endfacet
  facet normal -0.221136 0.220904 0.949895
    outer loop
      vertex -1.47316 2.36926 11.3169
      vertex -1.46064 2.02704 11.3994
      vertex -1.28831 2.11484 11.4191
    endloop
  endfacet
  facet normal -0.220933 0.220922 0.949938
    outer loop
      vertex -1.46064 2.02704 11.3994
      vertex -1.47316 2.36926 11.3169
      vertex -1.6661 2.17631 11.3169
    endloop
  endfacet
  facet normal -0.951023 0 -0.309121
    outer loop
      vertex -11.8423 -17.5468 -0.872139
      vertex -12.0281 17.5468 -0.300518
      vertex -11.8423 17.5468 -0.872139
    endloop
  endfacet
  facet normal -0.951023 -0 -0.309121
    outer loop
      vertex -12.0281 17.5468 -0.300518
      vertex -11.8423 -17.5468 -0.872139
      vertex -12.0281 -17.5468 -0.300518
    endloop
  endfacet
  facet normal -0.940459 0.148992 -0.305512
    outer loop
      vertex -11.7586 18.0758 -0.872139
      vertex -12.0281 17.5468 -0.300518
      vertex -11.9352 18.1332 -0.300518
    endloop
  endfacet
  facet normal 0.127117 -0.80244 0.583036
    outer loop
      vertex -10.1307 -18.9052 1.35839
      vertex -10.1307 -19.2585 0.872139
      vertex -9.71091 -18.8387 1.35839
    endloop
  endfacet
  facet normal -0.940459 -0.148992 -0.305512
    outer loop
      vertex -11.9352 -18.1332 -0.300518
      vertex -12.0281 -17.5468 -0.300518
      vertex -11.7586 -18.0758 -0.872139
    endloop
  endfacet
  facet normal -0.802472 0.12697 -0.583024
    outer loop
      vertex -11.4226 17.9666 -1.35839
      vertex -11.8423 17.5468 -0.872139
      vertex -11.7586 18.0758 -0.872139
    endloop
  endfacet
  facet normal -0.802517 0.127126 -0.582928
    outer loop
      vertex -11.4891 17.5468 -1.35839
      vertex -11.8423 17.5468 -0.872139
      vertex -11.4226 17.9666 -1.35839
    endloop
  endfacet
  facet normal -0.802517 -0.127126 -0.582928
    outer loop
      vertex -11.4226 -17.9666 -1.35839
      vertex -11.8423 -17.5468 -0.872139
      vertex -11.4891 -17.5468 -1.35839
    endloop
  endfacet
  facet normal 0.432257 -0.848379 -0.305624
    outer loop
      vertex -9.01541 -19.0819 -0.300518
      vertex -9.54435 -19.3514 -0.300518
      vertex -9.12458 -18.9316 -0.872139
    endloop
  endfacet
  facet normal -0.0489725 -0.308683 -0.949903
    outer loop
      vertex -1.08902 -2.21639 -11.4141
      vertex -1.23003 -2.49313 -11.3169
      vertex -1.13285 -2.19405 -11.4191
    endloop
  endfacet
  facet normal -0.0927343 -0.58529 -0.805503
    outer loop
      vertex -10.1307 -18.9052 -1.35839
      vertex -10.4002 -18.3763 -1.71167
      vertex -10.1307 -18.419 -1.71167
    endloop
  endfacet
  facet normal 0.268966 -0.52789 -0.805599
    outer loop
      vertex -0.540761 -2.95558 -10.9637
      vertex -0.69102 -2.49313 -11.3169
      vertex -0.162085 -2.76264 -10.9637
    endloop
  endfacet
  facet normal 0.848376 -0.432263 -0.305624
    outer loop
      vertex 21.7964 -1.11526 -0.300518
      vertex 21.6461 -1.00609 -0.872139
      vertex 22.0659 -0.586329 -0.300518
    endloop
  endfacet
  facet normal 0.940409 0.149002 -0.305661
    outer loop
      vertex 22.1588 0 -0.300518
      vertex 21.8892 0.528934 -0.872139
      vertex 22.0659 0.586329 -0.300518
    endloop
  endfacet
  facet normal 0.405279 -0.701963 0.585659
    outer loop
      vertex -9.12458 -18.9316 0.872139
      vertex 21.0598 -1.09896 1.35839
      vertex -9.33223 -18.6458 1.35839
    endloop
  endfacet
  facet normal 0.405285 -0.701974 0.585641
    outer loop
      vertex 21.0598 -1.09896 1.35839
      vertex -9.12458 -18.9316 0.872139
      vertex 21.2674 -1.38477 0.872139
    endloop
  endfacet
  facet normal 0.368823 -0.723932 0.583003
    outer loop
      vertex -9.33223 -18.6458 1.35839
      vertex -9.60174 -19.1747 0.872139
      vertex -9.12458 -18.9316 0.872139
    endloop
  endfacet
  facet normal 0.574487 -0.574518 -0.583004
    outer loop
      vertex 21.2674 -1.38477 -0.872139
      vertex 21.3603 -0.798441 -1.35839
      vertex 21.6461 -1.00609 -0.872139
    endloop
  endfacet
  facet normal 0.574536 -0.5745 -0.582974
    outer loop
      vertex 21.3603 -0.798441 -1.35839
      vertex 21.2674 -1.38477 -0.872139
      vertex 21.0598 -1.09896 -1.35839
    endloop
  endfacet
  facet normal 0.42086 -0.420865 -0.803586
    outer loop
      vertex 14.9689 -0.881678 -4.66215
      vertex 3.02001 -0.798441 -10.9637
      vertex 14.9265 -0.798441 -4.72795
    endloop
  endfacet
  facet normal 0.420862 -0.420853 -0.80359
    outer loop
      vertex 15.1862 -1.09896 -4.43455
      vertex 3.02001 -0.798441 -10.9637
      vertex 14.9689 -0.881678 -4.66215
    endloop
  endfacet
  facet normal 0.42086 -0.420862 -0.803587
    outer loop
      vertex 3.02001 -0.798441 -10.9637
      vertex 15.1862 -1.09896 -4.43455
      vertex 2.71949 -1.09896 -10.9637
    endloop
  endfacet
  facet normal 0.420862 -0.420835 -0.8036
    outer loop
      vertex 21.0598 -1.09896 -1.35839
      vertex 17.4383 -0.798441 -3.41242
      vertex 21.3603 -0.798441 -1.35839
    endloop
  endfacet
  facet normal 0.420872 -0.420801 -0.803613
    outer loop
      vertex 21.0598 -1.09896 -1.35839
      vertex 17.3959 -0.881678 -3.39104
      vertex 17.4383 -0.798441 -3.41242
    endloop
  endfacet
  facet normal 0.420849 -0.420884 -0.803581
    outer loop
      vertex 17.3959 -0.881678 -3.39104
      vertex 21.0598 -1.09896 -1.35839
      vertex 17.1786 -1.09896 -3.39104
    endloop
  endfacet
  facet normal 0.527909 -0.26906 -0.805555
    outer loop
      vertex 21.3603 -0.798441 -1.35839
      vertex 21.0908 -0.269506 -1.71167
      vertex 21.5533 -0.419765 -1.35839
    endloop
  endfacet
  facet normal 0.527931 -0.269042 -0.805546
    outer loop
      vertex 21.3603 -0.798441 -1.35839
      vertex 20.9669 -0.51263 -1.71167
      vertex 21.0908 -0.269506 -1.71167
    endloop
  endfacet
  facet normal 0.848383 0.432231 -0.305652
    outer loop
      vertex 21.8892 0.528934 -0.872139
      vertex 21.6461 1.00609 -0.872139
      vertex 22.0659 0.586329 -0.300518
    endloop
  endfacet
  facet normal 0.848376 0.432263 0.305624
    outer loop
      vertex 21.7964 1.11526 0.300518
      vertex 21.6461 1.00609 0.872139
      vertex 22.0659 0.586329 0.300518
    endloop
  endfacet
  facet normal -0.277592 -0.142969 -0.950001
    outer loop
      vertex -1.6661 -2.17631 -11.3169
      vertex -1.46946 -2.02254 -11.3975
      vertex -1.46064 -2.02704 -11.3994
    endloop
  endfacet
  facet normal -0.278461 -0.141816 -0.94992
    outer loop
      vertex -1.6661 -2.17631 -11.3169
      vertex -1.59042 -1.90158 -11.3801
      vertex -1.46946 -2.02254 -11.3975
    endloop
  endfacet
  facet normal -0.278375 -0.141844 -0.949941
    outer loop
      vertex -1.59042 -1.90158 -11.3801
      vertex -1.6661 -2.17631 -11.3169
      vertex -1.78998 -1.93319 -11.3169
    endloop
  endfacet
  facet normal 0.418934 0.418936 -0.805597
    outer loop
      vertex 2.62663 0.51263 -11.3169
      vertex 2.71949 1.09896 -10.9637
      vertex 3.02001 0.798441 -10.9637
    endloop
  endfacet
  facet normal 0.418927 0.418938 -0.805599
    outer loop
      vertex 2.71949 1.09896 -10.9637
      vertex 2.62663 0.51263 -11.3169
      vertex 2.43368 0.705575 -11.3169
    endloop
  endfacet
  facet normal 0.42086 0.420865 0.803586
    outer loop
      vertex 14.9689 0.881678 4.66215
      vertex 3.02001 0.798441 10.9637
      vertex 14.9265 0.798441 4.72795
    endloop
  endfacet
  facet normal 0.420862 0.420853 0.80359
    outer loop
      vertex 15.1862 1.09896 4.43455
      vertex 3.02001 0.798441 10.9637
      vertex 14.9689 0.881678 4.66215
    endloop
  endfacet
  facet normal 0.42086 0.420862 0.803587
    outer loop
      vertex 3.02001 0.798441 10.9637
      vertex 15.1862 1.09896 4.43455
      vertex 2.71949 1.09896 10.9637
    endloop
  endfacet
  facet normal 0.420862 0.420835 0.8036
    outer loop
      vertex 21.0598 1.09896 1.35839
      vertex 17.4383 0.798441 3.41242
      vertex 21.3603 0.798441 1.35839
    endloop
  endfacet
  facet normal 0.420872 0.420801 0.803613
    outer loop
      vertex 21.0598 1.09896 1.35839
      vertex 17.3959 0.881678 3.39104
      vertex 17.4383 0.798441 3.41242
    endloop
  endfacet
  facet normal 0.420849 0.420884 0.803581
    outer loop
      vertex 17.3959 0.881678 3.39104
      vertex 21.0598 1.09896 1.35839
      vertex 17.1786 1.09896 3.39104
    endloop
  endfacet
  facet normal -0.308289 0.0499494 0.94998
    outer loop
      vertex -1.61551 1.8765 11.3765
      vertex -1.78998 1.93319 11.3169
      vertex -1.63684 1.85516 11.3707
    endloop
  endfacet
  facet normal 0.278291 -0.142597 0.949853
    outer loop
      vertex 2.47166 -0.178905 11.4122
      vertex 2.46449 -0.224205 11.4075
      vertex 2.75051 -0.269506 11.3169
    endloop
  endfacet
  facet normal 0.0927171 -0.585289 0.805506
    outer loop
      vertex -9.86117 -18.3763 1.71167
      vertex -10.1307 -18.9052 1.35839
      vertex -9.71091 -18.8387 1.35839
    endloop
  endfacet
  facet normal -0.127143 -0.802437 0.583034
    outer loop
      vertex -10.1307 -18.9052 1.35839
      vertex -10.5504 -18.8387 1.35839
      vertex -10.1307 -19.2585 0.872139
    endloop
  endfacet
  facet normal 0.308754 0.0488955 0.949884
    outer loop
      vertex 2.47921 0.131273 11.4122
      vertex 2.79319 0 11.3169
      vertex 2.75051 0.269506 11.3169
    endloop
  endfacet
  facet normal 0.308755 0.0488982 0.949884
    outer loop
      vertex 2.79319 0 11.3169
      vertex 2.47921 0.131273 11.4122
      vertex 2.5 0 11.4122
    endloop
  endfacet
  facet normal 0.308735 0.0489366 0.949888
    outer loop
      vertex 2.75051 0.269506 11.3169
      vertex 2.47166 0.178905 11.4122
      vertex 2.47921 0.131273 11.4122
    endloop
  endfacet
  facet normal 0.221242 -0.220891 0.949873
    outer loop
      vertex 2.39638 -0.654232 11.3376
      vertex 2.62663 -0.51263 11.3169
      vertex 2.44025 -0.377222 11.3918
    endloop
  endfacet
  facet normal 0.221739 -0.221744 0.949559
    outer loop
      vertex 2.62663 -0.51263 11.3169
      vertex 2.39638 -0.654232 11.3376
      vertex 2.43368 -0.705575 11.3169
    endloop
  endfacet
  facet normal 0.418934 -0.418936 0.805597
    outer loop
      vertex 2.62663 -0.51263 11.3169
      vertex 2.71949 -1.09896 10.9637
      vertex 3.02001 -0.798441 10.9637
    endloop
  endfacet
  facet normal 0.418927 -0.418938 0.805599
    outer loop
      vertex 2.71949 -1.09896 10.9637
      vertex 2.62663 -0.51263 11.3169
      vertex 2.43368 -0.705575 11.3169
    endloop
  endfacet
  facet normal 0.148991 0.940456 0.305522
    outer loop
      vertex -10.1307 19.4442 0.300518
      vertex -10.1307 19.2585 0.872139
      vertex -9.60174 19.1747 0.872139
    endloop
  endfacet
  facet normal 0.368772 0.723933 0.583033
    outer loop
      vertex -9.60174 19.1747 0.872139
      vertex -9.71091 18.8387 1.35839
      vertex -9.33223 18.6458 1.35839
    endloop
  endfacet
  facet normal -0.156335 0.987704 0
    outer loop
      vertex -10.1307 19.4442 -0.300518
      vertex -10.717 19.3514 0.300518
      vertex -10.1307 19.4442 0.300518
    endloop
  endfacet
  facet normal -0.156335 0.987704 0
    outer loop
      vertex -10.717 19.3514 0.300518
      vertex -10.1307 19.4442 -0.300518
      vertex -10.717 19.3514 -0.300518
    endloop
  endfacet
  facet normal 0.500001 0.866025 -0
    outer loop
      vertex 21.3766 1.53503 -0.300518
      vertex -9.01541 19.0819 0.300518
      vertex 21.3766 1.53503 0.300518
    endloop
  endfacet
  facet normal 0.500001 0.866025 0
    outer loop
      vertex -9.01541 19.0819 0.300518
      vertex 21.3766 1.53503 -0.300518
      vertex -9.01541 19.0819 -0.300518
    endloop
  endfacet
  facet normal 0.148991 0.940456 -0.305522
    outer loop
      vertex -9.60174 19.1747 -0.872139
      vertex -10.1307 19.2585 -0.872139
      vertex -10.1307 19.4442 -0.300518
    endloop
  endfacet
  facet normal 0.14884 0.940438 -0.305652
    outer loop
      vertex -9.60174 19.1747 -0.872139
      vertex -10.1307 19.4442 -0.300518
      vertex -9.54435 19.3514 -0.300518
    endloop
  endfacet
  facet normal 0.087433 0.551973 -0.829266
    outer loop
      vertex -0.960526 2.53582 -11.3169
      vertex -6.86365 13.1844 -4.85142
      vertex -0.69102 2.49313 -11.3169
    endloop
  endfacet
  facet normal 0.0875678 0.55202 -0.82922
    outer loop
      vertex -0.960526 2.53582 -11.3169
      vertex -6.97649 13.0107 -4.97897
      vertex -6.86365 13.1844 -4.85142
    endloop
  endfacet
  facet normal 0.087544 0.552011 -0.829228
    outer loop
      vertex -6.97649 13.0107 -4.97897
      vertex -0.960526 2.53582 -11.3169
      vertex -6.99809 12.9932 -4.9929
    endloop
  endfacet
  facet normal 0.0875349 0.552005 -0.829233
    outer loop
      vertex -8.40307 15.4816 -3.4847
      vertex -9.86117 18.3763 -1.71167
      vertex -8.19617 15.4924 -3.45567
    endloop
  endfacet
  facet normal 0.0868578 0.551794 -0.829445
    outer loop
      vertex -8.42902 15.4716 -3.49407
      vertex -9.86117 18.3763 -1.71167
      vertex -8.40307 15.4816 -3.4847
    endloop
  endfacet
  facet normal 0.0874457 0.551973 -0.829264
    outer loop
      vertex -9.86117 18.3763 -1.71167
      vertex -8.42902 15.4716 -3.49407
      vertex -10.1307 18.419 -1.71167
    endloop
  endfacet
  facet normal 0.308754 -0.0488955 -0.949884
    outer loop
      vertex 2.47921 -0.131273 -11.4122
      vertex 2.79319 0 -11.3169
      vertex 2.75051 -0.269506 -11.3169
    endloop
  endfacet
  facet normal 0.308755 -0.0488982 -0.949884
    outer loop
      vertex 2.79319 0 -11.3169
      vertex 2.47921 -0.131273 -11.4122
      vertex 2.5 0 -11.4122
    endloop
  endfacet
  facet normal 0.308755 0.0488982 -0.949884
    outer loop
      vertex 2.47921 0.131273 -11.4122
      vertex 2.79319 0 -11.3169
      vertex 2.5 0 -11.4122
    endloop
  endfacet
  facet normal 0.308754 0.0488955 -0.949884
    outer loop
      vertex 2.79319 0 -11.3169
      vertex 2.47921 0.131273 -11.4122
      vertex 2.75051 0.269506 -11.3169
    endloop
  endfacet
  facet normal -0.141876 -0.278495 -0.949901
    outer loop
      vertex -1.13285 -2.19405 -11.4191
      vertex -1.23003 -2.49313 -11.3169
      vertex -1.17894 -2.17057 -11.4191
    endloop
  endfacet
  facet normal 0.155816 -0.269894 -0.950199
    outer loop
      vertex 2.43368 -0.705575 -11.3169
      vertex 2.38367 -0.734447 -11.3169
      vertex 2.39638 -0.654232 -11.3376
    endloop
  endfacet
  facet normal -0.141899 0.278477 -0.949903
    outer loop
      vertex -1.47316 2.36926 -11.3169
      vertex -1.17894 2.17057 -11.4191
      vertex -1.28831 2.11484 -11.4191
    endloop
  endfacet
  facet normal -0.141887 0.278493 -0.9499
    outer loop
      vertex -1.17894 2.17057 -11.4191
      vertex -1.47316 2.36926 -11.3169
      vertex -1.23003 2.49313 -11.3169
    endloop
  endfacet
  facet normal 0.0513893 -0.307609 -0.950124
    outer loop
      vertex -0.69102 -2.49313 -11.3169
      vertex -0.772542 -2.37764 -11.3587
      vertex -0.747876 -2.38155 -11.3561
    endloop
  endfacet
  facet normal 0.0489739 -0.309177 -0.949743
    outer loop
      vertex -0.960526 -2.53582 -11.3169
      vertex -0.772542 -2.37764 -11.3587
      vertex -0.69102 -2.49313 -11.3169
    endloop
  endfacet
  facet normal 0.0484391 -0.308598 -0.949958
    outer loop
      vertex -0.772542 -2.37764 -11.3587
      vertex -0.960526 -2.53582 -11.3169
      vertex -0.960526 -2.28186 -11.3994
    endloop
  endfacet
  facet normal -0.278329 -0.142088 -0.949918
    outer loop
      vertex -1.59042 -1.90158 -11.3801
      vertex -1.78998 -1.93319 -11.3169
      vertex -1.61551 -1.8765 -11.3765
    endloop
  endfacet
  facet normal 0.221242 0.220891 -0.949873
    outer loop
      vertex 2.39638 0.654232 -11.3376
      vertex 2.62663 0.51263 -11.3169
      vertex 2.44025 0.377222 -11.3918
    endloop
  endfacet
  facet normal 0.221739 0.221744 -0.949559
    outer loop
      vertex 2.62663 0.51263 -11.3169
      vertex 2.39638 0.654232 -11.3376
      vertex 2.43368 0.705575 -11.3169
    endloop
  endfacet
  facet normal -0.564968 0.162972 -0.808858
    outer loop
      vertex -9.46152 14.6245 -3.40151
      vertex -10.9601 17.8164 -1.71167
      vertex -9.2793 14.9051 -3.47225
    endloop
  endfacet
  facet normal -0.565048 0.162894 -0.808818
    outer loop
      vertex -11.4226 17.9666 -1.35839
      vertex -9.46152 14.6245 -3.40151
      vertex -9.4715 14.5872 -3.40205
    endloop
  endfacet
  facet normal -0.564926 0.163004 -0.808881
    outer loop
      vertex -9.46152 14.6245 -3.40151
      vertex -11.4226 17.9666 -1.35839
      vertex -10.9601 17.8164 -1.71167
    endloop
  endfacet
  facet normal -0.564839 0.163082 -0.808926
    outer loop
      vertex -2.25243 2.08344 -10.9637
      vertex -7.91388 12.5401 -4.90246
      vertex -1.78998 1.93319 -11.3169
    endloop
  endfacet
  facet normal -0.564965 0.162975 -0.80886
    outer loop
      vertex -2.25243 2.08344 -10.9637
      vertex -8.24799 12.5226 -4.67262
      vertex -7.91388 12.5401 -4.90246
    endloop
  endfacet
  facet normal -0.564853 0.163074 -0.808918
    outer loop
      vertex -8.24799 12.5226 -4.67262
      vertex -2.25243 2.08344 -10.9637
      vertex -8.28523 12.5326 -4.6446
    endloop
  endfacet
  facet normal -0.368791 0.723929 -0.583026
    outer loop
      vertex -10.9291 18.6458 -1.35839
      vertex -11.1368 18.9316 -0.872139
      vertex -10.6596 19.1747 -0.872139
    endloop
  endfacet
  facet normal -0.368752 0.723931 -0.583049
    outer loop
      vertex -10.5504 18.8387 -1.35839
      vertex -10.9291 18.6458 -1.35839
      vertex -10.6596 19.1747 -0.872139
    endloop
  endfacet
  facet normal -0.471881 0.240524 -0.84822
    outer loop
      vertex -10.9601 17.8164 -1.71167
      vertex -9.12032 15.0874 -3.50902
      vertex -9.20592 15.0181 -3.48105
    endloop
  endfacet
  facet normal -0.471981 0.240441 -0.848188
    outer loop
      vertex -10.9601 17.8164 -1.71167
      vertex -9.20592 15.0181 -3.48105
      vertex -9.2793 14.9051 -3.47225
    endloop
  endfacet
  facet normal -0.472037 0.240387 -0.848172
    outer loop
      vertex -9.12032 15.0874 -3.50902
      vertex -10.9601 17.8164 -1.71167
      vertex -10.8363 18.0595 -1.71167
    endloop
  endfacet
  facet normal -0.471936 0.240472 -0.848204
    outer loop
      vertex -7.91388 12.5401 -4.90246
      vertex -1.6661 2.17631 -11.3169
      vertex -1.78998 1.93319 -11.3169
    endloop
  endfacet
  facet normal -0.471857 0.240534 -0.84823
    outer loop
      vertex -1.6661 2.17631 -11.3169
      vertex -7.77933 12.5472 -4.97532
      vertex -7.6765 12.5866 -5.02135
    endloop
  endfacet
  facet normal -0.471988 0.24043 -0.848187
    outer loop
      vertex -1.6661 2.17631 -11.3169
      vertex -7.91388 12.5401 -4.90246
      vertex -7.77933 12.5472 -4.97532
    endloop
  endfacet
  facet normal -0.0765442 0.483227 -0.872143
    outer loop
      vertex -1.23003 2.49313 -11.3169
      vertex -6.99809 12.9932 -4.9929
      vertex -0.960526 2.53582 -11.3169
    endloop
  endfacet
  facet normal -0.0765247 0.483236 -0.872139
    outer loop
      vertex -6.99809 12.9932 -4.9929
      vertex -1.23003 2.49313 -11.3169
      vertex -7.19853 12.8309 -5.06524
    endloop
  endfacet
  facet normal -0.0764916 0.483249 -0.872135
    outer loop
      vertex -8.66981 15.3792 -3.52415
      vertex -10.1307 18.419 -1.71167
      vertex -8.42902 15.4716 -3.49407
    endloop
  endfacet
  facet normal -0.0765623 0.483221 -0.872144
    outer loop
      vertex -10.1307 18.419 -1.71167
      vertex -8.66981 15.3792 -3.52415
      vertex -10.4002 18.3763 -1.71167
    endloop
  endfacet
  facet normal -0.0927343 0.58529 -0.805503
    outer loop
      vertex -10.1307 18.419 -1.71167
      vertex -10.4002 18.3763 -1.71167
      vertex -10.1307 18.9052 -1.35839
    endloop
  endfacet
  facet normal -0.221136 -0.220904 -0.949895
    outer loop
      vertex -1.47316 -2.36926 -11.3169
      vertex -1.46064 -2.02704 -11.3994
      vertex -1.28831 -2.11484 -11.4191
    endloop
  endfacet
  facet normal -0.220933 -0.220922 -0.949938
    outer loop
      vertex -1.46064 -2.02704 -11.3994
      vertex -1.47316 -2.36926 -11.3169
      vertex -1.6661 -2.17631 -11.3169
    endloop
  endfacet
  facet normal -0.141876 0.278495 0.949901
    outer loop
      vertex -1.13285 2.19405 11.4191
      vertex -1.23003 2.49313 11.3169
      vertex -1.17894 2.17057 11.4191
    endloop
  endfacet
  facet normal -0.471881 -0.240524 0.84822
    outer loop
      vertex -10.9601 -17.8164 1.71167
      vertex -9.12032 -15.0874 3.50902
      vertex -9.20592 -15.0181 3.48105
    endloop
  endfacet
  facet normal -0.471981 -0.240441 0.848188
    outer loop
      vertex -10.9601 -17.8164 1.71167
      vertex -9.20592 -15.0181 3.48105
      vertex -9.2793 -14.9051 3.47225
    endloop
  endfacet
  facet normal -0.472037 -0.240387 0.848172
    outer loop
      vertex -9.12032 -15.0874 3.50902
      vertex -10.9601 -17.8164 1.71167
      vertex -10.8363 -18.0595 1.71167
    endloop
  endfacet
  facet normal -0.471936 -0.240472 0.848204
    outer loop
      vertex -7.91388 -12.5401 4.90246
      vertex -1.6661 -2.17631 11.3169
      vertex -1.78998 -1.93319 11.3169
    endloop
  endfacet
  facet normal -0.471857 -0.240534 0.84823
    outer loop
      vertex -1.6661 -2.17631 11.3169
      vertex -7.77933 -12.5472 4.97532
      vertex -7.6765 -12.5866 5.02135
    endloop
  endfacet
  facet normal -0.471988 -0.24043 0.848187
    outer loop
      vertex -1.6661 -2.17631 11.3169
      vertex -7.91388 -12.5401 4.90246
      vertex -7.77933 -12.5472 4.97532
    endloop
  endfacet
  facet normal -0.802517 0.127126 0.582928
    outer loop
      vertex -11.4226 17.9666 1.35839
      vertex -11.8423 17.5468 0.872139
      vertex -11.4891 17.5468 1.35839
    endloop
  endfacet
  facet normal -0.631802 0.100066 0.768644
    outer loop
      vertex -8.65059 12.6305 4.33154
      vertex -2.25243 2.08344 10.9637
      vertex -8.28523 12.5326 4.6446
    endloop
  endfacet
  facet normal -0.631805 0.100063 0.768642
    outer loop
      vertex -2.25243 2.08344 10.9637
      vertex -8.65059 12.6305 4.33154
      vertex -2.31891 1.66368 10.9637
    endloop
  endfacet
  facet normal -0.631781 0.10008 0.768659
    outer loop
      vertex -11.4891 17.5468 1.35839
      vertex -9.4715 14.5872 3.40205
      vertex -11.4226 17.9666 1.35839
    endloop
  endfacet
  facet normal -0.631789 0.100071 0.768654
    outer loop
      vertex -9.4715 14.5872 3.40205
      vertex -11.4891 17.5468 1.35839
      vertex -9.5694 14.2219 3.36914
    endloop
  endfacet
  facet normal 0.14884 -0.940438 0.305652
    outer loop
      vertex -9.60174 -19.1747 0.872139
      vertex -10.1307 -19.4442 0.300518
      vertex -9.54435 -19.3514 0.300518
    endloop
  endfacet
  facet normal -0.707107 -0.707107 0
    outer loop
      vertex -11.2459 -19.0819 -0.300518
      vertex -11.6657 -18.6621 0.300518
      vertex -11.6657 -18.6621 -0.300518
    endloop
  endfacet
  facet normal -0.707107 -0.707107 0
    outer loop
      vertex -11.6657 -18.6621 0.300518
      vertex -11.2459 -19.0819 -0.300518
      vertex -11.2459 -19.0819 0.300518
    endloop
  endfacet
  facet normal 0.475768 -0.824054 -0.307538
    outer loop
      vertex 21.2674 -1.38477 -0.872139
      vertex -9.01541 -19.0819 -0.300518
      vertex -9.12458 -18.9316 -0.872139
    endloop
  endfacet
  facet normal 0.475773 -0.824062 -0.307508
    outer loop
      vertex -9.01541 -19.0819 -0.300518
      vertex 21.2674 -1.38477 -0.872139
      vertex 21.3766 -1.53503 -0.300518
    endloop
  endfacet
  facet normal 0.405279 -0.701963 -0.585659
    outer loop
      vertex 21.0598 -1.09896 -1.35839
      vertex -9.12458 -18.9316 -0.872139
      vertex -9.33223 -18.6458 -1.35839
    endloop
  endfacet
  facet normal 0.405285 -0.701974 -0.585641
    outer loop
      vertex -9.12458 -18.9316 -0.872139
      vertex 21.0598 -1.09896 -1.35839
      vertex 21.2674 -1.38477 -0.872139
    endloop
  endfacet
  facet normal -0.84833 -0.432433 -0.305512
    outer loop
      vertex -11.5154 -18.5529 -0.872139
      vertex -11.9352 -18.1332 -0.300518
      vertex -11.7586 -18.0758 -0.872139
    endloop
  endfacet
  facet normal -0.84836 -0.43228 0.305646
    outer loop
      vertex -11.5154 -18.5529 0.872139
      vertex -11.9352 -18.1332 0.300518
      vertex -11.6657 -18.6621 0.300518
    endloop
  endfacet
  facet normal 0.368772 -0.723933 -0.583033
    outer loop
      vertex -9.60174 -19.1747 -0.872139
      vertex -9.71091 -18.8387 -1.35839
      vertex -9.33223 -18.6458 -1.35839
    endloop
  endfacet
  facet normal -0.940435 -0.148799 -0.30568
    outer loop
      vertex -11.7586 -18.0758 -0.872139
      vertex -12.0281 -17.5468 -0.300518
      vertex -11.8423 -17.5468 -0.872139
    endloop
  endfacet
  facet normal -0.802472 -0.12697 -0.583024
    outer loop
      vertex -11.7586 -18.0758 -0.872139
      vertex -11.8423 -17.5468 -0.872139
      vertex -11.4226 -17.9666 -1.35839
    endloop
  endfacet
  facet normal -0.809082 0 -0.587696
    outer loop
      vertex -11.4891 -17.5468 -1.35839
      vertex -11.8423 17.5468 -0.872139
      vertex -11.4891 17.5468 -1.35839
    endloop
  endfacet
  facet normal -0.809082 -0 -0.587696
    outer loop
      vertex -11.8423 17.5468 -0.872139
      vertex -11.4891 -17.5468 -1.35839
      vertex -11.8423 -17.5468 -0.872139
    endloop
  endfacet
  facet normal -0.307003 0 -0.951709
    outer loop
      vertex -1.82832 -1.66368 -11.3183
      vertex -1.83266 -1.66368 -11.3169
      vertex -1.83266 -1.65934 -11.3169
    endloop
  endfacet
  facet normal -0.307003 0 -0.951709
    outer loop
      vertex -1.82832 1.66368 -11.3183
      vertex -1.83266 1.65934 -11.3169
      vertex -1.83266 1.66368 -11.3169
    endloop
  endfacet
  facet normal 0.127117 -0.80244 -0.583036
    outer loop
      vertex -9.71091 -18.8387 -1.35839
      vertex -10.1307 -19.2585 -0.872139
      vertex -10.1307 -18.9052 -1.35839
    endloop
  endfacet
  facet normal -0.210977 -0.413753 -0.885605
    outer loop
      vertex -7.3412 -12.7153 -5.08526
      vertex -1.23003 -2.49313 -11.3169
      vertex -7.19853 -12.8309 -5.06524
    endloop
  endfacet
  facet normal -0.21084 -0.413833 -0.885601
    outer loop
      vertex -1.23003 -2.49313 -11.3169
      vertex -7.3412 -12.7153 -5.08526
      vertex -1.47316 -2.36926 -11.3169
    endloop
  endfacet
  facet normal -0.210548 -0.413994 -0.885595
    outer loop
      vertex -1.47316 -2.36926 -11.3169
      vertex -7.3412 -12.7153 -5.08526
      vertex -7.42737 -12.6823 -5.0802
    endloop
  endfacet
  facet normal -0.210899 -0.4138 -0.885602
    outer loop
      vertex -10.4002 -18.3763 -1.71167
      vertex -8.8412 -15.3134 -3.51408
      vertex -8.66981 -15.3792 -3.52415
    endloop
  endfacet
  facet normal -0.2109 -0.413799 -0.885602
    outer loop
      vertex -10.6433 -18.2524 -1.71167
      vertex -8.8412 -15.3134 -3.51408
      vertex -10.4002 -18.3763 -1.71167
    endloop
  endfacet
  facet normal -0.210861 -0.413822 -0.885601
    outer loop
      vertex -8.8412 -15.3134 -3.51408
      vertex -10.6433 -18.2524 -1.71167
      vertex -8.91293 -15.2553 -3.52415
    endloop
  endfacet
  facet normal 0.142128 -0.278961 -0.949726
    outer loop
      vertex -0.69102 -2.49313 -11.3169
      vertex -0.707685 -2.38791 -11.3503
      vertex -0.537435 -2.41488 -11.3169
    endloop
  endfacet
  facet normal 0.940409 -0.149002 -0.305661
    outer loop
      vertex 22.0659 -0.586329 -0.300518
      vertex 21.8892 -0.528934 -0.872139
      vertex 22.1588 0 -0.300518
    endloop
  endfacet
  facet normal 0.940408 -0.148991 -0.305671
    outer loop
      vertex 22.1588 0 -0.300518
      vertex 21.8892 -0.528934 -0.872139
      vertex 21.973 0 -0.872139
    endloop
  endfacet
  facet normal 0.987679 0.156491 0
    outer loop
      vertex 22.1588 0 0.300518
      vertex 22.0659 0.586329 -0.300518
      vertex 22.0659 0.586329 0.300518
    endloop
  endfacet
  facet normal 0.987679 0.156491 0
    outer loop
      vertex 22.0659 0.586329 -0.300518
      vertex 22.1588 0 0.300518
      vertex 22.1588 0 -0.300518
    endloop
  endfacet
  facet normal 0.585291 -0.0927323 0.805503
    outer loop
      vertex 21.1335 0 1.71167
      vertex 21.0908 -0.269506 1.71167
      vertex 21.6197 0 1.35839
    endloop
  endfacet
  facet normal 0.585291 0.0927323 -0.805503
    outer loop
      vertex 21.1335 0 -1.71167
      vertex 21.0908 0.269506 -1.71167
      vertex 21.6197 0 -1.35839
    endloop
  endfacet
  facet normal 0.585291 -0.0927323 -0.805503
    outer loop
      vertex 21.6197 0 -1.35839
      vertex 21.0908 -0.269506 -1.71167
      vertex 21.1335 0 -1.71167
    endloop
  endfacet
  facet normal 0.308735 -0.0489366 0.949888
    outer loop
      vertex 2.47921 -0.131273 11.4122
      vertex 2.47166 -0.178905 11.4122
      vertex 2.75051 -0.269506 11.3169
    endloop
  endfacet
  facet normal -0.278329 0.142088 0.949918
    outer loop
      vertex -1.59042 1.90158 11.3801
      vertex -1.78998 1.93319 11.3169
      vertex -1.61551 1.8765 11.3765
    endloop
  endfacet
  facet normal 0.314643 0.61758 0.720829
    outer loop
      vertex -9.33223 18.6458 1.35839
      vertex -7.4811 15.3847 3.34436
      vertex -7.43043 15.3518 3.35043
    endloop
  endfacet
  facet normal 0.314701 0.617592 0.720794
    outer loop
      vertex -9.33223 18.6458 1.35839
      vertex -7.75983 15.4594 3.40205
      vertex -7.4811 15.3847 3.34436
    endloop
  endfacet
  facet normal 0.314594 0.617577 0.720853
    outer loop
      vertex -7.75983 15.4594 3.40205
      vertex -9.33223 18.6458 1.35839
      vertex -9.71091 18.8387 1.35839
    endloop
  endfacet
  facet normal 0.314667 0.617584 0.720815
    outer loop
      vertex -0.162085 2.76264 10.9637
      vertex -6.59942 13.8576 4.26787
      vertex -0.540761 2.95558 10.9637
    endloop
  endfacet
  facet normal 0.315118 0.617678 0.720537
    outer loop
      vertex -6.59942 13.8576 4.26787
      vertex -0.162085 2.76264 10.9637
      vertex -6.60258 13.9179 4.21756
    endloop
  endfacet
  facet normal 0.314524 0.617557 0.7209
    outer loop
      vertex -0.540761 2.95558 10.9637
      vertex -6.59942 13.8576 4.26787
      vertex -6.67411 13.5788 4.53929
    endloop
  endfacet
  facet normal -0.268971 0.528042 0.805497
    outer loop
      vertex -10.5504 18.8387 1.35839
      vertex -10.9291 18.6458 1.35839
      vertex -10.4002 18.3763 1.71167
    endloop
  endfacet
  facet normal 0.142471 0.571131 -0.808401
    outer loop
      vertex -6.86365 13.1844 -4.85142
      vertex -0.540761 2.95558 -10.9637
      vertex -0.69102 2.49313 -11.3169
    endloop
  endfacet
  facet normal 0.142892 0.571274 -0.808225
    outer loop
      vertex -0.540761 2.95558 -10.9637
      vertex -6.72088 13.4043 -4.6709
      vertex -6.67411 13.5788 -4.53929
    endloop
  endfacet
  facet normal 0.142471 0.571131 -0.8084
    outer loop
      vertex -0.540761 2.95558 -10.9637
      vertex -6.86365 13.1844 -4.85142
      vertex -6.72088 13.4043 -4.6709
    endloop
  endfacet
  facet normal 0.142659 0.571202 -0.808317
    outer loop
      vertex -7.93441 15.5062 -3.39979
      vertex -9.71091 18.8387 -1.35839
      vertex -7.75983 15.4594 -3.40205
    endloop
  endfacet
  facet normal 0.142467 0.571125 -0.808406
    outer loop
      vertex -9.86117 18.3763 -1.71167
      vertex -7.93441 15.5062 -3.39979
      vertex -8.19617 15.4924 -3.45567
    endloop
  endfacet
  facet normal 0.142664 0.571204 -0.808315
    outer loop
      vertex -7.93441 15.5062 -3.39979
      vertex -9.86117 18.3763 -1.71167
      vertex -9.71091 18.8387 -1.35839
    endloop
  endfacet
  facet normal 0.314524 0.617557 -0.7209
    outer loop
      vertex -0.540761 2.95558 -10.9637
      vertex -6.67411 13.5788 -4.53929
      vertex -6.59942 13.8576 -4.26787
    endloop
  endfacet
  facet normal 0.314667 0.617584 -0.720815
    outer loop
      vertex -6.59942 13.8576 -4.26787
      vertex -0.162085 2.76264 -10.9637
      vertex -0.540761 2.95558 -10.9637
    endloop
  endfacet
  facet normal 0.315118 0.617678 -0.720537
    outer loop
      vertex -0.162085 2.76264 -10.9637
      vertex -6.59942 13.8576 -4.26787
      vertex -6.60258 13.9179 -4.21756
    endloop
  endfacet
  facet normal 0.314643 0.61758 -0.720829
    outer loop
      vertex -7.4811 15.3847 -3.34436
      vertex -9.33223 18.6458 -1.35839
      vertex -7.43043 15.3518 -3.35043
    endloop
  endfacet
  facet normal 0.314701 0.617592 -0.720794
    outer loop
      vertex -7.75983 15.4594 -3.40205
      vertex -9.33223 18.6458 -1.35839
      vertex -7.4811 15.3847 -3.34436
    endloop
  endfacet
  facet normal 0.314594 0.617577 -0.720853
    outer loop
      vertex -9.33223 18.6458 -1.35839
      vertex -7.75983 15.4594 -3.40205
      vertex -9.71091 18.8387 -1.35839
    endloop
  endfacet
  facet normal -0.585171 -0.0926771 -0.805597
    outer loop
      vertex -2.25243 -2.08344 -10.9637
      vertex -2.31891 -1.66368 -10.9637
      vertex -1.78998 -1.93319 -11.3169
    endloop
  endfacet
  facet normal 0.0927241 0.585291 -0.805504
    outer loop
      vertex -9.86117 18.3763 -1.71167
      vertex -10.1307 18.419 -1.71167
      vertex -10.1307 18.9052 -1.35839
    endloop
  endfacet
  facet normal -0.418873 0.41909 0.805548
    outer loop
      vertex -10.9291 18.6458 1.35839
      vertex -10.8363 18.0595 1.71167
      vertex -10.6433 18.2524 1.71167
    endloop
  endfacet
  facet normal -0.419033 0.419033 0.805495
    outer loop
      vertex -10.8363 18.0595 1.71167
      vertex -10.9291 18.6458 1.35839
      vertex -11.2296 18.3453 1.35839
    endloop
  endfacet
  facet normal -0.127143 0.802437 0.583034
    outer loop
      vertex -10.1307 19.2585 0.872139
      vertex -10.5504 18.8387 1.35839
      vertex -10.1307 18.9052 1.35839
    endloop
  endfacet
  facet normal -0.0927343 0.58529 0.805503
    outer loop
      vertex -10.1307 18.9052 1.35839
      vertex -10.4002 18.3763 1.71167
      vertex -10.1307 18.419 1.71167
    endloop
  endfacet
  facet normal -0.368791 0.723929 0.583026
    outer loop
      vertex -10.6596 19.1747 0.872139
      vertex -11.1368 18.9316 0.872139
      vertex -10.9291 18.6458 1.35839
    endloop
  endfacet
  facet normal -0.574481 0.574481 0.583046
    outer loop
      vertex -11.1368 18.9316 0.872139
      vertex -11.2296 18.3453 1.35839
      vertex -10.9291 18.6458 1.35839
    endloop
  endfacet
  facet normal -0.574593 0.574441 0.582976
    outer loop
      vertex -11.2296 18.3453 1.35839
      vertex -11.1368 18.9316 0.872139
      vertex -11.5154 18.5529 0.872139
    endloop
  endfacet
  facet normal -0.723862 0.368908 0.583037
    outer loop
      vertex -11.2296 18.3453 1.35839
      vertex -11.7586 18.0758 0.872139
      vertex -11.4226 17.9666 1.35839
    endloop
  endfacet
  facet normal -0.802472 0.12697 0.583024
    outer loop
      vertex -11.7586 18.0758 0.872139
      vertex -11.8423 17.5468 0.872139
      vertex -11.4226 17.9666 1.35839
    endloop
  endfacet
  facet normal -0.454007 -0.890998 0
    outer loop
      vertex -11.2459 -19.0819 -0.300518
      vertex -10.717 -19.3514 0.300518
      vertex -11.2459 -19.0819 0.300518
    endloop
  endfacet
  facet normal -0.454007 -0.890998 -0
    outer loop
      vertex -10.717 -19.3514 0.300518
      vertex -11.2459 -19.0819 -0.300518
      vertex -10.717 -19.3514 -0.300518
    endloop
  endfacet
  facet normal 0.148991 -0.940456 0.305522
    outer loop
      vertex -10.1307 -19.2585 0.872139
      vertex -10.1307 -19.4442 0.300518
      vertex -9.60174 -19.1747 0.872139
    endloop
  endfacet
  facet normal 0.432257 -0.848379 0.305624
    outer loop
      vertex -9.12458 -18.9316 0.872139
      vertex -9.54435 -19.3514 0.300518
      vertex -9.01541 -19.0819 0.300518
    endloop
  endfacet
  facet normal 0.432229 -0.848385 0.305649
    outer loop
      vertex -9.12458 -18.9316 0.872139
      vertex -9.60174 -19.1747 0.872139
      vertex -9.54435 -19.3514 0.300518
    endloop
  endfacet
  facet normal -0.156335 -0.987704 0
    outer loop
      vertex -10.717 -19.3514 -0.300518
      vertex -10.1307 -19.4442 0.300518
      vertex -10.717 -19.3514 0.300518
    endloop
  endfacet
  facet normal -0.156335 -0.987704 -0
    outer loop
      vertex -10.1307 -19.4442 0.300518
      vertex -10.717 -19.3514 -0.300518
      vertex -10.1307 -19.4442 -0.300518
    endloop
  endfacet
  facet normal -0.12714 -0.802436 0.583037
    outer loop
      vertex -10.5504 -18.8387 1.35839
      vertex -10.6596 -19.1747 0.872139
      vertex -10.1307 -19.2585 0.872139
    endloop
  endfacet
  facet normal 0.500001 -0.866025 0
    outer loop
      vertex -9.01541 -19.0819 -0.300518
      vertex 21.3766 -1.53503 0.300518
      vertex -9.01541 -19.0819 0.300518
    endloop
  endfacet
  facet normal 0.500001 -0.866025 0
    outer loop
      vertex 21.3766 -1.53503 0.300518
      vertex -9.01541 -19.0819 -0.300518
      vertex 21.3766 -1.53503 -0.300518
    endloop
  endfacet
  facet normal -0.987682 -0.156473 0
    outer loop
      vertex -11.9352 -18.1332 -0.300518
      vertex -12.0281 -17.5468 0.300518
      vertex -12.0281 -17.5468 -0.300518
    endloop
  endfacet
  facet normal -0.987682 -0.156473 0
    outer loop
      vertex -12.0281 -17.5468 0.300518
      vertex -11.9352 -18.1332 -0.300518
      vertex -11.9352 -18.1332 0.300518
    endloop
  endfacet
  facet normal -0.723859 -0.368984 -0.582991
    outer loop
      vertex -11.5154 -18.5529 -0.872139
      vertex -11.7586 -18.0758 -0.872139
      vertex -11.2296 -18.3453 -1.35839
    endloop
  endfacet
  facet normal -0.723862 -0.368908 -0.583037
    outer loop
      vertex -11.2296 -18.3453 -1.35839
      vertex -11.7586 -18.0758 -0.872139
      vertex -11.4226 -17.9666 -1.35839
    endloop
  endfacet
  facet normal -0.418873 -0.41909 -0.805548
    outer loop
      vertex -10.9291 -18.6458 -1.35839
      vertex -10.8363 -18.0595 -1.71167
      vertex -10.6433 -18.2524 -1.71167
    endloop
  endfacet
  facet normal -0.419033 -0.419033 -0.805495
    outer loop
      vertex -10.8363 -18.0595 -1.71167
      vertex -10.9291 -18.6458 -1.35839
      vertex -11.2296 -18.3453 -1.35839
    endloop
  endfacet
  facet normal -0.43229 -0.84838 -0.305577
    outer loop
      vertex -10.717 -19.3514 -0.300518
      vertex -11.2459 -19.0819 -0.300518
      vertex -11.1368 -18.9316 -0.872139
    endloop
  endfacet
  facet normal 0.940409 -0.149002 0.305661
    outer loop
      vertex 22.1588 0 0.300518
      vertex 21.8892 -0.528934 0.872139
      vertex 22.0659 -0.586329 0.300518
    endloop
  endfacet
  facet normal 0.574487 -0.574518 0.583004
    outer loop
      vertex 21.3603 -0.798441 1.35839
      vertex 21.2674 -1.38477 0.872139
      vertex 21.6461 -1.00609 0.872139
    endloop
  endfacet
  facet normal 0.574536 -0.5745 0.582974
    outer loop
      vertex 21.2674 -1.38477 0.872139
      vertex 21.3603 -0.798441 1.35839
      vertex 21.0598 -1.09896 1.35839
    endloop
  endfacet
  facet normal 0.848376 -0.432263 0.305624
    outer loop
      vertex 22.0659 -0.586329 0.300518
      vertex 21.6461 -1.00609 0.872139
      vertex 21.7964 -1.11526 0.300518
    endloop
  endfacet
  facet normal 0.72393 -0.368826 0.583003
    outer loop
      vertex 21.8892 -0.528934 0.872139
      vertex 21.3603 -0.798441 1.35839
      vertex 21.6461 -1.00609 0.872139
    endloop
  endfacet
  facet normal 0.940408 -0.148991 0.305671
    outer loop
      vertex 21.973 0 0.872139
      vertex 21.8892 -0.528934 0.872139
      vertex 22.1588 0 0.300518
    endloop
  endfacet
  facet normal 0.527931 0.269042 -0.805546
    outer loop
      vertex 21.0908 0.269506 -1.71167
      vertex 20.9669 0.51263 -1.71167
      vertex 21.3603 0.798441 -1.35839
    endloop
  endfacet
  facet normal 0.723926 0.368964 -0.582921
    outer loop
      vertex 21.5533 0.419765 -1.35839
      vertex 21.3603 0.798441 -1.35839
      vertex 21.8892 0.528934 -0.872139
    endloop
  endfacet
  facet normal 0.802519 0.127145 -0.582922
    outer loop
      vertex 21.973 0 -0.872139
      vertex 21.5533 0.419765 -1.35839
      vertex 21.8892 0.528934 -0.872139
    endloop
  endfacet
  facet normal 0.432229 0.848385 -0.305649
    outer loop
      vertex -9.12458 18.9316 -0.872139
      vertex -9.60174 19.1747 -0.872139
      vertex -9.54435 19.3514 -0.300518
    endloop
  endfacet
  facet normal 0.368823 0.723932 -0.583003
    outer loop
      vertex -9.33223 18.6458 -1.35839
      vertex -9.60174 19.1747 -0.872139
      vertex -9.12458 18.9316 -0.872139
    endloop
  endfacet
  facet normal 0.269024 0.528026 -0.80549
    outer loop
      vertex -0.69102 2.49313 -11.3169
      vertex -0.398794 2.43684 -11.2562
      vertex -0.537435 2.41488 -11.3169
    endloop
  endfacet
  facet normal 0.269014 0.527829 -0.805623
    outer loop
      vertex -0.398794 2.43684 -11.2562
      vertex -0.69102 2.49313 -11.3169
      vertex -0.162085 2.76264 -10.9637
    endloop
  endfacet
  facet normal 0.142128 0.278961 -0.949726
    outer loop
      vertex -0.537435 2.41488 -11.3169
      vertex -0.707685 2.38791 -11.3503
      vertex -0.69102 2.49313 -11.3169
    endloop
  endfacet
  facet normal -0.43229 0.84838 0.305577
    outer loop
      vertex -10.717 19.3514 0.300518
      vertex -11.2459 19.0819 0.300518
      vertex -11.1368 18.9316 0.872139
    endloop
  endfacet
  facet normal -0.673383 0.673205 0.305533
    outer loop
      vertex -11.2459 19.0819 0.300518
      vertex -11.5154 18.5529 0.872139
      vertex -11.1368 18.9316 0.872139
    endloop
  endfacet
  facet normal -0.673269 0.673269 0.305645
    outer loop
      vertex -11.5154 18.5529 0.872139
      vertex -11.2459 19.0819 0.300518
      vertex -11.6657 18.6621 0.300518
    endloop
  endfacet
  facet normal -0.12714 0.802436 0.583037
    outer loop
      vertex -10.1307 19.2585 0.872139
      vertex -10.6596 19.1747 0.872139
      vertex -10.5504 18.8387 1.35839
    endloop
  endfacet
  facet normal -0.368752 0.723931 0.583049
    outer loop
      vertex -10.6596 19.1747 0.872139
      vertex -10.9291 18.6458 1.35839
      vertex -10.5504 18.8387 1.35839
    endloop
  endfacet
  facet normal -0.368752 -0.723931 0.583049
    outer loop
      vertex -10.5504 -18.8387 1.35839
      vertex -10.9291 -18.6458 1.35839
      vertex -10.6596 -19.1747 0.872139
    endloop
  endfacet
  facet normal -0.368791 -0.723929 0.583026
    outer loop
      vertex -10.9291 -18.6458 1.35839
      vertex -11.1368 -18.9316 0.872139
      vertex -10.6596 -19.1747 0.872139
    endloop
  endfacet
  facet normal 0.156322 -0.987706 0
    outer loop
      vertex -10.1307 -19.4442 -0.300518
      vertex -9.54435 -19.3514 0.300518
      vertex -10.1307 -19.4442 0.300518
    endloop
  endfacet
  facet normal 0.156322 -0.987706 0
    outer loop
      vertex -9.54435 -19.3514 0.300518
      vertex -10.1307 -19.4442 -0.300518
      vertex -9.54435 -19.3514 -0.300518
    endloop
  endfacet
  facet normal 0.0471641 -0.309611 -0.949693
    outer loop
      vertex -0.69102 -2.49313 -11.3169
      vertex -0.747876 -2.38155 -11.3561
      vertex -0.726159 -2.38499 -11.3539
    endloop
  endfacet
  facet normal -0.33711 -0.336989 -0.879088
    outer loop
      vertex -7.6765 -12.5866 -5.02135
      vertex -1.47316 -2.36926 -11.3169
      vertex -7.42737 -12.6823 -5.0802
    endloop
  endfacet
  facet normal -0.337049 -0.337031 -0.879095
    outer loop
      vertex -1.47316 -2.36926 -11.3169
      vertex -7.6765 -12.5866 -5.02135
      vertex -1.6661 -2.17631 -11.3169
    endloop
  endfacet
  facet normal -0.336934 -0.337109 -0.879109
    outer loop
      vertex -10.8363 -18.0595 -1.71167
      vertex -8.91293 -15.2553 -3.52415
      vertex -10.6433 -18.2524 -1.71167
    endloop
  endfacet
  facet normal -0.337008 -0.337053 -0.879102
    outer loop
      vertex -8.91293 -15.2553 -3.52415
      vertex -10.8363 -18.0595 -1.71167
      vertex -9.12032 -15.0874 -3.50902
    endloop
  endfacet
  facet normal -0.308289 -0.0499494 -0.94998
    outer loop
      vertex -1.61551 -1.8765 -11.3765
      vertex -1.78998 -1.93319 -11.3169
      vertex -1.63684 -1.85516 -11.3707
    endloop
  endfacet
  facet normal -0.574481 -0.574481 -0.583046
    outer loop
      vertex -11.1368 -18.9316 -0.872139
      vertex -11.2296 -18.3453 -1.35839
      vertex -10.9291 -18.6458 -1.35839
    endloop
  endfacet
  facet normal -0.574593 -0.574441 -0.582976
    outer loop
      vertex -11.2296 -18.3453 -1.35839
      vertex -11.1368 -18.9316 -0.872139
      vertex -11.5154 -18.5529 -0.872139
    endloop
  endfacet
  facet normal -0.528091 -0.268933 -0.805478
    outer loop
      vertex -10.8363 -18.0595 -1.71167
      vertex -11.2296 -18.3453 -1.35839
      vertex -10.9601 -17.8164 -1.71167
    endloop
  endfacet
  facet normal 0.0927241 -0.585291 -0.805504
    outer loop
      vertex -9.86117 -18.3763 -1.71167
      vertex -10.1307 -18.9052 -1.35839
      vertex -10.1307 -18.419 -1.71167
    endloop
  endfacet
  facet normal 0.142892 -0.571274 -0.808225
    outer loop
      vertex -6.72088 -13.4043 -4.6709
      vertex -0.540761 -2.95558 -10.9637
      vertex -6.67411 -13.5788 -4.53929
    endloop
  endfacet
  facet normal 0.142471 -0.571131 -0.8084
    outer loop
      vertex -6.86365 -13.1844 -4.85142
      vertex -0.540761 -2.95558 -10.9637
      vertex -6.72088 -13.4043 -4.6709
    endloop
  endfacet
  facet normal 0.142471 -0.571131 -0.808401
    outer loop
      vertex -0.540761 -2.95558 -10.9637
      vertex -6.86365 -13.1844 -4.85142
      vertex -0.69102 -2.49313 -11.3169
    endloop
  endfacet
  facet normal 0.142659 -0.571202 -0.808317
    outer loop
      vertex -9.71091 -18.8387 -1.35839
      vertex -7.93441 -15.5062 -3.39979
      vertex -7.75983 -15.4594 -3.40205
    endloop
  endfacet
  facet normal 0.142664 -0.571204 -0.808315
    outer loop
      vertex -9.86117 -18.3763 -1.71167
      vertex -7.93441 -15.5062 -3.39979
      vertex -9.71091 -18.8387 -1.35839
    endloop
  endfacet
  facet normal 0.142467 -0.571125 -0.808406
    outer loop
      vertex -7.93441 -15.5062 -3.39979
      vertex -9.86117 -18.3763 -1.71167
      vertex -8.19617 -15.4924 -3.45567
    endloop
  endfacet
  facet normal 0.0927171 -0.585289 -0.805506
    outer loop
      vertex -9.71091 -18.8387 -1.35839
      vertex -10.1307 -18.9052 -1.35839
      vertex -9.86117 -18.3763 -1.71167
    endloop
  endfacet
  facet normal 0.420862 -0.420835 0.8036
    outer loop
      vertex 17.4383 -0.798441 3.41242
      vertex 21.0598 -1.09896 1.35839
      vertex 21.3603 -0.798441 1.35839
    endloop
  endfacet
  facet normal 0.420872 -0.420801 0.803613
    outer loop
      vertex 17.3959 -0.881678 3.39104
      vertex 21.0598 -1.09896 1.35839
      vertex 17.4383 -0.798441 3.41242
    endloop
  endfacet
  facet normal 0.420849 -0.420884 0.803581
    outer loop
      vertex 21.0598 -1.09896 1.35839
      vertex 17.3959 -0.881678 3.39104
      vertex 17.1786 -1.09896 3.39104
    endloop
  endfacet
  facet normal 0.42086 -0.420865 0.803586
    outer loop
      vertex 3.02001 -0.798441 10.9637
      vertex 14.9689 -0.881678 4.66215
      vertex 14.9265 -0.798441 4.72795
    endloop
  endfacet
  facet normal 0.420862 -0.420853 0.80359
    outer loop
      vertex 3.02001 -0.798441 10.9637
      vertex 15.1862 -1.09896 4.43455
      vertex 14.9689 -0.881678 4.66215
    endloop
  endfacet
  facet normal 0.42086 -0.420862 0.803587
    outer loop
      vertex 15.1862 -1.09896 4.43455
      vertex 3.02001 -0.798441 10.9637
      vertex 2.71949 -1.09896 10.9637
    endloop
  endfacet
  facet normal 0.723926 0.368964 0.582921
    outer loop
      vertex 21.8892 0.528934 0.872139
      vertex 21.3603 0.798441 1.35839
      vertex 21.5533 0.419765 1.35839
    endloop
  endfacet
  facet normal 0.527909 0.26906 0.805555
    outer loop
      vertex 21.3603 0.798441 1.35839
      vertex 21.0908 0.269506 1.71167
      vertex 21.5533 0.419765 1.35839
    endloop
  endfacet
  facet normal -0.148853 -0.940435 0.305655
    outer loop
      vertex -10.6596 -19.1747 0.872139
      vertex -10.717 -19.3514 0.300518
      vertex -10.1307 -19.4442 0.300518
    endloop
  endfacet
  facet normal -0.432199 -0.848397 0.305657
    outer loop
      vertex -10.6596 -19.1747 0.872139
      vertex -11.1368 -18.9316 0.872139
      vertex -10.717 -19.3514 0.300518
    endloop
  endfacet
  facet normal -0.585168 -0.092668 -0.8056
    outer loop
      vertex -1.78998 -1.93319 -11.3169
      vertex -2.31891 -1.66368 -10.9637
      vertex -1.83266 -1.66368 -11.3169
    endloop
  endfacet
  facet normal 0.314643 -0.61758 -0.720829
    outer loop
      vertex -9.33223 -18.6458 -1.35839
      vertex -7.4811 -15.3847 -3.34436
      vertex -7.43043 -15.3518 -3.35043
    endloop
  endfacet
  facet normal 0.314701 -0.617592 -0.720794
    outer loop
      vertex -9.33223 -18.6458 -1.35839
      vertex -7.75983 -15.4594 -3.40205
      vertex -7.4811 -15.3847 -3.34436
    endloop
  endfacet
  facet normal 0.314594 -0.617577 -0.720853
    outer loop
      vertex -7.75983 -15.4594 -3.40205
      vertex -9.33223 -18.6458 -1.35839
      vertex -9.71091 -18.8387 -1.35839
    endloop
  endfacet
  facet normal 0.314667 -0.617584 -0.720815
    outer loop
      vertex -0.162085 -2.76264 -10.9637
      vertex -6.59942 -13.8576 -4.26787
      vertex -0.540761 -2.95558 -10.9637
    endloop
  endfacet
  facet normal 0.315118 -0.617678 -0.720537
    outer loop
      vertex -6.59942 -13.8576 -4.26787
      vertex -0.162085 -2.76264 -10.9637
      vertex -6.60258 -13.9179 -4.21756
    endloop
  endfacet
  facet normal 0.314524 -0.617557 -0.7209
    outer loop
      vertex -0.540761 -2.95558 -10.9637
      vertex -6.59942 -13.8576 -4.26787
      vertex -6.67411 -13.5788 -4.53929
    endloop
  endfacet
  facet normal 0.127126 -0.802443 -0.58303
    outer loop
      vertex -9.60174 -19.1747 -0.872139
      vertex -10.1307 -19.2585 -0.872139
      vertex -9.71091 -18.8387 -1.35839
    endloop
  endfacet
  facet normal 0.148991 -0.940456 -0.305522
    outer loop
      vertex -9.60174 -19.1747 -0.872139
      vertex -10.1307 -19.4442 -0.300518
      vertex -10.1307 -19.2585 -0.872139
    endloop
  endfacet
  facet normal -0.127143 -0.802437 -0.583034
    outer loop
      vertex -10.1307 -19.2585 -0.872139
      vertex -10.5504 -18.8387 -1.35839
      vertex -10.1307 -18.9052 -1.35839
    endloop
  endfacet
  facet normal -0.148853 -0.940435 -0.305655
    outer loop
      vertex -10.1307 -19.4442 -0.300518
      vertex -10.717 -19.3514 -0.300518
      vertex -10.6596 -19.1747 -0.872139
    endloop
  endfacet
  facet normal 0.802459 0.126936 0.58305
    outer loop
      vertex 21.973 0 0.872139
      vertex 21.5533 0.419765 1.35839
      vertex 21.6197 0 1.35839
    endloop
  endfacet
  facet normal 0.585245 0.0925763 0.805554
    outer loop
      vertex 21.5533 0.419765 1.35839
      vertex 21.0908 0.269506 1.71167
      vertex 21.6197 0 1.35839
    endloop
  endfacet
  facet normal -0.0765442 -0.483227 -0.872143
    outer loop
      vertex -6.99809 -12.9932 -4.9929
      vertex -1.23003 -2.49313 -11.3169
      vertex -0.960526 -2.53582 -11.3169
    endloop
  endfacet
  facet normal -0.0765247 -0.483236 -0.872139
    outer loop
      vertex -1.23003 -2.49313 -11.3169
      vertex -6.99809 -12.9932 -4.9929
      vertex -7.19853 -12.8309 -5.06524
    endloop
  endfacet
  facet normal -0.0764916 -0.483249 -0.872135
    outer loop
      vertex -10.1307 -18.419 -1.71167
      vertex -8.66981 -15.3792 -3.52415
      vertex -8.42902 -15.4716 -3.49407
    endloop
  endfacet
  facet normal -0.0765623 -0.483221 -0.872144
    outer loop
      vertex -8.66981 -15.3792 -3.52415
      vertex -10.1307 -18.419 -1.71167
      vertex -10.4002 -18.3763 -1.71167
    endloop
  endfacet
  facet normal -0.472037 -0.240387 -0.848172
    outer loop
      vertex -10.9601 -17.8164 -1.71167
      vertex -9.12032 -15.0874 -3.50902
      vertex -10.8363 -18.0595 -1.71167
    endloop
  endfacet
  facet normal -0.471881 -0.240524 -0.84822
    outer loop
      vertex -9.12032 -15.0874 -3.50902
      vertex -10.9601 -17.8164 -1.71167
      vertex -9.20592 -15.0181 -3.48105
    endloop
  endfacet
  facet normal -0.471981 -0.240441 -0.848188
    outer loop
      vertex -9.20592 -15.0181 -3.48105
      vertex -10.9601 -17.8164 -1.71167
      vertex -9.2793 -14.9051 -3.47225
    endloop
  endfacet
  facet normal -0.471857 -0.240534 -0.84823
    outer loop
      vertex -7.77933 -12.5472 -4.97532
      vertex -1.6661 -2.17631 -11.3169
      vertex -7.6765 -12.5866 -5.02135
    endloop
  endfacet
  facet normal -0.471988 -0.24043 -0.848187
    outer loop
      vertex -7.91388 -12.5401 -4.90246
      vertex -1.6661 -2.17631 -11.3169
      vertex -7.77933 -12.5472 -4.97532
    endloop
  endfacet
  facet normal -0.471936 -0.240472 -0.848204
    outer loop
      vertex -1.6661 -2.17631 -11.3169
      vertex -7.91388 -12.5401 -4.90246
      vertex -1.78998 -1.93319 -11.3169
    endloop
  endfacet
  facet normal -0.564968 -0.162972 -0.808858
    outer loop
      vertex -10.9601 -17.8164 -1.71167
      vertex -9.46152 -14.6245 -3.40151
      vertex -9.2793 -14.9051 -3.47225
    endloop
  endfacet
  facet normal -0.564926 -0.163004 -0.808881
    outer loop
      vertex -11.4226 -17.9666 -1.35839
      vertex -9.46152 -14.6245 -3.40151
      vertex -10.9601 -17.8164 -1.71167
    endloop
  endfacet
  facet normal -0.565048 -0.162894 -0.808818
    outer loop
      vertex -9.46152 -14.6245 -3.40151
      vertex -11.4226 -17.9666 -1.35839
      vertex -9.4715 -14.5872 -3.40205
    endloop
  endfacet
  facet normal -0.564839 -0.163082 -0.808926
    outer loop
      vertex -7.91388 -12.5401 -4.90246
      vertex -2.25243 -2.08344 -10.9637
      vertex -1.78998 -1.93319 -11.3169
    endloop
  endfacet
  facet normal -0.564965 -0.162975 -0.80886
    outer loop
      vertex -8.24799 -12.5226 -4.67262
      vertex -2.25243 -2.08344 -10.9637
      vertex -7.91388 -12.5401 -4.90246
    endloop
  endfacet
  facet normal -0.564853 -0.163074 -0.808918
    outer loop
      vertex -2.25243 -2.08344 -10.9637
      vertex -8.24799 -12.5226 -4.67262
      vertex -8.28523 -12.5326 -4.6446
    endloop
  endfacet
  facet normal -0.368791 -0.723929 -0.583026
    outer loop
      vertex -10.6596 -19.1747 -0.872139
      vertex -11.1368 -18.9316 -0.872139
      vertex -10.9291 -18.6458 -1.35839
    endloop
  endfacet
  facet normal -0.368752 -0.723931 -0.583049
    outer loop
      vertex -10.6596 -19.1747 -0.872139
      vertex -10.9291 -18.6458 -1.35839
      vertex -10.5504 -18.8387 -1.35839
    endloop
  endfacet
  facet normal 0.527909 -0.26906 0.805555
    outer loop
      vertex 21.5533 -0.419765 1.35839
      vertex 21.0908 -0.269506 1.71167
      vertex 21.3603 -0.798441 1.35839
    endloop
  endfacet
  facet normal 0.723926 -0.368964 0.582921
    outer loop
      vertex 21.5533 -0.419765 1.35839
      vertex 21.3603 -0.798441 1.35839
      vertex 21.8892 -0.528934 0.872139
    endloop
  endfacet
  facet normal -0.268971 -0.528042 -0.805497
    outer loop
      vertex -10.5504 -18.8387 -1.35839
      vertex -10.9291 -18.6458 -1.35839
      vertex -10.4002 -18.3763 -1.71167
    endloop
  endfacet
  facet normal -0.0927374 -0.585291 -0.805502
    outer loop
      vertex -10.1307 -18.9052 -1.35839
      vertex -10.5504 -18.8387 -1.35839
      vertex -10.4002 -18.3763 -1.71167
    endloop
  endfacet
  facet normal -0.12714 -0.802436 -0.583037
    outer loop
      vertex -10.1307 -19.2585 -0.872139
      vertex -10.6596 -19.1747 -0.872139
      vertex -10.5504 -18.8387 -1.35839
    endloop
  endfacet
  facet normal -0.149007 -0.940454 -0.305521
    outer loop
      vertex -10.1307 -19.4442 -0.300518
      vertex -10.6596 -19.1747 -0.872139
      vertex -10.1307 -19.2585 -0.872139
    endloop
  endfacet
  facet normal -0.673356 -0.673178 -0.305651
    outer loop
      vertex -11.1368 -18.9316 -0.872139
      vertex -11.6657 -18.6621 -0.300518
      vertex -11.5154 -18.5529 -0.872139
    endloop
  endfacet
  facet normal -0.673293 -0.673293 -0.305538
    outer loop
      vertex -11.6657 -18.6621 -0.300518
      vertex -11.1368 -18.9316 -0.872139
      vertex -11.2459 -19.0819 -0.300518
    endloop
  endfacet
  facet normal -0.891005 -0.453993 0
    outer loop
      vertex 2.37764 0.772542 -11.295
      vertex 2.02254 1.46946 10.9838
      vertex 2.02254 1.46946 -10.9838
    endloop
  endfacet
  facet normal -0.891005 -0.453993 0
    outer loop
      vertex 2.02254 1.46946 10.9838
      vertex 2.37764 0.772542 -11.295
      vertex 2.37764 0.772542 11.295
    endloop
  endfacet
  facet normal -0.987658 -0.156623 0.000500898
    outer loop
      vertex 2.39638 0.654232 -11.3376
      vertex 2.37764 0.772542 -11.295
      vertex 2.38367 0.734447 -11.3169
    endloop
  endfacet
  facet normal -0.987688 -0.156436 0
    outer loop
      vertex 2.37764 0.772542 -11.295
      vertex 2.5 0 -11.4122
      vertex 2.37764 0.772542 11.295
    endloop
  endfacet
  facet normal -0.987696 -0.156389 -0.000166387
    outer loop
      vertex 2.44025 0.377222 -11.3918
      vertex 2.37764 0.772542 -11.295
      vertex 2.39638 0.654232 -11.3376
    endloop
  endfacet
  facet normal -0.987688 -0.156436 -0
    outer loop
      vertex 2.5 0 11.4122
      vertex 2.37764 0.772542 11.295
      vertex 2.5 0 -11.4122
    endloop
  endfacet
  facet normal -0.987686 -0.156449 8.68098e-05
    outer loop
      vertex 2.37764 0.772542 -11.295
      vertex 2.44025 0.377222 -11.3918
      vertex 2.5 0 -11.4122
    endloop
  endfacet
  facet normal -0.987686 -0.156449 -8.68098e-05
    outer loop
      vertex 2.44025 0.377222 11.3918
      vertex 2.37764 0.772542 11.295
      vertex 2.5 0 11.4122
    endloop
  endfacet
  facet normal -0.98769 -0.156424 -0.000386329
    outer loop
      vertex 2.5 0 -11.4122
      vertex 2.44025 0.377222 -11.3918
      vertex 2.46449 0.224205 -11.4075
    endloop
  endfacet
  facet normal -0.987658 -0.156623 -0.000500898
    outer loop
      vertex 2.37764 0.772542 11.295
      vertex 2.39638 0.654232 11.3376
      vertex 2.38367 0.734447 11.3169
    endloop
  endfacet
  facet normal -0.987667 -0.156552 0.00217748
    outer loop
      vertex 2.47921 0.131273 -11.4122
      vertex 2.46449 0.224205 -11.4075
      vertex 2.47166 0.178905 -11.4122
    endloop
  endfacet
  facet normal -0.98769 -0.156423 -0.000451885
    outer loop
      vertex 2.5 0 -11.4122
      vertex 2.46449 0.224205 -11.4075
      vertex 2.47921 0.131273 -11.4122
    endloop
  endfacet
  facet normal -0.987696 -0.156389 0.000166387
    outer loop
      vertex 2.37764 0.772542 11.295
      vertex 2.44025 0.377222 11.3918
      vertex 2.39638 0.654232 11.3376
    endloop
  endfacet
  facet normal -0.987667 -0.156552 -0.00217748
    outer loop
      vertex 2.46449 0.224205 11.4075
      vertex 2.47921 0.131273 11.4122
      vertex 2.47166 0.178905 11.4122
    endloop
  endfacet
  facet normal -0.98769 -0.156424 0.000386329
    outer loop
      vertex 2.44025 0.377222 11.3918
      vertex 2.5 0 11.4122
      vertex 2.46449 0.224205 11.4075
    endloop
  endfacet
  facet normal -0.98769 -0.156423 0.000451885
    outer loop
      vertex 2.46449 0.224205 11.4075
      vertex 2.5 0 11.4122
      vertex 2.47921 0.131273 11.4122
    endloop
  endfacet
  facet normal -0.707277 -0.706936 -0.000926959
    outer loop
      vertex 2.02254 1.46946 -10.9838
      vertex 1.46946 2.02254 -10.7805
      vertex 1.94711 1.5449 -10.9637
    endloop
  endfacet
  facet normal -0.707107 -0.707107 0
    outer loop
      vertex 1.46946 2.02254 -10.7805
      vertex 2.02254 1.46946 -10.9838
      vertex 1.46946 2.02254 10.7805
    endloop
  endfacet
  facet normal -0.707107 -0.707107 -0
    outer loop
      vertex 2.02254 1.46946 10.9838
      vertex 1.46946 2.02254 10.7805
      vertex 2.02254 1.46946 -10.9838
    endloop
  endfacet
  facet normal -0.707277 -0.706936 0.000926959
    outer loop
      vertex 1.46946 2.02254 10.7805
      vertex 2.02254 1.46946 10.9838
      vertex 1.94711 1.5449 10.9637
    endloop
  endfacet
  facet normal -0.156411 -0.987692 8.20309e-05
    outer loop
      vertex 0 2.5 11.0706
      vertex 0.772542 2.37764 10.8234
      vertex 0.403519 2.43609 10.9637
    endloop
  endfacet
  facet normal -0.156436 -0.987688 0
    outer loop
      vertex 0 2.5 11.0706
      vertex 0.772542 2.37764 -10.8234
      vertex 0.772542 2.37764 10.8234
    endloop
  endfacet
  facet normal -0.156436 -0.987688 0
    outer loop
      vertex 0 2.5 -11.0706
      vertex 0.772542 2.37764 -10.8234
      vertex 0 2.5 11.0706
    endloop
  endfacet
  facet normal -0.156411 -0.987692 -8.20309e-05
    outer loop
      vertex 0.772542 2.37764 -10.8234
      vertex 0 2.5 -11.0706
      vertex 0.403519 2.43609 -10.9637
    endloop
  endfacet
  facet normal -0.453993 -0.891005 0
    outer loop
      vertex 0.772542 2.37764 10.8234
      vertex 1.46946 2.02254 -10.7805
      vertex 1.46946 2.02254 10.7805
    endloop
  endfacet
  facet normal -0.453993 -0.891005 0
    outer loop
      vertex 1.46946 2.02254 -10.7805
      vertex 0.772542 2.37764 10.8234
      vertex 0.772542 2.37764 -10.8234
    endloop
  endfacet
  facet normal 0.454011 -0.890996 -0.000240816
    outer loop
      vertex -1.46946 2.02254 11.3975
      vertex -1.17894 2.17057 11.4191
      vertex -1.28831 2.11484 11.4191
    endloop
  endfacet
  facet normal 0.453928 -0.891036 -0.00201909
    outer loop
      vertex -1.17894 2.17057 11.4191
      vertex -1.08902 2.21639 11.4141
      vertex -1.13285 2.19405 11.4191
    endloop
  endfacet
  facet normal 0.453381 -0.891294 0.00631614
    outer loop
      vertex -1.46946 2.02254 11.3975
      vertex -1.28831 2.11484 11.4191
      vertex -1.46064 2.02704 11.3994
    endloop
  endfacet
  facet normal 0.454009 -0.890997 -0.000201774
    outer loop
      vertex -1.17894 2.17057 11.4191
      vertex -1.46946 2.02254 11.3975
      vertex -1.08902 2.21639 11.4141
    endloop
  endfacet
  facet normal 0.453997 -0.891003 0.000133221
    outer loop
      vertex -1.08902 2.21639 11.4141
      vertex -1.46946 2.02254 11.3975
      vertex -0.960526 2.28186 11.3994
    endloop
  endfacet
  facet normal 0.453997 -0.891003 9.77809e-05
    outer loop
      vertex -1.46946 2.02254 11.3975
      vertex -0.772542 2.37764 11.3587
      vertex -0.960526 2.28186 11.3994
    endloop
  endfacet
  facet normal 0.453993 -0.891005 0
    outer loop
      vertex -1.46946 2.02254 11.3975
      vertex -0.772542 2.37764 -11.3587
      vertex -0.772542 2.37764 11.3587
    endloop
  endfacet
  facet normal 0.453993 -0.891005 0
    outer loop
      vertex -1.46946 2.02254 -11.3975
      vertex -0.772542 2.37764 -11.3587
      vertex -1.46946 2.02254 11.3975
    endloop
  endfacet
  facet normal 0.453381 -0.891294 -0.00631614
    outer loop
      vertex -1.28831 2.11484 -11.4191
      vertex -1.46946 2.02254 -11.3975
      vertex -1.46064 2.02704 -11.3994
    endloop
  endfacet
  facet normal 0.453997 -0.891003 -9.77809e-05
    outer loop
      vertex -1.46946 2.02254 -11.3975
      vertex -0.960526 2.28186 -11.3994
      vertex -0.772542 2.37764 -11.3587
    endloop
  endfacet
  facet normal 0.453997 -0.891003 -0.000133221
    outer loop
      vertex -1.46946 2.02254 -11.3975
      vertex -1.08902 2.21639 -11.4141
      vertex -0.960526 2.28186 -11.3994
    endloop
  endfacet
  facet normal 0.454011 -0.890996 0.000240816
    outer loop
      vertex -1.46946 2.02254 -11.3975
      vertex -1.28831 2.11484 -11.4191
      vertex -1.17894 2.17057 -11.4191
    endloop
  endfacet
  facet normal 0.454009 -0.890997 0.000201774
    outer loop
      vertex -1.46946 2.02254 -11.3975
      vertex -1.17894 2.17057 -11.4191
      vertex -1.08902 2.21639 -11.4141
    endloop
  endfacet
  facet normal 0.453928 -0.891036 0.00201909
    outer loop
      vertex -1.08902 2.21639 -11.4141
      vertex -1.17894 2.17057 -11.4191
      vertex -1.13285 2.19405 -11.4191
    endloop
  endfacet
  facet normal 0.156806 0.987623 0.00360232
    outer loop
      vertex -0.707685 -2.38791 11.3503
      vertex -0.747876 -2.38155 11.3561
      vertex -0.726159 -2.38499 11.3539
    endloop
  endfacet
  facet normal 0.157273 0.987531 0.00694054
    outer loop
      vertex -0.747876 -2.38155 11.3561
      vertex -0.707685 -2.38791 11.3503
      vertex -0.772542 -2.37764 11.3587
    endloop
  endfacet
  facet normal 0.156478 0.987681 7.92716e-05
    outer loop
      vertex -0.398794 -2.43684 11.2562
      vertex -0.707685 -2.38791 11.3503
      vertex -0.537435 -2.41488 11.3169
    endloop
  endfacet
  facet normal 0.156359 0.9877 -0.000321628
    outer loop
      vertex -0.707685 -2.38791 11.3503
      vertex -0.398794 -2.43684 11.2562
      vertex -0.772542 -2.37764 11.3587
    endloop
  endfacet
  facet normal 0.15647 0.987683 9.29442e-05
    outer loop
      vertex 0 -2.5 11.0706
      vertex -0.772542 -2.37764 11.3587
      vertex -0.398794 -2.43684 11.2562
    endloop
  endfacet
  facet normal 0.156436 0.987688 -0
    outer loop
      vertex 0 -2.5 -11.0706
      vertex -0.772542 -2.37764 11.3587
      vertex 0 -2.5 11.0706
    endloop
  endfacet
  facet normal 0.15647 0.987683 -9.29442e-05
    outer loop
      vertex -0.772542 -2.37764 -11.3587
      vertex 0 -2.5 -11.0706
      vertex -0.398794 -2.43684 -11.2562
    endloop
  endfacet
  facet normal 0.156478 0.987681 -7.92716e-05
    outer loop
      vertex -0.707685 -2.38791 -11.3503
      vertex -0.398794 -2.43684 -11.2562
      vertex -0.537435 -2.41488 -11.3169
    endloop
  endfacet
  facet normal 0.156359 0.9877 0.000321628
    outer loop
      vertex -0.398794 -2.43684 -11.2562
      vertex -0.707685 -2.38791 -11.3503
      vertex -0.772542 -2.37764 -11.3587
    endloop
  endfacet
  facet normal 0.156806 0.987623 -0.00360232
    outer loop
      vertex -0.747876 -2.38155 -11.3561
      vertex -0.707685 -2.38791 -11.3503
      vertex -0.726159 -2.38499 -11.3539
    endloop
  endfacet
  facet normal 0.157273 0.987531 -0.00694054
    outer loop
      vertex -0.772542 -2.37764 -11.3587
      vertex -0.707685 -2.38791 -11.3503
      vertex -0.747876 -2.38155 -11.3561
    endloop
  endfacet
  facet normal 0.156436 0.987688 0
    outer loop
      vertex 0 -2.5 -11.0706
      vertex -0.772542 -2.37764 -11.3587
      vertex -0.772542 -2.37764 11.3587
    endloop
  endfacet
  facet normal -0.707277 0.706936 -0.000926959
    outer loop
      vertex 1.46946 -2.02254 -10.7805
      vertex 2.02254 -1.46946 -10.9838
      vertex 1.94711 -1.5449 -10.9637
    endloop
  endfacet
  facet normal -0.707107 0.707107 0
    outer loop
      vertex 2.02254 -1.46946 -10.9838
      vertex 1.46946 -2.02254 -10.7805
      vertex 2.02254 -1.46946 10.9838
    endloop
  endfacet
  facet normal -0.707107 0.707107 0
    outer loop
      vertex 1.46946 -2.02254 10.7805
      vertex 2.02254 -1.46946 10.9838
      vertex 1.46946 -2.02254 -10.7805
    endloop
  endfacet
  facet normal -0.707277 0.706936 0.000926959
    outer loop
      vertex 2.02254 -1.46946 10.9838
      vertex 1.46946 -2.02254 10.7805
      vertex 1.94711 -1.5449 10.9637
    endloop
  endfacet
  facet normal 0.891034 0.453936 -0.000180661
    outer loop
      vertex -2.02254 -1.46946 11.179
      vertex -2.37764 -0.772542 10.9021
      vertex -2.31891 -0.887799 10.9637
    endloop
  endfacet
  facet normal 0.891005 0.453993 0
    outer loop
      vertex -2.37764 -0.772542 10.9021
      vertex -2.02254 -1.46946 11.179
      vertex -2.37764 -0.772542 -10.9021
    endloop
  endfacet
  facet normal 0.891005 0.453993 -0
    outer loop
      vertex -2.02254 -1.46946 -11.179
      vertex -2.37764 -0.772542 -10.9021
      vertex -2.02254 -1.46946 11.179
    endloop
  endfacet
  facet normal 0.891034 0.453936 0.000180661
    outer loop
      vertex -2.37764 -0.772542 -10.9021
      vertex -2.02254 -1.46946 -11.179
      vertex -2.31891 -0.887799 -10.9637
    endloop
  endfacet
  facet normal 0.157273 -0.987531 0.00694054
    outer loop
      vertex -0.707685 2.38791 11.3503
      vertex -0.747876 2.38155 11.3561
      vertex -0.772542 2.37764 11.3587
    endloop
  endfacet
  facet normal 0.156806 -0.987623 0.00360232
    outer loop
      vertex -0.747876 2.38155 11.3561
      vertex -0.707685 2.38791 11.3503
      vertex -0.726159 2.38499 11.3539
    endloop
  endfacet
  facet normal 0.156359 -0.9877 -0.000321628
    outer loop
      vertex -0.398794 2.43684 11.2562
      vertex -0.707685 2.38791 11.3503
      vertex -0.772542 2.37764 11.3587
    endloop
  endfacet
  facet normal 0.156478 -0.987681 7.92716e-05
    outer loop
      vertex -0.707685 2.38791 11.3503
      vertex -0.398794 2.43684 11.2562
      vertex -0.537435 2.41488 11.3169
    endloop
  endfacet
  facet normal 0.15647 -0.987683 9.29442e-05
    outer loop
      vertex -0.772542 2.37764 11.3587
      vertex 0 2.5 11.0706
      vertex -0.398794 2.43684 11.2562
    endloop
  endfacet
  facet normal 0.156436 -0.987688 0
    outer loop
      vertex -0.772542 2.37764 11.3587
      vertex 0 2.5 -11.0706
      vertex 0 2.5 11.0706
    endloop
  endfacet
  facet normal 0.156436 -0.987688 0
    outer loop
      vertex -0.772542 2.37764 -11.3587
      vertex 0 2.5 -11.0706
      vertex -0.772542 2.37764 11.3587
    endloop
  endfacet
  facet normal 0.15647 -0.987683 -9.29442e-05
    outer loop
      vertex 0 2.5 -11.0706
      vertex -0.772542 2.37764 -11.3587
      vertex -0.398794 2.43684 -11.2562
    endloop
  endfacet
  facet normal 0.156359 -0.9877 0.000321628
    outer loop
      vertex -0.707685 2.38791 -11.3503
      vertex -0.398794 2.43684 -11.2562
      vertex -0.772542 2.37764 -11.3587
    endloop
  endfacet
  facet normal 0.156478 -0.987681 -7.92716e-05
    outer loop
      vertex -0.398794 2.43684 -11.2562
      vertex -0.707685 2.38791 -11.3503
      vertex -0.537435 2.41488 -11.3169
    endloop
  endfacet
  facet normal 0.156806 -0.987623 -0.00360232
    outer loop
      vertex -0.707685 2.38791 -11.3503
      vertex -0.747876 2.38155 -11.3561
      vertex -0.726159 2.38499 -11.3539
    endloop
  endfacet
  facet normal 0.157273 -0.987531 -0.00694054
    outer loop
      vertex -0.707685 2.38791 -11.3503
      vertex -0.772542 2.37764 -11.3587
      vertex -0.747876 2.38155 -11.3561
    endloop
  endfacet
  facet normal -0.453993 0.891005 0
    outer loop
      vertex 1.46946 -2.02254 -10.7805
      vertex 0.772542 -2.37764 10.8234
      vertex 1.46946 -2.02254 10.7805
    endloop
  endfacet
  facet normal -0.453993 0.891005 0
    outer loop
      vertex 0.772542 -2.37764 10.8234
      vertex 1.46946 -2.02254 -10.7805
      vertex 0.772542 -2.37764 -10.8234
    endloop
  endfacet
  facet normal -0.156411 0.987692 8.20309e-05
    outer loop
      vertex 0.772542 -2.37764 10.8234
      vertex 0 -2.5 11.0706
      vertex 0.403519 -2.43609 10.9637
    endloop
  endfacet
  facet normal -0.156436 0.987688 0
    outer loop
      vertex 0.772542 -2.37764 -10.8234
      vertex 0 -2.5 11.0706
      vertex 0.772542 -2.37764 10.8234
    endloop
  endfacet
  facet normal -0.156411 0.987692 -8.20309e-05
    outer loop
      vertex 0 -2.5 -11.0706
      vertex 0.772542 -2.37764 -10.8234
      vertex 0.403519 -2.43609 -10.9637
    endloop
  endfacet
  facet normal -0.156436 0.987688 0
    outer loop
      vertex 0.772542 -2.37764 -10.8234
      vertex 0 -2.5 -11.0706
      vertex 0 -2.5 11.0706
    endloop
  endfacet
  facet normal 0.987688 0.156436 0
    outer loop
      vertex -2.37764 -0.772542 10.9021
      vertex -2.5 0 -10.774
      vertex -2.5 0 10.774
    endloop
  endfacet
  facet normal 0.987688 0.156436 0
    outer loop
      vertex -2.5 0 -10.774
      vertex -2.37764 -0.772542 10.9021
      vertex -2.37764 -0.772542 -10.9021
    endloop
  endfacet
  facet normal 0.891034 -0.453936 -0.000180661
    outer loop
      vertex -2.37764 0.772542 10.9021
      vertex -2.02254 1.46946 11.179
      vertex -2.31891 0.887799 10.9637
    endloop
  endfacet
  facet normal 0.891005 -0.453993 0
    outer loop
      vertex -2.02254 1.46946 11.179
      vertex -2.37764 0.772542 10.9021
      vertex -2.02254 1.46946 -11.179
    endloop
  endfacet
  facet normal 0.891005 -0.453993 0
    outer loop
      vertex -2.37764 0.772542 -10.9021
      vertex -2.02254 1.46946 -11.179
      vertex -2.37764 0.772542 10.9021
    endloop
  endfacet
  facet normal 0.891034 -0.453936 0.000180661
    outer loop
      vertex -2.02254 1.46946 -11.179
      vertex -2.37764 0.772542 -10.9021
      vertex -2.31891 0.887799 -10.9637
    endloop
  endfacet
  facet normal 0.707107 -0.707107 4.67118e-15
    outer loop
      vertex -2.02254 1.46946 11.179
      vertex -1.46946 2.02254 11.3975
      vertex -1.59042 1.90158 11.3801
    endloop
  endfacet
  facet normal 0.707107 -0.707107 0
    outer loop
      vertex -1.46946 2.02254 11.3975
      vertex -2.02254 1.46946 11.179
      vertex -1.46946 2.02254 -11.3975
    endloop
  endfacet
  facet normal 0.706615 -0.707582 0.00477871
    outer loop
      vertex -1.63684 1.85516 11.3707
      vertex -1.59042 1.90158 11.3801
      vertex -1.61551 1.8765 11.3765
    endloop
  endfacet
  facet normal 0.707107 -0.707107 0
    outer loop
      vertex -2.02254 1.46946 -11.179
      vertex -1.46946 2.02254 -11.3975
      vertex -2.02254 1.46946 11.179
    endloop
  endfacet
  facet normal 0.707107 -0.707107 1.39572e-15
    outer loop
      vertex -1.59042 1.90158 11.3801
      vertex -1.63684 1.85516 11.3707
      vertex -2.02254 1.46946 11.179
    endloop
  endfacet
  facet normal 0.707107 -0.707107 -5.25508e-15
    outer loop
      vertex -1.46946 2.02254 -11.3975
      vertex -2.02254 1.46946 -11.179
      vertex -1.59042 1.90158 -11.3801
    endloop
  endfacet
  facet normal 0.707107 -0.707107 1.78462e-15
    outer loop
      vertex -2.02254 1.46946 11.179
      vertex -1.63684 1.85516 11.3707
      vertex -1.82832 1.66368 11.3183
    endloop
  endfacet
  facet normal 0.707107 -0.707107 -1.39572e-15
    outer loop
      vertex -1.63684 1.85516 -11.3707
      vertex -1.59042 1.90158 -11.3801
      vertex -2.02254 1.46946 -11.179
    endloop
  endfacet
  facet normal 0.707107 -0.707107 0
    outer loop
      vertex -2.02254 1.46946 11.179
      vertex -1.82832 1.66368 11.3183
      vertex -1.83266 1.65934 11.3169
    endloop
  endfacet
  facet normal 0.706615 -0.707582 -0.00477871
    outer loop
      vertex -1.59042 1.90158 -11.3801
      vertex -1.63684 1.85516 -11.3707
      vertex -1.61551 1.8765 -11.3765
    endloop
  endfacet
  facet normal 0.707107 -0.707107 -1.78462e-15
    outer loop
      vertex -1.63684 1.85516 -11.3707
      vertex -2.02254 1.46946 -11.179
      vertex -1.82832 1.66368 -11.3183
    endloop
  endfacet
  facet normal 0.707107 -0.707107 -2.07417e-15
    outer loop
      vertex -1.82832 1.66368 -11.3183
      vertex -2.02254 1.46946 -11.179
      vertex -1.83266 1.65934 -11.3169
    endloop
  endfacet
  facet normal -0.891005 0.453993 0
    outer loop
      vertex 2.02254 -1.46946 -10.9838
      vertex 2.37764 -0.772542 11.295
      vertex 2.37764 -0.772542 -11.295
    endloop
  endfacet
  facet normal -0.891005 0.453993 0
    outer loop
      vertex 2.37764 -0.772542 11.295
      vertex 2.02254 -1.46946 -10.9838
      vertex 2.02254 -1.46946 10.9838
    endloop
  endfacet
  facet normal -0.98769 0.156423 -9.091e-05
    outer loop
      vertex 2.37764 -0.772542 -11.295
      vertex 2.5 0 -11.4122
      vertex 2.47921 -0.131273 -11.4122
    endloop
  endfacet
  facet normal -0.987688 0.156436 0
    outer loop
      vertex 2.5 0 -11.4122
      vertex 2.37764 -0.772542 -11.295
      vertex 2.5 0 11.4122
    endloop
  endfacet
  facet normal -0.987667 0.156552 0.00217748
    outer loop
      vertex 2.46449 -0.224205 -11.4075
      vertex 2.47921 -0.131273 -11.4122
      vertex 2.47166 -0.178905 -11.4122
    endloop
  endfacet
  facet normal -0.987688 0.156436 0
    outer loop
      vertex 2.37764 -0.772542 11.295
      vertex 2.5 0 11.4122
      vertex 2.37764 -0.772542 -11.295
    endloop
  endfacet
  facet normal -0.987686 0.156447 4.71973e-05
    outer loop
      vertex 2.47921 -0.131273 -11.4122
      vertex 2.46449 -0.224205 -11.4075
      vertex 2.37764 -0.772542 -11.295
    endloop
  endfacet
  facet normal -0.98769 0.156423 9.091e-05
    outer loop
      vertex 2.5 0 11.4122
      vertex 2.37764 -0.772542 11.295
      vertex 2.47921 -0.131273 11.4122
    endloop
  endfacet
  facet normal -0.98768 0.156488 0.000248188
    outer loop
      vertex 2.37764 -0.772542 -11.295
      vertex 2.46449 -0.224205 -11.4075
      vertex 2.44025 -0.377222 -11.3918
    endloop
  endfacet
  facet normal -0.987686 0.156447 -4.71973e-05
    outer loop
      vertex 2.46449 -0.224205 11.4075
      vertex 2.47921 -0.131273 11.4122
      vertex 2.37764 -0.772542 11.295
    endloop
  endfacet
  facet normal -0.987696 0.156389 -0.000166387
    outer loop
      vertex 2.37764 -0.772542 -11.295
      vertex 2.44025 -0.377222 -11.3918
      vertex 2.39638 -0.654232 -11.3376
    endloop
  endfacet
  facet normal -0.987667 0.156552 -0.00217748
    outer loop
      vertex 2.47921 -0.131273 11.4122
      vertex 2.46449 -0.224205 11.4075
      vertex 2.47166 -0.178905 11.4122
    endloop
  endfacet
  facet normal -0.987658 0.156623 0.000500898
    outer loop
      vertex 2.37764 -0.772542 -11.295
      vertex 2.39638 -0.654232 -11.3376
      vertex 2.38367 -0.734447 -11.3169
    endloop
  endfacet
  facet normal -0.98768 0.156488 -0.000248188
    outer loop
      vertex 2.46449 -0.224205 11.4075
      vertex 2.37764 -0.772542 11.295
      vertex 2.44025 -0.377222 11.3918
    endloop
  endfacet
  facet normal -0.987696 0.156389 0.000166387
    outer loop
      vertex 2.44025 -0.377222 11.3918
      vertex 2.37764 -0.772542 11.295
      vertex 2.39638 -0.654232 11.3376
    endloop
  endfacet
  facet normal -0.987658 0.156623 -0.000500898
    outer loop
      vertex 2.39638 -0.654232 11.3376
      vertex 2.37764 -0.772542 11.295
      vertex 2.38367 -0.734447 11.3169
    endloop
  endfacet
  facet normal 0.707107 0.707107 2.07417e-15
    outer loop
      vertex -1.82832 -1.66368 11.3183
      vertex -2.02254 -1.46946 11.179
      vertex -1.83266 -1.65934 11.3169
    endloop
  endfacet
  facet normal 0.707107 0.707107 0
    outer loop
      vertex -2.02254 -1.46946 11.179
      vertex -1.46946 -2.02254 11.3975
      vertex -2.02254 -1.46946 -11.179
    endloop
  endfacet
  facet normal 0.707107 0.707107 1.78462e-15
    outer loop
      vertex -1.63684 -1.85516 11.3707
      vertex -2.02254 -1.46946 11.179
      vertex -1.82832 -1.66368 11.3183
    endloop
  endfacet
  facet normal 0.707107 0.707107 -0
    outer loop
      vertex -1.46946 -2.02254 -11.3975
      vertex -2.02254 -1.46946 -11.179
      vertex -1.46946 -2.02254 11.3975
    endloop
  endfacet
  facet normal 0.707107 0.707107 1.39572e-15
    outer loop
      vertex -1.59042 -1.90158 11.3801
      vertex -2.02254 -1.46946 11.179
      vertex -1.63684 -1.85516 11.3707
    endloop
  endfacet
  facet normal 0.707107 0.707107 -4.96313e-15
    outer loop
      vertex -1.59042 -1.90158 -11.3801
      vertex -2.02254 -1.46946 -11.179
      vertex -1.46946 -2.02254 -11.3975
    endloop
  endfacet
  facet normal 0.706615 0.707582 0.00477871
    outer loop
      vertex -1.59042 -1.90158 11.3801
      vertex -1.63684 -1.85516 11.3707
      vertex -1.61551 -1.8765 11.3765
    endloop
  endfacet
  facet normal 0.707107 0.707107 4.67118e-15
    outer loop
      vertex -2.02254 -1.46946 11.179
      vertex -1.59042 -1.90158 11.3801
      vertex -1.46946 -2.02254 11.3975
    endloop
  endfacet
  facet normal 0.707107 0.707107 0
    outer loop
      vertex -2.02254 -1.46946 -11.179
      vertex -1.82832 -1.66368 -11.3183
      vertex -1.83266 -1.65934 -11.3169
    endloop
  endfacet
  facet normal 0.706615 0.707582 -0.00477871
    outer loop
      vertex -1.63684 -1.85516 -11.3707
      vertex -1.59042 -1.90158 -11.3801
      vertex -1.61551 -1.8765 -11.3765
    endloop
  endfacet
  facet normal 0.707107 0.707107 -1.78462e-15
    outer loop
      vertex -2.02254 -1.46946 -11.179
      vertex -1.63684 -1.85516 -11.3707
      vertex -1.82832 -1.66368 -11.3183
    endloop
  endfacet
  facet normal 0.707107 0.707107 0
    outer loop
      vertex -2.02254 -1.46946 -11.179
      vertex -1.59042 -1.90158 -11.3801
      vertex -1.63684 -1.85516 -11.3707
    endloop
  endfacet
  facet normal 0.987688 -0.156436 0
    outer loop
      vertex -2.5 0 10.774
      vertex -2.37764 0.772542 -10.9021
      vertex -2.37764 0.772542 10.9021
    endloop
  endfacet
  facet normal 0.987688 -0.156436 0
    outer loop
      vertex -2.37764 0.772542 -10.9021
      vertex -2.5 0 10.774
      vertex -2.5 0 -10.774
    endloop
  endfacet
  facet normal 0.453928 0.891036 -0.00201909
    outer loop
      vertex -1.08902 -2.21639 11.4141
      vertex -1.17894 -2.17057 11.4191
      vertex -1.13285 -2.19405 11.4191
    endloop
  endfacet
  facet normal 0.454009 0.890997 -0.000201774
    outer loop
      vertex -1.46946 -2.02254 11.3975
      vertex -1.17894 -2.17057 11.4191
      vertex -1.08902 -2.21639 11.4141
    endloop
  endfacet
  facet normal 0.453997 0.891003 0.000133221
    outer loop
      vertex -1.46946 -2.02254 11.3975
      vertex -1.08902 -2.21639 11.4141
      vertex -0.960526 -2.28186 11.3994
    endloop
  endfacet
  facet normal 0.454011 0.890996 -0.000240816
    outer loop
      vertex -1.17894 -2.17057 11.4191
      vertex -1.46946 -2.02254 11.3975
      vertex -1.28831 -2.11484 11.4191
    endloop
  endfacet
  facet normal 0.453381 0.891294 0.00631614
    outer loop
      vertex -1.28831 -2.11484 11.4191
      vertex -1.46946 -2.02254 11.3975
      vertex -1.46064 -2.02704 11.3994
    endloop
  endfacet
  facet normal 0.453997 0.891003 9.77809e-05
    outer loop
      vertex -0.772542 -2.37764 11.3587
      vertex -1.46946 -2.02254 11.3975
      vertex -0.960526 -2.28186 11.3994
    endloop
  endfacet
  facet normal 0.453993 0.891005 -0
    outer loop
      vertex -0.772542 -2.37764 -11.3587
      vertex -1.46946 -2.02254 11.3975
      vertex -0.772542 -2.37764 11.3587
    endloop
  endfacet
  facet normal 0.453993 0.891005 0
    outer loop
      vertex -0.772542 -2.37764 -11.3587
      vertex -1.46946 -2.02254 -11.3975
      vertex -1.46946 -2.02254 11.3975
    endloop
  endfacet
  facet normal 0.453997 0.891003 -9.77809e-05
    outer loop
      vertex -0.960526 -2.28186 -11.3994
      vertex -1.46946 -2.02254 -11.3975
      vertex -0.772542 -2.37764 -11.3587
    endloop
  endfacet
  facet normal 0.453997 0.891003 -0.000133221
    outer loop
      vertex -1.08902 -2.21639 -11.4141
      vertex -1.46946 -2.02254 -11.3975
      vertex -0.960526 -2.28186 -11.3994
    endloop
  endfacet
  facet normal 0.454009 0.890997 0.000201774
    outer loop
      vertex -1.17894 -2.17057 -11.4191
      vertex -1.46946 -2.02254 -11.3975
      vertex -1.08902 -2.21639 -11.4141
    endloop
  endfacet
  facet normal 0.453928 0.891036 0.00201909
    outer loop
      vertex -1.17894 -2.17057 -11.4191
      vertex -1.08902 -2.21639 -11.4141
      vertex -1.13285 -2.19405 -11.4191
    endloop
  endfacet
  facet normal 0.454011 0.890996 0.000240816
    outer loop
      vertex -1.28831 -2.11484 -11.4191
      vertex -1.46946 -2.02254 -11.3975
      vertex -1.17894 -2.17057 -11.4191
    endloop
  endfacet
  facet normal 0.453381 0.891294 -0.00631614
    outer loop
      vertex -1.46946 -2.02254 -11.3975
      vertex -1.28831 -2.11484 -11.4191
      vertex -1.46064 -2.02704 -11.3994
    endloop
  endfacet
endsolid OpenSCAD_Model
