solid OpenSCAD_Model
  facet normal 0.453011 -0.891503 -0.0016552
    outer loop
      vertex 50.8533 1.21352 6.43451
      vertex 51.2715 1.42658 6.13572
      vertex 51.0903 1.33424 6.27821
    endloop
  endfacet
  facet normal 0.453951 -0.891027 0
    outer loop
      vertex 50.8533 1.21352 6.43451
      vertex 51.2715 1.42658 -6.13572
      vertex 51.2715 1.42658 6.13572
    endloop
  endfacet
  facet normal 0.453951 -0.891027 0
    outer loop
      vertex 50.8533 1.21352 -6.43451
      vertex 51.2715 1.42658 -6.13572
      vertex 50.8533 1.21352 6.43451
    endloop
  endfacet
  facet normal 0.453011 -0.891503 0.0016552
    outer loop
      vertex 51.2715 1.42658 -6.13572
      vertex 50.8533 1.21352 -6.43451
      vertex 51.0903 1.33424 -6.27821
    endloop
  endfacet
  facet normal -0.891065 -0.453876 0.000167209
    outer loop
      vertex 53.1616 0.463525 -5.382
      vertex 52.9486 0.881678 -5.42575
      vertex 53.0404 0.701453 -5.42575
    endloop
  endfacet
  facet normal -0.891058 -0.45389 0
    outer loop
      vertex 52.9486 0.881678 -5.42575
      vertex 53.1616 0.463525 -5.382
      vertex 52.9486 0.881678 5.42575
    endloop
  endfacet
  facet normal -0.891058 -0.45389 -0
    outer loop
      vertex 53.1616 0.463525 5.382
      vertex 52.9486 0.881678 5.42575
      vertex 53.1616 0.463525 -5.382
    endloop
  endfacet
  facet normal -0.891065 -0.453876 -0.000167209
    outer loop
      vertex 52.9486 0.881678 5.42575
      vertex 53.1616 0.463525 5.382
      vertex 53.0404 0.701453 5.42575
    endloop
  endfacet
  facet normal -0.987693 -0.156403 0
    outer loop
      vertex 53.235 0 -5.382
      vertex 53.1616 0.463525 5.382
      vertex 53.1616 0.463525 -5.382
    endloop
  endfacet
  facet normal -0.987693 -0.156403 0
    outer loop
      vertex 53.1616 0.463525 5.382
      vertex 53.235 0 -5.382
      vertex 53.235 0 5.382
    endloop
  endfacet
  facet normal -0.707045 -0.707169 0
    outer loop
      vertex 52.6167 1.21352 5.511
      vertex 52.9486 0.881678 -5.42575
      vertex 52.9486 0.881678 5.42575
    endloop
  endfacet
  facet normal -0.707045 -0.707169 0
    outer loop
      vertex 52.9486 0.881678 -5.42575
      vertex 52.6167 1.21352 5.511
      vertex 52.6167 1.21352 -5.511
    endloop
  endfacet
  facet normal -0.987693 0.156403 0
    outer loop
      vertex 53.1616 -0.463525 -5.382
      vertex 53.235 0 5.382
      vertex 53.235 0 -5.382
    endloop
  endfacet
  facet normal -0.987693 0.156403 0
    outer loop
      vertex 53.235 0 5.382
      vertex 53.1616 -0.463525 -5.382
      vertex 53.1616 -0.463525 5.382
    endloop
  endfacet
  facet normal -0.15642 -0.987691 0
    outer loop
      vertex 51.735 1.5 5.85514
      vertex 52.1986 1.42658 -5.6502
      vertex 52.1986 1.42658 5.6502
    endloop
  endfacet
  facet normal -0.15642 -0.987691 0
    outer loop
      vertex 52.1986 1.42658 -5.6502
      vertex 51.735 1.5 5.85514
      vertex 51.735 1.5 -5.85514
    endloop
  endfacet
  facet normal -0.454075 -0.890963 -0.000144604
    outer loop
      vertex 52.1986 1.42658 5.6502
      vertex 52.6167 1.21352 5.511
      vertex 52.3798 1.33424 5.60287
    endloop
  endfacet
  facet normal -0.454037 -0.890983 0
    outer loop
      vertex 52.1986 1.42658 5.6502
      vertex 52.6167 1.21352 -5.511
      vertex 52.6167 1.21352 5.511
    endloop
  endfacet
  facet normal -0.454037 -0.890983 0
    outer loop
      vertex 52.1986 1.42658 -5.6502
      vertex 52.6167 1.21352 -5.511
      vertex 52.1986 1.42658 5.6502
    endloop
  endfacet
  facet normal -0.454075 -0.890963 0.000144604
    outer loop
      vertex 52.6167 1.21352 -5.511
      vertex 52.1986 1.42658 -5.6502
      vertex 52.3798 1.33424 -5.60287
    endloop
  endfacet
  facet normal 0.707152 -0.707062 0
    outer loop
      vertex 50.5215 0.881678 6.69686
      vertex 50.8533 1.21352 -6.43451
      vertex 50.8533 1.21352 6.43451
    endloop
  endfacet
  facet normal 0.707152 -0.707062 0
    outer loop
      vertex 50.8533 1.21352 -6.43451
      vertex 50.5215 0.881678 6.69686
      vertex 50.5215 0.881678 -6.69686
    endloop
  endfacet
  facet normal 0.987693 -0.156403 0
    outer loop
      vertex 50.235 0 6.95317
      vertex 50.3084 0.463525 -6.87627
      vertex 50.3084 0.463525 6.87627
    endloop
  endfacet
  facet normal 0.987693 -0.156403 0
    outer loop
      vertex 50.3084 0.463525 -6.87627
      vertex 50.235 0 6.95317
      vertex 50.235 0 -6.95317
    endloop
  endfacet
  facet normal 0.156453 0.987685 -0
    outer loop
      vertex 51.735 -1.5 -5.85514
      vertex 51.2715 -1.42658 6.13572
      vertex 51.735 -1.5 5.85514
    endloop
  endfacet
  facet normal 0.156453 0.987685 0
    outer loop
      vertex 51.2715 -1.42658 6.13572
      vertex 51.735 -1.5 -5.85514
      vertex 51.2715 -1.42658 -6.13572
    endloop
  endfacet
  facet normal -0.454075 0.890963 -0.000144604
    outer loop
      vertex 52.6167 -1.21352 5.511
      vertex 52.1986 -1.42658 5.6502
      vertex 52.3798 -1.33424 5.60287
    endloop
  endfacet
  facet normal -0.454037 0.890983 0
    outer loop
      vertex 52.6167 -1.21352 -5.511
      vertex 52.1986 -1.42658 5.6502
      vertex 52.6167 -1.21352 5.511
    endloop
  endfacet
  facet normal -0.454075 0.890963 0.000144604
    outer loop
      vertex 52.1986 -1.42658 -5.6502
      vertex 52.6167 -1.21352 -5.511
      vertex 52.3798 -1.33424 -5.60287
    endloop
  endfacet
  facet normal -0.454037 0.890983 0
    outer loop
      vertex 52.6167 -1.21352 -5.511
      vertex 52.1986 -1.42658 -5.6502
      vertex 52.1986 -1.42658 5.6502
    endloop
  endfacet
  facet normal -0.15642 0.987691 0
    outer loop
      vertex 52.1986 -1.42658 -5.6502
      vertex 51.735 -1.5 5.85514
      vertex 52.1986 -1.42658 5.6502
    endloop
  endfacet
  facet normal -0.15642 0.987691 0
    outer loop
      vertex 51.735 -1.5 5.85514
      vertex 52.1986 -1.42658 -5.6502
      vertex 51.735 -1.5 -5.85514
    endloop
  endfacet
  facet normal -0.891065 0.453876 0.000167209
    outer loop
      vertex 52.9486 -0.881678 -5.42575
      vertex 53.1616 -0.463525 -5.382
      vertex 53.0404 -0.701453 -5.42575
    endloop
  endfacet
  facet normal -0.891058 0.45389 0
    outer loop
      vertex 53.1616 -0.463525 -5.382
      vertex 52.9486 -0.881678 -5.42575
      vertex 53.1616 -0.463525 5.382
    endloop
  endfacet
  facet normal -0.891058 0.45389 0
    outer loop
      vertex 52.9486 -0.881678 5.42575
      vertex 53.1616 -0.463525 5.382
      vertex 52.9486 -0.881678 -5.42575
    endloop
  endfacet
  facet normal -0.891065 0.453876 -0.000167209
    outer loop
      vertex 53.1616 -0.463525 5.382
      vertex 52.9486 -0.881678 5.42575
      vertex 53.0404 -0.701453 5.42575
    endloop
  endfacet
  facet normal 0.890587 -0.454808 -0.00220187
    outer loop
      vertex 50.3084 0.463525 6.87627
      vertex 50.5215 0.881678 6.69686
      vertex 50.4297 0.701453 6.79305
    endloop
  endfacet
  facet normal 0.890972 -0.454059 0
    outer loop
      vertex 50.5215 0.881678 6.69686
      vertex 50.3084 0.463525 6.87627
      vertex 50.5215 0.881678 -6.69686
    endloop
  endfacet
  facet normal 0.890972 -0.454059 0
    outer loop
      vertex 50.3084 0.463525 -6.87627
      vertex 50.5215 0.881678 -6.69686
      vertex 50.3084 0.463525 6.87627
    endloop
  endfacet
  facet normal 0.890587 -0.454808 0.00220187
    outer loop
      vertex 50.5215 0.881678 -6.69686
      vertex 50.3084 0.463525 -6.87627
      vertex 50.4297 0.701453 -6.79305
    endloop
  endfacet
  facet normal 0.890587 0.454808 -0.00220187
    outer loop
      vertex 50.5215 -0.881678 6.69686
      vertex 50.3084 -0.463525 6.87627
      vertex 50.4297 -0.701453 6.79305
    endloop
  endfacet
  facet normal 0.890972 0.454059 0
    outer loop
      vertex 50.3084 -0.463525 6.87627
      vertex 50.5215 -0.881678 6.69686
      vertex 50.3084 -0.463525 -6.87627
    endloop
  endfacet
  facet normal 0.890972 0.454059 -0
    outer loop
      vertex 50.5215 -0.881678 -6.69686
      vertex 50.3084 -0.463525 -6.87627
      vertex 50.5215 -0.881678 6.69686
    endloop
  endfacet
  facet normal 0.890587 0.454808 0.00220187
    outer loop
      vertex 50.3084 -0.463525 -6.87627
      vertex 50.5215 -0.881678 -6.69686
      vertex 50.4297 -0.701453 -6.79305
    endloop
  endfacet
  facet normal 0.156453 -0.987685 0
    outer loop
      vertex 51.2715 1.42658 6.13572
      vertex 51.735 1.5 -5.85514
      vertex 51.735 1.5 5.85514
    endloop
  endfacet
  facet normal 0.156453 -0.987685 0
    outer loop
      vertex 51.735 1.5 -5.85514
      vertex 51.2715 1.42658 6.13572
      vertex 51.2715 1.42658 -6.13572
    endloop
  endfacet
  facet normal -0.707045 0.707169 0
    outer loop
      vertex 52.9486 -0.881678 -5.42575
      vertex 52.6167 -1.21352 5.511
      vertex 52.9486 -0.881678 5.42575
    endloop
  endfacet
  facet normal -0.707045 0.707169 0
    outer loop
      vertex 52.6167 -1.21352 5.511
      vertex 52.9486 -0.881678 -5.42575
      vertex 52.6167 -1.21352 -5.511
    endloop
  endfacet
  facet normal 0.453011 0.891503 -0.0016552
    outer loop
      vertex 51.2715 -1.42658 6.13572
      vertex 50.8533 -1.21352 6.43451
      vertex 51.0903 -1.33424 6.27821
    endloop
  endfacet
  facet normal 0.453951 0.891027 -0
    outer loop
      vertex 51.2715 -1.42658 -6.13572
      vertex 50.8533 -1.21352 6.43451
      vertex 51.2715 -1.42658 6.13572
    endloop
  endfacet
  facet normal 0.453011 0.891503 0.0016552
    outer loop
      vertex 50.8533 -1.21352 -6.43451
      vertex 51.2715 -1.42658 -6.13572
      vertex 51.0903 -1.33424 -6.27821
    endloop
  endfacet
  facet normal 0.453951 0.891027 0
    outer loop
      vertex 51.2715 -1.42658 -6.13572
      vertex 50.8533 -1.21352 -6.43451
      vertex 50.8533 -1.21352 6.43451
    endloop
  endfacet
  facet normal 0.987693 0.156403 0
    outer loop
      vertex 50.3084 -0.463525 6.87627
      vertex 50.235 0 -6.95317
      vertex 50.235 0 6.95317
    endloop
  endfacet
  facet normal 0.987693 0.156403 0
    outer loop
      vertex 50.235 0 -6.95317
      vertex 50.3084 -0.463525 6.87627
      vertex 50.3084 -0.463525 -6.87627
    endloop
  endfacet
  facet normal 0.707152 0.707062 -0
    outer loop
      vertex 50.8533 -1.21352 -6.43451
      vertex 50.5215 -0.881678 6.69686
      vertex 50.8533 -1.21352 6.43451
    endloop
  endfacet
  facet normal 0.707152 0.707062 0
    outer loop
      vertex 50.5215 -0.881678 6.69686
      vertex 50.8533 -1.21352 -6.43451
      vertex 50.5215 -0.881678 -6.69686
    endloop
  endfacet
  facet normal -0.052201 0.998637 0
    outer loop
      vertex -25.5556 43.3366 6.87646
      vertex -26.0243 43.3121 -6.7062
      vertex -26.0243 43.3121 6.7062
    endloop
  endfacet
  facet normal -0.052201 0.998637 0
    outer loop
      vertex -26.0243 43.3121 -6.7062
      vertex -25.5556 43.3366 6.87646
      vertex -25.5556 43.3366 -6.87646
    endloop
  endfacet
  facet normal 0.838614 -0.544726 0
    outer loop
      vertex -27.2378 45.414 5.43509
      vertex -26.9822 45.8075 -5.38219
      vertex -26.9822 45.8075 5.38219
    endloop
  endfacet
  facet normal 0.838614 -0.544726 0
    outer loop
      vertex -26.9822 45.8075 -5.38219
      vertex -27.2378 45.414 5.43509
      vertex -27.2378 45.414 -5.43509
    endloop
  endfacet
  facet normal 0.629433 -0.777054 0.000936373
    outer loop
      vertex -26.9822 45.8075 5.38219
      vertex -26.6175 46.1029 5.36897
      vertex -26.8042 45.9517 5.39517
    endloop
  endfacet
  facet normal 0.629413 -0.777071 0
    outer loop
      vertex -26.9822 45.8075 5.38219
      vertex -26.6175 46.1029 -5.36897
      vertex -26.6175 46.1029 5.36897
    endloop
  endfacet
  facet normal 0.629413 -0.777071 0
    outer loop
      vertex -26.9822 45.8075 -5.38219
      vertex -26.6175 46.1029 -5.36897
      vertex -26.9822 45.8075 5.38219
    endloop
  endfacet
  facet normal 0.629433 -0.777054 -0.000936373
    outer loop
      vertex -26.6175 46.1029 -5.36897
      vertex -26.9822 45.8075 -5.38219
      vertex -26.8042 45.9517 -5.39517
    endloop
  endfacet
  facet normal 0.966161 -0.257846 0.0069469
    outer loop
      vertex -27.3593 44.9606 5.50433
      vertex -27.2378 45.414 5.43509
      vertex -27.2531 45.3571 5.45104
    endloop
  endfacet
  facet normal 0.96592 -0.258843 0
    outer loop
      vertex -27.2378 45.414 5.43509
      vertex -27.3593 44.9606 5.50433
      vertex -27.2378 45.414 -5.43509
    endloop
  endfacet
  facet normal 0.96592 -0.258843 0
    outer loop
      vertex -27.3593 44.9606 -5.50433
      vertex -27.2378 45.414 -5.43509
      vertex -27.3593 44.9606 5.50433
    endloop
  endfacet
  facet normal 0.966161 -0.257846 -0.0069469
    outer loop
      vertex -27.2378 45.414 -5.43509
      vertex -27.3593 44.9606 -5.50433
      vertex -27.2531 45.3571 -5.45104
    endloop
  endfacet
  facet normal 0.257794 0.966199 0.00157595
    outer loop
      vertex -26.0243 43.3121 6.7062
      vertex -26.4776 43.4335 6.42784
      vertex -26.0811 43.3273 6.67857
    endloop
  endfacet
  facet normal 0.258697 0.965959 0
    outer loop
      vertex -26.0243 43.3121 6.7062
      vertex -26.4776 43.4335 -6.42784
      vertex -26.4776 43.4335 6.42784
    endloop
  endfacet
  facet normal 0.258697 0.965959 -0
    outer loop
      vertex -26.0243 43.3121 -6.7062
      vertex -26.4776 43.4335 -6.42784
      vertex -26.0243 43.3121 6.7062
    endloop
  endfacet
  facet normal 0.257794 0.966199 -0.00157595
    outer loop
      vertex -26.4776 43.4335 -6.42784
      vertex -26.0243 43.3121 -6.7062
      vertex -26.0811 43.3273 -6.67857
    endloop
  endfacet
  facet normal -0.629413 0.777071 0
    outer loop
      vertex -24.7528 43.8002 -6.88898
      vertex -25.1175 43.5048 6.94015
      vertex -24.7528 43.8002 6.88898
    endloop
  endfacet
  facet normal -0.629413 0.777071 0
    outer loop
      vertex -25.1175 43.5048 6.94015
      vertex -24.7528 43.8002 -6.88898
      vertex -25.1175 43.5048 -6.94015
    endloop
  endfacet
  facet normal -0.544629 -0.838677 0
    outer loop
      vertex -25.2574 46.1742 -5.51324
      vertex -24.8638 45.9186 5.64188
      vertex -25.2574 46.1742 5.51324
    endloop
  endfacet
  facet normal -0.544629 -0.838677 -0
    outer loop
      vertex -24.8638 45.9186 5.64188
      vertex -25.2574 46.1742 -5.51324
      vertex -24.8638 45.9186 -5.64188
    endloop
  endfacet
  facet normal 0.777175 0.629284 0
    outer loop
      vertex -26.8712 43.6891 6.13638
      vertex -27.1665 44.0538 -5.86866
      vertex -27.1665 44.0538 5.86866
    endloop
  endfacet
  facet normal 0.777175 0.629284 0
    outer loop
      vertex -27.1665 44.0538 -5.86866
      vertex -26.8712 43.6891 6.13638
      vertex -26.8712 43.6891 -6.13638
    endloop
  endfacet
  facet normal 0.0520541 -0.998641 0.00237962
    outer loop
      vertex -26.1794 46.2711 5.3947
      vertex -25.7107 46.2956 5.42368
      vertex -26.1699 46.2716 5.39672
    endloop
  endfacet
  facet normal 0.052201 -0.998637 0
    outer loop
      vertex -26.1794 46.2711 -5.3947
      vertex -25.7107 46.2956 5.42368
      vertex -26.1794 46.2711 5.3947
    endloop
  endfacet
  facet normal 0.0520541 -0.998641 -0.00237962
    outer loop
      vertex -25.7107 46.2956 -5.42368
      vertex -26.1794 46.2711 -5.3947
      vertex -26.1699 46.2716 -5.39672
    endloop
  endfacet
  facet normal 0.052201 -0.998637 0
    outer loop
      vertex -26.1794 46.2711 -5.3947
      vertex -25.7107 46.2956 -5.42368
      vertex -25.7107 46.2956 5.42368
    endloop
  endfacet
  facet normal -0.966388 0.257068 0.00333912
    outer loop
      vertex -24.4972 44.1937 -6.69479
      vertex -24.3757 44.6471 -6.43676
      vertex -24.4045 44.5398 -6.51121
    endloop
  endfacet
  facet normal -0.96592 0.258843 0
    outer loop
      vertex -24.3757 44.6471 -6.43676
      vertex -24.4972 44.1937 -6.69479
      vertex -24.3757 44.6471 6.43676
    endloop
  endfacet
  facet normal -0.96592 0.258843 0
    outer loop
      vertex -24.4972 44.1937 6.69479
      vertex -24.3757 44.6471 6.43676
      vertex -24.4972 44.1937 -6.69479
    endloop
  endfacet
  facet normal -0.966388 0.257068 -0.00333912
    outer loop
      vertex -24.3757 44.6471 6.43676
      vertex -24.4972 44.1937 6.69479
      vertex -24.4045 44.5398 6.51121
    endloop
  endfacet
  facet normal -0.358327 0.933596 -0.000750965
    outer loop
      vertex -25.1175 43.5048 6.94015
      vertex -25.5556 43.3366 6.87646
      vertex -25.3418 43.4187 6.92698
    endloop
  endfacet
  facet normal -0.358422 0.93356 0
    outer loop
      vertex -25.1175 43.5048 6.94015
      vertex -25.5556 43.3366 -6.87646
      vertex -25.5556 43.3366 6.87646
    endloop
  endfacet
  facet normal -0.358422 0.93356 0
    outer loop
      vertex -25.1175 43.5048 -6.94015
      vertex -25.5556 43.3366 -6.87646
      vertex -25.1175 43.5048 6.94015
    endloop
  endfacet
  facet normal -0.358327 0.933596 0.000750965
    outer loop
      vertex -25.5556 43.3366 -6.87646
      vertex -25.1175 43.5048 -6.94015
      vertex -25.3418 43.4187 -6.92698
    endloop
  endfacet
  facet normal 0.544629 0.838677 0
    outer loop
      vertex -26.4776 43.4335 6.42784
      vertex -26.8712 43.6891 -6.13638
      vertex -26.8712 43.6891 6.13638
    endloop
  endfacet
  facet normal 0.544629 0.838677 0
    outer loop
      vertex -26.8712 43.6891 -6.13638
      vertex -26.4776 43.4335 6.42784
      vertex -26.4776 43.4335 -6.42784
    endloop
  endfacet
  facet normal -0.93356 -0.358422 0
    outer loop
      vertex -24.4003 45.1157 -6.1274
      vertex -24.5685 45.5538 5.8535
      vertex -24.5685 45.5538 -5.8535
    endloop
  endfacet
  facet normal -0.93356 -0.358422 0
    outer loop
      vertex -24.5685 45.5538 5.8535
      vertex -24.4003 45.1157 -6.1274
      vertex -24.4003 45.1157 6.1274
    endloop
  endfacet
  facet normal 0.998625 0.0524246 0
    outer loop
      vertex -27.3347 44.492 5.65086
      vertex -27.3593 44.9606 -5.50433
      vertex -27.3593 44.9606 5.50433
    endloop
  endfacet
  facet normal 0.998625 0.0524246 0
    outer loop
      vertex -27.3593 44.9606 -5.50433
      vertex -27.3347 44.492 5.65086
      vertex -27.3347 44.492 -5.65086
    endloop
  endfacet
  facet normal 0.358422 -0.93356 0
    outer loop
      vertex -26.6175 46.1029 -5.36897
      vertex -26.1794 46.2711 5.3947
      vertex -26.6175 46.1029 5.36897
    endloop
  endfacet
  facet normal 0.358422 -0.93356 0
    outer loop
      vertex -26.1794 46.2711 5.3947
      vertex -26.6175 46.1029 -5.36897
      vertex -26.1794 46.2711 -5.3947
    endloop
  endfacet
  facet normal 0.933587 0.358351 0
    outer loop
      vertex -27.1665 44.0538 5.86866
      vertex -27.3347 44.492 -5.65086
      vertex -27.3347 44.492 5.65086
    endloop
  endfacet
  facet normal 0.933587 0.358351 0
    outer loop
      vertex -27.3347 44.492 -5.65086
      vertex -27.1665 44.0538 5.86866
      vertex -27.1665 44.0538 -5.86866
    endloop
  endfacet
  facet normal -0.77726 -0.62918 0
    outer loop
      vertex -24.5685 45.5538 -5.8535
      vertex -24.8638 45.9186 5.64188
      vertex -24.8638 45.9186 -5.64188
    endloop
  endfacet
  facet normal -0.77726 -0.62918 0
    outer loop
      vertex -24.8638 45.9186 5.64188
      vertex -24.5685 45.5538 -5.8535
      vertex -24.5685 45.5538 5.8535
    endloop
  endfacet
  facet normal -0.998625 -0.0524246 0
    outer loop
      vertex -24.3757 44.6471 -6.43676
      vertex -24.4003 45.1157 6.1274
      vertex -24.4003 45.1157 -6.1274
    endloop
  endfacet
  facet normal -0.998625 -0.0524246 0
    outer loop
      vertex -24.4003 45.1157 6.1274
      vertex -24.3757 44.6471 -6.43676
      vertex -24.3757 44.6471 6.43676
    endloop
  endfacet
  facet normal -0.828803 0.558107 -0.0400281
    outer loop
      vertex -24.7528 43.8002 -6.88898
      vertex -24.4972 44.1937 -6.69479
      vertex -24.7476 43.8081 -6.8865
    endloop
  endfacet
  facet normal -0.838614 0.544726 0
    outer loop
      vertex -24.4972 44.1937 -6.69479
      vertex -24.7528 43.8002 -6.88898
      vertex -24.4972 44.1937 6.69479
    endloop
  endfacet
  facet normal -0.838614 0.544726 0
    outer loop
      vertex -24.7528 43.8002 6.88898
      vertex -24.4972 44.1937 6.69479
      vertex -24.7528 43.8002 -6.88898
    endloop
  endfacet
  facet normal -0.828803 0.558107 0.0400281
    outer loop
      vertex -24.4972 44.1937 6.69479
      vertex -24.7528 43.8002 6.88898
      vertex -24.7476 43.8081 6.8865
    endloop
  endfacet
  facet normal -0.258211 -0.966085 -0.00262986
    outer loop
      vertex -25.7107 46.2956 5.42368
      vertex -25.2574 46.1742 5.51324
      vertex -25.3647 46.2029 5.50542
    endloop
  endfacet
  facet normal -0.258697 -0.965959 0
    outer loop
      vertex -25.7107 46.2956 -5.42368
      vertex -25.2574 46.1742 5.51324
      vertex -25.7107 46.2956 5.42368
    endloop
  endfacet
  facet normal -0.258211 -0.966085 0.00262986
    outer loop
      vertex -25.2574 46.1742 -5.51324
      vertex -25.7107 46.2956 -5.42368
      vertex -25.3647 46.2029 -5.50542
    endloop
  endfacet
  facet normal -0.258697 -0.965959 0
    outer loop
      vertex -25.7107 46.2956 -5.42368
      vertex -25.2574 46.1742 -5.51324
      vertex -25.2574 46.1742 5.51324
    endloop
  endfacet
  facet normal 0.0520541 0.998641 0.00237962
    outer loop
      vertex -25.7107 -46.2956 5.42368
      vertex -26.1794 -46.2711 5.3947
      vertex -26.1699 -46.2716 5.39672
    endloop
  endfacet
  facet normal 0.052201 0.998637 0
    outer loop
      vertex -25.7107 -46.2956 5.42368
      vertex -26.1794 -46.2711 -5.3947
      vertex -26.1794 -46.2711 5.3947
    endloop
  endfacet
  facet normal 0.052201 0.998637 -0
    outer loop
      vertex -25.7107 -46.2956 -5.42368
      vertex -26.1794 -46.2711 -5.3947
      vertex -25.7107 -46.2956 5.42368
    endloop
  endfacet
  facet normal 0.0520541 0.998641 -0.00237962
    outer loop
      vertex -26.1794 -46.2711 -5.3947
      vertex -25.7107 -46.2956 -5.42368
      vertex -26.1699 -46.2716 -5.39672
    endloop
  endfacet
  facet normal -0.258211 0.966085 -0.00262986
    outer loop
      vertex -25.2574 -46.1742 5.51324
      vertex -25.7107 -46.2956 5.42368
      vertex -25.3647 -46.2029 5.50542
    endloop
  endfacet
  facet normal -0.258697 0.965959 0
    outer loop
      vertex -25.2574 -46.1742 5.51324
      vertex -25.7107 -46.2956 -5.42368
      vertex -25.7107 -46.2956 5.42368
    endloop
  endfacet
  facet normal -0.258697 0.965959 0
    outer loop
      vertex -25.2574 -46.1742 -5.51324
      vertex -25.7107 -46.2956 -5.42368
      vertex -25.2574 -46.1742 5.51324
    endloop
  endfacet
  facet normal -0.258211 0.966085 0.00262986
    outer loop
      vertex -25.7107 -46.2956 -5.42368
      vertex -25.2574 -46.1742 -5.51324
      vertex -25.3647 -46.2029 -5.50542
    endloop
  endfacet
  facet normal 0.966161 0.257846 0.0069469
    outer loop
      vertex -27.2378 -45.414 5.43509
      vertex -27.3593 -44.9606 5.50433
      vertex -27.2531 -45.3571 5.45104
    endloop
  endfacet
  facet normal 0.96592 0.258843 0
    outer loop
      vertex -27.3593 -44.9606 5.50433
      vertex -27.2378 -45.414 5.43509
      vertex -27.3593 -44.9606 -5.50433
    endloop
  endfacet
  facet normal 0.96592 0.258843 -0
    outer loop
      vertex -27.2378 -45.414 -5.43509
      vertex -27.3593 -44.9606 -5.50433
      vertex -27.2378 -45.414 5.43509
    endloop
  endfacet
  facet normal 0.966161 0.257846 -0.0069469
    outer loop
      vertex -27.3593 -44.9606 -5.50433
      vertex -27.2378 -45.414 -5.43509
      vertex -27.2531 -45.3571 -5.45104
    endloop
  endfacet
  facet normal 0.998625 -0.0524246 0
    outer loop
      vertex -27.3593 -44.9606 5.50433
      vertex -27.3347 -44.492 -5.65086
      vertex -27.3347 -44.492 5.65086
    endloop
  endfacet
  facet normal 0.998625 -0.0524246 0
    outer loop
      vertex -27.3347 -44.492 -5.65086
      vertex -27.3593 -44.9606 5.50433
      vertex -27.3593 -44.9606 -5.50433
    endloop
  endfacet
  facet normal -0.966388 -0.257068 0.00333912
    outer loop
      vertex -24.3757 -44.6471 -6.43676
      vertex -24.4972 -44.1937 -6.69479
      vertex -24.4045 -44.5398 -6.51121
    endloop
  endfacet
  facet normal -0.96592 -0.258843 0
    outer loop
      vertex -24.4972 -44.1937 -6.69479
      vertex -24.3757 -44.6471 -6.43676
      vertex -24.4972 -44.1937 6.69479
    endloop
  endfacet
  facet normal -0.96592 -0.258843 -0
    outer loop
      vertex -24.3757 -44.6471 6.43676
      vertex -24.4972 -44.1937 6.69479
      vertex -24.3757 -44.6471 -6.43676
    endloop
  endfacet
  facet normal -0.966388 -0.257068 -0.00333912
    outer loop
      vertex -24.4972 -44.1937 6.69479
      vertex -24.3757 -44.6471 6.43676
      vertex -24.4045 -44.5398 6.51121
    endloop
  endfacet
  facet normal 0.358422 0.93356 0
    outer loop
      vertex -26.1794 -46.2711 5.3947
      vertex -26.6175 -46.1029 -5.36897
      vertex -26.6175 -46.1029 5.36897
    endloop
  endfacet
  facet normal 0.358422 0.93356 0
    outer loop
      vertex -26.6175 -46.1029 -5.36897
      vertex -26.1794 -46.2711 5.3947
      vertex -26.1794 -46.2711 -5.3947
    endloop
  endfacet
  facet normal 0.777175 -0.629284 0
    outer loop
      vertex -27.1665 -44.0538 5.86866
      vertex -26.8712 -43.6891 -6.13638
      vertex -26.8712 -43.6891 6.13638
    endloop
  endfacet
  facet normal 0.777175 -0.629284 0
    outer loop
      vertex -26.8712 -43.6891 -6.13638
      vertex -27.1665 -44.0538 5.86866
      vertex -27.1665 -44.0538 -5.86866
    endloop
  endfacet
  facet normal 0.629433 0.777054 0.000936373
    outer loop
      vertex -26.6175 -46.1029 5.36897
      vertex -26.9822 -45.8075 5.38219
      vertex -26.8042 -45.9517 5.39517
    endloop
  endfacet
  facet normal 0.629413 0.777071 -0
    outer loop
      vertex -26.6175 -46.1029 -5.36897
      vertex -26.9822 -45.8075 5.38219
      vertex -26.6175 -46.1029 5.36897
    endloop
  endfacet
  facet normal 0.629413 0.777071 0
    outer loop
      vertex -26.6175 -46.1029 -5.36897
      vertex -26.9822 -45.8075 -5.38219
      vertex -26.9822 -45.8075 5.38219
    endloop
  endfacet
  facet normal 0.629433 0.777054 -0.000936373
    outer loop
      vertex -26.9822 -45.8075 -5.38219
      vertex -26.6175 -46.1029 -5.36897
      vertex -26.8042 -45.9517 -5.39517
    endloop
  endfacet
  facet normal -0.629413 -0.777071 0
    outer loop
      vertex -25.1175 -43.5048 6.94015
      vertex -24.7528 -43.8002 -6.88898
      vertex -24.7528 -43.8002 6.88898
    endloop
  endfacet
  facet normal -0.629413 -0.777071 0
    outer loop
      vertex -24.7528 -43.8002 -6.88898
      vertex -25.1175 -43.5048 6.94015
      vertex -25.1175 -43.5048 -6.94015
    endloop
  endfacet
  facet normal -0.544629 0.838677 0
    outer loop
      vertex -24.8638 -45.9186 5.64188
      vertex -25.2574 -46.1742 -5.51324
      vertex -25.2574 -46.1742 5.51324
    endloop
  endfacet
  facet normal -0.544629 0.838677 0
    outer loop
      vertex -25.2574 -46.1742 -5.51324
      vertex -24.8638 -45.9186 5.64188
      vertex -24.8638 -45.9186 -5.64188
    endloop
  endfacet
  facet normal -0.93356 0.358422 0
    outer loop
      vertex -24.5685 -45.5538 -5.8535
      vertex -24.4003 -45.1157 6.1274
      vertex -24.4003 -45.1157 -6.1274
    endloop
  endfacet
  facet normal -0.93356 0.358422 0
    outer loop
      vertex -24.4003 -45.1157 6.1274
      vertex -24.5685 -45.5538 -5.8535
      vertex -24.5685 -45.5538 5.8535
    endloop
  endfacet
  facet normal 0.838614 0.544726 0
    outer loop
      vertex -26.9822 -45.8075 5.38219
      vertex -27.2378 -45.414 -5.43509
      vertex -27.2378 -45.414 5.43509
    endloop
  endfacet
  facet normal 0.838614 0.544726 0
    outer loop
      vertex -27.2378 -45.414 -5.43509
      vertex -26.9822 -45.8075 5.38219
      vertex -26.9822 -45.8075 -5.38219
    endloop
  endfacet
  facet normal -0.998625 0.0524246 0
    outer loop
      vertex -24.4003 -45.1157 -6.1274
      vertex -24.3757 -44.6471 6.43676
      vertex -24.3757 -44.6471 -6.43676
    endloop
  endfacet
  facet normal -0.998625 0.0524246 0
    outer loop
      vertex -24.3757 -44.6471 6.43676
      vertex -24.4003 -45.1157 -6.1274
      vertex -24.4003 -45.1157 6.1274
    endloop
  endfacet
  facet normal 0.257794 -0.966199 0.00157595
    outer loop
      vertex -26.4776 -43.4335 6.42784
      vertex -26.0243 -43.3121 6.7062
      vertex -26.0811 -43.3273 6.67857
    endloop
  endfacet
  facet normal 0.258697 -0.965959 0
    outer loop
      vertex -26.4776 -43.4335 -6.42784
      vertex -26.0243 -43.3121 6.7062
      vertex -26.4776 -43.4335 6.42784
    endloop
  endfacet
  facet normal 0.257794 -0.966199 -0.00157595
    outer loop
      vertex -26.0243 -43.3121 -6.7062
      vertex -26.4776 -43.4335 -6.42784
      vertex -26.0811 -43.3273 -6.67857
    endloop
  endfacet
  facet normal 0.258697 -0.965959 0
    outer loop
      vertex -26.4776 -43.4335 -6.42784
      vertex -26.0243 -43.3121 -6.7062
      vertex -26.0243 -43.3121 6.7062
    endloop
  endfacet
  facet normal -0.358327 -0.933596 -0.000750965
    outer loop
      vertex -25.5556 -43.3366 6.87646
      vertex -25.1175 -43.5048 6.94015
      vertex -25.3418 -43.4187 6.92698
    endloop
  endfacet
  facet normal -0.358422 -0.93356 0
    outer loop
      vertex -25.5556 -43.3366 -6.87646
      vertex -25.1175 -43.5048 6.94015
      vertex -25.5556 -43.3366 6.87646
    endloop
  endfacet
  facet normal -0.358327 -0.933596 0.000750965
    outer loop
      vertex -25.1175 -43.5048 -6.94015
      vertex -25.5556 -43.3366 -6.87646
      vertex -25.3418 -43.4187 -6.92698
    endloop
  endfacet
  facet normal -0.358422 -0.93356 0
    outer loop
      vertex -25.5556 -43.3366 -6.87646
      vertex -25.1175 -43.5048 -6.94015
      vertex -25.1175 -43.5048 6.94015
    endloop
  endfacet
  facet normal -0.77726 0.62918 0
    outer loop
      vertex -24.8638 -45.9186 -5.64188
      vertex -24.5685 -45.5538 5.8535
      vertex -24.5685 -45.5538 -5.8535
    endloop
  endfacet
  facet normal -0.77726 0.62918 0
    outer loop
      vertex -24.5685 -45.5538 5.8535
      vertex -24.8638 -45.9186 -5.64188
      vertex -24.8638 -45.9186 5.64188
    endloop
  endfacet
  facet normal -0.828803 -0.558107 -0.0400281
    outer loop
      vertex -24.4972 -44.1937 -6.69479
      vertex -24.7528 -43.8002 -6.88898
      vertex -24.7476 -43.8081 -6.8865
    endloop
  endfacet
  facet normal -0.838614 -0.544726 0
    outer loop
      vertex -24.7528 -43.8002 -6.88898
      vertex -24.4972 -44.1937 -6.69479
      vertex -24.7528 -43.8002 6.88898
    endloop
  endfacet
  facet normal -0.838614 -0.544726 -0
    outer loop
      vertex -24.4972 -44.1937 6.69479
      vertex -24.7528 -43.8002 6.88898
      vertex -24.4972 -44.1937 -6.69479
    endloop
  endfacet
  facet normal -0.828803 -0.558107 0.0400281
    outer loop
      vertex -24.7528 -43.8002 6.88898
      vertex -24.4972 -44.1937 6.69479
      vertex -24.7476 -43.8081 6.8865
    endloop
  endfacet
  facet normal 0.933587 -0.358351 0
    outer loop
      vertex -27.3347 -44.492 5.65086
      vertex -27.1665 -44.0538 -5.86866
      vertex -27.1665 -44.0538 5.86866
    endloop
  endfacet
  facet normal 0.933587 -0.358351 0
    outer loop
      vertex -27.1665 -44.0538 -5.86866
      vertex -27.3347 -44.492 5.65086
      vertex -27.3347 -44.492 -5.65086
    endloop
  endfacet
  facet normal -0.052201 -0.998637 0
    outer loop
      vertex -26.0243 -43.3121 -6.7062
      vertex -25.5556 -43.3366 6.87646
      vertex -26.0243 -43.3121 6.7062
    endloop
  endfacet
  facet normal -0.052201 -0.998637 -0
    outer loop
      vertex -25.5556 -43.3366 6.87646
      vertex -26.0243 -43.3121 -6.7062
      vertex -25.5556 -43.3366 -6.87646
    endloop
  endfacet
  facet normal 0.544629 -0.838677 0
    outer loop
      vertex -26.8712 -43.6891 -6.13638
      vertex -26.4776 -43.4335 6.42784
      vertex -26.8712 -43.6891 6.13638
    endloop
  endfacet
  facet normal 0.544629 -0.838677 0
    outer loop
      vertex -26.4776 -43.4335 6.42784
      vertex -26.8712 -43.6891 -6.13638
      vertex -26.4776 -43.4335 -6.42784
    endloop
  endfacet
  facet normal 0.585249 -0.092695 0.805538
    outer loop
      vertex 55.005 0 4.45503
      vertex 54.8939 -0.701453 4.45503
      vertex 56.2706 0 3.53553
    endloop
  endfacet
  facet normal 0.308642 0.0488845 0.949921
    outer loop
      vertex 7.15885 0.701453 29.455
      vertex 5.78217 0 29.9384
      vertex 7.26995 0 29.455
    endloop
  endfacet
  facet normal -0.848418 -0.432251 0.305525
    outer loop
      vertex -30.6045 -47.0466 2.26995
      vertex -31.0642 -47.1959 0.782172
      vertex -30.3628 -48.5726 0.782172
    endloop
  endfacet
  facet normal 0.142586 -0.571169 -0.808354
    outer loop
      vertex -25.6661 -47.8287 -4.45503
      vertex -1.40746 -7.69262 -28.5355
      vertex -25.275 -49.0324 -3.53553
    endloop
  endfacet
  facet normal 0.142616 -0.571179 -0.808341
    outer loop
      vertex -1.40746 -7.69262 -28.5355
      vertex -25.6661 -47.8287 -4.45503
      vertex -1.79855 -6.48898 -29.455
    endloop
  endfacet
  facet normal -0.432284 0.848377 -0.305593
    outer loop
      vertex -28.9861 49.2741 -2.26995
      vertex -29.2703 49.6652 -0.782172
      vertex -27.7442 49.9069 -2.26995
    endloop
  endfacet
  facet normal -0.940421 -0.149013 -0.305619
    outer loop
      vertex -31.0642 -47.1959 -0.782172
      vertex -31.306 -45.6699 -0.782172
      vertex -30.8225 -45.6699 -2.26995
    endloop
  endfacet
  facet normal 0.574493 0.574493 0.583023
    outer loop
      vertex 55.3536 3.6042 2.26995
      vertex 55.5953 2.07813 3.53553
      vertex 56.3392 2.6186 2.26995
    endloop
  endfacet
  facet normal 0.574536 0.574477 0.582995
    outer loop
      vertex 55.5953 2.07813 3.53553
      vertex 55.3536 3.6042 2.26995
      vertex 54.8132 2.86031 3.53553
    endloop
  endfacet
  facet normal 0.361649 -0.626395 -0.690535
    outer loop
      vertex 7.07813 -2.86031 -28.5355
      vertex -24.2894 -48.5302 -3.53553
      vertex -0.421865 -7.19043 -28.5355
    endloop
  endfacet
  facet normal 0.723901 0.368852 0.583024
    outer loop
      vertex 56.3392 2.6186 2.26995
      vertex 55.5953 2.07813 3.53553
      vertex 56.972 1.37668 2.26995
    endloop
  endfacet
  facet normal 0.802446 0.127138 0.583024
    outer loop
      vertex 56.972 1.37668 2.26995
      vertex 56.0975 1.09254 3.53553
      vertex 56.2706 0 3.53553
    endloop
  endfacet
  facet normal -0.148946 0.940449 0.305565
    outer loop
      vertex -26.3675 50.6083 0.782172
      vertex -27.8936 50.3666 0.782172
      vertex -26.3675 50.1249 2.26995
    endloop
  endfacet
  facet normal 0.368851 0.723894 0.583032
    outer loop
      vertex -24.9908 49.9069 2.26995
      vertex -25.275 49.0324 3.53553
      vertex -24.2894 48.5302 3.53553
    endloop
  endfacet
  facet normal 0.314678 -0.617585 -0.72081
    outer loop
      vertex -24.2894 -48.5302 -3.53553
      vertex -1.40746 -7.69262 -28.5355
      vertex -0.421865 -7.19043 -28.5355
    endloop
  endfacet
  facet normal 0.314683 -0.617586 -0.720807
    outer loop
      vertex -1.40746 -7.69262 -28.5355
      vertex -24.2894 -48.5302 -3.53553
      vertex -25.275 -49.0324 -3.53553
    endloop
  endfacet
  facet normal -0.673279 0.673279 -0.3056
    outer loop
      vertex -29.9717 48.2885 -2.26995
      vertex -29.2703 49.6652 -0.782172
      vertex -28.9861 49.2741 -2.26995
    endloop
  endfacet
  facet normal -0.673318 0.673257 -0.305561
    outer loop
      vertex -29.2703 49.6652 -0.782172
      vertex -29.9717 48.2885 -2.26995
      vertex -30.3628 48.5726 -0.782172
    endloop
  endfacet
  facet normal 0.70712 0.707094 0
    outer loop
      vertex 56.7303 2.90274 0.782172
      vertex 55.6378 3.99528 -0.782172
      vertex 55.6378 3.99528 0.782172
    endloop
  endfacet
  facet normal 0.70712 0.707094 0
    outer loop
      vertex 55.6378 3.99528 -0.782172
      vertex 56.7303 2.90274 0.782172
      vertex 56.7303 2.90274 -0.782172
    endloop
  endfacet
  facet normal 0.361649 0.626395 -0.690535
    outer loop
      vertex -0.421865 7.19043 -28.5355
      vertex -24.2894 48.5302 -3.53553
      vertex 7.07813 2.86031 -28.5355
    endloop
  endfacet
  facet normal 0.527994 -0.269009 0.805517
    outer loop
      vertex 54.8939 -0.701453 4.45503
      vertex 54.5715 -1.33424 4.45503
      vertex 55.5953 -2.07813 3.53553
    endloop
  endfacet
  facet normal -0.20843 0.415186 0.885538
    outer loop
      vertex -24.7528 43.8002 6.88898
      vertex -3.20145 6.48898 29.455
      vertex -24.7476 43.8081 6.8865
    endloop
  endfacet
  facet normal -0.210909 0.413794 0.885603
    outer loop
      vertex -25.1175 43.5048 6.94015
      vertex -3.20145 6.48898 29.455
      vertex -24.7528 43.8002 6.88898
    endloop
  endfacet
  facet normal -0.210853 0.413826 0.885601
    outer loop
      vertex -3.20145 6.48898 29.455
      vertex -25.1175 43.5048 6.94015
      vertex -3.83424 6.16656 29.455
    endloop
  endfacet
  facet normal -0.210851 0.413827 0.885601
    outer loop
      vertex -3.83424 6.16656 29.455
      vertex -25.1175 43.5048 6.94015
      vertex -25.3418 43.4187 6.92698
    endloop
  endfacet
  facet normal -0.210105 0.414254 0.885579
    outer loop
      vertex -27.069 47.8287 4.45503
      vertex -26.1794 46.2711 5.3947
      vertex -26.1699 46.2716 5.39672
    endloop
  endfacet
  facet normal -0.210889 0.413817 0.885597
    outer loop
      vertex -27.069 47.8287 4.45503
      vertex -26.6175 46.1029 5.36897
      vertex -26.1794 46.2711 5.3947
    endloop
  endfacet
  facet normal -0.21084 0.413832 0.885601
    outer loop
      vertex -27.7018 47.5063 4.45503
      vertex -26.6175 46.1029 5.36897
      vertex -27.069 47.8287 4.45503
    endloop
  endfacet
  facet normal -0.210856 0.413821 0.885603
    outer loop
      vertex -26.6175 46.1029 5.36897
      vertex -27.7018 47.5063 4.45503
      vertex -26.8042 45.9517 5.39517
    endloop
  endfacet
  facet normal 0.0873718 0.551949 0.829288
    outer loop
      vertex -24.4045 44.5398 6.51121
      vertex -1.79855 6.48898 29.455
      vertex -24.3757 44.6471 6.43676
    endloop
  endfacet
  facet normal 0.087579 0.552027 0.829214
    outer loop
      vertex -1.79855 6.48898 29.455
      vertex -24.4003 45.1157 6.1274
      vertex -24.3757 44.6471 6.43676
    endloop
  endfacet
  facet normal 0.0876803 0.552065 0.829178
    outer loop
      vertex -1.79855 6.48898 29.455
      vertex -24.5685 45.5538 5.8535
      vertex -24.4003 45.1157 6.1274
    endloop
  endfacet
  facet normal 0.0873668 0.551949 0.829288
    outer loop
      vertex -25.6661 47.8287 4.45503
      vertex -24.5685 45.5538 5.8535
      vertex -1.79855 6.48898 29.455
    endloop
  endfacet
  facet normal 0.0878343 0.552088 0.829147
    outer loop
      vertex -25.6661 47.8287 4.45503
      vertex -24.8638 45.9186 5.64188
      vertex -24.5685 45.5538 5.8535
    endloop
  endfacet
  facet normal 0.0874286 0.551986 0.829257
    outer loop
      vertex -25.6661 47.8287 4.45503
      vertex -25.2574 46.1742 5.51324
      vertex -24.8638 45.9186 5.64188
    endloop
  endfacet
  facet normal 0.0871949 0.551956 0.829302
    outer loop
      vertex -25.6661 47.8287 4.45503
      vertex -25.3647 46.2029 5.50542
      vertex -25.2574 46.1742 5.51324
    endloop
  endfacet
  facet normal 0.0874316 0.551976 0.829264
    outer loop
      vertex -25.3647 46.2029 5.50542
      vertex -25.6661 47.8287 4.45503
      vertex -26.3675 47.9398 4.45503
    endloop
  endfacet
  facet normal 0.0874243 0.551969 0.829269
    outer loop
      vertex -1.79855 6.48898 29.455
      vertex -24.4045 44.5398 6.51121
      vertex -2.5 6.60008 29.455
    endloop
  endfacet
  facet normal -0.723894 -0.368854 -0.58303
    outer loop
      vertex -29.9717 -48.2885 -2.26995
      vertex -30.6045 -47.0466 -2.26995
      vertex -29.2278 -47.748 -3.53553
    endloop
  endfacet
  facet normal 0.368854 -0.723894 -0.58303
    outer loop
      vertex -23.7489 -49.2741 -2.26995
      vertex -24.9908 -49.9069 -2.26995
      vertex -24.2894 -48.5302 -3.53553
    endloop
  endfacet
  facet normal 0.848384 -0.43228 -0.305577
    outer loop
      vertex 56.7303 -2.90274 -0.782172
      vertex 56.3392 -2.6186 -2.26995
      vertex 56.972 -1.37668 -2.26995
    endloop
  endfacet
  facet normal 0.361649 -0.626395 -0.690535
    outer loop
      vertex 54.8132 -2.86031 -3.53553
      vertex -24.2894 -48.5302 -3.53553
      vertex 7.07813 -2.86031 -28.5355
    endloop
  endfacet
  facet normal 0.940449 -0.14895 -0.305565
    outer loop
      vertex 57.4318 -1.52606 -0.782172
      vertex 57.1901 0 -2.26995
      vertex 57.6735 0 -0.782172
    endloop
  endfacet
  facet normal 0.802452 -0.127128 0.583017
    outer loop
      vertex 57.1901 0 2.26995
      vertex 56.2706 0 3.53553
      vertex 56.972 -1.37668 2.26995
    endloop
  endfacet
  facet normal 0.940431 0.148987 0.305601
    outer loop
      vertex 57.4318 1.52606 0.782172
      vertex 56.972 1.37668 2.26995
      vertex 57.1901 0 2.26995
    endloop
  endfacet
  facet normal 0.141867 0.278431 -0.949921
    outer loop
      vertex -1.16576 6.16656 -29.455
      vertex -2.04025 4.96292 -29.9384
      vertex -1.79855 6.48898 -29.455
    endloop
  endfacet
  facet normal -0.419053 -0.418969 -0.805518
    outer loop
      vertex -28.4456 -48.5302 -3.53553
      vertex -28.2039 -47.0041 -4.45503
      vertex -27.7018 -47.5063 -4.45503
    endloop
  endfacet
  facet normal -0.418991 -0.418991 -0.805539
    outer loop
      vertex -28.2039 -47.0041 -4.45503
      vertex -28.4456 -48.5302 -3.53553
      vertex -29.2278 -47.748 -3.53553
    endloop
  endfacet
  facet normal 0.308644 -0.0488816 -0.949921
    outer loop
      vertex 7.15885 -0.701453 -29.455
      vertex 5.74389 -0.241704 -29.9384
      vertex 5.78217 0 -29.9384
    endloop
  endfacet
  facet normal 0.420867 0.420824 0.803604
    outer loop
      vertex 54.8132 2.86031 3.53553
      vertex 7.86031 2.07813 28.5355
      vertex 55.5953 2.07813 3.53553
    endloop
  endfacet
  facet normal 0.420859 0.420859 0.80359
    outer loop
      vertex 7.86031 2.07813 28.5355
      vertex 54.8132 2.86031 3.53553
      vertex 7.07813 2.86031 28.5355
    endloop
  endfacet
  facet normal -0.809016 0 -0.587786
    outer loop
      vertex -29.903 -45.6699 -3.53553
      vertex -30.8225 45.6699 -2.26995
      vertex -29.903 45.6699 -3.53553
    endloop
  endfacet
  facet normal -0.809016 -0 -0.587786
    outer loop
      vertex -30.8225 45.6699 -2.26995
      vertex -29.903 -45.6699 -3.53553
      vertex -30.8225 -45.6699 -2.26995
    endloop
  endfacet
  facet normal 0.422074 -0.41516 0.805913
    outer loop
      vertex 52.1986 -1.42658 5.6502
      vertex 54.5715 -1.33424 4.45503
      vertex 52.3798 -1.33424 5.60287
    endloop
  endfacet
  facet normal 0.422058 -0.415248 0.805876
    outer loop
      vertex 54.5715 -1.33424 4.45503
      vertex 52.1986 -1.42658 5.6502
      vertex 55.5953 -2.07813 3.53553
    endloop
  endfacet
  facet normal 0.422012 -0.415368 0.805838
    outer loop
      vertex 51.735 -1.5 5.85514
      vertex 55.5953 -2.07813 3.53553
      vertex 52.1986 -1.42658 5.6502
    endloop
  endfacet
  facet normal 0.422062 -0.415227 0.805885
    outer loop
      vertex 51.735 -1.5 5.85514
      vertex 7.86031 -2.07813 28.5355
      vertex 55.5953 -2.07813 3.53553
    endloop
  endfacet
  facet normal 0.422054 -0.415266 0.805869
    outer loop
      vertex 51.2715 -1.42658 6.13572
      vertex 7.86031 -2.07813 28.5355
      vertex 51.735 -1.5 5.85514
    endloop
  endfacet
  facet normal 0.422043 -0.415322 0.805846
    outer loop
      vertex 51.0903 -1.33424 6.27821
      vertex 7.86031 -2.07813 28.5355
      vertex 51.2715 -1.42658 6.13572
    endloop
  endfacet
  facet normal 0.422064 -0.415214 0.80589
    outer loop
      vertex 7.86031 -2.07813 28.5355
      vertex 51.0903 -1.33424 6.27821
      vertex 6.83643 -1.33424 29.455
    endloop
  endfacet
  facet normal -0.278431 -0.141865 0.949921
    outer loop
      vertex -3.24389 -4.57183 29.9384
      vertex -4.65885 -5.03158 29.455
      vertex -3.13279 -4.78988 29.9384
    endloop
  endfacet
  facet normal -0.951039 0 -0.30907
    outer loop
      vertex -30.8225 -45.6699 -2.26995
      vertex -31.306 45.6699 -0.782172
      vertex -30.8225 45.6699 -2.26995
    endloop
  endfacet
  facet normal -0.951039 -0 -0.30907
    outer loop
      vertex -31.306 45.6699 -0.782172
      vertex -30.8225 -45.6699 -2.26995
      vertex -31.306 -45.6699 -0.782172
    endloop
  endfacet
  facet normal -0.0926889 -0.58525 -0.805538
    outer loop
      vertex -26.3675 -49.2054 -3.53553
      vertex -27.069 -47.8287 -4.45503
      vertex -26.3675 -47.9398 -4.45503
    endloop
  endfacet
  facet normal 0.453984 -0.89101 0
    outer loop
      vertex -24.8414 -50.3666 -0.782172
      vertex -23.4648 -49.6652 0.782172
      vertex -24.8414 -50.3666 0.782172
    endloop
  endfacet
  facet normal 0.453984 -0.89101 0
    outer loop
      vertex -23.4648 -49.6652 0.782172
      vertex -24.8414 -50.3666 -0.782172
      vertex -23.4648 -49.6652 -0.782172
    endloop
  endfacet
  facet normal -0.269032 -0.527939 -0.805545
    outer loop
      vertex -27.4601 -49.0324 -3.53553
      vertex -28.4456 -48.5302 -3.53553
      vertex -27.069 -47.8287 -4.45503
    endloop
  endfacet
  facet normal 0.294949 -0.510867 -0.807478
    outer loop
      vertex -0.421865 -7.19043 -28.5355
      vertex 6.33424 -1.83643 -29.455
      vertex 7.07813 -2.86031 -28.5355
    endloop
  endfacet
  facet normal 0.29495 -0.510868 -0.807476
    outer loop
      vertex 6.33424 -1.83643 -29.455
      vertex -0.421865 -7.19043 -28.5355
      vertex -1.16576 -6.16656 -29.455
    endloop
  endfacet
  facet normal 0.940449 -0.14895 0.305565
    outer loop
      vertex 57.6735 0 0.782172
      vertex 57.1901 0 2.26995
      vertex 57.4318 -1.52606 0.782172
    endloop
  endfacet
  facet normal 0.802446 -0.127138 -0.583024
    outer loop
      vertex 56.972 -1.37668 -2.26995
      vertex 56.0975 -1.09254 -3.53553
      vertex 56.2706 0 -3.53553
    endloop
  endfacet
  facet normal -0.368854 0.723894 0.58303
    outer loop
      vertex -27.7442 49.9069 2.26995
      vertex -28.9861 49.2741 2.26995
      vertex -28.4456 48.5302 3.53553
    endloop
  endfacet
  facet normal -0.127069 0.802458 0.583022
    outer loop
      vertex -26.3675 50.1249 2.26995
      vertex -27.7442 49.9069 2.26995
      vertex -26.3675 49.2054 3.53553
    endloop
  endfacet
  facet normal 0.269014 0.527965 -0.805534
    outer loop
      vertex -0.421865 7.19043 -28.5355
      vertex -1.79855 6.48898 -29.455
      vertex -1.40746 7.69262 -28.5355
    endloop
  endfacet
  facet normal 0.092702 0.585249 -0.805537
    outer loop
      vertex -25.6661 47.8287 -4.45503
      vertex -26.3675 47.9398 -4.45503
      vertex -26.3675 49.2054 -3.53553
    endloop
  endfacet
  facet normal -0.0765742 0.483219 -0.872144
    outer loop
      vertex -25.7107 46.2956 -5.42368
      vertex -26.3675 47.9398 -4.45503
      vertex -25.3647 46.2029 -5.50542
    endloop
  endfacet
  facet normal -0.076461 0.483258 -0.872133
    outer loop
      vertex -26.1699 46.2716 -5.39672
      vertex -26.3675 47.9398 -4.45503
      vertex -25.7107 46.2956 -5.42368
    endloop
  endfacet
  facet normal -0.0765344 0.483248 -0.872132
    outer loop
      vertex -26.3675 47.9398 -4.45503
      vertex -26.1699 46.2716 -5.39672
      vertex -27.069 47.8287 -4.45503
    endloop
  endfacet
  facet normal -0.0765374 0.483232 -0.87214
    outer loop
      vertex -24.7476 43.8081 -6.8865
      vertex -2.5 6.60008 -29.455
      vertex -3.20145 6.48898 -29.455
    endloop
  endfacet
  facet normal -0.0766905 0.48316 -0.872167
    outer loop
      vertex -2.5 6.60008 -29.455
      vertex -24.4972 44.1937 -6.69479
      vertex -24.4045 44.5398 -6.51121
    endloop
  endfacet
  facet normal -0.0764771 0.483262 -0.872129
    outer loop
      vertex -2.5 6.60008 -29.455
      vertex -24.7476 43.8081 -6.8865
      vertex -24.4972 44.1937 -6.69479
    endloop
  endfacet
  facet normal 0.802452 -0.127128 -0.583017
    outer loop
      vertex 56.972 -1.37668 -2.26995
      vertex 56.2706 0 -3.53553
      vertex 57.1901 0 -2.26995
    endloop
  endfacet
  facet normal 0.848371 -0.432295 -0.305595
    outer loop
      vertex 57.4318 -1.52606 -0.782172
      vertex 56.7303 -2.90274 -0.782172
      vertex 56.972 -1.37668 -2.26995
    endloop
  endfacet
  facet normal 0.585259 -0.0927273 -0.805527
    outer loop
      vertex 56.0975 -1.09254 -3.53553
      vertex 54.8939 -0.701453 -4.45503
      vertex 56.2706 0 -3.53553
    endloop
  endfacet
  facet normal -0.7233 0 -0.690534
    outer loop
      vertex -6.03553 -4.33013 -28.5355
      vertex -29.903 45.6699 -3.53553
      vertex -6.03553 4.33013 -28.5355
    endloop
  endfacet
  facet normal -0.7233 -0 -0.690534
    outer loop
      vertex -29.903 45.6699 -3.53553
      vertex -6.03553 -4.33013 -28.5355
      vertex -29.903 -45.6699 -3.53553
    endloop
  endfacet
  facet normal 0.848384 0.43228 0.305577
    outer loop
      vertex 56.7303 2.90274 0.782172
      vertex 56.3392 2.6186 2.26995
      vertex 56.972 1.37668 2.26995
    endloop
  endfacet
  facet normal 0.361649 0.626395 0.690535
    outer loop
      vertex 54.8132 2.86031 3.53553
      vertex -24.2894 48.5302 3.53553
      vertex 7.07813 2.86031 28.5355
    endloop
  endfacet
  facet normal 0.422058 0.415248 0.805876
    outer loop
      vertex 52.1986 1.42658 5.6502
      vertex 54.5715 1.33424 4.45503
      vertex 55.5953 2.07813 3.53553
    endloop
  endfacet
  facet normal 0.422074 0.41516 0.805913
    outer loop
      vertex 54.5715 1.33424 4.45503
      vertex 52.1986 1.42658 5.6502
      vertex 52.3798 1.33424 5.60287
    endloop
  endfacet
  facet normal 0.422012 0.415368 0.805838
    outer loop
      vertex 55.5953 2.07813 3.53553
      vertex 51.735 1.5 5.85514
      vertex 52.1986 1.42658 5.6502
    endloop
  endfacet
  facet normal 0.422062 0.415227 0.805885
    outer loop
      vertex 7.86031 2.07813 28.5355
      vertex 51.735 1.5 5.85514
      vertex 55.5953 2.07813 3.53553
    endloop
  endfacet
  facet normal 0.422054 0.415266 0.805869
    outer loop
      vertex 7.86031 2.07813 28.5355
      vertex 51.2715 1.42658 6.13572
      vertex 51.735 1.5 5.85514
    endloop
  endfacet
  facet normal 0.422043 0.415322 0.805846
    outer loop
      vertex 7.86031 2.07813 28.5355
      vertex 51.0903 1.33424 6.27821
      vertex 51.2715 1.42658 6.13572
    endloop
  endfacet
  facet normal 0.422064 0.415214 0.80589
    outer loop
      vertex 51.0903 1.33424 6.27821
      vertex 7.86031 2.07813 28.5355
      vertex 6.83643 1.33424 29.455
    endloop
  endfacet
  facet normal 0.418996 0.418996 0.805534
    outer loop
      vertex 7.07813 2.86031 28.5355
      vertex 6.83643 1.33424 29.455
      vertex 7.86031 2.07813 28.5355
    endloop
  endfacet
  facet normal 0.418996 0.418996 0.805534
    outer loop
      vertex 6.83643 1.33424 29.455
      vertex 7.07813 2.86031 28.5355
      vertex 6.33424 1.83643 29.455
    endloop
  endfacet
  facet normal 0.40527 -0.701949 -0.585683
    outer loop
      vertex 54.8132 -2.86031 -3.53553
      vertex -23.7489 -49.2741 -2.26995
      vertex -24.2894 -48.5302 -3.53553
    endloop
  endfacet
  facet normal 0.405279 -0.701964 -0.585658
    outer loop
      vertex -23.7489 -49.2741 -2.26995
      vertex 54.8132 -2.86031 -3.53553
      vertex 55.3536 -3.6042 -2.26995
    endloop
  endfacet
  facet normal 0.361649 -0.626395 0.690535
    outer loop
      vertex 7.07813 -2.86031 28.5355
      vertex -24.2894 -48.5302 3.53553
      vertex 54.8132 -2.86031 3.53553
    endloop
  endfacet
  facet normal 0.527994 0.269009 0.805517
    outer loop
      vertex 55.5953 2.07813 3.53553
      vertex 54.5715 1.33424 4.45503
      vertex 54.8939 0.701453 4.45503
    endloop
  endfacet
  facet normal -0.368888 0.723893 0.58301
    outer loop
      vertex -27.7442 49.9069 2.26995
      vertex -28.4456 48.5302 3.53553
      vertex -27.4601 49.0324 3.53553
    endloop
  endfacet
  facet normal 0.432287 0.848385 0.305567
    outer loop
      vertex -23.4648 49.6652 0.782172
      vertex -24.9908 49.9069 2.26995
      vertex -23.7489 49.2741 2.26995
    endloop
  endfacet
  facet normal 0.148946 -0.940449 -0.305565
    outer loop
      vertex -24.8414 -50.3666 -0.782172
      vertex -26.3675 -50.6083 -0.782172
      vertex -26.3675 -50.1249 -2.26995
    endloop
  endfacet
  facet normal 0.5 -0.866025 0
    outer loop
      vertex -23.4648 -49.6652 -0.782172
      vertex 55.6378 -3.99528 0.782172
      vertex -23.4648 -49.6652 0.782172
    endloop
  endfacet
  facet normal 0.5 -0.866025 0
    outer loop
      vertex 55.6378 -3.99528 0.782172
      vertex -23.4648 -49.6652 -0.782172
      vertex 55.6378 -3.99528 -0.782172
    endloop
  endfacet
  facet normal -0.278431 -0.141865 -0.949921
    outer loop
      vertex -3.13279 -4.78988 -29.9384
      vertex -4.65885 -5.03158 -29.455
      vertex -3.24389 -4.57183 -29.9384
    endloop
  endfacet
  facet normal -0.337075 -0.337008 -0.879094
    outer loop
      vertex -28.2039 -47.0041 -4.45503
      vertex -26.8042 -45.9517 -5.39517
      vertex -27.7018 -47.5063 -4.45503
    endloop
  endfacet
  facet normal -0.337097 -0.336981 -0.879096
    outer loop
      vertex -26.8042 -45.9517 -5.39517
      vertex -28.2039 -47.0041 -4.45503
      vertex -26.9822 -45.8075 -5.38219
    endloop
  endfacet
  facet normal -0.336999 -0.33708 -0.879095
    outer loop
      vertex -26.9822 -45.8075 -5.38219
      vertex -28.2039 -47.0041 -4.45503
      vertex -27.2378 -45.414 -5.43509
    endloop
  endfacet
  facet normal -0.337041 -0.337051 -0.87909
    outer loop
      vertex -27.2378 -45.414 -5.43509
      vertex -28.2039 -47.0041 -4.45503
      vertex -27.2531 -45.3571 -5.45104
    endloop
  endfacet
  facet normal -0.337126 -0.336981 -0.879085
    outer loop
      vertex -25.5556 -43.3366 -6.87646
      vertex -3.83424 -6.16656 -29.455
      vertex -25.3418 -43.4187 -6.92698
    endloop
  endfacet
  facet normal -0.337039 -0.337039 -0.879096
    outer loop
      vertex -3.83424 -6.16656 -29.455
      vertex -25.5556 -43.3366 -6.87646
      vertex -4.33643 -5.66437 -29.455
    endloop
  endfacet
  facet normal -0.336964 -0.337087 -0.879106
    outer loop
      vertex -26.0243 -43.3121 -6.7062
      vertex -4.33643 -5.66437 -29.455
      vertex -25.5556 -43.3366 -6.87646
    endloop
  endfacet
  facet normal -0.337487 -0.336744 -0.879037
    outer loop
      vertex -4.33643 -5.66437 -29.455
      vertex -26.0243 -43.3121 -6.7062
      vertex -26.0811 -43.3273 -6.67857
    endloop
  endfacet
  facet normal -0.585255 0.0926964 -0.805533
    outer loop
      vertex -4.76995 4.33013 -29.455
      vertex -6.03553 4.33013 -28.5355
      vertex -4.65885 5.03158 -29.455
    endloop
  endfacet
  facet normal -0.278431 0.141867 -0.949921
    outer loop
      vertex -3.13279 4.78988 -29.9384
      vertex -4.65885 5.03158 -29.455
      vertex -4.33643 5.66437 -29.455
    endloop
  endfacet
  facet normal 0.127071 -0.802457 -0.583023
    outer loop
      vertex -24.9908 -49.9069 -2.26995
      vertex -26.3675 -49.2054 -3.53553
      vertex -25.275 -49.0324 -3.53553
    endloop
  endfacet
  facet normal 0.148922 -0.940461 -0.305542
    outer loop
      vertex -24.8414 -50.3666 -0.782172
      vertex -26.3675 -50.1249 -2.26995
      vertex -24.9908 -49.9069 -2.26995
    endloop
  endfacet
  facet normal 0.574493 -0.574493 0.583023
    outer loop
      vertex 55.5953 -2.07813 3.53553
      vertex 55.3536 -3.6042 2.26995
      vertex 56.3392 -2.6186 2.26995
    endloop
  endfacet
  facet normal 0.574536 -0.574477 0.582995
    outer loop
      vertex 55.3536 -3.6042 2.26995
      vertex 55.5953 -2.07813 3.53553
      vertex 54.8132 -2.86031 3.53553
    endloop
  endfacet
  facet normal 0.940449 0.14895 0.305565
    outer loop
      vertex 57.4318 1.52606 0.782172
      vertex 57.1901 0 2.26995
      vertex 57.6735 0 0.782172
    endloop
  endfacet
  facet normal 0.802452 0.127128 0.583017
    outer loop
      vertex 56.972 1.37668 2.26995
      vertex 56.2706 0 3.53553
      vertex 57.1901 0 2.26995
    endloop
  endfacet
  facet normal -0.368854 0.723894 -0.58303
    outer loop
      vertex -28.4456 48.5302 -3.53553
      vertex -28.9861 49.2741 -2.26995
      vertex -27.7442 49.9069 -2.26995
    endloop
  endfacet
  facet normal -0.269032 0.527939 -0.805545
    outer loop
      vertex -27.069 47.8287 -4.45503
      vertex -28.4456 48.5302 -3.53553
      vertex -27.4601 49.0324 -3.53553
    endloop
  endfacet
  facet normal -0.802457 0.127071 -0.583023
    outer loop
      vertex -29.903 45.6699 -3.53553
      vertex -30.6045 47.0466 -2.26995
      vertex -29.73 46.7624 -3.53553
    endloop
  endfacet
  facet normal 0.0873718 0.551949 -0.829288
    outer loop
      vertex -1.79855 6.48898 -29.455
      vertex -24.4045 44.5398 -6.51121
      vertex -24.3757 44.6471 -6.43676
    endloop
  endfacet
  facet normal 0.0874243 0.551969 -0.829269
    outer loop
      vertex -24.4045 44.5398 -6.51121
      vertex -1.79855 6.48898 -29.455
      vertex -2.5 6.60008 -29.455
    endloop
  endfacet
  facet normal 0.087579 0.552027 -0.829214
    outer loop
      vertex -24.4003 45.1157 -6.1274
      vertex -1.79855 6.48898 -29.455
      vertex -24.3757 44.6471 -6.43676
    endloop
  endfacet
  facet normal 0.0876803 0.552065 -0.829178
    outer loop
      vertex -24.5685 45.5538 -5.8535
      vertex -1.79855 6.48898 -29.455
      vertex -24.4003 45.1157 -6.1274
    endloop
  endfacet
  facet normal 0.0873668 0.551949 -0.829288
    outer loop
      vertex -24.5685 45.5538 -5.8535
      vertex -25.6661 47.8287 -4.45503
      vertex -1.79855 6.48898 -29.455
    endloop
  endfacet
  facet normal 0.0878343 0.552088 -0.829147
    outer loop
      vertex -24.8638 45.9186 -5.64188
      vertex -25.6661 47.8287 -4.45503
      vertex -24.5685 45.5538 -5.8535
    endloop
  endfacet
  facet normal 0.0874286 0.551986 -0.829257
    outer loop
      vertex -25.2574 46.1742 -5.51324
      vertex -25.6661 47.8287 -4.45503
      vertex -24.8638 45.9186 -5.64188
    endloop
  endfacet
  facet normal 0.0871949 0.551956 -0.829302
    outer loop
      vertex -25.3647 46.2029 -5.50542
      vertex -25.6661 47.8287 -4.45503
      vertex -25.2574 46.1742 -5.51324
    endloop
  endfacet
  facet normal 0.0874316 0.551976 -0.829264
    outer loop
      vertex -25.6661 47.8287 -4.45503
      vertex -25.3647 46.2029 -5.50542
      vertex -26.3675 47.9398 -4.45503
    endloop
  endfacet
  facet normal 0.890994 0.454014 0
    outer loop
      vertex 57.4318 1.52606 0.782172
      vertex 56.7303 2.90274 -0.782172
      vertex 56.7303 2.90274 0.782172
    endloop
  endfacet
  facet normal 0.890994 0.454014 0
    outer loop
      vertex 56.7303 2.90274 -0.782172
      vertex 57.4318 1.52606 0.782172
      vertex 57.4318 1.52606 -0.782172
    endloop
  endfacet
  facet normal 0.70712 -0.707094 0
    outer loop
      vertex 55.6378 -3.99528 0.782172
      vertex 56.7303 -2.90274 -0.782172
      vertex 56.7303 -2.90274 0.782172
    endloop
  endfacet
  facet normal 0.70712 -0.707094 0
    outer loop
      vertex 56.7303 -2.90274 -0.782172
      vertex 55.6378 -3.99528 0.782172
      vertex 55.6378 -3.99528 -0.782172
    endloop
  endfacet
  facet normal 0.940431 -0.148987 -0.305601
    outer loop
      vertex 57.4318 -1.52606 -0.782172
      vertex 56.972 -1.37668 -2.26995
      vertex 57.1901 0 -2.26995
    endloop
  endfacet
  facet normal 0.418996 0.418996 -0.805534
    outer loop
      vertex 6.83643 1.33424 -29.455
      vertex 7.07813 2.86031 -28.5355
      vertex 7.86031 2.07813 -28.5355
    endloop
  endfacet
  facet normal 0.418996 0.418996 -0.805534
    outer loop
      vertex 7.07813 2.86031 -28.5355
      vertex 6.83643 1.33424 -29.455
      vertex 6.33424 1.83643 -29.455
    endloop
  endfacet
  facet normal 0.148922 0.940461 -0.305542
    outer loop
      vertex -24.9908 49.9069 -2.26995
      vertex -26.3675 50.1249 -2.26995
      vertex -24.8414 50.3666 -0.782172
    endloop
  endfacet
  facet normal -0.631815 -0.100049 -0.768635
    outer loop
      vertex -29.903 -45.6699 -3.53553
      vertex -5.86249 -5.42267 -28.5355
      vertex -29.73 -46.7624 -3.53553
    endloop
  endfacet
  facet normal -0.631798 -0.100066 -0.768647
    outer loop
      vertex -5.86249 -5.42267 -28.5355
      vertex -29.903 -45.6699 -3.53553
      vertex -6.03553 -4.33013 -28.5355
    endloop
  endfacet
  facet normal -0.141867 -0.278431 -0.949921
    outer loop
      vertex -3.20145 -6.48898 -29.455
      vertex -3.83424 -6.16656 -29.455
      vertex -2.95975 -4.96292 -29.9384
    endloop
  endfacet
  facet normal 0.269011 -0.527968 -0.805532
    outer loop
      vertex -0.421865 -7.19043 -28.5355
      vertex -1.79855 -6.48898 -29.455
      vertex -1.16576 -6.16656 -29.455
    endloop
  endfacet
  facet normal 0.418996 -0.418996 -0.805534
    outer loop
      vertex 7.07813 -2.86031 -28.5355
      vertex 6.83643 -1.33424 -29.455
      vertex 7.86031 -2.07813 -28.5355
    endloop
  endfacet
  facet normal 0.418996 -0.418996 -0.805534
    outer loop
      vertex 6.83643 -1.33424 -29.455
      vertex 7.07813 -2.86031 -28.5355
      vertex 6.33424 -1.83643 -29.455
    endloop
  endfacet
  facet normal 0.527994 -0.269009 -0.805517
    outer loop
      vertex 55.5953 -2.07813 -3.53553
      vertex 54.5715 -1.33424 -4.45503
      vertex 54.8939 -0.701453 -4.45503
    endloop
  endfacet
  facet normal 0.585259 0.0927273 0.805527
    outer loop
      vertex 56.0975 1.09254 3.53553
      vertex 54.8939 0.701453 4.45503
      vertex 56.2706 0 3.53553
    endloop
  endfacet
  facet normal 0.7239 0.368858 0.58302
    outer loop
      vertex 56.972 1.37668 2.26995
      vertex 55.5953 2.07813 3.53553
      vertex 56.0975 1.09254 3.53553
    endloop
  endfacet
  facet normal 0.848371 0.432295 0.305595
    outer loop
      vertex 57.4318 1.52606 0.782172
      vertex 56.7303 2.90274 0.782172
      vertex 56.972 1.37668 2.26995
    endloop
  endfacet
  facet normal 0.127071 0.802457 0.583023
    outer loop
      vertex -24.9908 49.9069 2.26995
      vertex -26.3675 49.2054 3.53553
      vertex -25.275 49.0324 3.53553
    endloop
  endfacet
  facet normal 0.0873718 -0.551949 0.829288
    outer loop
      vertex -1.79855 -6.48898 29.455
      vertex -24.4045 -44.5398 6.51121
      vertex -24.3757 -44.6471 6.43676
    endloop
  endfacet
  facet normal 0.0874243 -0.551969 0.829269
    outer loop
      vertex -24.4045 -44.5398 6.51121
      vertex -1.79855 -6.48898 29.455
      vertex -2.5 -6.60008 29.455
    endloop
  endfacet
  facet normal 0.087579 -0.552027 0.829214
    outer loop
      vertex -24.4003 -45.1157 6.1274
      vertex -1.79855 -6.48898 29.455
      vertex -24.3757 -44.6471 6.43676
    endloop
  endfacet
  facet normal 0.0876803 -0.552065 0.829178
    outer loop
      vertex -24.5685 -45.5538 5.8535
      vertex -1.79855 -6.48898 29.455
      vertex -24.4003 -45.1157 6.1274
    endloop
  endfacet
  facet normal 0.0873668 -0.551949 0.829288
    outer loop
      vertex -24.5685 -45.5538 5.8535
      vertex -25.6661 -47.8287 4.45503
      vertex -1.79855 -6.48898 29.455
    endloop
  endfacet
  facet normal 0.0878343 -0.552088 0.829147
    outer loop
      vertex -24.8638 -45.9186 5.64188
      vertex -25.6661 -47.8287 4.45503
      vertex -24.5685 -45.5538 5.8535
    endloop
  endfacet
  facet normal 0.0874286 -0.551986 0.829257
    outer loop
      vertex -25.2574 -46.1742 5.51324
      vertex -25.6661 -47.8287 4.45503
      vertex -24.8638 -45.9186 5.64188
    endloop
  endfacet
  facet normal 0.0871949 -0.551956 0.829302
    outer loop
      vertex -25.3647 -46.2029 5.50542
      vertex -25.6661 -47.8287 4.45503
      vertex -25.2574 -46.1742 5.51324
    endloop
  endfacet
  facet normal 0.0874316 -0.551976 0.829264
    outer loop
      vertex -25.6661 -47.8287 4.45503
      vertex -25.3647 -46.2029 5.50542
      vertex -26.3675 -47.9398 4.45503
    endloop
  endfacet
  facet normal 0.368854 -0.723894 0.58303
    outer loop
      vertex -24.2894 -48.5302 3.53553
      vertex -24.9908 -49.9069 2.26995
      vertex -23.7489 -49.2741 2.26995
    endloop
  endfacet
  facet normal -0.723894 -0.368854 0.58303
    outer loop
      vertex -29.2278 -47.748 3.53553
      vertex -30.6045 -47.0466 2.26995
      vertex -29.9717 -48.2885 2.26995
    endloop
  endfacet
  facet normal -0.148922 0.940461 0.305542
    outer loop
      vertex -26.3675 50.1249 2.26995
      vertex -27.8936 50.3666 0.782172
      vertex -27.7442 49.9069 2.26995
    endloop
  endfacet
  facet normal -0.631815 0.100049 0.768635
    outer loop
      vertex -29.903 45.6699 3.53553
      vertex -5.86249 5.42267 28.5355
      vertex -29.73 46.7624 3.53553
    endloop
  endfacet
  facet normal -0.631798 0.100066 0.768647
    outer loop
      vertex -5.86249 5.42267 28.5355
      vertex -29.903 45.6699 3.53553
      vertex -6.03553 4.33013 28.5355
    endloop
  endfacet
  facet normal -0.308642 -0.0488847 0.949921
    outer loop
      vertex -3.28217 -4.33013 29.9384
      vertex -4.76995 -4.33013 29.455
      vertex -4.65885 -5.03158 29.455
    endloop
  endfacet
  facet normal -0.802457 0.127071 0.583023
    outer loop
      vertex -29.73 46.7624 3.53553
      vertex -30.6045 47.0466 2.26995
      vertex -29.903 45.6699 3.53553
    endloop
  endfacet
  facet normal -0.453958 0.891023 0
    outer loop
      vertex -27.8936 50.3666 -0.782172
      vertex -29.2703 49.6652 0.782172
      vertex -27.8936 50.3666 0.782172
    endloop
  endfacet
  facet normal -0.453958 0.891023 0
    outer loop
      vertex -29.2703 49.6652 0.782172
      vertex -27.8936 50.3666 -0.782172
      vertex -29.2703 49.6652 -0.782172
    endloop
  endfacet
  facet normal -0.585255 -0.0926964 -0.805533
    outer loop
      vertex -4.65885 -5.03158 -29.455
      vertex -6.03553 -4.33013 -28.5355
      vertex -4.76995 -4.33013 -29.455
    endloop
  endfacet
  facet normal 0.0488847 -0.308642 -0.949921
    outer loop
      vertex -1.79855 -6.48898 -29.455
      vertex -2.5 -6.60008 -29.455
      vertex -2.5 -5.1123 -29.9384
    endloop
  endfacet
  facet normal 0.269014 -0.527965 -0.805534
    outer loop
      vertex -1.40746 -7.69262 -28.5355
      vertex -1.79855 -6.48898 -29.455
      vertex -0.421865 -7.19043 -28.5355
    endloop
  endfacet
  facet normal 0.673293 0.673268 -0.305591
    outer loop
      vertex 56.7303 2.90274 -0.782172
      vertex 55.3536 3.6042 -2.26995
      vertex 55.6378 3.99528 -0.782172
    endloop
  endfacet
  facet normal 0.673284 0.673284 -0.305576
    outer loop
      vertex 55.3536 3.6042 -2.26995
      vertex 56.7303 2.90274 -0.782172
      vertex 56.3392 2.6186 -2.26995
    endloop
  endfacet
  facet normal -0.368888 0.723893 -0.58301
    outer loop
      vertex -27.4601 49.0324 -3.53553
      vertex -28.4456 48.5302 -3.53553
      vertex -27.7442 49.9069 -2.26995
    endloop
  endfacet
  facet normal -0.0926662 0.585243 -0.805545
    outer loop
      vertex -27.069 47.8287 -4.45503
      vertex -27.4601 49.0324 -3.53553
      vertex -26.3675 49.2054 -3.53553
    endloop
  endfacet
  facet normal -0.148946 0.940449 -0.305565
    outer loop
      vertex -26.3675 50.1249 -2.26995
      vertex -27.8936 50.3666 -0.782172
      vertex -26.3675 50.6083 -0.782172
    endloop
  endfacet
  facet normal -0.268998 0.527983 -0.805527
    outer loop
      vertex -27.7018 47.5063 -4.45503
      vertex -28.4456 48.5302 -3.53553
      vertex -27.069 47.8287 -4.45503
    endloop
  endfacet
  facet normal -0.723894 0.368851 -0.583032
    outer loop
      vertex -29.73 46.7624 -3.53553
      vertex -30.6045 47.0466 -2.26995
      vertex -29.2278 47.748 -3.53553
    endloop
  endfacet
  facet normal -0.802458 0.127069 -0.583022
    outer loop
      vertex -29.903 45.6699 -3.53553
      vertex -30.8225 45.6699 -2.26995
      vertex -30.6045 47.0466 -2.26995
    endloop
  endfacet
  facet normal -0.12706 0.802464 0.583015
    outer loop
      vertex -26.3675 49.2054 3.53553
      vertex -27.7442 49.9069 2.26995
      vertex -27.4601 49.0324 3.53553
    endloop
  endfacet
  facet normal 0.127069 0.802458 0.583022
    outer loop
      vertex -26.3675 50.1249 2.26995
      vertex -26.3675 49.2054 3.53553
      vertex -24.9908 49.9069 2.26995
    endloop
  endfacet
  facet normal 0.453984 0.89101 -0
    outer loop
      vertex -23.4648 49.6652 -0.782172
      vertex -24.8414 50.3666 0.782172
      vertex -23.4648 49.6652 0.782172
    endloop
  endfacet
  facet normal 0.453984 0.89101 0
    outer loop
      vertex -24.8414 50.3666 0.782172
      vertex -23.4648 49.6652 -0.782172
      vertex -24.8414 50.3666 -0.782172
    endloop
  endfacet
  facet normal 0.148946 0.940449 -0.305565
    outer loop
      vertex -24.8414 50.3666 -0.782172
      vertex -26.3675 50.1249 -2.26995
      vertex -26.3675 50.6083 -0.782172
    endloop
  endfacet
  facet normal 0.405279 0.701964 -0.585658
    outer loop
      vertex 54.8132 2.86031 -3.53553
      vertex -23.7489 49.2741 -2.26995
      vertex 55.3536 3.6042 -2.26995
    endloop
  endfacet
  facet normal 0.40527 0.701949 -0.585683
    outer loop
      vertex -23.7489 49.2741 -2.26995
      vertex 54.8132 2.86031 -3.53553
      vertex -24.2894 48.5302 -3.53553
    endloop
  endfacet
  facet normal -0.141865 0.278431 -0.949921
    outer loop
      vertex -2.95975 4.96292 -29.9384
      vertex -3.20145 6.48898 -29.455
      vertex -2.7417 5.07402 -29.9384
    endloop
  endfacet
  facet normal 0.5 0.866025 -0
    outer loop
      vertex 55.6378 3.99528 -0.782172
      vertex -23.4648 49.6652 0.782172
      vertex 55.6378 3.99528 0.782172
    endloop
  endfacet
  facet normal 0.5 0.866025 0
    outer loop
      vertex -23.4648 49.6652 0.782172
      vertex 55.6378 3.99528 -0.782172
      vertex -23.4648 49.6652 -0.782172
    endloop
  endfacet
  facet normal 0.987689 -0.156432 0
    outer loop
      vertex 57.4318 -1.52606 0.782172
      vertex 57.6735 0 -0.782172
      vertex 57.6735 0 0.782172
    endloop
  endfacet
  facet normal 0.987689 -0.156432 0
    outer loop
      vertex 57.6735 0 -0.782172
      vertex 57.4318 -1.52606 0.782172
      vertex 57.4318 -1.52606 -0.782172
    endloop
  endfacet
  facet normal 0.890994 -0.454014 0
    outer loop
      vertex 56.7303 -2.90274 0.782172
      vertex 57.4318 -1.52606 -0.782172
      vertex 57.4318 -1.52606 0.782172
    endloop
  endfacet
  facet normal 0.890994 -0.454014 0
    outer loop
      vertex 57.4318 -1.52606 -0.782172
      vertex 56.7303 -2.90274 0.782172
      vertex 56.7303 -2.90274 -0.782172
    endloop
  endfacet
  facet normal 0.294949 0.510867 -0.807478
    outer loop
      vertex 6.33424 1.83643 -29.455
      vertex -0.421865 7.19043 -28.5355
      vertex 7.07813 2.86031 -28.5355
    endloop
  endfacet
  facet normal 0.29495 0.510868 -0.807476
    outer loop
      vertex -0.421865 7.19043 -28.5355
      vertex 6.33424 1.83643 -29.455
      vertex -1.16576 6.16656 -29.455
    endloop
  endfacet
  facet normal 0.127069 0.802458 -0.583022
    outer loop
      vertex -24.9908 49.9069 -2.26995
      vertex -26.3675 49.2054 -3.53553
      vertex -26.3675 50.1249 -2.26995
    endloop
  endfacet
  facet normal 0.127071 0.802457 -0.583023
    outer loop
      vertex -25.275 49.0324 -3.53553
      vertex -26.3675 49.2054 -3.53553
      vertex -24.9908 49.9069 -2.26995
    endloop
  endfacet
  facet normal -0.220964 -0.220964 -0.949921
    outer loop
      vertex -3.83424 -6.16656 -29.455
      vertex -3.13279 -4.78988 -29.9384
      vertex -2.95975 -4.96292 -29.9384
    endloop
  endfacet
  facet normal -0.220964 -0.220964 -0.949921
    outer loop
      vertex -3.13279 -4.78988 -29.9384
      vertex -3.83424 -6.16656 -29.455
      vertex -4.33643 -5.66437 -29.455
    endloop
  endfacet
  facet normal -0.337097 0.336981 -0.879096
    outer loop
      vertex -28.2039 47.0041 -4.45503
      vertex -26.8042 45.9517 -5.39517
      vertex -26.9822 45.8075 -5.38219
    endloop
  endfacet
  facet normal -0.336999 0.33708 -0.879095
    outer loop
      vertex -28.2039 47.0041 -4.45503
      vertex -26.9822 45.8075 -5.38219
      vertex -27.2378 45.414 -5.43509
    endloop
  endfacet
  facet normal -0.337041 0.337051 -0.87909
    outer loop
      vertex -28.2039 47.0041 -4.45503
      vertex -27.2378 45.414 -5.43509
      vertex -27.2531 45.3571 -5.45104
    endloop
  endfacet
  facet normal -0.337075 0.337008 -0.879094
    outer loop
      vertex -26.8042 45.9517 -5.39517
      vertex -28.2039 47.0041 -4.45503
      vertex -27.7018 47.5063 -4.45503
    endloop
  endfacet
  facet normal -0.337039 0.337039 -0.879096
    outer loop
      vertex -25.5556 43.3366 -6.87646
      vertex -3.83424 6.16656 -29.455
      vertex -4.33643 5.66437 -29.455
    endloop
  endfacet
  facet normal -0.337126 0.336981 -0.879085
    outer loop
      vertex -3.83424 6.16656 -29.455
      vertex -25.5556 43.3366 -6.87646
      vertex -25.3418 43.4187 -6.92698
    endloop
  endfacet
  facet normal -0.336964 0.337087 -0.879106
    outer loop
      vertex -4.33643 5.66437 -29.455
      vertex -26.0243 43.3121 -6.7062
      vertex -25.5556 43.3366 -6.87646
    endloop
  endfacet
  facet normal -0.337487 0.336744 -0.879037
    outer loop
      vertex -26.0243 43.3121 -6.7062
      vertex -4.33643 5.66437 -29.455
      vertex -26.0811 43.3273 -6.67857
    endloop
  endfacet
  facet normal 0.527973 0.269025 0.805525
    outer loop
      vertex 55.5953 2.07813 3.53553
      vertex 54.8939 0.701453 4.45503
      vertex 56.0975 1.09254 3.53553
    endloop
  endfacet
  facet normal 0.278431 0.141868 0.949921
    outer loop
      vertex 7.15885 0.701453 29.455
      vertex 5.63279 0.459749 29.9384
      vertex 5.74389 0.241704 29.9384
    endloop
  endfacet
  facet normal 0.220964 -0.220964 0.949921
    outer loop
      vertex 5.63279 -0.459749 29.9384
      vertex 6.33424 -1.83643 29.455
      vertex 6.83643 -1.33424 29.455
    endloop
  endfacet
  facet normal 0.220966 -0.220963 0.949921
    outer loop
      vertex 6.33424 -1.83643 29.455
      vertex 5.63279 -0.459749 29.9384
      vertex 5.45975 -0.632791 29.9384
    endloop
  endfacet
  facet normal 0.148946 0.940449 0.305565
    outer loop
      vertex -26.3675 50.6083 0.782172
      vertex -26.3675 50.1249 2.26995
      vertex -24.8414 50.3666 0.782172
    endloop
  endfacet
  facet normal 0.368854 0.723894 0.58303
    outer loop
      vertex -23.7489 49.2741 2.26995
      vertex -24.9908 49.9069 2.26995
      vertex -24.2894 48.5302 3.53553
    endloop
  endfacet
  facet normal 0.294949 0.510867 0.807478
    outer loop
      vertex -0.421865 7.19043 28.5355
      vertex 6.33424 1.83643 29.455
      vertex 7.07813 2.86031 28.5355
    endloop
  endfacet
  facet normal 0.29495 0.510868 0.807476
    outer loop
      vertex 6.33424 1.83643 29.455
      vertex -0.421865 7.19043 28.5355
      vertex -1.16576 6.16656 29.455
    endloop
  endfacet
  facet normal 0.361649 0.626395 0.690535
    outer loop
      vertex 7.07813 2.86031 28.5355
      vertex -24.2894 48.5302 3.53553
      vertex -0.421865 7.19043 28.5355
    endloop
  endfacet
  facet normal -0.141867 -0.278431 0.949921
    outer loop
      vertex -2.95975 -4.96292 29.9384
      vertex -3.83424 -6.16656 29.455
      vertex -3.20145 -6.48898 29.455
    endloop
  endfacet
  facet normal -0.0488824 -0.308643 0.949921
    outer loop
      vertex -2.7417 -5.07402 29.9384
      vertex -3.20145 -6.48898 29.455
      vertex -2.5 -5.1123 29.9384
    endloop
  endfacet
  facet normal 0.141867 -0.278431 0.949921
    outer loop
      vertex -1.16576 -6.16656 29.455
      vertex -2.04025 -4.96292 29.9384
      vertex -1.79855 -6.48898 29.455
    endloop
  endfacet
  facet normal 0.451504 -0.230038 0.862106
    outer loop
      vertex 53.0404 -0.701453 5.42575
      vertex 54.5715 -1.33424 4.45503
      vertex 54.8939 -0.701453 4.45503
    endloop
  endfacet
  facet normal 0.451525 -0.22999 0.862108
    outer loop
      vertex 52.9486 -0.881678 5.42575
      vertex 54.5715 -1.33424 4.45503
      vertex 53.0404 -0.701453 5.42575
    endloop
  endfacet
  facet normal 0.45149 -0.230096 0.862098
    outer loop
      vertex 52.6167 -1.21352 5.511
      vertex 54.5715 -1.33424 4.45503
      vertex 52.9486 -0.881678 5.42575
    endloop
  endfacet
  facet normal 0.451513 -0.229954 0.862124
    outer loop
      vertex 54.5715 -1.33424 4.45503
      vertex 52.6167 -1.21352 5.511
      vertex 52.3798 -1.33424 5.60287
    endloop
  endfacet
  facet normal 0.451494 -0.230139 0.862084
    outer loop
      vertex 7.15885 -0.701453 29.455
      vertex 50.5215 -0.881678 6.69686
      vertex 50.4297 -0.701453 6.79305
    endloop
  endfacet
  facet normal 0.451504 -0.230052 0.862103
    outer loop
      vertex 6.83643 -1.33424 29.455
      vertex 50.5215 -0.881678 6.69686
      vertex 7.15885 -0.701453 29.455
    endloop
  endfacet
  facet normal 0.451497 -0.230116 0.862089
    outer loop
      vertex 50.5215 -0.881678 6.69686
      vertex 6.83643 -1.33424 29.455
      vertex 50.8533 -1.21352 6.43451
    endloop
  endfacet
  facet normal 0.45153 -0.229805 0.862154
    outer loop
      vertex 50.8533 -1.21352 6.43451
      vertex 6.83643 -1.33424 29.455
      vertex 51.0903 -1.33424 6.27821
    endloop
  endfacet
  facet normal 0.475778 -0.82407 0.30748
    outer loop
      vertex -23.4648 -49.6652 0.782172
      vertex 55.3536 -3.6042 2.26995
      vertex -23.7489 -49.2741 2.26995
    endloop
  endfacet
  facet normal 0.475774 -0.824065 0.307499
    outer loop
      vertex 55.3536 -3.6042 2.26995
      vertex -23.4648 -49.6652 0.782172
      vertex 55.6378 -3.99528 0.782172
    endloop
  endfacet
  facet normal 0.432273 -0.848398 -0.30555
    outer loop
      vertex -24.8414 -50.3666 -0.782172
      vertex -24.9908 -49.9069 -2.26995
      vertex -23.4648 -49.6652 -0.782172
    endloop
  endfacet
  facet normal 0.432273 -0.848398 0.30555
    outer loop
      vertex -23.4648 -49.6652 0.782172
      vertex -24.9908 -49.9069 2.26995
      vertex -24.8414 -50.3666 0.782172
    endloop
  endfacet
  facet normal -0.52793 -0.269054 -0.805543
    outer loop
      vertex -28.2039 -47.0041 -4.45503
      vertex -29.2278 -47.748 -3.53553
      vertex -28.5264 -46.3713 -4.45503
    endloop
  endfacet
  facet normal -0.368854 -0.723894 0.58303
    outer loop
      vertex -28.4456 -48.5302 3.53553
      vertex -28.9861 -49.2741 2.26995
      vertex -27.7442 -49.9069 2.26995
    endloop
  endfacet
  facet normal 0.278431 -0.141868 0.949921
    outer loop
      vertex 5.74389 -0.241704 29.9384
      vertex 5.63279 -0.459749 29.9384
      vertex 7.15885 -0.701453 29.455
    endloop
  endfacet
  facet normal -0.723894 0.368854 0.58303
    outer loop
      vertex -29.9717 48.2885 2.26995
      vertex -30.6045 47.0466 2.26995
      vertex -29.2278 47.748 3.53553
    endloop
  endfacet
  facet normal -0.585255 0.0926946 0.805534
    outer loop
      vertex -5.86249 5.42267 28.5355
      vertex -6.03553 4.33013 28.5355
      vertex -4.65885 5.03158 29.455
    endloop
  endfacet
  facet normal -0.52793 0.269054 0.805543
    outer loop
      vertex -28.2039 47.0041 4.45503
      vertex -29.2278 47.748 3.53553
      vertex -28.5264 46.3713 4.45503
    endloop
  endfacet
  facet normal 0.269014 -0.527965 0.805534
    outer loop
      vertex -0.421865 -7.19043 28.5355
      vertex -1.79855 -6.48898 29.455
      vertex -1.40746 -7.69262 28.5355
    endloop
  endfacet
  facet normal -0.368888 -0.723893 0.58301
    outer loop
      vertex -27.4601 -49.0324 3.53553
      vertex -28.4456 -48.5302 3.53553
      vertex -27.7442 -49.9069 2.26995
    endloop
  endfacet
  facet normal -0.0926662 -0.585243 -0.805545
    outer loop
      vertex -26.3675 -49.2054 -3.53553
      vertex -27.4601 -49.0324 -3.53553
      vertex -27.069 -47.8287 -4.45503
    endloop
  endfacet
  facet normal -0.148946 -0.940449 -0.305565
    outer loop
      vertex -26.3675 -50.6083 -0.782172
      vertex -27.8936 -50.3666 -0.782172
      vertex -26.3675 -50.1249 -2.26995
    endloop
  endfacet
  facet normal 0.368851 -0.723894 -0.583032
    outer loop
      vertex -24.9908 -49.9069 -2.26995
      vertex -25.275 -49.0324 -3.53553
      vertex -24.2894 -48.5302 -3.53553
    endloop
  endfacet
  facet normal -0.268998 -0.527983 -0.805527
    outer loop
      vertex -27.069 -47.8287 -4.45503
      vertex -28.4456 -48.5302 -3.53553
      vertex -27.7018 -47.5063 -4.45503
    endloop
  endfacet
  facet normal -0.0488847 -0.308642 -0.949921
    outer loop
      vertex -2.5 -6.60008 -29.455
      vertex -3.20145 -6.48898 -29.455
      vertex -2.5 -5.1123 -29.9384
    endloop
  endfacet
  facet normal -0.278431 -0.141867 -0.949921
    outer loop
      vertex -4.33643 -5.66437 -29.455
      vertex -4.65885 -5.03158 -29.455
      vertex -3.13279 -4.78988 -29.9384
    endloop
  endfacet
  facet normal 0.432273 0.848398 -0.30555
    outer loop
      vertex -23.4648 49.6652 -0.782172
      vertex -24.9908 49.9069 -2.26995
      vertex -24.8414 50.3666 -0.782172
    endloop
  endfacet
  facet normal -0.220964 0.220964 -0.949921
    outer loop
      vertex -3.13279 4.78988 -29.9384
      vertex -3.83424 6.16656 -29.455
      vertex -2.95975 4.96292 -29.9384
    endloop
  endfacet
  facet normal -0.220964 0.220964 -0.949921
    outer loop
      vertex -3.83424 6.16656 -29.455
      vertex -3.13279 4.78988 -29.9384
      vertex -4.33643 5.66437 -29.455
    endloop
  endfacet
  facet normal -0.432248 0.848411 -0.305551
    outer loop
      vertex -27.7442 49.9069 -2.26995
      vertex -29.2703 49.6652 -0.782172
      vertex -27.8936 50.3666 -0.782172
    endloop
  endfacet
  facet normal -0.148922 0.940461 -0.305542
    outer loop
      vertex -27.7442 49.9069 -2.26995
      vertex -27.8936 50.3666 -0.782172
      vertex -26.3675 50.1249 -2.26995
    endloop
  endfacet
  facet normal -0.940421 0.149013 -0.305619
    outer loop
      vertex -30.8225 45.6699 -2.26995
      vertex -31.306 45.6699 -0.782172
      vertex -31.0642 47.1959 -0.782172
    endloop
  endfacet
  facet normal -0.527972 0.269022 -0.805526
    outer loop
      vertex -28.5264 46.3713 -4.45503
      vertex -29.73 46.7624 -3.53553
      vertex -29.2278 47.748 -3.53553
    endloop
  endfacet
  facet normal -0.631798 0.100066 -0.768647
    outer loop
      vertex -29.903 45.6699 -3.53553
      vertex -5.86249 5.42267 -28.5355
      vertex -6.03553 4.33013 -28.5355
    endloop
  endfacet
  facet normal -0.631815 0.100049 -0.768635
    outer loop
      vertex -5.86249 5.42267 -28.5355
      vertex -29.903 45.6699 -3.53553
      vertex -29.73 46.7624 -3.53553
    endloop
  endfacet
  facet normal 0.155275 0.268945 -0.950557
    outer loop
      vertex 5.45975 0.632791 -29.9384
      vertex -1.16576 6.16656 -29.455
      vertex 6.33424 1.83643 -29.455
    endloop
  endfacet
  facet normal 0.155275 0.268945 -0.950557
    outer loop
      vertex -1.16576 6.16656 -29.455
      vertex 5.45975 0.632791 -29.9384
      vertex -2.04025 4.96292 -29.9384
    endloop
  endfacet
  facet normal -0.723894 0.368851 0.583032
    outer loop
      vertex -29.2278 47.748 3.53553
      vertex -30.6045 47.0466 2.26995
      vertex -29.73 46.7624 3.53553
    endloop
  endfacet
  facet normal -0.951039 0 0.30907
    outer loop
      vertex -31.306 -45.6699 0.782172
      vertex -30.8225 45.6699 2.26995
      vertex -31.306 45.6699 0.782172
    endloop
  endfacet
  facet normal -0.951039 0 0.30907
    outer loop
      vertex -30.8225 45.6699 2.26995
      vertex -31.306 -45.6699 0.782172
      vertex -30.8225 -45.6699 2.26995
    endloop
  endfacet
  facet normal 0.527994 0.269009 -0.805517
    outer loop
      vertex 54.8939 0.701453 -4.45503
      vertex 54.5715 1.33424 -4.45503
      vertex 55.5953 2.07813 -3.53553
    endloop
  endfacet
  facet normal 0.432273 0.848398 0.30555
    outer loop
      vertex -24.8414 50.3666 0.782172
      vertex -24.9908 49.9069 2.26995
      vertex -23.4648 49.6652 0.782172
    endloop
  endfacet
  facet normal 0.368851 0.723894 -0.583032
    outer loop
      vertex -24.2894 48.5302 -3.53553
      vertex -25.275 49.0324 -3.53553
      vertex -24.9908 49.9069 -2.26995
    endloop
  endfacet
  facet normal -0.0926889 0.58525 -0.805538
    outer loop
      vertex -26.3675 47.9398 -4.45503
      vertex -27.069 47.8287 -4.45503
      vertex -26.3675 49.2054 -3.53553
    endloop
  endfacet
  facet normal -0.156428 0.987689 0
    outer loop
      vertex -26.3675 50.6083 -0.782172
      vertex -27.8936 50.3666 0.782172
      vertex -26.3675 50.6083 0.782172
    endloop
  endfacet
  facet normal -0.156428 0.987689 0
    outer loop
      vertex -27.8936 50.3666 0.782172
      vertex -26.3675 50.6083 -0.782172
      vertex -27.8936 50.3666 -0.782172
    endloop
  endfacet
  facet normal 0.7239 -0.368858 -0.58302
    outer loop
      vertex 56.972 -1.37668 -2.26995
      vertex 55.5953 -2.07813 -3.53553
      vertex 56.0975 -1.09254 -3.53553
    endloop
  endfacet
  facet normal 0.422058 -0.415248 -0.805876
    outer loop
      vertex 52.1986 -1.42658 -5.6502
      vertex 54.5715 -1.33424 -4.45503
      vertex 55.5953 -2.07813 -3.53553
    endloop
  endfacet
  facet normal 0.422074 -0.41516 -0.805913
    outer loop
      vertex 54.5715 -1.33424 -4.45503
      vertex 52.1986 -1.42658 -5.6502
      vertex 52.3798 -1.33424 -5.60287
    endloop
  endfacet
  facet normal 0.422012 -0.415368 -0.805838
    outer loop
      vertex 55.5953 -2.07813 -3.53553
      vertex 51.735 -1.5 -5.85514
      vertex 52.1986 -1.42658 -5.6502
    endloop
  endfacet
  facet normal 0.422062 -0.415227 -0.805885
    outer loop
      vertex 7.86031 -2.07813 -28.5355
      vertex 51.735 -1.5 -5.85514
      vertex 55.5953 -2.07813 -3.53553
    endloop
  endfacet
  facet normal 0.422054 -0.415266 -0.805869
    outer loop
      vertex 7.86031 -2.07813 -28.5355
      vertex 51.2715 -1.42658 -6.13572
      vertex 51.735 -1.5 -5.85514
    endloop
  endfacet
  facet normal 0.422043 -0.415322 -0.805846
    outer loop
      vertex 7.86031 -2.07813 -28.5355
      vertex 51.0903 -1.33424 -6.27821
      vertex 51.2715 -1.42658 -6.13572
    endloop
  endfacet
  facet normal 0.422064 -0.415214 -0.80589
    outer loop
      vertex 51.0903 -1.33424 -6.27821
      vertex 7.86031 -2.07813 -28.5355
      vertex 6.83643 -1.33424 -29.455
    endloop
  endfacet
  facet normal 0.141865 -0.278431 -0.949921
    outer loop
      vertex -1.79855 -6.48898 -29.455
      vertex -2.2583 -5.07402 -29.9384
      vertex -2.04025 -4.96292 -29.9384
    endloop
  endfacet
  facet normal 0.308642 0.0488845 -0.949921
    outer loop
      vertex 7.26995 0 -29.455
      vertex 5.78217 0 -29.9384
      vertex 7.15885 0.701453 -29.455
    endloop
  endfacet
  facet normal 0.361649 0.626395 -0.690535
    outer loop
      vertex 7.07813 2.86031 -28.5355
      vertex -24.2894 48.5302 -3.53553
      vertex 54.8132 2.86031 -3.53553
    endloop
  endfacet
  facet normal 0.574493 -0.574493 -0.583023
    outer loop
      vertex 55.3536 -3.6042 -2.26995
      vertex 55.5953 -2.07813 -3.53553
      vertex 56.3392 -2.6186 -2.26995
    endloop
  endfacet
  facet normal 0.574536 -0.574477 -0.582995
    outer loop
      vertex 55.5953 -2.07813 -3.53553
      vertex 55.3536 -3.6042 -2.26995
      vertex 54.8132 -2.86031 -3.53553
    endloop
  endfacet
  facet normal 0.940449 0.14895 -0.305565
    outer loop
      vertex 57.6735 0 -0.782172
      vertex 57.1901 0 -2.26995
      vertex 57.4318 1.52606 -0.782172
    endloop
  endfacet
  facet normal 0.987689 0.156432 0
    outer loop
      vertex 57.6735 0 0.782172
      vertex 57.4318 1.52606 -0.782172
      vertex 57.4318 1.52606 0.782172
    endloop
  endfacet
  facet normal 0.987689 0.156432 0
    outer loop
      vertex 57.4318 1.52606 -0.782172
      vertex 57.6735 0 0.782172
      vertex 57.6735 0 -0.782172
    endloop
  endfacet
  facet normal 0.940431 -0.148987 0.305601
    outer loop
      vertex 57.1901 0 2.26995
      vertex 56.972 -1.37668 2.26995
      vertex 57.4318 -1.52606 0.782172
    endloop
  endfacet
  facet normal 0.848371 -0.432295 0.305595
    outer loop
      vertex 56.972 -1.37668 2.26995
      vertex 56.7303 -2.90274 0.782172
      vertex 57.4318 -1.52606 0.782172
    endloop
  endfacet
  facet normal 0.278431 -0.141868 -0.949921
    outer loop
      vertex 7.15885 -0.701453 -29.455
      vertex 5.63279 -0.459749 -29.9384
      vertex 5.74389 -0.241704 -29.9384
    endloop
  endfacet
  facet normal -0.585255 -0.0926946 -0.805534
    outer loop
      vertex -5.86249 -5.42267 -28.5355
      vertex -6.03553 -4.33013 -28.5355
      vertex -4.65885 -5.03158 -29.455
    endloop
  endfacet
  facet normal 0.269011 0.527968 -0.805532
    outer loop
      vertex -1.16576 6.16656 -29.455
      vertex -1.79855 6.48898 -29.455
      vertex -0.421865 7.19043 -28.5355
    endloop
  endfacet
  facet normal -0.471919 -0.240509 -0.848203
    outer loop
      vertex -28.5264 -46.3713 -4.45503
      vertex -27.2531 -45.3571 -5.45104
      vertex -28.2039 -47.0041 -4.45503
    endloop
  endfacet
  facet normal -0.471946 -0.240466 -0.8482
    outer loop
      vertex -26.0811 -43.3273 -6.67857
      vertex -4.65885 -5.03158 -29.455
      vertex -4.33643 -5.66437 -29.455
    endloop
  endfacet
  facet normal -0.471959 -0.240456 -0.848196
    outer loop
      vertex -26.4776 -43.4335 -6.42784
      vertex -4.65885 -5.03158 -29.455
      vertex -26.0811 -43.3273 -6.67857
    endloop
  endfacet
  facet normal -0.47193 -0.240479 -0.848205
    outer loop
      vertex -26.8712 -43.6891 -6.13638
      vertex -4.65885 -5.03158 -29.455
      vertex -26.4776 -43.4335 -6.42784
    endloop
  endfacet
  facet normal -0.472108 -0.24034 -0.848146
    outer loop
      vertex -27.1665 -44.0538 -5.86866
      vertex -4.65885 -5.03158 -29.455
      vertex -26.8712 -43.6891 -6.13638
    endloop
  endfacet
  facet normal -0.471985 -0.240416 -0.848192
    outer loop
      vertex -27.2531 -45.3571 -5.45104
      vertex -28.5264 -46.3713 -4.45503
      vertex -27.3593 -44.9606 -5.50433
    endloop
  endfacet
  facet normal -0.470505 -0.241589 -0.848681
    outer loop
      vertex -27.1665 -44.0538 -5.86866
      vertex -28.5264 -46.3713 -4.45503
      vertex -4.65885 -5.03158 -29.455
    endloop
  endfacet
  facet normal -0.472027 -0.240388 -0.848177
    outer loop
      vertex -27.3347 -44.492 -5.65086
      vertex -28.5264 -46.3713 -4.45503
      vertex -27.1665 -44.0538 -5.86866
    endloop
  endfacet
  facet normal -0.471947 -0.240455 -0.848203
    outer loop
      vertex -27.3593 -44.9606 -5.50433
      vertex -28.5264 -46.3713 -4.45503
      vertex -27.3347 -44.492 -5.65086
    endloop
  endfacet
  facet normal 0.220964 0.220964 -0.949921
    outer loop
      vertex 5.63279 0.459749 -29.9384
      vertex 6.33424 1.83643 -29.455
      vertex 6.83643 1.33424 -29.455
    endloop
  endfacet
  facet normal 0.220966 0.220963 -0.949921
    outer loop
      vertex 6.33424 1.83643 -29.455
      vertex 5.63279 0.459749 -29.9384
      vertex 5.45975 0.632791 -29.9384
    endloop
  endfacet
  facet normal 0.141867 -0.278431 -0.949921
    outer loop
      vertex -1.79855 -6.48898 -29.455
      vertex -2.04025 -4.96292 -29.9384
      vertex -1.16576 -6.16656 -29.455
    endloop
  endfacet
  facet normal 0.278431 0.141867 -0.949921
    outer loop
      vertex 7.15885 0.701453 -29.455
      vertex 5.63279 0.459749 -29.9384
      vertex 6.83643 1.33424 -29.455
    endloop
  endfacet
  facet normal 0.278431 -0.141867 -0.949921
    outer loop
      vertex 6.83643 -1.33424 -29.455
      vertex 5.63279 -0.459749 -29.9384
      vertex 7.15885 -0.701453 -29.455
    endloop
  endfacet
  facet normal 0.462692 0.0732837 0.883485
    outer loop
      vertex 54.8939 0.701453 4.45503
      vertex 53.235 0 5.382
      vertex 55.005 0 4.45503
    endloop
  endfacet
  facet normal 0.462697 0.0732689 0.883484
    outer loop
      vertex 54.8939 0.701453 4.45503
      vertex 53.1616 0.463525 5.382
      vertex 53.235 0 5.382
    endloop
  endfacet
  facet normal 0.4627 0.0732444 0.883484
    outer loop
      vertex 53.1616 0.463525 5.382
      vertex 54.8939 0.701453 4.45503
      vertex 53.0404 0.701453 5.42575
    endloop
  endfacet
  facet normal 0.462699 0.0733023 0.883479
    outer loop
      vertex 50.3084 0.463525 6.87627
      vertex 7.26995 0 29.455
      vertex 50.235 0 6.95317
    endloop
  endfacet
  facet normal 0.462705 0.0731231 0.883491
    outer loop
      vertex 7.15885 0.701453 29.455
      vertex 50.3084 0.463525 6.87627
      vertex 50.4297 0.701453 6.79305
    endloop
  endfacet
  facet normal 0.4627 0.073285 0.883481
    outer loop
      vertex 50.3084 0.463525 6.87627
      vertex 7.15885 0.701453 29.455
      vertex 7.26995 0 29.455
    endloop
  endfacet
  facet normal 0.585249 0.092695 0.805538
    outer loop
      vertex 56.2706 0 3.53553
      vertex 54.8939 0.701453 4.45503
      vertex 55.005 0 4.45503
    endloop
  endfacet
  facet normal -0.268998 0.527983 0.805527
    outer loop
      vertex -27.069 47.8287 4.45503
      vertex -28.4456 48.5302 3.53553
      vertex -27.7018 47.5063 4.45503
    endloop
  endfacet
  facet normal 0.475774 0.824065 0.307499
    outer loop
      vertex -23.4648 49.6652 0.782172
      vertex 55.3536 3.6042 2.26995
      vertex 55.6378 3.99528 0.782172
    endloop
  endfacet
  facet normal 0.475778 0.82407 0.30748
    outer loop
      vertex 55.3536 3.6042 2.26995
      vertex -23.4648 49.6652 0.782172
      vertex -23.7489 49.2741 2.26995
    endloop
  endfacet
  facet normal 0.314678 0.617585 0.72081
    outer loop
      vertex -24.2894 48.5302 3.53553
      vertex -1.40746 7.69262 28.5355
      vertex -0.421865 7.19043 28.5355
    endloop
  endfacet
  facet normal 0.314683 0.617586 0.720807
    outer loop
      vertex -1.40746 7.69262 28.5355
      vertex -24.2894 48.5302 3.53553
      vertex -25.275 49.0324 3.53553
    endloop
  endfacet
  facet normal 0.451494 0.230139 0.862084
    outer loop
      vertex 50.5215 0.881678 6.69686
      vertex 7.15885 0.701453 29.455
      vertex 50.4297 0.701453 6.79305
    endloop
  endfacet
  facet normal 0.451497 0.230116 0.862089
    outer loop
      vertex 6.83643 1.33424 29.455
      vertex 50.5215 0.881678 6.69686
      vertex 50.8533 1.21352 6.43451
    endloop
  endfacet
  facet normal 0.45153 0.229805 0.862154
    outer loop
      vertex 6.83643 1.33424 29.455
      vertex 50.8533 1.21352 6.43451
      vertex 51.0903 1.33424 6.27821
    endloop
  endfacet
  facet normal 0.451504 0.230052 0.862103
    outer loop
      vertex 50.5215 0.881678 6.69686
      vertex 6.83643 1.33424 29.455
      vertex 7.15885 0.701453 29.455
    endloop
  endfacet
  facet normal 0.451504 0.230038 0.862106
    outer loop
      vertex 54.5715 1.33424 4.45503
      vertex 53.0404 0.701453 5.42575
      vertex 54.8939 0.701453 4.45503
    endloop
  endfacet
  facet normal 0.451525 0.22999 0.862108
    outer loop
      vertex 54.5715 1.33424 4.45503
      vertex 52.9486 0.881678 5.42575
      vertex 53.0404 0.701453 5.42575
    endloop
  endfacet
  facet normal 0.45149 0.230096 0.862098
    outer loop
      vertex 54.5715 1.33424 4.45503
      vertex 52.6167 1.21352 5.511
      vertex 52.9486 0.881678 5.42575
    endloop
  endfacet
  facet normal 0.451513 0.229954 0.862124
    outer loop
      vertex 52.6167 1.21352 5.511
      vertex 54.5715 1.33424 4.45503
      vertex 52.3798 1.33424 5.60287
    endloop
  endfacet
  facet normal 0.220964 0.220964 0.949921
    outer loop
      vertex 6.33424 1.83643 29.455
      vertex 5.63279 0.459749 29.9384
      vertex 6.83643 1.33424 29.455
    endloop
  endfacet
  facet normal 0.220966 0.220963 0.949921
    outer loop
      vertex 5.63279 0.459749 29.9384
      vertex 6.33424 1.83643 29.455
      vertex 5.45975 0.632791 29.9384
    endloop
  endfacet
  facet normal 0.278431 0.141867 0.949921
    outer loop
      vertex 6.83643 1.33424 29.455
      vertex 5.63279 0.459749 29.9384
      vertex 7.15885 0.701453 29.455
    endloop
  endfacet
  facet normal 0.141865 -0.278431 0.949921
    outer loop
      vertex -2.04025 -4.96292 29.9384
      vertex -2.2583 -5.07402 29.9384
      vertex -1.79855 -6.48898 29.455
    endloop
  endfacet
  facet normal 0.269011 -0.527968 0.805532
    outer loop
      vertex -1.16576 -6.16656 29.455
      vertex -1.79855 -6.48898 29.455
      vertex -0.421865 -7.19043 28.5355
    endloop
  endfacet
  facet normal 0.420867 -0.420824 0.803604
    outer loop
      vertex 7.86031 -2.07813 28.5355
      vertex 54.8132 -2.86031 3.53553
      vertex 55.5953 -2.07813 3.53553
    endloop
  endfacet
  facet normal 0.420859 -0.420859 0.80359
    outer loop
      vertex 54.8132 -2.86031 3.53553
      vertex 7.86031 -2.07813 28.5355
      vertex 7.07813 -2.86031 28.5355
    endloop
  endfacet
  facet normal 0.848384 -0.43228 0.305577
    outer loop
      vertex 56.972 -1.37668 2.26995
      vertex 56.3392 -2.6186 2.26995
      vertex 56.7303 -2.90274 0.782172
    endloop
  endfacet
  facet normal 0.723901 -0.368852 0.583024
    outer loop
      vertex 56.972 -1.37668 2.26995
      vertex 55.5953 -2.07813 3.53553
      vertex 56.3392 -2.6186 2.26995
    endloop
  endfacet
  facet normal 0.475778 -0.82407 -0.30748
    outer loop
      vertex 55.3536 -3.6042 -2.26995
      vertex -23.4648 -49.6652 -0.782172
      vertex -23.7489 -49.2741 -2.26995
    endloop
  endfacet
  facet normal 0.475774 -0.824065 -0.307499
    outer loop
      vertex -23.4648 -49.6652 -0.782172
      vertex 55.3536 -3.6042 -2.26995
      vertex 55.6378 -3.99528 -0.782172
    endloop
  endfacet
  facet normal 0.432287 -0.848385 -0.305567
    outer loop
      vertex -23.4648 -49.6652 -0.782172
      vertex -24.9908 -49.9069 -2.26995
      vertex -23.7489 -49.2741 -2.26995
    endloop
  endfacet
  facet normal 0.40527 -0.701949 0.585683
    outer loop
      vertex -23.7489 -49.2741 2.26995
      vertex 54.8132 -2.86031 3.53553
      vertex -24.2894 -48.5302 3.53553
    endloop
  endfacet
  facet normal 0.405279 -0.701964 0.585658
    outer loop
      vertex 54.8132 -2.86031 3.53553
      vertex -23.7489 -49.2741 2.26995
      vertex 55.3536 -3.6042 2.26995
    endloop
  endfacet
  facet normal 0.432287 -0.848385 0.305567
    outer loop
      vertex -23.7489 -49.2741 2.26995
      vertex -24.9908 -49.9069 2.26995
      vertex -23.4648 -49.6652 0.782172
    endloop
  endfacet
  facet normal -0.269032 -0.527939 0.805545
    outer loop
      vertex -27.069 -47.8287 4.45503
      vertex -28.4456 -48.5302 3.53553
      vertex -27.4601 -49.0324 3.53553
    endloop
  endfacet
  facet normal 0.673284 -0.673284 0.305576
    outer loop
      vertex 55.3536 -3.6042 2.26995
      vertex 56.7303 -2.90274 0.782172
      vertex 56.3392 -2.6186 2.26995
    endloop
  endfacet
  facet normal 0.673293 -0.673268 0.305591
    outer loop
      vertex 56.7303 -2.90274 0.782172
      vertex 55.3536 -3.6042 2.26995
      vertex 55.6378 -3.99528 0.782172
    endloop
  endfacet
  facet normal -0.673318 -0.673257 0.305561
    outer loop
      vertex -29.2703 -49.6652 0.782172
      vertex -29.9717 -48.2885 2.26995
      vertex -30.3628 -48.5726 0.782172
    endloop
  endfacet
  facet normal -0.673279 -0.673279 0.3056
    outer loop
      vertex -29.9717 -48.2885 2.26995
      vertex -29.2703 -49.6652 0.782172
      vertex -28.9861 -49.2741 2.26995
    endloop
  endfacet
  facet normal 0.127069 -0.802458 0.583022
    outer loop
      vertex -26.3675 -49.2054 3.53553
      vertex -26.3675 -50.1249 2.26995
      vertex -24.9908 -49.9069 2.26995
    endloop
  endfacet
  facet normal -0.848385 -0.432287 0.305567
    outer loop
      vertex -29.9717 -48.2885 2.26995
      vertex -30.6045 -47.0466 2.26995
      vertex -30.3628 -48.5726 0.782172
    endloop
  endfacet
  facet normal -0.148922 -0.940461 0.305542
    outer loop
      vertex -27.7442 -49.9069 2.26995
      vertex -27.8936 -50.3666 0.782172
      vertex -26.3675 -50.1249 2.26995
    endloop
  endfacet
  facet normal -0.673279 0.673279 0.3056
    outer loop
      vertex -29.2703 49.6652 0.782172
      vertex -29.9717 48.2885 2.26995
      vertex -28.9861 49.2741 2.26995
    endloop
  endfacet
  facet normal -0.673318 0.673257 0.305561
    outer loop
      vertex -29.9717 48.2885 2.26995
      vertex -29.2703 49.6652 0.782172
      vertex -30.3628 48.5726 0.782172
    endloop
  endfacet
  facet normal -0.432248 -0.848411 0.305551
    outer loop
      vertex -27.7442 -49.9069 2.26995
      vertex -29.2703 -49.6652 0.782172
      vertex -27.8936 -50.3666 0.782172
    endloop
  endfacet
  facet normal 0.278431 -0.141867 0.949921
    outer loop
      vertex 7.15885 -0.701453 29.455
      vertex 5.63279 -0.459749 29.9384
      vertex 6.83643 -1.33424 29.455
    endloop
  endfacet
  facet normal -0.527972 0.269022 0.805526
    outer loop
      vertex -29.2278 47.748 3.53553
      vertex -29.73 46.7624 3.53553
      vertex -28.5264 46.3713 4.45503
    endloop
  endfacet
  facet normal -0.564962 -0.162973 0.808862
    outer loop
      vertex -5.86249 -5.42267 28.5355
      vertex -28.5264 -46.3713 4.45503
      vertex -4.65885 -5.03158 29.455
    endloop
  endfacet
  facet normal -0.564978 -0.162959 0.808854
    outer loop
      vertex -28.5264 -46.3713 4.45503
      vertex -5.86249 -5.42267 28.5355
      vertex -29.73 -46.7624 3.53553
    endloop
  endfacet
  facet normal -0.723894 -0.368851 0.583032
    outer loop
      vertex -29.73 -46.7624 3.53553
      vertex -30.6045 -47.0466 2.26995
      vertex -29.2278 -47.748 3.53553
    endloop
  endfacet
  facet normal -0.148946 -0.940449 0.305565
    outer loop
      vertex -26.3675 -50.1249 2.26995
      vertex -27.8936 -50.3666 0.782172
      vertex -26.3675 -50.6083 0.782172
    endloop
  endfacet
  facet normal -0.802457 -0.127071 -0.583023
    outer loop
      vertex -29.73 -46.7624 -3.53553
      vertex -30.6045 -47.0466 -2.26995
      vertex -29.903 -45.6699 -3.53553
    endloop
  endfacet
  facet normal 0.0926743 -0.585241 -0.805546
    outer loop
      vertex -25.275 -49.0324 -3.53553
      vertex -26.3675 -49.2054 -3.53553
      vertex -25.6661 -47.8287 -4.45503
    endloop
  endfacet
  facet normal 0.092702 -0.585249 -0.805537
    outer loop
      vertex -25.6661 -47.8287 -4.45503
      vertex -26.3675 -49.2054 -3.53553
      vertex -26.3675 -47.9398 -4.45503
    endloop
  endfacet
  facet normal 0.314678 0.617585 -0.72081
    outer loop
      vertex -1.40746 7.69262 -28.5355
      vertex -24.2894 48.5302 -3.53553
      vertex -0.421865 7.19043 -28.5355
    endloop
  endfacet
  facet normal 0.314683 0.617586 -0.720807
    outer loop
      vertex -24.2894 48.5302 -3.53553
      vertex -1.40746 7.69262 -28.5355
      vertex -25.275 49.0324 -3.53553
    endloop
  endfacet
  facet normal 0.142616 0.571179 -0.808341
    outer loop
      vertex -25.6661 47.8287 -4.45503
      vertex -1.40746 7.69262 -28.5355
      vertex -1.79855 6.48898 -29.455
    endloop
  endfacet
  facet normal 0.142586 0.571169 -0.808354
    outer loop
      vertex -1.40746 7.69262 -28.5355
      vertex -25.6661 47.8287 -4.45503
      vertex -25.275 49.0324 -3.53553
    endloop
  endfacet
  facet normal -0.471946 0.240466 -0.8482
    outer loop
      vertex -4.65885 5.03158 -29.455
      vertex -26.0811 43.3273 -6.67857
      vertex -4.33643 5.66437 -29.455
    endloop
  endfacet
  facet normal -0.471959 0.240456 -0.848196
    outer loop
      vertex -4.65885 5.03158 -29.455
      vertex -26.4776 43.4335 -6.42784
      vertex -26.0811 43.3273 -6.67857
    endloop
  endfacet
  facet normal -0.47193 0.240479 -0.848205
    outer loop
      vertex -4.65885 5.03158 -29.455
      vertex -26.8712 43.6891 -6.13638
      vertex -26.4776 43.4335 -6.42784
    endloop
  endfacet
  facet normal -0.472108 0.24034 -0.848146
    outer loop
      vertex -4.65885 5.03158 -29.455
      vertex -27.1665 44.0538 -5.86866
      vertex -26.8712 43.6891 -6.13638
    endloop
  endfacet
  facet normal -0.471947 0.240455 -0.848203
    outer loop
      vertex -28.5264 46.3713 -4.45503
      vertex -27.3593 44.9606 -5.50433
      vertex -27.3347 44.492 -5.65086
    endloop
  endfacet
  facet normal -0.471903 0.2405 -0.848214
    outer loop
      vertex -27.3593 44.9606 -5.50433
      vertex -28.5264 46.3713 -4.45503
      vertex -28.2039 47.0041 -4.45503
    endloop
  endfacet
  facet normal -0.472027 0.240388 -0.848177
    outer loop
      vertex -27.1665 44.0538 -5.86866
      vertex -28.5264 46.3713 -4.45503
      vertex -27.3347 44.492 -5.65086
    endloop
  endfacet
  facet normal -0.470505 0.241589 -0.848681
    outer loop
      vertex -28.5264 46.3713 -4.45503
      vertex -27.1665 44.0538 -5.86866
      vertex -4.65885 5.03158 -29.455
    endloop
  endfacet
  facet normal -0.472028 0.240424 -0.848166
    outer loop
      vertex -27.2531 45.3571 -5.45104
      vertex -27.3593 44.9606 -5.50433
      vertex -28.2039 47.0041 -4.45503
    endloop
  endfacet
  facet normal -0.52793 0.269054 -0.805543
    outer loop
      vertex -28.5264 46.3713 -4.45503
      vertex -29.2278 47.748 -3.53553
      vertex -28.2039 47.0041 -4.45503
    endloop
  endfacet
  facet normal -0.707139 0.707074 0
    outer loop
      vertex -29.2703 49.6652 -0.782172
      vertex -30.3628 48.5726 0.782172
      vertex -29.2703 49.6652 0.782172
    endloop
  endfacet
  facet normal -0.707139 0.707074 0
    outer loop
      vertex -30.3628 48.5726 0.782172
      vertex -29.2703 49.6652 -0.782172
      vertex -30.3628 48.5726 -0.782172
    endloop
  endfacet
  facet normal -0.848385 0.432287 -0.305567
    outer loop
      vertex -29.9717 48.2885 -2.26995
      vertex -30.6045 47.0466 -2.26995
      vertex -30.3628 48.5726 -0.782172
    endloop
  endfacet
  facet normal -0.723894 0.368854 -0.58303
    outer loop
      vertex -29.2278 47.748 -3.53553
      vertex -30.6045 47.0466 -2.26995
      vertex -29.9717 48.2885 -2.26995
    endloop
  endfacet
  facet normal -0.585255 0.0926946 -0.805534
    outer loop
      vertex -4.65885 5.03158 -29.455
      vertex -6.03553 4.33013 -28.5355
      vertex -5.86249 5.42267 -28.5355
    endloop
  endfacet
  facet normal -0.564962 0.162973 -0.808862
    outer loop
      vertex -5.86249 5.42267 -28.5355
      vertex -28.5264 46.3713 -4.45503
      vertex -4.65885 5.03158 -29.455
    endloop
  endfacet
  facet normal -0.564978 0.162959 -0.808854
    outer loop
      vertex -28.5264 46.3713 -4.45503
      vertex -5.86249 5.42267 -28.5355
      vertex -29.73 46.7624 -3.53553
    endloop
  endfacet
  facet normal -0.987678 0.156501 0
    outer loop
      vertex -31.306 45.6699 -0.782172
      vertex -31.0642 47.1959 0.782172
      vertex -31.0642 47.1959 -0.782172
    endloop
  endfacet
  facet normal -0.987678 0.156501 0
    outer loop
      vertex -31.0642 47.1959 0.782172
      vertex -31.306 45.6699 -0.782172
      vertex -31.306 45.6699 0.782172
    endloop
  endfacet
  facet normal -0.891023 0.453958 0
    outer loop
      vertex -31.0642 47.1959 -0.782172
      vertex -30.3628 48.5726 0.782172
      vertex -30.3628 48.5726 -0.782172
    endloop
  endfacet
  facet normal -0.891023 0.453958 0
    outer loop
      vertex -30.3628 48.5726 0.782172
      vertex -31.0642 47.1959 -0.782172
      vertex -31.0642 47.1959 0.782172
    endloop
  endfacet
  facet normal -0.940421 0.149013 0.305619
    outer loop
      vertex -31.0642 47.1959 0.782172
      vertex -31.306 45.6699 0.782172
      vertex -30.8225 45.6699 2.26995
    endloop
  endfacet
  facet normal -0.7233 0 0.690534
    outer loop
      vertex -29.903 45.6699 3.53553
      vertex -6.03553 -4.33013 28.5355
      vertex -6.03553 4.33013 28.5355
    endloop
  endfacet
  facet normal -0.7233 0 0.690534
    outer loop
      vertex -6.03553 -4.33013 28.5355
      vertex -29.903 45.6699 3.53553
      vertex -29.903 -45.6699 3.53553
    endloop
  endfacet
  facet normal 0.673293 0.673268 0.305591
    outer loop
      vertex 55.3536 3.6042 2.26995
      vertex 56.7303 2.90274 0.782172
      vertex 55.6378 3.99528 0.782172
    endloop
  endfacet
  facet normal 0.673284 0.673284 0.305576
    outer loop
      vertex 56.7303 2.90274 0.782172
      vertex 55.3536 3.6042 2.26995
      vertex 56.3392 2.6186 2.26995
    endloop
  endfacet
  facet normal 0.368854 0.723894 -0.58303
    outer loop
      vertex -24.2894 48.5302 -3.53553
      vertex -24.9908 49.9069 -2.26995
      vertex -23.7489 49.2741 -2.26995
    endloop
  endfacet
  facet normal 0.432287 0.848385 -0.305567
    outer loop
      vertex -23.7489 49.2741 -2.26995
      vertex -24.9908 49.9069 -2.26995
      vertex -23.4648 49.6652 -0.782172
    endloop
  endfacet
  facet normal 0.420867 -0.420824 -0.803604
    outer loop
      vertex 54.8132 -2.86031 -3.53553
      vertex 7.86031 -2.07813 -28.5355
      vertex 55.5953 -2.07813 -3.53553
    endloop
  endfacet
  facet normal 0.420859 -0.420859 -0.80359
    outer loop
      vertex 7.86031 -2.07813 -28.5355
      vertex 54.8132 -2.86031 -3.53553
      vertex 7.07813 -2.86031 -28.5355
    endloop
  endfacet
  facet normal 0.848384 0.43228 -0.305577
    outer loop
      vertex 56.972 1.37668 -2.26995
      vertex 56.3392 2.6186 -2.26995
      vertex 56.7303 2.90274 -0.782172
    endloop
  endfacet
  facet normal 0.527973 0.269025 -0.805525
    outer loop
      vertex 56.0975 1.09254 -3.53553
      vertex 54.8939 0.701453 -4.45503
      vertex 55.5953 2.07813 -3.53553
    endloop
  endfacet
  facet normal 0.462692 0.0732837 -0.883485
    outer loop
      vertex 53.235 0 -5.382
      vertex 54.8939 0.701453 -4.45503
      vertex 55.005 0 -4.45503
    endloop
  endfacet
  facet normal 0.462697 0.0732689 -0.883484
    outer loop
      vertex 53.1616 0.463525 -5.382
      vertex 54.8939 0.701453 -4.45503
      vertex 53.235 0 -5.382
    endloop
  endfacet
  facet normal 0.4627 0.0732444 -0.883484
    outer loop
      vertex 54.8939 0.701453 -4.45503
      vertex 53.1616 0.463525 -5.382
      vertex 53.0404 0.701453 -5.42575
    endloop
  endfacet
  facet normal 0.462699 0.0733023 -0.883479
    outer loop
      vertex 7.26995 0 -29.455
      vertex 50.3084 0.463525 -6.87627
      vertex 50.235 0 -6.95317
    endloop
  endfacet
  facet normal 0.4627 0.073285 -0.883481
    outer loop
      vertex 7.15885 0.701453 -29.455
      vertex 50.3084 0.463525 -6.87627
      vertex 7.26995 0 -29.455
    endloop
  endfacet
  facet normal 0.462705 0.0731231 -0.883491
    outer loop
      vertex 50.3084 0.463525 -6.87627
      vertex 7.15885 0.701453 -29.455
      vertex 50.4297 0.701453 -6.79305
    endloop
  endfacet
  facet normal 0.475774 0.824065 -0.307499
    outer loop
      vertex 55.3536 3.6042 -2.26995
      vertex -23.4648 49.6652 -0.782172
      vertex 55.6378 3.99528 -0.782172
    endloop
  endfacet
  facet normal 0.475778 0.82407 -0.30748
    outer loop
      vertex -23.4648 49.6652 -0.782172
      vertex 55.3536 3.6042 -2.26995
      vertex -23.7489 49.2741 -2.26995
    endloop
  endfacet
  facet normal -0.210105 -0.414254 -0.885579
    outer loop
      vertex -27.069 -47.8287 -4.45503
      vertex -26.1794 -46.2711 -5.3947
      vertex -26.1699 -46.2716 -5.39672
    endloop
  endfacet
  facet normal -0.210889 -0.413817 -0.885597
    outer loop
      vertex -27.069 -47.8287 -4.45503
      vertex -26.6175 -46.1029 -5.36897
      vertex -26.1794 -46.2711 -5.3947
    endloop
  endfacet
  facet normal -0.21084 -0.413832 -0.885601
    outer loop
      vertex -27.7018 -47.5063 -4.45503
      vertex -26.6175 -46.1029 -5.36897
      vertex -27.069 -47.8287 -4.45503
    endloop
  endfacet
  facet normal -0.210856 -0.413821 -0.885603
    outer loop
      vertex -26.6175 -46.1029 -5.36897
      vertex -27.7018 -47.5063 -4.45503
      vertex -26.8042 -45.9517 -5.39517
    endloop
  endfacet
  facet normal -0.20843 -0.415186 -0.885538
    outer loop
      vertex -24.7528 -43.8002 -6.88898
      vertex -3.20145 -6.48898 -29.455
      vertex -24.7476 -43.8081 -6.8865
    endloop
  endfacet
  facet normal -0.210909 -0.413794 -0.885603
    outer loop
      vertex -25.1175 -43.5048 -6.94015
      vertex -3.20145 -6.48898 -29.455
      vertex -24.7528 -43.8002 -6.88898
    endloop
  endfacet
  facet normal -0.210853 -0.413826 -0.885601
    outer loop
      vertex -3.20145 -6.48898 -29.455
      vertex -25.1175 -43.5048 -6.94015
      vertex -3.83424 -6.16656 -29.455
    endloop
  endfacet
  facet normal -0.210851 -0.413827 -0.885601
    outer loop
      vertex -3.83424 -6.16656 -29.455
      vertex -25.1175 -43.5048 -6.94015
      vertex -25.3418 -43.4187 -6.92698
    endloop
  endfacet
  facet normal 0.155275 -0.268945 -0.950557
    outer loop
      vertex -1.16576 -6.16656 -29.455
      vertex 5.45975 -0.632791 -29.9384
      vertex 6.33424 -1.83643 -29.455
    endloop
  endfacet
  facet normal 0.155275 -0.268945 -0.950557
    outer loop
      vertex 5.45975 -0.632791 -29.9384
      vertex -1.16576 -6.16656 -29.455
      vertex -2.04025 -4.96292 -29.9384
    endloop
  endfacet
  facet normal 0.451504 -0.230038 -0.862106
    outer loop
      vertex 54.5715 -1.33424 -4.45503
      vertex 53.0404 -0.701453 -5.42575
      vertex 54.8939 -0.701453 -4.45503
    endloop
  endfacet
  facet normal 0.451525 -0.22999 -0.862108
    outer loop
      vertex 54.5715 -1.33424 -4.45503
      vertex 52.9486 -0.881678 -5.42575
      vertex 53.0404 -0.701453 -5.42575
    endloop
  endfacet
  facet normal 0.45149 -0.230096 -0.862098
    outer loop
      vertex 54.5715 -1.33424 -4.45503
      vertex 52.6167 -1.21352 -5.511
      vertex 52.9486 -0.881678 -5.42575
    endloop
  endfacet
  facet normal 0.451513 -0.229954 -0.862124
    outer loop
      vertex 52.6167 -1.21352 -5.511
      vertex 54.5715 -1.33424 -4.45503
      vertex 52.3798 -1.33424 -5.60287
    endloop
  endfacet
  facet normal 0.451494 -0.230139 -0.862084
    outer loop
      vertex 50.5215 -0.881678 -6.69686
      vertex 7.15885 -0.701453 -29.455
      vertex 50.4297 -0.701453 -6.79305
    endloop
  endfacet
  facet normal 0.451497 -0.230116 -0.862089
    outer loop
      vertex 6.83643 -1.33424 -29.455
      vertex 50.5215 -0.881678 -6.69686
      vertex 50.8533 -1.21352 -6.43451
    endloop
  endfacet
  facet normal 0.45153 -0.229805 -0.862154
    outer loop
      vertex 6.83643 -1.33424 -29.455
      vertex 50.8533 -1.21352 -6.43451
      vertex 51.0903 -1.33424 -6.27821
    endloop
  endfacet
  facet normal 0.451504 -0.230052 -0.862103
    outer loop
      vertex 50.5215 -0.881678 -6.69686
      vertex 6.83643 -1.33424 -29.455
      vertex 7.15885 -0.701453 -29.455
    endloop
  endfacet
  facet normal -0.432248 0.848411 0.305551
    outer loop
      vertex -27.8936 50.3666 0.782172
      vertex -29.2703 49.6652 0.782172
      vertex -27.7442 49.9069 2.26995
    endloop
  endfacet
  facet normal -0.432284 0.848377 0.305593
    outer loop
      vertex -27.7442 49.9069 2.26995
      vertex -29.2703 49.6652 0.782172
      vertex -28.9861 49.2741 2.26995
    endloop
  endfacet
  facet normal 0.148922 0.940461 0.305542
    outer loop
      vertex -24.8414 50.3666 0.782172
      vertex -26.3675 50.1249 2.26995
      vertex -24.9908 49.9069 2.26995
    endloop
  endfacet
  facet normal 0.269014 0.527965 0.805534
    outer loop
      vertex -1.40746 7.69262 28.5355
      vertex -1.79855 6.48898 29.455
      vertex -0.421865 7.19043 28.5355
    endloop
  endfacet
  facet normal 0.269011 0.527968 0.805532
    outer loop
      vertex -0.421865 7.19043 28.5355
      vertex -1.79855 6.48898 29.455
      vertex -1.16576 6.16656 29.455
    endloop
  endfacet
  facet normal 0.0488824 0.308643 0.949921
    outer loop
      vertex -1.79855 6.48898 29.455
      vertex -2.5 5.1123 29.9384
      vertex -2.2583 5.07402 29.9384
    endloop
  endfacet
  facet normal 0.308642 -0.0488845 0.949921
    outer loop
      vertex 7.26995 0 29.455
      vertex 5.78217 0 29.9384
      vertex 7.15885 -0.701453 29.455
    endloop
  endfacet
  facet normal 0.462692 -0.0732837 0.883485
    outer loop
      vertex 53.235 0 5.382
      vertex 54.8939 -0.701453 4.45503
      vertex 55.005 0 4.45503
    endloop
  endfacet
  facet normal 0.462697 -0.0732689 0.883484
    outer loop
      vertex 53.1616 -0.463525 5.382
      vertex 54.8939 -0.701453 4.45503
      vertex 53.235 0 5.382
    endloop
  endfacet
  facet normal 0.4627 -0.0732444 0.883484
    outer loop
      vertex 54.8939 -0.701453 4.45503
      vertex 53.1616 -0.463525 5.382
      vertex 53.0404 -0.701453 5.42575
    endloop
  endfacet
  facet normal 0.462699 -0.0733023 0.883479
    outer loop
      vertex 7.26995 0 29.455
      vertex 50.3084 -0.463525 6.87627
      vertex 50.235 0 6.95317
    endloop
  endfacet
  facet normal 0.4627 -0.073285 0.883481
    outer loop
      vertex 7.15885 -0.701453 29.455
      vertex 50.3084 -0.463525 6.87627
      vertex 7.26995 0 29.455
    endloop
  endfacet
  facet normal 0.462705 -0.0731231 0.883491
    outer loop
      vertex 50.3084 -0.463525 6.87627
      vertex 7.15885 -0.701453 29.455
      vertex 50.4297 -0.701453 6.79305
    endloop
  endfacet
  facet normal 0.308644 0.0488816 0.949921
    outer loop
      vertex 7.15885 0.701453 29.455
      vertex 5.74389 0.241704 29.9384
      vertex 5.78217 0 29.9384
    endloop
  endfacet
  facet normal -0.141865 -0.278431 0.949921
    outer loop
      vertex -2.95975 -4.96292 29.9384
      vertex -3.20145 -6.48898 29.455
      vertex -2.7417 -5.07402 29.9384
    endloop
  endfacet
  facet normal -0.141867 0.278431 0.949921
    outer loop
      vertex -3.20145 6.48898 29.455
      vertex -3.83424 6.16656 29.455
      vertex -2.95975 4.96292 29.9384
    endloop
  endfacet
  facet normal 0.092702 0.585249 0.805537
    outer loop
      vertex -26.3675 49.2054 3.53553
      vertex -26.3675 47.9398 4.45503
      vertex -25.6661 47.8287 4.45503
    endloop
  endfacet
  facet normal -0.0766905 0.48316 0.872167
    outer loop
      vertex -24.4972 44.1937 6.69479
      vertex -2.5 6.60008 29.455
      vertex -24.4045 44.5398 6.51121
    endloop
  endfacet
  facet normal -0.0764771 0.483262 0.872129
    outer loop
      vertex -24.7476 43.8081 6.8865
      vertex -2.5 6.60008 29.455
      vertex -24.4972 44.1937 6.69479
    endloop
  endfacet
  facet normal -0.0765374 0.483232 0.87214
    outer loop
      vertex -2.5 6.60008 29.455
      vertex -24.7476 43.8081 6.8865
      vertex -3.20145 6.48898 29.455
    endloop
  endfacet
  facet normal -0.0765742 0.483219 0.872144
    outer loop
      vertex -26.3675 47.9398 4.45503
      vertex -25.7107 46.2956 5.42368
      vertex -25.3647 46.2029 5.50542
    endloop
  endfacet
  facet normal -0.076461 0.483258 0.872133
    outer loop
      vertex -26.3675 47.9398 4.45503
      vertex -26.1699 46.2716 5.39672
      vertex -25.7107 46.2956 5.42368
    endloop
  endfacet
  facet normal -0.0765344 0.483248 0.872132
    outer loop
      vertex -26.1699 46.2716 5.39672
      vertex -26.3675 47.9398 4.45503
      vertex -27.069 47.8287 4.45503
    endloop
  endfacet
  facet normal -0.419053 0.418969 0.805518
    outer loop
      vertex -28.4456 48.5302 3.53553
      vertex -28.2039 47.0041 4.45503
      vertex -27.7018 47.5063 4.45503
    endloop
  endfacet
  facet normal -0.418991 0.418991 0.805539
    outer loop
      vertex -28.2039 47.0041 4.45503
      vertex -28.4456 48.5302 3.53553
      vertex -29.2278 47.748 3.53553
    endloop
  endfacet
  facet normal -0.0926889 -0.58525 0.805538
    outer loop
      vertex -26.3675 -47.9398 4.45503
      vertex -27.069 -47.8287 4.45503
      vertex -26.3675 -49.2054 3.53553
    endloop
  endfacet
  facet normal 0.155275 -0.268945 0.950557
    outer loop
      vertex 5.45975 -0.632791 29.9384
      vertex -1.16576 -6.16656 29.455
      vertex 6.33424 -1.83643 29.455
    endloop
  endfacet
  facet normal 0.155275 -0.268945 0.950557
    outer loop
      vertex -1.16576 -6.16656 29.455
      vertex 5.45975 -0.632791 29.9384
      vertex -2.04025 -4.96292 29.9384
    endloop
  endfacet
  facet normal 0.527973 -0.269025 0.805525
    outer loop
      vertex 56.0975 -1.09254 3.53553
      vertex 54.8939 -0.701453 4.45503
      vertex 55.5953 -2.07813 3.53553
    endloop
  endfacet
  facet normal 0.7239 -0.368858 0.58302
    outer loop
      vertex 56.0975 -1.09254 3.53553
      vertex 55.5953 -2.07813 3.53553
      vertex 56.972 -1.37668 2.26995
    endloop
  endfacet
  facet normal -0.848385 -0.432287 -0.305567
    outer loop
      vertex -30.3628 -48.5726 -0.782172
      vertex -30.6045 -47.0466 -2.26995
      vertex -29.9717 -48.2885 -2.26995
    endloop
  endfacet
  facet normal 0.148922 -0.940461 0.305542
    outer loop
      vertex -24.9908 -49.9069 2.26995
      vertex -26.3675 -50.1249 2.26995
      vertex -24.8414 -50.3666 0.782172
    endloop
  endfacet
  facet normal -0.0926662 -0.585243 0.805545
    outer loop
      vertex -27.069 -47.8287 4.45503
      vertex -27.4601 -49.0324 3.53553
      vertex -26.3675 -49.2054 3.53553
    endloop
  endfacet
  facet normal -0.0765374 -0.483232 0.87214
    outer loop
      vertex -24.7476 -43.8081 6.8865
      vertex -2.5 -6.60008 29.455
      vertex -3.20145 -6.48898 29.455
    endloop
  endfacet
  facet normal -0.0766905 -0.48316 0.872167
    outer loop
      vertex -2.5 -6.60008 29.455
      vertex -24.4972 -44.1937 6.69479
      vertex -24.4045 -44.5398 6.51121
    endloop
  endfacet
  facet normal -0.0764771 -0.483262 0.872129
    outer loop
      vertex -2.5 -6.60008 29.455
      vertex -24.7476 -43.8081 6.8865
      vertex -24.4972 -44.1937 6.69479
    endloop
  endfacet
  facet normal -0.0765742 -0.483219 0.872144
    outer loop
      vertex -25.7107 -46.2956 5.42368
      vertex -26.3675 -47.9398 4.45503
      vertex -25.3647 -46.2029 5.50542
    endloop
  endfacet
  facet normal -0.076461 -0.483258 0.872133
    outer loop
      vertex -26.1699 -46.2716 5.39672
      vertex -26.3675 -47.9398 4.45503
      vertex -25.7107 -46.2956 5.42368
    endloop
  endfacet
  facet normal -0.0765344 -0.483248 0.872132
    outer loop
      vertex -26.3675 -47.9398 4.45503
      vertex -26.1699 -46.2716 5.39672
      vertex -27.069 -47.8287 4.45503
    endloop
  endfacet
  facet normal 0.308644 -0.0488816 0.949921
    outer loop
      vertex 5.78217 0 29.9384
      vertex 5.74389 -0.241704 29.9384
      vertex 7.15885 -0.701453 29.455
    endloop
  endfacet
  facet normal -0.471946 -0.240466 0.8482
    outer loop
      vertex -4.65885 -5.03158 29.455
      vertex -26.0811 -43.3273 6.67857
      vertex -4.33643 -5.66437 29.455
    endloop
  endfacet
  facet normal -0.471959 -0.240456 0.848196
    outer loop
      vertex -4.65885 -5.03158 29.455
      vertex -26.4776 -43.4335 6.42784
      vertex -26.0811 -43.3273 6.67857
    endloop
  endfacet
  facet normal -0.47193 -0.240479 0.848205
    outer loop
      vertex -4.65885 -5.03158 29.455
      vertex -26.8712 -43.6891 6.13638
      vertex -26.4776 -43.4335 6.42784
    endloop
  endfacet
  facet normal -0.472108 -0.24034 0.848146
    outer loop
      vertex -4.65885 -5.03158 29.455
      vertex -27.1665 -44.0538 5.86866
      vertex -26.8712 -43.6891 6.13638
    endloop
  endfacet
  facet normal -0.471947 -0.240455 0.848203
    outer loop
      vertex -28.5264 -46.3713 4.45503
      vertex -27.3593 -44.9606 5.50433
      vertex -27.3347 -44.492 5.65086
    endloop
  endfacet
  facet normal -0.471903 -0.2405 0.848214
    outer loop
      vertex -27.3593 -44.9606 5.50433
      vertex -28.5264 -46.3713 4.45503
      vertex -28.2039 -47.0041 4.45503
    endloop
  endfacet
  facet normal -0.472027 -0.240388 0.848177
    outer loop
      vertex -27.1665 -44.0538 5.86866
      vertex -28.5264 -46.3713 4.45503
      vertex -27.3347 -44.492 5.65086
    endloop
  endfacet
  facet normal -0.470505 -0.241589 0.848681
    outer loop
      vertex -28.5264 -46.3713 4.45503
      vertex -27.1665 -44.0538 5.86866
      vertex -4.65885 -5.03158 29.455
    endloop
  endfacet
  facet normal -0.472028 -0.240424 0.848166
    outer loop
      vertex -27.2531 -45.3571 5.45104
      vertex -27.3593 -44.9606 5.50433
      vertex -28.2039 -47.0041 4.45503
    endloop
  endfacet
  facet normal -0.587786 0 0.809016
    outer loop
      vertex -6.03553 4.33013 28.5355
      vertex -4.76995 -4.33013 29.455
      vertex -4.76995 4.33013 29.455
    endloop
  endfacet
  facet normal -0.587786 0 0.809016
    outer loop
      vertex -4.76995 -4.33013 29.455
      vertex -6.03553 4.33013 28.5355
      vertex -6.03553 -4.33013 28.5355
    endloop
  endfacet
  facet normal -0.471919 0.240509 0.848203
    outer loop
      vertex -28.5264 46.3713 4.45503
      vertex -27.2531 45.3571 5.45104
      vertex -28.2039 47.0041 4.45503
    endloop
  endfacet
  facet normal -0.471946 0.240466 0.8482
    outer loop
      vertex -26.0811 43.3273 6.67857
      vertex -4.65885 5.03158 29.455
      vertex -4.33643 5.66437 29.455
    endloop
  endfacet
  facet normal -0.471959 0.240456 0.848196
    outer loop
      vertex -26.4776 43.4335 6.42784
      vertex -4.65885 5.03158 29.455
      vertex -26.0811 43.3273 6.67857
    endloop
  endfacet
  facet normal -0.47193 0.240479 0.848205
    outer loop
      vertex -26.8712 43.6891 6.13638
      vertex -4.65885 5.03158 29.455
      vertex -26.4776 43.4335 6.42784
    endloop
  endfacet
  facet normal -0.472108 0.24034 0.848146
    outer loop
      vertex -27.1665 44.0538 5.86866
      vertex -4.65885 5.03158 29.455
      vertex -26.8712 43.6891 6.13638
    endloop
  endfacet
  facet normal -0.471985 0.240416 0.848192
    outer loop
      vertex -27.2531 45.3571 5.45104
      vertex -28.5264 46.3713 4.45503
      vertex -27.3593 44.9606 5.50433
    endloop
  endfacet
  facet normal -0.470505 0.241589 0.848681
    outer loop
      vertex -27.1665 44.0538 5.86866
      vertex -28.5264 46.3713 4.45503
      vertex -4.65885 5.03158 29.455
    endloop
  endfacet
  facet normal -0.472027 0.240388 0.848177
    outer loop
      vertex -27.3347 44.492 5.65086
      vertex -28.5264 46.3713 4.45503
      vertex -27.1665 44.0538 5.86866
    endloop
  endfacet
  facet normal -0.471947 0.240455 0.848203
    outer loop
      vertex -27.3593 44.9606 5.50433
      vertex -28.5264 46.3713 4.45503
      vertex -27.3347 44.492 5.65086
    endloop
  endfacet
  facet normal -0.809016 0 0.587786
    outer loop
      vertex -30.8225 -45.6699 2.26995
      vertex -29.903 45.6699 3.53553
      vertex -30.8225 45.6699 2.26995
    endloop
  endfacet
  facet normal -0.809016 0 0.587786
    outer loop
      vertex -29.903 45.6699 3.53553
      vertex -30.8225 -45.6699 2.26995
      vertex -29.903 -45.6699 3.53553
    endloop
  endfacet
  facet normal -0.802458 -0.127069 0.583022
    outer loop
      vertex -29.903 -45.6699 3.53553
      vertex -30.8225 -45.6699 2.26995
      vertex -30.6045 -47.0466 2.26995
    endloop
  endfacet
  facet normal -0.940464 -0.148922 0.305533
    outer loop
      vertex -30.8225 -45.6699 2.26995
      vertex -31.0642 -47.1959 0.782172
      vertex -30.6045 -47.0466 2.26995
    endloop
  endfacet
  facet normal -0.891023 -0.453958 0
    outer loop
      vertex -30.3628 -48.5726 -0.782172
      vertex -31.0642 -47.1959 0.782172
      vertex -31.0642 -47.1959 -0.782172
    endloop
  endfacet
  facet normal -0.891023 -0.453958 0
    outer loop
      vertex -31.0642 -47.1959 0.782172
      vertex -30.3628 -48.5726 -0.782172
      vertex -30.3628 -48.5726 0.782172
    endloop
  endfacet
  facet normal -0.564962 -0.162973 -0.808862
    outer loop
      vertex -28.5264 -46.3713 -4.45503
      vertex -5.86249 -5.42267 -28.5355
      vertex -4.65885 -5.03158 -29.455
    endloop
  endfacet
  facet normal -0.564978 -0.162959 -0.808854
    outer loop
      vertex -5.86249 -5.42267 -28.5355
      vertex -28.5264 -46.3713 -4.45503
      vertex -29.73 -46.7624 -3.53553
    endloop
  endfacet
  facet normal 0.0926743 0.585241 -0.805546
    outer loop
      vertex -25.6661 47.8287 -4.45503
      vertex -26.3675 49.2054 -3.53553
      vertex -25.275 49.0324 -3.53553
    endloop
  endfacet
  facet normal -0.141867 0.278431 -0.949921
    outer loop
      vertex -2.95975 4.96292 -29.9384
      vertex -3.83424 6.16656 -29.455
      vertex -3.20145 6.48898 -29.455
    endloop
  endfacet
  facet normal -0.419053 0.418969 -0.805518
    outer loop
      vertex -28.2039 47.0041 -4.45503
      vertex -28.4456 48.5302 -3.53553
      vertex -27.7018 47.5063 -4.45503
    endloop
  endfacet
  facet normal -0.418991 0.418991 -0.805539
    outer loop
      vertex -28.4456 48.5302 -3.53553
      vertex -28.2039 47.0041 -4.45503
      vertex -29.2278 47.748 -3.53553
    endloop
  endfacet
  facet normal -0.848418 0.432251 0.305525
    outer loop
      vertex -30.3628 48.5726 0.782172
      vertex -31.0642 47.1959 0.782172
      vertex -30.6045 47.0466 2.26995
    endloop
  endfacet
  facet normal -0.848385 0.432287 0.305567
    outer loop
      vertex -30.3628 48.5726 0.782172
      vertex -30.6045 47.0466 2.26995
      vertex -29.9717 48.2885 2.26995
    endloop
  endfacet
  facet normal -0.574489 0.574489 -0.583032
    outer loop
      vertex -29.2278 47.748 -3.53553
      vertex -28.9861 49.2741 -2.26995
      vertex -28.4456 48.5302 -3.53553
    endloop
  endfacet
  facet normal -0.574489 0.574489 -0.583032
    outer loop
      vertex -28.9861 49.2741 -2.26995
      vertex -29.2278 47.748 -3.53553
      vertex -29.9717 48.2885 -2.26995
    endloop
  endfacet
  facet normal -0.308642 0.0488847 -0.949921
    outer loop
      vertex -3.28217 4.33013 -29.9384
      vertex -4.76995 4.33013 -29.455
      vertex -4.65885 5.03158 -29.455
    endloop
  endfacet
  facet normal 0.141865 0.278431 -0.949921
    outer loop
      vertex -2.04025 4.96292 -29.9384
      vertex -2.2583 5.07402 -29.9384
      vertex -1.79855 6.48898 -29.455
    endloop
  endfacet
  facet normal -1 0 0
    outer loop
      vertex -31.306 -45.6699 -0.782172
      vertex -31.306 45.6699 0.782172
      vertex -31.306 45.6699 -0.782172
    endloop
  endfacet
  facet normal -1 -0 0
    outer loop
      vertex -31.306 45.6699 0.782172
      vertex -31.306 -45.6699 -0.782172
      vertex -31.306 -45.6699 0.782172
    endloop
  endfacet
  facet normal -0.848418 0.432251 -0.305525
    outer loop
      vertex -30.6045 47.0466 -2.26995
      vertex -31.0642 47.1959 -0.782172
      vertex -30.3628 48.5726 -0.782172
    endloop
  endfacet
  facet normal -0.940464 0.148922 -0.305533
    outer loop
      vertex -30.8225 45.6699 -2.26995
      vertex -31.0642 47.1959 -0.782172
      vertex -30.6045 47.0466 -2.26995
    endloop
  endfacet
  facet normal -0.574489 0.574489 0.583032
    outer loop
      vertex -28.9861 49.2741 2.26995
      vertex -29.2278 47.748 3.53553
      vertex -28.4456 48.5302 3.53553
    endloop
  endfacet
  facet normal -0.574489 0.574489 0.583032
    outer loop
      vertex -29.2278 47.748 3.53553
      vertex -28.9861 49.2741 2.26995
      vertex -29.9717 48.2885 2.26995
    endloop
  endfacet
  facet normal 0.723901 -0.368852 -0.583024
    outer loop
      vertex 56.3392 -2.6186 -2.26995
      vertex 55.5953 -2.07813 -3.53553
      vertex 56.972 -1.37668 -2.26995
    endloop
  endfacet
  facet normal 0.527973 -0.269025 -0.805525
    outer loop
      vertex 55.5953 -2.07813 -3.53553
      vertex 54.8939 -0.701453 -4.45503
      vertex 56.0975 -1.09254 -3.53553
    endloop
  endfacet
  facet normal 0.585249 -0.092695 -0.805538
    outer loop
      vertex 56.2706 0 -3.53553
      vertex 54.8939 -0.701453 -4.45503
      vertex 55.005 0 -4.45503
    endloop
  endfacet
  facet normal 0.7239 0.368858 -0.58302
    outer loop
      vertex 56.0975 1.09254 -3.53553
      vertex 55.5953 2.07813 -3.53553
      vertex 56.972 1.37668 -2.26995
    endloop
  endfacet
  facet normal 0.802452 0.127128 -0.583017
    outer loop
      vertex 57.1901 0 -2.26995
      vertex 56.2706 0 -3.53553
      vertex 56.972 1.37668 -2.26995
    endloop
  endfacet
  facet normal 0.574493 0.574493 -0.583023
    outer loop
      vertex 55.5953 2.07813 -3.53553
      vertex 55.3536 3.6042 -2.26995
      vertex 56.3392 2.6186 -2.26995
    endloop
  endfacet
  facet normal 0.574536 0.574477 -0.582995
    outer loop
      vertex 55.3536 3.6042 -2.26995
      vertex 55.5953 2.07813 -3.53553
      vertex 54.8132 2.86031 -3.53553
    endloop
  endfacet
  facet normal -0.0765742 -0.483219 -0.872144
    outer loop
      vertex -26.3675 -47.9398 -4.45503
      vertex -25.7107 -46.2956 -5.42368
      vertex -25.3647 -46.2029 -5.50542
    endloop
  endfacet
  facet normal -0.076461 -0.483258 -0.872133
    outer loop
      vertex -26.3675 -47.9398 -4.45503
      vertex -26.1699 -46.2716 -5.39672
      vertex -25.7107 -46.2956 -5.42368
    endloop
  endfacet
  facet normal -0.0765344 -0.483248 -0.872132
    outer loop
      vertex -26.1699 -46.2716 -5.39672
      vertex -26.3675 -47.9398 -4.45503
      vertex -27.069 -47.8287 -4.45503
    endloop
  endfacet
  facet normal -0.0766905 -0.48316 -0.872167
    outer loop
      vertex -24.4972 -44.1937 -6.69479
      vertex -2.5 -6.60008 -29.455
      vertex -24.4045 -44.5398 -6.51121
    endloop
  endfacet
  facet normal -0.0764771 -0.483262 -0.872129
    outer loop
      vertex -24.7476 -43.8081 -6.8865
      vertex -2.5 -6.60008 -29.455
      vertex -24.4972 -44.1937 -6.69479
    endloop
  endfacet
  facet normal -0.0765374 -0.483232 -0.87214
    outer loop
      vertex -2.5 -6.60008 -29.455
      vertex -24.7476 -43.8081 -6.8865
      vertex -3.20145 -6.48898 -29.455
    endloop
  endfacet
  facet normal -0.0488824 0.308643 -0.949921
    outer loop
      vertex -2.7417 5.07402 -29.9384
      vertex -3.20145 6.48898 -29.455
      vertex -2.5 5.1123 -29.9384
    endloop
  endfacet
  facet normal -0.0926662 0.585243 0.805545
    outer loop
      vertex -26.3675 49.2054 3.53553
      vertex -27.4601 49.0324 3.53553
      vertex -27.069 47.8287 4.45503
    endloop
  endfacet
  facet normal -0.269032 0.527939 0.805545
    outer loop
      vertex -27.4601 49.0324 3.53553
      vertex -28.4456 48.5302 3.53553
      vertex -27.069 47.8287 4.45503
    endloop
  endfacet
  facet normal 0.156428 0.987689 -0
    outer loop
      vertex -24.8414 50.3666 -0.782172
      vertex -26.3675 50.6083 0.782172
      vertex -24.8414 50.3666 0.782172
    endloop
  endfacet
  facet normal 0.156428 0.987689 0
    outer loop
      vertex -26.3675 50.6083 0.782172
      vertex -24.8414 50.3666 -0.782172
      vertex -26.3675 50.6083 -0.782172
    endloop
  endfacet
  facet normal 0.405279 0.701964 0.585658
    outer loop
      vertex -23.7489 49.2741 2.26995
      vertex 54.8132 2.86031 3.53553
      vertex 55.3536 3.6042 2.26995
    endloop
  endfacet
  facet normal 0.40527 0.701949 0.585683
    outer loop
      vertex 54.8132 2.86031 3.53553
      vertex -23.7489 49.2741 2.26995
      vertex -24.2894 48.5302 3.53553
    endloop
  endfacet
  facet normal 0.141867 0.278431 0.949921
    outer loop
      vertex -1.79855 6.48898 29.455
      vertex -2.04025 4.96292 29.9384
      vertex -1.16576 6.16656 29.455
    endloop
  endfacet
  facet normal 0.155275 0.268945 0.950557
    outer loop
      vertex -1.16576 6.16656 29.455
      vertex 5.45975 0.632791 29.9384
      vertex 6.33424 1.83643 29.455
    endloop
  endfacet
  facet normal 0.155275 0.268945 0.950557
    outer loop
      vertex 5.45975 0.632791 29.9384
      vertex -1.16576 6.16656 29.455
      vertex -2.04025 4.96292 29.9384
    endloop
  endfacet
  facet normal -0.308643 0.0488824 0.949921
    outer loop
      vertex -3.24389 4.57183 29.9384
      vertex -4.65885 5.03158 29.455
      vertex -3.28217 4.33013 29.9384
    endloop
  endfacet
  facet normal -0.0488824 0.308643 0.949921
    outer loop
      vertex -2.5 5.1123 29.9384
      vertex -3.20145 6.48898 29.455
      vertex -2.7417 5.07402 29.9384
    endloop
  endfacet
  facet normal -0.527972 -0.269022 0.805526
    outer loop
      vertex -28.5264 -46.3713 4.45503
      vertex -29.73 -46.7624 3.53553
      vertex -29.2278 -47.748 3.53553
    endloop
  endfacet
  facet normal 0.0488824 -0.308643 0.949921
    outer loop
      vertex -2.2583 -5.07402 29.9384
      vertex -2.5 -5.1123 29.9384
      vertex -1.79855 -6.48898 29.455
    endloop
  endfacet
  facet normal -0.220964 0.220964 0.949921
    outer loop
      vertex -3.83424 6.16656 29.455
      vertex -3.13279 4.78988 29.9384
      vertex -2.95975 4.96292 29.9384
    endloop
  endfacet
  facet normal -0.220964 0.220964 0.949921
    outer loop
      vertex -3.13279 4.78988 29.9384
      vertex -3.83424 6.16656 29.455
      vertex -4.33643 5.66437 29.455
    endloop
  endfacet
  facet normal 0.142586 0.571169 0.808354
    outer loop
      vertex -25.6661 47.8287 4.45503
      vertex -1.40746 7.69262 28.5355
      vertex -25.275 49.0324 3.53553
    endloop
  endfacet
  facet normal 0.142616 0.571179 0.808341
    outer loop
      vertex -1.40746 7.69262 28.5355
      vertex -25.6661 47.8287 4.45503
      vertex -1.79855 6.48898 29.455
    endloop
  endfacet
  facet normal 0.0926743 0.585241 0.805546
    outer loop
      vertex -25.275 49.0324 3.53553
      vertex -26.3675 49.2054 3.53553
      vertex -25.6661 47.8287 4.45503
    endloop
  endfacet
  facet normal 0.294949 -0.510867 0.807478
    outer loop
      vertex 6.33424 -1.83643 29.455
      vertex -0.421865 -7.19043 28.5355
      vertex 7.07813 -2.86031 28.5355
    endloop
  endfacet
  facet normal 0.29495 -0.510868 0.807476
    outer loop
      vertex -0.421865 -7.19043 28.5355
      vertex 6.33424 -1.83643 29.455
      vertex -1.16576 -6.16656 29.455
    endloop
  endfacet
  facet normal -0.141865 0.278431 0.949921
    outer loop
      vertex -2.7417 5.07402 29.9384
      vertex -3.20145 6.48898 29.455
      vertex -2.95975 4.96292 29.9384
    endloop
  endfacet
  facet normal 0.141865 0.278431 0.949921
    outer loop
      vertex -1.79855 6.48898 29.455
      vertex -2.2583 5.07402 29.9384
      vertex -2.04025 4.96292 29.9384
    endloop
  endfacet
  facet normal 0.0488847 -0.308642 0.949921
    outer loop
      vertex -2.5 -5.1123 29.9384
      vertex -2.5 -6.60008 29.455
      vertex -1.79855 -6.48898 29.455
    endloop
  endfacet
  facet normal -0.0488847 -0.308642 0.949921
    outer loop
      vertex -2.5 -5.1123 29.9384
      vertex -3.20145 -6.48898 29.455
      vertex -2.5 -6.60008 29.455
    endloop
  endfacet
  facet normal 0.418996 -0.418996 0.805534
    outer loop
      vertex 6.83643 -1.33424 29.455
      vertex 7.07813 -2.86031 28.5355
      vertex 7.86031 -2.07813 28.5355
    endloop
  endfacet
  facet normal 0.418996 -0.418996 0.805534
    outer loop
      vertex 7.07813 -2.86031 28.5355
      vertex 6.83643 -1.33424 29.455
      vertex 6.33424 -1.83643 29.455
    endloop
  endfacet
  facet normal 0.802446 -0.127138 0.583024
    outer loop
      vertex 56.2706 0 3.53553
      vertex 56.0975 -1.09254 3.53553
      vertex 56.972 -1.37668 2.26995
    endloop
  endfacet
  facet normal 0.585259 -0.0927273 0.805527
    outer loop
      vertex 56.2706 0 3.53553
      vertex 54.8939 -0.701453 4.45503
      vertex 56.0975 -1.09254 3.53553
    endloop
  endfacet
  facet normal -0.673318 -0.673257 -0.305561
    outer loop
      vertex -29.9717 -48.2885 -2.26995
      vertex -29.2703 -49.6652 -0.782172
      vertex -30.3628 -48.5726 -0.782172
    endloop
  endfacet
  facet normal -0.673279 -0.673279 -0.3056
    outer loop
      vertex -29.2703 -49.6652 -0.782172
      vertex -29.9717 -48.2885 -2.26995
      vertex -28.9861 -49.2741 -2.26995
    endloop
  endfacet
  facet normal -0.368888 -0.723893 -0.58301
    outer loop
      vertex -27.7442 -49.9069 -2.26995
      vertex -28.4456 -48.5302 -3.53553
      vertex -27.4601 -49.0324 -3.53553
    endloop
  endfacet
  facet normal -0.848418 -0.432251 -0.305525
    outer loop
      vertex -30.3628 -48.5726 -0.782172
      vertex -31.0642 -47.1959 -0.782172
      vertex -30.6045 -47.0466 -2.26995
    endloop
  endfacet
  facet normal -0.12706 -0.802464 -0.583015
    outer loop
      vertex -26.3675 -49.2054 -3.53553
      vertex -27.7442 -49.9069 -2.26995
      vertex -27.4601 -49.0324 -3.53553
    endloop
  endfacet
  facet normal -0.148922 -0.940461 -0.305542
    outer loop
      vertex -26.3675 -50.1249 -2.26995
      vertex -27.8936 -50.3666 -0.782172
      vertex -27.7442 -49.9069 -2.26995
    endloop
  endfacet
  facet normal -0.432284 -0.848377 0.305593
    outer loop
      vertex -28.9861 -49.2741 2.26995
      vertex -29.2703 -49.6652 0.782172
      vertex -27.7442 -49.9069 2.26995
    endloop
  endfacet
  facet normal -0.309012 0 0.951058
    outer loop
      vertex -4.76995 4.33013 29.455
      vertex -3.28217 -4.33013 29.9384
      vertex -3.28217 4.33013 29.9384
    endloop
  endfacet
  facet normal -0.309012 0 0.951058
    outer loop
      vertex -3.28217 -4.33013 29.9384
      vertex -4.76995 4.33013 29.455
      vertex -4.76995 -4.33013 29.455
    endloop
  endfacet
  facet normal -0.585255 -0.0926946 0.805534
    outer loop
      vertex -4.65885 -5.03158 29.455
      vertex -6.03553 -4.33013 28.5355
      vertex -5.86249 -5.42267 28.5355
    endloop
  endfacet
  facet normal -0.585255 -0.0926964 0.805533
    outer loop
      vertex -4.76995 -4.33013 29.455
      vertex -6.03553 -4.33013 28.5355
      vertex -4.65885 -5.03158 29.455
    endloop
  endfacet
  facet normal -0.940464 0.148922 0.305533
    outer loop
      vertex -30.6045 47.0466 2.26995
      vertex -31.0642 47.1959 0.782172
      vertex -30.8225 45.6699 2.26995
    endloop
  endfacet
  facet normal -0.802458 0.127069 0.583022
    outer loop
      vertex -30.6045 47.0466 2.26995
      vertex -30.8225 45.6699 2.26995
      vertex -29.903 45.6699 3.53553
    endloop
  endfacet
  facet normal -0.940464 -0.148922 -0.305533
    outer loop
      vertex -30.6045 -47.0466 -2.26995
      vertex -31.0642 -47.1959 -0.782172
      vertex -30.8225 -45.6699 -2.26995
    endloop
  endfacet
  facet normal -0.802458 -0.127069 -0.583022
    outer loop
      vertex -30.6045 -47.0466 -2.26995
      vertex -30.8225 -45.6699 -2.26995
      vertex -29.903 -45.6699 -3.53553
    endloop
  endfacet
  facet normal -0.432284 -0.848377 -0.305593
    outer loop
      vertex -27.7442 -49.9069 -2.26995
      vertex -29.2703 -49.6652 -0.782172
      vertex -28.9861 -49.2741 -2.26995
    endloop
  endfacet
  facet normal -0.707139 -0.707074 0
    outer loop
      vertex -30.3628 -48.5726 -0.782172
      vertex -29.2703 -49.6652 0.782172
      vertex -30.3628 -48.5726 0.782172
    endloop
  endfacet
  facet normal -0.707139 -0.707074 -0
    outer loop
      vertex -29.2703 -49.6652 0.782172
      vertex -30.3628 -48.5726 -0.782172
      vertex -29.2703 -49.6652 -0.782172
    endloop
  endfacet
  facet normal -0.940421 -0.149013 0.305619
    outer loop
      vertex -30.8225 -45.6699 2.26995
      vertex -31.306 -45.6699 0.782172
      vertex -31.0642 -47.1959 0.782172
    endloop
  endfacet
  facet normal -0.987678 -0.156501 0
    outer loop
      vertex -31.0642 -47.1959 -0.782172
      vertex -31.306 -45.6699 0.782172
      vertex -31.306 -45.6699 -0.782172
    endloop
  endfacet
  facet normal -0.987678 -0.156501 0
    outer loop
      vertex -31.306 -45.6699 0.782172
      vertex -31.0642 -47.1959 -0.782172
      vertex -31.0642 -47.1959 0.782172
    endloop
  endfacet
  facet normal -0.723894 -0.368851 -0.583032
    outer loop
      vertex -29.2278 -47.748 -3.53553
      vertex -30.6045 -47.0466 -2.26995
      vertex -29.73 -46.7624 -3.53553
    endloop
  endfacet
  facet normal -0.527972 -0.269022 -0.805526
    outer loop
      vertex -29.2278 -47.748 -3.53553
      vertex -29.73 -46.7624 -3.53553
      vertex -28.5264 -46.3713 -4.45503
    endloop
  endfacet
  facet normal -0.12706 0.802464 -0.583015
    outer loop
      vertex -27.4601 49.0324 -3.53553
      vertex -27.7442 49.9069 -2.26995
      vertex -26.3675 49.2054 -3.53553
    endloop
  endfacet
  facet normal -0.127069 0.802458 -0.583022
    outer loop
      vertex -26.3675 49.2054 -3.53553
      vertex -27.7442 49.9069 -2.26995
      vertex -26.3675 50.1249 -2.26995
    endloop
  endfacet
  facet normal -0.210105 0.414254 -0.885579
    outer loop
      vertex -26.1794 46.2711 -5.3947
      vertex -27.069 47.8287 -4.45503
      vertex -26.1699 46.2716 -5.39672
    endloop
  endfacet
  facet normal -0.210889 0.413817 -0.885597
    outer loop
      vertex -26.6175 46.1029 -5.36897
      vertex -27.069 47.8287 -4.45503
      vertex -26.1794 46.2711 -5.3947
    endloop
  endfacet
  facet normal -0.210856 0.413821 -0.885603
    outer loop
      vertex -27.7018 47.5063 -4.45503
      vertex -26.6175 46.1029 -5.36897
      vertex -26.8042 45.9517 -5.39517
    endloop
  endfacet
  facet normal -0.21084 0.413832 -0.885601
    outer loop
      vertex -26.6175 46.1029 -5.36897
      vertex -27.7018 47.5063 -4.45503
      vertex -27.069 47.8287 -4.45503
    endloop
  endfacet
  facet normal -0.210853 0.413826 -0.885601
    outer loop
      vertex -25.1175 43.5048 -6.94015
      vertex -3.20145 6.48898 -29.455
      vertex -3.83424 6.16656 -29.455
    endloop
  endfacet
  facet normal -0.20843 0.415186 -0.885538
    outer loop
      vertex -3.20145 6.48898 -29.455
      vertex -24.7528 43.8002 -6.88898
      vertex -24.7476 43.8081 -6.8865
    endloop
  endfacet
  facet normal -0.210909 0.413794 -0.885603
    outer loop
      vertex -3.20145 6.48898 -29.455
      vertex -25.1175 43.5048 -6.94015
      vertex -24.7528 43.8002 -6.88898
    endloop
  endfacet
  facet normal -0.210851 0.413827 -0.885601
    outer loop
      vertex -25.1175 43.5048 -6.94015
      vertex -3.83424 6.16656 -29.455
      vertex -25.3418 43.4187 -6.92698
    endloop
  endfacet
  facet normal 0 0 -1
    outer loop
      vertex 5.74389 -0.241704 -29.9384
      vertex 5.74389 0.241704 -29.9384
      vertex 5.78217 0 -29.9384
    endloop
  endfacet
  facet normal 0 0 -1
    outer loop
      vertex 5.63279 -0.459749 -29.9384
      vertex 5.74389 0.241704 -29.9384
      vertex 5.74389 -0.241704 -29.9384
    endloop
  endfacet
  facet normal 0 0 -1
    outer loop
      vertex 5.63279 -0.459749 -29.9384
      vertex 5.63279 0.459749 -29.9384
      vertex 5.74389 0.241704 -29.9384
    endloop
  endfacet
  facet normal 0 0 -1
    outer loop
      vertex 5.45975 -0.632791 -29.9384
      vertex 5.63279 0.459749 -29.9384
      vertex 5.63279 -0.459749 -29.9384
    endloop
  endfacet
  facet normal 0 0 -1
    outer loop
      vertex 5.45975 -0.632791 -29.9384
      vertex 5.45975 0.632791 -29.9384
      vertex 5.63279 0.459749 -29.9384
    endloop
  endfacet
  facet normal 0 0 -1
    outer loop
      vertex 5.45975 -0.632791 -29.9384
      vertex 2.5 0 -29.9384
      vertex 5.45975 0.632791 -29.9384
    endloop
  endfacet
  facet normal -0 0 -1
    outer loop
      vertex 5.45975 -0.632791 -29.9384
      vertex 2.37764 -0.772542 -29.9384
      vertex 2.5 0 -29.9384
    endloop
  endfacet
  facet normal 0 0 -1
    outer loop
      vertex 5.45975 -0.632791 -29.9384
      vertex 2.02254 -1.46946 -29.9384
      vertex 2.37764 -0.772542 -29.9384
    endloop
  endfacet
  facet normal 0 0 -1
    outer loop
      vertex 5.45975 -0.632791 -29.9384
      vertex 1.46946 -2.02254 -29.9384
      vertex 2.02254 -1.46946 -29.9384
    endloop
  endfacet
  facet normal 0 0 -1
    outer loop
      vertex -2.04025 -4.96292 -29.9384
      vertex 1.46946 -2.02254 -29.9384
      vertex 5.45975 -0.632791 -29.9384
    endloop
  endfacet
  facet normal 0 0 -1
    outer loop
      vertex 1.46946 -2.02254 -29.9384
      vertex -2.04025 -4.96292 -29.9384
      vertex 0.772542 -2.37764 -29.9384
    endloop
  endfacet
  facet normal 0 0 -1
    outer loop
      vertex -2.04025 -4.96292 -29.9384
      vertex 0 -2.5 -29.9384
      vertex 0.772542 -2.37764 -29.9384
    endloop
  endfacet
  facet normal 0 0 -1
    outer loop
      vertex -2.04025 -4.96292 -29.9384
      vertex -0.772542 -2.37764 -29.9384
      vertex 0 -2.5 -29.9384
    endloop
  endfacet
  facet normal 0 0 -1
    outer loop
      vertex -2.04025 -4.96292 -29.9384
      vertex -1.46946 -2.02254 -29.9384
      vertex -0.772542 -2.37764 -29.9384
    endloop
  endfacet
  facet normal 0 0 -1
    outer loop
      vertex -3.28217 -4.33013 -29.9384
      vertex -1.46946 -2.02254 -29.9384
      vertex -2.04025 -4.96292 -29.9384
    endloop
  endfacet
  facet normal 0 0 -1
    outer loop
      vertex -3.28217 -4.33013 -29.9384
      vertex -2.04025 -4.96292 -29.9384
      vertex -2.2583 -5.07402 -29.9384
    endloop
  endfacet
  facet normal -0 0 -1
    outer loop
      vertex -1.46946 -2.02254 -29.9384
      vertex -3.28217 -4.33013 -29.9384
      vertex -2.02254 -1.46946 -29.9384
    endloop
  endfacet
  facet normal 0 0 -1
    outer loop
      vertex -3.28217 -4.33013 -29.9384
      vertex -2.2583 -5.07402 -29.9384
      vertex -2.5 -5.1123 -29.9384
    endloop
  endfacet
  facet normal -0 0 -1
    outer loop
      vertex -2.02254 -1.46946 -29.9384
      vertex -3.28217 -4.33013 -29.9384
      vertex -2.37764 -0.772542 -29.9384
    endloop
  endfacet
  facet normal -0 0 -1
    outer loop
      vertex -2.37764 -0.772542 -29.9384
      vertex -3.28217 -4.33013 -29.9384
      vertex -2.5 0 -29.9384
    endloop
  endfacet
  facet normal 0 0 -1
    outer loop
      vertex -3.28217 -4.33013 -29.9384
      vertex -2.5 -5.1123 -29.9384
      vertex -2.7417 -5.07402 -29.9384
    endloop
  endfacet
  facet normal 0 0 -1
    outer loop
      vertex -3.28217 4.33013 -29.9384
      vertex -2.5 0 -29.9384
      vertex -3.28217 -4.33013 -29.9384
    endloop
  endfacet
  facet normal 0 0 -1
    outer loop
      vertex -3.28217 -4.33013 -29.9384
      vertex -2.7417 -5.07402 -29.9384
      vertex -2.95975 -4.96292 -29.9384
    endloop
  endfacet
  facet normal 0 0 -1
    outer loop
      vertex -2.5 0 -29.9384
      vertex -3.28217 4.33013 -29.9384
      vertex -2.5 5.1123 -29.9384
    endloop
  endfacet
  facet normal 0 0 -1
    outer loop
      vertex -3.28217 -4.33013 -29.9384
      vertex -2.95975 -4.96292 -29.9384
      vertex -3.13279 -4.78988 -29.9384
    endloop
  endfacet
  facet normal 0 0 -1
    outer loop
      vertex -2.5 5.1123 -29.9384
      vertex -3.28217 4.33013 -29.9384
      vertex -2.7417 5.07402 -29.9384
    endloop
  endfacet
  facet normal 0 0 -1
    outer loop
      vertex -3.28217 -4.33013 -29.9384
      vertex -3.13279 -4.78988 -29.9384
      vertex -3.24389 -4.57183 -29.9384
    endloop
  endfacet
  facet normal 0 0 -1
    outer loop
      vertex -2.7417 5.07402 -29.9384
      vertex -3.28217 4.33013 -29.9384
      vertex -2.95975 4.96292 -29.9384
    endloop
  endfacet
  facet normal 0 0 -1
    outer loop
      vertex -2.95975 4.96292 -29.9384
      vertex -3.28217 4.33013 -29.9384
      vertex -3.13279 4.78988 -29.9384
    endloop
  endfacet
  facet normal 0 0 -1
    outer loop
      vertex -3.13279 4.78988 -29.9384
      vertex -3.28217 4.33013 -29.9384
      vertex -3.24389 4.57183 -29.9384
    endloop
  endfacet
  facet normal 0 0 -1
    outer loop
      vertex 2.37764 0.772542 -29.9384
      vertex 5.45975 0.632791 -29.9384
      vertex 2.5 0 -29.9384
    endloop
  endfacet
  facet normal 0 0 -1
    outer loop
      vertex 2.02254 1.46946 -29.9384
      vertex 5.45975 0.632791 -29.9384
      vertex 2.37764 0.772542 -29.9384
    endloop
  endfacet
  facet normal 0 0 -1
    outer loop
      vertex 1.46946 2.02254 -29.9384
      vertex 5.45975 0.632791 -29.9384
      vertex 2.02254 1.46946 -29.9384
    endloop
  endfacet
  facet normal 0 0 -1
    outer loop
      vertex -2.04025 4.96292 -29.9384
      vertex 1.46946 2.02254 -29.9384
      vertex 0.772542 2.37764 -29.9384
    endloop
  endfacet
  facet normal 0 0 -1
    outer loop
      vertex 1.46946 2.02254 -29.9384
      vertex -2.04025 4.96292 -29.9384
      vertex 5.45975 0.632791 -29.9384
    endloop
  endfacet
  facet normal 0 0 -1
    outer loop
      vertex 0 2.5 -29.9384
      vertex -2.04025 4.96292 -29.9384
      vertex 0.772542 2.37764 -29.9384
    endloop
  endfacet
  facet normal 0 0 -1
    outer loop
      vertex -0.772542 2.37764 -29.9384
      vertex -2.04025 4.96292 -29.9384
      vertex 0 2.5 -29.9384
    endloop
  endfacet
  facet normal 0 0 -1
    outer loop
      vertex -1.46946 2.02254 -29.9384
      vertex -2.04025 4.96292 -29.9384
      vertex -0.772542 2.37764 -29.9384
    endloop
  endfacet
  facet normal 0 0 -1
    outer loop
      vertex -2.5 5.1123 -29.9384
      vertex -1.46946 2.02254 -29.9384
      vertex -2.02254 1.46946 -29.9384
    endloop
  endfacet
  facet normal 0 0 -1
    outer loop
      vertex -1.46946 2.02254 -29.9384
      vertex -2.5 5.1123 -29.9384
      vertex -2.04025 4.96292 -29.9384
    endloop
  endfacet
  facet normal 0 0 -1
    outer loop
      vertex -2.5 5.1123 -29.9384
      vertex -2.02254 1.46946 -29.9384
      vertex -2.37764 0.772542 -29.9384
    endloop
  endfacet
  facet normal 0 0 -1
    outer loop
      vertex -2.5 5.1123 -29.9384
      vertex -2.37764 0.772542 -29.9384
      vertex -2.5 0 -29.9384
    endloop
  endfacet
  facet normal 0 0 -1
    outer loop
      vertex -2.04025 4.96292 -29.9384
      vertex -2.5 5.1123 -29.9384
      vertex -2.2583 5.07402 -29.9384
    endloop
  endfacet
  facet normal -0.0488847 0.308642 -0.949921
    outer loop
      vertex -2.5 5.1123 -29.9384
      vertex -3.20145 6.48898 -29.455
      vertex -2.5 6.60008 -29.455
    endloop
  endfacet
  facet normal 0.0488847 0.308642 -0.949921
    outer loop
      vertex -1.79855 6.48898 -29.455
      vertex -2.5 5.1123 -29.9384
      vertex -2.5 6.60008 -29.455
    endloop
  endfacet
  facet normal 0.673284 -0.673284 -0.305576
    outer loop
      vertex 56.7303 -2.90274 -0.782172
      vertex 55.3536 -3.6042 -2.26995
      vertex 56.3392 -2.6186 -2.26995
    endloop
  endfacet
  facet normal 0.673293 -0.673268 -0.305591
    outer loop
      vertex 55.3536 -3.6042 -2.26995
      vertex 56.7303 -2.90274 -0.782172
      vertex 55.6378 -3.99528 -0.782172
    endloop
  endfacet
  facet normal 0.723901 0.368852 -0.583024
    outer loop
      vertex 56.972 1.37668 -2.26995
      vertex 55.5953 2.07813 -3.53553
      vertex 56.3392 2.6186 -2.26995
    endloop
  endfacet
  facet normal 0.802446 0.127138 -0.583024
    outer loop
      vertex 56.2706 0 -3.53553
      vertex 56.0975 1.09254 -3.53553
      vertex 56.972 1.37668 -2.26995
    endloop
  endfacet
  facet normal 0.420867 0.420824 -0.803604
    outer loop
      vertex 7.86031 2.07813 -28.5355
      vertex 54.8132 2.86031 -3.53553
      vertex 55.5953 2.07813 -3.53553
    endloop
  endfacet
  facet normal 0.420859 0.420859 -0.80359
    outer loop
      vertex 54.8132 2.86031 -3.53553
      vertex 7.86031 2.07813 -28.5355
      vertex 7.07813 2.86031 -28.5355
    endloop
  endfacet
  facet normal 0.451494 0.230139 -0.862084
    outer loop
      vertex 7.15885 0.701453 -29.455
      vertex 50.5215 0.881678 -6.69686
      vertex 50.4297 0.701453 -6.79305
    endloop
  endfacet
  facet normal 0.451504 0.230052 -0.862103
    outer loop
      vertex 6.83643 1.33424 -29.455
      vertex 50.5215 0.881678 -6.69686
      vertex 7.15885 0.701453 -29.455
    endloop
  endfacet
  facet normal 0.451497 0.230116 -0.862089
    outer loop
      vertex 50.5215 0.881678 -6.69686
      vertex 6.83643 1.33424 -29.455
      vertex 50.8533 1.21352 -6.43451
    endloop
  endfacet
  facet normal 0.45153 0.229805 -0.862154
    outer loop
      vertex 50.8533 1.21352 -6.43451
      vertex 6.83643 1.33424 -29.455
      vertex 51.0903 1.33424 -6.27821
    endloop
  endfacet
  facet normal 0.451504 0.230038 -0.862106
    outer loop
      vertex 53.0404 0.701453 -5.42575
      vertex 54.5715 1.33424 -4.45503
      vertex 54.8939 0.701453 -4.45503
    endloop
  endfacet
  facet normal 0.451525 0.22999 -0.862108
    outer loop
      vertex 52.9486 0.881678 -5.42575
      vertex 54.5715 1.33424 -4.45503
      vertex 53.0404 0.701453 -5.42575
    endloop
  endfacet
  facet normal 0.45149 0.230096 -0.862098
    outer loop
      vertex 52.6167 1.21352 -5.511
      vertex 54.5715 1.33424 -4.45503
      vertex 52.9486 0.881678 -5.42575
    endloop
  endfacet
  facet normal 0.451513 0.229954 -0.862124
    outer loop
      vertex 54.5715 1.33424 -4.45503
      vertex 52.6167 1.21352 -5.511
      vertex 52.3798 1.33424 -5.60287
    endloop
  endfacet
  facet normal 0.848371 0.432295 -0.305595
    outer loop
      vertex 56.972 1.37668 -2.26995
      vertex 56.7303 2.90274 -0.782172
      vertex 57.4318 1.52606 -0.782172
    endloop
  endfacet
  facet normal 0.940431 0.148987 -0.305601
    outer loop
      vertex 57.1901 0 -2.26995
      vertex 56.972 1.37668 -2.26995
      vertex 57.4318 1.52606 -0.782172
    endloop
  endfacet
  facet normal 0.220964 -0.220964 -0.949921
    outer loop
      vertex 6.33424 -1.83643 -29.455
      vertex 5.63279 -0.459749 -29.9384
      vertex 6.83643 -1.33424 -29.455
    endloop
  endfacet
  facet normal 0.220966 -0.220963 -0.949921
    outer loop
      vertex 5.63279 -0.459749 -29.9384
      vertex 6.33424 -1.83643 -29.455
      vertex 5.45975 -0.632791 -29.9384
    endloop
  endfacet
  facet normal 0.0488824 -0.308643 -0.949921
    outer loop
      vertex -1.79855 -6.48898 -29.455
      vertex -2.5 -5.1123 -29.9384
      vertex -2.2583 -5.07402 -29.9384
    endloop
  endfacet
  facet normal -0.278431 0.141865 -0.949921
    outer loop
      vertex -3.24389 4.57183 -29.9384
      vertex -4.65885 5.03158 -29.455
      vertex -3.13279 4.78988 -29.9384
    endloop
  endfacet
  facet normal 0.0873718 -0.551949 -0.829288
    outer loop
      vertex -24.4045 -44.5398 -6.51121
      vertex -1.79855 -6.48898 -29.455
      vertex -24.3757 -44.6471 -6.43676
    endloop
  endfacet
  facet normal 0.087579 -0.552027 -0.829214
    outer loop
      vertex -1.79855 -6.48898 -29.455
      vertex -24.4003 -45.1157 -6.1274
      vertex -24.3757 -44.6471 -6.43676
    endloop
  endfacet
  facet normal 0.0876803 -0.552065 -0.829178
    outer loop
      vertex -1.79855 -6.48898 -29.455
      vertex -24.5685 -45.5538 -5.8535
      vertex -24.4003 -45.1157 -6.1274
    endloop
  endfacet
  facet normal 0.0873668 -0.551949 -0.829288
    outer loop
      vertex -25.6661 -47.8287 -4.45503
      vertex -24.5685 -45.5538 -5.8535
      vertex -1.79855 -6.48898 -29.455
    endloop
  endfacet
  facet normal 0.0878343 -0.552088 -0.829147
    outer loop
      vertex -25.6661 -47.8287 -4.45503
      vertex -24.8638 -45.9186 -5.64188
      vertex -24.5685 -45.5538 -5.8535
    endloop
  endfacet
  facet normal 0.0874286 -0.551986 -0.829257
    outer loop
      vertex -25.6661 -47.8287 -4.45503
      vertex -25.2574 -46.1742 -5.51324
      vertex -24.8638 -45.9186 -5.64188
    endloop
  endfacet
  facet normal 0.0871949 -0.551956 -0.829302
    outer loop
      vertex -25.6661 -47.8287 -4.45503
      vertex -25.3647 -46.2029 -5.50542
      vertex -25.2574 -46.1742 -5.51324
    endloop
  endfacet
  facet normal 0.0874316 -0.551976 -0.829264
    outer loop
      vertex -25.3647 -46.2029 -5.50542
      vertex -25.6661 -47.8287 -4.45503
      vertex -26.3675 -47.9398 -4.45503
    endloop
  endfacet
  facet normal 0.0874243 -0.551969 -0.829269
    outer loop
      vertex -1.79855 -6.48898 -29.455
      vertex -24.4045 -44.5398 -6.51121
      vertex -2.5 -6.60008 -29.455
    endloop
  endfacet
  facet normal -0.0488824 -0.308643 -0.949921
    outer loop
      vertex -2.5 -5.1123 -29.9384
      vertex -3.20145 -6.48898 -29.455
      vertex -2.7417 -5.07402 -29.9384
    endloop
  endfacet
  facet normal -0.141865 -0.278431 -0.949921
    outer loop
      vertex -2.7417 -5.07402 -29.9384
      vertex -3.20145 -6.48898 -29.455
      vertex -2.95975 -4.96292 -29.9384
    endloop
  endfacet
  facet normal 0.308642 -0.0488845 -0.949921
    outer loop
      vertex 7.15885 -0.701453 -29.455
      vertex 5.78217 0 -29.9384
      vertex 7.26995 0 -29.455
    endloop
  endfacet
  facet normal 0.462692 -0.0732837 -0.883485
    outer loop
      vertex 54.8939 -0.701453 -4.45503
      vertex 53.235 0 -5.382
      vertex 55.005 0 -4.45503
    endloop
  endfacet
  facet normal 0.462697 -0.0732689 -0.883484
    outer loop
      vertex 54.8939 -0.701453 -4.45503
      vertex 53.1616 -0.463525 -5.382
      vertex 53.235 0 -5.382
    endloop
  endfacet
  facet normal 0.4627 -0.0732444 -0.883484
    outer loop
      vertex 53.1616 -0.463525 -5.382
      vertex 54.8939 -0.701453 -4.45503
      vertex 53.0404 -0.701453 -5.42575
    endloop
  endfacet
  facet normal 0.462699 -0.0733023 -0.883479
    outer loop
      vertex 50.3084 -0.463525 -6.87627
      vertex 7.26995 0 -29.455
      vertex 50.235 0 -6.95317
    endloop
  endfacet
  facet normal 0.462705 -0.0731231 -0.883491
    outer loop
      vertex 7.15885 -0.701453 -29.455
      vertex 50.3084 -0.463525 -6.87627
      vertex 50.4297 -0.701453 -6.79305
    endloop
  endfacet
  facet normal 0.4627 -0.073285 -0.883481
    outer loop
      vertex 50.3084 -0.463525 -6.87627
      vertex 7.15885 -0.701453 -29.455
      vertex 7.26995 0 -29.455
    endloop
  endfacet
  facet normal -0.0926889 0.58525 0.805538
    outer loop
      vertex -26.3675 49.2054 3.53553
      vertex -27.069 47.8287 4.45503
      vertex -26.3675 47.9398 4.45503
    endloop
  endfacet
  facet normal -0.0488847 0.308642 0.949921
    outer loop
      vertex -2.5 6.60008 29.455
      vertex -3.20145 6.48898 29.455
      vertex -2.5 5.1123 29.9384
    endloop
  endfacet
  facet normal 0.0488847 0.308642 0.949921
    outer loop
      vertex -2.5 6.60008 29.455
      vertex -2.5 5.1123 29.9384
      vertex -1.79855 6.48898 29.455
    endloop
  endfacet
  facet normal -0.308643 -0.0488824 0.949921
    outer loop
      vertex -3.28217 -4.33013 29.9384
      vertex -4.65885 -5.03158 29.455
      vertex -3.24389 -4.57183 29.9384
    endloop
  endfacet
  facet normal -0.278431 0.141865 0.949921
    outer loop
      vertex -3.13279 4.78988 29.9384
      vertex -4.65885 5.03158 29.455
      vertex -3.24389 4.57183 29.9384
    endloop
  endfacet
  facet normal -0.278431 0.141867 0.949921
    outer loop
      vertex -4.33643 5.66437 29.455
      vertex -4.65885 5.03158 29.455
      vertex -3.13279 4.78988 29.9384
    endloop
  endfacet
  facet normal 0.361649 -0.626395 0.690535
    outer loop
      vertex -0.421865 -7.19043 28.5355
      vertex -24.2894 -48.5302 3.53553
      vertex 7.07813 -2.86031 28.5355
    endloop
  endfacet
  facet normal -0.127069 -0.802458 -0.583022
    outer loop
      vertex -26.3675 -50.1249 -2.26995
      vertex -27.7442 -49.9069 -2.26995
      vertex -26.3675 -49.2054 -3.53553
    endloop
  endfacet
  facet normal 0.127069 -0.802458 -0.583022
    outer loop
      vertex -24.9908 -49.9069 -2.26995
      vertex -26.3675 -50.1249 -2.26995
      vertex -26.3675 -49.2054 -3.53553
    endloop
  endfacet
  facet normal 0.156428 -0.987689 0
    outer loop
      vertex -26.3675 -50.6083 -0.782172
      vertex -24.8414 -50.3666 0.782172
      vertex -26.3675 -50.6083 0.782172
    endloop
  endfacet
  facet normal 0.156428 -0.987689 0
    outer loop
      vertex -24.8414 -50.3666 0.782172
      vertex -26.3675 -50.6083 -0.782172
      vertex -24.8414 -50.3666 -0.782172
    endloop
  endfacet
  facet normal 0.127071 -0.802457 0.583023
    outer loop
      vertex -25.275 -49.0324 3.53553
      vertex -26.3675 -49.2054 3.53553
      vertex -24.9908 -49.9069 2.26995
    endloop
  endfacet
  facet normal 0.368851 -0.723894 0.583032
    outer loop
      vertex -24.2894 -48.5302 3.53553
      vertex -25.275 -49.0324 3.53553
      vertex -24.9908 -49.9069 2.26995
    endloop
  endfacet
  facet normal 0.092702 -0.585249 0.805537
    outer loop
      vertex -26.3675 -47.9398 4.45503
      vertex -26.3675 -49.2054 3.53553
      vertex -25.6661 -47.8287 4.45503
    endloop
  endfacet
  facet normal -0.564962 0.162973 0.808862
    outer loop
      vertex -28.5264 46.3713 4.45503
      vertex -5.86249 5.42267 28.5355
      vertex -4.65885 5.03158 29.455
    endloop
  endfacet
  facet normal -0.564978 0.162959 0.808854
    outer loop
      vertex -5.86249 5.42267 28.5355
      vertex -28.5264 46.3713 4.45503
      vertex -29.73 46.7624 3.53553
    endloop
  endfacet
  facet normal 0 0 1
    outer loop
      vertex 5.74389 0.241704 29.9384
      vertex 5.74389 -0.241704 29.9384
      vertex 5.78217 0 29.9384
    endloop
  endfacet
  facet normal 0 0 1
    outer loop
      vertex 5.63279 0.459749 29.9384
      vertex 5.74389 -0.241704 29.9384
      vertex 5.74389 0.241704 29.9384
    endloop
  endfacet
  facet normal 0 0 1
    outer loop
      vertex 5.63279 0.459749 29.9384
      vertex 5.63279 -0.459749 29.9384
      vertex 5.74389 -0.241704 29.9384
    endloop
  endfacet
  facet normal 0 0 1
    outer loop
      vertex 5.45975 0.632791 29.9384
      vertex 5.63279 -0.459749 29.9384
      vertex 5.63279 0.459749 29.9384
    endloop
  endfacet
  facet normal 0 0 1
    outer loop
      vertex 5.45975 0.632791 29.9384
      vertex 5.45975 -0.632791 29.9384
      vertex 5.63279 -0.459749 29.9384
    endloop
  endfacet
  facet normal 0 0 1
    outer loop
      vertex 5.45975 0.632791 29.9384
      vertex 2.5 0 29.9384
      vertex 5.45975 -0.632791 29.9384
    endloop
  endfacet
  facet normal 0 0 1
    outer loop
      vertex 5.45975 0.632791 29.9384
      vertex 2.37764 0.772542 29.9384
      vertex 2.5 0 29.9384
    endloop
  endfacet
  facet normal 0 0 1
    outer loop
      vertex 5.45975 0.632791 29.9384
      vertex 2.02254 1.46946 29.9384
      vertex 2.37764 0.772542 29.9384
    endloop
  endfacet
  facet normal 0 0 1
    outer loop
      vertex 5.45975 0.632791 29.9384
      vertex 1.46946 2.02254 29.9384
      vertex 2.02254 1.46946 29.9384
    endloop
  endfacet
  facet normal 0 0 1
    outer loop
      vertex -2.04025 4.96292 29.9384
      vertex 1.46946 2.02254 29.9384
      vertex 5.45975 0.632791 29.9384
    endloop
  endfacet
  facet normal 0 0 1
    outer loop
      vertex 1.46946 2.02254 29.9384
      vertex -2.04025 4.96292 29.9384
      vertex 0.772542 2.37764 29.9384
    endloop
  endfacet
  facet normal 0 0 1
    outer loop
      vertex -2.04025 4.96292 29.9384
      vertex 0 2.5 29.9384
      vertex 0.772542 2.37764 29.9384
    endloop
  endfacet
  facet normal 0 0 1
    outer loop
      vertex -2.04025 4.96292 29.9384
      vertex -0.772542 2.37764 29.9384
      vertex 0 2.5 29.9384
    endloop
  endfacet
  facet normal 0 0 1
    outer loop
      vertex -2.04025 4.96292 29.9384
      vertex -1.46946 2.02254 29.9384
      vertex -0.772542 2.37764 29.9384
    endloop
  endfacet
  facet normal -0 0 1
    outer loop
      vertex -3.28217 4.33013 29.9384
      vertex -1.46946 2.02254 29.9384
      vertex -2.04025 4.96292 29.9384
    endloop
  endfacet
  facet normal 0 0 1
    outer loop
      vertex -3.28217 4.33013 29.9384
      vertex -2.04025 4.96292 29.9384
      vertex -2.2583 5.07402 29.9384
    endloop
  endfacet
  facet normal 0 0 1
    outer loop
      vertex -1.46946 2.02254 29.9384
      vertex -3.28217 4.33013 29.9384
      vertex -2.02254 1.46946 29.9384
    endloop
  endfacet
  facet normal 0 0 1
    outer loop
      vertex -3.28217 4.33013 29.9384
      vertex -2.2583 5.07402 29.9384
      vertex -2.5 5.1123 29.9384
    endloop
  endfacet
  facet normal 0 0 1
    outer loop
      vertex -2.02254 1.46946 29.9384
      vertex -3.28217 4.33013 29.9384
      vertex -2.37764 0.772542 29.9384
    endloop
  endfacet
  facet normal 0 0 1
    outer loop
      vertex -2.37764 0.772542 29.9384
      vertex -3.28217 4.33013 29.9384
      vertex -2.5 0 29.9384
    endloop
  endfacet
  facet normal 0 0 1
    outer loop
      vertex -3.28217 4.33013 29.9384
      vertex -2.5 5.1123 29.9384
      vertex -2.7417 5.07402 29.9384
    endloop
  endfacet
  facet normal 0 0 1
    outer loop
      vertex -3.28217 -4.33013 29.9384
      vertex -2.5 0 29.9384
      vertex -3.28217 4.33013 29.9384
    endloop
  endfacet
  facet normal 0 0 1
    outer loop
      vertex -3.28217 4.33013 29.9384
      vertex -2.7417 5.07402 29.9384
      vertex -2.95975 4.96292 29.9384
    endloop
  endfacet
  facet normal 0 0 1
    outer loop
      vertex -2.5 0 29.9384
      vertex -3.28217 -4.33013 29.9384
      vertex -2.5 -5.1123 29.9384
    endloop
  endfacet
  facet normal 0 0 1
    outer loop
      vertex -3.28217 4.33013 29.9384
      vertex -2.95975 4.96292 29.9384
      vertex -3.13279 4.78988 29.9384
    endloop
  endfacet
  facet normal 0 0 1
    outer loop
      vertex -2.5 -5.1123 29.9384
      vertex -3.28217 -4.33013 29.9384
      vertex -2.7417 -5.07402 29.9384
    endloop
  endfacet
  facet normal 0 0 1
    outer loop
      vertex -3.28217 4.33013 29.9384
      vertex -3.13279 4.78988 29.9384
      vertex -3.24389 4.57183 29.9384
    endloop
  endfacet
  facet normal 0 0 1
    outer loop
      vertex -2.7417 -5.07402 29.9384
      vertex -3.28217 -4.33013 29.9384
      vertex -2.95975 -4.96292 29.9384
    endloop
  endfacet
  facet normal 0 0 1
    outer loop
      vertex -2.95975 -4.96292 29.9384
      vertex -3.28217 -4.33013 29.9384
      vertex -3.13279 -4.78988 29.9384
    endloop
  endfacet
  facet normal 0 0 1
    outer loop
      vertex -3.13279 -4.78988 29.9384
      vertex -3.28217 -4.33013 29.9384
      vertex -3.24389 -4.57183 29.9384
    endloop
  endfacet
  facet normal 0 0 1
    outer loop
      vertex 2.37764 -0.772542 29.9384
      vertex 5.45975 -0.632791 29.9384
      vertex 2.5 0 29.9384
    endloop
  endfacet
  facet normal 0 0 1
    outer loop
      vertex 2.02254 -1.46946 29.9384
      vertex 5.45975 -0.632791 29.9384
      vertex 2.37764 -0.772542 29.9384
    endloop
  endfacet
  facet normal 0 0 1
    outer loop
      vertex 1.46946 -2.02254 29.9384
      vertex 5.45975 -0.632791 29.9384
      vertex 2.02254 -1.46946 29.9384
    endloop
  endfacet
  facet normal 0 0 1
    outer loop
      vertex -2.04025 -4.96292 29.9384
      vertex 1.46946 -2.02254 29.9384
      vertex 0.772542 -2.37764 29.9384
    endloop
  endfacet
  facet normal -0 0 1
    outer loop
      vertex 1.46946 -2.02254 29.9384
      vertex -2.04025 -4.96292 29.9384
      vertex 5.45975 -0.632791 29.9384
    endloop
  endfacet
  facet normal -0 0 1
    outer loop
      vertex 0 -2.5 29.9384
      vertex -2.04025 -4.96292 29.9384
      vertex 0.772542 -2.37764 29.9384
    endloop
  endfacet
  facet normal 0 0 1
    outer loop
      vertex -0.772542 -2.37764 29.9384
      vertex -2.04025 -4.96292 29.9384
      vertex 0 -2.5 29.9384
    endloop
  endfacet
  facet normal 0 0 1
    outer loop
      vertex -1.46946 -2.02254 29.9384
      vertex -2.04025 -4.96292 29.9384
      vertex -0.772542 -2.37764 29.9384
    endloop
  endfacet
  facet normal 0 0 1
    outer loop
      vertex -2.5 -5.1123 29.9384
      vertex -1.46946 -2.02254 29.9384
      vertex -2.02254 -1.46946 29.9384
    endloop
  endfacet
  facet normal 0 0 1
    outer loop
      vertex -1.46946 -2.02254 29.9384
      vertex -2.5 -5.1123 29.9384
      vertex -2.04025 -4.96292 29.9384
    endloop
  endfacet
  facet normal 0 0 1
    outer loop
      vertex -2.5 -5.1123 29.9384
      vertex -2.02254 -1.46946 29.9384
      vertex -2.37764 -0.772542 29.9384
    endloop
  endfacet
  facet normal 0 0 1
    outer loop
      vertex -2.5 -5.1123 29.9384
      vertex -2.37764 -0.772542 29.9384
      vertex -2.5 0 29.9384
    endloop
  endfacet
  facet normal 0 0 1
    outer loop
      vertex -2.04025 -4.96292 29.9384
      vertex -2.5 -5.1123 29.9384
      vertex -2.2583 -5.07402 29.9384
    endloop
  endfacet
  facet normal -0.574489 -0.574489 0.583032
    outer loop
      vertex -29.2278 -47.748 3.53553
      vertex -28.9861 -49.2741 2.26995
      vertex -28.4456 -48.5302 3.53553
    endloop
  endfacet
  facet normal -0.574489 -0.574489 0.583032
    outer loop
      vertex -28.9861 -49.2741 2.26995
      vertex -29.2278 -47.748 3.53553
      vertex -29.9717 -48.2885 2.26995
    endloop
  endfacet
  facet normal -0.368854 -0.723894 -0.58303
    outer loop
      vertex -27.7442 -49.9069 -2.26995
      vertex -28.9861 -49.2741 -2.26995
      vertex -28.4456 -48.5302 -3.53553
    endloop
  endfacet
  facet normal -0.432248 -0.848411 -0.305551
    outer loop
      vertex -27.8936 -50.3666 -0.782172
      vertex -29.2703 -49.6652 -0.782172
      vertex -27.7442 -49.9069 -2.26995
    endloop
  endfacet
  facet normal -0.309012 0 -0.951058
    outer loop
      vertex -4.76995 -4.33013 -29.455
      vertex -3.28217 4.33013 -29.9384
      vertex -3.28217 -4.33013 -29.9384
    endloop
  endfacet
  facet normal -0.309012 0 -0.951058
    outer loop
      vertex -3.28217 4.33013 -29.9384
      vertex -4.76995 -4.33013 -29.455
      vertex -4.76995 4.33013 -29.455
    endloop
  endfacet
  facet normal -0.308643 0.0488824 -0.949921
    outer loop
      vertex -3.28217 4.33013 -29.9384
      vertex -4.65885 5.03158 -29.455
      vertex -3.24389 4.57183 -29.9384
    endloop
  endfacet
  facet normal 0.0488824 0.308643 -0.949921
    outer loop
      vertex -2.2583 5.07402 -29.9384
      vertex -2.5 5.1123 -29.9384
      vertex -1.79855 6.48898 -29.455
    endloop
  endfacet
  facet normal 0.278431 0.141868 -0.949921
    outer loop
      vertex 5.74389 0.241704 -29.9384
      vertex 5.63279 0.459749 -29.9384
      vertex 7.15885 0.701453 -29.455
    endloop
  endfacet
  facet normal 0.308644 0.0488816 -0.949921
    outer loop
      vertex 5.78217 0 -29.9384
      vertex 5.74389 0.241704 -29.9384
      vertex 7.15885 0.701453 -29.455
    endloop
  endfacet
  facet normal 0.585259 0.0927273 -0.805527
    outer loop
      vertex 56.2706 0 -3.53553
      vertex 54.8939 0.701453 -4.45503
      vertex 56.0975 1.09254 -3.53553
    endloop
  endfacet
  facet normal 0.585249 0.092695 -0.805538
    outer loop
      vertex 55.005 0 -4.45503
      vertex 54.8939 0.701453 -4.45503
      vertex 56.2706 0 -3.53553
    endloop
  endfacet
  facet normal 0.422074 0.41516 -0.805913
    outer loop
      vertex 52.1986 1.42658 -5.6502
      vertex 54.5715 1.33424 -4.45503
      vertex 52.3798 1.33424 -5.60287
    endloop
  endfacet
  facet normal 0.422058 0.415248 -0.805876
    outer loop
      vertex 54.5715 1.33424 -4.45503
      vertex 52.1986 1.42658 -5.6502
      vertex 55.5953 2.07813 -3.53553
    endloop
  endfacet
  facet normal 0.422012 0.415368 -0.805838
    outer loop
      vertex 51.735 1.5 -5.85514
      vertex 55.5953 2.07813 -3.53553
      vertex 52.1986 1.42658 -5.6502
    endloop
  endfacet
  facet normal 0.422062 0.415227 -0.805885
    outer loop
      vertex 51.735 1.5 -5.85514
      vertex 7.86031 2.07813 -28.5355
      vertex 55.5953 2.07813 -3.53553
    endloop
  endfacet
  facet normal 0.422054 0.415266 -0.805869
    outer loop
      vertex 51.2715 1.42658 -6.13572
      vertex 7.86031 2.07813 -28.5355
      vertex 51.735 1.5 -5.85514
    endloop
  endfacet
  facet normal 0.422043 0.415322 -0.805846
    outer loop
      vertex 51.0903 1.33424 -6.27821
      vertex 7.86031 2.07813 -28.5355
      vertex 51.2715 1.42658 -6.13572
    endloop
  endfacet
  facet normal 0.422064 0.415214 -0.80589
    outer loop
      vertex 7.86031 2.07813 -28.5355
      vertex 51.0903 1.33424 -6.27821
      vertex 6.83643 1.33424 -29.455
    endloop
  endfacet
  facet normal -0.337075 0.337008 0.879094
    outer loop
      vertex -28.2039 47.0041 4.45503
      vertex -26.8042 45.9517 5.39517
      vertex -27.7018 47.5063 4.45503
    endloop
  endfacet
  facet normal -0.337097 0.336981 0.879096
    outer loop
      vertex -26.8042 45.9517 5.39517
      vertex -28.2039 47.0041 4.45503
      vertex -26.9822 45.8075 5.38219
    endloop
  endfacet
  facet normal -0.336999 0.33708 0.879095
    outer loop
      vertex -26.9822 45.8075 5.38219
      vertex -28.2039 47.0041 4.45503
      vertex -27.2378 45.414 5.43509
    endloop
  endfacet
  facet normal -0.337041 0.337051 0.87909
    outer loop
      vertex -27.2378 45.414 5.43509
      vertex -28.2039 47.0041 4.45503
      vertex -27.2531 45.3571 5.45104
    endloop
  endfacet
  facet normal -0.337126 0.336981 0.879085
    outer loop
      vertex -25.5556 43.3366 6.87646
      vertex -3.83424 6.16656 29.455
      vertex -25.3418 43.4187 6.92698
    endloop
  endfacet
  facet normal -0.337039 0.337039 0.879096
    outer loop
      vertex -3.83424 6.16656 29.455
      vertex -25.5556 43.3366 6.87646
      vertex -4.33643 5.66437 29.455
    endloop
  endfacet
  facet normal -0.336964 0.337087 0.879106
    outer loop
      vertex -26.0243 43.3121 6.7062
      vertex -4.33643 5.66437 29.455
      vertex -25.5556 43.3366 6.87646
    endloop
  endfacet
  facet normal -0.337487 0.336744 0.879037
    outer loop
      vertex -4.33643 5.66437 29.455
      vertex -26.0243 43.3121 6.7062
      vertex -26.0811 43.3273 6.67857
    endloop
  endfacet
  facet normal -0.585255 0.0926964 0.805533
    outer loop
      vertex -4.65885 5.03158 29.455
      vertex -6.03553 4.33013 28.5355
      vertex -4.76995 4.33013 29.455
    endloop
  endfacet
  facet normal -0.308642 0.0488847 0.949921
    outer loop
      vertex -4.65885 5.03158 29.455
      vertex -4.76995 4.33013 29.455
      vertex -3.28217 4.33013 29.9384
    endloop
  endfacet
  facet normal 0.148946 -0.940449 0.305565
    outer loop
      vertex -26.3675 -50.1249 2.26995
      vertex -26.3675 -50.6083 0.782172
      vertex -24.8414 -50.3666 0.782172
    endloop
  endfacet
  facet normal 0.0926743 -0.585241 0.805546
    outer loop
      vertex -25.6661 -47.8287 4.45503
      vertex -26.3675 -49.2054 3.53553
      vertex -25.275 -49.0324 3.53553
    endloop
  endfacet
  facet normal 0.314678 -0.617585 0.72081
    outer loop
      vertex -1.40746 -7.69262 28.5355
      vertex -24.2894 -48.5302 3.53553
      vertex -0.421865 -7.19043 28.5355
    endloop
  endfacet
  facet normal 0.314683 -0.617586 0.720807
    outer loop
      vertex -24.2894 -48.5302 3.53553
      vertex -1.40746 -7.69262 28.5355
      vertex -25.275 -49.0324 3.53553
    endloop
  endfacet
  facet normal 0.142616 -0.571179 0.808341
    outer loop
      vertex -25.6661 -47.8287 4.45503
      vertex -1.40746 -7.69262 28.5355
      vertex -1.79855 -6.48898 29.455
    endloop
  endfacet
  facet normal 0.142586 -0.571169 0.808354
    outer loop
      vertex -1.40746 -7.69262 28.5355
      vertex -25.6661 -47.8287 4.45503
      vertex -25.275 -49.0324 3.53553
    endloop
  endfacet
  facet normal -0.52793 -0.269054 0.805543
    outer loop
      vertex -28.5264 -46.3713 4.45503
      vertex -29.2278 -47.748 3.53553
      vertex -28.2039 -47.0041 4.45503
    endloop
  endfacet
  facet normal -0.156428 -0.987689 0
    outer loop
      vertex -27.8936 -50.3666 -0.782172
      vertex -26.3675 -50.6083 0.782172
      vertex -27.8936 -50.3666 0.782172
    endloop
  endfacet
  facet normal -0.156428 -0.987689 -0
    outer loop
      vertex -26.3675 -50.6083 0.782172
      vertex -27.8936 -50.3666 -0.782172
      vertex -26.3675 -50.6083 -0.782172
    endloop
  endfacet
  facet normal -0.574489 -0.574489 -0.583032
    outer loop
      vertex -28.9861 -49.2741 -2.26995
      vertex -29.2278 -47.748 -3.53553
      vertex -28.4456 -48.5302 -3.53553
    endloop
  endfacet
  facet normal -0.574489 -0.574489 -0.583032
    outer loop
      vertex -29.2278 -47.748 -3.53553
      vertex -28.9861 -49.2741 -2.26995
      vertex -29.9717 -48.2885 -2.26995
    endloop
  endfacet
  facet normal -0.587786 0 -0.809016
    outer loop
      vertex -6.03553 -4.33013 -28.5355
      vertex -4.76995 4.33013 -29.455
      vertex -4.76995 -4.33013 -29.455
    endloop
  endfacet
  facet normal -0.587786 0 -0.809016
    outer loop
      vertex -4.76995 4.33013 -29.455
      vertex -6.03553 -4.33013 -28.5355
      vertex -6.03553 4.33013 -28.5355
    endloop
  endfacet
  facet normal -0.308643 -0.0488824 -0.949921
    outer loop
      vertex -3.24389 -4.57183 -29.9384
      vertex -4.65885 -5.03158 -29.455
      vertex -3.28217 -4.33013 -29.9384
    endloop
  endfacet
  facet normal -0.308642 -0.0488847 -0.949921
    outer loop
      vertex -4.65885 -5.03158 -29.455
      vertex -4.76995 -4.33013 -29.455
      vertex -3.28217 -4.33013 -29.9384
    endloop
  endfacet
  facet normal -0.127069 -0.802458 0.583022
    outer loop
      vertex -26.3675 -49.2054 3.53553
      vertex -27.7442 -49.9069 2.26995
      vertex -26.3675 -50.1249 2.26995
    endloop
  endfacet
  facet normal -0.12706 -0.802464 0.583015
    outer loop
      vertex -27.4601 -49.0324 3.53553
      vertex -27.7442 -49.9069 2.26995
      vertex -26.3675 -49.2054 3.53553
    endloop
  endfacet
  facet normal -0.220964 -0.220964 0.949921
    outer loop
      vertex -3.13279 -4.78988 29.9384
      vertex -3.83424 -6.16656 29.455
      vertex -2.95975 -4.96292 29.9384
    endloop
  endfacet
  facet normal -0.220964 -0.220964 0.949921
    outer loop
      vertex -3.83424 -6.16656 29.455
      vertex -3.13279 -4.78988 29.9384
      vertex -4.33643 -5.66437 29.455
    endloop
  endfacet
  facet normal -0.278431 -0.141867 0.949921
    outer loop
      vertex -3.13279 -4.78988 29.9384
      vertex -4.65885 -5.03158 29.455
      vertex -4.33643 -5.66437 29.455
    endloop
  endfacet
  facet normal -0.631798 -0.100066 0.768647
    outer loop
      vertex -29.903 -45.6699 3.53553
      vertex -5.86249 -5.42267 28.5355
      vertex -6.03553 -4.33013 28.5355
    endloop
  endfacet
  facet normal -0.631815 -0.100049 0.768635
    outer loop
      vertex -5.86249 -5.42267 28.5355
      vertex -29.903 -45.6699 3.53553
      vertex -29.73 -46.7624 3.53553
    endloop
  endfacet
  facet normal -0.802457 -0.127071 0.583023
    outer loop
      vertex -29.903 -45.6699 3.53553
      vertex -30.6045 -47.0466 2.26995
      vertex -29.73 -46.7624 3.53553
    endloop
  endfacet
  facet normal -0.453958 -0.891023 0
    outer loop
      vertex -29.2703 -49.6652 -0.782172
      vertex -27.8936 -50.3666 0.782172
      vertex -29.2703 -49.6652 0.782172
    endloop
  endfacet
  facet normal -0.453958 -0.891023 -0
    outer loop
      vertex -27.8936 -50.3666 0.782172
      vertex -29.2703 -49.6652 -0.782172
      vertex -27.8936 -50.3666 -0.782172
    endloop
  endfacet
  facet normal -0.337039 -0.337039 0.879096
    outer loop
      vertex -25.5556 -43.3366 6.87646
      vertex -3.83424 -6.16656 29.455
      vertex -4.33643 -5.66437 29.455
    endloop
  endfacet
  facet normal -0.337126 -0.336981 0.879085
    outer loop
      vertex -3.83424 -6.16656 29.455
      vertex -25.5556 -43.3366 6.87646
      vertex -25.3418 -43.4187 6.92698
    endloop
  endfacet
  facet normal -0.336964 -0.337087 0.879106
    outer loop
      vertex -4.33643 -5.66437 29.455
      vertex -26.0243 -43.3121 6.7062
      vertex -25.5556 -43.3366 6.87646
    endloop
  endfacet
  facet normal -0.337487 -0.336744 0.879037
    outer loop
      vertex -26.0243 -43.3121 6.7062
      vertex -4.33643 -5.66437 29.455
      vertex -26.0811 -43.3273 6.67857
    endloop
  endfacet
  facet normal -0.337097 -0.336981 0.879096
    outer loop
      vertex -28.2039 -47.0041 4.45503
      vertex -26.8042 -45.9517 5.39517
      vertex -26.9822 -45.8075 5.38219
    endloop
  endfacet
  facet normal -0.336999 -0.33708 0.879095
    outer loop
      vertex -28.2039 -47.0041 4.45503
      vertex -26.9822 -45.8075 5.38219
      vertex -27.2378 -45.414 5.43509
    endloop
  endfacet
  facet normal -0.337041 -0.337051 0.87909
    outer loop
      vertex -28.2039 -47.0041 4.45503
      vertex -27.2378 -45.414 5.43509
      vertex -27.2531 -45.3571 5.45104
    endloop
  endfacet
  facet normal -0.337075 -0.337008 0.879094
    outer loop
      vertex -26.8042 -45.9517 5.39517
      vertex -28.2039 -47.0041 4.45503
      vertex -27.7018 -47.5063 4.45503
    endloop
  endfacet
  facet normal -0.419053 -0.418969 0.805518
    outer loop
      vertex -28.2039 -47.0041 4.45503
      vertex -28.4456 -48.5302 3.53553
      vertex -27.7018 -47.5063 4.45503
    endloop
  endfacet
  facet normal -0.418991 -0.418991 0.805539
    outer loop
      vertex -28.4456 -48.5302 3.53553
      vertex -28.2039 -47.0041 4.45503
      vertex -29.2278 -47.748 3.53553
    endloop
  endfacet
  facet normal -0.268998 -0.527983 0.805527
    outer loop
      vertex -27.7018 -47.5063 4.45503
      vertex -28.4456 -48.5302 3.53553
      vertex -27.069 -47.8287 4.45503
    endloop
  endfacet
  facet normal -0.210853 -0.413826 0.885601
    outer loop
      vertex -25.1175 -43.5048 6.94015
      vertex -3.20145 -6.48898 29.455
      vertex -3.83424 -6.16656 29.455
    endloop
  endfacet
  facet normal -0.20843 -0.415186 0.885538
    outer loop
      vertex -3.20145 -6.48898 29.455
      vertex -24.7528 -43.8002 6.88898
      vertex -24.7476 -43.8081 6.8865
    endloop
  endfacet
  facet normal -0.210909 -0.413794 0.885603
    outer loop
      vertex -3.20145 -6.48898 29.455
      vertex -25.1175 -43.5048 6.94015
      vertex -24.7528 -43.8002 6.88898
    endloop
  endfacet
  facet normal -0.210851 -0.413827 0.885601
    outer loop
      vertex -25.1175 -43.5048 6.94015
      vertex -3.83424 -6.16656 29.455
      vertex -25.3418 -43.4187 6.92698
    endloop
  endfacet
  facet normal -0.210105 -0.414254 0.885579
    outer loop
      vertex -26.1794 -46.2711 5.3947
      vertex -27.069 -47.8287 4.45503
      vertex -26.1699 -46.2716 5.39672
    endloop
  endfacet
  facet normal -0.210889 -0.413817 0.885597
    outer loop
      vertex -26.6175 -46.1029 5.36897
      vertex -27.069 -47.8287 4.45503
      vertex -26.1794 -46.2711 5.3947
    endloop
  endfacet
  facet normal -0.210856 -0.413821 0.885603
    outer loop
      vertex -27.7018 -47.5063 4.45503
      vertex -26.6175 -46.1029 5.36897
      vertex -26.8042 -45.9517 5.39517
    endloop
  endfacet
  facet normal -0.21084 -0.413832 0.885601
    outer loop
      vertex -26.6175 -46.1029 5.36897
      vertex -27.7018 -47.5063 4.45503
      vertex -27.069 -47.8287 4.45503
    endloop
  endfacet
  facet normal -0.891005 -0.453993 0
    outer loop
      vertex 2.37764 0.772542 -29.9384
      vertex 2.02254 1.46946 29.9384
      vertex 2.02254 1.46946 -29.9384
    endloop
  endfacet
  facet normal -0.891005 -0.453993 0
    outer loop
      vertex 2.02254 1.46946 29.9384
      vertex 2.37764 0.772542 -29.9384
      vertex 2.37764 0.772542 29.9384
    endloop
  endfacet
  facet normal -0.987688 -0.156436 0
    outer loop
      vertex 2.5 0 -29.9384
      vertex 2.37764 0.772542 29.9384
      vertex 2.37764 0.772542 -29.9384
    endloop
  endfacet
  facet normal -0.987688 -0.156436 0
    outer loop
      vertex 2.37764 0.772542 29.9384
      vertex 2.5 0 -29.9384
      vertex 2.5 0 29.9384
    endloop
  endfacet
  facet normal -0.707107 -0.707107 0
    outer loop
      vertex 2.02254 1.46946 -29.9384
      vertex 1.46946 2.02254 29.9384
      vertex 1.46946 2.02254 -29.9384
    endloop
  endfacet
  facet normal -0.707107 -0.707107 0
    outer loop
      vertex 1.46946 2.02254 29.9384
      vertex 2.02254 1.46946 -29.9384
      vertex 2.02254 1.46946 29.9384
    endloop
  endfacet
  facet normal -0.156436 -0.987688 0
    outer loop
      vertex 0 2.5 -29.9384
      vertex 0.772542 2.37764 29.9384
      vertex 0 2.5 29.9384
    endloop
  endfacet
  facet normal -0.156436 -0.987688 -0
    outer loop
      vertex 0.772542 2.37764 29.9384
      vertex 0 2.5 -29.9384
      vertex 0.772542 2.37764 -29.9384
    endloop
  endfacet
  facet normal 0.987688 -0.156436 0
    outer loop
      vertex -2.5 0 29.9384
      vertex -2.37764 0.772542 -29.9384
      vertex -2.37764 0.772542 29.9384
    endloop
  endfacet
  facet normal 0.987688 -0.156436 0
    outer loop
      vertex -2.37764 0.772542 -29.9384
      vertex -2.5 0 29.9384
      vertex -2.5 0 -29.9384
    endloop
  endfacet
  facet normal -0.453993 -0.891005 0
    outer loop
      vertex 0.772542 2.37764 -29.9384
      vertex 1.46946 2.02254 29.9384
      vertex 0.772542 2.37764 29.9384
    endloop
  endfacet
  facet normal -0.453993 -0.891005 -0
    outer loop
      vertex 1.46946 2.02254 29.9384
      vertex 0.772542 2.37764 -29.9384
      vertex 1.46946 2.02254 -29.9384
    endloop
  endfacet
  facet normal 0.453993 -0.891005 0
    outer loop
      vertex -1.46946 2.02254 -29.9384
      vertex -0.772542 2.37764 29.9384
      vertex -1.46946 2.02254 29.9384
    endloop
  endfacet
  facet normal 0.453993 -0.891005 0
    outer loop
      vertex -0.772542 2.37764 29.9384
      vertex -1.46946 2.02254 -29.9384
      vertex -0.772542 2.37764 -29.9384
    endloop
  endfacet
  facet normal 0.156436 0.987688 -0
    outer loop
      vertex 0 -2.5 -29.9384
      vertex -0.772542 -2.37764 29.9384
      vertex 0 -2.5 29.9384
    endloop
  endfacet
  facet normal 0.156436 0.987688 0
    outer loop
      vertex -0.772542 -2.37764 29.9384
      vertex 0 -2.5 -29.9384
      vertex -0.772542 -2.37764 -29.9384
    endloop
  endfacet
  facet normal -0.707107 0.707107 0
    outer loop
      vertex 1.46946 -2.02254 -29.9384
      vertex 2.02254 -1.46946 29.9384
      vertex 2.02254 -1.46946 -29.9384
    endloop
  endfacet
  facet normal -0.707107 0.707107 0
    outer loop
      vertex 2.02254 -1.46946 29.9384
      vertex 1.46946 -2.02254 -29.9384
      vertex 1.46946 -2.02254 29.9384
    endloop
  endfacet
  facet normal 0.891005 0.453993 0
    outer loop
      vertex -2.02254 -1.46946 29.9384
      vertex -2.37764 -0.772542 -29.9384
      vertex -2.37764 -0.772542 29.9384
    endloop
  endfacet
  facet normal 0.891005 0.453993 0
    outer loop
      vertex -2.37764 -0.772542 -29.9384
      vertex -2.02254 -1.46946 29.9384
      vertex -2.02254 -1.46946 -29.9384
    endloop
  endfacet
  facet normal 0.156436 -0.987688 0
    outer loop
      vertex -0.772542 2.37764 -29.9384
      vertex 0 2.5 29.9384
      vertex -0.772542 2.37764 29.9384
    endloop
  endfacet
  facet normal 0.156436 -0.987688 0
    outer loop
      vertex 0 2.5 29.9384
      vertex -0.772542 2.37764 -29.9384
      vertex 0 2.5 -29.9384
    endloop
  endfacet
  facet normal -0.453993 0.891005 0
    outer loop
      vertex 1.46946 -2.02254 -29.9384
      vertex 0.772542 -2.37764 29.9384
      vertex 1.46946 -2.02254 29.9384
    endloop
  endfacet
  facet normal -0.453993 0.891005 0
    outer loop
      vertex 0.772542 -2.37764 29.9384
      vertex 1.46946 -2.02254 -29.9384
      vertex 0.772542 -2.37764 -29.9384
    endloop
  endfacet
  facet normal -0.156436 0.987688 0
    outer loop
      vertex 0.772542 -2.37764 -29.9384
      vertex 0 -2.5 29.9384
      vertex 0.772542 -2.37764 29.9384
    endloop
  endfacet
  facet normal -0.156436 0.987688 0
    outer loop
      vertex 0 -2.5 29.9384
      vertex 0.772542 -2.37764 -29.9384
      vertex 0 -2.5 -29.9384
    endloop
  endfacet
  facet normal 0.987688 0.156436 0
    outer loop
      vertex -2.37764 -0.772542 29.9384
      vertex -2.5 0 -29.9384
      vertex -2.5 0 29.9384
    endloop
  endfacet
  facet normal 0.987688 0.156436 0
    outer loop
      vertex -2.5 0 -29.9384
      vertex -2.37764 -0.772542 29.9384
      vertex -2.37764 -0.772542 -29.9384
    endloop
  endfacet
  facet normal 0.891005 -0.453993 0
    outer loop
      vertex -2.37764 0.772542 29.9384
      vertex -2.02254 1.46946 -29.9384
      vertex -2.02254 1.46946 29.9384
    endloop
  endfacet
  facet normal 0.891005 -0.453993 0
    outer loop
      vertex -2.02254 1.46946 -29.9384
      vertex -2.37764 0.772542 29.9384
      vertex -2.37764 0.772542 -29.9384
    endloop
  endfacet
  facet normal 0.707107 -0.707107 0
    outer loop
      vertex -2.02254 1.46946 29.9384
      vertex -1.46946 2.02254 -29.9384
      vertex -1.46946 2.02254 29.9384
    endloop
  endfacet
  facet normal 0.707107 -0.707107 0
    outer loop
      vertex -1.46946 2.02254 -29.9384
      vertex -2.02254 1.46946 29.9384
      vertex -2.02254 1.46946 -29.9384
    endloop
  endfacet
  facet normal -0.891005 0.453993 0
    outer loop
      vertex 2.02254 -1.46946 -29.9384
      vertex 2.37764 -0.772542 29.9384
      vertex 2.37764 -0.772542 -29.9384
    endloop
  endfacet
  facet normal -0.891005 0.453993 0
    outer loop
      vertex 2.37764 -0.772542 29.9384
      vertex 2.02254 -1.46946 -29.9384
      vertex 2.02254 -1.46946 29.9384
    endloop
  endfacet
  facet normal -0.987688 0.156436 0
    outer loop
      vertex 2.37764 -0.772542 -29.9384
      vertex 2.5 0 29.9384
      vertex 2.5 0 -29.9384
    endloop
  endfacet
  facet normal -0.987688 0.156436 0
    outer loop
      vertex 2.5 0 29.9384
      vertex 2.37764 -0.772542 -29.9384
      vertex 2.37764 -0.772542 29.9384
    endloop
  endfacet
  facet normal 0.707107 0.707107 0
    outer loop
      vertex -1.46946 -2.02254 29.9384
      vertex -2.02254 -1.46946 -29.9384
      vertex -2.02254 -1.46946 29.9384
    endloop
  endfacet
  facet normal 0.707107 0.707107 0
    outer loop
      vertex -2.02254 -1.46946 -29.9384
      vertex -1.46946 -2.02254 29.9384
      vertex -1.46946 -2.02254 -29.9384
    endloop
  endfacet
  facet normal 0.453993 0.891005 -0
    outer loop
      vertex -0.772542 -2.37764 -29.9384
      vertex -1.46946 -2.02254 29.9384
      vertex -0.772542 -2.37764 29.9384
    endloop
  endfacet
  facet normal 0.453993 0.891005 0
    outer loop
      vertex -1.46946 -2.02254 29.9384
      vertex -0.772542 -2.37764 -29.9384
      vertex -1.46946 -2.02254 -29.9384
    endloop
  endfacet
endsolid OpenSCAD_Model
