solid OpenSCAD_Model
  facet normal -0.15642 -0.987691 0
    outer loop
      vertex 43.8344 1.5 5.37816
      vertex 44.298 1.42658 -5.17322
      vertex 44.298 1.42658 5.17322
    endloop
  endfacet
  facet normal -0.15642 -0.987691 0
    outer loop
      vertex 44.298 1.42658 -5.17322
      vertex 43.8344 1.5 5.37816
      vertex 43.8344 1.5 -5.37816
    endloop
  endfacet
  facet normal -0.891056 -0.453894 -9.37015e-05
    outer loop
      vertex 45.261 0.463525 -4.96802
      vertex 45.048 0.881678 -4.99412
      vertex 45.1887 0.605465 -4.99412
    endloop
  endfacet
  facet normal -0.891058 -0.45389 0
    outer loop
      vertex 45.048 0.881678 -4.99412
      vertex 45.261 0.463525 -4.96802
      vertex 45.048 0.881678 4.99412
    endloop
  endfacet
  facet normal -0.891058 -0.45389 -0
    outer loop
      vertex 45.261 0.463525 4.96802
      vertex 45.048 0.881678 4.99412
      vertex 45.261 0.463525 -4.96802
    endloop
  endfacet
  facet normal -0.891056 -0.453894 9.37015e-05
    outer loop
      vertex 45.048 0.881678 4.99412
      vertex 45.261 0.463525 4.96802
      vertex 45.1887 0.605465 4.99412
    endloop
  endfacet
  facet normal -0.987693 -0.156403 0
    outer loop
      vertex 45.3344 0 -4.96802
      vertex 45.261 0.463525 4.96802
      vertex 45.261 0.463525 -4.96802
    endloop
  endfacet
  facet normal -0.987693 -0.156403 0
    outer loop
      vertex 45.261 0.463525 4.96802
      vertex 45.3344 0 -4.96802
      vertex 45.3344 0 4.96802
    endloop
  endfacet
  facet normal -0.70687 -0.707341 0.00165102
    outer loop
      vertex 44.7161 1.21352 5.064
      vertex 45.048 0.881678 4.99412
      vertex 44.778 1.15166 5.06347
    endloop
  endfacet
  facet normal -0.707045 -0.707169 0
    outer loop
      vertex 44.7161 1.21352 5.064
      vertex 45.048 0.881678 -4.99412
      vertex 45.048 0.881678 4.99412
    endloop
  endfacet
  facet normal -0.707045 -0.707169 0
    outer loop
      vertex 44.7161 1.21352 -5.064
      vertex 45.048 0.881678 -4.99412
      vertex 44.7161 1.21352 5.064
    endloop
  endfacet
  facet normal -0.70687 -0.707341 -0.00165102
    outer loop
      vertex 45.048 0.881678 -4.99412
      vertex 44.7161 1.21352 -5.064
      vertex 44.778 1.15166 -5.06347
    endloop
  endfacet
  facet normal -0.70687 0.707341 0.00165102
    outer loop
      vertex 45.048 -0.881678 4.99412
      vertex 44.7161 -1.21352 5.064
      vertex 44.778 -1.15166 5.06347
    endloop
  endfacet
  facet normal -0.707045 0.707169 0
    outer loop
      vertex 45.048 -0.881678 -4.99412
      vertex 44.7161 -1.21352 5.064
      vertex 45.048 -0.881678 4.99412
    endloop
  endfacet
  facet normal -0.70687 0.707341 -0.00165102
    outer loop
      vertex 44.7161 -1.21352 -5.064
      vertex 45.048 -0.881678 -4.99412
      vertex 44.778 -1.15166 -5.06347
    endloop
  endfacet
  facet normal -0.707045 0.707169 0
    outer loop
      vertex 45.048 -0.881678 -4.99412
      vertex 44.7161 -1.21352 -5.064
      vertex 44.7161 -1.21352 5.064
    endloop
  endfacet
  facet normal -0.454037 0.890983 0
    outer loop
      vertex 44.7161 -1.21352 -5.064
      vertex 44.298 -1.42658 5.17322
      vertex 44.7161 -1.21352 5.064
    endloop
  endfacet
  facet normal -0.454037 0.890983 0
    outer loop
      vertex 44.298 -1.42658 5.17322
      vertex 44.7161 -1.21352 -5.064
      vertex 44.298 -1.42658 -5.17322
    endloop
  endfacet
  facet normal 0.707735 -0.706476 0.00165271
    outer loop
      vertex 42.6209 0.881678 6.26523
      vertex 42.9528 1.21352 5.98751
      vertex 42.8909 1.15166 6.05178
    endloop
  endfacet
  facet normal 0.707045 -0.707169 0
    outer loop
      vertex 42.6209 0.881678 6.26523
      vertex 42.9528 1.21352 -5.98751
      vertex 42.9528 1.21352 5.98751
    endloop
  endfacet
  facet normal 0.707045 -0.707169 0
    outer loop
      vertex 42.6209 0.881678 -6.26523
      vertex 42.9528 1.21352 -5.98751
      vertex 42.6209 0.881678 6.26523
    endloop
  endfacet
  facet normal 0.707735 -0.706476 -0.00165271
    outer loop
      vertex 42.9528 1.21352 -5.98751
      vertex 42.6209 0.881678 -6.26523
      vertex 42.8909 1.15166 -6.05178
    endloop
  endfacet
  facet normal -0.454037 -0.890983 0
    outer loop
      vertex 44.298 1.42658 5.17322
      vertex 44.7161 1.21352 -5.064
      vertex 44.7161 1.21352 5.064
    endloop
  endfacet
  facet normal -0.454037 -0.890983 0
    outer loop
      vertex 44.7161 1.21352 -5.064
      vertex 44.298 1.42658 5.17322
      vertex 44.298 1.42658 -5.17322
    endloop
  endfacet
  facet normal -0.891056 0.453894 -9.37015e-05
    outer loop
      vertex 45.048 -0.881678 -4.99412
      vertex 45.261 -0.463525 -4.96802
      vertex 45.1887 -0.605465 -4.99412
    endloop
  endfacet
  facet normal -0.891058 0.45389 0
    outer loop
      vertex 45.261 -0.463525 -4.96802
      vertex 45.048 -0.881678 -4.99412
      vertex 45.261 -0.463525 4.96802
    endloop
  endfacet
  facet normal -0.891058 0.45389 0
    outer loop
      vertex 45.048 -0.881678 4.99412
      vertex 45.261 -0.463525 4.96802
      vertex 45.048 -0.881678 -4.99412
    endloop
  endfacet
  facet normal -0.891056 0.453894 9.37015e-05
    outer loop
      vertex 45.261 -0.463525 4.96802
      vertex 45.048 -0.881678 4.99412
      vertex 45.1887 -0.605465 4.99412
    endloop
  endfacet
  facet normal 0.454037 -0.890983 0
    outer loop
      vertex 42.9528 1.21352 5.98751
      vertex 43.3709 1.42658 -5.65874
      vertex 43.3709 1.42658 5.65874
    endloop
  endfacet
  facet normal 0.454037 -0.890983 0
    outer loop
      vertex 43.3709 1.42658 -5.65874
      vertex 42.9528 1.21352 5.98751
      vertex 42.9528 1.21352 -5.98751
    endloop
  endfacet
  facet normal 0.891076 -0.453855 9.37005e-05
    outer loop
      vertex 42.4079 0.463525 6.46229
      vertex 42.6209 0.881678 6.26523
      vertex 42.4802 0.605465 6.41264
    endloop
  endfacet
  facet normal 0.891058 -0.45389 0
    outer loop
      vertex 42.6209 0.881678 6.26523
      vertex 42.4079 0.463525 6.46229
      vertex 42.6209 0.881678 -6.26523
    endloop
  endfacet
  facet normal 0.891058 -0.45389 0
    outer loop
      vertex 42.4079 0.463525 -6.46229
      vertex 42.6209 0.881678 -6.26523
      vertex 42.4079 0.463525 6.46229
    endloop
  endfacet
  facet normal 0.891076 -0.453855 -9.37005e-05
    outer loop
      vertex 42.6209 0.881678 -6.26523
      vertex 42.4079 0.463525 -6.46229
      vertex 42.4802 0.605465 -6.41264
    endloop
  endfacet
  facet normal 0.454037 0.890983 -0
    outer loop
      vertex 43.3709 -1.42658 -5.65874
      vertex 42.9528 -1.21352 5.98751
      vertex 43.3709 -1.42658 5.65874
    endloop
  endfacet
  facet normal 0.454037 0.890983 0
    outer loop
      vertex 42.9528 -1.21352 5.98751
      vertex 43.3709 -1.42658 -5.65874
      vertex 42.9528 -1.21352 -5.98751
    endloop
  endfacet
  facet normal 0.156453 -0.987685 0
    outer loop
      vertex 43.3709 1.42658 5.65874
      vertex 43.8344 1.5 -5.37816
      vertex 43.8344 1.5 5.37816
    endloop
  endfacet
  facet normal 0.156453 -0.987685 0
    outer loop
      vertex 43.8344 1.5 -5.37816
      vertex 43.3709 1.42658 5.65874
      vertex 43.3709 1.42658 -5.65874
    endloop
  endfacet
  facet normal -0.987693 0.156403 0
    outer loop
      vertex 45.261 -0.463525 -4.96802
      vertex 45.3344 0 4.96802
      vertex 45.3344 0 -4.96802
    endloop
  endfacet
  facet normal -0.987693 0.156403 0
    outer loop
      vertex 45.3344 0 4.96802
      vertex 45.261 -0.463525 -4.96802
      vertex 45.261 -0.463525 4.96802
    endloop
  endfacet
  facet normal 0.707735 0.706476 0.00165271
    outer loop
      vertex 42.9528 -1.21352 5.98751
      vertex 42.6209 -0.881678 6.26523
      vertex 42.8909 -1.15166 6.05178
    endloop
  endfacet
  facet normal 0.707045 0.707169 -0
    outer loop
      vertex 42.9528 -1.21352 -5.98751
      vertex 42.6209 -0.881678 6.26523
      vertex 42.9528 -1.21352 5.98751
    endloop
  endfacet
  facet normal 0.707735 0.706476 -0.00165271
    outer loop
      vertex 42.6209 -0.881678 -6.26523
      vertex 42.9528 -1.21352 -5.98751
      vertex 42.8909 -1.15166 -6.05178
    endloop
  endfacet
  facet normal 0.707045 0.707169 0
    outer loop
      vertex 42.9528 -1.21352 -5.98751
      vertex 42.6209 -0.881678 -6.26523
      vertex 42.6209 -0.881678 6.26523
    endloop
  endfacet
  facet normal 0.156453 0.987685 -0
    outer loop
      vertex 43.8344 -1.5 -5.37816
      vertex 43.3709 -1.42658 5.65874
      vertex 43.8344 -1.5 5.37816
    endloop
  endfacet
  facet normal 0.156453 0.987685 0
    outer loop
      vertex 43.3709 -1.42658 5.65874
      vertex 43.8344 -1.5 -5.37816
      vertex 43.3709 -1.42658 -5.65874
    endloop
  endfacet
  facet normal -0.15642 0.987691 0
    outer loop
      vertex 44.298 -1.42658 -5.17322
      vertex 43.8344 -1.5 5.37816
      vertex 44.298 -1.42658 5.17322
    endloop
  endfacet
  facet normal -0.15642 0.987691 0
    outer loop
      vertex 43.8344 -1.5 5.37816
      vertex 44.298 -1.42658 -5.17322
      vertex 43.8344 -1.5 -5.37816
    endloop
  endfacet
  facet normal 0.891076 0.453855 9.37005e-05
    outer loop
      vertex 42.6209 -0.881678 6.26523
      vertex 42.4079 -0.463525 6.46229
      vertex 42.4802 -0.605465 6.41264
    endloop
  endfacet
  facet normal 0.891058 0.45389 0
    outer loop
      vertex 42.4079 -0.463525 6.46229
      vertex 42.6209 -0.881678 6.26523
      vertex 42.4079 -0.463525 -6.46229
    endloop
  endfacet
  facet normal 0.891058 0.45389 -0
    outer loop
      vertex 42.6209 -0.881678 -6.26523
      vertex 42.4079 -0.463525 -6.46229
      vertex 42.6209 -0.881678 6.26523
    endloop
  endfacet
  facet normal 0.891076 0.453855 -9.37005e-05
    outer loop
      vertex 42.4079 -0.463525 -6.46229
      vertex 42.6209 -0.881678 -6.26523
      vertex 42.4802 -0.605465 -6.41264
    endloop
  endfacet
  facet normal 0.98766 -0.156611 0
    outer loop
      vertex 42.3344 0 6.53919
      vertex 42.4079 0.463525 -6.46229
      vertex 42.4079 0.463525 6.46229
    endloop
  endfacet
  facet normal 0.98766 -0.156611 0
    outer loop
      vertex 42.4079 0.463525 -6.46229
      vertex 42.3344 0 6.53919
      vertex 42.3344 0 -6.53919
    endloop
  endfacet
  facet normal 0.98766 0.156611 0
    outer loop
      vertex 42.4079 -0.463525 6.46229
      vertex 42.3344 0 -6.53919
      vertex 42.3344 0 6.53919
    endloop
  endfacet
  facet normal 0.98766 0.156611 0
    outer loop
      vertex 42.3344 0 -6.53919
      vertex 42.4079 -0.463525 6.46229
      vertex 42.4079 -0.463525 -6.46229
    endloop
  endfacet
  facet normal 0.838732 -0.544543 0.00132564
    outer loop
      vertex -23.2875 38.5718 5.00051
      vertex -23.0319 38.9654 4.96454
      vertex -23.2357 38.6516 5.00672
    endloop
  endfacet
  facet normal 0.838677 -0.544629 0
    outer loop
      vertex -23.0319 38.9654 4.96454
      vertex -23.2875 38.5718 5.00051
      vertex -23.0319 38.9654 -4.96454
    endloop
  endfacet
  facet normal 0.838677 -0.544629 0
    outer loop
      vertex -23.2875 38.5718 -5.00051
      vertex -23.0319 38.9654 -4.96454
      vertex -23.2875 38.5718 5.00051
    endloop
  endfacet
  facet normal 0.838732 -0.544543 -0.00132564
    outer loop
      vertex -23.0319 38.9654 -4.96454
      vertex -23.2875 38.5718 -5.00051
      vertex -23.2357 38.6516 -5.00672
    endloop
  endfacet
  facet normal 0.629446 -0.777039 0.00279158
    outer loop
      vertex -23.0319 38.9654 4.96454
      vertex -22.6672 39.2608 4.95678
      vertex -22.8284 39.1303 4.97939
    endloop
  endfacet
  facet normal 0.629413 -0.777071 0
    outer loop
      vertex -23.0319 38.9654 4.96454
      vertex -22.6672 39.2608 -4.95678
      vertex -22.6672 39.2608 4.95678
    endloop
  endfacet
  facet normal 0.629413 -0.777071 0
    outer loop
      vertex -23.0319 38.9654 -4.96454
      vertex -22.6672 39.2608 -4.95678
      vertex -23.0319 38.9654 4.96454
    endloop
  endfacet
  facet normal 0.629446 -0.777039 -0.00279158
    outer loop
      vertex -22.6672 39.2608 -4.95678
      vertex -23.0319 38.9654 -4.96454
      vertex -22.8284 39.1303 -4.97939
    endloop
  endfacet
  facet normal -0.544629 -0.838677 0
    outer loop
      vertex -21.3071 39.3321 -5.05519
      vertex -20.9135 39.0765 5.18383
      vertex -21.3071 39.3321 5.05519
    endloop
  endfacet
  facet normal -0.544629 -0.838677 -0
    outer loop
      vertex -20.9135 39.0765 5.18383
      vertex -21.3071 39.3321 -5.05519
      vertex -20.9135 39.0765 -5.18383
    endloop
  endfacet
  facet normal -0.965802 0.25928 -0.000637749
    outer loop
      vertex -20.5469 37.3516 -6.27138
      vertex -20.4254 37.8049 -5.9787
      vertex -20.511 37.4855 -6.20036
    endloop
  endfacet
  facet normal -0.965905 0.258896 0
    outer loop
      vertex -20.4254 37.8049 -5.9787
      vertex -20.5469 37.3516 -6.27138
      vertex -20.4254 37.8049 5.9787
    endloop
  endfacet
  facet normal -0.965905 0.258896 0
    outer loop
      vertex -20.5469 37.3516 6.27138
      vertex -20.4254 37.8049 5.9787
      vertex -20.5469 37.3516 -6.27138
    endloop
  endfacet
  facet normal -0.965802 0.25928 0.000637749
    outer loop
      vertex -20.4254 37.8049 5.9787
      vertex -20.5469 37.3516 6.27138
      vertex -20.511 37.4855 6.20036
    endloop
  endfacet
  facet normal -0.777233 -0.629213 0
    outer loop
      vertex -20.7949 38.93 -5.2688
      vertex -20.9135 39.0765 5.18383
      vertex -20.9135 39.0765 -5.18383
    endloop
  endfacet
  facet normal -0.777233 -0.629213 0
    outer loop
      vertex -20.7949 38.93 -5.2688
      vertex -20.7949 38.93 5.2688
      vertex -20.9135 39.0765 5.18383
    endloop
  endfacet
  facet normal -0.777278 -0.629157 0
    outer loop
      vertex -20.6182 38.7117 -5.39185
      vertex -20.7949 38.93 5.2688
      vertex -20.7949 38.93 -5.2688
    endloop
  endfacet
  facet normal -0.777278 -0.629157 0
    outer loop
      vertex -20.7949 38.93 5.2688
      vertex -20.6182 38.7117 -5.39185
      vertex -20.6182 38.7117 5.39185
    endloop
  endfacet
  facet normal 0.965905 -0.258896 0
    outer loop
      vertex -23.409 38.1185 5.06145
      vertex -23.2875 38.5718 -5.00051
      vertex -23.2875 38.5718 5.00051
    endloop
  endfacet
  facet normal 0.965905 -0.258896 0
    outer loop
      vertex -23.2875 38.5718 -5.00051
      vertex -23.409 38.1185 5.06145
      vertex -23.409 38.1185 -5.06145
    endloop
  endfacet
  facet normal 0.998499 0.0543168 0.00697435
    outer loop
      vertex -23.3844 37.6499 5.18903
      vertex -23.409 38.1185 5.06145
      vertex -23.3978 37.904 5.12852
    endloop
  endfacet
  facet normal 0.998625 0.0524246 0
    outer loop
      vertex -23.409 38.1185 5.06145
      vertex -23.3844 37.6499 5.18903
      vertex -23.409 38.1185 -5.06145
    endloop
  endfacet
  facet normal 0.998625 0.0524246 -0
    outer loop
      vertex -23.3844 37.6499 -5.18903
      vertex -23.409 38.1185 -5.06145
      vertex -23.3844 37.6499 5.18903
    endloop
  endfacet
  facet normal 0.998499 0.0543168 -0.00697435
    outer loop
      vertex -23.409 38.1185 -5.06145
      vertex -23.3844 37.6499 -5.18903
      vertex -23.3978 37.904 -5.12852
    endloop
  endfacet
  facet normal -0.258934 -0.965893 0.00209909
    outer loop
      vertex -21.7604 39.4535 5.00027
      vertex -21.3071 39.3321 5.05519
      vertex -21.6266 39.4177 5.03189
    endloop
  endfacet
  facet normal -0.258697 -0.965959 0
    outer loop
      vertex -21.7604 39.4535 -5.00027
      vertex -21.3071 39.3321 5.05519
      vertex -21.7604 39.4535 5.00027
    endloop
  endfacet
  facet normal -0.258934 -0.965893 -0.00209909
    outer loop
      vertex -21.3071 39.3321 -5.05519
      vertex -21.7604 39.4535 -5.00027
      vertex -21.6266 39.4177 -5.03189
    endloop
  endfacet
  facet normal -0.258697 -0.965959 0
    outer loop
      vertex -21.7604 39.4535 -5.00027
      vertex -21.3071 39.3321 -5.05519
      vertex -21.3071 39.3321 5.05519
    endloop
  endfacet
  facet normal 0.358468 -0.933541 -0.00144616
    outer loop
      vertex -22.6672 39.2608 4.95678
      vertex -22.2291 39.429 4.97275
      vertex -22.2822 39.4086 4.97939
    endloop
  endfacet
  facet normal 0.358422 -0.93356 0
    outer loop
      vertex -22.6672 39.2608 -4.95678
      vertex -22.2291 39.429 4.97275
      vertex -22.6672 39.2608 4.95678
    endloop
  endfacet
  facet normal 0.358422 -0.93356 0
    outer loop
      vertex -22.6672 39.2608 -4.95678
      vertex -22.2291 39.429 -4.97275
      vertex -22.2291 39.429 4.97275
    endloop
  endfacet
  facet normal 0.358468 -0.933541 0.00144616
    outer loop
      vertex -22.2291 39.429 -4.97275
      vertex -22.6672 39.2608 -4.95678
      vertex -22.2822 39.4086 -4.97939
    endloop
  endfacet
  facet normal -0.0541846 0.998519 0.00495332
    outer loop
      vertex -21.6054 36.4945 6.45881
      vertex -22.074 36.47 6.27162
      vertex -21.979 36.4749 6.32306
    endloop
  endfacet
  facet normal -0.0522121 0.998636 0
    outer loop
      vertex -21.6054 36.4945 6.45881
      vertex -22.074 36.47 -6.27162
      vertex -22.074 36.47 6.27162
    endloop
  endfacet
  facet normal -0.0522121 0.998636 0
    outer loop
      vertex -21.6054 36.4945 -6.45881
      vertex -22.074 36.47 -6.27162
      vertex -21.6054 36.4945 6.45881
    endloop
  endfacet
  facet normal -0.0541846 0.998519 -0.00495332
    outer loop
      vertex -22.074 36.47 -6.27162
      vertex -21.6054 36.4945 -6.45881
      vertex -21.979 36.4749 -6.32306
    endloop
  endfacet
  facet normal -0.35827 0.933618 -0.000584402
    outer loop
      vertex -21.1672 36.6627 6.52795
      vertex -21.6054 36.4945 6.45881
      vertex -21.3608 36.5884 6.51658
    endloop
  endfacet
  facet normal -0.358351 0.933587 0
    outer loop
      vertex -21.1672 36.6627 6.52795
      vertex -21.6054 36.4945 -6.45881
      vertex -21.6054 36.4945 6.45881
    endloop
  endfacet
  facet normal -0.358351 0.933587 0
    outer loop
      vertex -21.1672 36.6627 -6.52795
      vertex -21.6054 36.4945 -6.45881
      vertex -21.1672 36.6627 6.52795
    endloop
  endfacet
  facet normal -0.35827 0.933618 0.000584402
    outer loop
      vertex -21.6054 36.4945 -6.45881
      vertex -21.1672 36.6627 -6.52795
      vertex -21.3608 36.5884 -6.51658
    endloop
  endfacet
  facet normal -0.838677 0.544629 0
    outer loop
      vertex -20.8025 36.958 -6.46703
      vertex -20.5469 37.3516 6.27138
      vertex -20.5469 37.3516 -6.27138
    endloop
  endfacet
  facet normal -0.838677 0.544629 0
    outer loop
      vertex -20.5469 37.3516 6.27138
      vertex -20.8025 36.958 -6.46703
      vertex -20.8025 36.958 6.46703
    endloop
  endfacet
  facet normal 0.543551 0.839374 0.00194058
    outer loop
      vertex -22.5273 36.5914 5.98496
      vertex -22.9209 36.847 5.67455
      vertex -22.7075 36.7084 5.85155
    endloop
  endfacet
  facet normal 0.544629 0.838677 0
    outer loop
      vertex -22.5273 36.5914 5.98496
      vertex -22.9209 36.847 -5.67455
      vertex -22.9209 36.847 5.67455
    endloop
  endfacet
  facet normal 0.544629 0.838677 -0
    outer loop
      vertex -22.5273 36.5914 -5.98496
      vertex -22.9209 36.847 -5.67455
      vertex -22.5273 36.5914 5.98496
    endloop
  endfacet
  facet normal 0.543551 0.839374 -0.00194058
    outer loop
      vertex -22.9209 36.847 -5.67455
      vertex -22.5273 36.5914 -5.98496
      vertex -22.7075 36.7084 -5.85155
    endloop
  endfacet
  facet normal 0.052201 -0.998637 0
    outer loop
      vertex -22.2291 39.429 -4.97275
      vertex -21.7604 39.4535 5.00027
      vertex -22.2291 39.429 4.97275
    endloop
  endfacet
  facet normal 0.052201 -0.998637 0
    outer loop
      vertex -21.7604 39.4535 5.00027
      vertex -22.2291 39.429 -4.97275
      vertex -21.7604 39.4535 -5.00027
    endloop
  endfacet
  facet normal 0.777071 0.629413 0
    outer loop
      vertex -22.9209 36.847 5.67455
      vertex -23.2163 37.2117 -5.39477
      vertex -23.2163 37.2117 5.39477
    endloop
  endfacet
  facet normal 0.777071 0.629413 0
    outer loop
      vertex -23.2163 37.2117 -5.39477
      vertex -22.9209 36.847 5.67455
      vertex -22.9209 36.847 -5.67455
    endloop
  endfacet
  facet normal 0.933658 0.358165 0
    outer loop
      vertex -23.2163 37.2117 5.39477
      vertex -23.3844 37.6499 -5.18903
      vertex -23.3844 37.6499 5.18903
    endloop
  endfacet
  facet normal 0.933658 0.358165 0
    outer loop
      vertex -23.3844 37.6499 -5.18903
      vertex -23.2163 37.2117 5.39477
      vertex -23.2163 37.2117 -5.39477
    endloop
  endfacet
  facet normal -0.93352 -0.358526 0
    outer loop
      vertex -20.5175 38.4495 -5.55937
      vertex -20.6182 38.7117 5.39185
      vertex -20.6182 38.7117 -5.39185
    endloop
  endfacet
  facet normal -0.93352 -0.358526 0
    outer loop
      vertex -20.5175 38.4495 -5.55937
      vertex -20.5175 38.4495 5.55937
      vertex -20.6182 38.7117 5.39185
    endloop
  endfacet
  facet normal -0.933619 -0.358268 0
    outer loop
      vertex -20.45 38.2736 -5.66935
      vertex -20.5175 38.4495 5.55937
      vertex -20.5175 38.4495 -5.55937
    endloop
  endfacet
  facet normal -0.933619 -0.358268 0
    outer loop
      vertex -20.5175 38.4495 5.55937
      vertex -20.45 38.2736 -5.66935
      vertex -20.45 38.2736 5.66935
    endloop
  endfacet
  facet normal -0.630077 0.77649 -0.00806985
    outer loop
      vertex -20.8025 36.958 6.46703
      vertex -21.1672 36.6627 6.52795
      vertex -20.8467 36.9223 6.48298
    endloop
  endfacet
  facet normal -0.629284 0.777175 0
    outer loop
      vertex -20.8025 36.958 -6.46703
      vertex -21.1672 36.6627 6.52795
      vertex -20.8025 36.958 6.46703
    endloop
  endfacet
  facet normal -0.630077 0.77649 0.00806985
    outer loop
      vertex -21.1672 36.6627 -6.52795
      vertex -20.8025 36.958 -6.46703
      vertex -20.8467 36.9223 -6.48298
    endloop
  endfacet
  facet normal -0.629284 0.777175 0
    outer loop
      vertex -20.8025 36.958 -6.46703
      vertex -21.1672 36.6627 -6.52795
      vertex -21.1672 36.6627 6.52795
    endloop
  endfacet
  facet normal -0.998625 -0.0524135 0
    outer loop
      vertex -20.4254 37.8049 -5.9787
      vertex -20.45 38.2736 5.66935
      vertex -20.45 38.2736 -5.66935
    endloop
  endfacet
  facet normal -0.998625 -0.0524135 0
    outer loop
      vertex -20.45 38.2736 5.66935
      vertex -20.4254 37.8049 -5.9787
      vertex -20.4254 37.8049 5.9787
    endloop
  endfacet
  facet normal 0.258697 0.965959 0
    outer loop
      vertex -22.074 36.47 6.27162
      vertex -22.5273 36.5914 -5.98496
      vertex -22.5273 36.5914 5.98496
    endloop
  endfacet
  facet normal 0.258697 0.965959 0
    outer loop
      vertex -22.5273 36.5914 -5.98496
      vertex -22.074 36.47 6.27162
      vertex -22.074 36.47 -6.27162
    endloop
  endfacet
  facet normal 0.838732 0.544543 0.00132564
    outer loop
      vertex -23.0319 -38.9654 4.96454
      vertex -23.2875 -38.5718 5.00051
      vertex -23.2357 -38.6516 5.00672
    endloop
  endfacet
  facet normal 0.838677 0.544629 0
    outer loop
      vertex -23.2875 -38.5718 5.00051
      vertex -23.0319 -38.9654 4.96454
      vertex -23.2875 -38.5718 -5.00051
    endloop
  endfacet
  facet normal 0.838677 0.544629 -0
    outer loop
      vertex -23.0319 -38.9654 -4.96454
      vertex -23.2875 -38.5718 -5.00051
      vertex -23.0319 -38.9654 4.96454
    endloop
  endfacet
  facet normal 0.838732 0.544543 -0.00132564
    outer loop
      vertex -23.2875 -38.5718 -5.00051
      vertex -23.0319 -38.9654 -4.96454
      vertex -23.2357 -38.6516 -5.00672
    endloop
  endfacet
  facet normal -0.258934 0.965893 0.00209909
    outer loop
      vertex -21.3071 -39.3321 5.05519
      vertex -21.7604 -39.4535 5.00027
      vertex -21.6266 -39.4177 5.03189
    endloop
  endfacet
  facet normal -0.258697 0.965959 0
    outer loop
      vertex -21.3071 -39.3321 5.05519
      vertex -21.7604 -39.4535 -5.00027
      vertex -21.7604 -39.4535 5.00027
    endloop
  endfacet
  facet normal -0.258697 0.965959 0
    outer loop
      vertex -21.3071 -39.3321 -5.05519
      vertex -21.7604 -39.4535 -5.00027
      vertex -21.3071 -39.3321 5.05519
    endloop
  endfacet
  facet normal -0.258934 0.965893 -0.00209909
    outer loop
      vertex -21.7604 -39.4535 -5.00027
      vertex -21.3071 -39.3321 -5.05519
      vertex -21.6266 -39.4177 -5.03189
    endloop
  endfacet
  facet normal -0.630077 -0.77649 -0.00806985
    outer loop
      vertex -21.1672 -36.6627 6.52795
      vertex -20.8025 -36.958 6.46703
      vertex -20.8467 -36.9223 6.48298
    endloop
  endfacet
  facet normal -0.629284 -0.777175 0
    outer loop
      vertex -21.1672 -36.6627 6.52795
      vertex -20.8025 -36.958 -6.46703
      vertex -20.8025 -36.958 6.46703
    endloop
  endfacet
  facet normal -0.629284 -0.777175 0
    outer loop
      vertex -21.1672 -36.6627 -6.52795
      vertex -20.8025 -36.958 -6.46703
      vertex -21.1672 -36.6627 6.52795
    endloop
  endfacet
  facet normal -0.630077 -0.77649 0.00806985
    outer loop
      vertex -20.8025 -36.958 -6.46703
      vertex -21.1672 -36.6627 -6.52795
      vertex -20.8467 -36.9223 -6.48298
    endloop
  endfacet
  facet normal 0.543551 -0.839374 0.00194058
    outer loop
      vertex -22.9209 -36.847 5.67455
      vertex -22.5273 -36.5914 5.98496
      vertex -22.7075 -36.7084 5.85155
    endloop
  endfacet
  facet normal 0.544629 -0.838677 0
    outer loop
      vertex -22.9209 -36.847 -5.67455
      vertex -22.5273 -36.5914 5.98496
      vertex -22.9209 -36.847 5.67455
    endloop
  endfacet
  facet normal 0.543551 -0.839374 -0.00194058
    outer loop
      vertex -22.5273 -36.5914 -5.98496
      vertex -22.9209 -36.847 -5.67455
      vertex -22.7075 -36.7084 -5.85155
    endloop
  endfacet
  facet normal 0.544629 -0.838677 0
    outer loop
      vertex -22.9209 -36.847 -5.67455
      vertex -22.5273 -36.5914 -5.98496
      vertex -22.5273 -36.5914 5.98496
    endloop
  endfacet
  facet normal 0.358468 0.933541 -0.00144616
    outer loop
      vertex -22.2291 -39.429 4.97275
      vertex -22.6672 -39.2608 4.95678
      vertex -22.2822 -39.4086 4.97939
    endloop
  endfacet
  facet normal 0.358422 0.93356 0
    outer loop
      vertex -22.2291 -39.429 4.97275
      vertex -22.6672 -39.2608 -4.95678
      vertex -22.6672 -39.2608 4.95678
    endloop
  endfacet
  facet normal 0.358422 0.93356 -0
    outer loop
      vertex -22.2291 -39.429 -4.97275
      vertex -22.6672 -39.2608 -4.95678
      vertex -22.2291 -39.429 4.97275
    endloop
  endfacet
  facet normal 0.358468 0.933541 0.00144616
    outer loop
      vertex -22.6672 -39.2608 -4.95678
      vertex -22.2291 -39.429 -4.97275
      vertex -22.2822 -39.4086 -4.97939
    endloop
  endfacet
  facet normal -0.544629 0.838677 0
    outer loop
      vertex -20.9135 -39.0765 5.18383
      vertex -21.3071 -39.3321 -5.05519
      vertex -21.3071 -39.3321 5.05519
    endloop
  endfacet
  facet normal -0.544629 0.838677 0
    outer loop
      vertex -21.3071 -39.3321 -5.05519
      vertex -20.9135 -39.0765 5.18383
      vertex -20.9135 -39.0765 -5.18383
    endloop
  endfacet
  facet normal -0.933619 0.358268 0
    outer loop
      vertex -20.5175 -38.4495 -5.55937
      vertex -20.45 -38.2736 5.66935
      vertex -20.45 -38.2736 -5.66935
    endloop
  endfacet
  facet normal -0.933619 0.358268 0
    outer loop
      vertex -20.5175 -38.4495 -5.55937
      vertex -20.5175 -38.4495 5.55937
      vertex -20.45 -38.2736 5.66935
    endloop
  endfacet
  facet normal -0.93352 0.358526 0
    outer loop
      vertex -20.6182 -38.7117 -5.39185
      vertex -20.5175 -38.4495 5.55937
      vertex -20.5175 -38.4495 -5.55937
    endloop
  endfacet
  facet normal -0.93352 0.358526 0
    outer loop
      vertex -20.5175 -38.4495 5.55937
      vertex -20.6182 -38.7117 -5.39185
      vertex -20.6182 -38.7117 5.39185
    endloop
  endfacet
  facet normal -0.777278 0.629157 0
    outer loop
      vertex -20.7949 -38.93 -5.2688
      vertex -20.6182 -38.7117 5.39185
      vertex -20.6182 -38.7117 -5.39185
    endloop
  endfacet
  facet normal -0.777278 0.629157 0
    outer loop
      vertex -20.7949 -38.93 -5.2688
      vertex -20.7949 -38.93 5.2688
      vertex -20.6182 -38.7117 5.39185
    endloop
  endfacet
  facet normal -0.777233 0.629213 0
    outer loop
      vertex -20.9135 -39.0765 -5.18383
      vertex -20.7949 -38.93 5.2688
      vertex -20.7949 -38.93 -5.2688
    endloop
  endfacet
  facet normal -0.777233 0.629213 0
    outer loop
      vertex -20.7949 -38.93 5.2688
      vertex -20.9135 -39.0765 -5.18383
      vertex -20.9135 -39.0765 5.18383
    endloop
  endfacet
  facet normal 0.933658 -0.358165 0
    outer loop
      vertex -23.3844 -37.6499 5.18903
      vertex -23.2163 -37.2117 -5.39477
      vertex -23.2163 -37.2117 5.39477
    endloop
  endfacet
  facet normal 0.933658 -0.358165 0
    outer loop
      vertex -23.2163 -37.2117 -5.39477
      vertex -23.3844 -37.6499 5.18903
      vertex -23.3844 -37.6499 -5.18903
    endloop
  endfacet
  facet normal -0.0541846 -0.998519 0.00495332
    outer loop
      vertex -22.074 -36.47 6.27162
      vertex -21.6054 -36.4945 6.45881
      vertex -21.979 -36.4749 6.32306
    endloop
  endfacet
  facet normal -0.0522121 -0.998636 0
    outer loop
      vertex -22.074 -36.47 -6.27162
      vertex -21.6054 -36.4945 6.45881
      vertex -22.074 -36.47 6.27162
    endloop
  endfacet
  facet normal -0.0541846 -0.998519 -0.00495332
    outer loop
      vertex -21.6054 -36.4945 -6.45881
      vertex -22.074 -36.47 -6.27162
      vertex -21.979 -36.4749 -6.32306
    endloop
  endfacet
  facet normal -0.0522121 -0.998636 0
    outer loop
      vertex -22.074 -36.47 -6.27162
      vertex -21.6054 -36.4945 -6.45881
      vertex -21.6054 -36.4945 6.45881
    endloop
  endfacet
  facet normal 0.629446 0.777039 0.00279158
    outer loop
      vertex -22.6672 -39.2608 4.95678
      vertex -23.0319 -38.9654 4.96454
      vertex -22.8284 -39.1303 4.97939
    endloop
  endfacet
  facet normal 0.629413 0.777071 -0
    outer loop
      vertex -22.6672 -39.2608 -4.95678
      vertex -23.0319 -38.9654 4.96454
      vertex -22.6672 -39.2608 4.95678
    endloop
  endfacet
  facet normal 0.629413 0.777071 0
    outer loop
      vertex -22.6672 -39.2608 -4.95678
      vertex -23.0319 -38.9654 -4.96454
      vertex -23.0319 -38.9654 4.96454
    endloop
  endfacet
  facet normal 0.629446 0.777039 -0.00279158
    outer loop
      vertex -23.0319 -38.9654 -4.96454
      vertex -22.6672 -39.2608 -4.95678
      vertex -22.8284 -39.1303 -4.97939
    endloop
  endfacet
  facet normal -0.998625 0.0524135 0
    outer loop
      vertex -20.45 -38.2736 -5.66935
      vertex -20.4254 -37.8049 5.9787
      vertex -20.4254 -37.8049 -5.9787
    endloop
  endfacet
  facet normal -0.998625 0.0524135 0
    outer loop
      vertex -20.4254 -37.8049 5.9787
      vertex -20.45 -38.2736 -5.66935
      vertex -20.45 -38.2736 5.66935
    endloop
  endfacet
  facet normal 0.777071 -0.629413 0
    outer loop
      vertex -23.2163 -37.2117 5.39477
      vertex -22.9209 -36.847 -5.67455
      vertex -22.9209 -36.847 5.67455
    endloop
  endfacet
  facet normal 0.777071 -0.629413 0
    outer loop
      vertex -22.9209 -36.847 -5.67455
      vertex -23.2163 -37.2117 5.39477
      vertex -23.2163 -37.2117 -5.39477
    endloop
  endfacet
  facet normal -0.35827 -0.933618 -0.000584402
    outer loop
      vertex -21.6054 -36.4945 6.45881
      vertex -21.1672 -36.6627 6.52795
      vertex -21.3608 -36.5884 6.51658
    endloop
  endfacet
  facet normal -0.358351 -0.933587 0
    outer loop
      vertex -21.6054 -36.4945 -6.45881
      vertex -21.1672 -36.6627 6.52795
      vertex -21.6054 -36.4945 6.45881
    endloop
  endfacet
  facet normal -0.35827 -0.933618 0.000584402
    outer loop
      vertex -21.1672 -36.6627 -6.52795
      vertex -21.6054 -36.4945 -6.45881
      vertex -21.3608 -36.5884 -6.51658
    endloop
  endfacet
  facet normal -0.358351 -0.933587 0
    outer loop
      vertex -21.6054 -36.4945 -6.45881
      vertex -21.1672 -36.6627 -6.52795
      vertex -21.1672 -36.6627 6.52795
    endloop
  endfacet
  facet normal 0.965905 0.258896 0
    outer loop
      vertex -23.2875 -38.5718 5.00051
      vertex -23.409 -38.1185 -5.06145
      vertex -23.409 -38.1185 5.06145
    endloop
  endfacet
  facet normal 0.965905 0.258896 0
    outer loop
      vertex -23.409 -38.1185 -5.06145
      vertex -23.2875 -38.5718 5.00051
      vertex -23.2875 -38.5718 -5.00051
    endloop
  endfacet
  facet normal 0.052201 0.998637 0
    outer loop
      vertex -21.7604 -39.4535 5.00027
      vertex -22.2291 -39.429 -4.97275
      vertex -22.2291 -39.429 4.97275
    endloop
  endfacet
  facet normal 0.052201 0.998637 0
    outer loop
      vertex -22.2291 -39.429 -4.97275
      vertex -21.7604 -39.4535 5.00027
      vertex -21.7604 -39.4535 -5.00027
    endloop
  endfacet
  facet normal 0.998499 -0.0543168 0.00697435
    outer loop
      vertex -23.409 -38.1185 5.06145
      vertex -23.3844 -37.6499 5.18903
      vertex -23.3978 -37.904 5.12852
    endloop
  endfacet
  facet normal 0.998625 -0.0524246 0
    outer loop
      vertex -23.3844 -37.6499 5.18903
      vertex -23.409 -38.1185 5.06145
      vertex -23.3844 -37.6499 -5.18903
    endloop
  endfacet
  facet normal 0.998625 -0.0524246 0
    outer loop
      vertex -23.409 -38.1185 -5.06145
      vertex -23.3844 -37.6499 -5.18903
      vertex -23.409 -38.1185 5.06145
    endloop
  endfacet
  facet normal 0.998499 -0.0543168 -0.00697435
    outer loop
      vertex -23.3844 -37.6499 -5.18903
      vertex -23.409 -38.1185 -5.06145
      vertex -23.3978 -37.904 -5.12852
    endloop
  endfacet
  facet normal -0.838677 -0.544629 0
    outer loop
      vertex -20.5469 -37.3516 -6.27138
      vertex -20.8025 -36.958 6.46703
      vertex -20.8025 -36.958 -6.46703
    endloop
  endfacet
  facet normal -0.838677 -0.544629 0
    outer loop
      vertex -20.8025 -36.958 6.46703
      vertex -20.5469 -37.3516 -6.27138
      vertex -20.5469 -37.3516 6.27138
    endloop
  endfacet
  facet normal 0.258697 -0.965959 0
    outer loop
      vertex -22.5273 -36.5914 -5.98496
      vertex -22.074 -36.47 6.27162
      vertex -22.5273 -36.5914 5.98496
    endloop
  endfacet
  facet normal 0.258697 -0.965959 0
    outer loop
      vertex -22.074 -36.47 6.27162
      vertex -22.5273 -36.5914 -5.98496
      vertex -22.074 -36.47 -6.27162
    endloop
  endfacet
  facet normal -0.965802 -0.25928 -0.000637749
    outer loop
      vertex -20.4254 -37.8049 -5.9787
      vertex -20.5469 -37.3516 -6.27138
      vertex -20.511 -37.4855 -6.20036
    endloop
  endfacet
  facet normal -0.965905 -0.258896 0
    outer loop
      vertex -20.5469 -37.3516 -6.27138
      vertex -20.4254 -37.8049 -5.9787
      vertex -20.5469 -37.3516 6.27138
    endloop
  endfacet
  facet normal -0.965905 -0.258896 -0
    outer loop
      vertex -20.4254 -37.8049 5.9787
      vertex -20.5469 -37.3516 6.27138
      vertex -20.4254 -37.8049 -5.9787
    endloop
  endfacet
  facet normal -0.965802 -0.25928 0.000637749
    outer loop
      vertex -20.5469 -37.3516 6.27138
      vertex -20.4254 -37.8049 5.9787
      vertex -20.511 -37.4855 6.20036
    endloop
  endfacet
  facet normal -0.308675 0.0488858 -0.94991
    outer loop
      vertex -2.83303 3.73758 -25.8416
      vertex -4.11722 3.73758 -25.4243
      vertex -4.02133 4.34305 -25.4243
    endloop
  endfacet
  facet normal 0.278461 -0.141883 0.94991
    outer loop
      vertex 6.17922 -0.605465 25.4243
      vertex 4.86199 -0.396836 25.8416
      vertex 5.90092 -1.15166 25.4243
    endloop
  endfacet
  facet normal 0.422048 -0.415264 -0.805873
    outer loop
      vertex 44.7161 -1.21352 -5.064
      vertex 47.1038 -1.15166 -3.8454
      vertex 47.9875 -1.79376 -3.05172
    endloop
  endfacet
  facet normal 0.422024 -0.415393 -0.805819
    outer loop
      vertex 47.1038 -1.15166 -3.8454
      vertex 44.7161 -1.21352 -5.064
      vertex 44.778 -1.15166 -5.06347
    endloop
  endfacet
  facet normal 0.422088 -0.415159 -0.805906
    outer loop
      vertex 47.9875 -1.79376 -3.05172
      vertex 44.298 -1.42658 -5.17322
      vertex 44.7161 -1.21352 -5.064
    endloop
  endfacet
  facet normal 0.422009 -0.415416 -0.805815
    outer loop
      vertex 47.9875 -1.79376 -3.05172
      vertex 43.8344 -1.5 -5.37816
      vertex 44.298 -1.42658 -5.17322
    endloop
  endfacet
  facet normal 0.422065 -0.415217 -0.805888
    outer loop
      vertex 6.78469 -1.79376 -24.6307
      vertex 43.8344 -1.5 -5.37816
      vertex 47.9875 -1.79376 -3.05172
    endloop
  endfacet
  facet normal 0.422056 -0.41526 -0.805871
    outer loop
      vertex 6.78469 -1.79376 -24.6307
      vertex 43.3709 -1.42658 -5.65874
      vertex 43.8344 -1.5 -5.37816
    endloop
  endfacet
  facet normal 0.422049 -0.415295 -0.805856
    outer loop
      vertex 6.78469 -1.79376 -24.6307
      vertex 42.9528 -1.21352 -5.98751
      vertex 43.3709 -1.42658 -5.65874
    endloop
  endfacet
  facet normal 0.422107 -0.414999 -0.805979
    outer loop
      vertex 6.78469 -1.79376 -24.6307
      vertex 42.8909 -1.15166 -6.05178
      vertex 42.9528 -1.21352 -5.98751
    endloop
  endfacet
  facet normal 0.422081 -0.415135 -0.805923
    outer loop
      vertex 42.8909 -1.15166 -6.05178
      vertex 6.78469 -1.79376 -24.6307
      vertex 5.90092 -1.15166 -25.4243
    endloop
  endfacet
  facet normal -0.527989 0.269021 -0.805516
    outer loop
      vertex -24.6228 40.0258 -3.8454
      vertex -25.6617 40.3633 -3.05172
      vertex -24.3445 40.572 -3.8454
    endloop
  endfacet
  facet normal 0.29493 0.510835 0.807505
    outer loop
      vertex -0.364137 6.20648 24.6307
      vertex 5.46745 1.58513 25.4243
      vertex 6.10955 2.4689 24.6307
    endloop
  endfacet
  facet normal 0.294931 0.510836 0.807504
    outer loop
      vertex 5.46745 1.58513 25.4243
      vertex -0.364137 6.20648 24.6307
      vertex -1.00623 5.32271 25.4243
    endloop
  endfacet
  facet normal 0.574499 -0.574486 -0.583024
    outer loop
      vertex 47.7789 -3.11099 -1.95933
      vertex 47.9875 -1.79376 -3.05172
      vertex 48.6296 -2.26027 -1.95933
    endloop
  endfacet
  facet normal 0.574514 -0.57448 -0.583014
    outer loop
      vertex 47.9875 -1.79376 -3.05172
      vertex 47.7789 -3.11099 -1.95933
      vertex 47.3124 -2.4689 -3.05172
    endloop
  endfacet
  facet normal 0.15649 -0.98768 0
    outer loop
      vertex -22.7593 -43.683 -0.675138
      vertex -21.4421 -43.4743 0.675138
      vertex -22.7593 -43.683 0.675138
    endloop
  endfacet
  facet normal 0.15649 -0.98768 0
    outer loop
      vertex -21.4421 -43.4743 0.675138
      vertex -22.7593 -43.683 -0.675138
      vertex -21.4421 -43.4743 -0.675138
    endloop
  endfacet
  facet normal 0.432242 0.848419 0.305537
    outer loop
      vertex -21.4421 43.4743 0.675138
      vertex -21.571 43.0775 1.95933
      vertex -20.2538 42.8689 0.675138
    endloop
  endfacet
  facet normal 0.308672 0.0488983 0.949911
    outer loop
      vertex 6.17922 0.605465 25.4243
      vertex 4.95788 0.208629 25.8416
      vertex 4.99093 0 25.8416
    endloop
  endfacet
  facet normal -0.148993 0.940432 -0.305595
    outer loop
      vertex -22.7593 43.2657 -1.95933
      vertex -24.0766 43.4743 -0.675138
      vertex -22.7593 43.683 -0.675138
    endloop
  endfacet
  facet normal 0.527978 0.269018 0.805524
    outer loop
      vertex 48.421 0.943034 3.05172
      vertex 47.1038 1.15166 3.8454
      vertex 47.3821 0.605465 3.8454
    endloop
  endfacet
  facet normal -0.156478 0.987681 0
    outer loop
      vertex -22.7593 43.683 -0.675138
      vertex -24.0766 43.4743 0.675138
      vertex -22.7593 43.683 0.675138
    endloop
  endfacet
  facet normal -0.156478 0.987681 0
    outer loop
      vertex -24.0766 43.4743 0.675138
      vertex -22.7593 43.683 -0.675138
      vertex -24.0766 43.4743 -0.675138
    endloop
  endfacet
  facet normal 0.142552 0.571158 0.808367
    outer loop
      vertex -1.21486 6.63995 24.6307
      vertex -20.5175 38.4495 5.55937
      vertex -1.55243 5.60101 25.4243
    endloop
  endfacet
  facet normal 0.142588 0.57117 0.808352
    outer loop
      vertex -21.8163 42.3227 3.05172
      vertex -20.5175 38.4495 5.55937
      vertex -1.21486 6.63995 24.6307
    endloop
  endfacet
  facet normal 0.141629 0.571025 0.808624
    outer loop
      vertex -20.5175 38.4495 5.55937
      vertex -21.8163 42.3227 3.05172
      vertex -20.6182 38.7117 5.39185
    endloop
  endfacet
  facet normal 0.142796 0.571199 0.808295
    outer loop
      vertex -21.8163 42.3227 3.05172
      vertex -20.7949 38.93 5.2688
      vertex -20.6182 38.7117 5.39185
    endloop
  endfacet
  facet normal 0.142567 0.57117 0.808356
    outer loop
      vertex -20.7949 38.93 5.2688
      vertex -21.8163 42.3227 3.05172
      vertex -22.1539 41.2837 3.8454
    endloop
  endfacet
  facet normal 0.84837 -0.432288 -0.305606
    outer loop
      vertex 49.5727 -1.31723 -0.675138
      vertex 48.9672 -2.50553 -0.675138
      vertex 49.1758 -1.18829 -1.95933
    endloop
  endfacet
  facet normal 0.420864 -0.420839 0.803597
    outer loop
      vertex 6.78469 -1.79376 24.6307
      vertex 47.3124 -2.4689 3.05172
      vertex 47.9875 -1.79376 3.05172
    endloop
  endfacet
  facet normal 0.42086 -0.42086 0.803588
    outer loop
      vertex 47.3124 -2.4689 3.05172
      vertex 6.78469 -1.79376 24.6307
      vertex 6.10955 -2.4689 24.6307
    endloop
  endfacet
  facet normal -0.308675 0.0488858 0.94991
    outer loop
      vertex -4.02133 4.34305 25.4243
      vertex -4.11722 3.73758 25.4243
      vertex -2.83303 3.73758 25.8416
    endloop
  endfacet
  facet normal -0.308676 0.0488839 0.94991
    outer loop
      vertex -2.79999 3.94621 25.8416
      vertex -4.02133 4.34305 25.4243
      vertex -2.83303 3.73758 25.8416
    endloop
  endfacet
  facet normal 0.405273 -0.701954 0.585674
    outer loop
      vertex -20.4991 -42.5313 1.95933
      vertex 47.3124 -2.4689 3.05172
      vertex -20.9656 -41.8892 3.05172
    endloop
  endfacet
  facet normal 0.405275 -0.701957 0.58567
    outer loop
      vertex 47.3124 -2.4689 3.05172
      vertex -20.4991 -42.5313 1.95933
      vertex 47.7789 -3.11099 1.95933
    endloop
  endfacet
  facet normal 0.368871 0.723897 -0.583016
    outer loop
      vertex -20.4991 42.5313 -1.95933
      vertex -21.8163 42.3227 -3.05172
      vertex -21.571 43.0775 -1.95933
    endloop
  endfacet
  facet normal -0.0488843 -0.308678 0.94991
    outer loop
      vertex -2.36652 -4.37968 25.8416
      vertex -2.76336 -5.60101 25.4243
      vertex -2.15789 -4.41272 25.8416
    endloop
  endfacet
  facet normal -0.309045 0 0.951048
    outer loop
      vertex -4.11722 3.73758 25.4243
      vertex -2.83303 -3.73758 25.8416
      vertex -2.83303 3.73758 25.8416
    endloop
  endfacet
  facet normal -0.309045 0 0.951048
    outer loop
      vertex -2.83303 -3.73758 25.8416
      vertex -4.11722 3.73758 25.4243
      vertex -4.11722 -3.73758 25.4243
    endloop
  endfacet
  facet normal 0.092658 -0.585241 -0.805548
    outer loop
      vertex -21.8163 -42.3227 -3.05172
      vertex -22.7593 -42.472 -3.05172
      vertex -22.1539 -41.2837 -3.8454
    endloop
  endfacet
  facet normal 0.405275 0.701957 -0.58567
    outer loop
      vertex 47.3124 2.4689 -3.05172
      vertex -20.4991 42.5313 -1.95933
      vertex 47.7789 3.11099 -1.95933
    endloop
  endfacet
  facet normal 0.405273 0.701954 -0.585674
    outer loop
      vertex -20.4991 42.5313 -1.95933
      vertex 47.3124 2.4689 -3.05172
      vertex -20.9656 41.8892 -3.05172
    endloop
  endfacet
  facet normal -0.631773 -0.100092 -0.768664
    outer loop
      vertex -25.8111 -39.4203 -3.05172
      vertex -5.06026 -4.68062 -24.6307
      vertex -25.6617 -40.3633 -3.05172
    endloop
  endfacet
  facet normal -0.631799 -0.100065 -0.768646
    outer loop
      vertex -5.06026 -4.68062 -24.6307
      vertex -25.8111 -39.4203 -3.05172
      vertex -5.20962 -3.73758 -24.6307
    endloop
  endfacet
  facet normal -0.987691 -0.156417 0
    outer loop
      vertex -26.8134 -40.7375 -0.675138
      vertex -27.022 -39.4203 0.675138
      vertex -27.022 -39.4203 -0.675138
    endloop
  endfacet
  facet normal -0.987691 -0.156417 0
    outer loop
      vertex -27.022 -39.4203 0.675138
      vertex -26.8134 -40.7375 -0.675138
      vertex -26.8134 -40.7375 0.675138
    endloop
  endfacet
  facet normal 0.527978 -0.269018 0.805524
    outer loop
      vertex 47.3821 -0.605465 3.8454
      vertex 47.1038 -1.15166 3.8454
      vertex 48.421 -0.943034 3.05172
    endloop
  endfacet
  facet normal 0.432242 -0.848419 0.305537
    outer loop
      vertex -20.2538 -42.8689 0.675138
      vertex -21.571 -43.0775 1.95933
      vertex -21.4421 -43.4743 0.675138
    endloop
  endfacet
  facet normal 0.432296 -0.848368 0.305602
    outer loop
      vertex -20.4991 -42.5313 1.95933
      vertex -21.571 -43.0775 1.95933
      vertex -20.2538 -42.8689 0.675138
    endloop
  endfacet
  facet normal -0.802476 -0.127137 0.582983
    outer loop
      vertex -25.8111 -39.4203 3.05172
      vertex -26.6047 -39.4203 1.95933
      vertex -25.6617 -40.3633 3.05172
    endloop
  endfacet
  facet normal 0.475771 -0.82406 0.307516
    outer loop
      vertex -20.2538 -42.8689 0.675138
      vertex 47.7789 -3.11099 1.95933
      vertex -20.4991 -42.5313 1.95933
    endloop
  endfacet
  facet normal 0.475774 -0.824065 0.307499
    outer loop
      vertex 47.7789 -3.11099 1.95933
      vertex -20.2538 -42.8689 0.675138
      vertex 48.0242 -3.44856 0.675138
    endloop
  endfacet
  facet normal -0.278458 -0.141885 0.94991
    outer loop
      vertex -2.70409 -4.13442 25.8416
      vertex -4.02133 -4.34305 25.4243
      vertex -3.74302 -4.88925 25.4243
    endloop
  endfacet
  facet normal 0.36165 0.626396 0.690534
    outer loop
      vertex 47.3124 2.4689 3.05172
      vertex -20.9656 41.8892 3.05172
      vertex -0.364137 6.20648 24.6307
    endloop
  endfacet
  facet normal -0.673289 -0.673289 0.305556
    outer loop
      vertex -26.2079 -41.9258 0.675138
      vertex -25.0196 -42.5313 1.95933
      vertex -25.8703 -41.6806 1.95933
    endloop
  endfacet
  facet normal -0.673314 -0.673243 0.305601
    outer loop
      vertex -25.0196 -42.5313 1.95933
      vertex -26.2079 -41.9258 0.675138
      vertex -25.2649 -42.8689 0.675138
    endloop
  endfacet
  facet normal -0.940441 -0.148934 0.305598
    outer loop
      vertex -26.6047 -39.4203 1.95933
      vertex -27.022 -39.4203 0.675138
      vertex -26.8134 -40.7375 0.675138
    endloop
  endfacet
  facet normal 0.0927091 0.585256 0.805531
    outer loop
      vertex -22.7593 42.472 3.05172
      vertex -22.7593 41.3796 3.8454
      vertex -22.1539 41.2837 3.8454
    endloop
  endfacet
  facet normal 0.72389 0.368869 0.583025
    outer loop
      vertex 48.6296 2.26027 1.95933
      vertex 47.9875 1.79376 3.05172
      vertex 48.421 0.943034 3.05172
    endloop
  endfacet
  facet normal 0.220988 -0.220988 0.94991
    outer loop
      vertex 4.86199 -0.396836 25.8416
      vertex 5.46745 -1.58513 25.4243
      vertex 5.90092 -1.15166 25.4243
    endloop
  endfacet
  facet normal 0.22099 -0.220987 0.94991
    outer loop
      vertex 5.46745 -1.58513 25.4243
      vertex 4.86199 -0.396836 25.8416
      vertex 4.71263 -0.546198 25.8416
    endloop
  endfacet
  facet normal 0.148947 -0.940457 0.305541
    outer loop
      vertex -21.571 -43.0775 1.95933
      vertex -22.7593 -43.2657 1.95933
      vertex -21.4421 -43.4743 0.675138
    endloop
  endfacet
  facet normal 0.0488865 -0.308678 -0.94991
    outer loop
      vertex -1.55243 -5.60101 -25.4243
      vertex -2.15789 -4.41272 -25.8416
      vertex -1.94927 -4.37968 -25.8416
    endloop
  endfacet
  facet normal 0.405273 -0.701954 -0.585674
    outer loop
      vertex 47.3124 -2.4689 -3.05172
      vertex -20.4991 -42.5313 -1.95933
      vertex -20.9656 -41.8892 -3.05172
    endloop
  endfacet
  facet normal 0.405275 -0.701957 -0.58567
    outer loop
      vertex -20.4991 -42.5313 -1.95933
      vertex 47.3124 -2.4689 -3.05172
      vertex 47.7789 -3.11099 -1.95933
    endloop
  endfacet
  facet normal -0.471939 -0.240471 0.848203
    outer loop
      vertex -22.074 -36.47 6.27162
      vertex -3.74302 -4.88925 25.4243
      vertex -4.02133 -4.34305 25.4243
    endloop
  endfacet
  facet normal -0.471729 -0.240635 0.848273
    outer loop
      vertex -3.74302 -4.88925 25.4243
      vertex -22.074 -36.47 6.27162
      vertex -21.979 -36.4749 6.32306
    endloop
  endfacet
  facet normal -0.471988 -0.240433 0.848186
    outer loop
      vertex -4.02133 -4.34305 25.4243
      vertex -22.5273 -36.5914 5.98496
      vertex -22.074 -36.47 6.27162
    endloop
  endfacet
  facet normal -0.471791 -0.240586 0.848252
    outer loop
      vertex -22.5273 -36.5914 5.98496
      vertex -4.02133 -4.34305 25.4243
      vertex -22.7075 -36.7084 5.85155
    endloop
  endfacet
  facet normal -0.471765 -0.240602 0.848262
    outer loop
      vertex -24.6228 -40.0258 3.8454
      vertex -23.409 -38.1185 5.06145
      vertex -23.3978 -37.904 5.12852
    endloop
  endfacet
  facet normal -0.471934 -0.24046 0.848208
    outer loop
      vertex -23.409 -38.1185 5.06145
      vertex -24.6228 -40.0258 3.8454
      vertex -24.3445 -40.572 3.8454
    endloop
  endfacet
  facet normal -0.472014 -0.24039 0.848184
    outer loop
      vertex -23.2875 -38.5718 5.00051
      vertex -24.3445 -40.572 3.8454
      vertex -23.2357 -38.6516 5.00672
    endloop
  endfacet
  facet normal -0.471853 -0.240507 0.84824
    outer loop
      vertex -24.3445 -40.572 3.8454
      vertex -23.2875 -38.5718 5.00051
      vertex -23.409 -38.1185 5.06145
    endloop
  endfacet
  facet normal -1 0 0
    outer loop
      vertex -27.022 -39.4203 -0.675138
      vertex -27.022 39.4203 0.675138
      vertex -27.022 39.4203 -0.675138
    endloop
  endfacet
  facet normal -1 -0 0
    outer loop
      vertex -27.022 39.4203 0.675138
      vertex -27.022 -39.4203 -0.675138
      vertex -27.022 -39.4203 0.675138
    endloop
  endfacet
  facet normal -0.268999 0.527946 0.805551
    outer loop
      vertex -23.7024 42.3227 3.05172
      vertex -23.911 41.0054 3.8454
      vertex -23.3648 41.2837 3.8454
    endloop
  endfacet
  facet normal 0.36165 0.626397 0.690533
    outer loop
      vertex 47.3124 2.4689 3.05172
      vertex -0.364137 6.20648 24.6307
      vertex 6.10955 2.4689 24.6307
    endloop
  endfacet
  facet normal -0.673314 0.673243 -0.305601
    outer loop
      vertex -25.0196 42.5313 -1.95933
      vertex -26.2079 41.9258 -0.675138
      vertex -25.2649 42.8689 -0.675138
    endloop
  endfacet
  facet normal -0.673289 0.673289 -0.305556
    outer loop
      vertex -26.2079 41.9258 -0.675138
      vertex -25.0196 42.5313 -1.95933
      vertex -25.8703 41.6806 -1.95933
    endloop
  endfacet
  facet normal 0.72389 -0.368869 -0.583025
    outer loop
      vertex 48.6296 -2.26027 -1.95933
      vertex 47.9875 -1.79376 -3.05172
      vertex 48.421 -0.943034 -3.05172
    endloop
  endfacet
  facet normal -0.418938 -0.419035 -0.805543
    outer loop
      vertex -24.5531 -41.8892 -3.05172
      vertex -24.3445 -40.572 -3.8454
      vertex -23.911 -41.0054 -3.8454
    endloop
  endfacet
  facet normal -0.41901 -0.41901 -0.80552
    outer loop
      vertex -24.3445 -40.572 -3.8454
      vertex -24.5531 -41.8892 -3.05172
      vertex -25.2282 -41.2141 -3.05172
    endloop
  endfacet
  facet normal 0.527977 -0.269039 0.805517
    outer loop
      vertex 48.421 -0.943034 3.05172
      vertex 47.1038 -1.15166 3.8454
      vertex 47.9875 -1.79376 3.05172
    endloop
  endfacet
  facet normal -0.527989 -0.269021 0.805516
    outer loop
      vertex -24.3445 -40.572 3.8454
      vertex -25.6617 -40.3633 3.05172
      vertex -25.2282 -41.2141 3.05172
    endloop
  endfacet
  facet normal -0.802463 0.127092 -0.58301
    outer loop
      vertex -25.6617 40.3633 -3.05172
      vertex -26.6047 39.4203 -1.95933
      vertex -26.4165 40.6086 -1.95933
    endloop
  endfacet
  facet normal 0.308675 -0.0488913 0.94991
    outer loop
      vertex 6.27512 0 25.4243
      vertex 4.99093 0 25.8416
      vertex 6.17922 -0.605465 25.4243
    endloop
  endfacet
  facet normal 0.451499 0.23005 0.862105
    outer loop
      vertex 47.1038 1.15166 3.8454
      vertex 45.1887 0.605465 4.99412
      vertex 47.3821 0.605465 3.8454
    endloop
  endfacet
  facet normal 0.451517 0.229998 0.86211
    outer loop
      vertex 47.1038 1.15166 3.8454
      vertex 45.048 0.881678 4.99412
      vertex 45.1887 0.605465 4.99412
    endloop
  endfacet
  facet normal 0.451498 0.230082 0.862097
    outer loop
      vertex 45.048 0.881678 4.99412
      vertex 47.1038 1.15166 3.8454
      vertex 44.778 1.15166 5.06347
    endloop
  endfacet
  facet normal 0.451498 0.230096 0.862094
    outer loop
      vertex 42.6209 0.881678 6.26523
      vertex 6.17922 0.605465 25.4243
      vertex 42.4802 0.605465 6.41264
    endloop
  endfacet
  facet normal 0.451503 0.230052 0.862103
    outer loop
      vertex 5.90092 1.15166 25.4243
      vertex 42.6209 0.881678 6.26523
      vertex 42.8909 1.15166 6.05178
    endloop
  endfacet
  facet normal 0.451503 0.230052 0.862103
    outer loop
      vertex 42.6209 0.881678 6.26523
      vertex 5.90092 1.15166 25.4243
      vertex 6.17922 0.605465 25.4243
    endloop
  endfacet
  facet normal -0.220987 -0.220987 0.94991
    outer loop
      vertex -2.70409 -4.13442 25.8416
      vertex -3.30956 -5.32271 25.4243
      vertex -2.55473 -4.28378 25.8416
    endloop
  endfacet
  facet normal -0.220987 -0.220987 0.94991
    outer loop
      vertex -3.30956 -5.32271 25.4243
      vertex -2.70409 -4.13442 25.8416
      vertex -3.74302 -4.88925 25.4243
    endloop
  endfacet
  facet normal 0.36165 -0.626397 0.690533
    outer loop
      vertex 6.10955 -2.4689 24.6307
      vertex -0.364137 -6.20648 24.6307
      vertex 47.3124 -2.4689 3.05172
    endloop
  endfacet
  facet normal 0.268998 -0.527932 0.80556
    outer loop
      vertex -1.00623 -5.32271 25.4243
      vertex -1.21486 -6.63995 24.6307
      vertex -0.364137 -6.20648 24.6307
    endloop
  endfacet
  facet normal -0.337038 0.337038 -0.879096
    outer loop
      vertex -21.6054 36.4945 -6.45881
      vertex -3.30956 5.32271 -25.4243
      vertex -3.74302 4.88925 -25.4243
    endloop
  endfacet
  facet normal -0.337018 0.337052 -0.879099
    outer loop
      vertex -3.30956 5.32271 -25.4243
      vertex -21.6054 36.4945 -6.45881
      vertex -21.3608 36.5884 -6.51658
    endloop
  endfacet
  facet normal -0.337102 0.336997 -0.879088
    outer loop
      vertex -21.6054 36.4945 -6.45881
      vertex -3.74302 4.88925 -25.4243
      vertex -21.979 36.4749 -6.32306
    endloop
  endfacet
  facet normal -0.337157 0.336912 -0.879099
    outer loop
      vertex -24.3445 40.572 -3.8454
      vertex -22.8284 39.1303 -4.97939
      vertex -23.0319 38.9654 -4.96454
    endloop
  endfacet
  facet normal -0.337008 0.337039 -0.879107
    outer loop
      vertex -24.3445 40.572 -3.8454
      vertex -23.0319 38.9654 -4.96454
      vertex -23.2357 38.6516 -5.00672
    endloop
  endfacet
  facet normal -0.336999 0.337077 -0.879097
    outer loop
      vertex -22.8284 39.1303 -4.97939
      vertex -24.3445 40.572 -3.8454
      vertex -23.911 41.0054 -3.8454
    endloop
  endfacet
  facet normal 0.142552 0.571158 -0.808367
    outer loop
      vertex -20.5175 38.4495 -5.55937
      vertex -1.21486 6.63995 -24.6307
      vertex -1.55243 5.60101 -25.4243
    endloop
  endfacet
  facet normal 0.141629 0.571025 -0.808624
    outer loop
      vertex -21.8163 42.3227 -3.05172
      vertex -20.5175 38.4495 -5.55937
      vertex -20.6182 38.7117 -5.39185
    endloop
  endfacet
  facet normal 0.142588 0.57117 -0.808352
    outer loop
      vertex -20.5175 38.4495 -5.55937
      vertex -21.8163 42.3227 -3.05172
      vertex -1.21486 6.63995 -24.6307
    endloop
  endfacet
  facet normal 0.142796 0.571199 -0.808295
    outer loop
      vertex -20.7949 38.93 -5.2688
      vertex -21.8163 42.3227 -3.05172
      vertex -20.6182 38.7117 -5.39185
    endloop
  endfacet
  facet normal 0.142567 0.57117 -0.808356
    outer loop
      vertex -21.8163 42.3227 -3.05172
      vertex -20.7949 38.93 -5.2688
      vertex -22.1539 41.2837 -3.8454
    endloop
  endfacet
  facet normal -0.723299 0 -0.690535
    outer loop
      vertex -5.20962 -3.73758 -24.6307
      vertex -25.8111 39.4203 -3.05172
      vertex -5.20962 3.73758 -24.6307
    endloop
  endfacet
  facet normal -0.723299 -0 -0.690535
    outer loop
      vertex -25.8111 39.4203 -3.05172
      vertex -5.20962 -3.73758 -24.6307
      vertex -25.8111 -39.4203 -3.05172
    endloop
  endfacet
  facet normal -0.141886 0.27846 -0.94991
    outer loop
      vertex -2.55473 4.28378 -25.8416
      vertex -2.76336 5.60101 -25.4243
      vertex -2.36652 4.37968 -25.8416
    endloop
  endfacet
  facet normal -0.723906 -0.368845 -0.583021
    outer loop
      vertex -25.2282 -41.2141 -3.05172
      vertex -25.8703 -41.6806 -1.95933
      vertex -25.6617 -40.3633 -3.05172
    endloop
  endfacet
  facet normal 0.268992 -0.527933 -0.805562
    outer loop
      vertex -1.21486 -6.63995 -24.6307
      vertex -1.55243 -5.60101 -25.4243
      vertex -1.00623 -5.32271 -25.4243
    endloop
  endfacet
  facet normal -0.127093 -0.802468 0.583003
    outer loop
      vertex -23.7024 -42.3227 3.05172
      vertex -23.9476 -43.0775 1.95933
      vertex -22.7593 -43.2657 1.95933
    endloop
  endfacet
  facet normal 0.268998 -0.527932 -0.80556
    outer loop
      vertex -0.364137 -6.20648 -24.6307
      vertex -1.21486 -6.63995 -24.6307
      vertex -1.00623 -5.32271 -25.4243
    endloop
  endfacet
  facet normal -0.308676 0.0488839 -0.94991
    outer loop
      vertex -2.83303 3.73758 -25.8416
      vertex -4.02133 4.34305 -25.4243
      vertex -2.79999 3.94621 -25.8416
    endloop
  endfacet
  facet normal -0.723909 -0.368843 -0.583019
    outer loop
      vertex -25.8703 -41.6806 -1.95933
      vertex -26.4165 -40.6086 -1.95933
      vertex -25.6617 -40.3633 -3.05172
    endloop
  endfacet
  facet normal -0.278458 -0.141885 -0.94991
    outer loop
      vertex -3.74302 -4.88925 -25.4243
      vertex -4.02133 -4.34305 -25.4243
      vertex -2.70409 -4.13442 -25.8416
    endloop
  endfacet
  facet normal 0.278461 0.141883 -0.94991
    outer loop
      vertex 6.17922 0.605465 -25.4243
      vertex 4.86199 0.396836 -25.8416
      vertex 5.90092 1.15166 -25.4243
    endloop
  endfacet
  facet normal -0.278458 0.141885 0.94991
    outer loop
      vertex -2.70409 4.13442 25.8416
      vertex -4.02133 4.34305 25.4243
      vertex -2.79999 3.94621 25.8416
    endloop
  endfacet
  facet normal -0.418938 0.419035 0.805543
    outer loop
      vertex -24.5531 41.8892 3.05172
      vertex -24.3445 40.572 3.8454
      vertex -23.911 41.0054 3.8454
    endloop
  endfacet
  facet normal -0.41901 0.41901 0.80552
    outer loop
      vertex -24.3445 40.572 3.8454
      vertex -24.5531 41.8892 3.05172
      vertex -25.2282 41.2141 3.05172
    endloop
  endfacet
  facet normal -0.527989 0.269021 -0.805516
    outer loop
      vertex -24.3445 40.572 -3.8454
      vertex -25.6617 40.3633 -3.05172
      vertex -25.2282 41.2141 -3.05172
    endloop
  endfacet
  facet normal 0.802442 -0.127127 0.583032
    outer loop
      vertex 48.5704 0 3.05172
      vertex 48.421 -0.943034 3.05172
      vertex 49.3641 0 1.95933
    endloop
  endfacet
  facet normal 0.422024 -0.415393 0.805819
    outer loop
      vertex 44.7161 -1.21352 5.064
      vertex 47.1038 -1.15166 3.8454
      vertex 44.778 -1.15166 5.06347
    endloop
  endfacet
  facet normal 0.422048 -0.415264 0.805873
    outer loop
      vertex 47.1038 -1.15166 3.8454
      vertex 44.7161 -1.21352 5.064
      vertex 47.9875 -1.79376 3.05172
    endloop
  endfacet
  facet normal 0.422088 -0.415159 0.805906
    outer loop
      vertex 44.298 -1.42658 5.17322
      vertex 47.9875 -1.79376 3.05172
      vertex 44.7161 -1.21352 5.064
    endloop
  endfacet
  facet normal 0.422009 -0.415416 0.805815
    outer loop
      vertex 43.8344 -1.5 5.37816
      vertex 47.9875 -1.79376 3.05172
      vertex 44.298 -1.42658 5.17322
    endloop
  endfacet
  facet normal 0.422065 -0.415217 0.805888
    outer loop
      vertex 43.8344 -1.5 5.37816
      vertex 6.78469 -1.79376 24.6307
      vertex 47.9875 -1.79376 3.05172
    endloop
  endfacet
  facet normal 0.422056 -0.41526 0.805871
    outer loop
      vertex 43.3709 -1.42658 5.65874
      vertex 6.78469 -1.79376 24.6307
      vertex 43.8344 -1.5 5.37816
    endloop
  endfacet
  facet normal 0.422049 -0.415295 0.805856
    outer loop
      vertex 42.9528 -1.21352 5.98751
      vertex 6.78469 -1.79376 24.6307
      vertex 43.3709 -1.42658 5.65874
    endloop
  endfacet
  facet normal 0.422107 -0.414999 0.805979
    outer loop
      vertex 42.8909 -1.15166 6.05178
      vertex 6.78469 -1.79376 24.6307
      vertex 42.9528 -1.21352 5.98751
    endloop
  endfacet
  facet normal 0.422081 -0.415135 0.805923
    outer loop
      vertex 6.78469 -1.79376 24.6307
      vertex 42.8909 -1.15166 6.05178
      vertex 5.90092 -1.15166 25.4243
    endloop
  endfacet
  facet normal 0.36165 -0.626396 0.690534
    outer loop
      vertex -0.364137 -6.20648 24.6307
      vertex -20.9656 -41.8892 3.05172
      vertex 47.3124 -2.4689 3.05172
    endloop
  endfacet
  facet normal -0.148993 -0.940432 -0.305595
    outer loop
      vertex -22.7593 -43.683 -0.675138
      vertex -24.0766 -43.4743 -0.675138
      vertex -22.7593 -43.2657 -1.95933
    endloop
  endfacet
  facet normal 0.462689 -0.0732856 -0.883486
    outer loop
      vertex 47.3821 -0.605465 -3.8454
      vertex 45.3344 0 -4.96802
      vertex 47.478 0 -3.8454
    endloop
  endfacet
  facet normal 0.462693 -0.0732683 -0.883486
    outer loop
      vertex 47.3821 -0.605465 -3.8454
      vertex 45.261 -0.463525 -4.96802
      vertex 45.3344 0 -4.96802
    endloop
  endfacet
  facet normal 0.462697 -0.0732279 -0.883487
    outer loop
      vertex 45.261 -0.463525 -4.96802
      vertex 47.3821 -0.605465 -3.8454
      vertex 45.1887 -0.605465 -4.99412
    endloop
  endfacet
  facet normal 0.462703 -0.073203 -0.883486
    outer loop
      vertex 42.4079 -0.463525 -6.46229
      vertex 6.27512 0 -25.4243
      vertex 42.3344 0 -6.53919
    endloop
  endfacet
  facet normal 0.462697 -0.0733522 -0.883477
    outer loop
      vertex 6.17922 -0.605465 -25.4243
      vertex 42.4079 -0.463525 -6.46229
      vertex 42.4802 -0.605465 -6.41264
    endloop
  endfacet
  facet normal 0.462699 -0.0732872 -0.883481
    outer loop
      vertex 42.4079 -0.463525 -6.46229
      vertex 6.17922 -0.605465 -25.4243
      vertex 6.27512 0 -25.4243
    endloop
  endfacet
  facet normal 0.41897 -0.41897 -0.805561
    outer loop
      vertex 6.10955 -2.4689 -24.6307
      vertex 5.90092 -1.15166 -25.4243
      vertex 6.78469 -1.79376 -24.6307
    endloop
  endfacet
  facet normal 0.41897 -0.41897 -0.805561
    outer loop
      vertex 5.90092 -1.15166 -25.4243
      vertex 6.10955 -2.4689 -24.6307
      vertex 5.46745 -1.58513 -25.4243
    endloop
  endfacet
  facet normal 0.420864 0.420839 0.803597
    outer loop
      vertex 47.3124 2.4689 3.05172
      vertex 6.78469 1.79376 24.6307
      vertex 47.9875 1.79376 3.05172
    endloop
  endfacet
  facet normal 0.42086 0.42086 0.803588
    outer loop
      vertex 6.78469 1.79376 24.6307
      vertex 47.3124 2.4689 3.05172
      vertex 6.10955 2.4689 24.6307
    endloop
  endfacet
  facet normal 0.987692 -0.156413 0
    outer loop
      vertex 49.5727 -1.31723 0.675138
      vertex 49.7813 0 -0.675138
      vertex 49.7813 0 0.675138
    endloop
  endfacet
  facet normal 0.987692 -0.156413 0
    outer loop
      vertex 49.7813 0 -0.675138
      vertex 49.5727 -1.31723 0.675138
      vertex 49.5727 -1.31723 -0.675138
    endloop
  endfacet
  facet normal 0.422048 0.415264 0.805873
    outer loop
      vertex 44.7161 1.21352 5.064
      vertex 47.1038 1.15166 3.8454
      vertex 47.9875 1.79376 3.05172
    endloop
  endfacet
  facet normal 0.422024 0.415393 0.805819
    outer loop
      vertex 47.1038 1.15166 3.8454
      vertex 44.7161 1.21352 5.064
      vertex 44.778 1.15166 5.06347
    endloop
  endfacet
  facet normal 0.422088 0.415159 0.805906
    outer loop
      vertex 47.9875 1.79376 3.05172
      vertex 44.298 1.42658 5.17322
      vertex 44.7161 1.21352 5.064
    endloop
  endfacet
  facet normal 0.422009 0.415416 0.805815
    outer loop
      vertex 47.9875 1.79376 3.05172
      vertex 43.8344 1.5 5.37816
      vertex 44.298 1.42658 5.17322
    endloop
  endfacet
  facet normal 0.422065 0.415217 0.805888
    outer loop
      vertex 6.78469 1.79376 24.6307
      vertex 43.8344 1.5 5.37816
      vertex 47.9875 1.79376 3.05172
    endloop
  endfacet
  facet normal 0.422056 0.41526 0.805871
    outer loop
      vertex 6.78469 1.79376 24.6307
      vertex 43.3709 1.42658 5.65874
      vertex 43.8344 1.5 5.37816
    endloop
  endfacet
  facet normal 0.422049 0.415295 0.805856
    outer loop
      vertex 6.78469 1.79376 24.6307
      vertex 42.9528 1.21352 5.98751
      vertex 43.3709 1.42658 5.65874
    endloop
  endfacet
  facet normal 0.422107 0.414999 0.805979
    outer loop
      vertex 6.78469 1.79376 24.6307
      vertex 42.8909 1.15166 6.05178
      vertex 42.9528 1.21352 5.98751
    endloop
  endfacet
  facet normal 0.422081 0.415135 0.805923
    outer loop
      vertex 42.8909 1.15166 6.05178
      vertex 6.78469 1.79376 24.6307
      vertex 5.90092 1.15166 25.4243
    endloop
  endfacet
  facet normal 0.802442 0.127127 0.583032
    outer loop
      vertex 49.3641 0 1.95933
      vertex 48.421 0.943034 3.05172
      vertex 48.5704 0 3.05172
    endloop
  endfacet
  facet normal 0.453949 -0.891027 0
    outer loop
      vertex -21.4421 -43.4743 -0.675138
      vertex -20.2538 -42.8689 0.675138
      vertex -21.4421 -43.4743 0.675138
    endloop
  endfacet
  facet normal 0.453949 -0.891027 0
    outer loop
      vertex -20.2538 -42.8689 0.675138
      vertex -21.4421 -43.4743 -0.675138
      vertex -20.2538 -42.8689 -0.675138
    endloop
  endfacet
  facet normal 0.368871 -0.723897 -0.583016
    outer loop
      vertex -21.571 -43.0775 -1.95933
      vertex -21.8163 -42.3227 -3.05172
      vertex -20.4991 -42.5313 -1.95933
    endloop
  endfacet
  facet normal 0.149004 -0.940431 0.305594
    outer loop
      vertex -22.7593 -43.2657 1.95933
      vertex -22.7593 -43.683 0.675138
      vertex -21.4421 -43.4743 0.675138
    endloop
  endfacet
  facet normal -0.432265 -0.848384 -0.3056
    outer loop
      vertex -23.9476 -43.0775 -1.95933
      vertex -25.2649 -42.8689 -0.675138
      vertex -25.0196 -42.5313 -1.95933
    endloop
  endfacet
  facet normal -0.368878 -0.723887 -0.583024
    outer loop
      vertex -23.7024 -42.3227 -3.05172
      vertex -25.0196 -42.5313 -1.95933
      vertex -24.5531 -41.8892 -3.05172
    endloop
  endfacet
  facet normal 0.368871 -0.723897 0.583016
    outer loop
      vertex -20.4991 -42.5313 1.95933
      vertex -21.8163 -42.3227 3.05172
      vertex -21.571 -43.0775 1.95933
    endloop
  endfacet
  facet normal 0.585257 0.0926992 0.805532
    outer loop
      vertex 48.5704 0 3.05172
      vertex 47.3821 0.605465 3.8454
      vertex 47.478 0 3.8454
    endloop
  endfacet
  facet normal 0.527977 0.269039 0.805517
    outer loop
      vertex 47.9875 1.79376 3.05172
      vertex 47.1038 1.15166 3.8454
      vertex 48.421 0.943034 3.05172
    endloop
  endfacet
  facet normal -0.0768594 0.483095 0.872188
    outer loop
      vertex -22.7593 41.3796 3.8454
      vertex -21.7604 39.4535 5.00027
      vertex -21.6266 39.4177 5.03189
    endloop
  endfacet
  facet normal -0.0764688 0.483262 0.87213
    outer loop
      vertex -22.7593 41.3796 3.8454
      vertex -22.2291 39.429 4.97275
      vertex -21.7604 39.4535 5.00027
    endloop
  endfacet
  facet normal -0.0765907 0.483233 0.872135
    outer loop
      vertex -22.7593 41.3796 3.8454
      vertex -22.2822 39.4086 4.97939
      vertex -22.2291 39.429 4.97275
    endloop
  endfacet
  facet normal -0.076537 0.483244 0.872134
    outer loop
      vertex -22.2822 39.4086 4.97939
      vertex -22.7593 41.3796 3.8454
      vertex -23.3648 41.2837 3.8454
    endloop
  endfacet
  facet normal -0.0766962 0.483157 0.872168
    outer loop
      vertex -20.5469 37.3516 6.27138
      vertex -2.15789 5.69691 25.4243
      vertex -20.511 37.4855 6.20036
    endloop
  endfacet
  facet normal -0.0765442 0.483229 0.872141
    outer loop
      vertex -20.8025 36.958 6.46703
      vertex -2.15789 5.69691 25.4243
      vertex -20.5469 37.3516 6.27138
    endloop
  endfacet
  facet normal -0.0765388 0.483232 0.87214
    outer loop
      vertex -2.15789 5.69691 25.4243
      vertex -20.8025 36.958 6.46703
      vertex -2.76336 5.60101 25.4243
    endloop
  endfacet
  facet normal -0.0758759 0.483544 0.872025
    outer loop
      vertex -2.76336 5.60101 25.4243
      vertex -20.8025 36.958 6.46703
      vertex -20.8467 36.9223 6.48298
    endloop
  endfacet
  facet normal 0.29493 -0.510835 0.807505
    outer loop
      vertex 5.46745 -1.58513 25.4243
      vertex -0.364137 -6.20648 24.6307
      vertex 6.10955 -2.4689 24.6307
    endloop
  endfacet
  facet normal 0.294931 -0.510836 0.807504
    outer loop
      vertex -0.364137 -6.20648 24.6307
      vertex 5.46745 -1.58513 25.4243
      vertex -1.00623 -5.32271 25.4243
    endloop
  endfacet
  facet normal -0.585219 -0.0926828 0.805561
    outer loop
      vertex -4.11722 -3.73758 25.4243
      vertex -5.20962 -3.73758 24.6307
      vertex -4.02133 -4.34305 25.4243
    endloop
  endfacet
  facet normal 0.368878 0.723887 0.583024
    outer loop
      vertex -20.4991 42.5313 1.95933
      vertex -21.8163 42.3227 3.05172
      vertex -20.9656 41.8892 3.05172
    endloop
  endfacet
  facet normal -0.26903 0.527945 0.805541
    outer loop
      vertex -23.7024 42.3227 3.05172
      vertex -24.5531 41.8892 3.05172
      vertex -23.911 41.0054 3.8454
    endloop
  endfacet
  facet normal 0.149004 0.940431 -0.305594
    outer loop
      vertex -21.4421 43.4743 -0.675138
      vertex -22.7593 43.2657 -1.95933
      vertex -22.7593 43.683 -0.675138
    endloop
  endfacet
  facet normal 0.36165 0.626396 -0.690534
    outer loop
      vertex -0.364137 6.20648 -24.6307
      vertex -20.9656 41.8892 -3.05172
      vertex 47.3124 2.4689 -3.05172
    endloop
  endfacet
  facet normal 0.432296 0.848368 -0.305602
    outer loop
      vertex -20.4991 42.5313 -1.95933
      vertex -21.571 43.0775 -1.95933
      vertex -20.2538 42.8689 -0.675138
    endloop
  endfacet
  facet normal -0.809041 0 -0.587752
    outer loop
      vertex -25.8111 -39.4203 -3.05172
      vertex -26.6047 39.4203 -1.95933
      vertex -25.8111 39.4203 -3.05172
    endloop
  endfacet
  facet normal -0.809041 -0 -0.587752
    outer loop
      vertex -26.6047 39.4203 -1.95933
      vertex -25.8111 -39.4203 -3.05172
      vertex -26.6047 -39.4203 -1.95933
    endloop
  endfacet
  facet normal 0.527978 0.269018 -0.805524
    outer loop
      vertex 47.3821 0.605465 -3.8454
      vertex 47.1038 1.15166 -3.8454
      vertex 48.421 0.943034 -3.05172
    endloop
  endfacet
  facet normal 0.278461 -0.141883 -0.94991
    outer loop
      vertex 5.90092 -1.15166 -25.4243
      vertex 4.86199 -0.396836 -25.8416
      vertex 6.17922 -0.605465 -25.4243
    endloop
  endfacet
  facet normal -0.848393 -0.432269 -0.305569
    outer loop
      vertex -26.2079 -41.9258 -0.675138
      vertex -26.4165 -40.6086 -1.95933
      vertex -25.8703 -41.6806 -1.95933
    endloop
  endfacet
  facet normal -0.587749 0 -0.809043
    outer loop
      vertex -5.20962 -3.73758 -24.6307
      vertex -4.11722 3.73758 -25.4243
      vertex -4.11722 -3.73758 -25.4243
    endloop
  endfacet
  facet normal -0.587749 0 -0.809043
    outer loop
      vertex -4.11722 3.73758 -25.4243
      vertex -5.20962 -3.73758 -24.6307
      vertex -5.20962 3.73758 -24.6307
    endloop
  endfacet
  facet normal -0.631799 0.100065 -0.768646
    outer loop
      vertex -25.8111 39.4203 -3.05172
      vertex -5.06026 4.68062 -24.6307
      vertex -5.20962 3.73758 -24.6307
    endloop
  endfacet
  facet normal -0.631773 0.100092 -0.768664
    outer loop
      vertex -5.06026 4.68062 -24.6307
      vertex -25.8111 39.4203 -3.05172
      vertex -25.6617 40.3633 -3.05172
    endloop
  endfacet
  facet normal -0.268999 -0.527946 -0.805551
    outer loop
      vertex -23.7024 -42.3227 -3.05172
      vertex -23.911 -41.0054 -3.8454
      vertex -23.3648 -41.2837 -3.8454
    endloop
  endfacet
  facet normal -0.0768594 -0.483095 -0.872188
    outer loop
      vertex -22.7593 -41.3796 -3.8454
      vertex -21.7604 -39.4535 -5.00027
      vertex -21.6266 -39.4177 -5.03189
    endloop
  endfacet
  facet normal -0.0764688 -0.483262 -0.87213
    outer loop
      vertex -22.7593 -41.3796 -3.8454
      vertex -22.2291 -39.429 -4.97275
      vertex -21.7604 -39.4535 -5.00027
    endloop
  endfacet
  facet normal -0.0765907 -0.483233 -0.872135
    outer loop
      vertex -22.7593 -41.3796 -3.8454
      vertex -22.2822 -39.4086 -4.97939
      vertex -22.2291 -39.429 -4.97275
    endloop
  endfacet
  facet normal -0.076537 -0.483244 -0.872134
    outer loop
      vertex -22.2822 -39.4086 -4.97939
      vertex -22.7593 -41.3796 -3.8454
      vertex -23.3648 -41.2837 -3.8454
    endloop
  endfacet
  facet normal -0.0766962 -0.483157 -0.872168
    outer loop
      vertex -20.5469 -37.3516 -6.27138
      vertex -2.15789 -5.69691 -25.4243
      vertex -20.511 -37.4855 -6.20036
    endloop
  endfacet
  facet normal -0.0765442 -0.483229 -0.872141
    outer loop
      vertex -20.8025 -36.958 -6.46703
      vertex -2.15789 -5.69691 -25.4243
      vertex -20.5469 -37.3516 -6.27138
    endloop
  endfacet
  facet normal -0.0765388 -0.483232 -0.87214
    outer loop
      vertex -2.15789 -5.69691 -25.4243
      vertex -20.8025 -36.958 -6.46703
      vertex -2.76336 -5.60101 -25.4243
    endloop
  endfacet
  facet normal -0.0758759 -0.483544 -0.872025
    outer loop
      vertex -2.76336 -5.60101 -25.4243
      vertex -20.8025 -36.958 -6.46703
      vertex -20.8467 -36.9223 -6.48298
    endloop
  endfacet
  facet normal -0.940441 0.148934 -0.305598
    outer loop
      vertex -26.6047 39.4203 -1.95933
      vertex -27.022 39.4203 -0.675138
      vertex -26.8134 40.7375 -0.675138
    endloop
  endfacet
  facet normal -0.951048 0 0.309044
    outer loop
      vertex -27.022 -39.4203 0.675138
      vertex -26.6047 39.4203 1.95933
      vertex -27.022 39.4203 0.675138
    endloop
  endfacet
  facet normal -0.951048 0 0.309044
    outer loop
      vertex -26.6047 39.4203 1.95933
      vertex -27.022 -39.4203 0.675138
      vertex -26.6047 -39.4203 1.95933
    endloop
  endfacet
  facet normal -0.148993 -0.940432 0.305595
    outer loop
      vertex -22.7593 -43.2657 1.95933
      vertex -24.0766 -43.4743 0.675138
      vertex -22.7593 -43.683 0.675138
    endloop
  endfacet
  facet normal -0.36885 -0.723923 -0.582996
    outer loop
      vertex -23.9476 -43.0775 -1.95933
      vertex -25.0196 -42.5313 -1.95933
      vertex -23.7024 -42.3227 -3.05172
    endloop
  endfacet
  facet normal 0.155292 0.268974 -0.950546
    outer loop
      vertex 4.71263 0.546198 -25.8416
      vertex -1.00623 5.32271 -25.4243
      vertex 5.46745 1.58513 -25.4243
    endloop
  endfacet
  facet normal 0.155292 0.268973 -0.950546
    outer loop
      vertex -1.00623 5.32271 -25.4243
      vertex 4.71263 0.546198 -25.8416
      vertex -1.76106 4.28378 -25.8416
    endloop
  endfacet
  facet normal -0.308676 -0.0488839 -0.94991
    outer loop
      vertex -2.79999 -3.94621 -25.8416
      vertex -4.02133 -4.34305 -25.4243
      vertex -2.83303 -3.73758 -25.8416
    endloop
  endfacet
  facet normal 0.220988 -0.220988 -0.94991
    outer loop
      vertex 5.46745 -1.58513 -25.4243
      vertex 4.86199 -0.396836 -25.8416
      vertex 5.90092 -1.15166 -25.4243
    endloop
  endfacet
  facet normal 0.22099 -0.220987 -0.94991
    outer loop
      vertex 4.86199 -0.396836 -25.8416
      vertex 5.46745 -1.58513 -25.4243
      vertex 4.71263 -0.546198 -25.8416
    endloop
  endfacet
  facet normal 0.29493 -0.510835 -0.807505
    outer loop
      vertex -0.364137 -6.20648 -24.6307
      vertex 5.46745 -1.58513 -25.4243
      vertex 6.10955 -2.4689 -24.6307
    endloop
  endfacet
  facet normal 0.294931 -0.510836 -0.807504
    outer loop
      vertex 5.46745 -1.58513 -25.4243
      vertex -0.364137 -6.20648 -24.6307
      vertex -1.00623 -5.32271 -25.4243
    endloop
  endfacet
  facet normal -0.0488843 -0.308678 -0.94991
    outer loop
      vertex -2.15789 -4.41272 -25.8416
      vertex -2.76336 -5.60101 -25.4243
      vertex -2.36652 -4.37968 -25.8416
    endloop
  endfacet
  facet normal 0.41897 0.41897 -0.805561
    outer loop
      vertex 5.90092 1.15166 -25.4243
      vertex 6.10955 2.4689 -24.6307
      vertex 6.78469 1.79376 -24.6307
    endloop
  endfacet
  facet normal 0.41897 0.41897 -0.805561
    outer loop
      vertex 6.10955 2.4689 -24.6307
      vertex 5.90092 1.15166 -25.4243
      vertex 5.46745 1.58513 -25.4243
    endloop
  endfacet
  facet normal -0.308675 -0.0488858 0.94991
    outer loop
      vertex -2.83303 -3.73758 25.8416
      vertex -4.11722 -3.73758 25.4243
      vertex -4.02133 -4.34305 25.4243
    endloop
  endfacet
  facet normal -0.278458 0.141885 0.94991
    outer loop
      vertex -3.74302 4.88925 25.4243
      vertex -4.02133 4.34305 25.4243
      vertex -2.70409 4.13442 25.8416
    endloop
  endfacet
  facet normal -0.585221 -0.0926881 0.805559
    outer loop
      vertex -4.02133 -4.34305 25.4243
      vertex -5.20962 -3.73758 24.6307
      vertex -5.06026 -4.68062 24.6307
    endloop
  endfacet
  facet normal -0.26903 -0.527945 0.805541
    outer loop
      vertex -23.911 -41.0054 3.8454
      vertex -24.5531 -41.8892 3.05172
      vertex -23.7024 -42.3227 3.05172
    endloop
  endfacet
  facet normal -0.0488843 0.308678 0.94991
    outer loop
      vertex -2.15789 4.41272 25.8416
      vertex -2.76336 5.60101 25.4243
      vertex -2.36652 4.37968 25.8416
    endloop
  endfacet
  facet normal -0.0926486 -0.585244 0.805547
    outer loop
      vertex -23.3648 -41.2837 3.8454
      vertex -23.7024 -42.3227 3.05172
      vertex -22.7593 -42.472 3.05172
    endloop
  endfacet
  facet normal 0.451498 -0.230096 0.862094
    outer loop
      vertex 6.17922 -0.605465 25.4243
      vertex 42.6209 -0.881678 6.26523
      vertex 42.4802 -0.605465 6.41264
    endloop
  endfacet
  facet normal 0.451503 -0.230052 0.862103
    outer loop
      vertex 5.90092 -1.15166 25.4243
      vertex 42.6209 -0.881678 6.26523
      vertex 6.17922 -0.605465 25.4243
    endloop
  endfacet
  facet normal 0.451503 -0.230052 0.862103
    outer loop
      vertex 42.6209 -0.881678 6.26523
      vertex 5.90092 -1.15166 25.4243
      vertex 42.8909 -1.15166 6.05178
    endloop
  endfacet
  facet normal 0.451499 -0.23005 0.862105
    outer loop
      vertex 45.1887 -0.605465 4.99412
      vertex 47.1038 -1.15166 3.8454
      vertex 47.3821 -0.605465 3.8454
    endloop
  endfacet
  facet normal 0.451517 -0.229998 0.86211
    outer loop
      vertex 45.048 -0.881678 4.99412
      vertex 47.1038 -1.15166 3.8454
      vertex 45.1887 -0.605465 4.99412
    endloop
  endfacet
  facet normal 0.451498 -0.230082 0.862097
    outer loop
      vertex 47.1038 -1.15166 3.8454
      vertex 45.048 -0.881678 4.99412
      vertex 44.778 -1.15166 5.06347
    endloop
  endfacet
  facet normal 0.585263 -0.0927202 0.805525
    outer loop
      vertex 48.5704 0 3.05172
      vertex 47.3821 -0.605465 3.8454
      vertex 48.421 -0.943034 3.05172
    endloop
  endfacet
  facet normal 0.84837 0.432288 0.305606
    outer loop
      vertex 49.5727 1.31723 0.675138
      vertex 48.9672 2.50553 0.675138
      vertex 49.1758 1.18829 1.95933
    endloop
  endfacet
  facet normal 0.527978 -0.269018 -0.805524
    outer loop
      vertex 48.421 -0.943034 -3.05172
      vertex 47.1038 -1.15166 -3.8454
      vertex 47.3821 -0.605465 -3.8454
    endloop
  endfacet
  facet normal 0.848385 -0.432273 -0.305588
    outer loop
      vertex 48.9672 -2.50553 -0.675138
      vertex 48.6296 -2.26027 -1.95933
      vertex 49.1758 -1.18829 -1.95933
    endloop
  endfacet
  facet normal 0.723913 0.368851 -0.583008
    outer loop
      vertex 49.1758 1.18829 -1.95933
      vertex 48.421 0.943034 -3.05172
      vertex 48.6296 2.26027 -1.95933
    endloop
  endfacet
  facet normal 0.848385 0.432273 -0.305588
    outer loop
      vertex 49.1758 1.18829 -1.95933
      vertex 48.6296 2.26027 -1.95933
      vertex 48.9672 2.50553 -0.675138
    endloop
  endfacet
  facet normal 0.723913 -0.368851 0.583008
    outer loop
      vertex 49.1758 -1.18829 1.95933
      vertex 48.421 -0.943034 3.05172
      vertex 48.6296 -2.26027 1.95933
    endloop
  endfacet
  facet normal 0.72389 -0.368869 0.583025
    outer loop
      vertex 48.421 -0.943034 3.05172
      vertex 47.9875 -1.79376 3.05172
      vertex 48.6296 -2.26027 1.95933
    endloop
  endfacet
  facet normal 0.723913 -0.368851 -0.583008
    outer loop
      vertex 48.6296 -2.26027 -1.95933
      vertex 48.421 -0.943034 -3.05172
      vertex 49.1758 -1.18829 -1.95933
    endloop
  endfacet
  facet normal 0.475771 -0.82406 -0.307516
    outer loop
      vertex 47.7789 -3.11099 -1.95933
      vertex -20.2538 -42.8689 -0.675138
      vertex -20.4991 -42.5313 -1.95933
    endloop
  endfacet
  facet normal 0.475774 -0.824065 -0.307499
    outer loop
      vertex -20.2538 -42.8689 -0.675138
      vertex 47.7789 -3.11099 -1.95933
      vertex 48.0242 -3.44856 -0.675138
    endloop
  endfacet
  facet normal 0.585257 0.0926992 -0.805532
    outer loop
      vertex 47.478 0 -3.8454
      vertex 47.3821 0.605465 -3.8454
      vertex 48.5704 0 -3.05172
    endloop
  endfacet
  facet normal 0.527977 0.269039 -0.805517
    outer loop
      vertex 48.421 0.943034 -3.05172
      vertex 47.1038 1.15166 -3.8454
      vertex 47.9875 1.79376 -3.05172
    endloop
  endfacet
  facet normal 0.673293 0.673271 0.305585
    outer loop
      vertex 48.0242 3.44856 0.675138
      vertex 48.6296 2.26027 1.95933
      vertex 48.9672 2.50553 0.675138
    endloop
  endfacet
  facet normal 0.673289 0.673273 0.305589
    outer loop
      vertex 48.6296 2.26027 1.95933
      vertex 48.0242 3.44856 0.675138
      vertex 47.7789 3.11099 1.95933
    endloop
  endfacet
  facet normal 0.462689 0.0732856 0.883486
    outer loop
      vertex 47.3821 0.605465 3.8454
      vertex 45.3344 0 4.96802
      vertex 47.478 0 3.8454
    endloop
  endfacet
  facet normal 0.462693 0.0732683 0.883486
    outer loop
      vertex 47.3821 0.605465 3.8454
      vertex 45.261 0.463525 4.96802
      vertex 45.3344 0 4.96802
    endloop
  endfacet
  facet normal 0.462697 0.0732279 0.883487
    outer loop
      vertex 45.261 0.463525 4.96802
      vertex 47.3821 0.605465 3.8454
      vertex 45.1887 0.605465 4.99412
    endloop
  endfacet
  facet normal 0.462703 0.073203 0.883486
    outer loop
      vertex 42.4079 0.463525 6.46229
      vertex 6.27512 0 25.4243
      vertex 42.3344 0 6.53919
    endloop
  endfacet
  facet normal 0.462697 0.0733522 0.883477
    outer loop
      vertex 6.17922 0.605465 25.4243
      vertex 42.4079 0.463525 6.46229
      vertex 42.4802 0.605465 6.41264
    endloop
  endfacet
  facet normal 0.462699 0.0732872 0.883481
    outer loop
      vertex 42.4079 0.463525 6.46229
      vertex 6.17922 0.605465 25.4243
      vertex 6.27512 0 25.4243
    endloop
  endfacet
  facet normal 0.0488917 -0.308675 0.94991
    outer loop
      vertex -2.15789 -4.41272 25.8416
      vertex -2.15789 -5.69691 25.4243
      vertex -1.55243 -5.60101 25.4243
    endloop
  endfacet
  facet normal 0.36165 -0.626397 -0.690533
    outer loop
      vertex 47.3124 -2.4689 -3.05172
      vertex -0.364137 -6.20648 -24.6307
      vertex 6.10955 -2.4689 -24.6307
    endloop
  endfacet
  facet normal 0.36165 -0.626396 -0.690534
    outer loop
      vertex 47.3124 -2.4689 -3.05172
      vertex -20.9656 -41.8892 -3.05172
      vertex -0.364137 -6.20648 -24.6307
    endloop
  endfacet
  facet normal 0.127092 -0.802463 0.58301
    outer loop
      vertex -21.8163 -42.3227 3.05172
      vertex -22.7593 -43.2657 1.95933
      vertex -21.571 -43.0775 1.95933
    endloop
  endfacet
  facet normal -0.564912 -0.163018 0.808888
    outer loop
      vertex -5.06026 -4.68062 24.6307
      vertex -22.7075 -36.7084 5.85155
      vertex -4.02133 -4.34305 25.4243
    endloop
  endfacet
  facet normal -0.565055 -0.162895 0.808813
    outer loop
      vertex -5.06026 -4.68062 24.6307
      vertex -22.9209 -36.847 5.67455
      vertex -22.7075 -36.7084 5.85155
    endloop
  endfacet
  facet normal -0.564777 -0.163135 0.808959
    outer loop
      vertex -5.06026 -4.68062 24.6307
      vertex -23.2163 -37.2117 5.39477
      vertex -22.9209 -36.847 5.67455
    endloop
  endfacet
  facet normal -0.565102 -0.162802 0.808799
    outer loop
      vertex -25.6617 -40.3633 3.05172
      vertex -23.3978 -37.904 5.12852
      vertex -23.3844 -37.6499 5.18903
    endloop
  endfacet
  facet normal -0.564841 -0.163115 0.808918
    outer loop
      vertex -25.6617 -40.3633 3.05172
      vertex -23.3844 -37.6499 5.18903
      vertex -23.2163 -37.2117 5.39477
    endloop
  endfacet
  facet normal -0.564994 -0.162941 0.808846
    outer loop
      vertex -23.3978 -37.904 5.12852
      vertex -25.6617 -40.3633 3.05172
      vertex -24.6228 -40.0258 3.8454
    endloop
  endfacet
  facet normal -0.564978 -0.16296 0.808853
    outer loop
      vertex -25.6617 -40.3633 3.05172
      vertex -23.2163 -37.2117 5.39477
      vertex -5.06026 -4.68062 24.6307
    endloop
  endfacet
  facet normal 0.31468 -0.617586 0.720808
    outer loop
      vertex -1.21486 -6.63995 24.6307
      vertex -20.9656 -41.8892 3.05172
      vertex -0.364137 -6.20648 24.6307
    endloop
  endfacet
  facet normal 0.314713 -0.617593 0.720788
    outer loop
      vertex -20.9656 -41.8892 3.05172
      vertex -1.21486 -6.63995 24.6307
      vertex -21.8163 -42.3227 3.05172
    endloop
  endfacet
  facet normal 0.368878 -0.723887 0.583024
    outer loop
      vertex -20.9656 -41.8892 3.05172
      vertex -21.8163 -42.3227 3.05172
      vertex -20.4991 -42.5313 1.95933
    endloop
  endfacet
  facet normal 0.141881 -0.278461 0.94991
    outer loop
      vertex -1.00623 -5.32271 25.4243
      vertex -1.76106 -4.28378 25.8416
      vertex -1.55243 -5.60101 25.4243
    endloop
  endfacet
  facet normal 0.31468 0.617586 0.720808
    outer loop
      vertex -20.9656 41.8892 3.05172
      vertex -1.21486 6.63995 24.6307
      vertex -0.364137 6.20648 24.6307
    endloop
  endfacet
  facet normal 0.314713 0.617593 0.720788
    outer loop
      vertex -1.21486 6.63995 24.6307
      vertex -20.9656 41.8892 3.05172
      vertex -21.8163 42.3227 3.05172
    endloop
  endfacet
  facet normal -0.148993 0.940432 0.305595
    outer loop
      vertex -22.7593 43.683 0.675138
      vertex -24.0766 43.4743 0.675138
      vertex -22.7593 43.2657 1.95933
    endloop
  endfacet
  facet normal 0.268998 0.527932 0.80556
    outer loop
      vertex -0.364137 6.20648 24.6307
      vertex -1.21486 6.63995 24.6307
      vertex -1.00623 5.32271 25.4243
    endloop
  endfacet
  facet normal 0.278461 0.141883 0.94991
    outer loop
      vertex 5.90092 1.15166 25.4243
      vertex 4.86199 0.396836 25.8416
      vertex 6.17922 0.605465 25.4243
    endloop
  endfacet
  facet normal 0.41897 -0.41897 0.805561
    outer loop
      vertex 5.90092 -1.15166 25.4243
      vertex 6.10955 -2.4689 24.6307
      vertex 6.78469 -1.79376 24.6307
    endloop
  endfacet
  facet normal 0.41897 -0.41897 0.805561
    outer loop
      vertex 6.10955 -2.4689 24.6307
      vertex 5.90092 -1.15166 25.4243
      vertex 5.46745 -1.58513 25.4243
    endloop
  endfacet
  facet normal 0.155292 -0.268974 0.950546
    outer loop
      vertex 4.71263 -0.546198 25.8416
      vertex -1.00623 -5.32271 25.4243
      vertex 5.46745 -1.58513 25.4243
    endloop
  endfacet
  facet normal 0.155292 -0.268973 0.950546
    outer loop
      vertex -1.00623 -5.32271 25.4243
      vertex 4.71263 -0.546198 25.8416
      vertex -1.76106 -4.28378 25.8416
    endloop
  endfacet
  facet normal -0.308676 -0.0488839 0.94991
    outer loop
      vertex -2.83303 -3.73758 25.8416
      vertex -4.02133 -4.34305 25.4243
      vertex -2.79999 -3.94621 25.8416
    endloop
  endfacet
  facet normal -0.36885 0.723923 0.582996
    outer loop
      vertex -23.9476 43.0775 1.95933
      vertex -25.0196 42.5313 1.95933
      vertex -23.7024 42.3227 3.05172
    endloop
  endfacet
  facet normal -0.432265 0.848384 -0.3056
    outer loop
      vertex -25.0196 42.5313 -1.95933
      vertex -25.2649 42.8689 -0.675138
      vertex -23.9476 43.0775 -1.95933
    endloop
  endfacet
  facet normal -0.127093 0.802468 0.583003
    outer loop
      vertex -22.7593 43.2657 1.95933
      vertex -23.9476 43.0775 1.95933
      vertex -23.7024 42.3227 3.05172
    endloop
  endfacet
  facet normal -0.940436 0.148944 -0.305607
    outer loop
      vertex -26.6047 39.4203 -1.95933
      vertex -26.8134 40.7375 -0.675138
      vertex -26.4165 40.6086 -1.95933
    endloop
  endfacet
  facet normal 0.890997 0.454009 0
    outer loop
      vertex 49.5727 1.31723 0.675138
      vertex 48.9672 2.50553 -0.675138
      vertex 48.9672 2.50553 0.675138
    endloop
  endfacet
  facet normal 0.890997 0.454009 0
    outer loop
      vertex 48.9672 2.50553 -0.675138
      vertex 49.5727 1.31723 0.675138
      vertex 49.5727 1.31723 -0.675138
    endloop
  endfacet
  facet normal 0.574499 0.574486 0.583024
    outer loop
      vertex 47.7789 3.11099 1.95933
      vertex 47.9875 1.79376 3.05172
      vertex 48.6296 2.26027 1.95933
    endloop
  endfacet
  facet normal 0.574514 0.57448 0.583014
    outer loop
      vertex 47.9875 1.79376 3.05172
      vertex 47.7789 3.11099 1.95933
      vertex 47.3124 2.4689 3.05172
    endloop
  endfacet
  facet normal -0.564912 0.163018 0.808888
    outer loop
      vertex -22.7075 36.7084 5.85155
      vertex -5.06026 4.68062 24.6307
      vertex -4.02133 4.34305 25.4243
    endloop
  endfacet
  facet normal -0.565055 0.162895 0.808813
    outer loop
      vertex -22.9209 36.847 5.67455
      vertex -5.06026 4.68062 24.6307
      vertex -22.7075 36.7084 5.85155
    endloop
  endfacet
  facet normal -0.564777 0.163135 0.808959
    outer loop
      vertex -23.2163 37.2117 5.39477
      vertex -5.06026 4.68062 24.6307
      vertex -22.9209 36.847 5.67455
    endloop
  endfacet
  facet normal -0.564994 0.162941 0.808846
    outer loop
      vertex -25.6617 40.3633 3.05172
      vertex -23.3978 37.904 5.12852
      vertex -24.6228 40.0258 3.8454
    endloop
  endfacet
  facet normal -0.565102 0.162802 0.808799
    outer loop
      vertex -23.3978 37.904 5.12852
      vertex -25.6617 40.3633 3.05172
      vertex -23.3844 37.6499 5.18903
    endloop
  endfacet
  facet normal -0.564978 0.16296 0.808853
    outer loop
      vertex -23.2163 37.2117 5.39477
      vertex -25.6617 40.3633 3.05172
      vertex -5.06026 4.68062 24.6307
    endloop
  endfacet
  facet normal -0.564841 0.163115 0.808918
    outer loop
      vertex -23.3844 37.6499 5.18903
      vertex -25.6617 40.3633 3.05172
      vertex -23.2163 37.2117 5.39477
    endloop
  endfacet
  facet normal 0.368878 0.723887 -0.583024
    outer loop
      vertex -20.9656 41.8892 -3.05172
      vertex -21.8163 42.3227 -3.05172
      vertex -20.4991 42.5313 -1.95933
    endloop
  endfacet
  facet normal 0.453949 0.891027 -0
    outer loop
      vertex -20.2538 42.8689 -0.675138
      vertex -21.4421 43.4743 0.675138
      vertex -20.2538 42.8689 0.675138
    endloop
  endfacet
  facet normal 0.453949 0.891027 0
    outer loop
      vertex -21.4421 43.4743 0.675138
      vertex -20.2538 42.8689 -0.675138
      vertex -21.4421 43.4743 -0.675138
    endloop
  endfacet
  facet normal -0.0768594 0.483095 -0.872188
    outer loop
      vertex -21.7604 39.4535 -5.00027
      vertex -22.7593 41.3796 -3.8454
      vertex -21.6266 39.4177 -5.03189
    endloop
  endfacet
  facet normal -0.0764688 0.483262 -0.87213
    outer loop
      vertex -22.2291 39.429 -4.97275
      vertex -22.7593 41.3796 -3.8454
      vertex -21.7604 39.4535 -5.00027
    endloop
  endfacet
  facet normal -0.0765907 0.483233 -0.872135
    outer loop
      vertex -22.2822 39.4086 -4.97939
      vertex -22.7593 41.3796 -3.8454
      vertex -22.2291 39.429 -4.97275
    endloop
  endfacet
  facet normal -0.076537 0.483244 -0.872134
    outer loop
      vertex -22.7593 41.3796 -3.8454
      vertex -22.2822 39.4086 -4.97939
      vertex -23.3648 41.2837 -3.8454
    endloop
  endfacet
  facet normal -0.0765388 0.483232 -0.87214
    outer loop
      vertex -20.8025 36.958 -6.46703
      vertex -2.15789 5.69691 -25.4243
      vertex -2.76336 5.60101 -25.4243
    endloop
  endfacet
  facet normal -0.0766962 0.483157 -0.872168
    outer loop
      vertex -2.15789 5.69691 -25.4243
      vertex -20.5469 37.3516 -6.27138
      vertex -20.511 37.4855 -6.20036
    endloop
  endfacet
  facet normal -0.0765442 0.483229 -0.872141
    outer loop
      vertex -2.15789 5.69691 -25.4243
      vertex -20.8025 36.958 -6.46703
      vertex -20.5469 37.3516 -6.27138
    endloop
  endfacet
  facet normal -0.0758759 0.483544 -0.872025
    outer loop
      vertex -20.8025 36.958 -6.46703
      vertex -2.76336 5.60101 -25.4243
      vertex -20.8467 36.9223 -6.48298
    endloop
  endfacet
  facet normal -0.268999 0.527946 -0.805551
    outer loop
      vertex -23.3648 41.2837 -3.8454
      vertex -23.911 41.0054 -3.8454
      vertex -23.7024 42.3227 -3.05172
    endloop
  endfacet
  facet normal 0.268998 0.527932 -0.80556
    outer loop
      vertex -1.00623 5.32271 -25.4243
      vertex -1.21486 6.63995 -24.6307
      vertex -0.364137 6.20648 -24.6307
    endloop
  endfacet
  facet normal 0.36165 0.626397 -0.690533
    outer loop
      vertex 6.10955 2.4689 -24.6307
      vertex -0.364137 6.20648 -24.6307
      vertex 47.3124 2.4689 -3.05172
    endloop
  endfacet
  facet normal -0.585219 -0.0926828 -0.805561
    outer loop
      vertex -4.02133 -4.34305 -25.4243
      vertex -5.20962 -3.73758 -24.6307
      vertex -4.11722 -3.73758 -25.4243
    endloop
  endfacet
  facet normal -0.337018 -0.337052 -0.879099
    outer loop
      vertex -21.6054 -36.4945 -6.45881
      vertex -3.30956 -5.32271 -25.4243
      vertex -21.3608 -36.5884 -6.51658
    endloop
  endfacet
  facet normal -0.337038 -0.337038 -0.879096
    outer loop
      vertex -3.30956 -5.32271 -25.4243
      vertex -21.6054 -36.4945 -6.45881
      vertex -3.74302 -4.88925 -25.4243
    endloop
  endfacet
  facet normal -0.337102 -0.336997 -0.879088
    outer loop
      vertex -3.74302 -4.88925 -25.4243
      vertex -21.6054 -36.4945 -6.45881
      vertex -21.979 -36.4749 -6.32306
    endloop
  endfacet
  facet normal -0.336999 -0.337077 -0.879097
    outer loop
      vertex -24.3445 -40.572 -3.8454
      vertex -22.8284 -39.1303 -4.97939
      vertex -23.911 -41.0054 -3.8454
    endloop
  endfacet
  facet normal -0.337157 -0.336912 -0.879099
    outer loop
      vertex -22.8284 -39.1303 -4.97939
      vertex -24.3445 -40.572 -3.8454
      vertex -23.0319 -38.9654 -4.96454
    endloop
  endfacet
  facet normal -0.337008 -0.337039 -0.879107
    outer loop
      vertex -23.0319 -38.9654 -4.96454
      vertex -24.3445 -40.572 -3.8454
      vertex -23.2357 -38.6516 -5.00672
    endloop
  endfacet
  facet normal -0.564912 0.163018 -0.808888
    outer loop
      vertex -5.06026 4.68062 -24.6307
      vertex -22.7075 36.7084 -5.85155
      vertex -4.02133 4.34305 -25.4243
    endloop
  endfacet
  facet normal -0.565055 0.162895 -0.808813
    outer loop
      vertex -5.06026 4.68062 -24.6307
      vertex -22.9209 36.847 -5.67455
      vertex -22.7075 36.7084 -5.85155
    endloop
  endfacet
  facet normal -0.564777 0.163135 -0.808959
    outer loop
      vertex -5.06026 4.68062 -24.6307
      vertex -23.2163 37.2117 -5.39477
      vertex -22.9209 36.847 -5.67455
    endloop
  endfacet
  facet normal -0.565102 0.162802 -0.808799
    outer loop
      vertex -25.6617 40.3633 -3.05172
      vertex -23.3978 37.904 -5.12852
      vertex -23.3844 37.6499 -5.18903
    endloop
  endfacet
  facet normal -0.564841 0.163115 -0.808918
    outer loop
      vertex -25.6617 40.3633 -3.05172
      vertex -23.3844 37.6499 -5.18903
      vertex -23.2163 37.2117 -5.39477
    endloop
  endfacet
  facet normal -0.564994 0.162941 -0.808846
    outer loop
      vertex -23.3978 37.904 -5.12852
      vertex -25.6617 40.3633 -3.05172
      vertex -24.6228 40.0258 -3.8454
    endloop
  endfacet
  facet normal -0.564978 0.16296 -0.808853
    outer loop
      vertex -25.6617 40.3633 -3.05172
      vertex -23.2163 37.2117 -5.39477
      vertex -5.06026 4.68062 -24.6307
    endloop
  endfacet
  facet normal -0.585221 0.0926881 -0.805559
    outer loop
      vertex -4.02133 4.34305 -25.4243
      vertex -5.20962 3.73758 -24.6307
      vertex -5.06026 4.68062 -24.6307
    endloop
  endfacet
  facet normal -0.940441 -0.148934 -0.305598
    outer loop
      vertex -26.8134 -40.7375 -0.675138
      vertex -27.022 -39.4203 -0.675138
      vertex -26.6047 -39.4203 -1.95933
    endloop
  endfacet
  facet normal -0.574495 -0.574495 -0.58302
    outer loop
      vertex -25.0196 -42.5313 -1.95933
      vertex -25.2282 -41.2141 -3.05172
      vertex -24.5531 -41.8892 -3.05172
    endloop
  endfacet
  facet normal -0.574495 -0.574495 -0.58302
    outer loop
      vertex -25.2282 -41.2141 -3.05172
      vertex -25.0196 -42.5313 -1.95933
      vertex -25.8703 -41.6806 -1.95933
    endloop
  endfacet
  facet normal -0.848373 -0.43229 -0.305594
    outer loop
      vertex -26.2079 -41.9258 -0.675138
      vertex -26.8134 -40.7375 -0.675138
      vertex -26.4165 -40.6086 -1.95933
    endloop
  endfacet
  facet normal -0.127093 -0.802468 -0.583003
    outer loop
      vertex -22.7593 -43.2657 -1.95933
      vertex -23.9476 -43.0775 -1.95933
      vertex -23.7024 -42.3227 -3.05172
    endloop
  endfacet
  facet normal 0.432296 -0.848368 -0.305602
    outer loop
      vertex -20.2538 -42.8689 -0.675138
      vertex -21.571 -43.0775 -1.95933
      vertex -20.4991 -42.5313 -1.95933
    endloop
  endfacet
  facet normal 0.0927091 0.585256 -0.805531
    outer loop
      vertex -22.1539 41.2837 -3.8454
      vertex -22.7593 41.3796 -3.8454
      vertex -22.7593 42.472 -3.05172
    endloop
  endfacet
  facet normal 0.092658 0.585241 -0.805548
    outer loop
      vertex -22.1539 41.2837 -3.8454
      vertex -22.7593 42.472 -3.05172
      vertex -21.8163 42.3227 -3.05172
    endloop
  endfacet
  facet normal -0.0488843 0.308678 -0.94991
    outer loop
      vertex -2.36652 4.37968 -25.8416
      vertex -2.76336 5.60101 -25.4243
      vertex -2.15789 4.41272 -25.8416
    endloop
  endfacet
  facet normal 0.141886 -0.27846 -0.94991
    outer loop
      vertex -1.55243 -5.60101 -25.4243
      vertex -1.94927 -4.37968 -25.8416
      vertex -1.76106 -4.28378 -25.8416
    endloop
  endfacet
  facet normal -0.585219 0.0926828 -0.805561
    outer loop
      vertex -4.11722 3.73758 -25.4243
      vertex -5.20962 3.73758 -24.6307
      vertex -4.02133 4.34305 -25.4243
    endloop
  endfacet
  facet normal -0.309045 0 -0.951048
    outer loop
      vertex -4.11722 -3.73758 -25.4243
      vertex -2.83303 3.73758 -25.8416
      vertex -2.83303 -3.73758 -25.8416
    endloop
  endfacet
  facet normal -0.309045 0 -0.951048
    outer loop
      vertex -2.83303 3.73758 -25.8416
      vertex -4.11722 -3.73758 -25.4243
      vertex -4.11722 3.73758 -25.4243
    endloop
  endfacet
  facet normal -0.0926486 -0.585244 -0.805547
    outer loop
      vertex -22.7593 -42.472 -3.05172
      vertex -23.7024 -42.3227 -3.05172
      vertex -23.3648 -41.2837 -3.8454
    endloop
  endfacet
  facet normal -0.0488909 -0.308675 -0.94991
    outer loop
      vertex -2.15789 -5.69691 -25.4243
      vertex -2.76336 -5.60101 -25.4243
      vertex -2.15789 -4.41272 -25.8416
    endloop
  endfacet
  facet normal -0.802463 0.127092 0.58301
    outer loop
      vertex -26.4165 40.6086 1.95933
      vertex -26.6047 39.4203 1.95933
      vertex -25.6617 40.3633 3.05172
    endloop
  endfacet
  facet normal -0.587749 0 0.809043
    outer loop
      vertex -5.20962 3.73758 24.6307
      vertex -4.11722 -3.73758 25.4243
      vertex -4.11722 3.73758 25.4243
    endloop
  endfacet
  facet normal -0.587749 0 0.809043
    outer loop
      vertex -4.11722 -3.73758 25.4243
      vertex -5.20962 3.73758 24.6307
      vertex -5.20962 -3.73758 24.6307
    endloop
  endfacet
  facet normal 0.308675 0.0488913 0.94991
    outer loop
      vertex 6.17922 0.605465 25.4243
      vertex 4.99093 0 25.8416
      vertex 6.27512 0 25.4243
    endloop
  endfacet
  facet normal 0.220988 0.220988 0.94991
    outer loop
      vertex 5.46745 1.58513 25.4243
      vertex 4.86199 0.396836 25.8416
      vertex 5.90092 1.15166 25.4243
    endloop
  endfacet
  facet normal 0.22099 0.220987 0.94991
    outer loop
      vertex 4.86199 0.396836 25.8416
      vertex 5.46745 1.58513 25.4243
      vertex 4.71263 0.546198 25.8416
    endloop
  endfacet
  facet normal 0.0488865 0.308678 0.94991
    outer loop
      vertex -1.55243 5.60101 25.4243
      vertex -2.15789 4.41272 25.8416
      vertex -1.94927 4.37968 25.8416
    endloop
  endfacet
  facet normal -0.278458 -0.141885 0.94991
    outer loop
      vertex -2.79999 -3.94621 25.8416
      vertex -4.02133 -4.34305 25.4243
      vertex -2.70409 -4.13442 25.8416
    endloop
  endfacet
  facet normal 0.585263 0.0927202 0.805525
    outer loop
      vertex 48.421 0.943034 3.05172
      vertex 47.3821 0.605465 3.8454
      vertex 48.5704 0 3.05172
    endloop
  endfacet
  facet normal 0.585257 -0.0926992 0.805532
    outer loop
      vertex 47.478 0 3.8454
      vertex 47.3821 -0.605465 3.8454
      vertex 48.5704 0 3.05172
    endloop
  endfacet
  facet normal 0.0488917 -0.308675 -0.94991
    outer loop
      vertex -1.55243 -5.60101 -25.4243
      vertex -2.15789 -5.69691 -25.4243
      vertex -2.15789 -4.41272 -25.8416
    endloop
  endfacet
  facet normal 0.802442 0.127127 -0.583032
    outer loop
      vertex 48.5704 0 -3.05172
      vertex 48.421 0.943034 -3.05172
      vertex 49.3641 0 -1.95933
    endloop
  endfacet
  facet normal 0.802442 -0.127127 -0.583032
    outer loop
      vertex 49.3641 0 -1.95933
      vertex 48.421 -0.943034 -3.05172
      vertex 48.5704 0 -3.05172
    endloop
  endfacet
  facet normal 0.422024 0.415393 -0.805819
    outer loop
      vertex 44.7161 1.21352 -5.064
      vertex 47.1038 1.15166 -3.8454
      vertex 44.778 1.15166 -5.06347
    endloop
  endfacet
  facet normal 0.422048 0.415264 -0.805873
    outer loop
      vertex 47.1038 1.15166 -3.8454
      vertex 44.7161 1.21352 -5.064
      vertex 47.9875 1.79376 -3.05172
    endloop
  endfacet
  facet normal 0.422088 0.415159 -0.805906
    outer loop
      vertex 44.298 1.42658 -5.17322
      vertex 47.9875 1.79376 -3.05172
      vertex 44.7161 1.21352 -5.064
    endloop
  endfacet
  facet normal 0.422009 0.415416 -0.805815
    outer loop
      vertex 43.8344 1.5 -5.37816
      vertex 47.9875 1.79376 -3.05172
      vertex 44.298 1.42658 -5.17322
    endloop
  endfacet
  facet normal 0.422065 0.415217 -0.805888
    outer loop
      vertex 43.8344 1.5 -5.37816
      vertex 6.78469 1.79376 -24.6307
      vertex 47.9875 1.79376 -3.05172
    endloop
  endfacet
  facet normal 0.422056 0.41526 -0.805871
    outer loop
      vertex 43.3709 1.42658 -5.65874
      vertex 6.78469 1.79376 -24.6307
      vertex 43.8344 1.5 -5.37816
    endloop
  endfacet
  facet normal 0.422049 0.415295 -0.805856
    outer loop
      vertex 42.9528 1.21352 -5.98751
      vertex 6.78469 1.79376 -24.6307
      vertex 43.3709 1.42658 -5.65874
    endloop
  endfacet
  facet normal 0.422107 0.414999 -0.805979
    outer loop
      vertex 42.8909 1.15166 -6.05178
      vertex 6.78469 1.79376 -24.6307
      vertex 42.9528 1.21352 -5.98751
    endloop
  endfacet
  facet normal 0.422081 0.415135 -0.805923
    outer loop
      vertex 6.78469 1.79376 -24.6307
      vertex 42.8909 1.15166 -6.05178
      vertex 5.90092 1.15166 -25.4243
    endloop
  endfacet
  facet normal 0.451498 0.230096 -0.862094
    outer loop
      vertex 6.17922 0.605465 -25.4243
      vertex 42.6209 0.881678 -6.26523
      vertex 42.4802 0.605465 -6.41264
    endloop
  endfacet
  facet normal 0.451503 0.230052 -0.862103
    outer loop
      vertex 5.90092 1.15166 -25.4243
      vertex 42.6209 0.881678 -6.26523
      vertex 6.17922 0.605465 -25.4243
    endloop
  endfacet
  facet normal 0.451503 0.230052 -0.862103
    outer loop
      vertex 42.6209 0.881678 -6.26523
      vertex 5.90092 1.15166 -25.4243
      vertex 42.8909 1.15166 -6.05178
    endloop
  endfacet
  facet normal 0.451499 0.23005 -0.862105
    outer loop
      vertex 45.1887 0.605465 -4.99412
      vertex 47.1038 1.15166 -3.8454
      vertex 47.3821 0.605465 -3.8454
    endloop
  endfacet
  facet normal 0.451517 0.229998 -0.86211
    outer loop
      vertex 45.048 0.881678 -4.99412
      vertex 47.1038 1.15166 -3.8454
      vertex 45.1887 0.605465 -4.99412
    endloop
  endfacet
  facet normal 0.451498 0.230082 -0.862097
    outer loop
      vertex 47.1038 1.15166 -3.8454
      vertex 45.048 0.881678 -4.99412
      vertex 44.778 1.15166 -5.06347
    endloop
  endfacet
  facet normal 0.84837 0.432288 -0.305606
    outer loop
      vertex 49.1758 1.18829 -1.95933
      vertex 48.9672 2.50553 -0.675138
      vertex 49.5727 1.31723 -0.675138
    endloop
  endfacet
  facet normal 0.987692 0.156413 0
    outer loop
      vertex 49.7813 0 0.675138
      vertex 49.5727 1.31723 -0.675138
      vertex 49.5727 1.31723 0.675138
    endloop
  endfacet
  facet normal 0.987692 0.156413 0
    outer loop
      vertex 49.5727 1.31723 -0.675138
      vertex 49.7813 0 0.675138
      vertex 49.7813 0 -0.675138
    endloop
  endfacet
  facet normal 0.84837 -0.432288 0.305606
    outer loop
      vertex 49.1758 -1.18829 1.95933
      vertex 48.9672 -2.50553 0.675138
      vertex 49.5727 -1.31723 0.675138
    endloop
  endfacet
  facet normal 0.940462 -0.148934 0.305531
    outer loop
      vertex 49.7813 0 0.675138
      vertex 49.3641 0 1.95933
      vertex 49.5727 -1.31723 0.675138
    endloop
  endfacet
  facet normal 0.574499 -0.574486 0.583024
    outer loop
      vertex 47.9875 -1.79376 3.05172
      vertex 47.7789 -3.11099 1.95933
      vertex 48.6296 -2.26027 1.95933
    endloop
  endfacet
  facet normal 0.574514 -0.57448 0.583014
    outer loop
      vertex 47.7789 -3.11099 1.95933
      vertex 47.9875 -1.79376 3.05172
      vertex 47.3124 -2.4689 3.05172
    endloop
  endfacet
  facet normal 0.848385 -0.432273 0.305588
    outer loop
      vertex 49.1758 -1.18829 1.95933
      vertex 48.6296 -2.26027 1.95933
      vertex 48.9672 -2.50553 0.675138
    endloop
  endfacet
  facet normal 0.890997 -0.454009 0
    outer loop
      vertex 48.9672 -2.50553 0.675138
      vertex 49.5727 -1.31723 -0.675138
      vertex 49.5727 -1.31723 0.675138
    endloop
  endfacet
  facet normal 0.890997 -0.454009 0
    outer loop
      vertex 49.5727 -1.31723 -0.675138
      vertex 48.9672 -2.50553 0.675138
      vertex 48.9672 -2.50553 -0.675138
    endloop
  endfacet
  facet normal 0.707118 -0.707096 0
    outer loop
      vertex 48.0242 -3.44856 -0.675138
      vertex 48.9672 -2.50553 0.675138
      vertex 48.0242 -3.44856 0.675138
    endloop
  endfacet
  facet normal 0.707118 -0.707096 0
    outer loop
      vertex 48.9672 -2.50553 0.675138
      vertex 48.0242 -3.44856 -0.675138
      vertex 48.9672 -2.50553 -0.675138
    endloop
  endfacet
  facet normal 0.420864 -0.420839 -0.803597
    outer loop
      vertex 47.3124 -2.4689 -3.05172
      vertex 6.78469 -1.79376 -24.6307
      vertex 47.9875 -1.79376 -3.05172
    endloop
  endfacet
  facet normal 0.42086 -0.42086 -0.803588
    outer loop
      vertex 6.78469 -1.79376 -24.6307
      vertex 47.3124 -2.4689 -3.05172
      vertex 6.10955 -2.4689 -24.6307
    endloop
  endfacet
  facet normal 0.527977 -0.269039 -0.805517
    outer loop
      vertex 47.9875 -1.79376 -3.05172
      vertex 47.1038 -1.15166 -3.8454
      vertex 48.421 -0.943034 -3.05172
    endloop
  endfacet
  facet normal 0.475774 0.824065 0.307499
    outer loop
      vertex -20.2538 42.8689 0.675138
      vertex 47.7789 3.11099 1.95933
      vertex 48.0242 3.44856 0.675138
    endloop
  endfacet
  facet normal 0.475771 0.82406 0.307516
    outer loop
      vertex 47.7789 3.11099 1.95933
      vertex -20.2538 42.8689 0.675138
      vertex -20.4991 42.5313 1.95933
    endloop
  endfacet
  facet normal 0.5 -0.866025 0
    outer loop
      vertex -20.2538 -42.8689 -0.675138
      vertex 48.0242 -3.44856 0.675138
      vertex -20.2538 -42.8689 0.675138
    endloop
  endfacet
  facet normal 0.5 -0.866025 0
    outer loop
      vertex 48.0242 -3.44856 0.675138
      vertex -20.2538 -42.8689 -0.675138
      vertex 48.0242 -3.44856 -0.675138
    endloop
  endfacet
  facet normal 0.432242 -0.848419 -0.305537
    outer loop
      vertex -21.4421 -43.4743 -0.675138
      vertex -21.571 -43.0775 -1.95933
      vertex -20.2538 -42.8689 -0.675138
    endloop
  endfacet
  facet normal 0.127092 -0.802463 -0.58301
    outer loop
      vertex -21.571 -43.0775 -1.95933
      vertex -22.7593 -43.2657 -1.95933
      vertex -21.8163 -42.3227 -3.05172
    endloop
  endfacet
  facet normal 0.368878 -0.723887 -0.583024
    outer loop
      vertex -20.4991 -42.5313 -1.95933
      vertex -21.8163 -42.3227 -3.05172
      vertex -20.9656 -41.8892 -3.05172
    endloop
  endfacet
  facet normal 0.31468 -0.617586 -0.720808
    outer loop
      vertex -20.9656 -41.8892 -3.05172
      vertex -1.21486 -6.63995 -24.6307
      vertex -0.364137 -6.20648 -24.6307
    endloop
  endfacet
  facet normal 0.314713 -0.617593 -0.720788
    outer loop
      vertex -1.21486 -6.63995 -24.6307
      vertex -20.9656 -41.8892 -3.05172
      vertex -21.8163 -42.3227 -3.05172
    endloop
  endfacet
  facet normal 0.092658 -0.585241 0.805548
    outer loop
      vertex -22.1539 -41.2837 3.8454
      vertex -22.7593 -42.472 3.05172
      vertex -21.8163 -42.3227 3.05172
    endloop
  endfacet
  facet normal -0.802463 -0.127092 0.58301
    outer loop
      vertex -25.6617 -40.3633 3.05172
      vertex -26.6047 -39.4203 1.95933
      vertex -26.4165 -40.6086 1.95933
    endloop
  endfacet
  facet normal -0.210853 -0.413826 0.885601
    outer loop
      vertex -21.1672 -36.6627 6.52795
      vertex -2.76336 -5.60101 25.4243
      vertex -3.30956 -5.32271 25.4243
    endloop
  endfacet
  facet normal -0.210907 -0.413795 0.885603
    outer loop
      vertex -2.76336 -5.60101 25.4243
      vertex -21.1672 -36.6627 6.52795
      vertex -20.8467 -36.9223 6.48298
    endloop
  endfacet
  facet normal -0.210833 -0.413837 0.885601
    outer loop
      vertex -21.1672 -36.6627 6.52795
      vertex -3.30956 -5.32271 25.4243
      vertex -21.3608 -36.5884 6.51658
    endloop
  endfacet
  facet normal -0.210875 -0.413825 0.885596
    outer loop
      vertex -22.6672 -39.2608 4.95678
      vertex -23.3648 -41.2837 3.8454
      vertex -22.2822 -39.4086 4.97939
    endloop
  endfacet
  facet normal -0.210823 -0.413854 0.885595
    outer loop
      vertex -23.911 -41.0054 3.8454
      vertex -22.6672 -39.2608 4.95678
      vertex -22.8284 -39.1303 4.97939
    endloop
  endfacet
  facet normal -0.210856 -0.413833 0.885597
    outer loop
      vertex -22.6672 -39.2608 4.95678
      vertex -23.911 -41.0054 3.8454
      vertex -23.3648 -41.2837 3.8454
    endloop
  endfacet
  facet normal 0.268992 -0.527933 0.805562
    outer loop
      vertex -1.00623 -5.32271 25.4243
      vertex -1.55243 -5.60101 25.4243
      vertex -1.21486 -6.63995 24.6307
    endloop
  endfacet
  facet normal -0.268999 -0.527946 0.805551
    outer loop
      vertex -23.3648 -41.2837 3.8454
      vertex -23.911 -41.0054 3.8454
      vertex -23.7024 -42.3227 3.05172
    endloop
  endfacet
  facet normal 0.0883677 -0.552321 0.828935
    outer loop
      vertex -20.9135 -39.0765 5.18383
      vertex -22.1539 -41.2837 3.8454
      vertex -20.7949 -38.93 5.2688
    endloop
  endfacet
  facet normal 0.0874313 -0.551989 0.829255
    outer loop
      vertex -21.3071 -39.3321 5.05519
      vertex -22.1539 -41.2837 3.8454
      vertex -20.9135 -39.0765 5.18383
    endloop
  endfacet
  facet normal 0.0874117 -0.551984 0.829261
    outer loop
      vertex -21.6266 -39.4177 5.03189
      vertex -22.1539 -41.2837 3.8454
      vertex -21.3071 -39.3321 5.05519
    endloop
  endfacet
  facet normal 0.0874391 -0.551988 0.829255
    outer loop
      vertex -22.1539 -41.2837 3.8454
      vertex -21.6266 -39.4177 5.03189
      vertex -22.7593 -41.3796 3.8454
    endloop
  endfacet
  facet normal 0.0875407 -0.552013 0.829227
    outer loop
      vertex -1.55243 -5.60101 25.4243
      vertex -20.511 -37.4855 6.20036
      vertex -20.4254 -37.8049 5.9787
    endloop
  endfacet
  facet normal 0.0874277 -0.55197 0.829268
    outer loop
      vertex -20.511 -37.4855 6.20036
      vertex -1.55243 -5.60101 25.4243
      vertex -2.15789 -5.69691 25.4243
    endloop
  endfacet
  facet normal 0.0873338 -0.551936 0.8293
    outer loop
      vertex -20.45 -38.2736 5.66935
      vertex -1.55243 -5.60101 25.4243
      vertex -20.4254 -37.8049 5.9787
    endloop
  endfacet
  facet normal 0.087782 -0.552101 0.829144
    outer loop
      vertex -1.55243 -5.60101 25.4243
      vertex -20.45 -38.2736 5.66935
      vertex -20.5175 -38.4495 5.55937
    endloop
  endfacet
  facet normal -0.210875 0.413825 0.885596
    outer loop
      vertex -23.3648 41.2837 3.8454
      vertex -22.6672 39.2608 4.95678
      vertex -22.2822 39.4086 4.97939
    endloop
  endfacet
  facet normal -0.210856 0.413833 0.885597
    outer loop
      vertex -23.911 41.0054 3.8454
      vertex -22.6672 39.2608 4.95678
      vertex -23.3648 41.2837 3.8454
    endloop
  endfacet
  facet normal -0.210823 0.413854 0.885595
    outer loop
      vertex -22.6672 39.2608 4.95678
      vertex -23.911 41.0054 3.8454
      vertex -22.8284 39.1303 4.97939
    endloop
  endfacet
  facet normal -0.210907 0.413795 0.885603
    outer loop
      vertex -21.1672 36.6627 6.52795
      vertex -2.76336 5.60101 25.4243
      vertex -20.8467 36.9223 6.48298
    endloop
  endfacet
  facet normal -0.210853 0.413826 0.885601
    outer loop
      vertex -2.76336 5.60101 25.4243
      vertex -21.1672 36.6627 6.52795
      vertex -3.30956 5.32271 25.4243
    endloop
  endfacet
  facet normal -0.210833 0.413837 0.885601
    outer loop
      vertex -3.30956 5.32271 25.4243
      vertex -21.1672 36.6627 6.52795
      vertex -21.3608 36.5884 6.51658
    endloop
  endfacet
  facet normal -0.802476 0.127137 0.582983
    outer loop
      vertex -25.6617 40.3633 3.05172
      vertex -26.6047 39.4203 1.95933
      vertex -25.8111 39.4203 3.05172
    endloop
  endfacet
  facet normal 0.127047 0.80245 0.583038
    outer loop
      vertex -22.7593 43.2657 1.95933
      vertex -22.7593 42.472 3.05172
      vertex -21.8163 42.3227 3.05172
    endloop
  endfacet
  facet normal 0.155292 0.268974 0.950546
    outer loop
      vertex -1.00623 5.32271 25.4243
      vertex 4.71263 0.546198 25.8416
      vertex 5.46745 1.58513 25.4243
    endloop
  endfacet
  facet normal 0.155292 0.268973 0.950546
    outer loop
      vertex 4.71263 0.546198 25.8416
      vertex -1.00623 5.32271 25.4243
      vertex -1.76106 4.28378 25.8416
    endloop
  endfacet
  facet normal 0.308672 -0.0488983 0.949911
    outer loop
      vertex 4.99093 0 25.8416
      vertex 4.95788 -0.208629 25.8416
      vertex 6.17922 -0.605465 25.4243
    endloop
  endfacet
  facet normal 0.41897 0.41897 0.805561
    outer loop
      vertex 6.10955 2.4689 24.6307
      vertex 5.90092 1.15166 25.4243
      vertex 6.78469 1.79376 24.6307
    endloop
  endfacet
  facet normal 0.41897 0.41897 0.805561
    outer loop
      vertex 5.90092 1.15166 25.4243
      vertex 6.10955 2.4689 24.6307
      vertex 5.46745 1.58513 25.4243
    endloop
  endfacet
  facet normal -0.0926939 -0.585257 0.805532
    outer loop
      vertex -22.7593 -41.3796 3.8454
      vertex -23.3648 -41.2837 3.8454
      vertex -22.7593 -42.472 3.05172
    endloop
  endfacet
  facet normal -0.0926939 0.585257 0.805532
    outer loop
      vertex -22.7593 42.472 3.05172
      vertex -23.3648 41.2837 3.8454
      vertex -22.7593 41.3796 3.8454
    endloop
  endfacet
  facet normal 0.368871 0.723897 0.583016
    outer loop
      vertex -21.571 43.0775 1.95933
      vertex -21.8163 42.3227 3.05172
      vertex -20.4991 42.5313 1.95933
    endloop
  endfacet
  facet normal -0.809041 0 0.587752
    outer loop
      vertex -26.6047 -39.4203 1.95933
      vertex -25.8111 39.4203 3.05172
      vertex -26.6047 39.4203 1.95933
    endloop
  endfacet
  facet normal -0.809041 0 0.587752
    outer loop
      vertex -25.8111 39.4203 3.05172
      vertex -26.6047 -39.4203 1.95933
      vertex -25.8111 -39.4203 3.05172
    endloop
  endfacet
  facet normal -0.940436 0.148944 0.305607
    outer loop
      vertex -26.4165 40.6086 1.95933
      vertex -26.8134 40.7375 0.675138
      vertex -26.6047 39.4203 1.95933
    endloop
  endfacet
  facet normal -0.0488909 0.308675 0.94991
    outer loop
      vertex -2.15789 5.69691 25.4243
      vertex -2.76336 5.60101 25.4243
      vertex -2.15789 4.41272 25.8416
    endloop
  endfacet
  facet normal 0.432296 0.848368 0.305602
    outer loop
      vertex -20.2538 42.8689 0.675138
      vertex -21.571 43.0775 1.95933
      vertex -20.4991 42.5313 1.95933
    endloop
  endfacet
  facet normal 0.127092 0.802463 0.58301
    outer loop
      vertex -21.571 43.0775 1.95933
      vertex -22.7593 43.2657 1.95933
      vertex -21.8163 42.3227 3.05172
    endloop
  endfacet
  facet normal 0.405275 0.701957 0.58567
    outer loop
      vertex -20.4991 42.5313 1.95933
      vertex 47.3124 2.4689 3.05172
      vertex 47.7789 3.11099 1.95933
    endloop
  endfacet
  facet normal 0.405273 0.701954 0.585674
    outer loop
      vertex 47.3124 2.4689 3.05172
      vertex -20.4991 42.5313 1.95933
      vertex -20.9656 41.8892 3.05172
    endloop
  endfacet
  facet normal -0.26903 0.527945 -0.805541
    outer loop
      vertex -23.911 41.0054 -3.8454
      vertex -24.5531 41.8892 -3.05172
      vertex -23.7024 42.3227 -3.05172
    endloop
  endfacet
  facet normal -0.368878 0.723887 -0.583024
    outer loop
      vertex -24.5531 41.8892 -3.05172
      vertex -25.0196 42.5313 -1.95933
      vertex -23.7024 42.3227 -3.05172
    endloop
  endfacet
  facet normal -0.210875 0.413825 -0.885596
    outer loop
      vertex -22.6672 39.2608 -4.95678
      vertex -23.3648 41.2837 -3.8454
      vertex -22.2822 39.4086 -4.97939
    endloop
  endfacet
  facet normal -0.210823 0.413854 -0.885595
    outer loop
      vertex -23.911 41.0054 -3.8454
      vertex -22.6672 39.2608 -4.95678
      vertex -22.8284 39.1303 -4.97939
    endloop
  endfacet
  facet normal -0.210856 0.413833 -0.885597
    outer loop
      vertex -22.6672 39.2608 -4.95678
      vertex -23.911 41.0054 -3.8454
      vertex -23.3648 41.2837 -3.8454
    endloop
  endfacet
  facet normal -0.210853 0.413826 -0.885601
    outer loop
      vertex -21.1672 36.6627 -6.52795
      vertex -2.76336 5.60101 -25.4243
      vertex -3.30956 5.32271 -25.4243
    endloop
  endfacet
  facet normal -0.210907 0.413795 -0.885603
    outer loop
      vertex -2.76336 5.60101 -25.4243
      vertex -21.1672 36.6627 -6.52795
      vertex -20.8467 36.9223 -6.48298
    endloop
  endfacet
  facet normal -0.210833 0.413837 -0.885601
    outer loop
      vertex -21.1672 36.6627 -6.52795
      vertex -3.30956 5.32271 -25.4243
      vertex -21.3608 36.5884 -6.51658
    endloop
  endfacet
  facet normal 0.155292 -0.268974 -0.950546
    outer loop
      vertex -1.00623 -5.32271 -25.4243
      vertex 4.71263 -0.546198 -25.8416
      vertex 5.46745 -1.58513 -25.4243
    endloop
  endfacet
  facet normal 0.155292 -0.268973 -0.950546
    outer loop
      vertex 4.71263 -0.546198 -25.8416
      vertex -1.00623 -5.32271 -25.4243
      vertex -1.76106 -4.28378 -25.8416
    endloop
  endfacet
  facet normal -0.585221 -0.0926881 -0.805559
    outer loop
      vertex -5.06026 -4.68062 -24.6307
      vertex -5.20962 -3.73758 -24.6307
      vertex -4.02133 -4.34305 -25.4243
    endloop
  endfacet
  facet normal -0.564912 -0.163018 -0.808888
    outer loop
      vertex -22.7075 -36.7084 -5.85155
      vertex -5.06026 -4.68062 -24.6307
      vertex -4.02133 -4.34305 -25.4243
    endloop
  endfacet
  facet normal -0.565055 -0.162895 -0.808813
    outer loop
      vertex -22.9209 -36.847 -5.67455
      vertex -5.06026 -4.68062 -24.6307
      vertex -22.7075 -36.7084 -5.85155
    endloop
  endfacet
  facet normal -0.564777 -0.163135 -0.808959
    outer loop
      vertex -23.2163 -37.2117 -5.39477
      vertex -5.06026 -4.68062 -24.6307
      vertex -22.9209 -36.847 -5.67455
    endloop
  endfacet
  facet normal -0.564994 -0.162941 -0.808846
    outer loop
      vertex -25.6617 -40.3633 -3.05172
      vertex -23.3978 -37.904 -5.12852
      vertex -24.6228 -40.0258 -3.8454
    endloop
  endfacet
  facet normal -0.565102 -0.162802 -0.808799
    outer loop
      vertex -23.3978 -37.904 -5.12852
      vertex -25.6617 -40.3633 -3.05172
      vertex -23.3844 -37.6499 -5.18903
    endloop
  endfacet
  facet normal -0.564978 -0.16296 -0.808853
    outer loop
      vertex -23.2163 -37.2117 -5.39477
      vertex -25.6617 -40.3633 -3.05172
      vertex -5.06026 -4.68062 -24.6307
    endloop
  endfacet
  facet normal -0.564841 -0.163115 -0.808918
    outer loop
      vertex -23.3844 -37.6499 -5.18903
      vertex -25.6617 -40.3633 -3.05172
      vertex -23.2163 -37.2117 -5.39477
    endloop
  endfacet
  facet normal -0.940436 -0.148944 -0.305607
    outer loop
      vertex -26.4165 -40.6086 -1.95933
      vertex -26.8134 -40.7375 -0.675138
      vertex -26.6047 -39.4203 -1.95933
    endloop
  endfacet
  facet normal -0.527989 -0.269021 -0.805516
    outer loop
      vertex -25.2282 -41.2141 -3.05172
      vertex -25.6617 -40.3633 -3.05172
      vertex -24.3445 -40.572 -3.8454
    endloop
  endfacet
  facet normal -0.432237 -0.84841 -0.305568
    outer loop
      vertex -24.0766 -43.4743 -0.675138
      vertex -25.2649 -42.8689 -0.675138
      vertex -23.9476 -43.0775 -1.95933
    endloop
  endfacet
  facet normal -0.890997 -0.454009 0
    outer loop
      vertex -26.2079 -41.9258 -0.675138
      vertex -26.8134 -40.7375 0.675138
      vertex -26.8134 -40.7375 -0.675138
    endloop
  endfacet
  facet normal -0.890997 -0.454009 0
    outer loop
      vertex -26.8134 -40.7375 0.675138
      vertex -26.2079 -41.9258 -0.675138
      vertex -26.2079 -41.9258 0.675138
    endloop
  endfacet
  facet normal -0.527989 -0.269021 -0.805516
    outer loop
      vertex -24.3445 -40.572 -3.8454
      vertex -25.6617 -40.3633 -3.05172
      vertex -24.6228 -40.0258 -3.8454
    endloop
  endfacet
  facet normal 0.220988 0.220988 -0.94991
    outer loop
      vertex 4.86199 0.396836 -25.8416
      vertex 5.46745 1.58513 -25.4243
      vertex 5.90092 1.15166 -25.4243
    endloop
  endfacet
  facet normal 0.22099 0.220987 -0.94991
    outer loop
      vertex 5.46745 1.58513 -25.4243
      vertex 4.86199 0.396836 -25.8416
      vertex 4.71263 0.546198 -25.8416
    endloop
  endfacet
  facet normal -0.308675 -0.0488858 -0.94991
    outer loop
      vertex -4.02133 -4.34305 -25.4243
      vertex -4.11722 -3.73758 -25.4243
      vertex -2.83303 -3.73758 -25.8416
    endloop
  endfacet
  facet normal -0.471729 -0.240635 -0.848273
    outer loop
      vertex -22.074 -36.47 -6.27162
      vertex -3.74302 -4.88925 -25.4243
      vertex -21.979 -36.4749 -6.32306
    endloop
  endfacet
  facet normal -0.471939 -0.240471 -0.848203
    outer loop
      vertex -3.74302 -4.88925 -25.4243
      vertex -22.074 -36.47 -6.27162
      vertex -4.02133 -4.34305 -25.4243
    endloop
  endfacet
  facet normal -0.471988 -0.240433 -0.848186
    outer loop
      vertex -22.5273 -36.5914 -5.98496
      vertex -4.02133 -4.34305 -25.4243
      vertex -22.074 -36.47 -6.27162
    endloop
  endfacet
  facet normal -0.471791 -0.240586 -0.848252
    outer loop
      vertex -4.02133 -4.34305 -25.4243
      vertex -22.5273 -36.5914 -5.98496
      vertex -22.7075 -36.7084 -5.85155
    endloop
  endfacet
  facet normal -0.471995 -0.240376 -0.848198
    outer loop
      vertex -23.2357 -38.6516 -5.00672
      vertex -24.6228 -40.0258 -3.8454
      vertex -23.2875 -38.5718 -5.00051
    endloop
  endfacet
  facet normal -0.471928 -0.240457 -0.848213
    outer loop
      vertex -24.6228 -40.0258 -3.8454
      vertex -23.2357 -38.6516 -5.00672
      vertex -24.3445 -40.572 -3.8454
    endloop
  endfacet
  facet normal -0.471874 -0.240511 -0.848227
    outer loop
      vertex -23.2875 -38.5718 -5.00051
      vertex -24.6228 -40.0258 -3.8454
      vertex -23.409 -38.1185 -5.06145
    endloop
  endfacet
  facet normal -0.471765 -0.240602 -0.848262
    outer loop
      vertex -23.409 -38.1185 -5.06145
      vertex -24.6228 -40.0258 -3.8454
      vertex -23.3978 -37.904 -5.12852
    endloop
  endfacet
  facet normal 0.0883677 -0.552321 -0.828935
    outer loop
      vertex -22.1539 -41.2837 -3.8454
      vertex -20.9135 -39.0765 -5.18383
      vertex -20.7949 -38.93 -5.2688
    endloop
  endfacet
  facet normal 0.0874313 -0.551989 -0.829255
    outer loop
      vertex -22.1539 -41.2837 -3.8454
      vertex -21.3071 -39.3321 -5.05519
      vertex -20.9135 -39.0765 -5.18383
    endloop
  endfacet
  facet normal 0.0874117 -0.551984 -0.829261
    outer loop
      vertex -22.1539 -41.2837 -3.8454
      vertex -21.6266 -39.4177 -5.03189
      vertex -21.3071 -39.3321 -5.05519
    endloop
  endfacet
  facet normal 0.0874391 -0.551988 -0.829255
    outer loop
      vertex -21.6266 -39.4177 -5.03189
      vertex -22.1539 -41.2837 -3.8454
      vertex -22.7593 -41.3796 -3.8454
    endloop
  endfacet
  facet normal 0.0875407 -0.552013 -0.829227
    outer loop
      vertex -20.511 -37.4855 -6.20036
      vertex -1.55243 -5.60101 -25.4243
      vertex -20.4254 -37.8049 -5.9787
    endloop
  endfacet
  facet normal 0.0873338 -0.551936 -0.8293
    outer loop
      vertex -1.55243 -5.60101 -25.4243
      vertex -20.45 -38.2736 -5.66935
      vertex -20.4254 -37.8049 -5.9787
    endloop
  endfacet
  facet normal 0.087782 -0.552101 -0.829144
    outer loop
      vertex -20.45 -38.2736 -5.66935
      vertex -1.55243 -5.60101 -25.4243
      vertex -20.5175 -38.4495 -5.55937
    endloop
  endfacet
  facet normal 0.0874277 -0.55197 -0.829268
    outer loop
      vertex -1.55243 -5.60101 -25.4243
      vertex -20.511 -37.4855 -6.20036
      vertex -2.15789 -5.69691 -25.4243
    endloop
  endfacet
  facet normal -0.471765 0.240602 -0.848262
    outer loop
      vertex -24.6228 40.0258 -3.8454
      vertex -23.409 38.1185 -5.06145
      vertex -23.3978 37.904 -5.12852
    endloop
  endfacet
  facet normal -0.471934 0.24046 -0.848208
    outer loop
      vertex -23.409 38.1185 -5.06145
      vertex -24.6228 40.0258 -3.8454
      vertex -24.3445 40.572 -3.8454
    endloop
  endfacet
  facet normal -0.472014 0.24039 -0.848184
    outer loop
      vertex -23.2875 38.5718 -5.00051
      vertex -24.3445 40.572 -3.8454
      vertex -23.2357 38.6516 -5.00672
    endloop
  endfacet
  facet normal -0.471853 0.240507 -0.84824
    outer loop
      vertex -24.3445 40.572 -3.8454
      vertex -23.2875 38.5718 -5.00051
      vertex -23.409 38.1185 -5.06145
    endloop
  endfacet
  facet normal -0.471939 0.240471 -0.848203
    outer loop
      vertex -22.074 36.47 -6.27162
      vertex -3.74302 4.88925 -25.4243
      vertex -4.02133 4.34305 -25.4243
    endloop
  endfacet
  facet normal -0.471729 0.240635 -0.848273
    outer loop
      vertex -3.74302 4.88925 -25.4243
      vertex -22.074 36.47 -6.27162
      vertex -21.979 36.4749 -6.32306
    endloop
  endfacet
  facet normal -0.471988 0.240433 -0.848186
    outer loop
      vertex -4.02133 4.34305 -25.4243
      vertex -22.5273 36.5914 -5.98496
      vertex -22.074 36.47 -6.27162
    endloop
  endfacet
  facet normal -0.471791 0.240586 -0.848252
    outer loop
      vertex -22.5273 36.5914 -5.98496
      vertex -4.02133 4.34305 -25.4243
      vertex -22.7075 36.7084 -5.85155
    endloop
  endfacet
  facet normal -0.141881 0.278461 -0.94991
    outer loop
      vertex -2.55473 4.28378 -25.8416
      vertex -3.30956 5.32271 -25.4243
      vertex -2.76336 5.60101 -25.4243
    endloop
  endfacet
  facet normal 0.0488917 0.308675 -0.94991
    outer loop
      vertex -1.55243 5.60101 -25.4243
      vertex -2.15789 4.41272 -25.8416
      vertex -2.15789 5.69691 -25.4243
    endloop
  endfacet
  facet normal 0.141881 -0.278461 -0.94991
    outer loop
      vertex -1.55243 -5.60101 -25.4243
      vertex -1.76106 -4.28378 -25.8416
      vertex -1.00623 -5.32271 -25.4243
    endloop
  endfacet
  facet normal -0.336999 0.337077 0.879097
    outer loop
      vertex -24.3445 40.572 3.8454
      vertex -22.8284 39.1303 4.97939
      vertex -23.911 41.0054 3.8454
    endloop
  endfacet
  facet normal -0.337157 0.336912 0.879099
    outer loop
      vertex -22.8284 39.1303 4.97939
      vertex -24.3445 40.572 3.8454
      vertex -23.0319 38.9654 4.96454
    endloop
  endfacet
  facet normal -0.337008 0.337039 0.879107
    outer loop
      vertex -23.0319 38.9654 4.96454
      vertex -24.3445 40.572 3.8454
      vertex -23.2357 38.6516 5.00672
    endloop
  endfacet
  facet normal -0.337018 0.337052 0.879099
    outer loop
      vertex -21.6054 36.4945 6.45881
      vertex -3.30956 5.32271 25.4243
      vertex -21.3608 36.5884 6.51658
    endloop
  endfacet
  facet normal -0.337038 0.337038 0.879096
    outer loop
      vertex -3.30956 5.32271 25.4243
      vertex -21.6054 36.4945 6.45881
      vertex -3.74302 4.88925 25.4243
    endloop
  endfacet
  facet normal -0.337102 0.336997 0.879088
    outer loop
      vertex -3.74302 4.88925 25.4243
      vertex -21.6054 36.4945 6.45881
      vertex -21.979 36.4749 6.32306
    endloop
  endfacet
  facet normal -0.368878 0.723887 0.583024
    outer loop
      vertex -23.7024 42.3227 3.05172
      vertex -25.0196 42.5313 1.95933
      vertex -24.5531 41.8892 3.05172
    endloop
  endfacet
  facet normal 0.462703 -0.073203 0.883486
    outer loop
      vertex 6.27512 0 25.4243
      vertex 42.4079 -0.463525 6.46229
      vertex 42.3344 0 6.53919
    endloop
  endfacet
  facet normal 0.462699 -0.0732872 0.883481
    outer loop
      vertex 6.17922 -0.605465 25.4243
      vertex 42.4079 -0.463525 6.46229
      vertex 6.27512 0 25.4243
    endloop
  endfacet
  facet normal 0.462697 -0.0733522 0.883477
    outer loop
      vertex 42.4079 -0.463525 6.46229
      vertex 6.17922 -0.605465 25.4243
      vertex 42.4802 -0.605465 6.41264
    endloop
  endfacet
  facet normal 0.462689 -0.0732856 0.883486
    outer loop
      vertex 45.3344 0 4.96802
      vertex 47.3821 -0.605465 3.8454
      vertex 47.478 0 3.8454
    endloop
  endfacet
  facet normal 0.462693 -0.0732683 0.883486
    outer loop
      vertex 45.261 -0.463525 4.96802
      vertex 47.3821 -0.605465 3.8454
      vertex 45.3344 0 4.96802
    endloop
  endfacet
  facet normal 0.462697 -0.0732279 0.883487
    outer loop
      vertex 47.3821 -0.605465 3.8454
      vertex 45.261 -0.463525 4.96802
      vertex 45.1887 -0.605465 4.99412
    endloop
  endfacet
  facet normal 0.802451 0.127159 -0.583012
    outer loop
      vertex 49.3641 0 -1.95933
      vertex 48.421 0.943034 -3.05172
      vertex 49.1758 1.18829 -1.95933
    endloop
  endfacet
  facet normal 0.940421 0.149022 0.305615
    outer loop
      vertex 49.5727 1.31723 0.675138
      vertex 49.1758 1.18829 1.95933
      vertex 49.3641 0 1.95933
    endloop
  endfacet
  facet normal 0.574499 0.574486 -0.583024
    outer loop
      vertex 47.9875 1.79376 -3.05172
      vertex 47.7789 3.11099 -1.95933
      vertex 48.6296 2.26027 -1.95933
    endloop
  endfacet
  facet normal 0.574514 0.57448 -0.583014
    outer loop
      vertex 47.7789 3.11099 -1.95933
      vertex 47.9875 1.79376 -3.05172
      vertex 47.3124 2.4689 -3.05172
    endloop
  endfacet
  facet normal 0.673293 0.673271 -0.305585
    outer loop
      vertex 48.6296 2.26027 -1.95933
      vertex 48.0242 3.44856 -0.675138
      vertex 48.9672 2.50553 -0.675138
    endloop
  endfacet
  facet normal 0.673289 0.673273 -0.305589
    outer loop
      vertex 48.0242 3.44856 -0.675138
      vertex 48.6296 2.26027 -1.95933
      vertex 47.7789 3.11099 -1.95933
    endloop
  endfacet
  facet normal 0.802451 0.127159 0.583012
    outer loop
      vertex 49.1758 1.18829 1.95933
      vertex 48.421 0.943034 3.05172
      vertex 49.3641 0 1.95933
    endloop
  endfacet
  facet normal 0.940462 0.148934 0.305531
    outer loop
      vertex 49.5727 1.31723 0.675138
      vertex 49.3641 0 1.95933
      vertex 49.7813 0 0.675138
    endloop
  endfacet
  facet normal 0.940421 -0.149022 0.305615
    outer loop
      vertex 49.3641 0 1.95933
      vertex 49.1758 -1.18829 1.95933
      vertex 49.5727 -1.31723 0.675138
    endloop
  endfacet
  facet normal 0.802451 -0.127159 0.583012
    outer loop
      vertex 49.3641 0 1.95933
      vertex 48.421 -0.943034 3.05172
      vertex 49.1758 -1.18829 1.95933
    endloop
  endfacet
  facet normal 0.673289 -0.673273 -0.305589
    outer loop
      vertex 48.6296 -2.26027 -1.95933
      vertex 48.0242 -3.44856 -0.675138
      vertex 47.7789 -3.11099 -1.95933
    endloop
  endfacet
  facet normal 0.673293 -0.673271 -0.305585
    outer loop
      vertex 48.0242 -3.44856 -0.675138
      vertex 48.6296 -2.26027 -1.95933
      vertex 48.9672 -2.50553 -0.675138
    endloop
  endfacet
  facet normal 0.673289 -0.673273 0.305589
    outer loop
      vertex 48.0242 -3.44856 0.675138
      vertex 48.6296 -2.26027 1.95933
      vertex 47.7789 -3.11099 1.95933
    endloop
  endfacet
  facet normal 0.673293 -0.673271 0.305585
    outer loop
      vertex 48.6296 -2.26027 1.95933
      vertex 48.0242 -3.44856 0.675138
      vertex 48.9672 -2.50553 0.675138
    endloop
  endfacet
  facet normal 0.451499 -0.23005 -0.862105
    outer loop
      vertex 47.1038 -1.15166 -3.8454
      vertex 45.1887 -0.605465 -4.99412
      vertex 47.3821 -0.605465 -3.8454
    endloop
  endfacet
  facet normal 0.451517 -0.229998 -0.86211
    outer loop
      vertex 47.1038 -1.15166 -3.8454
      vertex 45.048 -0.881678 -4.99412
      vertex 45.1887 -0.605465 -4.99412
    endloop
  endfacet
  facet normal 0.451498 -0.230082 -0.862097
    outer loop
      vertex 45.048 -0.881678 -4.99412
      vertex 47.1038 -1.15166 -3.8454
      vertex 44.778 -1.15166 -5.06347
    endloop
  endfacet
  facet normal 0.451498 -0.230096 -0.862094
    outer loop
      vertex 42.6209 -0.881678 -6.26523
      vertex 6.17922 -0.605465 -25.4243
      vertex 42.4802 -0.605465 -6.41264
    endloop
  endfacet
  facet normal 0.451503 -0.230052 -0.862103
    outer loop
      vertex 5.90092 -1.15166 -25.4243
      vertex 42.6209 -0.881678 -6.26523
      vertex 42.8909 -1.15166 -6.05178
    endloop
  endfacet
  facet normal 0.451503 -0.230052 -0.862103
    outer loop
      vertex 42.6209 -0.881678 -6.26523
      vertex 5.90092 -1.15166 -25.4243
      vertex 6.17922 -0.605465 -25.4243
    endloop
  endfacet
  facet normal -0.36885 -0.723923 0.582996
    outer loop
      vertex -23.7024 -42.3227 3.05172
      vertex -25.0196 -42.5313 1.95933
      vertex -23.9476 -43.0775 1.95933
    endloop
  endfacet
  facet normal -0.527989 -0.269021 0.805516
    outer loop
      vertex -24.6228 -40.0258 3.8454
      vertex -25.6617 -40.3633 3.05172
      vertex -24.3445 -40.572 3.8454
    endloop
  endfacet
  facet normal -0.337038 -0.337038 0.879096
    outer loop
      vertex -21.6054 -36.4945 6.45881
      vertex -3.30956 -5.32271 25.4243
      vertex -3.74302 -4.88925 25.4243
    endloop
  endfacet
  facet normal -0.337018 -0.337052 0.879099
    outer loop
      vertex -3.30956 -5.32271 25.4243
      vertex -21.6054 -36.4945 6.45881
      vertex -21.3608 -36.5884 6.51658
    endloop
  endfacet
  facet normal -0.337102 -0.336997 0.879088
    outer loop
      vertex -21.6054 -36.4945 6.45881
      vertex -3.74302 -4.88925 25.4243
      vertex -21.979 -36.4749 6.32306
    endloop
  endfacet
  facet normal -0.337157 -0.336912 0.879099
    outer loop
      vertex -24.3445 -40.572 3.8454
      vertex -22.8284 -39.1303 4.97939
      vertex -23.0319 -38.9654 4.96454
    endloop
  endfacet
  facet normal -0.337008 -0.337039 0.879107
    outer loop
      vertex -24.3445 -40.572 3.8454
      vertex -23.0319 -38.9654 4.96454
      vertex -23.2357 -38.6516 5.00672
    endloop
  endfacet
  facet normal -0.336999 -0.337077 0.879097
    outer loop
      vertex -22.8284 -39.1303 4.97939
      vertex -24.3445 -40.572 3.8454
      vertex -23.911 -41.0054 3.8454
    endloop
  endfacet
  facet normal -0.723909 -0.368843 0.583019
    outer loop
      vertex -25.6617 -40.3633 3.05172
      vertex -26.4165 -40.6086 1.95933
      vertex -25.8703 -41.6806 1.95933
    endloop
  endfacet
  facet normal -0.453949 -0.891027 0
    outer loop
      vertex -25.2649 -42.8689 -0.675138
      vertex -24.0766 -43.4743 0.675138
      vertex -25.2649 -42.8689 0.675138
    endloop
  endfacet
  facet normal -0.453949 -0.891027 -0
    outer loop
      vertex -24.0766 -43.4743 0.675138
      vertex -25.2649 -42.8689 -0.675138
      vertex -24.0766 -43.4743 -0.675138
    endloop
  endfacet
  facet normal 0.0927091 -0.585256 0.805531
    outer loop
      vertex -22.7593 -41.3796 3.8454
      vertex -22.7593 -42.472 3.05172
      vertex -22.1539 -41.2837 3.8454
    endloop
  endfacet
  facet normal -0.141881 0.278461 0.94991
    outer loop
      vertex -2.76336 5.60101 25.4243
      vertex -3.30956 5.32271 25.4243
      vertex -2.55473 4.28378 25.8416
    endloop
  endfacet
  facet normal -0.220987 0.220987 0.94991
    outer loop
      vertex -3.30956 5.32271 25.4243
      vertex -2.70409 4.13442 25.8416
      vertex -2.55473 4.28378 25.8416
    endloop
  endfacet
  facet normal -0.220987 0.220987 0.94991
    outer loop
      vertex -2.70409 4.13442 25.8416
      vertex -3.30956 5.32271 25.4243
      vertex -3.74302 4.88925 25.4243
    endloop
  endfacet
  facet normal -0.141886 -0.27846 0.94991
    outer loop
      vertex -2.55473 -4.28378 25.8416
      vertex -2.76336 -5.60101 25.4243
      vertex -2.36652 -4.37968 25.8416
    endloop
  endfacet
  facet normal 0 0 1
    outer loop
      vertex 4.95788 0.208629 25.8416
      vertex 4.95788 -0.208629 25.8416
      vertex 4.99093 0 25.8416
    endloop
  endfacet
  facet normal 0 0 1
    outer loop
      vertex 4.86199 0.396836 25.8416
      vertex 4.95788 -0.208629 25.8416
      vertex 4.95788 0.208629 25.8416
    endloop
  endfacet
  facet normal 0 0 1
    outer loop
      vertex 4.86199 0.396836 25.8416
      vertex 4.86199 -0.396836 25.8416
      vertex 4.95788 -0.208629 25.8416
    endloop
  endfacet
  facet normal 0 0 1
    outer loop
      vertex 4.71263 0.546198 25.8416
      vertex 4.86199 -0.396836 25.8416
      vertex 4.86199 0.396836 25.8416
    endloop
  endfacet
  facet normal 0 0 1
    outer loop
      vertex 4.71263 0.546198 25.8416
      vertex 4.71263 -0.546198 25.8416
      vertex 4.86199 -0.396836 25.8416
    endloop
  endfacet
  facet normal 0 0 1
    outer loop
      vertex 4.71263 0.546198 25.8416
      vertex 2.5 0 25.8416
      vertex 4.71263 -0.546198 25.8416
    endloop
  endfacet
  facet normal 0 0 1
    outer loop
      vertex 4.71263 0.546198 25.8416
      vertex 2.37764 0.772542 25.8416
      vertex 2.5 0 25.8416
    endloop
  endfacet
  facet normal 0 0 1
    outer loop
      vertex 4.71263 0.546198 25.8416
      vertex 2.02254 1.46946 25.8416
      vertex 2.37764 0.772542 25.8416
    endloop
  endfacet
  facet normal 0 0 1
    outer loop
      vertex 4.71263 0.546198 25.8416
      vertex 1.46946 2.02254 25.8416
      vertex 2.02254 1.46946 25.8416
    endloop
  endfacet
  facet normal 0 0 1
    outer loop
      vertex -1.76106 4.28378 25.8416
      vertex 1.46946 2.02254 25.8416
      vertex 4.71263 0.546198 25.8416
    endloop
  endfacet
  facet normal 0 0 1
    outer loop
      vertex 1.46946 2.02254 25.8416
      vertex -1.76106 4.28378 25.8416
      vertex 0.772542 2.37764 25.8416
    endloop
  endfacet
  facet normal 0 0 1
    outer loop
      vertex -1.76106 4.28378 25.8416
      vertex 0 2.5 25.8416
      vertex 0.772542 2.37764 25.8416
    endloop
  endfacet
  facet normal 0 0 1
    outer loop
      vertex -1.76106 4.28378 25.8416
      vertex -0.772542 2.37764 25.8416
      vertex 0 2.5 25.8416
    endloop
  endfacet
  facet normal 0 0 1
    outer loop
      vertex -1.76106 4.28378 25.8416
      vertex -1.46946 2.02254 25.8416
      vertex -0.772542 2.37764 25.8416
    endloop
  endfacet
  facet normal 0 0 1
    outer loop
      vertex -2.83303 3.73758 25.8416
      vertex -1.76106 4.28378 25.8416
      vertex -1.94927 4.37968 25.8416
    endloop
  endfacet
  facet normal 0 0 1
    outer loop
      vertex -1.76106 4.28378 25.8416
      vertex -2.83303 3.73758 25.8416
      vertex -1.46946 2.02254 25.8416
    endloop
  endfacet
  facet normal 0 0 1
    outer loop
      vertex -2.83303 3.73758 25.8416
      vertex -1.94927 4.37968 25.8416
      vertex -2.15789 4.41272 25.8416
    endloop
  endfacet
  facet normal 0 0 1
    outer loop
      vertex -2.83303 3.73758 25.8416
      vertex -2.15789 4.41272 25.8416
      vertex -2.36652 4.37968 25.8416
    endloop
  endfacet
  facet normal 0 0 1
    outer loop
      vertex -1.46946 2.02254 25.8416
      vertex -2.83303 3.73758 25.8416
      vertex -2.02254 1.46946 25.8416
    endloop
  endfacet
  facet normal 0 0 1
    outer loop
      vertex -2.02254 1.46946 25.8416
      vertex -2.83303 3.73758 25.8416
      vertex -2.37764 0.772542 25.8416
    endloop
  endfacet
  facet normal 0 0 1
    outer loop
      vertex -2.83303 3.73758 25.8416
      vertex -2.36652 4.37968 25.8416
      vertex -2.55473 4.28378 25.8416
    endloop
  endfacet
  facet normal 0 0 1
    outer loop
      vertex 2.37764 -0.772542 25.8416
      vertex 4.71263 -0.546198 25.8416
      vertex 2.5 0 25.8416
    endloop
  endfacet
  facet normal 0 0 1
    outer loop
      vertex 2.02254 -1.46946 25.8416
      vertex 4.71263 -0.546198 25.8416
      vertex 2.37764 -0.772542 25.8416
    endloop
  endfacet
  facet normal 0 0 1
    outer loop
      vertex 1.46946 -2.02254 25.8416
      vertex 4.71263 -0.546198 25.8416
      vertex 2.02254 -1.46946 25.8416
    endloop
  endfacet
  facet normal 0 0 1
    outer loop
      vertex -1.76106 -4.28378 25.8416
      vertex 1.46946 -2.02254 25.8416
      vertex 0.772542 -2.37764 25.8416
    endloop
  endfacet
  facet normal -0 0 1
    outer loop
      vertex 1.46946 -2.02254 25.8416
      vertex -1.76106 -4.28378 25.8416
      vertex 4.71263 -0.546198 25.8416
    endloop
  endfacet
  facet normal -0 0 1
    outer loop
      vertex 0 -2.5 25.8416
      vertex -1.76106 -4.28378 25.8416
      vertex 0.772542 -2.37764 25.8416
    endloop
  endfacet
  facet normal 0 0 1
    outer loop
      vertex -0.772542 -2.37764 25.8416
      vertex -1.76106 -4.28378 25.8416
      vertex 0 -2.5 25.8416
    endloop
  endfacet
  facet normal 0 0 1
    outer loop
      vertex -1.46946 -2.02254 25.8416
      vertex -1.76106 -4.28378 25.8416
      vertex -0.772542 -2.37764 25.8416
    endloop
  endfacet
  facet normal -0 0 1
    outer loop
      vertex -2.83303 -3.73758 25.8416
      vertex -1.76106 -4.28378 25.8416
      vertex -1.46946 -2.02254 25.8416
    endloop
  endfacet
  facet normal 0 0 1
    outer loop
      vertex -2.83303 -3.73758 25.8416
      vertex -1.46946 -2.02254 25.8416
      vertex -2.02254 -1.46946 25.8416
    endloop
  endfacet
  facet normal 0 0 1
    outer loop
      vertex -1.76106 -4.28378 25.8416
      vertex -2.83303 -3.73758 25.8416
      vertex -1.94927 -4.37968 25.8416
    endloop
  endfacet
  facet normal 0 0 1
    outer loop
      vertex -1.94927 -4.37968 25.8416
      vertex -2.83303 -3.73758 25.8416
      vertex -2.15789 -4.41272 25.8416
    endloop
  endfacet
  facet normal 0 0 1
    outer loop
      vertex -2.83303 -3.73758 25.8416
      vertex -2.02254 -1.46946 25.8416
      vertex -2.37764 -0.772542 25.8416
    endloop
  endfacet
  facet normal 0 0 1
    outer loop
      vertex -2.83303 -3.73758 25.8416
      vertex -2.37764 -0.772542 25.8416
      vertex -2.5 0 25.8416
    endloop
  endfacet
  facet normal 0 0 1
    outer loop
      vertex -2.15789 -4.41272 25.8416
      vertex -2.83303 -3.73758 25.8416
      vertex -2.36652 -4.37968 25.8416
    endloop
  endfacet
  facet normal 0 0 1
    outer loop
      vertex -2.37764 0.772542 25.8416
      vertex -2.83303 3.73758 25.8416
      vertex -2.5 0 25.8416
    endloop
  endfacet
  facet normal 0 0 1
    outer loop
      vertex -2.83303 3.73758 25.8416
      vertex -2.55473 4.28378 25.8416
      vertex -2.70409 4.13442 25.8416
    endloop
  endfacet
  facet normal 0 0 1
    outer loop
      vertex -2.83303 -3.73758 25.8416
      vertex -2.5 0 25.8416
      vertex -2.83303 3.73758 25.8416
    endloop
  endfacet
  facet normal 0 0 1
    outer loop
      vertex -2.83303 3.73758 25.8416
      vertex -2.70409 4.13442 25.8416
      vertex -2.79999 3.94621 25.8416
    endloop
  endfacet
  facet normal 0 0 1
    outer loop
      vertex -2.36652 -4.37968 25.8416
      vertex -2.83303 -3.73758 25.8416
      vertex -2.55473 -4.28378 25.8416
    endloop
  endfacet
  facet normal 0 0 1
    outer loop
      vertex -2.55473 -4.28378 25.8416
      vertex -2.83303 -3.73758 25.8416
      vertex -2.70409 -4.13442 25.8416
    endloop
  endfacet
  facet normal 0 0 1
    outer loop
      vertex -2.70409 -4.13442 25.8416
      vertex -2.83303 -3.73758 25.8416
      vertex -2.79999 -3.94621 25.8416
    endloop
  endfacet
  facet normal 0.141881 0.278461 0.94991
    outer loop
      vertex -1.55243 5.60101 25.4243
      vertex -1.76106 4.28378 25.8416
      vertex -1.00623 5.32271 25.4243
    endloop
  endfacet
  facet normal 0.268992 0.527933 0.805562
    outer loop
      vertex -1.21486 6.63995 24.6307
      vertex -1.55243 5.60101 25.4243
      vertex -1.00623 5.32271 25.4243
    endloop
  endfacet
  facet normal 0.278462 0.141874 0.949911
    outer loop
      vertex 6.17922 0.605465 25.4243
      vertex 4.86199 0.396836 25.8416
      vertex 4.95788 0.208629 25.8416
    endloop
  endfacet
  facet normal -0.0488909 -0.308675 0.94991
    outer loop
      vertex -2.15789 -4.41272 25.8416
      vertex -2.76336 -5.60101 25.4243
      vertex -2.15789 -5.69691 25.4243
    endloop
  endfacet
  facet normal 0.278462 -0.141874 0.949911
    outer loop
      vertex 4.95788 -0.208629 25.8416
      vertex 4.86199 -0.396836 25.8416
      vertex 6.17922 -0.605465 25.4243
    endloop
  endfacet
  facet normal -0.141881 -0.278461 0.94991
    outer loop
      vertex -2.55473 -4.28378 25.8416
      vertex -3.30956 -5.32271 25.4243
      vertex -2.76336 -5.60101 25.4243
    endloop
  endfacet
  facet normal 0.142552 -0.571158 0.808367
    outer loop
      vertex -20.5175 -38.4495 5.55937
      vertex -1.21486 -6.63995 24.6307
      vertex -1.55243 -5.60101 25.4243
    endloop
  endfacet
  facet normal 0.141629 -0.571025 0.808624
    outer loop
      vertex -21.8163 -42.3227 3.05172
      vertex -20.5175 -38.4495 5.55937
      vertex -20.6182 -38.7117 5.39185
    endloop
  endfacet
  facet normal 0.142588 -0.57117 0.808352
    outer loop
      vertex -20.5175 -38.4495 5.55937
      vertex -21.8163 -42.3227 3.05172
      vertex -1.21486 -6.63995 24.6307
    endloop
  endfacet
  facet normal 0.142796 -0.571199 0.808295
    outer loop
      vertex -20.7949 -38.93 5.2688
      vertex -21.8163 -42.3227 3.05172
      vertex -20.6182 -38.7117 5.39185
    endloop
  endfacet
  facet normal 0.142567 -0.57117 0.808356
    outer loop
      vertex -21.8163 -42.3227 3.05172
      vertex -20.7949 -38.93 5.2688
      vertex -22.1539 -41.2837 3.8454
    endloop
  endfacet
  facet normal 0.141886 0.27846 0.94991
    outer loop
      vertex -1.55243 5.60101 25.4243
      vertex -1.94927 4.37968 25.8416
      vertex -1.76106 4.28378 25.8416
    endloop
  endfacet
  facet normal -0.723906 0.368845 -0.583021
    outer loop
      vertex -25.6617 40.3633 -3.05172
      vertex -25.8703 41.6806 -1.95933
      vertex -25.2282 41.2141 -3.05172
    endloop
  endfacet
  facet normal -0.802476 0.127137 -0.582983
    outer loop
      vertex -25.8111 39.4203 -3.05172
      vertex -26.6047 39.4203 -1.95933
      vertex -25.6617 40.3633 -3.05172
    endloop
  endfacet
  facet normal -0.631773 0.100092 0.768664
    outer loop
      vertex -25.8111 39.4203 3.05172
      vertex -5.06026 4.68062 24.6307
      vertex -25.6617 40.3633 3.05172
    endloop
  endfacet
  facet normal -0.631799 0.100065 0.768646
    outer loop
      vertex -5.06026 4.68062 24.6307
      vertex -25.8111 39.4203 3.05172
      vertex -5.20962 3.73758 24.6307
    endloop
  endfacet
  facet normal -0.707144 0.707069 0
    outer loop
      vertex -26.2079 41.9258 -0.675138
      vertex -25.2649 42.8689 0.675138
      vertex -25.2649 42.8689 -0.675138
    endloop
  endfacet
  facet normal -0.707144 0.707069 0
    outer loop
      vertex -25.2649 42.8689 0.675138
      vertex -26.2079 41.9258 -0.675138
      vertex -26.2079 41.9258 0.675138
    endloop
  endfacet
  facet normal -0.848373 0.43229 -0.305594
    outer loop
      vertex -26.4165 40.6086 -1.95933
      vertex -26.8134 40.7375 -0.675138
      vertex -26.2079 41.9258 -0.675138
    endloop
  endfacet
  facet normal -0.890997 0.454009 0
    outer loop
      vertex -26.8134 40.7375 -0.675138
      vertex -26.2079 41.9258 0.675138
      vertex -26.2079 41.9258 -0.675138
    endloop
  endfacet
  facet normal -0.890997 0.454009 0
    outer loop
      vertex -26.2079 41.9258 0.675138
      vertex -26.8134 40.7375 -0.675138
      vertex -26.8134 40.7375 0.675138
    endloop
  endfacet
  facet normal -0.723909 0.368843 0.583019
    outer loop
      vertex -25.8703 41.6806 1.95933
      vertex -26.4165 40.6086 1.95933
      vertex -25.6617 40.3633 3.05172
    endloop
  endfacet
  facet normal -0.723299 0 0.690535
    outer loop
      vertex -25.8111 39.4203 3.05172
      vertex -5.20962 -3.73758 24.6307
      vertex -5.20962 3.73758 24.6307
    endloop
  endfacet
  facet normal -0.723299 0 0.690535
    outer loop
      vertex -5.20962 -3.73758 24.6307
      vertex -25.8111 39.4203 3.05172
      vertex -25.8111 -39.4203 3.05172
    endloop
  endfacet
  facet normal -0.527989 0.269021 0.805516
    outer loop
      vertex -24.3445 40.572 3.8454
      vertex -25.6617 40.3633 3.05172
      vertex -24.6228 40.0258 3.8454
    endloop
  endfacet
  facet normal 0.15649 0.98768 -0
    outer loop
      vertex -21.4421 43.4743 -0.675138
      vertex -22.7593 43.683 0.675138
      vertex -21.4421 43.4743 0.675138
    endloop
  endfacet
  facet normal 0.15649 0.98768 0
    outer loop
      vertex -22.7593 43.683 0.675138
      vertex -21.4421 43.4743 -0.675138
      vertex -22.7593 43.683 -0.675138
    endloop
  endfacet
  facet normal -0.418938 0.419035 -0.805543
    outer loop
      vertex -24.3445 40.572 -3.8454
      vertex -24.5531 41.8892 -3.05172
      vertex -23.911 41.0054 -3.8454
    endloop
  endfacet
  facet normal -0.41901 0.41901 -0.80552
    outer loop
      vertex -24.5531 41.8892 -3.05172
      vertex -24.3445 40.572 -3.8454
      vertex -25.2282 41.2141 -3.05172
    endloop
  endfacet
  facet normal 0.432242 0.848419 -0.305537
    outer loop
      vertex -20.2538 42.8689 -0.675138
      vertex -21.571 43.0775 -1.95933
      vertex -21.4421 43.4743 -0.675138
    endloop
  endfacet
  facet normal 0.268992 0.527933 -0.805562
    outer loop
      vertex -1.00623 5.32271 -25.4243
      vertex -1.55243 5.60101 -25.4243
      vertex -1.21486 6.63995 -24.6307
    endloop
  endfacet
  facet normal -0.0926486 0.585244 -0.805547
    outer loop
      vertex -23.3648 41.2837 -3.8454
      vertex -23.7024 42.3227 -3.05172
      vertex -22.7593 42.472 -3.05172
    endloop
  endfacet
  facet normal -0.0926939 0.585257 -0.805532
    outer loop
      vertex -22.7593 41.3796 -3.8454
      vertex -23.3648 41.2837 -3.8454
      vertex -22.7593 42.472 -3.05172
    endloop
  endfacet
  facet normal 0.127047 0.80245 -0.583038
    outer loop
      vertex -21.8163 42.3227 -3.05172
      vertex -22.7593 42.472 -3.05172
      vertex -22.7593 43.2657 -1.95933
    endloop
  endfacet
  facet normal 0.5 0.866025 -0
    outer loop
      vertex 48.0242 3.44856 -0.675138
      vertex -20.2538 42.8689 0.675138
      vertex 48.0242 3.44856 0.675138
    endloop
  endfacet
  facet normal 0.5 0.866025 0
    outer loop
      vertex -20.2538 42.8689 0.675138
      vertex 48.0242 3.44856 -0.675138
      vertex -20.2538 42.8689 -0.675138
    endloop
  endfacet
  facet normal 0.475774 0.824065 -0.307499
    outer loop
      vertex 47.7789 3.11099 -1.95933
      vertex -20.2538 42.8689 -0.675138
      vertex 48.0242 3.44856 -0.675138
    endloop
  endfacet
  facet normal 0.475771 0.82406 -0.307516
    outer loop
      vertex -20.2538 42.8689 -0.675138
      vertex 47.7789 3.11099 -1.95933
      vertex -20.4991 42.5313 -1.95933
    endloop
  endfacet
  facet normal -0.0488909 0.308675 -0.94991
    outer loop
      vertex -2.15789 4.41272 -25.8416
      vertex -2.76336 5.60101 -25.4243
      vertex -2.15789 5.69691 -25.4243
    endloop
  endfacet
  facet normal 0.278462 0.141874 -0.949911
    outer loop
      vertex 4.95788 0.208629 -25.8416
      vertex 4.86199 0.396836 -25.8416
      vertex 6.17922 0.605465 -25.4243
    endloop
  endfacet
  facet normal 0.29493 0.510835 -0.807505
    outer loop
      vertex 5.46745 1.58513 -25.4243
      vertex -0.364137 6.20648 -24.6307
      vertex 6.10955 2.4689 -24.6307
    endloop
  endfacet
  facet normal 0.294931 0.510836 -0.807504
    outer loop
      vertex -0.364137 6.20648 -24.6307
      vertex 5.46745 1.58513 -25.4243
      vertex -1.00623 5.32271 -25.4243
    endloop
  endfacet
  facet normal 0.0883677 0.552321 -0.828935
    outer loop
      vertex -20.9135 39.0765 -5.18383
      vertex -22.1539 41.2837 -3.8454
      vertex -20.7949 38.93 -5.2688
    endloop
  endfacet
  facet normal 0.0874313 0.551989 -0.829255
    outer loop
      vertex -21.3071 39.3321 -5.05519
      vertex -22.1539 41.2837 -3.8454
      vertex -20.9135 39.0765 -5.18383
    endloop
  endfacet
  facet normal 0.0874117 0.551984 -0.829261
    outer loop
      vertex -21.6266 39.4177 -5.03189
      vertex -22.1539 41.2837 -3.8454
      vertex -21.3071 39.3321 -5.05519
    endloop
  endfacet
  facet normal 0.0874391 0.551988 -0.829255
    outer loop
      vertex -22.1539 41.2837 -3.8454
      vertex -21.6266 39.4177 -5.03189
      vertex -22.7593 41.3796 -3.8454
    endloop
  endfacet
  facet normal 0.0875407 0.552013 -0.829227
    outer loop
      vertex -1.55243 5.60101 -25.4243
      vertex -20.511 37.4855 -6.20036
      vertex -20.4254 37.8049 -5.9787
    endloop
  endfacet
  facet normal 0.0874277 0.55197 -0.829268
    outer loop
      vertex -20.511 37.4855 -6.20036
      vertex -1.55243 5.60101 -25.4243
      vertex -2.15789 5.69691 -25.4243
    endloop
  endfacet
  facet normal 0.0873338 0.551936 -0.8293
    outer loop
      vertex -20.45 38.2736 -5.66935
      vertex -1.55243 5.60101 -25.4243
      vertex -20.4254 37.8049 -5.9787
    endloop
  endfacet
  facet normal 0.087782 0.552101 -0.829144
    outer loop
      vertex -1.55243 5.60101 -25.4243
      vertex -20.45 38.2736 -5.66935
      vertex -20.5175 38.4495 -5.55937
    endloop
  endfacet
  facet normal 0.31468 0.617586 -0.720808
    outer loop
      vertex -1.21486 6.63995 -24.6307
      vertex -20.9656 41.8892 -3.05172
      vertex -0.364137 6.20648 -24.6307
    endloop
  endfacet
  facet normal 0.314713 0.617593 -0.720788
    outer loop
      vertex -20.9656 41.8892 -3.05172
      vertex -1.21486 6.63995 -24.6307
      vertex -21.8163 42.3227 -3.05172
    endloop
  endfacet
  facet normal -0.156478 -0.987681 0
    outer loop
      vertex -24.0766 -43.4743 -0.675138
      vertex -22.7593 -43.683 0.675138
      vertex -24.0766 -43.4743 0.675138
    endloop
  endfacet
  facet normal -0.156478 -0.987681 -0
    outer loop
      vertex -22.7593 -43.683 0.675138
      vertex -24.0766 -43.4743 -0.675138
      vertex -22.7593 -43.683 -0.675138
    endloop
  endfacet
  facet normal -0.26903 -0.527945 -0.805541
    outer loop
      vertex -23.7024 -42.3227 -3.05172
      vertex -24.5531 -41.8892 -3.05172
      vertex -23.911 -41.0054 -3.8454
    endloop
  endfacet
  facet normal -0.148947 -0.940454 -0.305551
    outer loop
      vertex -22.7593 -43.2657 -1.95933
      vertex -24.0766 -43.4743 -0.675138
      vertex -23.9476 -43.0775 -1.95933
    endloop
  endfacet
  facet normal -0.707144 -0.707069 0
    outer loop
      vertex -25.2649 -42.8689 -0.675138
      vertex -26.2079 -41.9258 0.675138
      vertex -26.2079 -41.9258 -0.675138
    endloop
  endfacet
  facet normal -0.707144 -0.707069 0
    outer loop
      vertex -26.2079 -41.9258 0.675138
      vertex -25.2649 -42.8689 -0.675138
      vertex -25.2649 -42.8689 0.675138
    endloop
  endfacet
  facet normal -0.802463 -0.127092 -0.58301
    outer loop
      vertex -26.4165 -40.6086 -1.95933
      vertex -26.6047 -39.4203 -1.95933
      vertex -25.6617 -40.3633 -3.05172
    endloop
  endfacet
  facet normal -0.802476 -0.127137 -0.582983
    outer loop
      vertex -25.6617 -40.3633 -3.05172
      vertex -26.6047 -39.4203 -1.95933
      vertex -25.8111 -39.4203 -3.05172
    endloop
  endfacet
  facet normal 0.308675 0.0488913 -0.94991
    outer loop
      vertex 6.27512 0 -25.4243
      vertex 4.99093 0 -25.8416
      vertex 6.17922 0.605465 -25.4243
    endloop
  endfacet
  facet normal 0.308675 -0.0488913 -0.94991
    outer loop
      vertex 6.17922 -0.605465 -25.4243
      vertex 4.99093 0 -25.8416
      vertex 6.27512 0 -25.4243
    endloop
  endfacet
  facet normal 0.308672 0.0488983 -0.949911
    outer loop
      vertex 4.99093 0 -25.8416
      vertex 4.95788 0.208629 -25.8416
      vertex 6.17922 0.605465 -25.4243
    endloop
  endfacet
  facet normal 0.142552 -0.571158 -0.808367
    outer loop
      vertex -1.21486 -6.63995 -24.6307
      vertex -20.5175 -38.4495 -5.55937
      vertex -1.55243 -5.60101 -25.4243
    endloop
  endfacet
  facet normal 0.142588 -0.57117 -0.808352
    outer loop
      vertex -21.8163 -42.3227 -3.05172
      vertex -20.5175 -38.4495 -5.55937
      vertex -1.21486 -6.63995 -24.6307
    endloop
  endfacet
  facet normal 0.141629 -0.571025 -0.808624
    outer loop
      vertex -20.5175 -38.4495 -5.55937
      vertex -21.8163 -42.3227 -3.05172
      vertex -20.6182 -38.7117 -5.39185
    endloop
  endfacet
  facet normal 0.142796 -0.571199 -0.808295
    outer loop
      vertex -21.8163 -42.3227 -3.05172
      vertex -20.7949 -38.93 -5.2688
      vertex -20.6182 -38.7117 -5.39185
    endloop
  endfacet
  facet normal 0.142567 -0.57117 -0.808356
    outer loop
      vertex -20.7949 -38.93 -5.2688
      vertex -21.8163 -42.3227 -3.05172
      vertex -22.1539 -41.2837 -3.8454
    endloop
  endfacet
  facet normal 0.092658 0.585241 0.805548
    outer loop
      vertex -21.8163 42.3227 3.05172
      vertex -22.7593 42.472 3.05172
      vertex -22.1539 41.2837 3.8454
    endloop
  endfacet
  facet normal -0.432265 0.848384 0.3056
    outer loop
      vertex -23.9476 43.0775 1.95933
      vertex -25.2649 42.8689 0.675138
      vertex -25.0196 42.5313 1.95933
    endloop
  endfacet
  facet normal 0.940421 0.149022 -0.305615
    outer loop
      vertex 49.3641 0 -1.95933
      vertex 49.1758 1.18829 -1.95933
      vertex 49.5727 1.31723 -0.675138
    endloop
  endfacet
  facet normal 0.585263 0.0927202 -0.805525
    outer loop
      vertex 48.5704 0 -3.05172
      vertex 47.3821 0.605465 -3.8454
      vertex 48.421 0.943034 -3.05172
    endloop
  endfacet
  facet normal 0.420864 0.420839 -0.803597
    outer loop
      vertex 6.78469 1.79376 -24.6307
      vertex 47.3124 2.4689 -3.05172
      vertex 47.9875 1.79376 -3.05172
    endloop
  endfacet
  facet normal 0.42086 0.42086 -0.803588
    outer loop
      vertex 47.3124 2.4689 -3.05172
      vertex 6.78469 1.79376 -24.6307
      vertex 6.10955 2.4689 -24.6307
    endloop
  endfacet
  facet normal 0.940462 0.148934 -0.305531
    outer loop
      vertex 49.7813 0 -0.675138
      vertex 49.3641 0 -1.95933
      vertex 49.5727 1.31723 -0.675138
    endloop
  endfacet
  facet normal 0.940462 -0.148934 -0.305531
    outer loop
      vertex 49.5727 -1.31723 -0.675138
      vertex 49.3641 0 -1.95933
      vertex 49.7813 0 -0.675138
    endloop
  endfacet
  facet normal 0.72389 0.368869 -0.583025
    outer loop
      vertex 48.421 0.943034 -3.05172
      vertex 47.9875 1.79376 -3.05172
      vertex 48.6296 2.26027 -1.95933
    endloop
  endfacet
  facet normal 0.707118 0.707096 -0
    outer loop
      vertex 48.9672 2.50553 -0.675138
      vertex 48.0242 3.44856 0.675138
      vertex 48.9672 2.50553 0.675138
    endloop
  endfacet
  facet normal 0.707118 0.707096 0
    outer loop
      vertex 48.0242 3.44856 0.675138
      vertex 48.9672 2.50553 -0.675138
      vertex 48.0242 3.44856 -0.675138
    endloop
  endfacet
  facet normal 0.848385 0.432273 0.305588
    outer loop
      vertex 48.9672 2.50553 0.675138
      vertex 48.6296 2.26027 1.95933
      vertex 49.1758 1.18829 1.95933
    endloop
  endfacet
  facet normal 0.723913 0.368851 0.583008
    outer loop
      vertex 48.6296 2.26027 1.95933
      vertex 48.421 0.943034 3.05172
      vertex 49.1758 1.18829 1.95933
    endloop
  endfacet
  facet normal -0.940436 -0.148944 0.305607
    outer loop
      vertex -26.6047 -39.4203 1.95933
      vertex -26.8134 -40.7375 0.675138
      vertex -26.4165 -40.6086 1.95933
    endloop
  endfacet
  facet normal -0.432265 -0.848384 0.3056
    outer loop
      vertex -25.0196 -42.5313 1.95933
      vertex -25.2649 -42.8689 0.675138
      vertex -23.9476 -43.0775 1.95933
    endloop
  endfacet
  facet normal -0.631799 -0.100065 0.768646
    outer loop
      vertex -25.8111 -39.4203 3.05172
      vertex -5.06026 -4.68062 24.6307
      vertex -5.20962 -3.73758 24.6307
    endloop
  endfacet
  facet normal -0.631773 -0.100092 0.768664
    outer loop
      vertex -5.06026 -4.68062 24.6307
      vertex -25.8111 -39.4203 3.05172
      vertex -25.6617 -40.3633 3.05172
    endloop
  endfacet
  facet normal -0.127034 -0.802451 0.583039
    outer loop
      vertex -22.7593 -42.472 3.05172
      vertex -23.7024 -42.3227 3.05172
      vertex -22.7593 -43.2657 1.95933
    endloop
  endfacet
  facet normal 0.127047 -0.80245 0.583038
    outer loop
      vertex -22.7593 -42.472 3.05172
      vertex -22.7593 -43.2657 1.95933
      vertex -21.8163 -42.3227 3.05172
    endloop
  endfacet
  facet normal -0.0765388 -0.483232 0.87214
    outer loop
      vertex -20.8025 -36.958 6.46703
      vertex -2.15789 -5.69691 25.4243
      vertex -2.76336 -5.60101 25.4243
    endloop
  endfacet
  facet normal -0.0766962 -0.483157 0.872168
    outer loop
      vertex -2.15789 -5.69691 25.4243
      vertex -20.5469 -37.3516 6.27138
      vertex -20.511 -37.4855 6.20036
    endloop
  endfacet
  facet normal -0.0765442 -0.483229 0.872141
    outer loop
      vertex -2.15789 -5.69691 25.4243
      vertex -20.8025 -36.958 6.46703
      vertex -20.5469 -37.3516 6.27138
    endloop
  endfacet
  facet normal -0.0758759 -0.483544 0.872025
    outer loop
      vertex -20.8025 -36.958 6.46703
      vertex -2.76336 -5.60101 25.4243
      vertex -20.8467 -36.9223 6.48298
    endloop
  endfacet
  facet normal -0.0768594 -0.483095 0.872188
    outer loop
      vertex -21.7604 -39.4535 5.00027
      vertex -22.7593 -41.3796 3.8454
      vertex -21.6266 -39.4177 5.03189
    endloop
  endfacet
  facet normal -0.0764688 -0.483262 0.87213
    outer loop
      vertex -22.2291 -39.429 4.97275
      vertex -22.7593 -41.3796 3.8454
      vertex -21.7604 -39.4535 5.00027
    endloop
  endfacet
  facet normal -0.0765907 -0.483233 0.872135
    outer loop
      vertex -22.2822 -39.4086 4.97939
      vertex -22.7593 -41.3796 3.8454
      vertex -22.2291 -39.429 4.97275
    endloop
  endfacet
  facet normal -0.076537 -0.483244 0.872134
    outer loop
      vertex -22.7593 -41.3796 3.8454
      vertex -22.2822 -39.4086 4.97939
      vertex -23.3648 -41.2837 3.8454
    endloop
  endfacet
  facet normal -0.141886 0.27846 0.94991
    outer loop
      vertex -2.36652 4.37968 25.8416
      vertex -2.76336 5.60101 25.4243
      vertex -2.55473 4.28378 25.8416
    endloop
  endfacet
  facet normal 0.0488865 -0.308678 0.94991
    outer loop
      vertex -1.94927 -4.37968 25.8416
      vertex -2.15789 -4.41272 25.8416
      vertex -1.55243 -5.60101 25.4243
    endloop
  endfacet
  facet normal 0.0488917 0.308675 0.94991
    outer loop
      vertex -2.15789 5.69691 25.4243
      vertex -2.15789 4.41272 25.8416
      vertex -1.55243 5.60101 25.4243
    endloop
  endfacet
  facet normal 0.0883677 0.552321 0.828935
    outer loop
      vertex -22.1539 41.2837 3.8454
      vertex -20.9135 39.0765 5.18383
      vertex -20.7949 38.93 5.2688
    endloop
  endfacet
  facet normal 0.0874313 0.551989 0.829255
    outer loop
      vertex -22.1539 41.2837 3.8454
      vertex -21.3071 39.3321 5.05519
      vertex -20.9135 39.0765 5.18383
    endloop
  endfacet
  facet normal 0.0874117 0.551984 0.829261
    outer loop
      vertex -22.1539 41.2837 3.8454
      vertex -21.6266 39.4177 5.03189
      vertex -21.3071 39.3321 5.05519
    endloop
  endfacet
  facet normal 0.0874391 0.551988 0.829255
    outer loop
      vertex -21.6266 39.4177 5.03189
      vertex -22.1539 41.2837 3.8454
      vertex -22.7593 41.3796 3.8454
    endloop
  endfacet
  facet normal 0.0875407 0.552013 0.829227
    outer loop
      vertex -20.511 37.4855 6.20036
      vertex -1.55243 5.60101 25.4243
      vertex -20.4254 37.8049 5.9787
    endloop
  endfacet
  facet normal 0.0873338 0.551936 0.8293
    outer loop
      vertex -1.55243 5.60101 25.4243
      vertex -20.45 38.2736 5.66935
      vertex -20.4254 37.8049 5.9787
    endloop
  endfacet
  facet normal 0.087782 0.552101 0.829144
    outer loop
      vertex -20.45 38.2736 5.66935
      vertex -1.55243 5.60101 25.4243
      vertex -20.5175 38.4495 5.55937
    endloop
  endfacet
  facet normal 0.0874277 0.55197 0.829268
    outer loop
      vertex -1.55243 5.60101 25.4243
      vertex -20.511 37.4855 6.20036
      vertex -2.15789 5.69691 25.4243
    endloop
  endfacet
  facet normal 0.141886 -0.27846 0.94991
    outer loop
      vertex -1.76106 -4.28378 25.8416
      vertex -1.94927 -4.37968 25.8416
      vertex -1.55243 -5.60101 25.4243
    endloop
  endfacet
  facet normal -0.127034 0.802451 -0.583039
    outer loop
      vertex -22.7593 42.472 -3.05172
      vertex -23.7024 42.3227 -3.05172
      vertex -22.7593 43.2657 -1.95933
    endloop
  endfacet
  facet normal -0.432237 0.84841 -0.305568
    outer loop
      vertex -23.9476 43.0775 -1.95933
      vertex -25.2649 42.8689 -0.675138
      vertex -24.0766 43.4743 -0.675138
    endloop
  endfacet
  facet normal -0.951048 0 -0.309044
    outer loop
      vertex -26.6047 -39.4203 -1.95933
      vertex -27.022 39.4203 -0.675138
      vertex -26.6047 39.4203 -1.95933
    endloop
  endfacet
  facet normal -0.951048 -0 -0.309044
    outer loop
      vertex -27.022 39.4203 -0.675138
      vertex -26.6047 -39.4203 -1.95933
      vertex -27.022 -39.4203 -0.675138
    endloop
  endfacet
  facet normal -0.848393 0.432269 -0.305569
    outer loop
      vertex -25.8703 41.6806 -1.95933
      vertex -26.4165 40.6086 -1.95933
      vertex -26.2079 41.9258 -0.675138
    endloop
  endfacet
  facet normal -0.723909 0.368843 -0.583019
    outer loop
      vertex -25.6617 40.3633 -3.05172
      vertex -26.4165 40.6086 -1.95933
      vertex -25.8703 41.6806 -1.95933
    endloop
  endfacet
  facet normal -0.848373 0.43229 0.305594
    outer loop
      vertex -26.2079 41.9258 0.675138
      vertex -26.8134 40.7375 0.675138
      vertex -26.4165 40.6086 1.95933
    endloop
  endfacet
  facet normal -0.848393 0.432269 0.305569
    outer loop
      vertex -26.2079 41.9258 0.675138
      vertex -26.4165 40.6086 1.95933
      vertex -25.8703 41.6806 1.95933
    endloop
  endfacet
  facet normal -0.453949 0.891027 0
    outer loop
      vertex -24.0766 43.4743 -0.675138
      vertex -25.2649 42.8689 0.675138
      vertex -24.0766 43.4743 0.675138
    endloop
  endfacet
  facet normal -0.453949 0.891027 0
    outer loop
      vertex -25.2649 42.8689 0.675138
      vertex -24.0766 43.4743 -0.675138
      vertex -25.2649 42.8689 -0.675138
    endloop
  endfacet
  facet normal -0.148947 0.940454 -0.305551
    outer loop
      vertex -23.9476 43.0775 -1.95933
      vertex -24.0766 43.4743 -0.675138
      vertex -22.7593 43.2657 -1.95933
    endloop
  endfacet
  facet normal -0.987691 0.156417 0
    outer loop
      vertex -27.022 39.4203 -0.675138
      vertex -26.8134 40.7375 0.675138
      vertex -26.8134 40.7375 -0.675138
    endloop
  endfacet
  facet normal -0.987691 0.156417 0
    outer loop
      vertex -26.8134 40.7375 0.675138
      vertex -27.022 39.4203 -0.675138
      vertex -27.022 39.4203 0.675138
    endloop
  endfacet
  facet normal -0.940441 0.148934 0.305598
    outer loop
      vertex -26.8134 40.7375 0.675138
      vertex -27.022 39.4203 0.675138
      vertex -26.6047 39.4203 1.95933
    endloop
  endfacet
  facet normal -0.585219 0.0926828 0.805561
    outer loop
      vertex -4.02133 4.34305 25.4243
      vertex -5.20962 3.73758 24.6307
      vertex -4.11722 3.73758 25.4243
    endloop
  endfacet
  facet normal -0.471995 0.240376 0.848198
    outer loop
      vertex -23.2357 38.6516 5.00672
      vertex -24.6228 40.0258 3.8454
      vertex -23.2875 38.5718 5.00051
    endloop
  endfacet
  facet normal -0.471928 0.240457 0.848213
    outer loop
      vertex -24.6228 40.0258 3.8454
      vertex -23.2357 38.6516 5.00672
      vertex -24.3445 40.572 3.8454
    endloop
  endfacet
  facet normal -0.471874 0.240511 0.848227
    outer loop
      vertex -23.2875 38.5718 5.00051
      vertex -24.6228 40.0258 3.8454
      vertex -23.409 38.1185 5.06145
    endloop
  endfacet
  facet normal -0.471765 0.240602 0.848262
    outer loop
      vertex -23.409 38.1185 5.06145
      vertex -24.6228 40.0258 3.8454
      vertex -23.3978 37.904 5.12852
    endloop
  endfacet
  facet normal -0.471729 0.240635 0.848273
    outer loop
      vertex -22.074 36.47 6.27162
      vertex -3.74302 4.88925 25.4243
      vertex -21.979 36.4749 6.32306
    endloop
  endfacet
  facet normal -0.471939 0.240471 0.848203
    outer loop
      vertex -3.74302 4.88925 25.4243
      vertex -22.074 36.47 6.27162
      vertex -4.02133 4.34305 25.4243
    endloop
  endfacet
  facet normal -0.471988 0.240433 0.848186
    outer loop
      vertex -22.5273 36.5914 5.98496
      vertex -4.02133 4.34305 25.4243
      vertex -22.074 36.47 6.27162
    endloop
  endfacet
  facet normal -0.471791 0.240586 0.848252
    outer loop
      vertex -4.02133 4.34305 25.4243
      vertex -22.5273 36.5914 5.98496
      vertex -22.7075 36.7084 5.85155
    endloop
  endfacet
  facet normal -0.723906 0.368845 0.583021
    outer loop
      vertex -25.2282 41.2141 3.05172
      vertex -25.8703 41.6806 1.95933
      vertex -25.6617 40.3633 3.05172
    endloop
  endfacet
  facet normal -0.527989 0.269021 0.805516
    outer loop
      vertex -25.2282 41.2141 3.05172
      vertex -25.6617 40.3633 3.05172
      vertex -24.3445 40.572 3.8454
    endloop
  endfacet
  facet normal -0.220987 0.220987 -0.94991
    outer loop
      vertex -2.70409 4.13442 -25.8416
      vertex -3.30956 5.32271 -25.4243
      vertex -2.55473 4.28378 -25.8416
    endloop
  endfacet
  facet normal -0.220987 0.220987 -0.94991
    outer loop
      vertex -3.30956 5.32271 -25.4243
      vertex -2.70409 4.13442 -25.8416
      vertex -3.74302 4.88925 -25.4243
    endloop
  endfacet
  facet normal 0.141881 0.278461 -0.94991
    outer loop
      vertex -1.00623 5.32271 -25.4243
      vertex -1.76106 4.28378 -25.8416
      vertex -1.55243 5.60101 -25.4243
    endloop
  endfacet
  facet normal -0.432237 -0.84841 0.305568
    outer loop
      vertex -23.9476 -43.0775 1.95933
      vertex -25.2649 -42.8689 0.675138
      vertex -24.0766 -43.4743 0.675138
    endloop
  endfacet
  facet normal -0.148947 -0.940454 0.305551
    outer loop
      vertex -23.9476 -43.0775 1.95933
      vertex -24.0766 -43.4743 0.675138
      vertex -22.7593 -43.2657 1.95933
    endloop
  endfacet
  facet normal 0.148947 -0.940457 -0.305541
    outer loop
      vertex -21.4421 -43.4743 -0.675138
      vertex -22.7593 -43.2657 -1.95933
      vertex -21.571 -43.0775 -1.95933
    endloop
  endfacet
  facet normal 0.149004 -0.940431 -0.305594
    outer loop
      vertex -21.4421 -43.4743 -0.675138
      vertex -22.7593 -43.683 -0.675138
      vertex -22.7593 -43.2657 -1.95933
    endloop
  endfacet
  facet normal -0.673289 -0.673289 -0.305556
    outer loop
      vertex -25.0196 -42.5313 -1.95933
      vertex -26.2079 -41.9258 -0.675138
      vertex -25.8703 -41.6806 -1.95933
    endloop
  endfacet
  facet normal -0.673314 -0.673243 -0.305601
    outer loop
      vertex -26.2079 -41.9258 -0.675138
      vertex -25.0196 -42.5313 -1.95933
      vertex -25.2649 -42.8689 -0.675138
    endloop
  endfacet
  facet normal -0.127034 -0.802451 -0.583039
    outer loop
      vertex -22.7593 -43.2657 -1.95933
      vertex -23.7024 -42.3227 -3.05172
      vertex -22.7593 -42.472 -3.05172
    endloop
  endfacet
  facet normal 0.127047 -0.80245 -0.583038
    outer loop
      vertex -21.8163 -42.3227 -3.05172
      vertex -22.7593 -43.2657 -1.95933
      vertex -22.7593 -42.472 -3.05172
    endloop
  endfacet
  facet normal -0.848393 -0.432269 0.305569
    outer loop
      vertex -25.8703 -41.6806 1.95933
      vertex -26.4165 -40.6086 1.95933
      vertex -26.2079 -41.9258 0.675138
    endloop
  endfacet
  facet normal -0.848373 -0.43229 0.305594
    outer loop
      vertex -26.4165 -40.6086 1.95933
      vertex -26.8134 -40.7375 0.675138
      vertex -26.2079 -41.9258 0.675138
    endloop
  endfacet
  facet normal 0.278462 -0.141874 -0.949911
    outer loop
      vertex 6.17922 -0.605465 -25.4243
      vertex 4.86199 -0.396836 -25.8416
      vertex 4.95788 -0.208629 -25.8416
    endloop
  endfacet
  facet normal 0 0 -1
    outer loop
      vertex 4.95788 -0.208629 -25.8416
      vertex 4.95788 0.208629 -25.8416
      vertex 4.99093 0 -25.8416
    endloop
  endfacet
  facet normal 0 0 -1
    outer loop
      vertex 4.86199 -0.396836 -25.8416
      vertex 4.95788 0.208629 -25.8416
      vertex 4.95788 -0.208629 -25.8416
    endloop
  endfacet
  facet normal 0 0 -1
    outer loop
      vertex 4.86199 -0.396836 -25.8416
      vertex 4.86199 0.396836 -25.8416
      vertex 4.95788 0.208629 -25.8416
    endloop
  endfacet
  facet normal 0 0 -1
    outer loop
      vertex 4.71263 -0.546198 -25.8416
      vertex 4.86199 0.396836 -25.8416
      vertex 4.86199 -0.396836 -25.8416
    endloop
  endfacet
  facet normal 0 0 -1
    outer loop
      vertex 4.71263 -0.546198 -25.8416
      vertex 4.71263 0.546198 -25.8416
      vertex 4.86199 0.396836 -25.8416
    endloop
  endfacet
  facet normal 0 0 -1
    outer loop
      vertex 4.71263 -0.546198 -25.8416
      vertex 2.5 0 -25.8416
      vertex 4.71263 0.546198 -25.8416
    endloop
  endfacet
  facet normal -0 0 -1
    outer loop
      vertex 4.71263 -0.546198 -25.8416
      vertex 2.37764 -0.772542 -25.8416
      vertex 2.5 0 -25.8416
    endloop
  endfacet
  facet normal 0 0 -1
    outer loop
      vertex 4.71263 -0.546198 -25.8416
      vertex 2.02254 -1.46946 -25.8416
      vertex 2.37764 -0.772542 -25.8416
    endloop
  endfacet
  facet normal 0 0 -1
    outer loop
      vertex 4.71263 -0.546198 -25.8416
      vertex 1.46946 -2.02254 -25.8416
      vertex 2.02254 -1.46946 -25.8416
    endloop
  endfacet
  facet normal 0 0 -1
    outer loop
      vertex -1.76106 -4.28378 -25.8416
      vertex 1.46946 -2.02254 -25.8416
      vertex 4.71263 -0.546198 -25.8416
    endloop
  endfacet
  facet normal 0 0 -1
    outer loop
      vertex 1.46946 -2.02254 -25.8416
      vertex -1.76106 -4.28378 -25.8416
      vertex 0.772542 -2.37764 -25.8416
    endloop
  endfacet
  facet normal 0 0 -1
    outer loop
      vertex -1.76106 -4.28378 -25.8416
      vertex 0 -2.5 -25.8416
      vertex 0.772542 -2.37764 -25.8416
    endloop
  endfacet
  facet normal 0 0 -1
    outer loop
      vertex -1.76106 -4.28378 -25.8416
      vertex -0.772542 -2.37764 -25.8416
      vertex 0 -2.5 -25.8416
    endloop
  endfacet
  facet normal 0 0 -1
    outer loop
      vertex -1.76106 -4.28378 -25.8416
      vertex -1.46946 -2.02254 -25.8416
      vertex -0.772542 -2.37764 -25.8416
    endloop
  endfacet
  facet normal 0 0 -1
    outer loop
      vertex -2.83303 -3.73758 -25.8416
      vertex -1.76106 -4.28378 -25.8416
      vertex -1.94927 -4.37968 -25.8416
    endloop
  endfacet
  facet normal 0 0 -1
    outer loop
      vertex -1.76106 -4.28378 -25.8416
      vertex -2.83303 -3.73758 -25.8416
      vertex -1.46946 -2.02254 -25.8416
    endloop
  endfacet
  facet normal 0 0 -1
    outer loop
      vertex -2.83303 -3.73758 -25.8416
      vertex -1.94927 -4.37968 -25.8416
      vertex -2.15789 -4.41272 -25.8416
    endloop
  endfacet
  facet normal 0 0 -1
    outer loop
      vertex -2.83303 -3.73758 -25.8416
      vertex -2.15789 -4.41272 -25.8416
      vertex -2.36652 -4.37968 -25.8416
    endloop
  endfacet
  facet normal -0 0 -1
    outer loop
      vertex -1.46946 -2.02254 -25.8416
      vertex -2.83303 -3.73758 -25.8416
      vertex -2.02254 -1.46946 -25.8416
    endloop
  endfacet
  facet normal -0 0 -1
    outer loop
      vertex -2.02254 -1.46946 -25.8416
      vertex -2.83303 -3.73758 -25.8416
      vertex -2.37764 -0.772542 -25.8416
    endloop
  endfacet
  facet normal 0 0 -1
    outer loop
      vertex -2.83303 -3.73758 -25.8416
      vertex -2.36652 -4.37968 -25.8416
      vertex -2.55473 -4.28378 -25.8416
    endloop
  endfacet
  facet normal 0 0 -1
    outer loop
      vertex 2.37764 0.772542 -25.8416
      vertex 4.71263 0.546198 -25.8416
      vertex 2.5 0 -25.8416
    endloop
  endfacet
  facet normal 0 0 -1
    outer loop
      vertex 2.02254 1.46946 -25.8416
      vertex 4.71263 0.546198 -25.8416
      vertex 2.37764 0.772542 -25.8416
    endloop
  endfacet
  facet normal 0 0 -1
    outer loop
      vertex 1.46946 2.02254 -25.8416
      vertex 4.71263 0.546198 -25.8416
      vertex 2.02254 1.46946 -25.8416
    endloop
  endfacet
  facet normal 0 0 -1
    outer loop
      vertex -1.76106 4.28378 -25.8416
      vertex 1.46946 2.02254 -25.8416
      vertex 0.772542 2.37764 -25.8416
    endloop
  endfacet
  facet normal 0 0 -1
    outer loop
      vertex 1.46946 2.02254 -25.8416
      vertex -1.76106 4.28378 -25.8416
      vertex 4.71263 0.546198 -25.8416
    endloop
  endfacet
  facet normal 0 0 -1
    outer loop
      vertex 0 2.5 -25.8416
      vertex -1.76106 4.28378 -25.8416
      vertex 0.772542 2.37764 -25.8416
    endloop
  endfacet
  facet normal 0 0 -1
    outer loop
      vertex -0.772542 2.37764 -25.8416
      vertex -1.76106 4.28378 -25.8416
      vertex 0 2.5 -25.8416
    endloop
  endfacet
  facet normal 0 0 -1
    outer loop
      vertex -1.46946 2.02254 -25.8416
      vertex -1.76106 4.28378 -25.8416
      vertex -0.772542 2.37764 -25.8416
    endloop
  endfacet
  facet normal 0 0 -1
    outer loop
      vertex -2.83303 3.73758 -25.8416
      vertex -1.76106 4.28378 -25.8416
      vertex -1.46946 2.02254 -25.8416
    endloop
  endfacet
  facet normal 0 0 -1
    outer loop
      vertex -2.83303 3.73758 -25.8416
      vertex -1.46946 2.02254 -25.8416
      vertex -2.02254 1.46946 -25.8416
    endloop
  endfacet
  facet normal -0 0 -1
    outer loop
      vertex -1.76106 4.28378 -25.8416
      vertex -2.83303 3.73758 -25.8416
      vertex -1.94927 4.37968 -25.8416
    endloop
  endfacet
  facet normal -0 0 -1
    outer loop
      vertex -1.94927 4.37968 -25.8416
      vertex -2.83303 3.73758 -25.8416
      vertex -2.15789 4.41272 -25.8416
    endloop
  endfacet
  facet normal 0 0 -1
    outer loop
      vertex -2.83303 3.73758 -25.8416
      vertex -2.02254 1.46946 -25.8416
      vertex -2.37764 0.772542 -25.8416
    endloop
  endfacet
  facet normal 0 0 -1
    outer loop
      vertex -2.83303 3.73758 -25.8416
      vertex -2.37764 0.772542 -25.8416
      vertex -2.5 0 -25.8416
    endloop
  endfacet
  facet normal 0 0 -1
    outer loop
      vertex -2.15789 4.41272 -25.8416
      vertex -2.83303 3.73758 -25.8416
      vertex -2.36652 4.37968 -25.8416
    endloop
  endfacet
  facet normal -0 0 -1
    outer loop
      vertex -2.37764 -0.772542 -25.8416
      vertex -2.83303 -3.73758 -25.8416
      vertex -2.5 0 -25.8416
    endloop
  endfacet
  facet normal 0 0 -1
    outer loop
      vertex -2.83303 -3.73758 -25.8416
      vertex -2.55473 -4.28378 -25.8416
      vertex -2.70409 -4.13442 -25.8416
    endloop
  endfacet
  facet normal 0 0 -1
    outer loop
      vertex -2.83303 3.73758 -25.8416
      vertex -2.5 0 -25.8416
      vertex -2.83303 -3.73758 -25.8416
    endloop
  endfacet
  facet normal 0 0 -1
    outer loop
      vertex -2.83303 -3.73758 -25.8416
      vertex -2.70409 -4.13442 -25.8416
      vertex -2.79999 -3.94621 -25.8416
    endloop
  endfacet
  facet normal 0 0 -1
    outer loop
      vertex -2.36652 4.37968 -25.8416
      vertex -2.83303 3.73758 -25.8416
      vertex -2.55473 4.28378 -25.8416
    endloop
  endfacet
  facet normal 0 0 -1
    outer loop
      vertex -2.55473 4.28378 -25.8416
      vertex -2.83303 3.73758 -25.8416
      vertex -2.70409 4.13442 -25.8416
    endloop
  endfacet
  facet normal 0 0 -1
    outer loop
      vertex -2.70409 4.13442 -25.8416
      vertex -2.83303 3.73758 -25.8416
      vertex -2.79999 3.94621 -25.8416
    endloop
  endfacet
  facet normal 0.141886 0.27846 -0.94991
    outer loop
      vertex -1.76106 4.28378 -25.8416
      vertex -1.94927 4.37968 -25.8416
      vertex -1.55243 5.60101 -25.4243
    endloop
  endfacet
  facet normal -0.220987 -0.220987 -0.94991
    outer loop
      vertex -3.30956 -5.32271 -25.4243
      vertex -2.70409 -4.13442 -25.8416
      vertex -2.55473 -4.28378 -25.8416
    endloop
  endfacet
  facet normal -0.220987 -0.220987 -0.94991
    outer loop
      vertex -2.70409 -4.13442 -25.8416
      vertex -3.30956 -5.32271 -25.4243
      vertex -3.74302 -4.88925 -25.4243
    endloop
  endfacet
  facet normal -0.278458 -0.141885 -0.94991
    outer loop
      vertex -2.70409 -4.13442 -25.8416
      vertex -4.02133 -4.34305 -25.4243
      vertex -2.79999 -3.94621 -25.8416
    endloop
  endfacet
  facet normal -0.210907 -0.413795 -0.885603
    outer loop
      vertex -21.1672 -36.6627 -6.52795
      vertex -2.76336 -5.60101 -25.4243
      vertex -20.8467 -36.9223 -6.48298
    endloop
  endfacet
  facet normal -0.210853 -0.413826 -0.885601
    outer loop
      vertex -2.76336 -5.60101 -25.4243
      vertex -21.1672 -36.6627 -6.52795
      vertex -3.30956 -5.32271 -25.4243
    endloop
  endfacet
  facet normal -0.210833 -0.413837 -0.885601
    outer loop
      vertex -3.30956 -5.32271 -25.4243
      vertex -21.1672 -36.6627 -6.52795
      vertex -21.3608 -36.5884 -6.51658
    endloop
  endfacet
  facet normal -0.210875 -0.413825 -0.885596
    outer loop
      vertex -23.3648 -41.2837 -3.8454
      vertex -22.6672 -39.2608 -4.95678
      vertex -22.2822 -39.4086 -4.97939
    endloop
  endfacet
  facet normal -0.210856 -0.413833 -0.885597
    outer loop
      vertex -23.911 -41.0054 -3.8454
      vertex -22.6672 -39.2608 -4.95678
      vertex -23.3648 -41.2837 -3.8454
    endloop
  endfacet
  facet normal -0.210823 -0.413854 -0.885595
    outer loop
      vertex -22.6672 -39.2608 -4.95678
      vertex -23.911 -41.0054 -3.8454
      vertex -22.8284 -39.1303 -4.97939
    endloop
  endfacet
  facet normal 0.148947 0.940457 0.305541
    outer loop
      vertex -21.4421 43.4743 0.675138
      vertex -22.7593 43.2657 1.95933
      vertex -21.571 43.0775 1.95933
    endloop
  endfacet
  facet normal 0.149004 0.940431 0.305594
    outer loop
      vertex -22.7593 43.683 0.675138
      vertex -22.7593 43.2657 1.95933
      vertex -21.4421 43.4743 0.675138
    endloop
  endfacet
  facet normal -0.673314 0.673243 0.305601
    outer loop
      vertex -26.2079 41.9258 0.675138
      vertex -25.0196 42.5313 1.95933
      vertex -25.2649 42.8689 0.675138
    endloop
  endfacet
  facet normal -0.673289 0.673289 0.305556
    outer loop
      vertex -25.0196 42.5313 1.95933
      vertex -26.2079 41.9258 0.675138
      vertex -25.8703 41.6806 1.95933
    endloop
  endfacet
  facet normal -0.127034 0.802451 0.583039
    outer loop
      vertex -22.7593 43.2657 1.95933
      vertex -23.7024 42.3227 3.05172
      vertex -22.7593 42.472 3.05172
    endloop
  endfacet
  facet normal -0.0926486 0.585244 0.805547
    outer loop
      vertex -22.7593 42.472 3.05172
      vertex -23.7024 42.3227 3.05172
      vertex -23.3648 41.2837 3.8454
    endloop
  endfacet
  facet normal 0.462703 0.073203 -0.883486
    outer loop
      vertex 6.27512 0 -25.4243
      vertex 42.4079 0.463525 -6.46229
      vertex 42.3344 0 -6.53919
    endloop
  endfacet
  facet normal 0.462699 0.0732872 -0.883481
    outer loop
      vertex 6.17922 0.605465 -25.4243
      vertex 42.4079 0.463525 -6.46229
      vertex 6.27512 0 -25.4243
    endloop
  endfacet
  facet normal 0.462697 0.0733522 -0.883477
    outer loop
      vertex 42.4079 0.463525 -6.46229
      vertex 6.17922 0.605465 -25.4243
      vertex 42.4802 0.605465 -6.41264
    endloop
  endfacet
  facet normal 0.462689 0.0732856 -0.883486
    outer loop
      vertex 45.3344 0 -4.96802
      vertex 47.3821 0.605465 -3.8454
      vertex 47.478 0 -3.8454
    endloop
  endfacet
  facet normal 0.462693 0.0732683 -0.883486
    outer loop
      vertex 45.261 0.463525 -4.96802
      vertex 47.3821 0.605465 -3.8454
      vertex 45.3344 0 -4.96802
    endloop
  endfacet
  facet normal 0.462697 0.0732279 -0.883487
    outer loop
      vertex 47.3821 0.605465 -3.8454
      vertex 45.261 0.463525 -4.96802
      vertex 45.1887 0.605465 -4.99412
    endloop
  endfacet
  facet normal 0.802451 -0.127159 -0.583012
    outer loop
      vertex 49.1758 -1.18829 -1.95933
      vertex 48.421 -0.943034 -3.05172
      vertex 49.3641 0 -1.95933
    endloop
  endfacet
  facet normal 0.940421 -0.149022 -0.305615
    outer loop
      vertex 49.5727 -1.31723 -0.675138
      vertex 49.1758 -1.18829 -1.95933
      vertex 49.3641 0 -1.95933
    endloop
  endfacet
  facet normal 0.585263 -0.0927202 -0.805525
    outer loop
      vertex 48.421 -0.943034 -3.05172
      vertex 47.3821 -0.605465 -3.8454
      vertex 48.5704 0 -3.05172
    endloop
  endfacet
  facet normal 0.585257 -0.0926992 -0.805532
    outer loop
      vertex 48.5704 0 -3.05172
      vertex 47.3821 -0.605465 -3.8454
      vertex 47.478 0 -3.8454
    endloop
  endfacet
  facet normal -0.723906 -0.368845 0.583021
    outer loop
      vertex -25.6617 -40.3633 3.05172
      vertex -25.8703 -41.6806 1.95933
      vertex -25.2282 -41.2141 3.05172
    endloop
  endfacet
  facet normal -0.127093 0.802468 -0.583003
    outer loop
      vertex -23.7024 42.3227 -3.05172
      vertex -23.9476 43.0775 -1.95933
      vertex -22.7593 43.2657 -1.95933
    endloop
  endfacet
  facet normal -0.36885 0.723923 -0.582996
    outer loop
      vertex -23.7024 42.3227 -3.05172
      vertex -25.0196 42.5313 -1.95933
      vertex -23.9476 43.0775 -1.95933
    endloop
  endfacet
  facet normal 0.127092 0.802463 -0.58301
    outer loop
      vertex -21.8163 42.3227 -3.05172
      vertex -22.7593 43.2657 -1.95933
      vertex -21.571 43.0775 -1.95933
    endloop
  endfacet
  facet normal 0.148947 0.940457 -0.305541
    outer loop
      vertex -21.571 43.0775 -1.95933
      vertex -22.7593 43.2657 -1.95933
      vertex -21.4421 43.4743 -0.675138
    endloop
  endfacet
  facet normal -0.574495 0.574495 -0.58302
    outer loop
      vertex -25.2282 41.2141 -3.05172
      vertex -25.0196 42.5313 -1.95933
      vertex -24.5531 41.8892 -3.05172
    endloop
  endfacet
  facet normal -0.574495 0.574495 -0.58302
    outer loop
      vertex -25.0196 42.5313 -1.95933
      vertex -25.2282 41.2141 -3.05172
      vertex -25.8703 41.6806 -1.95933
    endloop
  endfacet
  facet normal -0.585221 0.0926881 0.805559
    outer loop
      vertex -5.06026 4.68062 24.6307
      vertex -5.20962 3.73758 24.6307
      vertex -4.02133 4.34305 25.4243
    endloop
  endfacet
  facet normal -0.574495 0.574495 0.58302
    outer loop
      vertex -25.0196 42.5313 1.95933
      vertex -25.2282 41.2141 3.05172
      vertex -24.5531 41.8892 3.05172
    endloop
  endfacet
  facet normal -0.574495 0.574495 0.58302
    outer loop
      vertex -25.2282 41.2141 3.05172
      vertex -25.0196 42.5313 1.95933
      vertex -25.8703 41.6806 1.95933
    endloop
  endfacet
  facet normal 0.0488865 0.308678 -0.94991
    outer loop
      vertex -1.94927 4.37968 -25.8416
      vertex -2.15789 4.41272 -25.8416
      vertex -1.55243 5.60101 -25.4243
    endloop
  endfacet
  facet normal -0.278458 0.141885 -0.94991
    outer loop
      vertex -2.79999 3.94621 -25.8416
      vertex -4.02133 4.34305 -25.4243
      vertex -2.70409 4.13442 -25.8416
    endloop
  endfacet
  facet normal -0.278458 0.141885 -0.94991
    outer loop
      vertex -2.70409 4.13442 -25.8416
      vertex -4.02133 4.34305 -25.4243
      vertex -3.74302 4.88925 -25.4243
    endloop
  endfacet
  facet normal -0.368878 -0.723887 0.583024
    outer loop
      vertex -24.5531 -41.8892 3.05172
      vertex -25.0196 -42.5313 1.95933
      vertex -23.7024 -42.3227 3.05172
    endloop
  endfacet
  facet normal -0.0926939 -0.585257 -0.805532
    outer loop
      vertex -22.7593 -42.472 -3.05172
      vertex -23.3648 -41.2837 -3.8454
      vertex -22.7593 -41.3796 -3.8454
    endloop
  endfacet
  facet normal 0.0927091 -0.585256 -0.805531
    outer loop
      vertex -22.1539 -41.2837 -3.8454
      vertex -22.7593 -42.472 -3.05172
      vertex -22.7593 -41.3796 -3.8454
    endloop
  endfacet
  facet normal 0.308672 -0.0488983 -0.949911
    outer loop
      vertex 6.17922 -0.605465 -25.4243
      vertex 4.95788 -0.208629 -25.8416
      vertex 4.99093 0 -25.8416
    endloop
  endfacet
  facet normal -0.141886 -0.27846 -0.94991
    outer loop
      vertex -2.36652 -4.37968 -25.8416
      vertex -2.76336 -5.60101 -25.4243
      vertex -2.55473 -4.28378 -25.8416
    endloop
  endfacet
  facet normal -0.141881 -0.278461 -0.94991
    outer loop
      vertex -2.76336 -5.60101 -25.4243
      vertex -3.30956 -5.32271 -25.4243
      vertex -2.55473 -4.28378 -25.8416
    endloop
  endfacet
  facet normal -0.148947 0.940454 0.305551
    outer loop
      vertex -22.7593 43.2657 1.95933
      vertex -24.0766 43.4743 0.675138
      vertex -23.9476 43.0775 1.95933
    endloop
  endfacet
  facet normal -0.432237 0.84841 0.305568
    outer loop
      vertex -24.0766 43.4743 0.675138
      vertex -25.2649 42.8689 0.675138
      vertex -23.9476 43.0775 1.95933
    endloop
  endfacet
  facet normal -0.418938 -0.419035 0.805543
    outer loop
      vertex -24.3445 -40.572 3.8454
      vertex -24.5531 -41.8892 3.05172
      vertex -23.911 -41.0054 3.8454
    endloop
  endfacet
  facet normal -0.41901 -0.41901 0.80552
    outer loop
      vertex -24.5531 -41.8892 3.05172
      vertex -24.3445 -40.572 3.8454
      vertex -25.2282 -41.2141 3.05172
    endloop
  endfacet
  facet normal -0.574495 -0.574495 0.58302
    outer loop
      vertex -25.2282 -41.2141 3.05172
      vertex -25.0196 -42.5313 1.95933
      vertex -24.5531 -41.8892 3.05172
    endloop
  endfacet
  facet normal -0.574495 -0.574495 0.58302
    outer loop
      vertex -25.0196 -42.5313 1.95933
      vertex -25.2282 -41.2141 3.05172
      vertex -25.8703 -41.6806 1.95933
    endloop
  endfacet
  facet normal -0.891005 -0.453993 0
    outer loop
      vertex 2.37764 0.772542 -25.8416
      vertex 2.02254 1.46946 25.8416
      vertex 2.02254 1.46946 -25.8416
    endloop
  endfacet
  facet normal -0.891005 -0.453993 0
    outer loop
      vertex 2.02254 1.46946 25.8416
      vertex 2.37764 0.772542 -25.8416
      vertex 2.37764 0.772542 25.8416
    endloop
  endfacet
  facet normal -0.987688 -0.156436 0
    outer loop
      vertex 2.5 0 -25.8416
      vertex 2.37764 0.772542 25.8416
      vertex 2.37764 0.772542 -25.8416
    endloop
  endfacet
  facet normal -0.987688 -0.156436 0
    outer loop
      vertex 2.37764 0.772542 25.8416
      vertex 2.5 0 -25.8416
      vertex 2.5 0 25.8416
    endloop
  endfacet
  facet normal -0.707107 -0.707107 0
    outer loop
      vertex 2.02254 1.46946 -25.8416
      vertex 1.46946 2.02254 25.8416
      vertex 1.46946 2.02254 -25.8416
    endloop
  endfacet
  facet normal -0.707107 -0.707107 0
    outer loop
      vertex 1.46946 2.02254 25.8416
      vertex 2.02254 1.46946 -25.8416
      vertex 2.02254 1.46946 25.8416
    endloop
  endfacet
  facet normal -0.156436 -0.987688 0
    outer loop
      vertex 0 2.5 -25.8416
      vertex 0.772542 2.37764 25.8416
      vertex 0 2.5 25.8416
    endloop
  endfacet
  facet normal -0.156436 -0.987688 -0
    outer loop
      vertex 0.772542 2.37764 25.8416
      vertex 0 2.5 -25.8416
      vertex 0.772542 2.37764 -25.8416
    endloop
  endfacet
  facet normal 0.987688 -0.156436 0
    outer loop
      vertex -2.5 0 25.8416
      vertex -2.37764 0.772542 -25.8416
      vertex -2.37764 0.772542 25.8416
    endloop
  endfacet
  facet normal 0.987688 -0.156436 0
    outer loop
      vertex -2.37764 0.772542 -25.8416
      vertex -2.5 0 25.8416
      vertex -2.5 0 -25.8416
    endloop
  endfacet
  facet normal -0.891005 0.453993 0
    outer loop
      vertex 2.02254 -1.46946 -25.8416
      vertex 2.37764 -0.772542 25.8416
      vertex 2.37764 -0.772542 -25.8416
    endloop
  endfacet
  facet normal -0.891005 0.453993 0
    outer loop
      vertex 2.37764 -0.772542 25.8416
      vertex 2.02254 -1.46946 -25.8416
      vertex 2.02254 -1.46946 25.8416
    endloop
  endfacet
  facet normal -0.453993 -0.891005 0
    outer loop
      vertex 0.772542 2.37764 -25.8416
      vertex 1.46946 2.02254 25.8416
      vertex 0.772542 2.37764 25.8416
    endloop
  endfacet
  facet normal -0.453993 -0.891005 -0
    outer loop
      vertex 1.46946 2.02254 25.8416
      vertex 0.772542 2.37764 -25.8416
      vertex 1.46946 2.02254 -25.8416
    endloop
  endfacet
  facet normal 0.453993 -0.891005 0
    outer loop
      vertex -1.46946 2.02254 -25.8416
      vertex -0.772542 2.37764 25.8416
      vertex -1.46946 2.02254 25.8416
    endloop
  endfacet
  facet normal 0.453993 -0.891005 0
    outer loop
      vertex -0.772542 2.37764 25.8416
      vertex -1.46946 2.02254 -25.8416
      vertex -0.772542 2.37764 -25.8416
    endloop
  endfacet
  facet normal 0.156436 0.987688 -0
    outer loop
      vertex 0 -2.5 -25.8416
      vertex -0.772542 -2.37764 25.8416
      vertex 0 -2.5 25.8416
    endloop
  endfacet
  facet normal 0.156436 0.987688 0
    outer loop
      vertex -0.772542 -2.37764 25.8416
      vertex 0 -2.5 -25.8416
      vertex -0.772542 -2.37764 -25.8416
    endloop
  endfacet
  facet normal -0.707107 0.707107 0
    outer loop
      vertex 1.46946 -2.02254 -25.8416
      vertex 2.02254 -1.46946 25.8416
      vertex 2.02254 -1.46946 -25.8416
    endloop
  endfacet
  facet normal -0.707107 0.707107 0
    outer loop
      vertex 2.02254 -1.46946 25.8416
      vertex 1.46946 -2.02254 -25.8416
      vertex 1.46946 -2.02254 25.8416
    endloop
  endfacet
  facet normal 0.891005 0.453993 0
    outer loop
      vertex -2.02254 -1.46946 25.8416
      vertex -2.37764 -0.772542 -25.8416
      vertex -2.37764 -0.772542 25.8416
    endloop
  endfacet
  facet normal 0.891005 0.453993 0
    outer loop
      vertex -2.37764 -0.772542 -25.8416
      vertex -2.02254 -1.46946 25.8416
      vertex -2.02254 -1.46946 -25.8416
    endloop
  endfacet
  facet normal 0.156436 -0.987688 0
    outer loop
      vertex -0.772542 2.37764 -25.8416
      vertex 0 2.5 25.8416
      vertex -0.772542 2.37764 25.8416
    endloop
  endfacet
  facet normal 0.156436 -0.987688 0
    outer loop
      vertex 0 2.5 25.8416
      vertex -0.772542 2.37764 -25.8416
      vertex 0 2.5 -25.8416
    endloop
  endfacet
  facet normal -0.453993 0.891005 0
    outer loop
      vertex 1.46946 -2.02254 -25.8416
      vertex 0.772542 -2.37764 25.8416
      vertex 1.46946 -2.02254 25.8416
    endloop
  endfacet
  facet normal -0.453993 0.891005 0
    outer loop
      vertex 0.772542 -2.37764 25.8416
      vertex 1.46946 -2.02254 -25.8416
      vertex 0.772542 -2.37764 -25.8416
    endloop
  endfacet
  facet normal -0.156436 0.987688 0
    outer loop
      vertex 0.772542 -2.37764 -25.8416
      vertex 0 -2.5 25.8416
      vertex 0.772542 -2.37764 25.8416
    endloop
  endfacet
  facet normal -0.156436 0.987688 0
    outer loop
      vertex 0 -2.5 25.8416
      vertex 0.772542 -2.37764 -25.8416
      vertex 0 -2.5 -25.8416
    endloop
  endfacet
  facet normal 0.987688 0.156436 0
    outer loop
      vertex -2.37764 -0.772542 25.8416
      vertex -2.5 0 -25.8416
      vertex -2.5 0 25.8416
    endloop
  endfacet
  facet normal 0.987688 0.156436 0
    outer loop
      vertex -2.5 0 -25.8416
      vertex -2.37764 -0.772542 25.8416
      vertex -2.37764 -0.772542 -25.8416
    endloop
  endfacet
  facet normal 0.891005 -0.453993 0
    outer loop
      vertex -2.37764 0.772542 25.8416
      vertex -2.02254 1.46946 -25.8416
      vertex -2.02254 1.46946 25.8416
    endloop
  endfacet
  facet normal 0.891005 -0.453993 0
    outer loop
      vertex -2.02254 1.46946 -25.8416
      vertex -2.37764 0.772542 25.8416
      vertex -2.37764 0.772542 -25.8416
    endloop
  endfacet
  facet normal 0.707107 -0.707107 0
    outer loop
      vertex -2.02254 1.46946 25.8416
      vertex -1.46946 2.02254 -25.8416
      vertex -1.46946 2.02254 25.8416
    endloop
  endfacet
  facet normal 0.707107 -0.707107 0
    outer loop
      vertex -1.46946 2.02254 -25.8416
      vertex -2.02254 1.46946 25.8416
      vertex -2.02254 1.46946 -25.8416
    endloop
  endfacet
  facet normal -0.987688 0.156436 0
    outer loop
      vertex 2.37764 -0.772542 -25.8416
      vertex 2.5 0 25.8416
      vertex 2.5 0 -25.8416
    endloop
  endfacet
  facet normal -0.987688 0.156436 0
    outer loop
      vertex 2.5 0 25.8416
      vertex 2.37764 -0.772542 -25.8416
      vertex 2.37764 -0.772542 25.8416
    endloop
  endfacet
  facet normal 0.707107 0.707107 0
    outer loop
      vertex -1.46946 -2.02254 25.8416
      vertex -2.02254 -1.46946 -25.8416
      vertex -2.02254 -1.46946 25.8416
    endloop
  endfacet
  facet normal 0.707107 0.707107 0
    outer loop
      vertex -2.02254 -1.46946 -25.8416
      vertex -1.46946 -2.02254 25.8416
      vertex -1.46946 -2.02254 -25.8416
    endloop
  endfacet
  facet normal 0.453993 0.891005 -0
    outer loop
      vertex -0.772542 -2.37764 -25.8416
      vertex -1.46946 -2.02254 25.8416
      vertex -0.772542 -2.37764 25.8416
    endloop
  endfacet
  facet normal 0.453993 0.891005 0
    outer loop
      vertex -1.46946 -2.02254 25.8416
      vertex -0.772542 -2.37764 -25.8416
      vertex -1.46946 -2.02254 -25.8416
    endloop
  endfacet
endsolid OpenSCAD_Model
