solid OpenSCAD_Model
  facet normal -0.453203 -0.891399 0.00375266
    outer loop
      vertex 48.2483 1.42658 5.41171
      vertex 48.6664 1.21352 5.29518
      vertex 48.6087 1.24295 5.31758
    endloop
  endfacet
  facet normal -0.454037 -0.890983 0
    outer loop
      vertex 48.2483 1.42658 5.41171
      vertex 48.6664 1.21352 -5.29518
      vertex 48.6664 1.21352 5.29518
    endloop
  endfacet
  facet normal -0.454037 -0.890983 0
    outer loop
      vertex 48.2483 1.42658 -5.41171
      vertex 48.6664 1.21352 -5.29518
      vertex 48.2483 1.42658 5.41171
    endloop
  endfacet
  facet normal -0.453203 -0.891399 -0.00375266
    outer loop
      vertex 48.6664 1.21352 -5.29518
      vertex 48.2483 1.42658 -5.41171
      vertex 48.6087 1.24295 -5.31758
    endloop
  endfacet
  facet normal -0.891135 -0.453732 0.00235374
    outer loop
      vertex 49.2113 0.463525 -5.17501
      vertex 48.9983 0.881678 -5.20994
      vertex 49.1145 0.65346 -5.20994
    endloop
  endfacet
  facet normal -0.891058 -0.45389 0
    outer loop
      vertex 48.9983 0.881678 -5.20994
      vertex 49.2113 0.463525 -5.17501
      vertex 48.9983 0.881678 5.20994
    endloop
  endfacet
  facet normal -0.891058 -0.45389 -0
    outer loop
      vertex 49.2113 0.463525 5.17501
      vertex 48.9983 0.881678 5.20994
      vertex 49.2113 0.463525 -5.17501
    endloop
  endfacet
  facet normal -0.891135 -0.453732 -0.00235374
    outer loop
      vertex 48.9983 0.881678 5.20994
      vertex 49.2113 0.463525 5.17501
      vertex 49.1145 0.65346 5.20994
    endloop
  endfacet
  facet normal -0.987693 -0.156403 0
    outer loop
      vertex 49.2847 0 -5.17501
      vertex 49.2113 0.463525 5.17501
      vertex 49.2113 0.463525 -5.17501
    endloop
  endfacet
  facet normal -0.987693 -0.156403 0
    outer loop
      vertex 49.2113 0.463525 5.17501
      vertex 49.2847 0 -5.17501
      vertex 49.2847 0 5.17501
    endloop
  endfacet
  facet normal -0.707045 -0.707169 0
    outer loop
      vertex 48.6664 1.21352 5.29518
      vertex 48.9983 0.881678 -5.20994
      vertex 48.9983 0.881678 5.20994
    endloop
  endfacet
  facet normal -0.707045 -0.707169 0
    outer loop
      vertex 48.9983 0.881678 -5.20994
      vertex 48.6664 1.21352 5.29518
      vertex 48.6664 1.21352 -5.29518
    endloop
  endfacet
  facet normal 0.456339 -0.889798 0.00377886
    outer loop
      vertex 46.9031 1.21352 6.21869
      vertex 47.3212 1.42658 5.89723
      vertex 46.9608 1.24295 6.18059
    endloop
  endfacet
  facet normal 0.454037 -0.890983 0
    outer loop
      vertex 46.9031 1.21352 6.21869
      vertex 47.3212 1.42658 -5.89723
      vertex 47.3212 1.42658 5.89723
    endloop
  endfacet
  facet normal 0.454037 -0.890983 0
    outer loop
      vertex 46.9031 1.21352 -6.21869
      vertex 47.3212 1.42658 -5.89723
      vertex 46.9031 1.21352 6.21869
    endloop
  endfacet
  facet normal 0.456339 -0.889798 -0.00377886
    outer loop
      vertex 47.3212 1.42658 -5.89723
      vertex 46.9031 1.21352 -6.21869
      vertex 46.9608 1.24295 -6.18059
    endloop
  endfacet
  facet normal 0.891478 -0.453058 0.00232171
    outer loop
      vertex 46.3582 0.463525 6.66928
      vertex 46.5712 0.881678 6.48104
      vertex 46.4549 0.65346 6.60284
    endloop
  endfacet
  facet normal 0.891058 -0.45389 0
    outer loop
      vertex 46.5712 0.881678 6.48104
      vertex 46.3582 0.463525 6.66928
      vertex 46.5712 0.881678 -6.48104
    endloop
  endfacet
  facet normal 0.891058 -0.45389 0
    outer loop
      vertex 46.3582 0.463525 -6.66928
      vertex 46.5712 0.881678 -6.48104
      vertex 46.3582 0.463525 6.66928
    endloop
  endfacet
  facet normal 0.891478 -0.453058 -0.00232171
    outer loop
      vertex 46.5712 0.881678 -6.48104
      vertex 46.3582 0.463525 -6.66928
      vertex 46.4549 0.65346 -6.60284
    endloop
  endfacet
  facet normal -0.987693 0.156403 0
    outer loop
      vertex 49.2113 -0.463525 -5.17501
      vertex 49.2847 0 5.17501
      vertex 49.2847 0 -5.17501
    endloop
  endfacet
  facet normal -0.987693 0.156403 0
    outer loop
      vertex 49.2847 0 5.17501
      vertex 49.2113 -0.463525 -5.17501
      vertex 49.2113 -0.463525 5.17501
    endloop
  endfacet
  facet normal -0.15642 -0.987691 0
    outer loop
      vertex 47.7847 1.5 5.61665
      vertex 48.2483 1.42658 -5.41171
      vertex 48.2483 1.42658 5.41171
    endloop
  endfacet
  facet normal -0.15642 -0.987691 0
    outer loop
      vertex 48.2483 1.42658 -5.41171
      vertex 47.7847 1.5 5.61665
      vertex 47.7847 1.5 -5.61665
    endloop
  endfacet
  facet normal -0.15642 0.987691 0
    outer loop
      vertex 48.2483 -1.42658 -5.41171
      vertex 47.7847 -1.5 5.61665
      vertex 48.2483 -1.42658 5.41171
    endloop
  endfacet
  facet normal -0.15642 0.987691 0
    outer loop
      vertex 47.7847 -1.5 5.61665
      vertex 48.2483 -1.42658 -5.41171
      vertex 47.7847 -1.5 -5.61665
    endloop
  endfacet
  facet normal -0.707045 0.707169 0
    outer loop
      vertex 48.9983 -0.881678 -5.20994
      vertex 48.6664 -1.21352 5.29518
      vertex 48.9983 -0.881678 5.20994
    endloop
  endfacet
  facet normal -0.707045 0.707169 0
    outer loop
      vertex 48.6664 -1.21352 5.29518
      vertex 48.9983 -0.881678 -5.20994
      vertex 48.6664 -1.21352 -5.29518
    endloop
  endfacet
  facet normal 0.891478 0.453058 0.00232171
    outer loop
      vertex 46.5712 -0.881678 6.48104
      vertex 46.3582 -0.463525 6.66928
      vertex 46.4549 -0.65346 6.60284
    endloop
  endfacet
  facet normal 0.891058 0.45389 0
    outer loop
      vertex 46.3582 -0.463525 6.66928
      vertex 46.5712 -0.881678 6.48104
      vertex 46.3582 -0.463525 -6.66928
    endloop
  endfacet
  facet normal 0.891058 0.45389 -0
    outer loop
      vertex 46.5712 -0.881678 -6.48104
      vertex 46.3582 -0.463525 -6.66928
      vertex 46.5712 -0.881678 6.48104
    endloop
  endfacet
  facet normal 0.891478 0.453058 -0.00232171
    outer loop
      vertex 46.3582 -0.463525 -6.66928
      vertex 46.5712 -0.881678 -6.48104
      vertex 46.4549 -0.65346 -6.60284
    endloop
  endfacet
  facet normal -0.891135 0.453732 0.00235374
    outer loop
      vertex 48.9983 -0.881678 -5.20994
      vertex 49.2113 -0.463525 -5.17501
      vertex 49.1145 -0.65346 -5.20994
    endloop
  endfacet
  facet normal -0.891058 0.45389 0
    outer loop
      vertex 49.2113 -0.463525 -5.17501
      vertex 48.9983 -0.881678 -5.20994
      vertex 49.2113 -0.463525 5.17501
    endloop
  endfacet
  facet normal -0.891058 0.45389 0
    outer loop
      vertex 48.9983 -0.881678 5.20994
      vertex 49.2113 -0.463525 5.17501
      vertex 48.9983 -0.881678 -5.20994
    endloop
  endfacet
  facet normal -0.891135 0.453732 -0.00235374
    outer loop
      vertex 49.2113 -0.463525 5.17501
      vertex 48.9983 -0.881678 5.20994
      vertex 49.1145 -0.65346 5.20994
    endloop
  endfacet
  facet normal 0.707045 -0.707169 0
    outer loop
      vertex 46.5712 0.881678 6.48104
      vertex 46.9031 1.21352 -6.21869
      vertex 46.9031 1.21352 6.21869
    endloop
  endfacet
  facet normal 0.707045 -0.707169 0
    outer loop
      vertex 46.9031 1.21352 -6.21869
      vertex 46.5712 0.881678 6.48104
      vertex 46.5712 0.881678 -6.48104
    endloop
  endfacet
  facet normal -0.453203 0.891399 0.00375266
    outer loop
      vertex 48.6664 -1.21352 5.29518
      vertex 48.2483 -1.42658 5.41171
      vertex 48.6087 -1.24295 5.31758
    endloop
  endfacet
  facet normal -0.454037 0.890983 0
    outer loop
      vertex 48.6664 -1.21352 -5.29518
      vertex 48.2483 -1.42658 5.41171
      vertex 48.6664 -1.21352 5.29518
    endloop
  endfacet
  facet normal -0.453203 0.891399 -0.00375266
    outer loop
      vertex 48.2483 -1.42658 -5.41171
      vertex 48.6664 -1.21352 -5.29518
      vertex 48.6087 -1.24295 -5.31758
    endloop
  endfacet
  facet normal -0.454037 0.890983 0
    outer loop
      vertex 48.6664 -1.21352 -5.29518
      vertex 48.2483 -1.42658 -5.41171
      vertex 48.2483 -1.42658 5.41171
    endloop
  endfacet
  facet normal 0.156453 -0.987685 0
    outer loop
      vertex 47.3212 1.42658 5.89723
      vertex 47.7847 1.5 -5.61665
      vertex 47.7847 1.5 5.61665
    endloop
  endfacet
  facet normal 0.156453 -0.987685 0
    outer loop
      vertex 47.7847 1.5 -5.61665
      vertex 47.3212 1.42658 5.89723
      vertex 47.3212 1.42658 -5.89723
    endloop
  endfacet
  facet normal 0.98766 -0.156611 0
    outer loop
      vertex 46.2847 0 6.74618
      vertex 46.3582 0.463525 -6.66928
      vertex 46.3582 0.463525 6.66928
    endloop
  endfacet
  facet normal 0.98766 -0.156611 0
    outer loop
      vertex 46.3582 0.463525 -6.66928
      vertex 46.2847 0 6.74618
      vertex 46.2847 0 -6.74618
    endloop
  endfacet
  facet normal 0.156453 0.987685 -0
    outer loop
      vertex 47.7847 -1.5 -5.61665
      vertex 47.3212 -1.42658 5.89723
      vertex 47.7847 -1.5 5.61665
    endloop
  endfacet
  facet normal 0.156453 0.987685 0
    outer loop
      vertex 47.3212 -1.42658 5.89723
      vertex 47.7847 -1.5 -5.61665
      vertex 47.3212 -1.42658 -5.89723
    endloop
  endfacet
  facet normal 0.98766 0.156611 0
    outer loop
      vertex 46.3582 -0.463525 6.66928
      vertex 46.2847 0 -6.74618
      vertex 46.2847 0 6.74618
    endloop
  endfacet
  facet normal 0.98766 0.156611 0
    outer loop
      vertex 46.2847 0 -6.74618
      vertex 46.3582 -0.463525 6.66928
      vertex 46.3582 -0.463525 -6.66928
    endloop
  endfacet
  facet normal 0.707045 0.707169 -0
    outer loop
      vertex 46.9031 -1.21352 -6.21869
      vertex 46.5712 -0.881678 6.48104
      vertex 46.9031 -1.21352 6.21869
    endloop
  endfacet
  facet normal 0.707045 0.707169 0
    outer loop
      vertex 46.5712 -0.881678 6.48104
      vertex 46.9031 -1.21352 -6.21869
      vertex 46.5712 -0.881678 -6.48104
    endloop
  endfacet
  facet normal 0.456339 0.889798 0.00377886
    outer loop
      vertex 47.3212 -1.42658 5.89723
      vertex 46.9031 -1.21352 6.21869
      vertex 46.9608 -1.24295 6.18059
    endloop
  endfacet
  facet normal 0.454037 0.890983 -0
    outer loop
      vertex 47.3212 -1.42658 -5.89723
      vertex 46.9031 -1.21352 6.21869
      vertex 47.3212 -1.42658 5.89723
    endloop
  endfacet
  facet normal 0.456339 0.889798 -0.00377886
    outer loop
      vertex 46.9031 -1.21352 -6.21869
      vertex 47.3212 -1.42658 -5.89723
      vertex 46.9608 -1.24295 -6.18059
    endloop
  endfacet
  facet normal 0.454037 0.890983 0
    outer loop
      vertex 47.3212 -1.42658 -5.89723
      vertex 46.9031 -1.21352 -6.21869
      vertex 46.9031 -1.21352 6.21869
    endloop
  endfacet
  facet normal 0.258896 0.965905 0
    outer loop
      vertex -24.0492 39.891 6.49306
      vertex -24.5025 40.0125 -6.2064
      vertex -24.5025 40.0125 6.2064
    endloop
  endfacet
  facet normal 0.258896 0.965905 0
    outer loop
      vertex -24.5025 40.0125 -6.2064
      vertex -24.0492 39.891 6.49306
      vertex -24.0492 39.891 -6.49306
    endloop
  endfacet
  facet normal 0.534944 0.844691 0.0182333
    outer loop
      vertex -24.5025 40.0125 6.2064
      vertex -24.8961 40.2681 5.91304
      vertex -24.8746 40.2541 5.93083
    endloop
  endfacet
  facet normal 0.544629 0.838677 0
    outer loop
      vertex -24.5025 40.0125 6.2064
      vertex -24.8961 40.2681 -5.91304
      vertex -24.8961 40.2681 5.91304
    endloop
  endfacet
  facet normal 0.544629 0.838677 -0
    outer loop
      vertex -24.5025 40.0125 -6.2064
      vertex -24.8961 40.2681 -5.91304
      vertex -24.5025 40.0125 6.2064
    endloop
  endfacet
  facet normal 0.534944 0.844691 -0.0182333
    outer loop
      vertex -24.8961 40.2681 -5.91304
      vertex -24.5025 40.0125 -6.2064
      vertex -24.8746 40.2541 -5.93083
    endloop
  endfacet
  facet normal 0.838471 -0.544935 -0.00356559
    outer loop
      vertex -25.2627 41.9929 5.22196
      vertex -25.0071 42.3865 5.17336
      vertex -25.2495 42.0132 5.22354
    endloop
  endfacet
  facet normal 0.838677 -0.544629 0
    outer loop
      vertex -25.0071 42.3865 5.17336
      vertex -25.2627 41.9929 5.22196
      vertex -25.0071 42.3865 -5.17336
    endloop
  endfacet
  facet normal 0.838677 -0.544629 0
    outer loop
      vertex -25.2627 41.9929 -5.22196
      vertex -25.0071 42.3865 -5.17336
      vertex -25.2627 41.9929 5.22196
    endloop
  endfacet
  facet normal 0.838471 -0.544935 0.00356559
    outer loop
      vertex -25.0071 42.3865 -5.17336
      vertex -25.2627 41.9929 -5.22196
      vertex -25.2495 42.0132 -5.22354
    endloop
  endfacet
  facet normal 0.62929 -0.777171 0.000319602
    outer loop
      vertex -25.0071 42.3865 5.17336
      vertex -24.6424 42.6818 5.16288
      vertex -24.8163 42.541 5.18728
    endloop
  endfacet
  facet normal 0.629284 -0.777175 0
    outer loop
      vertex -25.0071 42.3865 5.17336
      vertex -24.6424 42.6818 -5.16288
      vertex -24.6424 42.6818 5.16288
    endloop
  endfacet
  facet normal 0.629284 -0.777175 0
    outer loop
      vertex -25.0071 42.3865 -5.17336
      vertex -24.6424 42.6818 -5.16288
      vertex -25.0071 42.3865 5.17336
    endloop
  endfacet
  facet normal 0.62929 -0.777171 -0.000319602
    outer loop
      vertex -24.6424 42.6818 -5.16288
      vertex -25.0071 42.3865 -5.17336
      vertex -24.8163 42.541 -5.18728
    endloop
  endfacet
  facet normal 0.965905 -0.258896 0
    outer loop
      vertex -25.3842 41.5396 5.28289
      vertex -25.2627 41.9929 -5.22196
      vertex -25.2627 41.9929 5.22196
    endloop
  endfacet
  facet normal 0.965905 -0.258896 0
    outer loop
      vertex -25.2627 41.9929 -5.22196
      vertex -25.3842 41.5396 5.28289
      vertex -25.3842 41.5396 -5.28289
    endloop
  endfacet
  facet normal 0.357531 -0.933732 0.0177706
    outer loop
      vertex -24.6424 42.6818 5.16288
      vertex -24.2042 42.85 5.18446
      vertex -24.2268 42.8414 5.18728
    endloop
  endfacet
  facet normal 0.358351 -0.933587 0
    outer loop
      vertex -24.6424 42.6818 -5.16288
      vertex -24.2042 42.85 5.18446
      vertex -24.6424 42.6818 5.16288
    endloop
  endfacet
  facet normal 0.358351 -0.933587 0
    outer loop
      vertex -24.6424 42.6818 -5.16288
      vertex -24.2042 42.85 -5.18446
      vertex -24.2042 42.85 5.18446
    endloop
  endfacet
  facet normal 0.357531 -0.933732 -0.0177706
    outer loop
      vertex -24.2042 42.85 -5.18446
      vertex -24.6424 42.6818 -5.16288
      vertex -24.2268 42.8414 -5.18728
    endloop
  endfacet
  facet normal -0.838677 0.544629 0
    outer loop
      vertex -22.7776 40.3791 -6.67873
      vertex -22.522 40.7727 6.48308
      vertex -22.522 40.7727 -6.48308
    endloop
  endfacet
  facet normal -0.838677 0.544629 0
    outer loop
      vertex -22.522 40.7727 6.48308
      vertex -22.7776 40.3791 -6.67873
      vertex -22.7776 40.3791 6.67873
    endloop
  endfacet
  facet normal 0.93356 0.358422 0
    outer loop
      vertex -25.1914 40.6328 5.63326
      vertex -25.3596 41.0709 -5.42752
      vertex -25.3596 41.0709 5.42752
    endloop
  endfacet
  facet normal 0.93356 0.358422 0
    outer loop
      vertex -25.3596 41.0709 -5.42752
      vertex -25.1914 40.6328 5.63326
      vertex -25.1914 40.6328 -5.63326
    endloop
  endfacet
  facet normal -0.777071 -0.629413 0
    outer loop
      vertex -22.5933 42.1328 -5.62448
      vertex -22.8887 42.4975 5.41285
      vertex -22.8887 42.4975 -5.41285
    endloop
  endfacet
  facet normal -0.777071 -0.629413 0
    outer loop
      vertex -22.8887 42.4975 5.41285
      vertex -22.5933 42.1328 -5.62448
      vertex -22.5933 42.1328 5.62448
    endloop
  endfacet
  facet normal -0.998637 -0.052201 0
    outer loop
      vertex -22.4006 41.226 -6.20773
      vertex -22.4251 41.6947 5.89837
      vertex -22.4251 41.6947 -5.89837
    endloop
  endfacet
  facet normal -0.998637 -0.052201 0
    outer loop
      vertex -22.4251 41.6947 5.89837
      vertex -22.4006 41.226 -6.20773
      vertex -22.4006 41.226 6.20773
    endloop
  endfacet
  facet normal -0.358402 0.933567 -0.000149414
    outer loop
      vertex -23.1424 40.0838 6.73405
      vertex -23.5805 39.9156 6.66764
      vertex -23.3513 40.0036 6.72178
    endloop
  endfacet
  facet normal -0.358422 0.93356 0
    outer loop
      vertex -23.1424 40.0838 6.73405
      vertex -23.5805 39.9156 -6.66764
      vertex -23.5805 39.9156 6.66764
    endloop
  endfacet
  facet normal -0.358422 0.93356 0
    outer loop
      vertex -23.1424 40.0838 -6.73405
      vertex -23.5805 39.9156 -6.66764
      vertex -23.1424 40.0838 6.73405
    endloop
  endfacet
  facet normal -0.358402 0.933567 0.000149414
    outer loop
      vertex -23.5805 39.9156 -6.66764
      vertex -23.1424 40.0838 -6.73405
      vertex -23.3513 40.0036 -6.72178
    endloop
  endfacet
  facet normal 0.998697 0.0449867 -0.02408
    outer loop
      vertex -25.3596 41.0709 5.42752
      vertex -25.3842 41.5396 5.28289
      vertex -25.3609 41.0965 5.42143
    endloop
  endfacet
  facet normal 0.998625 0.0524135 0
    outer loop
      vertex -25.3842 41.5396 5.28289
      vertex -25.3596 41.0709 5.42752
      vertex -25.3842 41.5396 -5.28289
    endloop
  endfacet
  facet normal 0.998625 0.0524135 -0
    outer loop
      vertex -25.3596 41.0709 -5.42752
      vertex -25.3842 41.5396 -5.28289
      vertex -25.3596 41.0709 5.42752
    endloop
  endfacet
  facet normal 0.998697 0.0449867 0.02408
    outer loop
      vertex -25.3842 41.5396 -5.28289
      vertex -25.3596 41.0709 -5.42752
      vertex -25.3609 41.0965 -5.42143
    endloop
  endfacet
  facet normal -0.259116 -0.965845 0.00148077
    outer loop
      vertex -23.7356 42.8746 5.21198
      vertex -23.2823 42.7531 5.28422
      vertex -23.4956 42.8103 5.26866
    endloop
  endfacet
  facet normal -0.258896 -0.965905 0
    outer loop
      vertex -23.7356 42.8746 -5.21198
      vertex -23.2823 42.7531 5.28422
      vertex -23.7356 42.8746 5.21198
    endloop
  endfacet
  facet normal -0.259116 -0.965845 -0.00148077
    outer loop
      vertex -23.2823 42.7531 -5.28422
      vertex -23.7356 42.8746 -5.21198
      vertex -23.4956 42.8103 -5.26866
    endloop
  endfacet
  facet normal -0.258896 -0.965905 0
    outer loop
      vertex -23.7356 42.8746 -5.21198
      vertex -23.2823 42.7531 -5.28422
      vertex -23.2823 42.7531 5.28422
    endloop
  endfacet
  facet normal -0.93356 -0.358422 0
    outer loop
      vertex -22.4251 41.6947 -5.89837
      vertex -22.5933 42.1328 5.62448
      vertex -22.5933 42.1328 -5.62448
    endloop
  endfacet
  facet normal -0.93356 -0.358422 0
    outer loop
      vertex -22.5933 42.1328 5.62448
      vertex -22.4251 41.6947 -5.89837
      vertex -22.4251 41.6947 5.89837
    endloop
  endfacet
  facet normal 0.0524246 -0.998625 0
    outer loop
      vertex -24.2042 42.85 -5.18446
      vertex -23.7356 42.8746 5.21198
      vertex -24.2042 42.85 5.18446
    endloop
  endfacet
  facet normal 0.0524246 -0.998625 0
    outer loop
      vertex -23.7356 42.8746 5.21198
      vertex -24.2042 42.85 -5.18446
      vertex -23.7356 42.8746 -5.21198
    endloop
  endfacet
  facet normal 0.777175 0.629284 0
    outer loop
      vertex -24.8961 40.2681 5.91304
      vertex -25.1914 40.6328 -5.63326
      vertex -25.1914 40.6328 5.63326
    endloop
  endfacet
  facet normal 0.777175 0.629284 0
    outer loop
      vertex -25.1914 40.6328 -5.63326
      vertex -24.8961 40.2681 5.91304
      vertex -24.8961 40.2681 -5.91304
    endloop
  endfacet
  facet normal -0.544629 -0.838677 0
    outer loop
      vertex -23.2823 42.7531 -5.28422
      vertex -22.8887 42.4975 5.41285
      vertex -23.2823 42.7531 5.28422
    endloop
  endfacet
  facet normal -0.544629 -0.838677 -0
    outer loop
      vertex -22.8887 42.4975 5.41285
      vertex -23.2823 42.7531 -5.28422
      vertex -22.8887 42.4975 -5.41285
    endloop
  endfacet
  facet normal -0.629507 0.776986 -0.00362113
    outer loop
      vertex -22.7776 40.3791 6.67873
      vertex -23.1424 40.0838 6.73405
      vertex -22.7964 40.3639 6.68551
    endloop
  endfacet
  facet normal -0.62918 0.77726 0
    outer loop
      vertex -22.7776 40.3791 -6.67873
      vertex -23.1424 40.0838 6.73405
      vertex -22.7776 40.3791 6.67873
    endloop
  endfacet
  facet normal -0.629507 0.776986 0.00362113
    outer loop
      vertex -23.1424 40.0838 -6.73405
      vertex -22.7776 40.3791 -6.67873
      vertex -22.7964 40.3639 -6.68551
    endloop
  endfacet
  facet normal -0.62918 0.77726 0
    outer loop
      vertex -22.7776 40.3791 -6.67873
      vertex -23.1424 40.0838 -6.73405
      vertex -23.1424 40.0838 6.73405
    endloop
  endfacet
  facet normal -0.0497018 0.998737 -0.00729575
    outer loop
      vertex -23.5805 39.9156 6.66764
      vertex -24.0492 39.891 6.49306
      vertex -24.025 39.8923 6.50616
    endloop
  endfacet
  facet normal -0.0524135 0.998625 0
    outer loop
      vertex -23.5805 39.9156 6.66764
      vertex -24.0492 39.891 -6.49306
      vertex -24.0492 39.891 6.49306
    endloop
  endfacet
  facet normal -0.0524135 0.998625 0
    outer loop
      vertex -23.5805 39.9156 -6.66764
      vertex -24.0492 39.891 -6.49306
      vertex -23.5805 39.9156 6.66764
    endloop
  endfacet
  facet normal -0.0497018 0.998737 0.00729575
    outer loop
      vertex -24.0492 39.891 -6.49306
      vertex -23.5805 39.9156 -6.66764
      vertex -24.025 39.8923 -6.50616
    endloop
  endfacet
  facet normal -0.966341 0.257254 0.00254425
    outer loop
      vertex -22.522 40.7727 -6.48308
      vertex -22.4006 41.226 -6.20773
      vertex -22.4578 41.0126 -6.35579
    endloop
  endfacet
  facet normal -0.965959 0.258697 0
    outer loop
      vertex -22.4006 41.226 -6.20773
      vertex -22.522 40.7727 -6.48308
      vertex -22.4006 41.226 6.20773
    endloop
  endfacet
  facet normal -0.965959 0.258697 0
    outer loop
      vertex -22.522 40.7727 6.48308
      vertex -22.4006 41.226 6.20773
      vertex -22.522 40.7727 -6.48308
    endloop
  endfacet
  facet normal -0.966341 0.257254 -0.00254425
    outer loop
      vertex -22.4006 41.226 6.20773
      vertex -22.522 40.7727 6.48308
      vertex -22.4578 41.0126 6.35579
    endloop
  endfacet
  facet normal -0.259116 0.965845 0.00148077
    outer loop
      vertex -23.2823 -42.7531 5.28422
      vertex -23.7356 -42.8746 5.21198
      vertex -23.4956 -42.8103 5.26866
    endloop
  endfacet
  facet normal -0.258896 0.965905 0
    outer loop
      vertex -23.2823 -42.7531 5.28422
      vertex -23.7356 -42.8746 -5.21198
      vertex -23.7356 -42.8746 5.21198
    endloop
  endfacet
  facet normal -0.258896 0.965905 0
    outer loop
      vertex -23.2823 -42.7531 -5.28422
      vertex -23.7356 -42.8746 -5.21198
      vertex -23.2823 -42.7531 5.28422
    endloop
  endfacet
  facet normal -0.259116 0.965845 -0.00148077
    outer loop
      vertex -23.7356 -42.8746 -5.21198
      vertex -23.2823 -42.7531 -5.28422
      vertex -23.4956 -42.8103 -5.26866
    endloop
  endfacet
  facet normal 0.965905 0.258896 0
    outer loop
      vertex -25.2627 -41.9929 5.22196
      vertex -25.3842 -41.5396 -5.28289
      vertex -25.3842 -41.5396 5.28289
    endloop
  endfacet
  facet normal 0.965905 0.258896 0
    outer loop
      vertex -25.3842 -41.5396 -5.28289
      vertex -25.2627 -41.9929 5.22196
      vertex -25.2627 -41.9929 -5.22196
    endloop
  endfacet
  facet normal 0.998697 -0.0449867 -0.02408
    outer loop
      vertex -25.3842 -41.5396 5.28289
      vertex -25.3596 -41.0709 5.42752
      vertex -25.3609 -41.0965 5.42143
    endloop
  endfacet
  facet normal 0.998625 -0.0524135 0
    outer loop
      vertex -25.3596 -41.0709 5.42752
      vertex -25.3842 -41.5396 5.28289
      vertex -25.3596 -41.0709 -5.42752
    endloop
  endfacet
  facet normal 0.998625 -0.0524135 0
    outer loop
      vertex -25.3842 -41.5396 -5.28289
      vertex -25.3596 -41.0709 -5.42752
      vertex -25.3842 -41.5396 5.28289
    endloop
  endfacet
  facet normal 0.998697 -0.0449867 0.02408
    outer loop
      vertex -25.3596 -41.0709 -5.42752
      vertex -25.3842 -41.5396 -5.28289
      vertex -25.3609 -41.0965 -5.42143
    endloop
  endfacet
  facet normal -0.0497018 -0.998737 -0.00729575
    outer loop
      vertex -24.0492 -39.891 6.49306
      vertex -23.5805 -39.9156 6.66764
      vertex -24.025 -39.8923 6.50616
    endloop
  endfacet
  facet normal -0.0524135 -0.998625 0
    outer loop
      vertex -24.0492 -39.891 -6.49306
      vertex -23.5805 -39.9156 6.66764
      vertex -24.0492 -39.891 6.49306
    endloop
  endfacet
  facet normal -0.0497018 -0.998737 0.00729575
    outer loop
      vertex -23.5805 -39.9156 -6.66764
      vertex -24.0492 -39.891 -6.49306
      vertex -24.025 -39.8923 -6.50616
    endloop
  endfacet
  facet normal -0.0524135 -0.998625 0
    outer loop
      vertex -24.0492 -39.891 -6.49306
      vertex -23.5805 -39.9156 -6.66764
      vertex -23.5805 -39.9156 6.66764
    endloop
  endfacet
  facet normal 0.534944 -0.844691 0.0182333
    outer loop
      vertex -24.8961 -40.2681 5.91304
      vertex -24.5025 -40.0125 6.2064
      vertex -24.8746 -40.2541 5.93083
    endloop
  endfacet
  facet normal 0.544629 -0.838677 0
    outer loop
      vertex -24.8961 -40.2681 -5.91304
      vertex -24.5025 -40.0125 6.2064
      vertex -24.8961 -40.2681 5.91304
    endloop
  endfacet
  facet normal 0.534944 -0.844691 -0.0182333
    outer loop
      vertex -24.5025 -40.0125 -6.2064
      vertex -24.8961 -40.2681 -5.91304
      vertex -24.8746 -40.2541 -5.93083
    endloop
  endfacet
  facet normal 0.544629 -0.838677 0
    outer loop
      vertex -24.8961 -40.2681 -5.91304
      vertex -24.5025 -40.0125 -6.2064
      vertex -24.5025 -40.0125 6.2064
    endloop
  endfacet
  facet normal -0.629507 -0.776986 -0.00362113
    outer loop
      vertex -23.1424 -40.0838 6.73405
      vertex -22.7776 -40.3791 6.67873
      vertex -22.7964 -40.3639 6.68551
    endloop
  endfacet
  facet normal -0.62918 -0.77726 0
    outer loop
      vertex -23.1424 -40.0838 6.73405
      vertex -22.7776 -40.3791 -6.67873
      vertex -22.7776 -40.3791 6.67873
    endloop
  endfacet
  facet normal -0.62918 -0.77726 0
    outer loop
      vertex -23.1424 -40.0838 -6.73405
      vertex -22.7776 -40.3791 -6.67873
      vertex -23.1424 -40.0838 6.73405
    endloop
  endfacet
  facet normal -0.629507 -0.776986 0.00362113
    outer loop
      vertex -22.7776 -40.3791 -6.67873
      vertex -23.1424 -40.0838 -6.73405
      vertex -22.7964 -40.3639 -6.68551
    endloop
  endfacet
  facet normal -0.966341 -0.257254 0.00254425
    outer loop
      vertex -22.4006 -41.226 -6.20773
      vertex -22.522 -40.7727 -6.48308
      vertex -22.4578 -41.0126 -6.35579
    endloop
  endfacet
  facet normal -0.965959 -0.258697 0
    outer loop
      vertex -22.522 -40.7727 -6.48308
      vertex -22.4006 -41.226 -6.20773
      vertex -22.522 -40.7727 6.48308
    endloop
  endfacet
  facet normal -0.965959 -0.258697 -0
    outer loop
      vertex -22.4006 -41.226 6.20773
      vertex -22.522 -40.7727 6.48308
      vertex -22.4006 -41.226 -6.20773
    endloop
  endfacet
  facet normal -0.966341 -0.257254 -0.00254425
    outer loop
      vertex -22.522 -40.7727 6.48308
      vertex -22.4006 -41.226 6.20773
      vertex -22.4578 -41.0126 6.35579
    endloop
  endfacet
  facet normal 0.357531 0.933732 0.0177706
    outer loop
      vertex -24.2042 -42.85 5.18446
      vertex -24.6424 -42.6818 5.16288
      vertex -24.2268 -42.8414 5.18728
    endloop
  endfacet
  facet normal 0.358351 0.933587 0
    outer loop
      vertex -24.2042 -42.85 5.18446
      vertex -24.6424 -42.6818 -5.16288
      vertex -24.6424 -42.6818 5.16288
    endloop
  endfacet
  facet normal 0.358351 0.933587 -0
    outer loop
      vertex -24.2042 -42.85 -5.18446
      vertex -24.6424 -42.6818 -5.16288
      vertex -24.2042 -42.85 5.18446
    endloop
  endfacet
  facet normal 0.357531 0.933732 -0.0177706
    outer loop
      vertex -24.6424 -42.6818 -5.16288
      vertex -24.2042 -42.85 -5.18446
      vertex -24.2268 -42.8414 -5.18728
    endloop
  endfacet
  facet normal 0.777175 -0.629284 0
    outer loop
      vertex -25.1914 -40.6328 5.63326
      vertex -24.8961 -40.2681 -5.91304
      vertex -24.8961 -40.2681 5.91304
    endloop
  endfacet
  facet normal 0.777175 -0.629284 0
    outer loop
      vertex -24.8961 -40.2681 -5.91304
      vertex -25.1914 -40.6328 5.63326
      vertex -25.1914 -40.6328 -5.63326
    endloop
  endfacet
  facet normal -0.838677 -0.544629 0
    outer loop
      vertex -22.522 -40.7727 -6.48308
      vertex -22.7776 -40.3791 6.67873
      vertex -22.7776 -40.3791 -6.67873
    endloop
  endfacet
  facet normal -0.838677 -0.544629 0
    outer loop
      vertex -22.7776 -40.3791 6.67873
      vertex -22.522 -40.7727 -6.48308
      vertex -22.522 -40.7727 6.48308
    endloop
  endfacet
  facet normal -0.358402 -0.933567 -0.000149414
    outer loop
      vertex -23.5805 -39.9156 6.66764
      vertex -23.1424 -40.0838 6.73405
      vertex -23.3513 -40.0036 6.72178
    endloop
  endfacet
  facet normal -0.358422 -0.93356 0
    outer loop
      vertex -23.5805 -39.9156 -6.66764
      vertex -23.1424 -40.0838 6.73405
      vertex -23.5805 -39.9156 6.66764
    endloop
  endfacet
  facet normal -0.358402 -0.933567 0.000149414
    outer loop
      vertex -23.1424 -40.0838 -6.73405
      vertex -23.5805 -39.9156 -6.66764
      vertex -23.3513 -40.0036 -6.72178
    endloop
  endfacet
  facet normal -0.358422 -0.93356 0
    outer loop
      vertex -23.5805 -39.9156 -6.66764
      vertex -23.1424 -40.0838 -6.73405
      vertex -23.1424 -40.0838 6.73405
    endloop
  endfacet
  facet normal 0.258896 -0.965905 0
    outer loop
      vertex -24.5025 -40.0125 -6.2064
      vertex -24.0492 -39.891 6.49306
      vertex -24.5025 -40.0125 6.2064
    endloop
  endfacet
  facet normal 0.258896 -0.965905 0
    outer loop
      vertex -24.0492 -39.891 6.49306
      vertex -24.5025 -40.0125 -6.2064
      vertex -24.0492 -39.891 -6.49306
    endloop
  endfacet
  facet normal 0.0524246 0.998625 0
    outer loop
      vertex -23.7356 -42.8746 5.21198
      vertex -24.2042 -42.85 -5.18446
      vertex -24.2042 -42.85 5.18446
    endloop
  endfacet
  facet normal 0.0524246 0.998625 0
    outer loop
      vertex -24.2042 -42.85 -5.18446
      vertex -23.7356 -42.8746 5.21198
      vertex -23.7356 -42.8746 -5.21198
    endloop
  endfacet
  facet normal 0.62929 0.777171 0.000319602
    outer loop
      vertex -24.6424 -42.6818 5.16288
      vertex -25.0071 -42.3865 5.17336
      vertex -24.8163 -42.541 5.18728
    endloop
  endfacet
  facet normal 0.629284 0.777175 -0
    outer loop
      vertex -24.6424 -42.6818 -5.16288
      vertex -25.0071 -42.3865 5.17336
      vertex -24.6424 -42.6818 5.16288
    endloop
  endfacet
  facet normal 0.629284 0.777175 0
    outer loop
      vertex -24.6424 -42.6818 -5.16288
      vertex -25.0071 -42.3865 -5.17336
      vertex -25.0071 -42.3865 5.17336
    endloop
  endfacet
  facet normal 0.62929 0.777171 -0.000319602
    outer loop
      vertex -25.0071 -42.3865 -5.17336
      vertex -24.6424 -42.6818 -5.16288
      vertex -24.8163 -42.541 -5.18728
    endloop
  endfacet
  facet normal -0.544629 0.838677 0
    outer loop
      vertex -22.8887 -42.4975 5.41285
      vertex -23.2823 -42.7531 -5.28422
      vertex -23.2823 -42.7531 5.28422
    endloop
  endfacet
  facet normal -0.544629 0.838677 0
    outer loop
      vertex -23.2823 -42.7531 -5.28422
      vertex -22.8887 -42.4975 5.41285
      vertex -22.8887 -42.4975 -5.41285
    endloop
  endfacet
  facet normal -0.777071 0.629413 0
    outer loop
      vertex -22.8887 -42.4975 -5.41285
      vertex -22.5933 -42.1328 5.62448
      vertex -22.5933 -42.1328 -5.62448
    endloop
  endfacet
  facet normal -0.777071 0.629413 0
    outer loop
      vertex -22.5933 -42.1328 5.62448
      vertex -22.8887 -42.4975 -5.41285
      vertex -22.8887 -42.4975 5.41285
    endloop
  endfacet
  facet normal 0.838471 0.544935 -0.00356559
    outer loop
      vertex -25.0071 -42.3865 5.17336
      vertex -25.2627 -41.9929 5.22196
      vertex -25.2495 -42.0132 5.22354
    endloop
  endfacet
  facet normal 0.838677 0.544629 0
    outer loop
      vertex -25.2627 -41.9929 5.22196
      vertex -25.0071 -42.3865 5.17336
      vertex -25.2627 -41.9929 -5.22196
    endloop
  endfacet
  facet normal 0.838677 0.544629 -0
    outer loop
      vertex -25.0071 -42.3865 -5.17336
      vertex -25.2627 -41.9929 -5.22196
      vertex -25.0071 -42.3865 5.17336
    endloop
  endfacet
  facet normal 0.838471 0.544935 0.00356559
    outer loop
      vertex -25.2627 -41.9929 -5.22196
      vertex -25.0071 -42.3865 -5.17336
      vertex -25.2495 -42.0132 -5.22354
    endloop
  endfacet
  facet normal 0.93356 -0.358422 0
    outer loop
      vertex -25.3596 -41.0709 5.42752
      vertex -25.1914 -40.6328 -5.63326
      vertex -25.1914 -40.6328 5.63326
    endloop
  endfacet
  facet normal 0.93356 -0.358422 0
    outer loop
      vertex -25.1914 -40.6328 -5.63326
      vertex -25.3596 -41.0709 5.42752
      vertex -25.3596 -41.0709 -5.42752
    endloop
  endfacet
  facet normal -0.998637 0.052201 0
    outer loop
      vertex -22.4251 -41.6947 -5.89837
      vertex -22.4006 -41.226 6.20773
      vertex -22.4006 -41.226 -6.20773
    endloop
  endfacet
  facet normal -0.998637 0.052201 0
    outer loop
      vertex -22.4006 -41.226 6.20773
      vertex -22.4251 -41.6947 -5.89837
      vertex -22.4251 -41.6947 5.89837
    endloop
  endfacet
  facet normal -0.93356 0.358422 0
    outer loop
      vertex -22.5933 -42.1328 -5.62448
      vertex -22.4251 -41.6947 5.89837
      vertex -22.4251 -41.6947 -5.89837
    endloop
  endfacet
  facet normal -0.93356 0.358422 0
    outer loop
      vertex -22.4251 -41.6947 5.89837
      vertex -22.5933 -42.1328 -5.62448
      vertex -22.5933 -42.1328 5.62448
    endloop
  endfacet
  facet normal 0.36165 -0.626396 0.690535
    outer loop
      vertex 6.59384 -2.6646 26.5831
      vertex -22.6275 -45.2097 3.29363
      vertex 51.0628 -2.6646 3.29363
    endloop
  endfacet
  facet normal 0.527946 0.269044 0.805536
    outer loop
      vertex 51.7914 1.93595 3.29363
      vertex 51.138 0.65346 4.15021
      vertex 52.2593 1.01779 3.29363
    endloop
  endfacet
  facet normal 0.420865 -0.420836 0.803598
    outer loop
      vertex 7.3225 -1.93595 26.5831
      vertex 51.0628 -2.6646 3.29363
      vertex 51.7914 -1.93595 3.29363
    endloop
  endfacet
  facet normal 0.420858 -0.420864 0.803587
    outer loop
      vertex 51.0628 -2.6646 3.29363
      vertex 7.3225 -1.93595 26.5831
      vertex 6.59384 -2.6646 26.5831
    endloop
  endfacet
  facet normal -0.337035 0.337042 -0.879096
    outer loop
      vertex -23.5805 39.9156 -6.66764
      vertex -3.5719 5.74463 -27.4397
      vertex -4.03973 5.27681 -27.4397
    endloop
  endfacet
  facet normal -0.337054 0.337029 -0.879094
    outer loop
      vertex -3.5719 5.74463 -27.4397
      vertex -23.5805 39.9156 -6.66764
      vertex -23.3513 40.0036 -6.72178
    endloop
  endfacet
  facet normal -0.33703 0.337045 -0.879097
    outer loop
      vertex -23.5805 39.9156 -6.66764
      vertex -4.03973 5.27681 -27.4397
      vertex -24.025 39.8923 -6.50616
    endloop
  endfacet
  facet normal -0.337053 0.33704 -0.87909
    outer loop
      vertex -26.2742 43.788 -4.15021
      vertex -24.8163 42.541 -5.18728
      vertex -25.0071 42.3865 -5.17336
    endloop
  endfacet
  facet normal -0.337057 0.337036 -0.87909
    outer loop
      vertex -26.2742 43.788 -4.15021
      vertex -25.0071 42.3865 -5.17336
      vertex -25.2495 42.0132 -5.22354
    endloop
  endfacet
  facet normal -0.337081 0.337009 -0.879092
    outer loop
      vertex -24.8163 42.541 -5.18728
      vertex -26.2742 43.788 -4.15021
      vertex -25.8064 44.2559 -4.15021
    endloop
  endfacet
  facet normal -0.631794 0.100071 -0.76865
    outer loop
      vertex -27.857 42.5451 -3.29363
      vertex -5.46137 5.05164 -26.5831
      vertex -5.62258 4.03385 -26.5831
    endloop
  endfacet
  facet normal -0.6318 0.100065 -0.768645
    outer loop
      vertex -5.46137 5.05164 -26.5831
      vertex -27.857 42.5451 -3.29363
      vertex -27.6958 43.5629 -3.29363
    endloop
  endfacet
  facet normal -0.156384 -0.987696 0
    outer loop
      vertex -25.9851 -46.9205 -0.728655
      vertex -24.5634 -47.1456 0.728655
      vertex -25.9851 -46.9205 0.728655
    endloop
  endfacet
  facet normal -0.156384 -0.987696 -0
    outer loop
      vertex -24.5634 -47.1456 0.728655
      vertex -25.9851 -46.9205 -0.728655
      vertex -24.5634 -47.1456 -0.728655
    endloop
  endfacet
  facet normal 0.802452 -0.127094 -0.583025
    outer loop
      vertex 53.2771 0 -2.11464
      vertex 52.2593 -1.01779 -3.29363
      vertex 52.4205 0 -3.29363
    endloop
  endfacet
  facet normal 0.36165 -0.626396 0.690534
    outer loop
      vertex -0.393001 -6.69846 26.5831
      vertex -22.6275 -45.2097 3.29363
      vertex 6.59384 -2.6646 26.5831
    endloop
  endfacet
  facet normal 0.527951 -0.26904 -0.805534
    outer loop
      vertex 51.7914 -1.93595 -3.29363
      vertex 50.8376 -1.24295 -4.15021
      vertex 51.138 -0.65346 -4.15021
    endloop
  endfacet
  facet normal 0.308628 0.048878 -0.949926
    outer loop
      vertex 5.38655 0 -27.89
      vertex 5.35089 0.225166 -27.89
      vertex 6.77253 0 -27.4397
    endloop
  endfacet
  facet normal 0.368859 -0.723889 0.583033
    outer loop
      vertex -22.124 -45.9027 2.11464
      vertex -23.5456 -45.6775 3.29363
      vertex -23.2809 -46.4922 2.11464
    endloop
  endfacet
  facet normal 0.269017 -0.527968 0.805531
    outer loop
      vertex -1.08599 -5.74463 27.4397
      vertex -1.67549 -6.045 27.4397
      vertex -0.393001 -6.69846 26.5831
    endloop
  endfacet
  facet normal 0.527951 0.26904 0.805534
    outer loop
      vertex 51.7914 1.93595 3.29363
      vertex 50.8376 1.24295 4.15021
      vertex 51.138 0.65346 4.15021
    endloop
  endfacet
  facet normal -0.802452 0.127093 -0.583025
    outer loop
      vertex -27.857 42.5451 -3.29363
      vertex -28.7136 42.5451 -2.11464
      vertex -27.6958 43.5629 -3.29363
    endloop
  endfacet
  facet normal -0.278415 0.14186 0.949927
    outer loop
      vertex -2.91844 4.46215 27.89
      vertex -4.03973 5.27681 27.4397
      vertex -3.02194 4.25902 27.89
    endloop
  endfacet
  facet normal 0.802452 0.127094 0.583025
    outer loop
      vertex 53.2771 0 2.11464
      vertex 52.2593 1.01779 3.29363
      vertex 52.4205 0 3.29363
    endloop
  endfacet
  facet normal -0.432292 -0.848376 0.305584
    outer loop
      vertex -25.8459 -46.4922 2.11464
      vertex -27.2676 -46.267 0.728655
      vertex -25.9851 -46.9205 0.728655
    endloop
  endfacet
  facet normal -0.802448 0.127078 -0.583034
    outer loop
      vertex -27.6958 43.5629 -3.29363
      vertex -28.7136 42.5451 -2.11464
      vertex -28.5105 43.8276 -2.11464
    endloop
  endfacet
  facet normal 0.475779 -0.824073 0.30747
    outer loop
      vertex -21.8593 -46.267 0.728655
      vertex 51.5663 -3.35759 2.11464
      vertex -22.124 -45.9027 2.11464
    endloop
  endfacet
  facet normal 0.475776 -0.824069 0.307486
    outer loop
      vertex 51.5663 -3.35759 2.11464
      vertex -21.8593 -46.267 0.728655
      vertex 51.831 -3.72192 0.728655
    endloop
  endfacet
  facet normal 0.42208 0.415196 -0.805891
    outer loop
      vertex 48.6087 1.24295 -5.31758
      vertex 51.7914 1.93595 -3.29363
      vertex 50.8376 1.24295 -4.15021
    endloop
  endfacet
  facet normal 0.422057 0.415251 -0.805875
    outer loop
      vertex 48.2483 1.42658 -5.41171
      vertex 51.7914 1.93595 -3.29363
      vertex 48.6087 1.24295 -5.31758
    endloop
  endfacet
  facet normal 0.422011 0.415385 -0.80583
    outer loop
      vertex 47.7847 1.5 -5.61665
      vertex 51.7914 1.93595 -3.29363
      vertex 48.2483 1.42658 -5.41171
    endloop
  endfacet
  facet normal 0.422065 0.415213 -0.80589
    outer loop
      vertex 47.7847 1.5 -5.61665
      vertex 7.3225 1.93595 -26.5831
      vertex 51.7914 1.93595 -3.29363
    endloop
  endfacet
  facet normal 0.422055 0.415263 -0.80587
    outer loop
      vertex 47.3212 1.42658 -5.89723
      vertex 7.3225 1.93595 -26.5831
      vertex 47.7847 1.5 -5.61665
    endloop
  endfacet
  facet normal 0.422065 0.41521 -0.805892
    outer loop
      vertex 46.9608 1.24295 -6.18059
      vertex 7.3225 1.93595 -26.5831
      vertex 47.3212 1.42658 -5.89723
    endloop
  endfacet
  facet normal 0.422064 0.415219 -0.805888
    outer loop
      vertex 7.3225 1.93595 -26.5831
      vertex 46.9608 1.24295 -6.18059
      vertex 6.36867 1.24295 -27.4397
    endloop
  endfacet
  facet normal 0.36885 0.723901 -0.583024
    outer loop
      vertex -22.6275 45.2097 -3.29363
      vertex -23.5456 45.6775 -3.29363
      vertex -22.124 45.9027 -2.11464
    endloop
  endfacet
  facet normal 0.368859 0.723889 0.583033
    outer loop
      vertex -23.2809 46.4922 2.11464
      vertex -23.5456 45.6775 3.29363
      vertex -22.124 45.9027 2.11464
    endloop
  endfacet
  facet normal 0.42208 0.415196 0.805891
    outer loop
      vertex 51.7914 1.93595 3.29363
      vertex 48.6087 1.24295 5.31758
      vertex 50.8376 1.24295 4.15021
    endloop
  endfacet
  facet normal 0.422057 0.415251 0.805875
    outer loop
      vertex 51.7914 1.93595 3.29363
      vertex 48.2483 1.42658 5.41171
      vertex 48.6087 1.24295 5.31758
    endloop
  endfacet
  facet normal 0.422011 0.415385 0.80583
    outer loop
      vertex 51.7914 1.93595 3.29363
      vertex 47.7847 1.5 5.61665
      vertex 48.2483 1.42658 5.41171
    endloop
  endfacet
  facet normal 0.422065 0.415213 0.80589
    outer loop
      vertex 7.3225 1.93595 26.5831
      vertex 47.7847 1.5 5.61665
      vertex 51.7914 1.93595 3.29363
    endloop
  endfacet
  facet normal 0.422055 0.415263 0.80587
    outer loop
      vertex 7.3225 1.93595 26.5831
      vertex 47.3212 1.42658 5.89723
      vertex 47.7847 1.5 5.61665
    endloop
  endfacet
  facet normal 0.422065 0.41521 0.805892
    outer loop
      vertex 7.3225 1.93595 26.5831
      vertex 46.9608 1.24295 6.18059
      vertex 47.3212 1.42658 5.89723
    endloop
  endfacet
  facet normal 0.422064 0.415219 0.805888
    outer loop
      vertex 46.9608 1.24295 6.18059
      vertex 7.3225 1.93595 26.5831
      vertex 6.36867 1.24295 27.4397
    endloop
  endfacet
  facet normal 0.0927046 -0.585248 0.805538
    outer loop
      vertex -24.5634 -44.6597 4.15021
      vertex -24.5634 -45.8387 3.29363
      vertex -23.91 -44.5562 4.15021
    endloop
  endfacet
  facet normal -0.564973 0.162965 -0.808856
    outer loop
      vertex -5.46137 5.05164 -26.5831
      vertex -24.8746 40.2541 -5.93083
      vertex -4.34009 4.68731 -27.4397
    endloop
  endfacet
  facet normal -0.562904 0.164741 -0.809938
    outer loop
      vertex -5.46137 5.05164 -26.5831
      vertex -24.8961 40.2681 -5.91304
      vertex -24.8746 40.2541 -5.93083
    endloop
  endfacet
  facet normal -0.565225 0.162747 -0.808724
    outer loop
      vertex -5.46137 5.05164 -26.5831
      vertex -25.1914 40.6328 -5.63326
      vertex -24.8961 40.2681 -5.91304
    endloop
  endfacet
  facet normal -0.564315 0.16383 -0.809141
    outer loop
      vertex -27.6958 43.5629 -3.29363
      vertex -25.3609 41.0965 -5.42143
      vertex -25.3596 41.0709 -5.42752
    endloop
  endfacet
  facet normal -0.565008 0.162922 -0.80884
    outer loop
      vertex -27.6958 43.5629 -3.29363
      vertex -25.3596 41.0709 -5.42752
      vertex -25.1914 40.6328 -5.63326
    endloop
  endfacet
  facet normal -0.565008 0.162916 -0.808841
    outer loop
      vertex -25.3609 41.0965 -5.42143
      vertex -27.6958 43.5629 -3.29363
      vertex -26.5746 43.1986 -4.15021
    endloop
  endfacet
  facet normal -0.564975 0.162963 -0.808855
    outer loop
      vertex -27.6958 43.5629 -3.29363
      vertex -25.1914 40.6328 -5.63326
      vertex -5.46137 5.05164 -26.5831
    endloop
  endfacet
  facet normal -0.141861 0.278417 0.949926
    outer loop
      vertex -2.55411 4.72685 27.89
      vertex -3.5719 5.74463 27.4397
      vertex -2.75724 4.62335 27.89
    endloop
  endfacet
  facet normal -0.0488781 -0.308628 0.949926
    outer loop
      vertex -2.55411 -4.72685 27.89
      vertex -2.98241 -6.045 27.4397
      vertex -2.32895 -6.14849 27.4397
    endloop
  endfacet
  facet normal 0.585247 -0.0926929 0.805539
    outer loop
      vertex 52.4205 0 3.29363
      vertex 51.138 -0.65346 4.15021
      vertex 52.2593 -1.01779 3.29363
    endloop
  endfacet
  facet normal 0.36165 0.626396 0.690535
    outer loop
      vertex 51.0628 2.6646 3.29363
      vertex -22.6275 45.2097 3.29363
      vertex 6.59384 2.6646 26.5831
    endloop
  endfacet
  facet normal -0.141864 -0.278414 0.949926
    outer loop
      vertex -2.55411 -4.72685 27.89
      vertex -3.5719 -5.74463 27.4397
      vertex -2.98241 -6.045 27.4397
    endloop
  endfacet
  facet normal 0.405272 -0.701952 0.585677
    outer loop
      vertex -22.124 -45.9027 2.11464
      vertex 51.0628 -2.6646 3.29363
      vertex -22.6275 -45.2097 3.29363
    endloop
  endfacet
  facet normal 0.405274 -0.701955 0.585673
    outer loop
      vertex 51.0628 -2.6646 3.29363
      vertex -22.124 -45.9027 2.11464
      vertex 51.5663 -3.35759 2.11464
    endloop
  endfacet
  facet normal 0.42208 -0.415196 0.805891
    outer loop
      vertex 48.6087 -1.24295 5.31758
      vertex 51.7914 -1.93595 3.29363
      vertex 50.8376 -1.24295 4.15021
    endloop
  endfacet
  facet normal 0.422057 -0.415251 0.805875
    outer loop
      vertex 48.2483 -1.42658 5.41171
      vertex 51.7914 -1.93595 3.29363
      vertex 48.6087 -1.24295 5.31758
    endloop
  endfacet
  facet normal 0.422011 -0.415385 0.80583
    outer loop
      vertex 47.7847 -1.5 5.61665
      vertex 51.7914 -1.93595 3.29363
      vertex 48.2483 -1.42658 5.41171
    endloop
  endfacet
  facet normal 0.422065 -0.415213 0.80589
    outer loop
      vertex 47.7847 -1.5 5.61665
      vertex 7.3225 -1.93595 26.5831
      vertex 51.7914 -1.93595 3.29363
    endloop
  endfacet
  facet normal 0.422055 -0.415263 0.80587
    outer loop
      vertex 47.3212 -1.42658 5.89723
      vertex 7.3225 -1.93595 26.5831
      vertex 47.7847 -1.5 5.61665
    endloop
  endfacet
  facet normal 0.422065 -0.41521 0.805892
    outer loop
      vertex 46.9608 -1.24295 6.18059
      vertex 7.3225 -1.93595 26.5831
      vertex 47.3212 -1.42658 5.89723
    endloop
  endfacet
  facet normal 0.422064 -0.415219 0.805888
    outer loop
      vertex 7.3225 -1.93595 26.5831
      vertex 46.9608 -1.24295 6.18059
      vertex 6.36867 -1.24295 27.4397
    endloop
  endfacet
  facet normal 0.314671 -0.617584 0.720814
    outer loop
      vertex -1.31116 -7.16628 26.5831
      vertex -22.6275 -45.2097 3.29363
      vertex -0.393001 -6.69846 26.5831
    endloop
  endfacet
  facet normal 0.314679 -0.617585 0.720809
    outer loop
      vertex -22.6275 -45.2097 3.29363
      vertex -1.31116 -7.16628 26.5831
      vertex -23.5456 -45.6775 3.29363
    endloop
  endfacet
  facet normal -0.268969 -0.527997 0.805528
    outer loop
      vertex -25.8064 -44.2559 4.15021
      vertex -26.4994 -45.2097 3.29363
      vertex -25.2169 -44.5562 4.15021
    endloop
  endfacet
  facet normal -0.0764922 -0.483265 0.872126
    outer loop
      vertex -23.7356 -42.8746 5.21198
      vertex -24.5634 -44.6597 4.15021
      vertex -23.4956 -42.8103 5.26866
    endloop
  endfacet
  facet normal -0.076587 -0.483229 0.872138
    outer loop
      vertex -24.2042 -42.85 5.18446
      vertex -24.5634 -44.6597 4.15021
      vertex -23.7356 -42.8746 5.21198
    endloop
  endfacet
  facet normal -0.0751643 -0.483497 0.872113
    outer loop
      vertex -24.2268 -42.8414 5.18728
      vertex -24.5634 -44.6597 4.15021
      vertex -24.2042 -42.85 5.18446
    endloop
  endfacet
  facet normal -0.0765365 -0.483252 0.872129
    outer loop
      vertex -24.5634 -44.6597 4.15021
      vertex -24.2268 -42.8414 5.18728
      vertex -25.2169 -44.5562 4.15021
    endloop
  endfacet
  facet normal -0.0765313 -0.483236 0.872138
    outer loop
      vertex -22.7776 -40.3791 6.67873
      vertex -2.32895 -6.14849 27.4397
      vertex -2.98241 -6.045 27.4397
    endloop
  endfacet
  facet normal -0.0765341 -0.483235 0.872139
    outer loop
      vertex -2.32895 -6.14849 27.4397
      vertex -22.522 -40.7727 6.48308
      vertex -22.4578 -41.0126 6.35579
    endloop
  endfacet
  facet normal -0.0765449 -0.48323 0.872141
    outer loop
      vertex -2.32895 -6.14849 27.4397
      vertex -22.7776 -40.3791 6.67873
      vertex -22.522 -40.7727 6.48308
    endloop
  endfacet
  facet normal -0.0762847 -0.483353 0.872096
    outer loop
      vertex -22.7776 -40.3791 6.67873
      vertex -2.98241 -6.045 27.4397
      vertex -22.7964 -40.3639 6.68551
    endloop
  endfacet
  facet normal 0.420865 -0.420836 -0.803598
    outer loop
      vertex 51.0628 -2.6646 -3.29363
      vertex 7.3225 -1.93595 -26.5831
      vertex 51.7914 -1.93595 -3.29363
    endloop
  endfacet
  facet normal 0.420858 -0.420864 -0.803587
    outer loop
      vertex 7.3225 -1.93595 -26.5831
      vertex 51.0628 -2.6646 -3.29363
      vertex 6.59384 -2.6646 -26.5831
    endloop
  endfacet
  facet normal 0.802466 0.127144 0.582994
    outer loop
      vertex 53.0739 1.28249 2.11464
      vertex 52.2593 1.01779 3.29363
      vertex 53.2771 0 2.11464
    endloop
  endfacet
  facet normal 0.673308 -0.673264 0.305569
    outer loop
      vertex 51.831 -3.72192 0.728655
      vertex 52.4844 -2.43943 2.11464
      vertex 51.5663 -3.35759 2.11464
    endloop
  endfacet
  facet normal 0.673275 -0.673282 0.305602
    outer loop
      vertex 52.4844 -2.43943 2.11464
      vertex 51.831 -3.72192 0.728655
      vertex 52.8488 -2.70413 0.728655
    endloop
  endfacet
  facet normal 0.141862 -0.278416 -0.949926
    outer loop
      vertex -1.67549 -6.045 -27.4397
      vertex -2.10378 -4.72685 -27.89
      vertex -1.08599 -5.74463 -27.4397
    endloop
  endfacet
  facet normal 0.36165 -0.626396 -0.690535
    outer loop
      vertex 51.0628 -2.6646 -3.29363
      vertex -22.6275 -45.2097 -3.29363
      vertex 6.59384 -2.6646 -26.5831
    endloop
  endfacet
  facet normal -0.268989 -0.527972 -0.805538
    outer loop
      vertex -25.5812 -45.6775 -3.29363
      vertex -26.4994 -45.2097 -3.29363
      vertex -25.2169 -44.5562 -4.15021
    endloop
  endfacet
  facet normal -0.848385 -0.432296 -0.305555
    outer loop
      vertex -28.2853 -45.2492 -0.728655
      vertex -28.5105 -43.8276 -2.11464
      vertex -27.921 -44.9845 -2.11464
    endloop
  endfacet
  facet normal -0.987684 0.156462 0
    outer loop
      vertex -29.164 42.5451 -0.728655
      vertex -28.9388 43.9667 0.728655
      vertex -28.9388 43.9667 -0.728655
    endloop
  endfacet
  facet normal -0.987684 0.156462 0
    outer loop
      vertex -28.9388 43.9667 0.728655
      vertex -29.164 42.5451 -0.728655
      vertex -29.164 42.5451 0.728655
    endloop
  endfacet
  facet normal -0.210907 -0.413812 -0.885595
    outer loop
      vertex -25.2169 -44.5562 -4.15021
      vertex -24.6424 -42.6818 -5.16288
      vertex -24.2268 -42.8414 -5.18728
    endloop
  endfacet
  facet normal -0.210818 -0.413843 -0.885601
    outer loop
      vertex -25.8064 -44.2559 -4.15021
      vertex -24.6424 -42.6818 -5.16288
      vertex -25.2169 -44.5562 -4.15021
    endloop
  endfacet
  facet normal -0.210815 -0.413845 -0.885601
    outer loop
      vertex -24.6424 -42.6818 -5.16288
      vertex -25.8064 -44.2559 -4.15021
      vertex -24.8163 -42.541 -5.18728
    endloop
  endfacet
  facet normal -0.210795 -0.413859 -0.885599
    outer loop
      vertex -23.1424 -40.0838 -6.73405
      vertex -2.98241 -6.045 -27.4397
      vertex -22.7964 -40.3639 -6.68551
    endloop
  endfacet
  facet normal -0.21086 -0.413822 -0.885601
    outer loop
      vertex -2.98241 -6.045 -27.4397
      vertex -23.1424 -40.0838 -6.73405
      vertex -3.5719 -5.74463 -27.4397
    endloop
  endfacet
  facet normal -0.210885 -0.413809 -0.885602
    outer loop
      vertex -3.5719 -5.74463 -27.4397
      vertex -23.1424 -40.0838 -6.73405
      vertex -23.3513 -40.0036 -6.72178
    endloop
  endfacet
  facet normal 0.127078 -0.802448 -0.583034
    outer loop
      vertex -23.2809 -46.4922 -2.11464
      vertex -24.5634 -46.6953 -2.11464
      vertex -23.5456 -45.6775 -3.29363
    endloop
  endfacet
  facet normal -0.278415 -0.14186 0.949927
    outer loop
      vertex -3.02194 -4.25902 27.89
      vertex -4.03973 -5.27681 27.4397
      vertex -2.91844 -4.46215 27.89
    endloop
  endfacet
  facet normal -0.951043 0 -0.309058
    outer loop
      vertex -28.7136 -42.5451 -2.11464
      vertex -29.164 42.5451 -0.728655
      vertex -28.7136 42.5451 -2.11464
    endloop
  endfacet
  facet normal -0.951043 -0 -0.309058
    outer loop
      vertex -29.164 42.5451 -0.728655
      vertex -28.7136 -42.5451 -2.11464
      vertex -29.164 -42.5451 -0.728655
    endloop
  endfacet
  facet normal 0.36165 0.626396 0.690534
    outer loop
      vertex 6.59384 2.6646 26.5831
      vertex -22.6275 45.2097 3.29363
      vertex -0.393001 6.69846 26.5831
    endloop
  endfacet
  facet normal 0.848375 -0.432276 0.30561
    outer loop
      vertex 53.0739 -1.28249 2.11464
      vertex 52.4844 -2.43943 2.11464
      vertex 52.8488 -2.70413 0.728655
    endloop
  endfacet
  facet normal 0.451492 0.230077 0.862102
    outer loop
      vertex 50.8376 1.24295 4.15021
      vertex 49.1145 0.65346 5.20994
      vertex 51.138 0.65346 4.15021
    endloop
  endfacet
  facet normal 0.451555 0.229915 0.862112
    outer loop
      vertex 50.8376 1.24295 4.15021
      vertex 48.9983 0.881678 5.20994
      vertex 49.1145 0.65346 5.20994
    endloop
  endfacet
  facet normal 0.451496 0.230132 0.862085
    outer loop
      vertex 50.8376 1.24295 4.15021
      vertex 48.6664 1.21352 5.29518
      vertex 48.9983 0.881678 5.20994
    endloop
  endfacet
  facet normal 0.451618 0.229122 0.86229
    outer loop
      vertex 48.6664 1.21352 5.29518
      vertex 50.8376 1.24295 4.15021
      vertex 48.6087 1.24295 5.31758
    endloop
  endfacet
  facet normal 0.451508 0.230019 0.862109
    outer loop
      vertex 46.5712 0.881678 6.48104
      vertex 6.66904 0.65346 27.4397
      vertex 46.4549 0.65346 6.60284
    endloop
  endfacet
  facet normal 0.451511 0.229988 0.862116
    outer loop
      vertex 6.36867 1.24295 27.4397
      vertex 46.5712 0.881678 6.48104
      vertex 46.9031 1.21352 6.21869
    endloop
  endfacet
  facet normal 0.45142 0.23082 0.861941
    outer loop
      vertex 6.36867 1.24295 27.4397
      vertex 46.9031 1.21352 6.21869
      vertex 46.9608 1.24295 6.18059
    endloop
  endfacet
  facet normal 0.451503 0.23006 0.8621
    outer loop
      vertex 46.5712 0.881678 6.48104
      vertex 6.36867 1.24295 27.4397
      vertex 6.66904 0.65346 27.4397
    endloop
  endfacet
  facet normal 0.462692 0.0732847 0.883485
    outer loop
      vertex 51.138 0.65346 4.15021
      vertex 49.2847 0 5.17501
      vertex 51.2415 0 4.15021
    endloop
  endfacet
  facet normal 0.462697 0.0732688 0.883484
    outer loop
      vertex 51.138 0.65346 4.15021
      vertex 49.2113 0.463525 5.17501
      vertex 49.2847 0 5.17501
    endloop
  endfacet
  facet normal 0.46269 0.0733321 0.883482
    outer loop
      vertex 49.2113 0.463525 5.17501
      vertex 51.138 0.65346 4.15021
      vertex 49.1145 0.65346 5.20994
    endloop
  endfacet
  facet normal 0.462704 0.0732028 0.883486
    outer loop
      vertex 46.3582 0.463525 6.66928
      vertex 6.77253 0 27.4397
      vertex 46.2847 0 6.74618
    endloop
  endfacet
  facet normal 0.462694 0.0734728 0.883468
    outer loop
      vertex 6.66904 0.65346 27.4397
      vertex 46.3582 0.463525 6.66928
      vertex 46.4549 0.65346 6.60284
    endloop
  endfacet
  facet normal 0.4627 0.0732789 0.883481
    outer loop
      vertex 46.3582 0.463525 6.66928
      vertex 6.66904 0.65346 27.4397
      vertex 6.77253 0 27.4397
    endloop
  endfacet
  facet normal 0.585248 -0.0926961 0.805538
    outer loop
      vertex 51.2415 0 4.15021
      vertex 51.138 -0.65346 4.15021
      vertex 52.4205 0 3.29363
    endloop
  endfacet
  facet normal 0.269013 0.527974 0.805528
    outer loop
      vertex -1.31116 7.16628 26.5831
      vertex -1.67549 6.045 27.4397
      vertex -0.393001 6.69846 26.5831
    endloop
  endfacet
  facet normal 0.269017 0.527968 0.805531
    outer loop
      vertex -0.393001 6.69846 26.5831
      vertex -1.67549 6.045 27.4397
      vertex -1.08599 5.74463 27.4397
    endloop
  endfacet
  facet normal 0.723879 -0.368893 0.583023
    outer loop
      vertex 52.2593 -1.01779 3.29363
      vertex 51.7914 -1.93595 3.29363
      vertex 52.4844 -2.43943 2.11464
    endloop
  endfacet
  facet normal 0.0926914 -0.585244 0.805542
    outer loop
      vertex -23.91 -44.5562 4.15021
      vertex -24.5634 -45.8387 3.29363
      vertex -23.5456 -45.6775 3.29363
    endloop
  endfacet
  facet normal -0.987684 -0.156462 0
    outer loop
      vertex -28.9388 -43.9667 -0.728655
      vertex -29.164 -42.5451 0.728655
      vertex -29.164 -42.5451 -0.728655
    endloop
  endfacet
  facet normal -0.987684 -0.156462 0
    outer loop
      vertex -29.164 -42.5451 0.728655
      vertex -28.9388 -43.9667 -0.728655
      vertex -28.9388 -43.9667 0.728655
    endloop
  endfacet
  facet normal 0.36885 -0.723901 0.583024
    outer loop
      vertex -22.6275 -45.2097 3.29363
      vertex -23.5456 -45.6775 3.29363
      vertex -22.124 -45.9027 2.11464
    endloop
  endfacet
  facet normal -0.127093 0.802452 0.583025
    outer loop
      vertex -24.5634 46.6953 2.11464
      vertex -25.5812 45.6775 3.29363
      vertex -24.5634 45.8387 3.29363
    endloop
  endfacet
  facet normal 0.432296 -0.848385 -0.305555
    outer loop
      vertex -21.8593 -46.267 -0.728655
      vertex -23.2809 -46.4922 -2.11464
      vertex -22.124 -45.9027 -2.11464
    endloop
  endfacet
  facet normal 0.940446 0.149006 0.305546
    outer loop
      vertex 53.7274 0 0.728655
      vertex 53.0739 1.28249 2.11464
      vertex 53.2771 0 2.11464
    endloop
  endfacet
  facet normal 0.5 -0.866026 0
    outer loop
      vertex -21.8593 -46.267 -0.728655
      vertex 51.831 -3.72192 0.728655
      vertex -21.8593 -46.267 0.728655
    endloop
  endfacet
  facet normal 0.5 -0.866026 0
    outer loop
      vertex 51.831 -3.72192 0.728655
      vertex -21.8593 -46.267 -0.728655
      vertex 51.831 -3.72192 -0.728655
    endloop
  endfacet
  facet normal 0.36165 -0.626396 -0.690534
    outer loop
      vertex 6.59384 -2.6646 -26.5831
      vertex -22.6275 -45.2097 -3.29363
      vertex -0.393001 -6.69846 -26.5831
    endloop
  endfacet
  facet normal 0.278415 -0.141864 -0.949926
    outer loop
      vertex 6.36867 -1.24295 -27.4397
      vertex 5.35089 -0.225166 -27.89
      vertex 6.66904 -0.65346 -27.4397
    endloop
  endfacet
  facet normal 0.405274 0.701955 -0.585673
    outer loop
      vertex 51.0628 2.6646 -3.29363
      vertex -22.124 45.9027 -2.11464
      vertex 51.5663 3.35759 -2.11464
    endloop
  endfacet
  facet normal 0.405272 0.701952 -0.585677
    outer loop
      vertex -22.124 45.9027 -2.11464
      vertex 51.0628 2.6646 -3.29363
      vertex -22.6275 45.2097 -3.29363
    endloop
  endfacet
  facet normal 0.294953 0.510873 -0.807472
    outer loop
      vertex 5.90085 1.71078 -27.4397
      vertex -0.393001 6.69846 -26.5831
      vertex 6.59384 2.6646 -26.5831
    endloop
  endfacet
  facet normal 0.294951 0.510871 -0.807474
    outer loop
      vertex -0.393001 6.69846 -26.5831
      vertex 5.90085 1.71078 -27.4397
      vertex -1.08599 5.74463 -27.4397
    endloop
  endfacet
  facet normal -0.368819 0.723919 -0.583021
    outer loop
      vertex -26.4994 45.2097 -3.29363
      vertex -27.0029 45.9027 -2.11464
      vertex -25.5812 45.6775 -3.29363
    endloop
  endfacet
  facet normal -0.7233 0 -0.690534
    outer loop
      vertex -5.62258 -4.03385 -26.5831
      vertex -27.857 42.5451 -3.29363
      vertex -5.62258 4.03385 -26.5831
    endloop
  endfacet
  facet normal -0.7233 -0 -0.690534
    outer loop
      vertex -27.857 42.5451 -3.29363
      vertex -5.62258 -4.03385 -26.5831
      vertex -27.857 -42.5451 -3.29363
    endloop
  endfacet
  facet normal 0.0927046 0.585248 -0.805538
    outer loop
      vertex -23.91 44.5562 -4.15021
      vertex -24.5634 44.6597 -4.15021
      vertex -24.5634 45.8387 -3.29363
    endloop
  endfacet
  facet normal -0.368819 0.723919 0.583021
    outer loop
      vertex -25.5812 45.6775 3.29363
      vertex -27.0029 45.9027 2.11464
      vertex -26.4994 45.2097 3.29363
    endloop
  endfacet
  facet normal -0.148903 0.940453 0.305576
    outer loop
      vertex -24.5634 47.1456 0.728655
      vertex -25.9851 46.9205 0.728655
      vertex -25.8459 46.4922 2.11464
    endloop
  endfacet
  facet normal 0.432296 0.848385 0.305555
    outer loop
      vertex -21.8593 46.267 0.728655
      vertex -23.2809 46.4922 2.11464
      vertex -22.124 45.9027 2.11464
    endloop
  endfacet
  facet normal 0.148933 0.940456 -0.30555
    outer loop
      vertex -23.2809 46.4922 -2.11464
      vertex -24.5634 46.6953 -2.11464
      vertex -24.5634 47.1456 -0.728655
    endloop
  endfacet
  facet normal 0.127093 0.802452 -0.583025
    outer loop
      vertex -23.5456 45.6775 -3.29363
      vertex -24.5634 45.8387 -3.29363
      vertex -24.5634 46.6953 -2.11464
    endloop
  endfacet
  facet normal -0.148933 0.940456 -0.30555
    outer loop
      vertex -24.5634 46.6953 -2.11464
      vertex -25.8459 46.4922 -2.11464
      vertex -24.5634 47.1456 -0.728655
    endloop
  endfacet
  facet normal -0.127093 -0.802452 -0.583025
    outer loop
      vertex -24.5634 -46.6953 -2.11464
      vertex -25.5812 -45.6775 -3.29363
      vertex -24.5634 -45.8387 -3.29363
    endloop
  endfacet
  facet normal 0.148914 -0.940454 0.305566
    outer loop
      vertex -23.2809 -46.4922 2.11464
      vertex -24.5634 -47.1456 0.728655
      vertex -23.1418 -46.9205 0.728655
    endloop
  endfacet
  facet normal -0.574534 -0.574455 -0.58302
    outer loop
      vertex -27.0029 -45.9027 -2.11464
      vertex -27.228 -44.481 -3.29363
      vertex -26.4994 -45.2097 -3.29363
    endloop
  endfacet
  facet normal -0.574522 -0.574459 -0.583028
    outer loop
      vertex -27.228 -44.481 -3.29363
      vertex -27.0029 -45.9027 -2.11464
      vertex -27.921 -44.9845 -2.11464
    endloop
  endfacet
  facet normal -0.723901 -0.36885 -0.583024
    outer loop
      vertex -27.228 -44.481 -3.29363
      vertex -27.921 -44.9845 -2.11464
      vertex -27.6958 -43.5629 -3.29363
    endloop
  endfacet
  facet normal -0.58526 -0.092698 0.805529
    outer loop
      vertex -4.44359 -4.03385 27.4397
      vertex -5.62258 -4.03385 26.5831
      vertex -4.34009 -4.68731 27.4397
    endloop
  endfacet
  facet normal 0.294953 -0.510873 0.807472
    outer loop
      vertex 5.90085 -1.71078 27.4397
      vertex -0.393001 -6.69846 26.5831
      vertex 6.59384 -2.6646 26.5831
    endloop
  endfacet
  facet normal 0.294951 -0.510871 0.807474
    outer loop
      vertex -0.393001 -6.69846 26.5831
      vertex 5.90085 -1.71078 27.4397
      vertex -1.08599 -5.74463 27.4397
    endloop
  endfacet
  facet normal 0.36885 0.723901 0.583024
    outer loop
      vertex -22.124 45.9027 2.11464
      vertex -23.5456 45.6775 3.29363
      vertex -22.6275 45.2097 3.29363
    endloop
  endfacet
  facet normal 0.475776 0.824069 0.307486
    outer loop
      vertex -21.8593 46.267 0.728655
      vertex 51.5663 3.35759 2.11464
      vertex 51.831 3.72192 0.728655
    endloop
  endfacet
  facet normal 0.475779 0.824073 0.30747
    outer loop
      vertex 51.5663 3.35759 2.11464
      vertex -21.8593 46.267 0.728655
      vertex -22.124 45.9027 2.11464
    endloop
  endfacet
  facet normal 0.585247 0.0926929 0.805539
    outer loop
      vertex 52.2593 1.01779 3.29363
      vertex 51.138 0.65346 4.15021
      vertex 52.4205 0 3.29363
    endloop
  endfacet
  facet normal 0.420865 0.420836 0.803598
    outer loop
      vertex 51.0628 2.6646 3.29363
      vertex 7.3225 1.93595 26.5831
      vertex 51.7914 1.93595 3.29363
    endloop
  endfacet
  facet normal 0.420858 0.420864 0.803587
    outer loop
      vertex 7.3225 1.93595 26.5831
      vertex 51.0628 2.6646 3.29363
      vertex 6.59384 2.6646 26.5831
    endloop
  endfacet
  facet normal 0.087373 -0.551951 0.829286
    outer loop
      vertex -1.67549 -6.045 27.4397
      vertex -22.4578 -41.0126 6.35579
      vertex -22.4006 -41.226 6.20773
    endloop
  endfacet
  facet normal 0.0874164 -0.551968 0.829271
    outer loop
      vertex -22.4578 -41.0126 6.35579
      vertex -1.67549 -6.045 27.4397
      vertex -2.32895 -6.14849 27.4397
    endloop
  endfacet
  facet normal 0.0873312 -0.551936 0.829301
    outer loop
      vertex -22.4251 -41.6947 5.89837
      vertex -1.67549 -6.045 27.4397
      vertex -22.4006 -41.226 6.20773
    endloop
  endfacet
  facet normal 0.0875914 -0.552032 0.82921
    outer loop
      vertex -22.5933 -42.1328 5.62448
      vertex -1.67549 -6.045 27.4397
      vertex -22.4251 -41.6947 5.89837
    endloop
  endfacet
  facet normal 0.0877752 -0.552099 0.829145
    outer loop
      vertex -22.5933 -42.1328 5.62448
      vertex -23.91 -44.5562 4.15021
      vertex -1.67549 -6.045 27.4397
    endloop
  endfacet
  facet normal 0.0872768 -0.551929 0.829311
    outer loop
      vertex -22.8887 -42.4975 5.41285
      vertex -23.91 -44.5562 4.15021
      vertex -22.5933 -42.1328 5.62448
    endloop
  endfacet
  facet normal 0.0874464 -0.551981 0.829259
    outer loop
      vertex -23.2823 -42.7531 5.28422
      vertex -23.91 -44.5562 4.15021
      vertex -22.8887 -42.4975 5.41285
    endloop
  endfacet
  facet normal 0.087536 -0.551999 0.829237
    outer loop
      vertex -23.4956 -42.8103 5.26866
      vertex -23.91 -44.5562 4.15021
      vertex -23.2823 -42.7531 5.28422
    endloop
  endfacet
  facet normal 0.087436 -0.551987 0.829256
    outer loop
      vertex -23.91 -44.5562 4.15021
      vertex -23.4956 -42.8103 5.26866
      vertex -24.5634 -44.6597 4.15021
    endloop
  endfacet
  facet normal -0.587791 0 0.809013
    outer loop
      vertex -5.62258 4.03385 26.5831
      vertex -4.44359 -4.03385 27.4397
      vertex -4.44359 4.03385 27.4397
    endloop
  endfacet
  facet normal -0.587791 0 0.809013
    outer loop
      vertex -4.44359 -4.03385 27.4397
      vertex -5.62258 4.03385 26.5831
      vertex -5.62258 -4.03385 26.5831
    endloop
  endfacet
  facet normal 0.294953 0.510873 0.807472
    outer loop
      vertex -0.393001 6.69846 26.5831
      vertex 5.90085 1.71078 27.4397
      vertex 6.59384 2.6646 26.5831
    endloop
  endfacet
  facet normal 0.294951 0.510871 0.807474
    outer loop
      vertex 5.90085 1.71078 27.4397
      vertex -0.393001 6.69846 26.5831
      vertex -1.08599 5.74463 27.4397
    endloop
  endfacet
  facet normal 0.141861 0.278417 0.949926
    outer loop
      vertex -1.08599 5.74463 27.4397
      vertex -2.10378 4.72685 27.89
      vertex -1.90065 4.62335 27.89
    endloop
  endfacet
  facet normal 0.314671 0.617584 0.720814
    outer loop
      vertex -22.6275 45.2097 3.29363
      vertex -1.31116 7.16628 26.5831
      vertex -0.393001 6.69846 26.5831
    endloop
  endfacet
  facet normal 0.314679 0.617585 0.720809
    outer loop
      vertex -1.31116 7.16628 26.5831
      vertex -22.6275 45.2097 3.29363
      vertex -23.5456 45.6775 3.29363
    endloop
  endfacet
  facet normal -0.127078 0.802448 0.583034
    outer loop
      vertex -24.5634 46.6953 2.11464
      vertex -25.8459 46.4922 2.11464
      vertex -25.5812 45.6775 3.29363
    endloop
  endfacet
  facet normal -0.141864 0.278414 0.949926
    outer loop
      vertex -2.98241 6.045 27.4397
      vertex -3.5719 5.74463 27.4397
      vertex -2.55411 4.72685 27.89
    endloop
  endfacet
  facet normal -0.940443 -0.148978 0.305569
    outer loop
      vertex -28.5105 -43.8276 2.11464
      vertex -29.164 -42.5451 0.728655
      vertex -28.9388 -43.9667 0.728655
    endloop
  endfacet
  facet normal 0.308628 0.048878 0.949926
    outer loop
      vertex 6.77253 0 27.4397
      vertex 5.35089 0.225166 27.89
      vertex 5.38655 0 27.89
    endloop
  endfacet
  facet normal 0.269013 -0.527974 0.805528
    outer loop
      vertex -0.393001 -6.69846 26.5831
      vertex -1.67549 -6.045 27.4397
      vertex -1.31116 -7.16628 26.5831
    endloop
  endfacet
  facet normal 0.432296 -0.848384 0.305556
    outer loop
      vertex -21.8593 -46.267 0.728655
      vertex -23.2809 -46.4922 2.11464
      vertex -23.1418 -46.9205 0.728655
    endloop
  endfacet
  facet normal -0.0926923 -0.585249 0.805538
    outer loop
      vertex -25.2169 -44.5562 4.15021
      vertex -25.5812 -45.6775 3.29363
      vertex -24.5634 -45.8387 3.29363
    endloop
  endfacet
  facet normal 0.673275 0.673282 -0.305602
    outer loop
      vertex 52.4844 2.43943 -2.11464
      vertex 51.831 3.72192 -0.728655
      vertex 52.8488 2.70413 -0.728655
    endloop
  endfacet
  facet normal 0.673308 0.673264 -0.305569
    outer loop
      vertex 51.831 3.72192 -0.728655
      vertex 52.4844 2.43943 -2.11464
      vertex 51.5663 3.35759 -2.11464
    endloop
  endfacet
  facet normal 0.42208 -0.415196 -0.805891
    outer loop
      vertex 51.7914 -1.93595 -3.29363
      vertex 48.6087 -1.24295 -5.31758
      vertex 50.8376 -1.24295 -4.15021
    endloop
  endfacet
  facet normal 0.422057 -0.415251 -0.805875
    outer loop
      vertex 51.7914 -1.93595 -3.29363
      vertex 48.2483 -1.42658 -5.41171
      vertex 48.6087 -1.24295 -5.31758
    endloop
  endfacet
  facet normal 0.422011 -0.415385 -0.80583
    outer loop
      vertex 51.7914 -1.93595 -3.29363
      vertex 47.7847 -1.5 -5.61665
      vertex 48.2483 -1.42658 -5.41171
    endloop
  endfacet
  facet normal 0.422065 -0.415213 -0.80589
    outer loop
      vertex 7.3225 -1.93595 -26.5831
      vertex 47.7847 -1.5 -5.61665
      vertex 51.7914 -1.93595 -3.29363
    endloop
  endfacet
  facet normal 0.422055 -0.415263 -0.80587
    outer loop
      vertex 7.3225 -1.93595 -26.5831
      vertex 47.3212 -1.42658 -5.89723
      vertex 47.7847 -1.5 -5.61665
    endloop
  endfacet
  facet normal 0.422065 -0.41521 -0.805892
    outer loop
      vertex 7.3225 -1.93595 -26.5831
      vertex 46.9608 -1.24295 -6.18059
      vertex 47.3212 -1.42658 -5.89723
    endloop
  endfacet
  facet normal 0.422064 -0.415219 -0.805888
    outer loop
      vertex 46.9608 -1.24295 -6.18059
      vertex 7.3225 -1.93595 -26.5831
      vertex 6.36867 -1.24295 -27.4397
    endloop
  endfacet
  facet normal 0.294953 -0.510873 -0.807472
    outer loop
      vertex -0.393001 -6.69846 -26.5831
      vertex 5.90085 -1.71078 -27.4397
      vertex 6.59384 -2.6646 -26.5831
    endloop
  endfacet
  facet normal 0.294951 -0.510871 -0.807474
    outer loop
      vertex 5.90085 -1.71078 -27.4397
      vertex -0.393001 -6.69846 -26.5831
      vertex -1.08599 -5.74463 -27.4397
    endloop
  endfacet
  facet normal 0.723879 -0.368893 -0.583023
    outer loop
      vertex 52.4844 -2.43943 -2.11464
      vertex 51.7914 -1.93595 -3.29363
      vertex 52.2593 -1.01779 -3.29363
    endloop
  endfacet
  facet normal 0.462692 -0.0732847 -0.883485
    outer loop
      vertex 51.138 -0.65346 -4.15021
      vertex 49.2847 0 -5.17501
      vertex 51.2415 0 -4.15021
    endloop
  endfacet
  facet normal 0.462697 -0.0732688 -0.883484
    outer loop
      vertex 51.138 -0.65346 -4.15021
      vertex 49.2113 -0.463525 -5.17501
      vertex 49.2847 0 -5.17501
    endloop
  endfacet
  facet normal 0.46269 -0.0733321 -0.883482
    outer loop
      vertex 49.2113 -0.463525 -5.17501
      vertex 51.138 -0.65346 -4.15021
      vertex 49.1145 -0.65346 -5.20994
    endloop
  endfacet
  facet normal 0.462704 -0.0732028 -0.883486
    outer loop
      vertex 46.3582 -0.463525 -6.66928
      vertex 6.77253 0 -27.4397
      vertex 46.2847 0 -6.74618
    endloop
  endfacet
  facet normal 0.462694 -0.0734728 -0.883468
    outer loop
      vertex 6.66904 -0.65346 -27.4397
      vertex 46.3582 -0.463525 -6.66928
      vertex 46.4549 -0.65346 -6.60284
    endloop
  endfacet
  facet normal 0.4627 -0.0732789 -0.883481
    outer loop
      vertex 46.3582 -0.463525 -6.66928
      vertex 6.66904 -0.65346 -27.4397
      vertex 6.77253 0 -27.4397
    endloop
  endfacet
  facet normal 0.36165 0.626396 -0.690534
    outer loop
      vertex -0.393001 6.69846 -26.5831
      vertex -22.6275 45.2097 -3.29363
      vertex 6.59384 2.6646 -26.5831
    endloop
  endfacet
  facet normal 0.36165 0.626396 -0.690535
    outer loop
      vertex 6.59384 2.6646 -26.5831
      vertex -22.6275 45.2097 -3.29363
      vertex 51.0628 2.6646 -3.29363
    endloop
  endfacet
  facet normal 0.527951 0.26904 -0.805534
    outer loop
      vertex 51.138 0.65346 -4.15021
      vertex 50.8376 1.24295 -4.15021
      vertex 51.7914 1.93595 -3.29363
    endloop
  endfacet
  facet normal 0.0488781 0.308628 -0.949926
    outer loop
      vertex -2.10378 4.72685 -27.89
      vertex -2.32895 6.14849 -27.4397
      vertex -1.67549 6.045 -27.4397
    endloop
  endfacet
  facet normal -0.527989 -0.269026 -0.805514
    outer loop
      vertex -27.228 -44.481 -3.29363
      vertex -27.6958 -43.5629 -3.29363
      vertex -26.5746 -43.1986 -4.15021
    endloop
  endfacet
  facet normal -0.6318 -0.100065 -0.768645
    outer loop
      vertex -27.857 -42.5451 -3.29363
      vertex -5.46137 -5.05164 -26.5831
      vertex -27.6958 -43.5629 -3.29363
    endloop
  endfacet
  facet normal -0.631794 -0.100071 -0.76865
    outer loop
      vertex -5.46137 -5.05164 -26.5831
      vertex -27.857 -42.5451 -3.29363
      vertex -5.62258 -4.03385 -26.5831
    endloop
  endfacet
  facet normal 0.308628 -0.048878 -0.949926
    outer loop
      vertex 6.77253 0 -27.4397
      vertex 5.35089 -0.225166 -27.89
      vertex 5.38655 0 -27.89
    endloop
  endfacet
  facet normal 0.148914 0.940454 0.305566
    outer loop
      vertex -23.1418 46.9205 0.728655
      vertex -24.5634 47.1456 0.728655
      vertex -23.2809 46.4922 2.11464
    endloop
  endfacet
  facet normal -0.940437 0.14893 -0.305611
    outer loop
      vertex -28.7136 42.5451 -2.11464
      vertex -29.164 42.5451 -0.728655
      vertex -28.5105 43.8276 -2.11464
    endloop
  endfacet
  facet normal 0.432296 0.848385 -0.305555
    outer loop
      vertex -22.124 45.9027 -2.11464
      vertex -23.2809 46.4922 -2.11464
      vertex -21.8593 46.267 -0.728655
    endloop
  endfacet
  facet normal 0.723879 0.368893 0.583023
    outer loop
      vertex 52.4844 2.43943 2.11464
      vertex 51.7914 1.93595 3.29363
      vertex 52.2593 1.01779 3.29363
    endloop
  endfacet
  facet normal 0.707103 0.70711 -0
    outer loop
      vertex 52.8488 2.70413 -0.728655
      vertex 51.831 3.72192 0.728655
      vertex 52.8488 2.70413 0.728655
    endloop
  endfacet
  facet normal 0.707103 0.70711 0
    outer loop
      vertex 51.831 3.72192 0.728655
      vertex 52.8488 2.70413 -0.728655
      vertex 51.831 3.72192 -0.728655
    endloop
  endfacet
  facet normal -0.127093 0.802452 -0.583025
    outer loop
      vertex -24.5634 45.8387 -3.29363
      vertex -25.5812 45.6775 -3.29363
      vertex -24.5634 46.6953 -2.11464
    endloop
  endfacet
  facet normal 0.368859 0.723889 -0.583033
    outer loop
      vertex -22.124 45.9027 -2.11464
      vertex -23.5456 45.6775 -3.29363
      vertex -23.2809 46.4922 -2.11464
    endloop
  endfacet
  facet normal -0.21086 0.413822 -0.885601
    outer loop
      vertex -23.1424 40.0838 -6.73405
      vertex -2.98241 6.045 -27.4397
      vertex -3.5719 5.74463 -27.4397
    endloop
  endfacet
  facet normal -0.210795 0.413859 -0.885599
    outer loop
      vertex -2.98241 6.045 -27.4397
      vertex -23.1424 40.0838 -6.73405
      vertex -22.7964 40.3639 -6.68551
    endloop
  endfacet
  facet normal -0.210885 0.413809 -0.885602
    outer loop
      vertex -23.1424 40.0838 -6.73405
      vertex -3.5719 5.74463 -27.4397
      vertex -23.3513 40.0036 -6.72178
    endloop
  endfacet
  facet normal -0.210907 0.413812 -0.885595
    outer loop
      vertex -24.6424 42.6818 -5.16288
      vertex -25.2169 44.5562 -4.15021
      vertex -24.2268 42.8414 -5.18728
    endloop
  endfacet
  facet normal -0.210815 0.413845 -0.885601
    outer loop
      vertex -25.8064 44.2559 -4.15021
      vertex -24.6424 42.6818 -5.16288
      vertex -24.8163 42.541 -5.18728
    endloop
  endfacet
  facet normal -0.210818 0.413843 -0.885601
    outer loop
      vertex -24.6424 42.6818 -5.16288
      vertex -25.8064 44.2559 -4.15021
      vertex -25.2169 44.5562 -4.15021
    endloop
  endfacet
  facet normal 0.127093 -0.802452 -0.583025
    outer loop
      vertex -23.5456 -45.6775 -3.29363
      vertex -24.5634 -46.6953 -2.11464
      vertex -24.5634 -45.8387 -3.29363
    endloop
  endfacet
  facet normal -0.802452 -0.127093 -0.583025
    outer loop
      vertex -27.6958 -43.5629 -3.29363
      vertex -28.7136 -42.5451 -2.11464
      vertex -27.857 -42.5451 -3.29363
    endloop
  endfacet
  facet normal 0.087373 -0.551951 -0.829286
    outer loop
      vertex -22.4578 -41.0126 -6.35579
      vertex -1.67549 -6.045 -27.4397
      vertex -22.4006 -41.226 -6.20773
    endloop
  endfacet
  facet normal 0.0873312 -0.551936 -0.829301
    outer loop
      vertex -1.67549 -6.045 -27.4397
      vertex -22.4251 -41.6947 -5.89837
      vertex -22.4006 -41.226 -6.20773
    endloop
  endfacet
  facet normal 0.0875914 -0.552032 -0.82921
    outer loop
      vertex -1.67549 -6.045 -27.4397
      vertex -22.5933 -42.1328 -5.62448
      vertex -22.4251 -41.6947 -5.89837
    endloop
  endfacet
  facet normal 0.0877752 -0.552099 -0.829145
    outer loop
      vertex -23.91 -44.5562 -4.15021
      vertex -22.5933 -42.1328 -5.62448
      vertex -1.67549 -6.045 -27.4397
    endloop
  endfacet
  facet normal 0.0872768 -0.551929 -0.829311
    outer loop
      vertex -23.91 -44.5562 -4.15021
      vertex -22.8887 -42.4975 -5.41285
      vertex -22.5933 -42.1328 -5.62448
    endloop
  endfacet
  facet normal 0.0874464 -0.551981 -0.829259
    outer loop
      vertex -23.91 -44.5562 -4.15021
      vertex -23.2823 -42.7531 -5.28422
      vertex -22.8887 -42.4975 -5.41285
    endloop
  endfacet
  facet normal 0.087536 -0.551999 -0.829237
    outer loop
      vertex -23.91 -44.5562 -4.15021
      vertex -23.4956 -42.8103 -5.26866
      vertex -23.2823 -42.7531 -5.28422
    endloop
  endfacet
  facet normal 0.087436 -0.551987 -0.829256
    outer loop
      vertex -23.4956 -42.8103 -5.26866
      vertex -23.91 -44.5562 -4.15021
      vertex -24.5634 -44.6597 -4.15021
    endloop
  endfacet
  facet normal 0.0874164 -0.551968 -0.829271
    outer loop
      vertex -1.67549 -6.045 -27.4397
      vertex -22.4578 -41.0126 -6.35579
      vertex -2.32895 -6.14849 -27.4397
    endloop
  endfacet
  facet normal 0.314671 -0.617584 -0.720814
    outer loop
      vertex -22.6275 -45.2097 -3.29363
      vertex -1.31116 -7.16628 -26.5831
      vertex -0.393001 -6.69846 -26.5831
    endloop
  endfacet
  facet normal 0.314679 -0.617585 -0.720809
    outer loop
      vertex -1.31116 -7.16628 -26.5831
      vertex -22.6275 -45.2097 -3.29363
      vertex -23.5456 -45.6775 -3.29363
    endloop
  endfacet
  facet normal 0.368859 -0.723889 -0.583033
    outer loop
      vertex -23.2809 -46.4922 -2.11464
      vertex -23.5456 -45.6775 -3.29363
      vertex -22.124 -45.9027 -2.11464
    endloop
  endfacet
  facet normal 0.36885 -0.723901 -0.583024
    outer loop
      vertex -22.124 -45.9027 -2.11464
      vertex -23.5456 -45.6775 -3.29363
      vertex -22.6275 -45.2097 -3.29363
    endloop
  endfacet
  facet normal 0.156394 0.987695 -0
    outer loop
      vertex -23.1418 46.9205 -0.728655
      vertex -24.5634 47.1456 0.728655
      vertex -23.1418 46.9205 0.728655
    endloop
  endfacet
  facet normal 0.156394 0.987695 0
    outer loop
      vertex -24.5634 47.1456 0.728655
      vertex -23.1418 46.9205 -0.728655
      vertex -24.5634 47.1456 -0.728655
    endloop
  endfacet
  facet normal 0.432296 0.848384 0.305556
    outer loop
      vertex -23.1418 46.9205 0.728655
      vertex -23.2809 46.4922 2.11464
      vertex -21.8593 46.267 0.728655
    endloop
  endfacet
  facet normal 0.585248 0.0926961 0.805538
    outer loop
      vertex 52.4205 0 3.29363
      vertex 51.138 0.65346 4.15021
      vertex 51.2415 0 4.15021
    endloop
  endfacet
  facet normal 0 0 1
    outer loop
      vertex 5.35089 0.225166 27.89
      vertex 5.35089 -0.225166 27.89
      vertex 5.38655 0 27.89
    endloop
  endfacet
  facet normal 0 0 1
    outer loop
      vertex 5.24739 0.428292 27.89
      vertex 5.35089 -0.225166 27.89
      vertex 5.35089 0.225166 27.89
    endloop
  endfacet
  facet normal 0 0 1
    outer loop
      vertex 5.24739 0.428292 27.89
      vertex 5.24739 -0.428292 27.89
      vertex 5.35089 -0.225166 27.89
    endloop
  endfacet
  facet normal 0 0 1
    outer loop
      vertex 5.08619 0.589494 27.89
      vertex 5.24739 -0.428292 27.89
      vertex 5.24739 0.428292 27.89
    endloop
  endfacet
  facet normal 0 0 1
    outer loop
      vertex 5.08619 0.589494 27.89
      vertex 5.08619 -0.589494 27.89
      vertex 5.24739 -0.428292 27.89
    endloop
  endfacet
  facet normal 0 0 1
    outer loop
      vertex 5.08619 0.589494 27.89
      vertex 2.5 0 27.89
      vertex 5.08619 -0.589494 27.89
    endloop
  endfacet
  facet normal 0 0 1
    outer loop
      vertex 5.08619 0.589494 27.89
      vertex 2.37764 0.772542 27.89
      vertex 2.5 0 27.89
    endloop
  endfacet
  facet normal 0 0 1
    outer loop
      vertex 5.08619 0.589494 27.89
      vertex 2.02254 1.46946 27.89
      vertex 2.37764 0.772542 27.89
    endloop
  endfacet
  facet normal 0 0 1
    outer loop
      vertex 5.08619 0.589494 27.89
      vertex 1.46946 2.02254 27.89
      vertex 2.02254 1.46946 27.89
    endloop
  endfacet
  facet normal 0 0 1
    outer loop
      vertex -1.90065 4.62335 27.89
      vertex 1.46946 2.02254 27.89
      vertex 5.08619 0.589494 27.89
    endloop
  endfacet
  facet normal 0 0 1
    outer loop
      vertex 1.46946 2.02254 27.89
      vertex -1.90065 4.62335 27.89
      vertex 0.772542 2.37764 27.89
    endloop
  endfacet
  facet normal 0 0 1
    outer loop
      vertex -1.90065 4.62335 27.89
      vertex 0 2.5 27.89
      vertex 0.772542 2.37764 27.89
    endloop
  endfacet
  facet normal 0 0 1
    outer loop
      vertex -1.90065 4.62335 27.89
      vertex -0.772542 2.37764 27.89
      vertex 0 2.5 27.89
    endloop
  endfacet
  facet normal 0 0 1
    outer loop
      vertex -1.90065 4.62335 27.89
      vertex -1.46946 2.02254 27.89
      vertex -0.772542 2.37764 27.89
    endloop
  endfacet
  facet normal -0 0 1
    outer loop
      vertex -3.0576 4.03385 27.89
      vertex -1.46946 2.02254 27.89
      vertex -1.90065 4.62335 27.89
    endloop
  endfacet
  facet normal 0 0 1
    outer loop
      vertex -3.0576 4.03385 27.89
      vertex -1.90065 4.62335 27.89
      vertex -2.10378 4.72685 27.89
    endloop
  endfacet
  facet normal 0 0 1
    outer loop
      vertex -3.0576 4.03385 27.89
      vertex -2.10378 4.72685 27.89
      vertex -2.32895 4.76251 27.89
    endloop
  endfacet
  facet normal 0 0 1
    outer loop
      vertex -1.46946 2.02254 27.89
      vertex -3.0576 4.03385 27.89
      vertex -2.02254 1.46946 27.89
    endloop
  endfacet
  facet normal 0 0 1
    outer loop
      vertex -2.02254 1.46946 27.89
      vertex -3.0576 4.03385 27.89
      vertex -2.37764 0.772542 27.89
    endloop
  endfacet
  facet normal 0 0 1
    outer loop
      vertex -3.0576 4.03385 27.89
      vertex -2.32895 4.76251 27.89
      vertex -2.55411 4.72685 27.89
    endloop
  endfacet
  facet normal 0 0 1
    outer loop
      vertex 2.37764 -0.772542 27.89
      vertex 5.08619 -0.589494 27.89
      vertex 2.5 0 27.89
    endloop
  endfacet
  facet normal 0 0 1
    outer loop
      vertex 2.02254 -1.46946 27.89
      vertex 5.08619 -0.589494 27.89
      vertex 2.37764 -0.772542 27.89
    endloop
  endfacet
  facet normal 0 0 1
    outer loop
      vertex 1.46946 -2.02254 27.89
      vertex 5.08619 -0.589494 27.89
      vertex 2.02254 -1.46946 27.89
    endloop
  endfacet
  facet normal 0 0 1
    outer loop
      vertex -1.90065 -4.62335 27.89
      vertex 1.46946 -2.02254 27.89
      vertex 0.772542 -2.37764 27.89
    endloop
  endfacet
  facet normal -0 0 1
    outer loop
      vertex 1.46946 -2.02254 27.89
      vertex -1.90065 -4.62335 27.89
      vertex 5.08619 -0.589494 27.89
    endloop
  endfacet
  facet normal -0 0 1
    outer loop
      vertex 0 -2.5 27.89
      vertex -1.90065 -4.62335 27.89
      vertex 0.772542 -2.37764 27.89
    endloop
  endfacet
  facet normal 0 0 1
    outer loop
      vertex -0.772542 -2.37764 27.89
      vertex -1.90065 -4.62335 27.89
      vertex 0 -2.5 27.89
    endloop
  endfacet
  facet normal 0 0 1
    outer loop
      vertex -1.46946 -2.02254 27.89
      vertex -1.90065 -4.62335 27.89
      vertex -0.772542 -2.37764 27.89
    endloop
  endfacet
  facet normal 0 0 1
    outer loop
      vertex -3.0576 -4.03385 27.89
      vertex -1.46946 -2.02254 27.89
      vertex -2.02254 -1.46946 27.89
    endloop
  endfacet
  facet normal 0 0 1
    outer loop
      vertex -1.46946 -2.02254 27.89
      vertex -3.0576 -4.03385 27.89
      vertex -1.90065 -4.62335 27.89
    endloop
  endfacet
  facet normal 0 0 1
    outer loop
      vertex -1.90065 -4.62335 27.89
      vertex -3.0576 -4.03385 27.89
      vertex -2.10378 -4.72685 27.89
    endloop
  endfacet
  facet normal 0 0 1
    outer loop
      vertex -3.0576 -4.03385 27.89
      vertex -2.02254 -1.46946 27.89
      vertex -2.37764 -0.772542 27.89
    endloop
  endfacet
  facet normal 0 0 1
    outer loop
      vertex -3.0576 -4.03385 27.89
      vertex -2.37764 -0.772542 27.89
      vertex -2.5 0 27.89
    endloop
  endfacet
  facet normal 0 0 1
    outer loop
      vertex -2.10378 -4.72685 27.89
      vertex -3.0576 -4.03385 27.89
      vertex -2.32895 -4.76251 27.89
    endloop
  endfacet
  facet normal 0 0 1
    outer loop
      vertex -2.37764 0.772542 27.89
      vertex -3.0576 4.03385 27.89
      vertex -2.5 0 27.89
    endloop
  endfacet
  facet normal 0 0 1
    outer loop
      vertex -3.0576 4.03385 27.89
      vertex -2.55411 4.72685 27.89
      vertex -2.75724 4.62335 27.89
    endloop
  endfacet
  facet normal 0 0 1
    outer loop
      vertex -3.0576 -4.03385 27.89
      vertex -2.5 0 27.89
      vertex -3.0576 4.03385 27.89
    endloop
  endfacet
  facet normal 0 0 1
    outer loop
      vertex -3.0576 4.03385 27.89
      vertex -2.75724 4.62335 27.89
      vertex -2.91844 4.46215 27.89
    endloop
  endfacet
  facet normal 0 0 1
    outer loop
      vertex -2.32895 -4.76251 27.89
      vertex -3.0576 -4.03385 27.89
      vertex -2.55411 -4.72685 27.89
    endloop
  endfacet
  facet normal 0 0 1
    outer loop
      vertex -3.0576 4.03385 27.89
      vertex -2.91844 4.46215 27.89
      vertex -3.02194 4.25902 27.89
    endloop
  endfacet
  facet normal 0 0 1
    outer loop
      vertex -2.55411 -4.72685 27.89
      vertex -3.0576 -4.03385 27.89
      vertex -2.75724 -4.62335 27.89
    endloop
  endfacet
  facet normal 0 0 1
    outer loop
      vertex -2.75724 -4.62335 27.89
      vertex -3.0576 -4.03385 27.89
      vertex -2.91844 -4.46215 27.89
    endloop
  endfacet
  facet normal 0 0 1
    outer loop
      vertex -2.91844 -4.46215 27.89
      vertex -3.0576 -4.03385 27.89
      vertex -3.02194 -4.25902 27.89
    endloop
  endfacet
  facet normal 0.418995 -0.419001 0.805531
    outer loop
      vertex 6.36867 -1.24295 27.4397
      vertex 6.59384 -2.6646 26.5831
      vertex 7.3225 -1.93595 26.5831
    endloop
  endfacet
  facet normal 0.419006 -0.418997 0.805528
    outer loop
      vertex 6.59384 -2.6646 26.5831
      vertex 6.36867 -1.24295 27.4397
      vertex 5.90085 -1.71078 27.4397
    endloop
  endfacet
  facet normal 0.308628 -0.048878 0.949926
    outer loop
      vertex 5.38655 0 27.89
      vertex 5.35089 -0.225166 27.89
      vertex 6.77253 0 27.4397
    endloop
  endfacet
  facet normal 0.155267 0.268931 0.950562
    outer loop
      vertex -1.08599 5.74463 27.4397
      vertex 5.08619 0.589494 27.89
      vertex 5.90085 1.71078 27.4397
    endloop
  endfacet
  facet normal 0.155268 0.268932 0.950562
    outer loop
      vertex 5.08619 0.589494 27.89
      vertex -1.08599 5.74463 27.4397
      vertex -1.90065 4.62335 27.89
    endloop
  endfacet
  facet normal -0.0926905 0.585249 0.805539
    outer loop
      vertex -24.5634 45.8387 3.29363
      vertex -25.2169 44.5562 4.15021
      vertex -24.5634 44.6597 4.15021
    endloop
  endfacet
  facet normal 0.278416 -0.141863 0.949926
    outer loop
      vertex 5.35089 -0.225166 27.89
      vertex 5.24739 -0.428292 27.89
      vertex 6.36867 -1.24295 27.4397
    endloop
  endfacet
  facet normal 0.155267 -0.268931 0.950562
    outer loop
      vertex 5.08619 -0.589494 27.89
      vertex -1.08599 -5.74463 27.4397
      vertex 5.90085 -1.71078 27.4397
    endloop
  endfacet
  facet normal 0.155268 -0.268932 0.950562
    outer loop
      vertex -1.08599 -5.74463 27.4397
      vertex 5.08619 -0.589494 27.89
      vertex -1.90065 -4.62335 27.89
    endloop
  endfacet
  facet normal 0.278416 0.141863 0.949926
    outer loop
      vertex 6.36867 1.24295 27.4397
      vertex 5.24739 0.428292 27.89
      vertex 5.35089 0.225166 27.89
    endloop
  endfacet
  facet normal -0.148903 -0.940453 0.305576
    outer loop
      vertex -25.8459 -46.4922 2.11464
      vertex -25.9851 -46.9205 0.728655
      vertex -24.5634 -47.1456 0.728655
    endloop
  endfacet
  facet normal 0.142627 -0.571184 0.808336
    outer loop
      vertex -23.91 -44.5562 4.15021
      vertex -1.31116 -7.16628 26.5831
      vertex -1.67549 -6.045 27.4397
    endloop
  endfacet
  facet normal 0.142594 -0.571172 0.80835
    outer loop
      vertex -1.31116 -7.16628 26.5831
      vertex -23.91 -44.5562 4.15021
      vertex -23.5456 -45.6775 3.29363
    endloop
  endfacet
  facet normal 0.141862 0.278416 0.949926
    outer loop
      vertex -1.67549 6.045 27.4397
      vertex -2.10378 4.72685 27.89
      vertex -1.08599 5.74463 27.4397
    endloop
  endfacet
  facet normal -0.472045 0.240389 0.848167
    outer loop
      vertex -24.0492 39.891 6.49306
      vertex -4.03973 5.27681 27.4397
      vertex -24.025 39.8923 6.50616
    endloop
  endfacet
  facet normal -0.471948 0.240465 0.848199
    outer loop
      vertex -4.03973 5.27681 27.4397
      vertex -24.0492 39.891 6.49306
      vertex -4.34009 4.68731 27.4397
    endloop
  endfacet
  facet normal -0.471935 0.240474 0.848203
    outer loop
      vertex -24.5025 40.0125 6.2064
      vertex -4.34009 4.68731 27.4397
      vertex -24.0492 39.891 6.49306
    endloop
  endfacet
  facet normal -0.472056 0.240381 0.848163
    outer loop
      vertex -4.34009 4.68731 27.4397
      vertex -24.5025 40.0125 6.2064
      vertex -24.8746 40.2541 5.93083
    endloop
  endfacet
  facet normal -0.471734 0.240722 0.848245
    outer loop
      vertex -25.2495 42.0132 5.22354
      vertex -26.5746 43.1986 4.15021
      vertex -25.2627 41.9929 5.22196
    endloop
  endfacet
  facet normal -0.471897 0.240512 0.848214
    outer loop
      vertex -26.5746 43.1986 4.15021
      vertex -25.2495 42.0132 5.22354
      vertex -26.2742 43.788 4.15021
    endloop
  endfacet
  facet normal -0.47191 0.2405 0.84821
    outer loop
      vertex -25.2627 41.9929 5.22196
      vertex -26.5746 43.1986 4.15021
      vertex -25.3842 41.5396 5.28289
    endloop
  endfacet
  facet normal -0.472055 0.240366 0.848167
    outer loop
      vertex -25.3842 41.5396 5.28289
      vertex -26.5746 43.1986 4.15021
      vertex -25.3609 41.0965 5.42143
    endloop
  endfacet
  facet normal 0.432296 -0.848385 0.305555
    outer loop
      vertex -22.124 -45.9027 2.11464
      vertex -23.2809 -46.4922 2.11464
      vertex -21.8593 -46.267 0.728655
    endloop
  endfacet
  facet normal 0.148933 -0.940456 0.30555
    outer loop
      vertex -24.5634 -46.6953 2.11464
      vertex -24.5634 -47.1456 0.728655
      vertex -23.2809 -46.4922 2.11464
    endloop
  endfacet
  facet normal 0.127078 -0.802448 0.583034
    outer loop
      vertex -23.5456 -45.6775 3.29363
      vertex -24.5634 -46.6953 2.11464
      vertex -23.2809 -46.4922 2.11464
    endloop
  endfacet
  facet normal 0.148933 -0.940456 -0.30555
    outer loop
      vertex -23.2809 -46.4922 -2.11464
      vertex -24.5634 -47.1456 -0.728655
      vertex -24.5634 -46.6953 -2.11464
    endloop
  endfacet
  facet normal 0.432296 -0.848384 -0.305556
    outer loop
      vertex -23.1418 -46.9205 -0.728655
      vertex -23.2809 -46.4922 -2.11464
      vertex -21.8593 -46.267 -0.728655
    endloop
  endfacet
  facet normal 0.527946 -0.269044 0.805536
    outer loop
      vertex 52.2593 -1.01779 3.29363
      vertex 51.138 -0.65346 4.15021
      vertex 51.7914 -1.93595 3.29363
    endloop
  endfacet
  facet normal 0.707103 -0.70711 0
    outer loop
      vertex 51.831 -3.72192 -0.728655
      vertex 52.8488 -2.70413 0.728655
      vertex 51.831 -3.72192 0.728655
    endloop
  endfacet
  facet normal 0.707103 -0.70711 0
    outer loop
      vertex 52.8488 -2.70413 0.728655
      vertex 51.831 -3.72192 -0.728655
      vertex 52.8488 -2.70413 -0.728655
    endloop
  endfacet
  facet normal -0.308995 0 -0.951064
    outer loop
      vertex -4.44359 -4.03385 -27.4397
      vertex -3.0576 4.03385 -27.89
      vertex -3.0576 -4.03385 -27.89
    endloop
  endfacet
  facet normal -0.308995 0 -0.951064
    outer loop
      vertex -3.0576 4.03385 -27.89
      vertex -4.44359 -4.03385 -27.4397
      vertex -4.44359 4.03385 -27.4397
    endloop
  endfacet
  facet normal 0.269013 -0.527974 -0.805528
    outer loop
      vertex -1.31116 -7.16628 -26.5831
      vertex -1.67549 -6.045 -27.4397
      vertex -0.393001 -6.69846 -26.5831
    endloop
  endfacet
  facet normal 0.72392 -0.368862 -0.582993
    outer loop
      vertex 52.4844 -2.43943 -2.11464
      vertex 52.2593 -1.01779 -3.29363
      vertex 53.0739 -1.28249 -2.11464
    endloop
  endfacet
  facet normal 0.451492 -0.230077 -0.862102
    outer loop
      vertex 50.8376 -1.24295 -4.15021
      vertex 49.1145 -0.65346 -5.20994
      vertex 51.138 -0.65346 -4.15021
    endloop
  endfacet
  facet normal 0.451555 -0.229915 -0.862112
    outer loop
      vertex 50.8376 -1.24295 -4.15021
      vertex 48.9983 -0.881678 -5.20994
      vertex 49.1145 -0.65346 -5.20994
    endloop
  endfacet
  facet normal 0.451496 -0.230132 -0.862085
    outer loop
      vertex 50.8376 -1.24295 -4.15021
      vertex 48.6664 -1.21352 -5.29518
      vertex 48.9983 -0.881678 -5.20994
    endloop
  endfacet
  facet normal 0.451618 -0.229122 -0.86229
    outer loop
      vertex 48.6664 -1.21352 -5.29518
      vertex 50.8376 -1.24295 -4.15021
      vertex 48.6087 -1.24295 -5.31758
    endloop
  endfacet
  facet normal 0.451508 -0.230019 -0.862109
    outer loop
      vertex 46.5712 -0.881678 -6.48104
      vertex 6.66904 -0.65346 -27.4397
      vertex 46.4549 -0.65346 -6.60284
    endloop
  endfacet
  facet normal 0.451511 -0.229988 -0.862116
    outer loop
      vertex 6.36867 -1.24295 -27.4397
      vertex 46.5712 -0.881678 -6.48104
      vertex 46.9031 -1.21352 -6.21869
    endloop
  endfacet
  facet normal 0.45142 -0.23082 -0.861941
    outer loop
      vertex 6.36867 -1.24295 -27.4397
      vertex 46.9031 -1.21352 -6.21869
      vertex 46.9608 -1.24295 -6.18059
    endloop
  endfacet
  facet normal 0.451503 -0.23006 -0.8621
    outer loop
      vertex 46.5712 -0.881678 -6.48104
      vertex 6.36867 -1.24295 -27.4397
      vertex 6.66904 -0.65346 -27.4397
    endloop
  endfacet
  facet normal 0.462692 0.0732847 -0.883485
    outer loop
      vertex 49.2847 0 -5.17501
      vertex 51.138 0.65346 -4.15021
      vertex 51.2415 0 -4.15021
    endloop
  endfacet
  facet normal 0.462697 0.0732688 -0.883484
    outer loop
      vertex 49.2113 0.463525 -5.17501
      vertex 51.138 0.65346 -4.15021
      vertex 49.2847 0 -5.17501
    endloop
  endfacet
  facet normal 0.46269 0.0733321 -0.883482
    outer loop
      vertex 51.138 0.65346 -4.15021
      vertex 49.2113 0.463525 -5.17501
      vertex 49.1145 0.65346 -5.20994
    endloop
  endfacet
  facet normal 0.462704 0.0732028 -0.883486
    outer loop
      vertex 6.77253 0 -27.4397
      vertex 46.3582 0.463525 -6.66928
      vertex 46.2847 0 -6.74618
    endloop
  endfacet
  facet normal 0.4627 0.0732789 -0.883481
    outer loop
      vertex 6.66904 0.65346 -27.4397
      vertex 46.3582 0.463525 -6.66928
      vertex 6.77253 0 -27.4397
    endloop
  endfacet
  facet normal 0.462694 0.0734728 -0.883468
    outer loop
      vertex 46.3582 0.463525 -6.66928
      vertex 6.66904 0.65346 -27.4397
      vertex 46.4549 0.65346 -6.60284
    endloop
  endfacet
  facet normal 0.723879 0.368893 -0.583023
    outer loop
      vertex 52.2593 1.01779 -3.29363
      vertex 51.7914 1.93595 -3.29363
      vertex 52.4844 2.43943 -2.11464
    endloop
  endfacet
  facet normal -0.6318 0.100065 0.768645
    outer loop
      vertex -27.857 42.5451 3.29363
      vertex -5.46137 5.05164 26.5831
      vertex -27.6958 43.5629 3.29363
    endloop
  endfacet
  facet normal -0.631794 0.100071 0.76865
    outer loop
      vertex -5.46137 5.05164 26.5831
      vertex -27.857 42.5451 3.29363
      vertex -5.62258 4.03385 26.5831
    endloop
  endfacet
  facet normal -0.940437 -0.14893 -0.305611
    outer loop
      vertex -28.5105 -43.8276 -2.11464
      vertex -29.164 -42.5451 -0.728655
      vertex -28.7136 -42.5451 -2.11464
    endloop
  endfacet
  facet normal -0.0488781 0.308628 -0.949926
    outer loop
      vertex -2.55411 4.72685 -27.89
      vertex -2.98241 6.045 -27.4397
      vertex -2.32895 6.14849 -27.4397
    endloop
  endfacet
  facet normal 0.269013 0.527974 -0.805528
    outer loop
      vertex -0.393001 6.69846 -26.5831
      vertex -1.67549 6.045 -27.4397
      vertex -1.31116 7.16628 -26.5831
    endloop
  endfacet
  facet normal 0.0926914 -0.585244 -0.805542
    outer loop
      vertex -23.5456 -45.6775 -3.29363
      vertex -24.5634 -45.8387 -3.29363
      vertex -23.91 -44.5562 -4.15021
    endloop
  endfacet
  facet normal -0.337081 -0.337009 -0.879092
    outer loop
      vertex -26.2742 -43.788 -4.15021
      vertex -24.8163 -42.541 -5.18728
      vertex -25.8064 -44.2559 -4.15021
    endloop
  endfacet
  facet normal -0.337053 -0.33704 -0.87909
    outer loop
      vertex -24.8163 -42.541 -5.18728
      vertex -26.2742 -43.788 -4.15021
      vertex -25.0071 -42.3865 -5.17336
    endloop
  endfacet
  facet normal -0.337057 -0.337036 -0.87909
    outer loop
      vertex -25.0071 -42.3865 -5.17336
      vertex -26.2742 -43.788 -4.15021
      vertex -25.2495 -42.0132 -5.22354
    endloop
  endfacet
  facet normal -0.337054 -0.337029 -0.879094
    outer loop
      vertex -23.5805 -39.9156 -6.66764
      vertex -3.5719 -5.74463 -27.4397
      vertex -23.3513 -40.0036 -6.72178
    endloop
  endfacet
  facet normal -0.337035 -0.337042 -0.879096
    outer loop
      vertex -3.5719 -5.74463 -27.4397
      vertex -23.5805 -39.9156 -6.66764
      vertex -4.03973 -5.27681 -27.4397
    endloop
  endfacet
  facet normal -0.33703 -0.337045 -0.879097
    outer loop
      vertex -4.03973 -5.27681 -27.4397
      vertex -23.5805 -39.9156 -6.66764
      vertex -24.025 -39.8923 -6.50616
    endloop
  endfacet
  facet normal -1 0 0
    outer loop
      vertex -29.164 -42.5451 -0.728655
      vertex -29.164 42.5451 0.728655
      vertex -29.164 42.5451 -0.728655
    endloop
  endfacet
  facet normal -1 -0 0
    outer loop
      vertex -29.164 42.5451 0.728655
      vertex -29.164 -42.5451 -0.728655
      vertex -29.164 -42.5451 0.728655
    endloop
  endfacet
  facet normal -0.848384 -0.432296 0.305556
    outer loop
      vertex -28.5105 -43.8276 2.11464
      vertex -28.9388 -43.9667 0.728655
      vertex -28.2853 -45.2492 0.728655
    endloop
  endfacet
  facet normal -0.308626 -0.0488826 0.949926
    outer loop
      vertex -3.02194 -4.25902 27.89
      vertex -4.44359 -4.03385 27.4397
      vertex -4.34009 -4.68731 27.4397
    endloop
  endfacet
  facet normal -0.574534 0.574455 0.58302
    outer loop
      vertex -27.0029 45.9027 2.11464
      vertex -27.228 44.481 3.29363
      vertex -26.4994 45.2097 3.29363
    endloop
  endfacet
  facet normal -0.574522 0.574459 0.583028
    outer loop
      vertex -27.228 44.481 3.29363
      vertex -27.0029 45.9027 2.11464
      vertex -27.921 44.9845 2.11464
    endloop
  endfacet
  facet normal -0.432292 0.848376 0.305584
    outer loop
      vertex -25.9851 46.9205 0.728655
      vertex -27.2676 46.267 0.728655
      vertex -25.8459 46.4922 2.11464
    endloop
  endfacet
  facet normal 0.802452 -0.127094 0.583025
    outer loop
      vertex 52.4205 0 3.29363
      vertex 52.2593 -1.01779 3.29363
      vertex 53.2771 0 2.11464
    endloop
  endfacet
  facet normal 0.527946 -0.269044 -0.805536
    outer loop
      vertex 51.7914 -1.93595 -3.29363
      vertex 51.138 -0.65346 -4.15021
      vertex 52.2593 -1.01779 -3.29363
    endloop
  endfacet
  facet normal 0.673275 0.673282 0.305602
    outer loop
      vertex 51.831 3.72192 0.728655
      vertex 52.4844 2.43943 2.11464
      vertex 52.8488 2.70413 0.728655
    endloop
  endfacet
  facet normal 0.673308 0.673264 0.305569
    outer loop
      vertex 52.4844 2.43943 2.11464
      vertex 51.831 3.72192 0.728655
      vertex 51.5663 3.35759 2.11464
    endloop
  endfacet
  facet normal -0.156384 0.987696 0
    outer loop
      vertex -24.5634 47.1456 -0.728655
      vertex -25.9851 46.9205 0.728655
      vertex -24.5634 47.1456 0.728655
    endloop
  endfacet
  facet normal -0.156384 0.987696 0
    outer loop
      vertex -25.9851 46.9205 0.728655
      vertex -24.5634 47.1456 -0.728655
      vertex -25.9851 46.9205 -0.728655
    endloop
  endfacet
  facet normal -0.454009 0.890997 0
    outer loop
      vertex -25.9851 46.9205 -0.728655
      vertex -27.2676 46.267 0.728655
      vertex -25.9851 46.9205 0.728655
    endloop
  endfacet
  facet normal -0.454009 0.890997 0
    outer loop
      vertex -27.2676 46.267 0.728655
      vertex -25.9851 46.9205 -0.728655
      vertex -27.2676 46.267 -0.728655
    endloop
  endfacet
  facet normal -0.0488793 0.308628 -0.949926
    outer loop
      vertex -2.32895 4.76251 -27.89
      vertex -2.55411 4.72685 -27.89
      vertex -2.32895 6.14849 -27.4397
    endloop
  endfacet
  facet normal -0.723889 0.368859 -0.583033
    outer loop
      vertex -27.6958 43.5629 -3.29363
      vertex -28.5105 43.8276 -2.11464
      vertex -27.921 44.9845 -2.11464
    endloop
  endfacet
  facet normal 0.475779 -0.824073 -0.30747
    outer loop
      vertex 51.5663 -3.35759 -2.11464
      vertex -21.8593 -46.267 -0.728655
      vertex -22.124 -45.9027 -2.11464
    endloop
  endfacet
  facet normal 0.475776 -0.824069 -0.307486
    outer loop
      vertex -21.8593 -46.267 -0.728655
      vertex 51.5663 -3.35759 -2.11464
      vertex 51.831 -3.72192 -0.728655
    endloop
  endfacet
  facet normal 0.405272 -0.701952 -0.585677
    outer loop
      vertex 51.0628 -2.6646 -3.29363
      vertex -22.124 -45.9027 -2.11464
      vertex -22.6275 -45.2097 -3.29363
    endloop
  endfacet
  facet normal 0.405274 -0.701955 -0.585673
    outer loop
      vertex -22.124 -45.9027 -2.11464
      vertex 51.0628 -2.6646 -3.29363
      vertex 51.5663 -3.35759 -2.11464
    endloop
  endfacet
  facet normal 0.127078 0.802448 0.583034
    outer loop
      vertex -23.2809 46.4922 2.11464
      vertex -24.5634 46.6953 2.11464
      vertex -23.5456 45.6775 3.29363
    endloop
  endfacet
  facet normal 0.148933 0.940456 0.30555
    outer loop
      vertex -24.5634 47.1456 0.728655
      vertex -24.5634 46.6953 2.11464
      vertex -23.2809 46.4922 2.11464
    endloop
  endfacet
  facet normal 0.574513 0.574476 0.58302
    outer loop
      vertex 51.5663 3.35759 2.11464
      vertex 51.7914 1.93595 3.29363
      vertex 52.4844 2.43943 2.11464
    endloop
  endfacet
  facet normal 0.574515 0.574475 0.583019
    outer loop
      vertex 51.7914 1.93595 3.29363
      vertex 51.5663 3.35759 2.11464
      vertex 51.0628 2.6646 3.29363
    endloop
  endfacet
  facet normal 0.308628 0.0488781 0.949926
    outer loop
      vertex 6.66904 0.65346 27.4397
      vertex 5.35089 0.225166 27.89
      vertex 6.77253 0 27.4397
    endloop
  endfacet
  facet normal 0.527951 -0.26904 0.805534
    outer loop
      vertex 51.138 -0.65346 4.15021
      vertex 50.8376 -1.24295 4.15021
      vertex 51.7914 -1.93595 3.29363
    endloop
  endfacet
  facet normal 0.451492 -0.230077 0.862102
    outer loop
      vertex 49.1145 -0.65346 5.20994
      vertex 50.8376 -1.24295 4.15021
      vertex 51.138 -0.65346 4.15021
    endloop
  endfacet
  facet normal 0.451555 -0.229915 0.862112
    outer loop
      vertex 48.9983 -0.881678 5.20994
      vertex 50.8376 -1.24295 4.15021
      vertex 49.1145 -0.65346 5.20994
    endloop
  endfacet
  facet normal 0.451496 -0.230132 0.862085
    outer loop
      vertex 48.6664 -1.21352 5.29518
      vertex 50.8376 -1.24295 4.15021
      vertex 48.9983 -0.881678 5.20994
    endloop
  endfacet
  facet normal 0.451618 -0.229122 0.86229
    outer loop
      vertex 50.8376 -1.24295 4.15021
      vertex 48.6664 -1.21352 5.29518
      vertex 48.6087 -1.24295 5.31758
    endloop
  endfacet
  facet normal 0.451508 -0.230019 0.862109
    outer loop
      vertex 6.66904 -0.65346 27.4397
      vertex 46.5712 -0.881678 6.48104
      vertex 46.4549 -0.65346 6.60284
    endloop
  endfacet
  facet normal 0.451503 -0.23006 0.8621
    outer loop
      vertex 6.36867 -1.24295 27.4397
      vertex 46.5712 -0.881678 6.48104
      vertex 6.66904 -0.65346 27.4397
    endloop
  endfacet
  facet normal 0.451511 -0.229988 0.862116
    outer loop
      vertex 46.5712 -0.881678 6.48104
      vertex 6.36867 -1.24295 27.4397
      vertex 46.9031 -1.21352 6.21869
    endloop
  endfacet
  facet normal 0.45142 -0.23082 0.861941
    outer loop
      vertex 46.9031 -1.21352 6.21869
      vertex 6.36867 -1.24295 27.4397
      vertex 46.9608 -1.24295 6.18059
    endloop
  endfacet
  facet normal 0.0488771 -0.308628 0.949926
    outer loop
      vertex -2.32895 -4.76251 27.89
      vertex -2.32895 -6.14849 27.4397
      vertex -2.10378 -4.72685 27.89
    endloop
  endfacet
  facet normal -0.308626 0.0488768 0.949927
    outer loop
      vertex -3.02194 4.25902 27.89
      vertex -4.44359 4.03385 27.4397
      vertex -3.0576 4.03385 27.89
    endloop
  endfacet
  facet normal 0.418995 0.419001 0.805531
    outer loop
      vertex 6.59384 2.6646 26.5831
      vertex 6.36867 1.24295 27.4397
      vertex 7.3225 1.93595 26.5831
    endloop
  endfacet
  facet normal 0.419006 0.418997 0.805528
    outer loop
      vertex 6.36867 1.24295 27.4397
      vertex 6.59384 2.6646 26.5831
      vertex 5.90085 1.71078 27.4397
    endloop
  endfacet
  facet normal 0.0488781 0.308628 0.949926
    outer loop
      vertex -1.67549 6.045 27.4397
      vertex -2.32895 6.14849 27.4397
      vertex -2.10378 4.72685 27.89
    endloop
  endfacet
  facet normal 0.087373 0.551951 0.829286
    outer loop
      vertex -22.4578 41.0126 6.35579
      vertex -1.67549 6.045 27.4397
      vertex -22.4006 41.226 6.20773
    endloop
  endfacet
  facet normal 0.0873312 0.551936 0.829301
    outer loop
      vertex -1.67549 6.045 27.4397
      vertex -22.4251 41.6947 5.89837
      vertex -22.4006 41.226 6.20773
    endloop
  endfacet
  facet normal 0.0875914 0.552032 0.82921
    outer loop
      vertex -1.67549 6.045 27.4397
      vertex -22.5933 42.1328 5.62448
      vertex -22.4251 41.6947 5.89837
    endloop
  endfacet
  facet normal 0.0877752 0.552099 0.829145
    outer loop
      vertex -23.91 44.5562 4.15021
      vertex -22.5933 42.1328 5.62448
      vertex -1.67549 6.045 27.4397
    endloop
  endfacet
  facet normal 0.0872768 0.551929 0.829311
    outer loop
      vertex -23.91 44.5562 4.15021
      vertex -22.8887 42.4975 5.41285
      vertex -22.5933 42.1328 5.62448
    endloop
  endfacet
  facet normal 0.0874464 0.551981 0.829259
    outer loop
      vertex -23.91 44.5562 4.15021
      vertex -23.2823 42.7531 5.28422
      vertex -22.8887 42.4975 5.41285
    endloop
  endfacet
  facet normal 0.087536 0.551999 0.829237
    outer loop
      vertex -23.91 44.5562 4.15021
      vertex -23.4956 42.8103 5.26866
      vertex -23.2823 42.7531 5.28422
    endloop
  endfacet
  facet normal 0.087436 0.551987 0.829256
    outer loop
      vertex -23.4956 42.8103 5.26866
      vertex -23.91 44.5562 4.15021
      vertex -24.5634 44.6597 4.15021
    endloop
  endfacet
  facet normal 0.0874164 0.551968 0.829271
    outer loop
      vertex -1.67549 6.045 27.4397
      vertex -22.4578 41.0126 6.35579
      vertex -2.32895 6.14849 27.4397
    endloop
  endfacet
  facet normal 0.142594 0.571172 0.80835
    outer loop
      vertex -23.91 44.5562 4.15021
      vertex -1.31116 7.16628 26.5831
      vertex -23.5456 45.6775 3.29363
    endloop
  endfacet
  facet normal 0.142627 0.571184 0.808336
    outer loop
      vertex -1.31116 7.16628 26.5831
      vertex -23.91 44.5562 4.15021
      vertex -1.67549 6.045 27.4397
    endloop
  endfacet
  facet normal -0.210795 0.413859 0.885599
    outer loop
      vertex -23.1424 40.0838 6.73405
      vertex -2.98241 6.045 27.4397
      vertex -22.7964 40.3639 6.68551
    endloop
  endfacet
  facet normal -0.21086 0.413822 0.885601
    outer loop
      vertex -2.98241 6.045 27.4397
      vertex -23.1424 40.0838 6.73405
      vertex -3.5719 5.74463 27.4397
    endloop
  endfacet
  facet normal -0.210885 0.413809 0.885602
    outer loop
      vertex -3.5719 5.74463 27.4397
      vertex -23.1424 40.0838 6.73405
      vertex -23.3513 40.0036 6.72178
    endloop
  endfacet
  facet normal -0.210907 0.413812 0.885595
    outer loop
      vertex -25.2169 44.5562 4.15021
      vertex -24.6424 42.6818 5.16288
      vertex -24.2268 42.8414 5.18728
    endloop
  endfacet
  facet normal -0.210818 0.413843 0.885601
    outer loop
      vertex -25.8064 44.2559 4.15021
      vertex -24.6424 42.6818 5.16288
      vertex -25.2169 44.5562 4.15021
    endloop
  endfacet
  facet normal -0.210815 0.413845 0.885601
    outer loop
      vertex -24.6424 42.6818 5.16288
      vertex -25.8064 44.2559 4.15021
      vertex -24.8163 42.541 5.18728
    endloop
  endfacet
  facet normal -0.0488781 0.308628 0.949926
    outer loop
      vertex -2.32895 6.14849 27.4397
      vertex -2.98241 6.045 27.4397
      vertex -2.55411 4.72685 27.89
    endloop
  endfacet
  facet normal -0.308995 0 0.951064
    outer loop
      vertex -4.44359 4.03385 27.4397
      vertex -3.0576 -4.03385 27.89
      vertex -3.0576 4.03385 27.89
    endloop
  endfacet
  facet normal -0.308995 0 0.951064
    outer loop
      vertex -3.0576 -4.03385 27.89
      vertex -4.44359 4.03385 27.4397
      vertex -4.44359 -4.03385 27.4397
    endloop
  endfacet
  facet normal -0.368833 -0.723901 0.583035
    outer loop
      vertex -25.5812 -45.6775 3.29363
      vertex -27.0029 -45.9027 2.11464
      vertex -25.8459 -46.4922 2.11464
    endloop
  endfacet
  facet normal -0.308626 0.0488826 0.949926
    outer loop
      vertex -4.34009 4.68731 27.4397
      vertex -4.44359 4.03385 27.4397
      vertex -3.02194 4.25902 27.89
    endloop
  endfacet
  facet normal 0.220955 0.22095 0.949926
    outer loop
      vertex 5.90085 1.71078 27.4397
      vertex 5.24739 0.428292 27.89
      vertex 6.36867 1.24295 27.4397
    endloop
  endfacet
  facet normal 0.220954 0.220951 0.949926
    outer loop
      vertex 5.24739 0.428292 27.89
      vertex 5.90085 1.71078 27.4397
      vertex 5.08619 0.589494 27.89
    endloop
  endfacet
  facet normal -0.0488793 -0.308628 0.949926
    outer loop
      vertex -2.32895 -4.76251 27.89
      vertex -2.55411 -4.72685 27.89
      vertex -2.32895 -6.14849 27.4397
    endloop
  endfacet
  facet normal 0.278415 -0.141864 0.949926
    outer loop
      vertex 6.66904 -0.65346 27.4397
      vertex 5.35089 -0.225166 27.89
      vertex 6.36867 -1.24295 27.4397
    endloop
  endfacet
  facet normal 0.308628 -0.0488781 0.949926
    outer loop
      vertex 6.77253 0 27.4397
      vertex 5.35089 -0.225166 27.89
      vertex 6.66904 -0.65346 27.4397
    endloop
  endfacet
  facet normal -0.940437 0.14893 0.305611
    outer loop
      vertex -28.5105 43.8276 2.11464
      vertex -29.164 42.5451 0.728655
      vertex -28.7136 42.5451 2.11464
    endloop
  endfacet
  facet normal 0.127093 -0.802452 0.583025
    outer loop
      vertex -24.5634 -45.8387 3.29363
      vertex -24.5634 -46.6953 2.11464
      vertex -23.5456 -45.6775 3.29363
    endloop
  endfacet
  facet normal -0.148933 -0.940456 0.30555
    outer loop
      vertex -24.5634 -46.6953 2.11464
      vertex -25.8459 -46.4922 2.11464
      vertex -24.5634 -47.1456 0.728655
    endloop
  endfacet
  facet normal 0.156394 -0.987695 0
    outer loop
      vertex -24.5634 -47.1456 -0.728655
      vertex -23.1418 -46.9205 0.728655
      vertex -24.5634 -47.1456 0.728655
    endloop
  endfacet
  facet normal 0.156394 -0.987695 0
    outer loop
      vertex -23.1418 -46.9205 0.728655
      vertex -24.5634 -47.1456 -0.728655
      vertex -23.1418 -46.9205 -0.728655
    endloop
  endfacet
  facet normal 0.454009 -0.890997 0
    outer loop
      vertex -23.1418 -46.9205 -0.728655
      vertex -21.8593 -46.267 0.728655
      vertex -23.1418 -46.9205 0.728655
    endloop
  endfacet
  facet normal 0.454009 -0.890997 0
    outer loop
      vertex -21.8593 -46.267 0.728655
      vertex -23.1418 -46.9205 -0.728655
      vertex -21.8593 -46.267 -0.728655
    endloop
  endfacet
  facet normal 0.148914 -0.940454 -0.305566
    outer loop
      vertex -23.1418 -46.9205 -0.728655
      vertex -24.5634 -47.1456 -0.728655
      vertex -23.2809 -46.4922 -2.11464
    endloop
  endfacet
  facet normal 0.142594 -0.571172 -0.80835
    outer loop
      vertex -23.91 -44.5562 -4.15021
      vertex -1.31116 -7.16628 -26.5831
      vertex -23.5456 -45.6775 -3.29363
    endloop
  endfacet
  facet normal 0.142627 -0.571184 -0.808336
    outer loop
      vertex -1.31116 -7.16628 -26.5831
      vertex -23.91 -44.5562 -4.15021
      vertex -1.67549 -6.045 -27.4397
    endloop
  endfacet
  facet normal -0.141864 0.278414 -0.949926
    outer loop
      vertex -2.55411 4.72685 -27.89
      vertex -3.5719 5.74463 -27.4397
      vertex -2.98241 6.045 -27.4397
    endloop
  endfacet
  facet normal -0.0926923 -0.585249 -0.805538
    outer loop
      vertex -24.5634 -45.8387 -3.29363
      vertex -25.5812 -45.6775 -3.29363
      vertex -25.2169 -44.5562 -4.15021
    endloop
  endfacet
  facet normal 0.155267 -0.268931 -0.950562
    outer loop
      vertex -1.08599 -5.74463 -27.4397
      vertex 5.08619 -0.589494 -27.89
      vertex 5.90085 -1.71078 -27.4397
    endloop
  endfacet
  facet normal 0.155268 -0.268932 -0.950562
    outer loop
      vertex 5.08619 -0.589494 -27.89
      vertex -1.08599 -5.74463 -27.4397
      vertex -1.90065 -4.62335 -27.89
    endloop
  endfacet
  facet normal -0.0764922 -0.483265 -0.872126
    outer loop
      vertex -24.5634 -44.6597 -4.15021
      vertex -23.7356 -42.8746 -5.21198
      vertex -23.4956 -42.8103 -5.26866
    endloop
  endfacet
  facet normal -0.076587 -0.483229 -0.872138
    outer loop
      vertex -24.5634 -44.6597 -4.15021
      vertex -24.2042 -42.85 -5.18446
      vertex -23.7356 -42.8746 -5.21198
    endloop
  endfacet
  facet normal -0.0751643 -0.483497 -0.872113
    outer loop
      vertex -24.5634 -44.6597 -4.15021
      vertex -24.2268 -42.8414 -5.18728
      vertex -24.2042 -42.85 -5.18446
    endloop
  endfacet
  facet normal -0.0765365 -0.483252 -0.872129
    outer loop
      vertex -24.2268 -42.8414 -5.18728
      vertex -24.5634 -44.6597 -4.15021
      vertex -25.2169 -44.5562 -4.15021
    endloop
  endfacet
  facet normal -0.0765341 -0.483235 -0.872139
    outer loop
      vertex -22.522 -40.7727 -6.48308
      vertex -2.32895 -6.14849 -27.4397
      vertex -22.4578 -41.0126 -6.35579
    endloop
  endfacet
  facet normal -0.0765449 -0.48323 -0.872141
    outer loop
      vertex -22.7776 -40.3791 -6.67873
      vertex -2.32895 -6.14849 -27.4397
      vertex -22.522 -40.7727 -6.48308
    endloop
  endfacet
  facet normal -0.0765313 -0.483236 -0.872138
    outer loop
      vertex -2.32895 -6.14849 -27.4397
      vertex -22.7776 -40.3791 -6.67873
      vertex -2.98241 -6.045 -27.4397
    endloop
  endfacet
  facet normal -0.0762847 -0.483353 -0.872096
    outer loop
      vertex -2.98241 -6.045 -27.4397
      vertex -22.7776 -40.3791 -6.67873
      vertex -22.7964 -40.3639 -6.68551
    endloop
  endfacet
  facet normal -0.268969 -0.527997 -0.805528
    outer loop
      vertex -25.2169 -44.5562 -4.15021
      vertex -26.4994 -45.2097 -3.29363
      vertex -25.8064 -44.2559 -4.15021
    endloop
  endfacet
  facet normal -0.141861 -0.278417 -0.949926
    outer loop
      vertex -2.55411 -4.72685 -27.89
      vertex -3.5719 -5.74463 -27.4397
      vertex -2.75724 -4.62335 -27.89
    endloop
  endfacet
  facet normal 0.451492 0.230077 -0.862102
    outer loop
      vertex 49.1145 0.65346 -5.20994
      vertex 50.8376 1.24295 -4.15021
      vertex 51.138 0.65346 -4.15021
    endloop
  endfacet
  facet normal 0.451555 0.229915 -0.862112
    outer loop
      vertex 48.9983 0.881678 -5.20994
      vertex 50.8376 1.24295 -4.15021
      vertex 49.1145 0.65346 -5.20994
    endloop
  endfacet
  facet normal 0.451496 0.230132 -0.862085
    outer loop
      vertex 48.6664 1.21352 -5.29518
      vertex 50.8376 1.24295 -4.15021
      vertex 48.9983 0.881678 -5.20994
    endloop
  endfacet
  facet normal 0.451618 0.229122 -0.86229
    outer loop
      vertex 50.8376 1.24295 -4.15021
      vertex 48.6664 1.21352 -5.29518
      vertex 48.6087 1.24295 -5.31758
    endloop
  endfacet
  facet normal 0.451508 0.230019 -0.862109
    outer loop
      vertex 6.66904 0.65346 -27.4397
      vertex 46.5712 0.881678 -6.48104
      vertex 46.4549 0.65346 -6.60284
    endloop
  endfacet
  facet normal 0.451503 0.23006 -0.8621
    outer loop
      vertex 6.36867 1.24295 -27.4397
      vertex 46.5712 0.881678 -6.48104
      vertex 6.66904 0.65346 -27.4397
    endloop
  endfacet
  facet normal 0.451511 0.229988 -0.862116
    outer loop
      vertex 46.5712 0.881678 -6.48104
      vertex 6.36867 1.24295 -27.4397
      vertex 46.9031 1.21352 -6.21869
    endloop
  endfacet
  facet normal 0.45142 0.23082 -0.861941
    outer loop
      vertex 46.9031 1.21352 -6.21869
      vertex 6.36867 1.24295 -27.4397
      vertex 46.9608 1.24295 -6.18059
    endloop
  endfacet
  facet normal 0.527946 0.269044 -0.805536
    outer loop
      vertex 52.2593 1.01779 -3.29363
      vertex 51.138 0.65346 -4.15021
      vertex 51.7914 1.93595 -3.29363
    endloop
  endfacet
  facet normal 0.574513 0.574476 -0.58302
    outer loop
      vertex 51.7914 1.93595 -3.29363
      vertex 51.5663 3.35759 -2.11464
      vertex 52.4844 2.43943 -2.11464
    endloop
  endfacet
  facet normal 0.574515 0.574475 -0.583019
    outer loop
      vertex 51.5663 3.35759 -2.11464
      vertex 51.7914 1.93595 -3.29363
      vertex 51.0628 2.6646 -3.29363
    endloop
  endfacet
  facet normal 0.585248 0.0926961 -0.805538
    outer loop
      vertex 51.2415 0 -4.15021
      vertex 51.138 0.65346 -4.15021
      vertex 52.4205 0 -3.29363
    endloop
  endfacet
  facet normal -0.940443 -0.148978 -0.305569
    outer loop
      vertex -28.9388 -43.9667 -0.728655
      vertex -29.164 -42.5451 -0.728655
      vertex -28.5105 -43.8276 -2.11464
    endloop
  endfacet
  facet normal -0.848384 -0.432296 -0.305556
    outer loop
      vertex -28.2853 -45.2492 -0.728655
      vertex -28.9388 -43.9667 -0.728655
      vertex -28.5105 -43.8276 -2.11464
    endloop
  endfacet
  facet normal 0.155267 0.268931 -0.950562
    outer loop
      vertex 5.08619 0.589494 -27.89
      vertex -1.08599 5.74463 -27.4397
      vertex 5.90085 1.71078 -27.4397
    endloop
  endfacet
  facet normal 0.155268 0.268932 -0.950562
    outer loop
      vertex -1.08599 5.74463 -27.4397
      vertex 5.08619 0.589494 -27.89
      vertex -1.90065 4.62335 -27.89
    endloop
  endfacet
  facet normal -0.308626 -0.0488768 -0.949927
    outer loop
      vertex -3.02194 -4.25902 -27.89
      vertex -4.44359 -4.03385 -27.4397
      vertex -3.0576 -4.03385 -27.89
    endloop
  endfacet
  facet normal -0.220953 0.220953 -0.949926
    outer loop
      vertex -2.91844 4.46215 -27.89
      vertex -3.5719 5.74463 -27.4397
      vertex -2.75724 4.62335 -27.89
    endloop
  endfacet
  facet normal -0.22095 0.220955 -0.949926
    outer loop
      vertex -3.5719 5.74463 -27.4397
      vertex -2.91844 4.46215 -27.89
      vertex -4.03973 5.27681 -27.4397
    endloop
  endfacet
  facet normal -0.278415 0.14186 -0.949927
    outer loop
      vertex -3.02194 4.25902 -27.89
      vertex -4.03973 5.27681 -27.4397
      vertex -2.91844 4.46215 -27.89
    endloop
  endfacet
  facet normal 0.0488771 0.308628 -0.949926
    outer loop
      vertex -2.10378 4.72685 -27.89
      vertex -2.32895 4.76251 -27.89
      vertex -2.32895 6.14849 -27.4397
    endloop
  endfacet
  facet normal -0.585261 -0.0927008 -0.805528
    outer loop
      vertex -5.46137 -5.05164 -26.5831
      vertex -5.62258 -4.03385 -26.5831
      vertex -4.34009 -4.68731 -27.4397
    endloop
  endfacet
  facet normal -0.723889 -0.368859 -0.583033
    outer loop
      vertex -27.921 -44.9845 -2.11464
      vertex -28.5105 -43.8276 -2.11464
      vertex -27.6958 -43.5629 -3.29363
    endloop
  endfacet
  facet normal -0.802448 -0.127078 -0.583034
    outer loop
      vertex -28.5105 -43.8276 -2.11464
      vertex -28.7136 -42.5451 -2.11464
      vertex -27.6958 -43.5629 -3.29363
    endloop
  endfacet
  facet normal -0.419046 0.418956 -0.805528
    outer loop
      vertex -26.2742 43.788 -4.15021
      vertex -26.4994 45.2097 -3.29363
      vertex -25.8064 44.2559 -4.15021
    endloop
  endfacet
  facet normal -0.419022 0.418965 -0.805536
    outer loop
      vertex -26.4994 45.2097 -3.29363
      vertex -26.2742 43.788 -4.15021
      vertex -27.228 44.481 -3.29363
    endloop
  endfacet
  facet normal -0.940443 0.148978 0.305569
    outer loop
      vertex -28.9388 43.9667 0.728655
      vertex -29.164 42.5451 0.728655
      vertex -28.5105 43.8276 2.11464
    endloop
  endfacet
  facet normal -0.585261 -0.0927008 0.805528
    outer loop
      vertex -4.34009 -4.68731 27.4397
      vertex -5.62258 -4.03385 26.5831
      vertex -5.46137 -5.05164 26.5831
    endloop
  endfacet
  facet normal -0.368819 -0.723919 0.583021
    outer loop
      vertex -26.4994 -45.2097 3.29363
      vertex -27.0029 -45.9027 2.11464
      vertex -25.5812 -45.6775 3.29363
    endloop
  endfacet
  facet normal -0.220953 -0.220953 0.949926
    outer loop
      vertex -2.91844 -4.46215 27.89
      vertex -3.5719 -5.74463 27.4397
      vertex -2.75724 -4.62335 27.89
    endloop
  endfacet
  facet normal -0.22095 -0.220955 0.949926
    outer loop
      vertex -3.5719 -5.74463 27.4397
      vertex -2.91844 -4.46215 27.89
      vertex -4.03973 -5.27681 27.4397
    endloop
  endfacet
  facet normal -0.432266 0.8484 0.305554
    outer loop
      vertex -25.8459 46.4922 2.11464
      vertex -27.2676 46.267 0.728655
      vertex -27.0029 45.9027 2.11464
    endloop
  endfacet
  facet normal 0.987685 0.156457 0
    outer loop
      vertex 53.7274 0 0.728655
      vertex 53.5022 1.42165 -0.728655
      vertex 53.5022 1.42165 0.728655
    endloop
  endfacet
  facet normal 0.987685 0.156457 0
    outer loop
      vertex 53.5022 1.42165 -0.728655
      vertex 53.7274 0 0.728655
      vertex 53.7274 0 -0.728655
    endloop
  endfacet
  facet normal 0.802466 -0.127144 0.582994
    outer loop
      vertex 53.2771 0 2.11464
      vertex 52.2593 -1.01779 3.29363
      vertex 53.0739 -1.28249 2.11464
    endloop
  endfacet
  facet normal -0.148903 0.940453 -0.305576
    outer loop
      vertex -25.8459 46.4922 -2.11464
      vertex -25.9851 46.9205 -0.728655
      vertex -24.5634 47.1456 -0.728655
    endloop
  endfacet
  facet normal -0.127078 0.802448 -0.583034
    outer loop
      vertex -25.5812 45.6775 -3.29363
      vertex -25.8459 46.4922 -2.11464
      vertex -24.5634 46.6953 -2.11464
    endloop
  endfacet
  facet normal -0.368833 0.723901 -0.583035
    outer loop
      vertex -25.5812 45.6775 -3.29363
      vertex -27.0029 45.9027 -2.11464
      vertex -25.8459 46.4922 -2.11464
    endloop
  endfacet
  facet normal 0.475776 0.824069 -0.307486
    outer loop
      vertex 51.5663 3.35759 -2.11464
      vertex -21.8593 46.267 -0.728655
      vertex 51.831 3.72192 -0.728655
    endloop
  endfacet
  facet normal 0.475779 0.824073 -0.30747
    outer loop
      vertex -21.8593 46.267 -0.728655
      vertex 51.5663 3.35759 -2.11464
      vertex -22.124 45.9027 -2.11464
    endloop
  endfacet
  facet normal 0.5 0.866026 -0
    outer loop
      vertex 51.831 3.72192 -0.728655
      vertex -21.8593 46.267 0.728655
      vertex 51.831 3.72192 0.728655
    endloop
  endfacet
  facet normal 0.5 0.866026 0
    outer loop
      vertex -21.8593 46.267 0.728655
      vertex 51.831 3.72192 -0.728655
      vertex -21.8593 46.267 -0.728655
    endloop
  endfacet
  facet normal 0.0926914 0.585244 -0.805542
    outer loop
      vertex -23.91 44.5562 -4.15021
      vertex -24.5634 45.8387 -3.29363
      vertex -23.5456 45.6775 -3.29363
    endloop
  endfacet
  facet normal 0.127078 0.802448 -0.583034
    outer loop
      vertex -23.5456 45.6775 -3.29363
      vertex -24.5634 46.6953 -2.11464
      vertex -23.2809 46.4922 -2.11464
    endloop
  endfacet
  facet normal -0.471948 0.240465 -0.848199
    outer loop
      vertex -24.0492 39.891 -6.49306
      vertex -4.03973 5.27681 -27.4397
      vertex -4.34009 4.68731 -27.4397
    endloop
  endfacet
  facet normal -0.472045 0.240389 -0.848167
    outer loop
      vertex -4.03973 5.27681 -27.4397
      vertex -24.0492 39.891 -6.49306
      vertex -24.025 39.8923 -6.50616
    endloop
  endfacet
  facet normal -0.471935 0.240474 -0.848203
    outer loop
      vertex -4.34009 4.68731 -27.4397
      vertex -24.5025 40.0125 -6.2064
      vertex -24.0492 39.891 -6.49306
    endloop
  endfacet
  facet normal -0.472056 0.240381 -0.848163
    outer loop
      vertex -24.5025 40.0125 -6.2064
      vertex -4.34009 4.68731 -27.4397
      vertex -24.8746 40.2541 -5.93083
    endloop
  endfacet
  facet normal -0.472055 0.240366 -0.848167
    outer loop
      vertex -26.5746 43.1986 -4.15021
      vertex -25.3842 41.5396 -5.28289
      vertex -25.3609 41.0965 -5.42143
    endloop
  endfacet
  facet normal -0.471897 0.240512 -0.848214
    outer loop
      vertex -25.3842 41.5396 -5.28289
      vertex -26.5746 43.1986 -4.15021
      vertex -26.2742 43.788 -4.15021
    endloop
  endfacet
  facet normal -0.471678 0.240683 -0.848287
    outer loop
      vertex -25.2627 41.9929 -5.22196
      vertex -26.2742 43.788 -4.15021
      vertex -25.2495 42.0132 -5.22354
    endloop
  endfacet
  facet normal -0.471916 0.240501 -0.848207
    outer loop
      vertex -26.2742 43.788 -4.15021
      vertex -25.2627 41.9929 -5.22196
      vertex -25.3842 41.5396 -5.28289
    endloop
  endfacet
  facet normal 0.848375 0.432276 -0.30561
    outer loop
      vertex 53.0739 1.28249 -2.11464
      vertex 52.4844 2.43943 -2.11464
      vertex 52.8488 2.70413 -0.728655
    endloop
  endfacet
  facet normal -0.0765341 0.483235 0.872139
    outer loop
      vertex -22.522 40.7727 6.48308
      vertex -2.32895 6.14849 27.4397
      vertex -22.4578 41.0126 6.35579
    endloop
  endfacet
  facet normal -0.0765449 0.48323 0.872141
    outer loop
      vertex -22.7776 40.3791 6.67873
      vertex -2.32895 6.14849 27.4397
      vertex -22.522 40.7727 6.48308
    endloop
  endfacet
  facet normal -0.0765313 0.483236 0.872138
    outer loop
      vertex -2.32895 6.14849 27.4397
      vertex -22.7776 40.3791 6.67873
      vertex -2.98241 6.045 27.4397
    endloop
  endfacet
  facet normal -0.0762847 0.483353 0.872096
    outer loop
      vertex -2.98241 6.045 27.4397
      vertex -22.7776 40.3791 6.67873
      vertex -22.7964 40.3639 6.68551
    endloop
  endfacet
  facet normal -0.0764922 0.483265 0.872126
    outer loop
      vertex -24.5634 44.6597 4.15021
      vertex -23.7356 42.8746 5.21198
      vertex -23.4956 42.8103 5.26866
    endloop
  endfacet
  facet normal -0.076587 0.483229 0.872138
    outer loop
      vertex -24.5634 44.6597 4.15021
      vertex -24.2042 42.85 5.18446
      vertex -23.7356 42.8746 5.21198
    endloop
  endfacet
  facet normal -0.0751643 0.483497 0.872113
    outer loop
      vertex -24.5634 44.6597 4.15021
      vertex -24.2268 42.8414 5.18728
      vertex -24.2042 42.85 5.18446
    endloop
  endfacet
  facet normal -0.0765365 0.483252 0.872129
    outer loop
      vertex -24.2268 42.8414 5.18728
      vertex -24.5634 44.6597 4.15021
      vertex -25.2169 44.5562 4.15021
    endloop
  endfacet
  facet normal 0.848375 0.432276 0.30561
    outer loop
      vertex 52.8488 2.70413 0.728655
      vertex 52.4844 2.43943 2.11464
      vertex 53.0739 1.28249 2.11464
    endloop
  endfacet
  facet normal 0.72392 0.368862 0.582993
    outer loop
      vertex 52.4844 2.43943 2.11464
      vertex 52.2593 1.01779 3.29363
      vertex 53.0739 1.28249 2.11464
    endloop
  endfacet
  facet normal 0.405274 0.701955 0.585673
    outer loop
      vertex -22.124 45.9027 2.11464
      vertex 51.0628 2.6646 3.29363
      vertex 51.5663 3.35759 2.11464
    endloop
  endfacet
  facet normal 0.405272 0.701952 0.585677
    outer loop
      vertex 51.0628 2.6646 3.29363
      vertex -22.124 45.9027 2.11464
      vertex -22.6275 45.2097 3.29363
    endloop
  endfacet
  facet normal -0.278417 0.141858 0.949926
    outer loop
      vertex -4.03973 5.27681 27.4397
      vertex -4.34009 4.68731 27.4397
      vertex -3.02194 4.25902 27.89
    endloop
  endfacet
  facet normal 0.462692 -0.0732847 0.883485
    outer loop
      vertex 49.2847 0 5.17501
      vertex 51.138 -0.65346 4.15021
      vertex 51.2415 0 4.15021
    endloop
  endfacet
  facet normal 0.462697 -0.0732688 0.883484
    outer loop
      vertex 49.2113 -0.463525 5.17501
      vertex 51.138 -0.65346 4.15021
      vertex 49.2847 0 5.17501
    endloop
  endfacet
  facet normal 0.46269 -0.0733321 0.883482
    outer loop
      vertex 51.138 -0.65346 4.15021
      vertex 49.2113 -0.463525 5.17501
      vertex 49.1145 -0.65346 5.20994
    endloop
  endfacet
  facet normal 0.462704 -0.0732028 0.883486
    outer loop
      vertex 6.77253 0 27.4397
      vertex 46.3582 -0.463525 6.66928
      vertex 46.2847 0 6.74618
    endloop
  endfacet
  facet normal 0.4627 -0.0732789 0.883481
    outer loop
      vertex 6.66904 -0.65346 27.4397
      vertex 46.3582 -0.463525 6.66928
      vertex 6.77253 0 27.4397
    endloop
  endfacet
  facet normal 0.462694 -0.0734728 0.883468
    outer loop
      vertex 46.3582 -0.463525 6.66928
      vertex 6.66904 -0.65346 27.4397
      vertex 46.4549 -0.65346 6.60284
    endloop
  endfacet
  facet normal 0.141861 -0.278417 0.949926
    outer loop
      vertex -1.90065 -4.62335 27.89
      vertex -2.10378 -4.72685 27.89
      vertex -1.08599 -5.74463 27.4397
    endloop
  endfacet
  facet normal 0.278415 0.141864 0.949926
    outer loop
      vertex 6.36867 1.24295 27.4397
      vertex 5.35089 0.225166 27.89
      vertex 6.66904 0.65346 27.4397
    endloop
  endfacet
  facet normal 0.0488771 0.308628 0.949926
    outer loop
      vertex -2.32895 6.14849 27.4397
      vertex -2.32895 4.76251 27.89
      vertex -2.10378 4.72685 27.89
    endloop
  endfacet
  facet normal -0.0488793 0.308628 0.949926
    outer loop
      vertex -2.32895 6.14849 27.4397
      vertex -2.55411 4.72685 27.89
      vertex -2.32895 4.76251 27.89
    endloop
  endfacet
  facet normal -0.308626 -0.0488768 0.949927
    outer loop
      vertex -3.0576 -4.03385 27.89
      vertex -4.44359 -4.03385 27.4397
      vertex -3.02194 -4.25902 27.89
    endloop
  endfacet
  facet normal -0.472055 -0.240366 0.848167
    outer loop
      vertex -26.5746 -43.1986 4.15021
      vertex -25.3842 -41.5396 5.28289
      vertex -25.3609 -41.0965 5.42143
    endloop
  endfacet
  facet normal -0.471897 -0.240512 0.848214
    outer loop
      vertex -25.3842 -41.5396 5.28289
      vertex -26.5746 -43.1986 4.15021
      vertex -26.2742 -43.788 4.15021
    endloop
  endfacet
  facet normal -0.471678 -0.240683 0.848287
    outer loop
      vertex -25.2627 -41.9929 5.22196
      vertex -26.2742 -43.788 4.15021
      vertex -25.2495 -42.0132 5.22354
    endloop
  endfacet
  facet normal -0.471916 -0.240501 0.848207
    outer loop
      vertex -26.2742 -43.788 4.15021
      vertex -25.2627 -41.9929 5.22196
      vertex -25.3842 -41.5396 5.28289
    endloop
  endfacet
  facet normal -0.471948 -0.240465 0.848199
    outer loop
      vertex -24.0492 -39.891 6.49306
      vertex -4.03973 -5.27681 27.4397
      vertex -4.34009 -4.68731 27.4397
    endloop
  endfacet
  facet normal -0.472045 -0.240389 0.848167
    outer loop
      vertex -4.03973 -5.27681 27.4397
      vertex -24.0492 -39.891 6.49306
      vertex -24.025 -39.8923 6.50616
    endloop
  endfacet
  facet normal -0.471935 -0.240474 0.848203
    outer loop
      vertex -4.34009 -4.68731 27.4397
      vertex -24.5025 -40.0125 6.2064
      vertex -24.0492 -39.891 6.49306
    endloop
  endfacet
  facet normal -0.472056 -0.240381 0.848163
    outer loop
      vertex -24.5025 -40.0125 6.2064
      vertex -4.34009 -4.68731 27.4397
      vertex -24.8746 -40.2541 5.93083
    endloop
  endfacet
  facet normal -0.278417 -0.141858 0.949926
    outer loop
      vertex -3.02194 -4.25902 27.89
      vertex -4.34009 -4.68731 27.4397
      vertex -4.03973 -5.27681 27.4397
    endloop
  endfacet
  facet normal -0.141861 -0.278417 0.949926
    outer loop
      vertex -2.75724 -4.62335 27.89
      vertex -3.5719 -5.74463 27.4397
      vertex -2.55411 -4.72685 27.89
    endloop
  endfacet
  facet normal 0.220955 -0.22095 0.949926
    outer loop
      vertex 5.24739 -0.428292 27.89
      vertex 5.90085 -1.71078 27.4397
      vertex 6.36867 -1.24295 27.4397
    endloop
  endfacet
  facet normal 0.220954 -0.220951 0.949926
    outer loop
      vertex 5.90085 -1.71078 27.4397
      vertex 5.24739 -0.428292 27.89
      vertex 5.08619 -0.589494 27.89
    endloop
  endfacet
  facet normal -0.723901 0.36885 0.583024
    outer loop
      vertex -27.228 44.481 3.29363
      vertex -27.921 44.9845 2.11464
      vertex -27.6958 43.5629 3.29363
    endloop
  endfacet
  facet normal -0.337054 0.337029 0.879094
    outer loop
      vertex -23.5805 39.9156 6.66764
      vertex -3.5719 5.74463 27.4397
      vertex -23.3513 40.0036 6.72178
    endloop
  endfacet
  facet normal -0.337035 0.337042 0.879096
    outer loop
      vertex -3.5719 5.74463 27.4397
      vertex -23.5805 39.9156 6.66764
      vertex -4.03973 5.27681 27.4397
    endloop
  endfacet
  facet normal -0.33703 0.337045 0.879097
    outer loop
      vertex -4.03973 5.27681 27.4397
      vertex -23.5805 39.9156 6.66764
      vertex -24.025 39.8923 6.50616
    endloop
  endfacet
  facet normal -0.337081 0.337009 0.879092
    outer loop
      vertex -26.2742 43.788 4.15021
      vertex -24.8163 42.541 5.18728
      vertex -25.8064 44.2559 4.15021
    endloop
  endfacet
  facet normal -0.337053 0.33704 0.87909
    outer loop
      vertex -24.8163 42.541 5.18728
      vertex -26.2742 43.788 4.15021
      vertex -25.0071 42.3865 5.17336
    endloop
  endfacet
  facet normal -0.337057 0.337036 0.87909
    outer loop
      vertex -25.0071 42.3865 5.17336
      vertex -26.2742 43.788 4.15021
      vertex -25.2495 42.0132 5.22354
    endloop
  endfacet
  facet normal -0.809013 0 0.587791
    outer loop
      vertex -28.7136 -42.5451 2.11464
      vertex -27.857 42.5451 3.29363
      vertex -28.7136 42.5451 2.11464
    endloop
  endfacet
  facet normal -0.809013 0 0.587791
    outer loop
      vertex -27.857 42.5451 3.29363
      vertex -28.7136 -42.5451 2.11464
      vertex -27.857 -42.5451 3.29363
    endloop
  endfacet
  facet normal -0.220953 0.220953 0.949926
    outer loop
      vertex -3.5719 5.74463 27.4397
      vertex -2.91844 4.46215 27.89
      vertex -2.75724 4.62335 27.89
    endloop
  endfacet
  facet normal -0.22095 0.220955 0.949926
    outer loop
      vertex -2.91844 4.46215 27.89
      vertex -3.5719 5.74463 27.4397
      vertex -4.03973 5.27681 27.4397
    endloop
  endfacet
  facet normal -0.454009 -0.890997 0
    outer loop
      vertex -27.2676 -46.267 -0.728655
      vertex -25.9851 -46.9205 0.728655
      vertex -27.2676 -46.267 0.728655
    endloop
  endfacet
  facet normal -0.454009 -0.890997 -0
    outer loop
      vertex -25.9851 -46.9205 0.728655
      vertex -27.2676 -46.267 -0.728655
      vertex -25.9851 -46.9205 -0.728655
    endloop
  endfacet
  facet normal -0.127078 -0.802448 -0.583034
    outer loop
      vertex -24.5634 -46.6953 -2.11464
      vertex -25.8459 -46.4922 -2.11464
      vertex -25.5812 -45.6775 -3.29363
    endloop
  endfacet
  facet normal -0.432266 -0.8484 -0.305554
    outer loop
      vertex -25.8459 -46.4922 -2.11464
      vertex -27.2676 -46.267 -0.728655
      vertex -27.0029 -45.9027 -2.11464
    endloop
  endfacet
  facet normal -0.0488793 -0.308628 -0.949926
    outer loop
      vertex -2.32895 -6.14849 -27.4397
      vertex -2.55411 -4.72685 -27.89
      vertex -2.32895 -4.76251 -27.89
    endloop
  endfacet
  facet normal 0.269017 -0.527968 -0.805531
    outer loop
      vertex -0.393001 -6.69846 -26.5831
      vertex -1.67549 -6.045 -27.4397
      vertex -1.08599 -5.74463 -27.4397
    endloop
  endfacet
  facet normal 0.418995 -0.419001 -0.805531
    outer loop
      vertex 6.59384 -2.6646 -26.5831
      vertex 6.36867 -1.24295 -27.4397
      vertex 7.3225 -1.93595 -26.5831
    endloop
  endfacet
  facet normal 0.419006 -0.418997 -0.805528
    outer loop
      vertex 6.36867 -1.24295 -27.4397
      vertex 6.59384 -2.6646 -26.5831
      vertex 5.90085 -1.71078 -27.4397
    endloop
  endfacet
  facet normal 0.418995 0.419001 -0.805531
    outer loop
      vertex 6.36867 1.24295 -27.4397
      vertex 6.59384 2.6646 -26.5831
      vertex 7.3225 1.93595 -26.5831
    endloop
  endfacet
  facet normal 0.419006 0.418997 -0.805528
    outer loop
      vertex 6.59384 2.6646 -26.5831
      vertex 6.36867 1.24295 -27.4397
      vertex 5.90085 1.71078 -27.4397
    endloop
  endfacet
  facet normal 0.848403 0.432246 0.305575
    outer loop
      vertex 53.5022 1.42165 0.728655
      vertex 52.8488 2.70413 0.728655
      vertex 53.0739 1.28249 2.11464
    endloop
  endfacet
  facet normal 0.940446 0.149006 -0.305546
    outer loop
      vertex 53.2771 0 -2.11464
      vertex 53.0739 1.28249 -2.11464
      vertex 53.7274 0 -0.728655
    endloop
  endfacet
  facet normal 0.420865 0.420836 -0.803598
    outer loop
      vertex 7.3225 1.93595 -26.5831
      vertex 51.0628 2.6646 -3.29363
      vertex 51.7914 1.93595 -3.29363
    endloop
  endfacet
  facet normal 0.420858 0.420864 -0.803587
    outer loop
      vertex 51.0628 2.6646 -3.29363
      vertex 7.3225 1.93595 -26.5831
      vertex 6.59384 2.6646 -26.5831
    endloop
  endfacet
  facet normal -0.707142 -0.707072 0
    outer loop
      vertex -27.2676 -46.267 -0.728655
      vertex -28.2853 -45.2492 0.728655
      vertex -28.2853 -45.2492 -0.728655
    endloop
  endfacet
  facet normal -0.707142 -0.707072 0
    outer loop
      vertex -28.2853 -45.2492 0.728655
      vertex -27.2676 -46.267 -0.728655
      vertex -27.2676 -46.267 0.728655
    endloop
  endfacet
  facet normal -0.58526 0.092698 -0.805529
    outer loop
      vertex -4.44359 4.03385 -27.4397
      vertex -5.62258 4.03385 -26.5831
      vertex -4.34009 4.68731 -27.4397
    endloop
  endfacet
  facet normal -0.308626 0.0488826 -0.949926
    outer loop
      vertex -3.02194 4.25902 -27.89
      vertex -4.44359 4.03385 -27.4397
      vertex -4.34009 4.68731 -27.4397
    endloop
  endfacet
  facet normal 0.087373 0.551951 -0.829286
    outer loop
      vertex -1.67549 6.045 -27.4397
      vertex -22.4578 41.0126 -6.35579
      vertex -22.4006 41.226 -6.20773
    endloop
  endfacet
  facet normal 0.0874164 0.551968 -0.829271
    outer loop
      vertex -22.4578 41.0126 -6.35579
      vertex -1.67549 6.045 -27.4397
      vertex -2.32895 6.14849 -27.4397
    endloop
  endfacet
  facet normal 0.0873312 0.551936 -0.829301
    outer loop
      vertex -22.4251 41.6947 -5.89837
      vertex -1.67549 6.045 -27.4397
      vertex -22.4006 41.226 -6.20773
    endloop
  endfacet
  facet normal 0.0875914 0.552032 -0.82921
    outer loop
      vertex -22.5933 42.1328 -5.62448
      vertex -1.67549 6.045 -27.4397
      vertex -22.4251 41.6947 -5.89837
    endloop
  endfacet
  facet normal 0.0877752 0.552099 -0.829145
    outer loop
      vertex -22.5933 42.1328 -5.62448
      vertex -23.91 44.5562 -4.15021
      vertex -1.67549 6.045 -27.4397
    endloop
  endfacet
  facet normal 0.0872768 0.551929 -0.829311
    outer loop
      vertex -22.8887 42.4975 -5.41285
      vertex -23.91 44.5562 -4.15021
      vertex -22.5933 42.1328 -5.62448
    endloop
  endfacet
  facet normal 0.0874464 0.551981 -0.829259
    outer loop
      vertex -23.2823 42.7531 -5.28422
      vertex -23.91 44.5562 -4.15021
      vertex -22.8887 42.4975 -5.41285
    endloop
  endfacet
  facet normal 0.087536 0.551999 -0.829237
    outer loop
      vertex -23.4956 42.8103 -5.26866
      vertex -23.91 44.5562 -4.15021
      vertex -23.2823 42.7531 -5.28422
    endloop
  endfacet
  facet normal 0.087436 0.551987 -0.829256
    outer loop
      vertex -23.91 44.5562 -4.15021
      vertex -23.4956 42.8103 -5.26866
      vertex -24.5634 44.6597 -4.15021
    endloop
  endfacet
  facet normal 0.0488781 -0.308628 -0.949926
    outer loop
      vertex -1.67549 -6.045 -27.4397
      vertex -2.32895 -6.14849 -27.4397
      vertex -2.10378 -4.72685 -27.89
    endloop
  endfacet
  facet normal -0.308626 0.0488768 -0.949927
    outer loop
      vertex -3.0576 4.03385 -27.89
      vertex -4.44359 4.03385 -27.4397
      vertex -3.02194 4.25902 -27.89
    endloop
  endfacet
  facet normal 0.0488771 -0.308628 -0.949926
    outer loop
      vertex -2.10378 -4.72685 -27.89
      vertex -2.32895 -6.14849 -27.4397
      vertex -2.32895 -4.76251 -27.89
    endloop
  endfacet
  facet normal -0.527931 -0.269071 -0.805537
    outer loop
      vertex -26.2742 -43.788 -4.15021
      vertex -27.228 -44.481 -3.29363
      vertex -26.5746 -43.1986 -4.15021
    endloop
  endfacet
  facet normal -0.58526 -0.092698 -0.805529
    outer loop
      vertex -4.34009 -4.68731 -27.4397
      vertex -5.62258 -4.03385 -26.5831
      vertex -4.44359 -4.03385 -27.4397
    endloop
  endfacet
  facet normal -0.564973 -0.162965 -0.808856
    outer loop
      vertex -24.8746 -40.2541 -5.93083
      vertex -5.46137 -5.05164 -26.5831
      vertex -4.34009 -4.68731 -27.4397
    endloop
  endfacet
  facet normal -0.562904 -0.164741 -0.809938
    outer loop
      vertex -24.8961 -40.2681 -5.91304
      vertex -5.46137 -5.05164 -26.5831
      vertex -24.8746 -40.2541 -5.93083
    endloop
  endfacet
  facet normal -0.565225 -0.162747 -0.808724
    outer loop
      vertex -25.1914 -40.6328 -5.63326
      vertex -5.46137 -5.05164 -26.5831
      vertex -24.8961 -40.2681 -5.91304
    endloop
  endfacet
  facet normal -0.565008 -0.162916 -0.808841
    outer loop
      vertex -27.6958 -43.5629 -3.29363
      vertex -25.3609 -41.0965 -5.42143
      vertex -26.5746 -43.1986 -4.15021
    endloop
  endfacet
  facet normal -0.564315 -0.16383 -0.809141
    outer loop
      vertex -25.3609 -41.0965 -5.42143
      vertex -27.6958 -43.5629 -3.29363
      vertex -25.3596 -41.0709 -5.42752
    endloop
  endfacet
  facet normal -0.564975 -0.162963 -0.808855
    outer loop
      vertex -25.1914 -40.6328 -5.63326
      vertex -27.6958 -43.5629 -3.29363
      vertex -5.46137 -5.05164 -26.5831
    endloop
  endfacet
  facet normal -0.565008 -0.162922 -0.80884
    outer loop
      vertex -25.3596 -41.0709 -5.42752
      vertex -27.6958 -43.5629 -3.29363
      vertex -25.1914 -40.6328 -5.63326
    endloop
  endfacet
  facet normal -0.419046 -0.418956 -0.805528
    outer loop
      vertex -26.4994 -45.2097 -3.29363
      vertex -26.2742 -43.788 -4.15021
      vertex -25.8064 -44.2559 -4.15021
    endloop
  endfacet
  facet normal -0.419022 -0.418965 -0.805536
    outer loop
      vertex -26.2742 -43.788 -4.15021
      vertex -26.4994 -45.2097 -3.29363
      vertex -27.228 -44.481 -3.29363
    endloop
  endfacet
  facet normal -0.848385 0.432296 -0.305555
    outer loop
      vertex -27.921 44.9845 -2.11464
      vertex -28.5105 43.8276 -2.11464
      vertex -28.2853 45.2492 -0.728655
    endloop
  endfacet
  facet normal -0.673322 0.673256 0.305556
    outer loop
      vertex -28.2853 45.2492 0.728655
      vertex -27.0029 45.9027 2.11464
      vertex -27.2676 46.267 0.728655
    endloop
  endfacet
  facet normal -0.673325 0.673251 0.30556
    outer loop
      vertex -27.0029 45.9027 2.11464
      vertex -28.2853 45.2492 0.728655
      vertex -27.921 44.9845 2.11464
    endloop
  endfacet
  facet normal -0.809013 0 -0.587791
    outer loop
      vertex -27.857 -42.5451 -3.29363
      vertex -28.7136 42.5451 -2.11464
      vertex -27.857 42.5451 -3.29363
    endloop
  endfacet
  facet normal -0.809013 -0 -0.587791
    outer loop
      vertex -28.7136 42.5451 -2.11464
      vertex -27.857 -42.5451 -3.29363
      vertex -28.7136 -42.5451 -2.11464
    endloop
  endfacet
  facet normal -0.673322 0.673256 -0.305556
    outer loop
      vertex -27.0029 45.9027 -2.11464
      vertex -28.2853 45.2492 -0.728655
      vertex -27.2676 46.267 -0.728655
    endloop
  endfacet
  facet normal -0.673325 0.673251 -0.30556
    outer loop
      vertex -28.2853 45.2492 -0.728655
      vertex -27.0029 45.9027 -2.11464
      vertex -27.921 44.9845 -2.11464
    endloop
  endfacet
  facet normal -0.951043 0 0.309058
    outer loop
      vertex -29.164 -42.5451 0.728655
      vertex -28.7136 42.5451 2.11464
      vertex -29.164 42.5451 0.728655
    endloop
  endfacet
  facet normal -0.951043 0 0.309058
    outer loop
      vertex -28.7136 42.5451 2.11464
      vertex -29.164 -42.5451 0.728655
      vertex -28.7136 -42.5451 2.11464
    endloop
  endfacet
  facet normal -0.268989 -0.527972 0.805538
    outer loop
      vertex -25.2169 -44.5562 4.15021
      vertex -26.4994 -45.2097 3.29363
      vertex -25.5812 -45.6775 3.29363
    endloop
  endfacet
  facet normal -0.432266 -0.8484 0.305554
    outer loop
      vertex -27.0029 -45.9027 2.11464
      vertex -27.2676 -46.267 0.728655
      vertex -25.8459 -46.4922 2.11464
    endloop
  endfacet
  facet normal -0.0926905 -0.585249 0.805539
    outer loop
      vertex -24.5634 -44.6597 4.15021
      vertex -25.2169 -44.5562 4.15021
      vertex -24.5634 -45.8387 3.29363
    endloop
  endfacet
  facet normal -0.574534 -0.574455 0.58302
    outer loop
      vertex -27.228 -44.481 3.29363
      vertex -27.0029 -45.9027 2.11464
      vertex -26.4994 -45.2097 3.29363
    endloop
  endfacet
  facet normal -0.574522 -0.574459 0.583028
    outer loop
      vertex -27.0029 -45.9027 2.11464
      vertex -27.228 -44.481 3.29363
      vertex -27.921 -44.9845 2.11464
    endloop
  endfacet
  facet normal 0.940446 -0.149006 -0.305546
    outer loop
      vertex 53.7274 0 -0.728655
      vertex 53.0739 -1.28249 -2.11464
      vertex 53.2771 0 -2.11464
    endloop
  endfacet
  facet normal 0.72392 -0.368862 0.582993
    outer loop
      vertex 53.0739 -1.28249 2.11464
      vertex 52.2593 -1.01779 3.29363
      vertex 52.4844 -2.43943 2.11464
    endloop
  endfacet
  facet normal 0.432296 0.848384 -0.305556
    outer loop
      vertex -21.8593 46.267 -0.728655
      vertex -23.2809 46.4922 -2.11464
      vertex -23.1418 46.9205 -0.728655
    endloop
  endfacet
  facet normal 0.148914 0.940454 -0.305566
    outer loop
      vertex -23.2809 46.4922 -2.11464
      vertex -24.5634 47.1456 -0.728655
      vertex -23.1418 46.9205 -0.728655
    endloop
  endfacet
  facet normal 0.314671 0.617584 -0.720814
    outer loop
      vertex -1.31116 7.16628 -26.5831
      vertex -22.6275 45.2097 -3.29363
      vertex -0.393001 6.69846 -26.5831
    endloop
  endfacet
  facet normal 0.314679 0.617585 -0.720809
    outer loop
      vertex -22.6275 45.2097 -3.29363
      vertex -1.31116 7.16628 -26.5831
      vertex -23.5456 45.6775 -3.29363
    endloop
  endfacet
  facet normal -0.0765313 0.483236 -0.872138
    outer loop
      vertex -22.7776 40.3791 -6.67873
      vertex -2.32895 6.14849 -27.4397
      vertex -2.98241 6.045 -27.4397
    endloop
  endfacet
  facet normal -0.0765341 0.483235 -0.872139
    outer loop
      vertex -2.32895 6.14849 -27.4397
      vertex -22.522 40.7727 -6.48308
      vertex -22.4578 41.0126 -6.35579
    endloop
  endfacet
  facet normal -0.0765449 0.48323 -0.872141
    outer loop
      vertex -2.32895 6.14849 -27.4397
      vertex -22.7776 40.3791 -6.67873
      vertex -22.522 40.7727 -6.48308
    endloop
  endfacet
  facet normal -0.0762847 0.483353 -0.872096
    outer loop
      vertex -22.7776 40.3791 -6.67873
      vertex -2.98241 6.045 -27.4397
      vertex -22.7964 40.3639 -6.68551
    endloop
  endfacet
  facet normal -0.0764922 0.483265 -0.872126
    outer loop
      vertex -23.7356 42.8746 -5.21198
      vertex -24.5634 44.6597 -4.15021
      vertex -23.4956 42.8103 -5.26866
    endloop
  endfacet
  facet normal -0.076587 0.483229 -0.872138
    outer loop
      vertex -24.2042 42.85 -5.18446
      vertex -24.5634 44.6597 -4.15021
      vertex -23.7356 42.8746 -5.21198
    endloop
  endfacet
  facet normal -0.0751643 0.483497 -0.872113
    outer loop
      vertex -24.2268 42.8414 -5.18728
      vertex -24.5634 44.6597 -4.15021
      vertex -24.2042 42.85 -5.18446
    endloop
  endfacet
  facet normal -0.0765365 0.483252 -0.872129
    outer loop
      vertex -24.5634 44.6597 -4.15021
      vertex -24.2268 42.8414 -5.18728
      vertex -25.2169 44.5562 -4.15021
    endloop
  endfacet
  facet normal -0.268969 0.527997 -0.805528
    outer loop
      vertex -25.8064 44.2559 -4.15021
      vertex -26.4994 45.2097 -3.29363
      vertex -25.2169 44.5562 -4.15021
    endloop
  endfacet
  facet normal -0.527931 0.269071 -0.805537
    outer loop
      vertex -26.5746 43.1986 -4.15021
      vertex -27.228 44.481 -3.29363
      vertex -26.2742 43.788 -4.15021
    endloop
  endfacet
  facet normal -0.268989 0.527972 -0.805538
    outer loop
      vertex -25.2169 44.5562 -4.15021
      vertex -26.4994 45.2097 -3.29363
      vertex -25.5812 45.6775 -3.29363
    endloop
  endfacet
  facet normal 0.585248 -0.0926961 -0.805538
    outer loop
      vertex 52.4205 0 -3.29363
      vertex 51.138 -0.65346 -4.15021
      vertex 51.2415 0 -4.15021
    endloop
  endfacet
  facet normal 0.585247 -0.0926929 -0.805539
    outer loop
      vertex 52.2593 -1.01779 -3.29363
      vertex 51.138 -0.65346 -4.15021
      vertex 52.4205 0 -3.29363
    endloop
  endfacet
  facet normal -0.148933 0.940456 0.30555
    outer loop
      vertex -24.5634 47.1456 0.728655
      vertex -25.8459 46.4922 2.11464
      vertex -24.5634 46.6953 2.11464
    endloop
  endfacet
  facet normal 0.127093 0.802452 0.583025
    outer loop
      vertex -24.5634 46.6953 2.11464
      vertex -24.5634 45.8387 3.29363
      vertex -23.5456 45.6775 3.29363
    endloop
  endfacet
  facet normal 0.141862 -0.278416 0.949926
    outer loop
      vertex -1.08599 -5.74463 27.4397
      vertex -2.10378 -4.72685 27.89
      vertex -1.67549 -6.045 27.4397
    endloop
  endfacet
  facet normal 0.0488781 -0.308628 0.949926
    outer loop
      vertex -2.10378 -4.72685 27.89
      vertex -2.32895 -6.14849 27.4397
      vertex -1.67549 -6.045 27.4397
    endloop
  endfacet
  facet normal -0.7233 0 0.690534
    outer loop
      vertex -27.857 42.5451 3.29363
      vertex -5.62258 -4.03385 26.5831
      vertex -5.62258 4.03385 26.5831
    endloop
  endfacet
  facet normal -0.7233 0 0.690534
    outer loop
      vertex -5.62258 -4.03385 26.5831
      vertex -27.857 42.5451 3.29363
      vertex -27.857 -42.5451 3.29363
    endloop
  endfacet
  facet normal -0.527931 -0.269071 0.805537
    outer loop
      vertex -26.5746 -43.1986 4.15021
      vertex -27.228 -44.481 3.29363
      vertex -26.2742 -43.788 4.15021
    endloop
  endfacet
  facet normal -0.368833 0.723901 0.583035
    outer loop
      vertex -25.8459 46.4922 2.11464
      vertex -27.0029 45.9027 2.11464
      vertex -25.5812 45.6775 3.29363
    endloop
  endfacet
  facet normal -0.527931 0.269071 0.805537
    outer loop
      vertex -26.2742 43.788 4.15021
      vertex -27.228 44.481 3.29363
      vertex -26.5746 43.1986 4.15021
    endloop
  endfacet
  facet normal -0.564973 0.162965 0.808856
    outer loop
      vertex -24.8746 40.2541 5.93083
      vertex -5.46137 5.05164 26.5831
      vertex -4.34009 4.68731 27.4397
    endloop
  endfacet
  facet normal -0.562904 0.164741 0.809938
    outer loop
      vertex -24.8961 40.2681 5.91304
      vertex -5.46137 5.05164 26.5831
      vertex -24.8746 40.2541 5.93083
    endloop
  endfacet
  facet normal -0.565225 0.162747 0.808724
    outer loop
      vertex -25.1914 40.6328 5.63326
      vertex -5.46137 5.05164 26.5831
      vertex -24.8961 40.2681 5.91304
    endloop
  endfacet
  facet normal -0.565008 0.162916 0.808841
    outer loop
      vertex -27.6958 43.5629 3.29363
      vertex -25.3609 41.0965 5.42143
      vertex -26.5746 43.1986 4.15021
    endloop
  endfacet
  facet normal -0.564315 0.16383 0.809141
    outer loop
      vertex -25.3609 41.0965 5.42143
      vertex -27.6958 43.5629 3.29363
      vertex -25.3596 41.0709 5.42752
    endloop
  endfacet
  facet normal -0.564975 0.162963 0.808855
    outer loop
      vertex -25.1914 40.6328 5.63326
      vertex -27.6958 43.5629 3.29363
      vertex -5.46137 5.05164 26.5831
    endloop
  endfacet
  facet normal -0.565008 0.162922 0.80884
    outer loop
      vertex -25.3596 41.0709 5.42752
      vertex -27.6958 43.5629 3.29363
      vertex -25.1914 40.6328 5.63326
    endloop
  endfacet
  facet normal -0.802448 0.127078 0.583034
    outer loop
      vertex -28.5105 43.8276 2.11464
      vertex -28.7136 42.5451 2.11464
      vertex -27.6958 43.5629 3.29363
    endloop
  endfacet
  facet normal -0.802452 -0.127093 0.583025
    outer loop
      vertex -27.857 -42.5451 3.29363
      vertex -28.7136 -42.5451 2.11464
      vertex -27.6958 -43.5629 3.29363
    endloop
  endfacet
  facet normal -0.58526 0.092698 0.805529
    outer loop
      vertex -4.34009 4.68731 27.4397
      vertex -5.62258 4.03385 26.5831
      vertex -4.44359 4.03385 27.4397
    endloop
  endfacet
  facet normal -0.368833 -0.723901 -0.583035
    outer loop
      vertex -25.8459 -46.4922 -2.11464
      vertex -27.0029 -45.9027 -2.11464
      vertex -25.5812 -45.6775 -3.29363
    endloop
  endfacet
  facet normal -0.673325 -0.673251 -0.30556
    outer loop
      vertex -27.0029 -45.9027 -2.11464
      vertex -28.2853 -45.2492 -0.728655
      vertex -27.921 -44.9845 -2.11464
    endloop
  endfacet
  facet normal -0.673322 -0.673256 -0.305556
    outer loop
      vertex -28.2853 -45.2492 -0.728655
      vertex -27.0029 -45.9027 -2.11464
      vertex -27.2676 -46.267 -0.728655
    endloop
  endfacet
  facet normal -0.432292 -0.848376 -0.305584
    outer loop
      vertex -25.9851 -46.9205 -0.728655
      vertex -27.2676 -46.267 -0.728655
      vertex -25.8459 -46.4922 -2.11464
    endloop
  endfacet
  facet normal -0.368819 -0.723919 -0.583021
    outer loop
      vertex -25.5812 -45.6775 -3.29363
      vertex -27.0029 -45.9027 -2.11464
      vertex -26.4994 -45.2097 -3.29363
    endloop
  endfacet
  facet normal -0.585261 0.0927008 -0.805528
    outer loop
      vertex -4.34009 4.68731 -27.4397
      vertex -5.62258 4.03385 -26.5831
      vertex -5.46137 5.05164 -26.5831
    endloop
  endfacet
  facet normal -0.278417 0.141858 -0.949926
    outer loop
      vertex -3.02194 4.25902 -27.89
      vertex -4.34009 4.68731 -27.4397
      vertex -4.03973 5.27681 -27.4397
    endloop
  endfacet
  facet normal -0.587791 0 -0.809013
    outer loop
      vertex -5.62258 -4.03385 -26.5831
      vertex -4.44359 4.03385 -27.4397
      vertex -4.44359 -4.03385 -27.4397
    endloop
  endfacet
  facet normal -0.587791 0 -0.809013
    outer loop
      vertex -4.44359 4.03385 -27.4397
      vertex -5.62258 -4.03385 -26.5831
      vertex -5.62258 4.03385 -26.5831
    endloop
  endfacet
  facet normal 0.142627 0.571184 -0.808336
    outer loop
      vertex -23.91 44.5562 -4.15021
      vertex -1.31116 7.16628 -26.5831
      vertex -1.67549 6.045 -27.4397
    endloop
  endfacet
  facet normal 0.142594 0.571172 -0.80835
    outer loop
      vertex -1.31116 7.16628 -26.5831
      vertex -23.91 44.5562 -4.15021
      vertex -23.5456 45.6775 -3.29363
    endloop
  endfacet
  facet normal 0.278416 0.141863 -0.949926
    outer loop
      vertex 5.35089 0.225166 -27.89
      vertex 5.24739 0.428292 -27.89
      vertex 6.36867 1.24295 -27.4397
    endloop
  endfacet
  facet normal 0.278415 0.141864 -0.949926
    outer loop
      vertex 6.66904 0.65346 -27.4397
      vertex 5.35089 0.225166 -27.89
      vertex 6.36867 1.24295 -27.4397
    endloop
  endfacet
  facet normal 0.308628 0.0488781 -0.949926
    outer loop
      vertex 6.77253 0 -27.4397
      vertex 5.35089 0.225166 -27.89
      vertex 6.66904 0.65346 -27.4397
    endloop
  endfacet
  facet normal -0.308626 -0.0488826 -0.949926
    outer loop
      vertex -4.34009 -4.68731 -27.4397
      vertex -4.44359 -4.03385 -27.4397
      vertex -3.02194 -4.25902 -27.89
    endloop
  endfacet
  facet normal -0.471734 -0.240722 -0.848245
    outer loop
      vertex -25.2495 -42.0132 -5.22354
      vertex -26.5746 -43.1986 -4.15021
      vertex -25.2627 -41.9929 -5.22196
    endloop
  endfacet
  facet normal -0.471897 -0.240512 -0.848214
    outer loop
      vertex -26.5746 -43.1986 -4.15021
      vertex -25.2495 -42.0132 -5.22354
      vertex -26.2742 -43.788 -4.15021
    endloop
  endfacet
  facet normal -0.47191 -0.2405 -0.84821
    outer loop
      vertex -25.2627 -41.9929 -5.22196
      vertex -26.5746 -43.1986 -4.15021
      vertex -25.3842 -41.5396 -5.28289
    endloop
  endfacet
  facet normal -0.472055 -0.240366 -0.848167
    outer loop
      vertex -25.3842 -41.5396 -5.28289
      vertex -26.5746 -43.1986 -4.15021
      vertex -25.3609 -41.0965 -5.42143
    endloop
  endfacet
  facet normal -0.472045 -0.240389 -0.848167
    outer loop
      vertex -24.0492 -39.891 -6.49306
      vertex -4.03973 -5.27681 -27.4397
      vertex -24.025 -39.8923 -6.50616
    endloop
  endfacet
  facet normal -0.471948 -0.240465 -0.848199
    outer loop
      vertex -4.03973 -5.27681 -27.4397
      vertex -24.0492 -39.891 -6.49306
      vertex -4.34009 -4.68731 -27.4397
    endloop
  endfacet
  facet normal -0.471935 -0.240474 -0.848203
    outer loop
      vertex -24.5025 -40.0125 -6.2064
      vertex -4.34009 -4.68731 -27.4397
      vertex -24.0492 -39.891 -6.49306
    endloop
  endfacet
  facet normal -0.472056 -0.240381 -0.848163
    outer loop
      vertex -4.34009 -4.68731 -27.4397
      vertex -24.5025 -40.0125 -6.2064
      vertex -24.8746 -40.2541 -5.93083
    endloop
  endfacet
  facet normal 0.141862 0.278416 -0.949926
    outer loop
      vertex -1.08599 5.74463 -27.4397
      vertex -2.10378 4.72685 -27.89
      vertex -1.67549 6.045 -27.4397
    endloop
  endfacet
  facet normal 0.141861 0.278417 -0.949926
    outer loop
      vertex -1.90065 4.62335 -27.89
      vertex -2.10378 4.72685 -27.89
      vertex -1.08599 5.74463 -27.4397
    endloop
  endfacet
  facet normal 0.141861 -0.278417 -0.949926
    outer loop
      vertex -1.08599 -5.74463 -27.4397
      vertex -2.10378 -4.72685 -27.89
      vertex -1.90065 -4.62335 -27.89
    endloop
  endfacet
  facet normal -0.848384 0.432296 -0.305556
    outer loop
      vertex -28.5105 43.8276 -2.11464
      vertex -28.9388 43.9667 -0.728655
      vertex -28.2853 45.2492 -0.728655
    endloop
  endfacet
  facet normal -0.940443 0.148978 -0.305569
    outer loop
      vertex -28.5105 43.8276 -2.11464
      vertex -29.164 42.5451 -0.728655
      vertex -28.9388 43.9667 -0.728655
    endloop
  endfacet
  facet normal -0.432292 0.848376 -0.305584
    outer loop
      vertex -25.8459 46.4922 -2.11464
      vertex -27.2676 46.267 -0.728655
      vertex -25.9851 46.9205 -0.728655
    endloop
  endfacet
  facet normal -0.432266 0.8484 -0.305554
    outer loop
      vertex -27.0029 45.9027 -2.11464
      vertex -27.2676 46.267 -0.728655
      vertex -25.8459 46.4922 -2.11464
    endloop
  endfacet
  facet normal -0.890997 -0.454009 0
    outer loop
      vertex -28.2853 -45.2492 -0.728655
      vertex -28.9388 -43.9667 0.728655
      vertex -28.9388 -43.9667 -0.728655
    endloop
  endfacet
  facet normal -0.890997 -0.454009 0
    outer loop
      vertex -28.9388 -43.9667 0.728655
      vertex -28.2853 -45.2492 -0.728655
      vertex -28.2853 -45.2492 0.728655
    endloop
  endfacet
  facet normal -0.127078 -0.802448 0.583034
    outer loop
      vertex -25.5812 -45.6775 3.29363
      vertex -25.8459 -46.4922 2.11464
      vertex -24.5634 -46.6953 2.11464
    endloop
  endfacet
  facet normal -0.127093 -0.802452 0.583025
    outer loop
      vertex -24.5634 -45.8387 3.29363
      vertex -25.5812 -45.6775 3.29363
      vertex -24.5634 -46.6953 2.11464
    endloop
  endfacet
  facet normal -0.723889 -0.368859 0.583033
    outer loop
      vertex -27.6958 -43.5629 3.29363
      vertex -28.5105 -43.8276 2.11464
      vertex -27.921 -44.9845 2.11464
    endloop
  endfacet
  facet normal -0.210907 -0.413812 0.885595
    outer loop
      vertex -24.6424 -42.6818 5.16288
      vertex -25.2169 -44.5562 4.15021
      vertex -24.2268 -42.8414 5.18728
    endloop
  endfacet
  facet normal -0.210815 -0.413845 0.885601
    outer loop
      vertex -25.8064 -44.2559 4.15021
      vertex -24.6424 -42.6818 5.16288
      vertex -24.8163 -42.541 5.18728
    endloop
  endfacet
  facet normal -0.210818 -0.413843 0.885601
    outer loop
      vertex -24.6424 -42.6818 5.16288
      vertex -25.8064 -44.2559 4.15021
      vertex -25.2169 -44.5562 4.15021
    endloop
  endfacet
  facet normal -0.21086 -0.413822 0.885601
    outer loop
      vertex -23.1424 -40.0838 6.73405
      vertex -2.98241 -6.045 27.4397
      vertex -3.5719 -5.74463 27.4397
    endloop
  endfacet
  facet normal -0.210795 -0.413859 0.885599
    outer loop
      vertex -2.98241 -6.045 27.4397
      vertex -23.1424 -40.0838 6.73405
      vertex -22.7964 -40.3639 6.68551
    endloop
  endfacet
  facet normal -0.210885 -0.413809 0.885602
    outer loop
      vertex -23.1424 -40.0838 6.73405
      vertex -3.5719 -5.74463 27.4397
      vertex -23.3513 -40.0036 6.72178
    endloop
  endfacet
  facet normal 0.673308 -0.673264 -0.305569
    outer loop
      vertex 52.4844 -2.43943 -2.11464
      vertex 51.831 -3.72192 -0.728655
      vertex 51.5663 -3.35759 -2.11464
    endloop
  endfacet
  facet normal 0.673275 -0.673282 -0.305602
    outer loop
      vertex 51.831 -3.72192 -0.728655
      vertex 52.4844 -2.43943 -2.11464
      vertex 52.8488 -2.70413 -0.728655
    endloop
  endfacet
  facet normal 0.574513 -0.574476 -0.58302
    outer loop
      vertex 51.5663 -3.35759 -2.11464
      vertex 51.7914 -1.93595 -3.29363
      vertex 52.4844 -2.43943 -2.11464
    endloop
  endfacet
  facet normal 0.574515 -0.574475 -0.583019
    outer loop
      vertex 51.7914 -1.93595 -3.29363
      vertex 51.5663 -3.35759 -2.11464
      vertex 51.0628 -2.6646 -3.29363
    endloop
  endfacet
  facet normal 0.574513 -0.574476 0.58302
    outer loop
      vertex 51.7914 -1.93595 3.29363
      vertex 51.5663 -3.35759 2.11464
      vertex 52.4844 -2.43943 2.11464
    endloop
  endfacet
  facet normal 0.574515 -0.574475 0.583019
    outer loop
      vertex 51.5663 -3.35759 2.11464
      vertex 51.7914 -1.93595 3.29363
      vertex 51.0628 -2.6646 3.29363
    endloop
  endfacet
  facet normal 0.454009 0.890997 -0
    outer loop
      vertex -21.8593 46.267 -0.728655
      vertex -23.1418 46.9205 0.728655
      vertex -21.8593 46.267 0.728655
    endloop
  endfacet
  facet normal 0.454009 0.890997 0
    outer loop
      vertex -23.1418 46.9205 0.728655
      vertex -21.8593 46.267 -0.728655
      vertex -23.1418 46.9205 -0.728655
    endloop
  endfacet
  facet normal -0.0926905 0.585249 -0.805539
    outer loop
      vertex -24.5634 44.6597 -4.15021
      vertex -25.2169 44.5562 -4.15021
      vertex -24.5634 45.8387 -3.29363
    endloop
  endfacet
  facet normal -0.0926923 0.585249 -0.805538
    outer loop
      vertex -25.2169 44.5562 -4.15021
      vertex -25.5812 45.6775 -3.29363
      vertex -24.5634 45.8387 -3.29363
    endloop
  endfacet
  facet normal -0.527989 0.269026 -0.805514
    outer loop
      vertex -26.5746 43.1986 -4.15021
      vertex -27.6958 43.5629 -3.29363
      vertex -27.228 44.481 -3.29363
    endloop
  endfacet
  facet normal 0.848403 -0.432246 0.305575
    outer loop
      vertex 53.0739 -1.28249 2.11464
      vertex 52.8488 -2.70413 0.728655
      vertex 53.5022 -1.42165 0.728655
    endloop
  endfacet
  facet normal 0.802466 -0.127144 -0.582994
    outer loop
      vertex 53.0739 -1.28249 -2.11464
      vertex 52.2593 -1.01779 -3.29363
      vertex 53.2771 0 -2.11464
    endloop
  endfacet
  facet normal 0.0927046 0.585248 0.805538
    outer loop
      vertex -24.5634 45.8387 3.29363
      vertex -24.5634 44.6597 4.15021
      vertex -23.91 44.5562 4.15021
    endloop
  endfacet
  facet normal 0.0926914 0.585244 0.805542
    outer loop
      vertex -23.5456 45.6775 3.29363
      vertex -24.5634 45.8387 3.29363
      vertex -23.91 44.5562 4.15021
    endloop
  endfacet
  facet normal -0.631794 -0.100071 0.76865
    outer loop
      vertex -27.857 -42.5451 3.29363
      vertex -5.46137 -5.05164 26.5831
      vertex -5.62258 -4.03385 26.5831
    endloop
  endfacet
  facet normal -0.6318 -0.100065 0.768645
    outer loop
      vertex -5.46137 -5.05164 26.5831
      vertex -27.857 -42.5451 3.29363
      vertex -27.6958 -43.5629 3.29363
    endloop
  endfacet
  facet normal -0.707142 0.707072 0
    outer loop
      vertex -28.2853 45.2492 -0.728655
      vertex -27.2676 46.267 0.728655
      vertex -27.2676 46.267 -0.728655
    endloop
  endfacet
  facet normal -0.707142 0.707072 0
    outer loop
      vertex -27.2676 46.267 0.728655
      vertex -28.2853 45.2492 -0.728655
      vertex -28.2853 45.2492 0.728655
    endloop
  endfacet
  facet normal -0.848384 0.432296 0.305556
    outer loop
      vertex -28.2853 45.2492 0.728655
      vertex -28.9388 43.9667 0.728655
      vertex -28.5105 43.8276 2.11464
    endloop
  endfacet
  facet normal -0.723901 -0.36885 0.583024
    outer loop
      vertex -27.6958 -43.5629 3.29363
      vertex -27.921 -44.9845 2.11464
      vertex -27.228 -44.481 3.29363
    endloop
  endfacet
  facet normal -0.940437 -0.14893 0.305611
    outer loop
      vertex -28.7136 -42.5451 2.11464
      vertex -29.164 -42.5451 0.728655
      vertex -28.5105 -43.8276 2.11464
    endloop
  endfacet
  facet normal -0.802448 -0.127078 0.583034
    outer loop
      vertex -27.6958 -43.5629 3.29363
      vertex -28.7136 -42.5451 2.11464
      vertex -28.5105 -43.8276 2.11464
    endloop
  endfacet
  facet normal -0.585261 0.0927008 0.805528
    outer loop
      vertex -5.46137 5.05164 26.5831
      vertex -5.62258 4.03385 26.5831
      vertex -4.34009 4.68731 27.4397
    endloop
  endfacet
  facet normal -0.802452 0.127093 0.583025
    outer loop
      vertex -27.6958 43.5629 3.29363
      vertex -28.7136 42.5451 2.11464
      vertex -27.857 42.5451 3.29363
    endloop
  endfacet
  facet normal -0.0926905 -0.585249 -0.805539
    outer loop
      vertex -24.5634 -45.8387 -3.29363
      vertex -25.2169 -44.5562 -4.15021
      vertex -24.5634 -44.6597 -4.15021
    endloop
  endfacet
  facet normal 0.0927046 -0.585248 -0.805538
    outer loop
      vertex -23.91 -44.5562 -4.15021
      vertex -24.5634 -45.8387 -3.29363
      vertex -24.5634 -44.6597 -4.15021
    endloop
  endfacet
  facet normal -0.148933 -0.940456 -0.30555
    outer loop
      vertex -24.5634 -47.1456 -0.728655
      vertex -25.8459 -46.4922 -2.11464
      vertex -24.5634 -46.6953 -2.11464
    endloop
  endfacet
  facet normal -0.148903 -0.940453 -0.305576
    outer loop
      vertex -24.5634 -47.1456 -0.728655
      vertex -25.9851 -46.9205 -0.728655
      vertex -25.8459 -46.4922 -2.11464
    endloop
  endfacet
  facet normal 0.308628 -0.0488781 -0.949926
    outer loop
      vertex 6.66904 -0.65346 -27.4397
      vertex 5.35089 -0.225166 -27.89
      vertex 6.77253 0 -27.4397
    endloop
  endfacet
  facet normal -0.220953 -0.220953 -0.949926
    outer loop
      vertex -3.5719 -5.74463 -27.4397
      vertex -2.91844 -4.46215 -27.89
      vertex -2.75724 -4.62335 -27.89
    endloop
  endfacet
  facet normal -0.22095 -0.220955 -0.949926
    outer loop
      vertex -2.91844 -4.46215 -27.89
      vertex -3.5719 -5.74463 -27.4397
      vertex -4.03973 -5.27681 -27.4397
    endloop
  endfacet
  facet normal -0.141861 0.278417 -0.949926
    outer loop
      vertex -2.75724 4.62335 -27.89
      vertex -3.5719 5.74463 -27.4397
      vertex -2.55411 4.72685 -27.89
    endloop
  endfacet
  facet normal 0.269017 0.527968 -0.805531
    outer loop
      vertex -1.08599 5.74463 -27.4397
      vertex -1.67549 6.045 -27.4397
      vertex -0.393001 6.69846 -26.5831
    endloop
  endfacet
  facet normal 0.220955 -0.22095 -0.949926
    outer loop
      vertex 5.90085 -1.71078 -27.4397
      vertex 5.24739 -0.428292 -27.89
      vertex 6.36867 -1.24295 -27.4397
    endloop
  endfacet
  facet normal 0.220954 -0.220951 -0.949926
    outer loop
      vertex 5.24739 -0.428292 -27.89
      vertex 5.90085 -1.71078 -27.4397
      vertex 5.08619 -0.589494 -27.89
    endloop
  endfacet
  facet normal -0.141864 -0.278414 -0.949926
    outer loop
      vertex -2.98241 -6.045 -27.4397
      vertex -3.5719 -5.74463 -27.4397
      vertex -2.55411 -4.72685 -27.89
    endloop
  endfacet
  facet normal -0.0488781 -0.308628 -0.949926
    outer loop
      vertex -2.32895 -6.14849 -27.4397
      vertex -2.98241 -6.045 -27.4397
      vertex -2.55411 -4.72685 -27.89
    endloop
  endfacet
  facet normal 0.220955 0.22095 -0.949926
    outer loop
      vertex 5.24739 0.428292 -27.89
      vertex 5.90085 1.71078 -27.4397
      vertex 6.36867 1.24295 -27.4397
    endloop
  endfacet
  facet normal 0.220954 0.220951 -0.949926
    outer loop
      vertex 5.90085 1.71078 -27.4397
      vertex 5.24739 0.428292 -27.89
      vertex 5.08619 0.589494 -27.89
    endloop
  endfacet
  facet normal -0.278417 -0.141858 -0.949926
    outer loop
      vertex -4.03973 -5.27681 -27.4397
      vertex -4.34009 -4.68731 -27.4397
      vertex -3.02194 -4.25902 -27.89
    endloop
  endfacet
  facet normal -0.848385 -0.432296 0.305555
    outer loop
      vertex -27.921 -44.9845 2.11464
      vertex -28.5105 -43.8276 2.11464
      vertex -28.2853 -45.2492 0.728655
    endloop
  endfacet
  facet normal -0.673325 -0.673251 0.30556
    outer loop
      vertex -28.2853 -45.2492 0.728655
      vertex -27.0029 -45.9027 2.11464
      vertex -27.921 -44.9845 2.11464
    endloop
  endfacet
  facet normal -0.673322 -0.673256 0.305556
    outer loop
      vertex -27.0029 -45.9027 2.11464
      vertex -28.2853 -45.2492 0.728655
      vertex -27.2676 -46.267 0.728655
    endloop
  endfacet
  facet normal -0.723901 0.36885 -0.583024
    outer loop
      vertex -27.6958 43.5629 -3.29363
      vertex -27.921 44.9845 -2.11464
      vertex -27.228 44.481 -3.29363
    endloop
  endfacet
  facet normal -0.574534 0.574455 -0.58302
    outer loop
      vertex -27.228 44.481 -3.29363
      vertex -27.0029 45.9027 -2.11464
      vertex -26.4994 45.2097 -3.29363
    endloop
  endfacet
  facet normal -0.574522 0.574459 -0.583028
    outer loop
      vertex -27.0029 45.9027 -2.11464
      vertex -27.228 44.481 -3.29363
      vertex -27.921 44.9845 -2.11464
    endloop
  endfacet
  facet normal 0.940442 -0.148973 0.305575
    outer loop
      vertex 53.7274 0 0.728655
      vertex 53.0739 -1.28249 2.11464
      vertex 53.5022 -1.42165 0.728655
    endloop
  endfacet
  facet normal 0.848375 -0.432276 -0.30561
    outer loop
      vertex 52.8488 -2.70413 -0.728655
      vertex 52.4844 -2.43943 -2.11464
      vertex 53.0739 -1.28249 -2.11464
    endloop
  endfacet
  facet normal 0.940446 -0.149006 0.305546
    outer loop
      vertex 53.2771 0 2.11464
      vertex 53.0739 -1.28249 2.11464
      vertex 53.7274 0 0.728655
    endloop
  endfacet
  facet normal 0.891022 0.45396 0
    outer loop
      vertex 53.5022 1.42165 0.728655
      vertex 52.8488 2.70413 -0.728655
      vertex 52.8488 2.70413 0.728655
    endloop
  endfacet
  facet normal 0.891022 0.45396 0
    outer loop
      vertex 52.8488 2.70413 -0.728655
      vertex 53.5022 1.42165 0.728655
      vertex 53.5022 1.42165 -0.728655
    endloop
  endfacet
  facet normal 0.891022 -0.45396 0
    outer loop
      vertex 52.8488 -2.70413 0.728655
      vertex 53.5022 -1.42165 -0.728655
      vertex 53.5022 -1.42165 0.728655
    endloop
  endfacet
  facet normal 0.891022 -0.45396 0
    outer loop
      vertex 53.5022 -1.42165 -0.728655
      vertex 52.8488 -2.70413 0.728655
      vertex 52.8488 -2.70413 -0.728655
    endloop
  endfacet
  facet normal -0.527989 0.269026 0.805514
    outer loop
      vertex -27.228 44.481 3.29363
      vertex -27.6958 43.5629 3.29363
      vertex -26.5746 43.1986 4.15021
    endloop
  endfacet
  facet normal -0.0926923 0.585249 0.805538
    outer loop
      vertex -24.5634 45.8387 3.29363
      vertex -25.5812 45.6775 3.29363
      vertex -25.2169 44.5562 4.15021
    endloop
  endfacet
  facet normal -0.564973 -0.162965 0.808856
    outer loop
      vertex -5.46137 -5.05164 26.5831
      vertex -24.8746 -40.2541 5.93083
      vertex -4.34009 -4.68731 27.4397
    endloop
  endfacet
  facet normal -0.562904 -0.164741 0.809938
    outer loop
      vertex -5.46137 -5.05164 26.5831
      vertex -24.8961 -40.2681 5.91304
      vertex -24.8746 -40.2541 5.93083
    endloop
  endfacet
  facet normal -0.565225 -0.162747 0.808724
    outer loop
      vertex -5.46137 -5.05164 26.5831
      vertex -25.1914 -40.6328 5.63326
      vertex -24.8961 -40.2681 5.91304
    endloop
  endfacet
  facet normal -0.564315 -0.16383 0.809141
    outer loop
      vertex -27.6958 -43.5629 3.29363
      vertex -25.3609 -41.0965 5.42143
      vertex -25.3596 -41.0709 5.42752
    endloop
  endfacet
  facet normal -0.565008 -0.162922 0.80884
    outer loop
      vertex -27.6958 -43.5629 3.29363
      vertex -25.3596 -41.0709 5.42752
      vertex -25.1914 -40.6328 5.63326
    endloop
  endfacet
  facet normal -0.565008 -0.162916 0.808841
    outer loop
      vertex -25.3609 -41.0965 5.42143
      vertex -27.6958 -43.5629 3.29363
      vertex -26.5746 -43.1986 4.15021
    endloop
  endfacet
  facet normal -0.564975 -0.162963 0.808855
    outer loop
      vertex -27.6958 -43.5629 3.29363
      vertex -25.1914 -40.6328 5.63326
      vertex -5.46137 -5.05164 26.5831
    endloop
  endfacet
  facet normal -0.890997 0.454009 0
    outer loop
      vertex -28.9388 43.9667 -0.728655
      vertex -28.2853 45.2492 0.728655
      vertex -28.2853 45.2492 -0.728655
    endloop
  endfacet
  facet normal -0.890997 0.454009 0
    outer loop
      vertex -28.2853 45.2492 0.728655
      vertex -28.9388 43.9667 -0.728655
      vertex -28.9388 43.9667 0.728655
    endloop
  endfacet
  facet normal -0.337053 -0.33704 0.87909
    outer loop
      vertex -26.2742 -43.788 4.15021
      vertex -24.8163 -42.541 5.18728
      vertex -25.0071 -42.3865 5.17336
    endloop
  endfacet
  facet normal -0.337057 -0.337036 0.87909
    outer loop
      vertex -26.2742 -43.788 4.15021
      vertex -25.0071 -42.3865 5.17336
      vertex -25.2495 -42.0132 5.22354
    endloop
  endfacet
  facet normal -0.337081 -0.337009 0.879092
    outer loop
      vertex -24.8163 -42.541 5.18728
      vertex -26.2742 -43.788 4.15021
      vertex -25.8064 -44.2559 4.15021
    endloop
  endfacet
  facet normal -0.337035 -0.337042 0.879096
    outer loop
      vertex -23.5805 -39.9156 6.66764
      vertex -3.5719 -5.74463 27.4397
      vertex -4.03973 -5.27681 27.4397
    endloop
  endfacet
  facet normal -0.337054 -0.337029 0.879094
    outer loop
      vertex -3.5719 -5.74463 27.4397
      vertex -23.5805 -39.9156 6.66764
      vertex -23.3513 -40.0036 6.72178
    endloop
  endfacet
  facet normal -0.33703 -0.337045 0.879097
    outer loop
      vertex -23.5805 -39.9156 6.66764
      vertex -4.03973 -5.27681 27.4397
      vertex -24.025 -39.8923 6.50616
    endloop
  endfacet
  facet normal -0.527989 -0.269026 0.805514
    outer loop
      vertex -26.5746 -43.1986 4.15021
      vertex -27.6958 -43.5629 3.29363
      vertex -27.228 -44.481 3.29363
    endloop
  endfacet
  facet normal 0 0 -1
    outer loop
      vertex 5.35089 -0.225166 -27.89
      vertex 5.35089 0.225166 -27.89
      vertex 5.38655 0 -27.89
    endloop
  endfacet
  facet normal 0 0 -1
    outer loop
      vertex 5.24739 -0.428292 -27.89
      vertex 5.35089 0.225166 -27.89
      vertex 5.35089 -0.225166 -27.89
    endloop
  endfacet
  facet normal 0 0 -1
    outer loop
      vertex 5.24739 -0.428292 -27.89
      vertex 5.24739 0.428292 -27.89
      vertex 5.35089 0.225166 -27.89
    endloop
  endfacet
  facet normal 0 0 -1
    outer loop
      vertex 5.08619 -0.589494 -27.89
      vertex 5.24739 0.428292 -27.89
      vertex 5.24739 -0.428292 -27.89
    endloop
  endfacet
  facet normal 0 0 -1
    outer loop
      vertex 5.08619 -0.589494 -27.89
      vertex 5.08619 0.589494 -27.89
      vertex 5.24739 0.428292 -27.89
    endloop
  endfacet
  facet normal 0 0 -1
    outer loop
      vertex 5.08619 -0.589494 -27.89
      vertex 2.5 0 -27.89
      vertex 5.08619 0.589494 -27.89
    endloop
  endfacet
  facet normal -0 0 -1
    outer loop
      vertex 5.08619 -0.589494 -27.89
      vertex 2.37764 -0.772542 -27.89
      vertex 2.5 0 -27.89
    endloop
  endfacet
  facet normal 0 0 -1
    outer loop
      vertex 5.08619 -0.589494 -27.89
      vertex 2.02254 -1.46946 -27.89
      vertex 2.37764 -0.772542 -27.89
    endloop
  endfacet
  facet normal 0 0 -1
    outer loop
      vertex 5.08619 -0.589494 -27.89
      vertex 1.46946 -2.02254 -27.89
      vertex 2.02254 -1.46946 -27.89
    endloop
  endfacet
  facet normal 0 0 -1
    outer loop
      vertex -1.90065 -4.62335 -27.89
      vertex 1.46946 -2.02254 -27.89
      vertex 5.08619 -0.589494 -27.89
    endloop
  endfacet
  facet normal 0 0 -1
    outer loop
      vertex 1.46946 -2.02254 -27.89
      vertex -1.90065 -4.62335 -27.89
      vertex 0.772542 -2.37764 -27.89
    endloop
  endfacet
  facet normal 0 0 -1
    outer loop
      vertex -1.90065 -4.62335 -27.89
      vertex 0 -2.5 -27.89
      vertex 0.772542 -2.37764 -27.89
    endloop
  endfacet
  facet normal 0 0 -1
    outer loop
      vertex -1.90065 -4.62335 -27.89
      vertex -0.772542 -2.37764 -27.89
      vertex 0 -2.5 -27.89
    endloop
  endfacet
  facet normal 0 0 -1
    outer loop
      vertex -1.90065 -4.62335 -27.89
      vertex -1.46946 -2.02254 -27.89
      vertex -0.772542 -2.37764 -27.89
    endloop
  endfacet
  facet normal 0 0 -1
    outer loop
      vertex -3.0576 -4.03385 -27.89
      vertex -1.46946 -2.02254 -27.89
      vertex -1.90065 -4.62335 -27.89
    endloop
  endfacet
  facet normal 0 0 -1
    outer loop
      vertex -3.0576 -4.03385 -27.89
      vertex -1.90065 -4.62335 -27.89
      vertex -2.10378 -4.72685 -27.89
    endloop
  endfacet
  facet normal 0 0 -1
    outer loop
      vertex -3.0576 -4.03385 -27.89
      vertex -2.10378 -4.72685 -27.89
      vertex -2.32895 -4.76251 -27.89
    endloop
  endfacet
  facet normal -0 0 -1
    outer loop
      vertex -1.46946 -2.02254 -27.89
      vertex -3.0576 -4.03385 -27.89
      vertex -2.02254 -1.46946 -27.89
    endloop
  endfacet
  facet normal -0 0 -1
    outer loop
      vertex -2.02254 -1.46946 -27.89
      vertex -3.0576 -4.03385 -27.89
      vertex -2.37764 -0.772542 -27.89
    endloop
  endfacet
  facet normal 0 0 -1
    outer loop
      vertex -3.0576 -4.03385 -27.89
      vertex -2.32895 -4.76251 -27.89
      vertex -2.55411 -4.72685 -27.89
    endloop
  endfacet
  facet normal 0 0 -1
    outer loop
      vertex 2.37764 0.772542 -27.89
      vertex 5.08619 0.589494 -27.89
      vertex 2.5 0 -27.89
    endloop
  endfacet
  facet normal 0 0 -1
    outer loop
      vertex 2.02254 1.46946 -27.89
      vertex 5.08619 0.589494 -27.89
      vertex 2.37764 0.772542 -27.89
    endloop
  endfacet
  facet normal 0 0 -1
    outer loop
      vertex 1.46946 2.02254 -27.89
      vertex 5.08619 0.589494 -27.89
      vertex 2.02254 1.46946 -27.89
    endloop
  endfacet
  facet normal 0 0 -1
    outer loop
      vertex -1.90065 4.62335 -27.89
      vertex 1.46946 2.02254 -27.89
      vertex 0.772542 2.37764 -27.89
    endloop
  endfacet
  facet normal 0 0 -1
    outer loop
      vertex 1.46946 2.02254 -27.89
      vertex -1.90065 4.62335 -27.89
      vertex 5.08619 0.589494 -27.89
    endloop
  endfacet
  facet normal 0 0 -1
    outer loop
      vertex 0 2.5 -27.89
      vertex -1.90065 4.62335 -27.89
      vertex 0.772542 2.37764 -27.89
    endloop
  endfacet
  facet normal 0 0 -1
    outer loop
      vertex -0.772542 2.37764 -27.89
      vertex -1.90065 4.62335 -27.89
      vertex 0 2.5 -27.89
    endloop
  endfacet
  facet normal 0 0 -1
    outer loop
      vertex -1.46946 2.02254 -27.89
      vertex -1.90065 4.62335 -27.89
      vertex -0.772542 2.37764 -27.89
    endloop
  endfacet
  facet normal 0 0 -1
    outer loop
      vertex -3.0576 4.03385 -27.89
      vertex -1.46946 2.02254 -27.89
      vertex -2.02254 1.46946 -27.89
    endloop
  endfacet
  facet normal 0 0 -1
    outer loop
      vertex -1.46946 2.02254 -27.89
      vertex -3.0576 4.03385 -27.89
      vertex -1.90065 4.62335 -27.89
    endloop
  endfacet
  facet normal -0 0 -1
    outer loop
      vertex -1.90065 4.62335 -27.89
      vertex -3.0576 4.03385 -27.89
      vertex -2.10378 4.72685 -27.89
    endloop
  endfacet
  facet normal 0 0 -1
    outer loop
      vertex -3.0576 4.03385 -27.89
      vertex -2.02254 1.46946 -27.89
      vertex -2.37764 0.772542 -27.89
    endloop
  endfacet
  facet normal 0 0 -1
    outer loop
      vertex -3.0576 4.03385 -27.89
      vertex -2.37764 0.772542 -27.89
      vertex -2.5 0 -27.89
    endloop
  endfacet
  facet normal -0 0 -1
    outer loop
      vertex -2.10378 4.72685 -27.89
      vertex -3.0576 4.03385 -27.89
      vertex -2.32895 4.76251 -27.89
    endloop
  endfacet
  facet normal -0 0 -1
    outer loop
      vertex -2.37764 -0.772542 -27.89
      vertex -3.0576 -4.03385 -27.89
      vertex -2.5 0 -27.89
    endloop
  endfacet
  facet normal 0 0 -1
    outer loop
      vertex -3.0576 -4.03385 -27.89
      vertex -2.55411 -4.72685 -27.89
      vertex -2.75724 -4.62335 -27.89
    endloop
  endfacet
  facet normal 0 0 -1
    outer loop
      vertex -3.0576 4.03385 -27.89
      vertex -2.5 0 -27.89
      vertex -3.0576 -4.03385 -27.89
    endloop
  endfacet
  facet normal 0 0 -1
    outer loop
      vertex -3.0576 -4.03385 -27.89
      vertex -2.75724 -4.62335 -27.89
      vertex -2.91844 -4.46215 -27.89
    endloop
  endfacet
  facet normal 0 0 -1
    outer loop
      vertex -2.32895 4.76251 -27.89
      vertex -3.0576 4.03385 -27.89
      vertex -2.55411 4.72685 -27.89
    endloop
  endfacet
  facet normal 0 0 -1
    outer loop
      vertex -3.0576 -4.03385 -27.89
      vertex -2.91844 -4.46215 -27.89
      vertex -3.02194 -4.25902 -27.89
    endloop
  endfacet
  facet normal 0 0 -1
    outer loop
      vertex -2.55411 4.72685 -27.89
      vertex -3.0576 4.03385 -27.89
      vertex -2.75724 4.62335 -27.89
    endloop
  endfacet
  facet normal 0 0 -1
    outer loop
      vertex -2.75724 4.62335 -27.89
      vertex -3.0576 4.03385 -27.89
      vertex -2.91844 4.46215 -27.89
    endloop
  endfacet
  facet normal 0 0 -1
    outer loop
      vertex -2.91844 4.46215 -27.89
      vertex -3.0576 4.03385 -27.89
      vertex -3.02194 4.25902 -27.89
    endloop
  endfacet
  facet normal -0.278415 -0.14186 -0.949927
    outer loop
      vertex -2.91844 -4.46215 -27.89
      vertex -4.03973 -5.27681 -27.4397
      vertex -3.02194 -4.25902 -27.89
    endloop
  endfacet
  facet normal 0.802466 0.127144 -0.582994
    outer loop
      vertex 53.2771 0 -2.11464
      vertex 52.2593 1.01779 -3.29363
      vertex 53.0739 1.28249 -2.11464
    endloop
  endfacet
  facet normal 0.72392 0.368862 -0.582993
    outer loop
      vertex 53.0739 1.28249 -2.11464
      vertex 52.2593 1.01779 -3.29363
      vertex 52.4844 2.43943 -2.11464
    endloop
  endfacet
  facet normal 0.848403 -0.432246 -0.305575
    outer loop
      vertex 53.5022 -1.42165 -0.728655
      vertex 52.8488 -2.70413 -0.728655
      vertex 53.0739 -1.28249 -2.11464
    endloop
  endfacet
  facet normal 0.940442 -0.148973 -0.305575
    outer loop
      vertex 53.5022 -1.42165 -0.728655
      vertex 53.0739 -1.28249 -2.11464
      vertex 53.7274 0 -0.728655
    endloop
  endfacet
  facet normal 0.940442 0.148973 0.305575
    outer loop
      vertex 53.5022 1.42165 0.728655
      vertex 53.0739 1.28249 2.11464
      vertex 53.7274 0 0.728655
    endloop
  endfacet
  facet normal -0.268969 0.527997 0.805528
    outer loop
      vertex -25.2169 44.5562 4.15021
      vertex -26.4994 45.2097 3.29363
      vertex -25.8064 44.2559 4.15021
    endloop
  endfacet
  facet normal -0.268989 0.527972 0.805538
    outer loop
      vertex -25.5812 45.6775 3.29363
      vertex -26.4994 45.2097 3.29363
      vertex -25.2169 44.5562 4.15021
    endloop
  endfacet
  facet normal -0.723889 0.368859 0.583033
    outer loop
      vertex -27.921 44.9845 2.11464
      vertex -28.5105 43.8276 2.11464
      vertex -27.6958 43.5629 3.29363
    endloop
  endfacet
  facet normal -0.848385 0.432296 0.305555
    outer loop
      vertex -28.2853 45.2492 0.728655
      vertex -28.5105 43.8276 2.11464
      vertex -27.921 44.9845 2.11464
    endloop
  endfacet
  facet normal -0.419046 -0.418956 0.805528
    outer loop
      vertex -26.2742 -43.788 4.15021
      vertex -26.4994 -45.2097 3.29363
      vertex -25.8064 -44.2559 4.15021
    endloop
  endfacet
  facet normal -0.419022 -0.418965 0.805536
    outer loop
      vertex -26.4994 -45.2097 3.29363
      vertex -26.2742 -43.788 4.15021
      vertex -27.228 -44.481 3.29363
    endloop
  endfacet
  facet normal 0.585247 0.0926929 -0.805539
    outer loop
      vertex 52.4205 0 -3.29363
      vertex 51.138 0.65346 -4.15021
      vertex 52.2593 1.01779 -3.29363
    endloop
  endfacet
  facet normal 0.802452 0.127094 -0.583025
    outer loop
      vertex 52.4205 0 -3.29363
      vertex 52.2593 1.01779 -3.29363
      vertex 53.2771 0 -2.11464
    endloop
  endfacet
  facet normal 0.848403 0.432246 -0.305575
    outer loop
      vertex 53.0739 1.28249 -2.11464
      vertex 52.8488 2.70413 -0.728655
      vertex 53.5022 1.42165 -0.728655
    endloop
  endfacet
  facet normal 0.940442 0.148973 -0.305575
    outer loop
      vertex 53.7274 0 -0.728655
      vertex 53.0739 1.28249 -2.11464
      vertex 53.5022 1.42165 -0.728655
    endloop
  endfacet
  facet normal 0.987685 -0.156457 0
    outer loop
      vertex 53.5022 -1.42165 0.728655
      vertex 53.7274 0 -0.728655
      vertex 53.7274 0 0.728655
    endloop
  endfacet
  facet normal 0.987685 -0.156457 0
    outer loop
      vertex 53.7274 0 -0.728655
      vertex 53.5022 -1.42165 0.728655
      vertex 53.5022 -1.42165 -0.728655
    endloop
  endfacet
  facet normal -0.419046 0.418956 0.805528
    outer loop
      vertex -26.4994 45.2097 3.29363
      vertex -26.2742 43.788 4.15021
      vertex -25.8064 44.2559 4.15021
    endloop
  endfacet
  facet normal -0.419022 0.418965 0.805536
    outer loop
      vertex -26.2742 43.788 4.15021
      vertex -26.4994 45.2097 3.29363
      vertex -27.228 44.481 3.29363
    endloop
  endfacet
  facet normal 0.278416 -0.141863 -0.949926
    outer loop
      vertex 6.36867 -1.24295 -27.4397
      vertex 5.24739 -0.428292 -27.89
      vertex 5.35089 -0.225166 -27.89
    endloop
  endfacet
  facet normal -0.891005 -0.453993 0
    outer loop
      vertex 2.37764 0.772542 -27.89
      vertex 2.02254 1.46946 27.89
      vertex 2.02254 1.46946 -27.89
    endloop
  endfacet
  facet normal -0.891005 -0.453993 0
    outer loop
      vertex 2.02254 1.46946 27.89
      vertex 2.37764 0.772542 -27.89
      vertex 2.37764 0.772542 27.89
    endloop
  endfacet
  facet normal -0.987688 -0.156436 0
    outer loop
      vertex 2.5 0 -27.89
      vertex 2.37764 0.772542 27.89
      vertex 2.37764 0.772542 -27.89
    endloop
  endfacet
  facet normal -0.987688 -0.156436 0
    outer loop
      vertex 2.37764 0.772542 27.89
      vertex 2.5 0 -27.89
      vertex 2.5 0 27.89
    endloop
  endfacet
  facet normal -0.707107 -0.707107 0
    outer loop
      vertex 2.02254 1.46946 -27.89
      vertex 1.46946 2.02254 27.89
      vertex 1.46946 2.02254 -27.89
    endloop
  endfacet
  facet normal -0.707107 -0.707107 0
    outer loop
      vertex 1.46946 2.02254 27.89
      vertex 2.02254 1.46946 -27.89
      vertex 2.02254 1.46946 27.89
    endloop
  endfacet
  facet normal -0.156436 -0.987688 0
    outer loop
      vertex 0 2.5 -27.89
      vertex 0.772542 2.37764 27.89
      vertex 0 2.5 27.89
    endloop
  endfacet
  facet normal -0.156436 -0.987688 -0
    outer loop
      vertex 0.772542 2.37764 27.89
      vertex 0 2.5 -27.89
      vertex 0.772542 2.37764 -27.89
    endloop
  endfacet
  facet normal 0.987688 -0.156436 0
    outer loop
      vertex -2.5 0 27.89
      vertex -2.37764 0.772542 -27.89
      vertex -2.37764 0.772542 27.89
    endloop
  endfacet
  facet normal 0.987688 -0.156436 0
    outer loop
      vertex -2.37764 0.772542 -27.89
      vertex -2.5 0 27.89
      vertex -2.5 0 -27.89
    endloop
  endfacet
  facet normal -0.891005 0.453993 0
    outer loop
      vertex 2.02254 -1.46946 -27.89
      vertex 2.37764 -0.772542 27.89
      vertex 2.37764 -0.772542 -27.89
    endloop
  endfacet
  facet normal -0.891005 0.453993 0
    outer loop
      vertex 2.37764 -0.772542 27.89
      vertex 2.02254 -1.46946 -27.89
      vertex 2.02254 -1.46946 27.89
    endloop
  endfacet
  facet normal -0.453993 -0.891005 0
    outer loop
      vertex 0.772542 2.37764 -27.89
      vertex 1.46946 2.02254 27.89
      vertex 0.772542 2.37764 27.89
    endloop
  endfacet
  facet normal -0.453993 -0.891005 -0
    outer loop
      vertex 1.46946 2.02254 27.89
      vertex 0.772542 2.37764 -27.89
      vertex 1.46946 2.02254 -27.89
    endloop
  endfacet
  facet normal 0.453993 -0.891005 0
    outer loop
      vertex -1.46946 2.02254 -27.89
      vertex -0.772542 2.37764 27.89
      vertex -1.46946 2.02254 27.89
    endloop
  endfacet
  facet normal 0.453993 -0.891005 0
    outer loop
      vertex -0.772542 2.37764 27.89
      vertex -1.46946 2.02254 -27.89
      vertex -0.772542 2.37764 -27.89
    endloop
  endfacet
  facet normal 0.156436 0.987688 -0
    outer loop
      vertex 0 -2.5 -27.89
      vertex -0.772542 -2.37764 27.89
      vertex 0 -2.5 27.89
    endloop
  endfacet
  facet normal 0.156436 0.987688 0
    outer loop
      vertex -0.772542 -2.37764 27.89
      vertex 0 -2.5 -27.89
      vertex -0.772542 -2.37764 -27.89
    endloop
  endfacet
  facet normal -0.707107 0.707107 0
    outer loop
      vertex 1.46946 -2.02254 -27.89
      vertex 2.02254 -1.46946 27.89
      vertex 2.02254 -1.46946 -27.89
    endloop
  endfacet
  facet normal -0.707107 0.707107 0
    outer loop
      vertex 2.02254 -1.46946 27.89
      vertex 1.46946 -2.02254 -27.89
      vertex 1.46946 -2.02254 27.89
    endloop
  endfacet
  facet normal 0.891005 0.453993 0
    outer loop
      vertex -2.02254 -1.46946 27.89
      vertex -2.37764 -0.772542 -27.89
      vertex -2.37764 -0.772542 27.89
    endloop
  endfacet
  facet normal 0.891005 0.453993 0
    outer loop
      vertex -2.37764 -0.772542 -27.89
      vertex -2.02254 -1.46946 27.89
      vertex -2.02254 -1.46946 -27.89
    endloop
  endfacet
  facet normal 0.156436 -0.987688 0
    outer loop
      vertex -0.772542 2.37764 -27.89
      vertex 0 2.5 27.89
      vertex -0.772542 2.37764 27.89
    endloop
  endfacet
  facet normal 0.156436 -0.987688 0
    outer loop
      vertex 0 2.5 27.89
      vertex -0.772542 2.37764 -27.89
      vertex 0 2.5 -27.89
    endloop
  endfacet
  facet normal -0.453993 0.891005 0
    outer loop
      vertex 1.46946 -2.02254 -27.89
      vertex 0.772542 -2.37764 27.89
      vertex 1.46946 -2.02254 27.89
    endloop
  endfacet
  facet normal -0.453993 0.891005 0
    outer loop
      vertex 0.772542 -2.37764 27.89
      vertex 1.46946 -2.02254 -27.89
      vertex 0.772542 -2.37764 -27.89
    endloop
  endfacet
  facet normal -0.156436 0.987688 0
    outer loop
      vertex 0.772542 -2.37764 -27.89
      vertex 0 -2.5 27.89
      vertex 0.772542 -2.37764 27.89
    endloop
  endfacet
  facet normal -0.156436 0.987688 0
    outer loop
      vertex 0 -2.5 27.89
      vertex 0.772542 -2.37764 -27.89
      vertex 0 -2.5 -27.89
    endloop
  endfacet
  facet normal 0.987688 0.156436 0
    outer loop
      vertex -2.37764 -0.772542 27.89
      vertex -2.5 0 -27.89
      vertex -2.5 0 27.89
    endloop
  endfacet
  facet normal 0.987688 0.156436 0
    outer loop
      vertex -2.5 0 -27.89
      vertex -2.37764 -0.772542 27.89
      vertex -2.37764 -0.772542 -27.89
    endloop
  endfacet
  facet normal 0.891005 -0.453993 0
    outer loop
      vertex -2.37764 0.772542 27.89
      vertex -2.02254 1.46946 -27.89
      vertex -2.02254 1.46946 27.89
    endloop
  endfacet
  facet normal 0.891005 -0.453993 0
    outer loop
      vertex -2.02254 1.46946 -27.89
      vertex -2.37764 0.772542 27.89
      vertex -2.37764 0.772542 -27.89
    endloop
  endfacet
  facet normal 0.707107 -0.707107 0
    outer loop
      vertex -2.02254 1.46946 27.89
      vertex -1.46946 2.02254 -27.89
      vertex -1.46946 2.02254 27.89
    endloop
  endfacet
  facet normal 0.707107 -0.707107 0
    outer loop
      vertex -1.46946 2.02254 -27.89
      vertex -2.02254 1.46946 27.89
      vertex -2.02254 1.46946 -27.89
    endloop
  endfacet
  facet normal -0.987688 0.156436 0
    outer loop
      vertex 2.37764 -0.772542 -27.89
      vertex 2.5 0 27.89
      vertex 2.5 0 -27.89
    endloop
  endfacet
  facet normal -0.987688 0.156436 0
    outer loop
      vertex 2.5 0 27.89
      vertex 2.37764 -0.772542 -27.89
      vertex 2.37764 -0.772542 27.89
    endloop
  endfacet
  facet normal 0.707107 0.707107 0
    outer loop
      vertex -1.46946 -2.02254 27.89
      vertex -2.02254 -1.46946 -27.89
      vertex -2.02254 -1.46946 27.89
    endloop
  endfacet
  facet normal 0.707107 0.707107 0
    outer loop
      vertex -2.02254 -1.46946 -27.89
      vertex -1.46946 -2.02254 27.89
      vertex -1.46946 -2.02254 -27.89
    endloop
  endfacet
  facet normal 0.453993 0.891005 -0
    outer loop
      vertex -0.772542 -2.37764 -27.89
      vertex -1.46946 -2.02254 27.89
      vertex -0.772542 -2.37764 27.89
    endloop
  endfacet
  facet normal 0.453993 0.891005 0
    outer loop
      vertex -1.46946 -2.02254 27.89
      vertex -0.772542 -2.37764 -27.89
      vertex -1.46946 -2.02254 -27.89
    endloop
  endfacet
endsolid OpenSCAD_Model
