solid OpenSCAD_Model
  facet normal -0.15642 -0.987691 0
    outer loop
      vertex 26.0581 1.5 4.30201
      vertex 26.5217 1.42658 -4.0977
      vertex 26.5217 1.42658 4.0977
    endloop
  endfacet
  facet normal -0.15642 -0.987691 0
    outer loop
      vertex 26.5217 1.42658 -4.0977
      vertex 26.0581 1.5 4.30201
      vertex 26.0581 1.5 -4.30201
    endloop
  endfacet
  facet normal -0.891015 -0.453972 0.0012414
    outer loop
      vertex 27.4847 0.463525 -4.02295
      vertex 27.2717 0.881678 -3.98797
      vertex 27.3434 0.740856 -4.02295
    endloop
  endfacet
  facet normal -0.891058 -0.45389 0
    outer loop
      vertex 27.2717 0.881678 -3.98797
      vertex 27.4847 0.463525 -4.02295
      vertex 27.2717 0.881678 3.98797
    endloop
  endfacet
  facet normal -0.891058 -0.45389 -0
    outer loop
      vertex 27.4847 0.463525 4.02295
      vertex 27.2717 0.881678 3.98797
      vertex 27.4847 0.463525 -4.02295
    endloop
  endfacet
  facet normal -0.891015 -0.453972 -0.0012414
    outer loop
      vertex 27.2717 0.881678 3.98797
      vertex 27.4847 0.463525 4.02295
      vertex 27.3434 0.740856 4.02295
    endloop
  endfacet
  facet normal -0.987682 -0.156461 0.00202216
    outer loop
      vertex 27.5581 0 -4.03656
      vertex 27.4847 0.463525 -4.02295
      vertex 27.4964 0.389491 -4.03656
    endloop
  endfacet
  facet normal -0.987693 -0.156403 0
    outer loop
      vertex 27.4847 0.463525 -4.02295
      vertex 27.5581 0 -4.03656
      vertex 27.4847 0.463525 4.02295
    endloop
  endfacet
  facet normal -0.987693 -0.156403 -0
    outer loop
      vertex 27.5581 0 4.03656
      vertex 27.4847 0.463525 4.02295
      vertex 27.5581 0 -4.03656
    endloop
  endfacet
  facet normal -0.987682 -0.156461 -0.00202216
    outer loop
      vertex 27.4847 0.463525 4.02295
      vertex 27.5581 0 4.03656
      vertex 27.4964 0.389491 4.03656
    endloop
  endfacet
  facet normal -0.707166 -0.707047 0
    outer loop
      vertex 26.9994 1.15391 -3.99029
      vertex 26.9398 1.21352 3.99029
      vertex 26.9398 1.21352 -3.99029
    endloop
  endfacet
  facet normal -0.707166 -0.707047 0
    outer loop
      vertex 26.9994 1.15391 -3.99029
      vertex 26.9994 1.15391 3.99029
      vertex 26.9398 1.21352 3.99029
    endloop
  endfacet
  facet normal -0.707018 -0.707195 0
    outer loop
      vertex 27.2717 0.881678 -3.98797
      vertex 26.9994 1.15391 3.99029
      vertex 26.9994 1.15391 -3.99029
    endloop
  endfacet
  facet normal -0.707018 -0.707195 0
    outer loop
      vertex 26.9994 1.15391 3.99029
      vertex 27.2717 0.881678 -3.98797
      vertex 27.2717 0.881678 3.98797
    endloop
  endfacet
  facet normal -0.707018 0.707195 0
    outer loop
      vertex 26.9994 -1.15391 -3.99029
      vertex 27.2717 -0.881678 3.98797
      vertex 27.2717 -0.881678 -3.98797
    endloop
  endfacet
  facet normal -0.707018 0.707195 0
    outer loop
      vertex 26.9994 -1.15391 -3.99029
      vertex 26.9994 -1.15391 3.99029
      vertex 27.2717 -0.881678 3.98797
    endloop
  endfacet
  facet normal -0.707166 0.707047 0
    outer loop
      vertex 26.9398 -1.21352 -3.99029
      vertex 26.9994 -1.15391 3.99029
      vertex 26.9994 -1.15391 -3.99029
    endloop
  endfacet
  facet normal -0.707166 0.707047 0
    outer loop
      vertex 26.9994 -1.15391 3.99029
      vertex 26.9398 -1.21352 -3.99029
      vertex 26.9398 -1.21352 3.99029
    endloop
  endfacet
  facet normal -0.454037 0.890983 0
    outer loop
      vertex 26.9398 -1.21352 -3.99029
      vertex 26.5217 -1.42658 4.0977
      vertex 26.9398 -1.21352 3.99029
    endloop
  endfacet
  facet normal -0.454037 0.890983 0
    outer loop
      vertex 26.5217 -1.42658 4.0977
      vertex 26.9398 -1.21352 -3.99029
      vertex 26.5217 -1.42658 -4.0977
    endloop
  endfacet
  facet normal 0.706573 -0.70764 0
    outer loop
      vertex 25.1168 1.15391 4.97624
      vertex 25.1765 1.21352 -4.9138
      vertex 25.1765 1.21352 4.9138
    endloop
  endfacet
  facet normal 0.706573 -0.70764 0
    outer loop
      vertex 25.1168 1.15391 4.97624
      vertex 25.1168 1.15391 -4.97624
      vertex 25.1765 1.21352 -4.9138
    endloop
  endfacet
  facet normal 0.707148 -0.707065 0
    outer loop
      vertex 24.8446 0.881678 5.25908
      vertex 25.1168 1.15391 -4.97624
      vertex 25.1168 1.15391 4.97624
    endloop
  endfacet
  facet normal 0.707148 -0.707065 0
    outer loop
      vertex 25.1168 1.15391 -4.97624
      vertex 24.8446 0.881678 5.25908
      vertex 24.8446 0.881678 -5.25908
    endloop
  endfacet
  facet normal -0.454037 -0.890983 0
    outer loop
      vertex 26.5217 1.42658 4.0977
      vertex 26.9398 1.21352 -3.99029
      vertex 26.9398 1.21352 3.99029
    endloop
  endfacet
  facet normal -0.454037 -0.890983 0
    outer loop
      vertex 26.9398 1.21352 -3.99029
      vertex 26.5217 1.42658 4.0977
      vertex 26.5217 1.42658 -4.0977
    endloop
  endfacet
  facet normal -0.891015 0.453972 0.0012414
    outer loop
      vertex 27.2717 -0.881678 -3.98797
      vertex 27.4847 -0.463525 -4.02295
      vertex 27.3434 -0.740856 -4.02295
    endloop
  endfacet
  facet normal -0.891058 0.45389 0
    outer loop
      vertex 27.4847 -0.463525 -4.02295
      vertex 27.2717 -0.881678 -3.98797
      vertex 27.4847 -0.463525 4.02295
    endloop
  endfacet
  facet normal -0.891058 0.45389 0
    outer loop
      vertex 27.2717 -0.881678 3.98797
      vertex 27.4847 -0.463525 4.02295
      vertex 27.2717 -0.881678 -3.98797
    endloop
  endfacet
  facet normal -0.891015 0.453972 -0.0012414
    outer loop
      vertex 27.4847 -0.463525 4.02295
      vertex 27.2717 -0.881678 3.98797
      vertex 27.3434 -0.740856 4.02295
    endloop
  endfacet
  facet normal 0.890335 -0.455298 -0.00253331
    outer loop
      vertex 24.6315 0.463525 5.51722
      vertex 24.8446 0.881678 5.25908
      vertex 24.7729 0.740856 5.36921
    endloop
  endfacet
  facet normal 0.890972 -0.454059 0
    outer loop
      vertex 24.8446 0.881678 5.25908
      vertex 24.6315 0.463525 5.51722
      vertex 24.8446 0.881678 -5.25908
    endloop
  endfacet
  facet normal 0.890972 -0.454059 0
    outer loop
      vertex 24.6315 0.463525 -5.51722
      vertex 24.8446 0.881678 -5.25908
      vertex 24.6315 0.463525 5.51722
    endloop
  endfacet
  facet normal 0.890335 -0.455298 0.00253331
    outer loop
      vertex 24.8446 0.881678 -5.25908
      vertex 24.6315 0.463525 -5.51722
      vertex 24.7729 0.740856 -5.36921
    endloop
  endfacet
  facet normal 0.454037 0.890983 -0
    outer loop
      vertex 25.5946 -1.42658 -4.58322
      vertex 25.1765 -1.21352 4.9138
      vertex 25.5946 -1.42658 4.58322
    endloop
  endfacet
  facet normal 0.454037 0.890983 0
    outer loop
      vertex 25.1765 -1.21352 4.9138
      vertex 25.5946 -1.42658 -4.58322
      vertex 25.1765 -1.21352 -4.9138
    endloop
  endfacet
  facet normal 0.156453 -0.987685 0
    outer loop
      vertex 25.5946 1.42658 4.58322
      vertex 26.0581 1.5 -4.30201
      vertex 26.0581 1.5 4.30201
    endloop
  endfacet
  facet normal 0.156453 -0.987685 0
    outer loop
      vertex 26.0581 1.5 -4.30201
      vertex 25.5946 1.42658 4.58322
      vertex 25.5946 1.42658 -4.58322
    endloop
  endfacet
  facet normal -0.987682 0.156461 0.00202216
    outer loop
      vertex 27.4847 -0.463525 -4.02295
      vertex 27.5581 0 -4.03656
      vertex 27.4964 -0.389491 -4.03656
    endloop
  endfacet
  facet normal -0.987693 0.156403 0
    outer loop
      vertex 27.5581 0 -4.03656
      vertex 27.4847 -0.463525 -4.02295
      vertex 27.5581 0 4.03656
    endloop
  endfacet
  facet normal -0.987693 0.156403 0
    outer loop
      vertex 27.4847 -0.463525 4.02295
      vertex 27.5581 0 4.03656
      vertex 27.4847 -0.463525 -4.02295
    endloop
  endfacet
  facet normal -0.987682 0.156461 -0.00202216
    outer loop
      vertex 27.5581 0 4.03656
      vertex 27.4847 -0.463525 4.02295
      vertex 27.4964 -0.389491 4.03656
    endloop
  endfacet
  facet normal 0.707148 0.707065 0
    outer loop
      vertex 25.1168 -1.15391 4.97624
      vertex 24.8446 -0.881678 -5.25908
      vertex 24.8446 -0.881678 5.25908
    endloop
  endfacet
  facet normal 0.707148 0.707065 0
    outer loop
      vertex 25.1168 -1.15391 4.97624
      vertex 25.1168 -1.15391 -4.97624
      vertex 24.8446 -0.881678 -5.25908
    endloop
  endfacet
  facet normal 0.706573 0.70764 0
    outer loop
      vertex 25.1765 -1.21352 4.9138
      vertex 25.1168 -1.15391 -4.97624
      vertex 25.1168 -1.15391 4.97624
    endloop
  endfacet
  facet normal 0.706573 0.70764 0
    outer loop
      vertex 25.1168 -1.15391 -4.97624
      vertex 25.1765 -1.21352 4.9138
      vertex 25.1765 -1.21352 -4.9138
    endloop
  endfacet
  facet normal 0.454037 -0.890983 0
    outer loop
      vertex 25.1765 1.21352 4.9138
      vertex 25.5946 1.42658 -4.58322
      vertex 25.5946 1.42658 4.58322
    endloop
  endfacet
  facet normal 0.454037 -0.890983 0
    outer loop
      vertex 25.5946 1.42658 -4.58322
      vertex 25.1765 1.21352 4.9138
      vertex 25.1765 1.21352 -4.9138
    endloop
  endfacet
  facet normal 0.156453 0.987685 -0
    outer loop
      vertex 26.0581 -1.5 -4.30201
      vertex 25.5946 -1.42658 4.58322
      vertex 26.0581 -1.5 4.30201
    endloop
  endfacet
  facet normal 0.156453 0.987685 0
    outer loop
      vertex 25.5946 -1.42658 4.58322
      vertex 26.0581 -1.5 -4.30201
      vertex 25.5946 -1.42658 -4.58322
    endloop
  endfacet
  facet normal -0.15642 0.987691 0
    outer loop
      vertex 26.5217 -1.42658 -4.0977
      vertex 26.0581 -1.5 4.30201
      vertex 26.5217 -1.42658 4.0977
    endloop
  endfacet
  facet normal -0.15642 0.987691 0
    outer loop
      vertex 26.0581 -1.5 4.30201
      vertex 26.5217 -1.42658 -4.0977
      vertex 26.0581 -1.5 -4.30201
    endloop
  endfacet
  facet normal 0.890335 0.455298 -0.00253331
    outer loop
      vertex 24.8446 -0.881678 5.25908
      vertex 24.6315 -0.463525 5.51722
      vertex 24.7729 -0.740856 5.36921
    endloop
  endfacet
  facet normal 0.890972 0.454059 0
    outer loop
      vertex 24.6315 -0.463525 5.51722
      vertex 24.8446 -0.881678 5.25908
      vertex 24.6315 -0.463525 -5.51722
    endloop
  endfacet
  facet normal 0.890972 0.454059 -0
    outer loop
      vertex 24.8446 -0.881678 -5.25908
      vertex 24.6315 -0.463525 -5.51722
      vertex 24.8446 -0.881678 5.25908
    endloop
  endfacet
  facet normal 0.890335 0.455298 0.00253331
    outer loop
      vertex 24.6315 -0.463525 -5.51722
      vertex 24.8446 -0.881678 -5.25908
      vertex 24.7729 -0.740856 -5.36921
    endloop
  endfacet
  facet normal 0.98763 -0.156788 -0.002021
    outer loop
      vertex 24.5581 0 5.60774
      vertex 24.6315 0.463525 5.51722
      vertex 24.6198 0.389491 5.54312
    endloop
  endfacet
  facet normal 0.987693 -0.156403 0
    outer loop
      vertex 24.6315 0.463525 5.51722
      vertex 24.5581 0 5.60774
      vertex 24.6315 0.463525 -5.51722
    endloop
  endfacet
  facet normal 0.987693 -0.156403 0
    outer loop
      vertex 24.5581 0 -5.60774
      vertex 24.6315 0.463525 -5.51722
      vertex 24.5581 0 5.60774
    endloop
  endfacet
  facet normal 0.98763 -0.156788 0.002021
    outer loop
      vertex 24.6315 0.463525 -5.51722
      vertex 24.5581 0 -5.60774
      vertex 24.6198 0.389491 -5.54312
    endloop
  endfacet
  facet normal 0.98763 0.156788 -0.002021
    outer loop
      vertex 24.6315 -0.463525 5.51722
      vertex 24.5581 0 5.60774
      vertex 24.6198 -0.389491 5.54312
    endloop
  endfacet
  facet normal 0.987693 0.156403 0
    outer loop
      vertex 24.5581 0 5.60774
      vertex 24.6315 -0.463525 5.51722
      vertex 24.5581 0 -5.60774
    endloop
  endfacet
  facet normal 0.987693 0.156403 -0
    outer loop
      vertex 24.6315 -0.463525 -5.51722
      vertex 24.5581 0 -5.60774
      vertex 24.6315 -0.463525 5.51722
    endloop
  endfacet
  facet normal 0.98763 0.156788 0.002021
    outer loop
      vertex 24.5581 0 -5.60774
      vertex 24.6315 -0.463525 -5.51722
      vertex 24.6198 -0.389491 -5.54312
    endloop
  endfacet
  facet normal 0.258896 0.965905 0
    outer loop
      vertex -13.1859 21.0752 5.26885
      vertex -13.6392 21.1967 -4.92775
      vertex -13.6392 21.1967 4.92775
    endloop
  endfacet
  facet normal 0.258896 0.965905 0
    outer loop
      vertex -13.6392 21.1967 -4.92775
      vertex -13.1859 21.0752 5.26885
      vertex -13.1859 21.0752 -5.26885
    endloop
  endfacet
  facet normal 0.838648 -0.544674 -0.000725403
    outer loop
      vertex -14.376 23.2132 4.00683
      vertex -14.1438 23.5707 4.02484
      vertex -14.1738 23.5245 4.03105
    endloop
  endfacet
  facet normal 0.838677 -0.544629 0
    outer loop
      vertex -14.1438 23.5707 4.02484
      vertex -14.3994 23.1771 3.99774
      vertex -14.1438 23.5707 -4.02484
    endloop
  endfacet
  facet normal 0.838493 -0.544885 0.00545767
    outer loop
      vertex -14.1438 23.5707 4.02484
      vertex -14.376 23.2132 4.00683
      vertex -14.3994 23.1771 3.99774
    endloop
  endfacet
  facet normal 0.838677 -0.544629 0
    outer loop
      vertex -14.3994 23.1771 -3.99774
      vertex -14.1438 23.5707 -4.02484
      vertex -14.3994 23.1771 3.99774
    endloop
  endfacet
  facet normal 0.838493 -0.544885 -0.00545767
    outer loop
      vertex -14.376 23.2132 -4.00683
      vertex -14.1438 23.5707 -4.02484
      vertex -14.3994 23.1771 -3.99774
    endloop
  endfacet
  facet normal 0.838648 -0.544674 0.000725403
    outer loop
      vertex -14.1438 23.5707 -4.02484
      vertex -14.376 23.2132 -4.00683
      vertex -14.1738 23.5245 -4.03105
    endloop
  endfacet
  facet normal 0.629289 -0.777171 -0.000706941
    outer loop
      vertex -14.1438 23.5707 4.02484
      vertex -13.7791 23.866 4.02933
      vertex -13.8827 23.7821 4.04388
    endloop
  endfacet
  facet normal 0.629284 -0.777175 0
    outer loop
      vertex -14.1438 23.5707 -4.02484
      vertex -13.7791 23.866 4.02933
      vertex -14.1438 23.5707 4.02484
    endloop
  endfacet
  facet normal 0.629284 -0.777175 0
    outer loop
      vertex -14.1438 23.5707 -4.02484
      vertex -13.7791 23.866 -4.02933
      vertex -13.7791 23.866 4.02933
    endloop
  endfacet
  facet normal 0.629289 -0.777171 0.000706941
    outer loop
      vertex -13.7791 23.866 -4.02933
      vertex -14.1438 23.5707 -4.02484
      vertex -13.8827 23.7821 -4.04388
    endloop
  endfacet
  facet normal 0.965959 -0.258697 0
    outer loop
      vertex -14.5208 22.7238 4.00424
      vertex -14.3994 23.1771 -3.99774
      vertex -14.3994 23.1771 3.99774
    endloop
  endfacet
  facet normal 0.965959 -0.258697 0
    outer loop
      vertex -14.3994 23.1771 -3.99774
      vertex -14.5208 22.7238 4.00424
      vertex -14.5208 22.7238 -4.00424
    endloop
  endfacet
  facet normal -0.544629 -0.838677 0
    outer loop
      vertex -12.419 23.9373 -4.00187
      vertex -12.0254 23.6817 4.11304
      vertex -12.419 23.9373 4.00187
    endloop
  endfacet
  facet normal -0.544629 -0.838677 -0
    outer loop
      vertex -12.0254 23.6817 4.11304
      vertex -12.419 23.9373 -4.00187
      vertex -12.0254 23.6817 -4.11304
    endloop
  endfacet
  facet normal 0.998638 0.0521778 0
    outer loop
      vertex -14.5093 22.5037 4.05665
      vertex -14.5208 22.7238 -4.00424
      vertex -14.5208 22.7238 4.00424
    endloop
  endfacet
  facet normal 0.998638 0.0521778 0
    outer loop
      vertex -14.5093 22.5037 4.05665
      vertex -14.5093 22.5037 -4.05665
      vertex -14.5208 22.7238 -4.00424
    endloop
  endfacet
  facet normal 0.998636 0.0522215 0
    outer loop
      vertex -14.4963 22.2551 4.09971
      vertex -14.5093 22.5037 -4.05665
      vertex -14.5093 22.5037 4.05665
    endloop
  endfacet
  facet normal 0.998636 0.0522215 0
    outer loop
      vertex -14.5093 22.5037 -4.05665
      vertex -14.4963 22.2551 4.09971
      vertex -14.4963 22.2551 -4.09971
    endloop
  endfacet
  facet normal -0.93361 -0.35829 0
    outer loop
      vertex -11.6359 23.0718 -4.47533
      vertex -11.73 23.317 4.3063
      vertex -11.73 23.317 -4.3063
    endloop
  endfacet
  facet normal -0.93361 -0.35829 0
    outer loop
      vertex -11.6359 23.0718 -4.47533
      vertex -11.6359 23.0718 4.47533
      vertex -11.73 23.317 4.3063
    endloop
  endfacet
  facet normal -0.933495 -0.35859 0
    outer loop
      vertex -11.5618 22.8789 -4.59856
      vertex -11.6359 23.0718 4.47533
      vertex -11.6359 23.0718 -4.47533
    endloop
  endfacet
  facet normal -0.933495 -0.35859 0
    outer loop
      vertex -11.6359 23.0718 4.47533
      vertex -11.5618 22.8789 -4.59856
      vertex -11.5618 22.8789 4.59856
    endloop
  endfacet
  facet normal 0.0524072 -0.998626 -0.000285937
    outer loop
      vertex -13.3409 24.0342 4.02008
      vertex -12.8723 24.0588 3.99151
      vertex -13.1541 24.044 4.03105
    endloop
  endfacet
  facet normal 0.0524246 -0.998625 0
    outer loop
      vertex -13.3409 24.0342 4.02008
      vertex -12.8723 24.0588 -3.99151
      vertex -12.8723 24.0588 3.99151
    endloop
  endfacet
  facet normal 0.0524246 -0.998625 0
    outer loop
      vertex -13.3409 24.0342 -4.02008
      vertex -12.8723 24.0588 -3.99151
      vertex -13.3409 24.0342 4.02008
    endloop
  endfacet
  facet normal 0.0524072 -0.998626 0.000285937
    outer loop
      vertex -12.8723 24.0588 -3.99151
      vertex -13.3409 24.0342 -4.02008
      vertex -13.1541 24.044 -4.03105
    endloop
  endfacet
  facet normal 0.93356 0.358422 0
    outer loop
      vertex -14.3281 21.817 4.29499
      vertex -14.4963 22.2551 -4.09971
      vertex -14.4963 22.2551 4.09971
    endloop
  endfacet
  facet normal 0.93356 0.358422 0
    outer loop
      vertex -14.4963 22.2551 -4.09971
      vertex -14.3281 21.817 4.29499
      vertex -14.3281 21.817 -4.29499
    endloop
  endfacet
  facet normal -0.358428 0.933557 3.77165e-05
    outer loop
      vertex -12.2791 21.268 5.6005
      vertex -12.7172 21.0998 5.51911
      vertex -12.4036 21.2202 5.59319
    endloop
  endfacet
  facet normal -0.358422 0.93356 0
    outer loop
      vertex -12.2791 21.268 5.6005
      vertex -12.7172 21.0998 -5.51911
      vertex -12.7172 21.0998 5.51911
    endloop
  endfacet
  facet normal -0.358422 0.93356 0
    outer loop
      vertex -12.2791 21.268 -5.6005
      vertex -12.7172 21.0998 -5.51911
      vertex -12.2791 21.268 5.6005
    endloop
  endfacet
  facet normal -0.358428 0.933557 -3.77165e-05
    outer loop
      vertex -12.7172 21.0998 -5.51911
      vertex -12.2791 21.268 -5.6005
      vertex -12.4036 21.2202 -5.59319
    endloop
  endfacet
  facet normal -0.0531333 0.998586 0.00158733
    outer loop
      vertex -12.7172 21.0998 5.51911
      vertex -13.1429 21.0775 5.29837
      vertex -12.7723 21.0969 5.49911
    endloop
  endfacet
  facet normal -0.0489165 0.998781 -0.00656468
    outer loop
      vertex -12.7172 21.0998 5.51911
      vertex -13.1859 21.0752 5.26885
      vertex -13.1429 21.0775 5.29837
    endloop
  endfacet
  facet normal -0.0524135 0.998625 0
    outer loop
      vertex -12.7172 21.0998 5.51911
      vertex -13.1859 21.0752 -5.26885
      vertex -13.1859 21.0752 5.26885
    endloop
  endfacet
  facet normal -0.0524135 0.998625 0
    outer loop
      vertex -12.7172 21.0998 -5.51911
      vertex -13.1859 21.0752 -5.26885
      vertex -12.7172 21.0998 5.51911
    endloop
  endfacet
  facet normal -0.0489165 0.998781 0.00656468
    outer loop
      vertex -13.1859 21.0752 -5.26885
      vertex -12.7172 21.0998 -5.51911
      vertex -13.1429 21.0775 -5.29837
    endloop
  endfacet
  facet normal -0.0531333 0.998586 -0.00158733
    outer loop
      vertex -13.1429 21.0775 -5.29837
      vertex -12.7172 21.0998 -5.51911
      vertex -12.7723 21.0969 -5.49911
    endloop
  endfacet
  facet normal -0.259176 -0.965722 0.0144263
    outer loop
      vertex -12.8723 24.0588 3.99151
      vertex -12.419 23.9373 4.00187
      vertex -12.7971 24.0387 3.99699
    endloop
  endfacet
  facet normal -0.258896 -0.965905 0
    outer loop
      vertex -12.8723 24.0588 -3.99151
      vertex -12.419 23.9373 4.00187
      vertex -12.8723 24.0588 3.99151
    endloop
  endfacet
  facet normal -0.258225 -0.966085 -4.07666e-05
    outer loop
      vertex -12.7971 24.0387 -3.99699
      vertex -12.419 23.9373 4.00187
      vertex -12.8723 24.0588 -3.99151
    endloop
  endfacet
  facet normal -0.25903 -0.965869 -0
    outer loop
      vertex -12.419 23.9373 4.00187
      vertex -12.7971 24.0387 -3.99699
      vertex -12.419 23.9373 -4.00187
    endloop
  endfacet
  facet normal -0.96595 0.258728 0
    outer loop
      vertex -11.6386 22.032 -5.21049
      vertex -11.5373 22.4102 4.92538
      vertex -11.5373 22.4102 -4.92538
    endloop
  endfacet
  facet normal -0.96595 0.258728 0
    outer loop
      vertex -11.6386 22.032 -5.21049
      vertex -11.6386 22.032 5.21049
      vertex -11.5373 22.4102 4.92538
    endloop
  endfacet
  facet normal -0.966 0.258543 0
    outer loop
      vertex -11.6587 21.9569 -5.26262
      vertex -11.6386 22.032 5.21049
      vertex -11.6386 22.032 -5.21049
    endloop
  endfacet
  facet normal -0.966 0.258543 0
    outer loop
      vertex -11.6386 22.032 5.21049
      vertex -11.6587 21.9569 -5.26262
      vertex -11.6587 21.9569 5.26262
    endloop
  endfacet
  facet normal 0.544127 0.839002 0.000818832
    outer loop
      vertex -13.6392 21.1967 4.92775
      vertex -14.0328 21.4523 4.58523
      vertex -13.824 21.3167 4.77443
    endloop
  endfacet
  facet normal 0.544629 0.838677 0
    outer loop
      vertex -13.6392 21.1967 4.92775
      vertex -14.0328 21.4523 -4.58523
      vertex -14.0328 21.4523 4.58523
    endloop
  endfacet
  facet normal 0.544649 0.838664 -1.17206e-06
    outer loop
      vertex -13.6392 21.1967 4.92775
      vertex -13.824 21.3167 -4.77443
      vertex -14.0328 21.4523 -4.58523
    endloop
  endfacet
  facet normal 0.544605 0.838692 0
    outer loop
      vertex -13.824 21.3167 -4.77443
      vertex -13.6392 21.1967 4.92775
      vertex -13.6392 21.1967 -4.92775
    endloop
  endfacet
  facet normal -0.629091 0.777331 0.000618983
    outer loop
      vertex -11.9143 21.5633 5.51436
      vertex -12.2791 21.268 5.6005
      vertex -12.0729 21.4349 5.57157
    endloop
  endfacet
  facet normal -0.62918 0.77726 0
    outer loop
      vertex -11.9143 21.5633 -5.51436
      vertex -12.2791 21.268 5.6005
      vertex -11.9143 21.5633 5.51436
    endloop
  endfacet
  facet normal -0.629091 0.777331 -0.000618983
    outer loop
      vertex -12.2791 21.268 -5.6005
      vertex -11.9143 21.5633 -5.51436
      vertex -12.0729 21.4349 -5.57157
    endloop
  endfacet
  facet normal -0.62918 0.77726 0
    outer loop
      vertex -11.9143 21.5633 -5.51436
      vertex -12.2791 21.268 -5.6005
      vertex -12.2791 21.268 5.6005
    endloop
  endfacet
  facet normal -0.776839 -0.629699 0
    outer loop
      vertex -11.8953 23.5212 -4.20355
      vertex -12.0254 23.6817 4.11304
      vertex -12.0254 23.6817 -4.11304
    endloop
  endfacet
  facet normal -0.776839 -0.629699 0
    outer loop
      vertex -11.8953 23.5212 -4.20355
      vertex -11.8953 23.5212 4.20355
      vertex -12.0254 23.6817 4.11304
    endloop
  endfacet
  facet normal -0.777254 -0.629187 0
    outer loop
      vertex -11.73 23.317 -4.3063
      vertex -11.8953 23.5212 4.20355
      vertex -11.8953 23.5212 -4.20355
    endloop
  endfacet
  facet normal -0.777254 -0.629187 0
    outer loop
      vertex -11.8953 23.5212 4.20355
      vertex -11.73 23.317 -4.3063
      vertex -11.73 23.317 4.3063
    endloop
  endfacet
  facet normal 0.777175 0.629284 0
    outer loop
      vertex -14.0328 21.4523 4.58523
      vertex -14.3281 21.817 -4.29499
      vertex -14.3281 21.817 4.29499
    endloop
  endfacet
  facet normal 0.777175 0.629284 0
    outer loop
      vertex -14.3281 21.817 -4.29499
      vertex -14.0328 21.4523 4.58523
      vertex -14.0328 21.4523 -4.58523
    endloop
  endfacet
  facet normal -0.839651 0.543116 0.00335435
    outer loop
      vertex -11.9143 21.5633 -5.51436
      vertex -11.6587 21.9569 -5.26262
      vertex -11.8125 21.7202 -5.43637
    endloop
  endfacet
  facet normal -0.838677 0.544629 0
    outer loop
      vertex -11.6587 21.9569 -5.26262
      vertex -11.9143 21.5633 -5.51436
      vertex -11.6587 21.9569 5.26262
    endloop
  endfacet
  facet normal -0.838677 0.544629 0
    outer loop
      vertex -11.9143 21.5633 5.51436
      vertex -11.6587 21.9569 5.26262
      vertex -11.9143 21.5633 -5.51436
    endloop
  endfacet
  facet normal -0.839651 0.543116 -0.00335435
    outer loop
      vertex -11.6587 21.9569 5.26262
      vertex -11.9143 21.5633 5.51436
      vertex -11.8125 21.7202 5.43637
    endloop
  endfacet
  facet normal 0.35837 -0.933579 0.00104269
    outer loop
      vertex -13.7791 23.866 4.02933
      vertex -13.3409 24.0342 4.02008
      vertex -13.5314 23.9611 4.04388
    endloop
  endfacet
  facet normal 0.358351 -0.933587 0
    outer loop
      vertex -13.7791 23.866 4.02933
      vertex -13.3409 24.0342 -4.02008
      vertex -13.3409 24.0342 4.02008
    endloop
  endfacet
  facet normal 0.358351 -0.933587 0
    outer loop
      vertex -13.7791 23.866 -4.02933
      vertex -13.3409 24.0342 -4.02008
      vertex -13.7791 23.866 4.02933
    endloop
  endfacet
  facet normal 0.35837 -0.933579 -0.00104269
    outer loop
      vertex -13.3409 24.0342 -4.02008
      vertex -13.7791 23.866 -4.02933
      vertex -13.5314 23.9611 -4.04388
    endloop
  endfacet
  facet normal -0.998637 -0.052201 0
    outer loop
      vertex -11.5373 22.4102 -4.92538
      vertex -11.5618 22.8789 4.59856
      vertex -11.5618 22.8789 -4.59856
    endloop
  endfacet
  facet normal -0.998637 -0.052201 0
    outer loop
      vertex -11.5618 22.8789 4.59856
      vertex -11.5373 22.4102 -4.92538
      vertex -11.5373 22.4102 4.92538
    endloop
  endfacet
  facet normal -0.259176 0.965722 0.0144263
    outer loop
      vertex -12.419 -23.9373 4.00187
      vertex -12.8723 -24.0588 3.99151
      vertex -12.7971 -24.0387 3.99699
    endloop
  endfacet
  facet normal -0.258896 0.965905 0
    outer loop
      vertex -12.419 -23.9373 4.00187
      vertex -12.8723 -24.0588 -3.99151
      vertex -12.8723 -24.0588 3.99151
    endloop
  endfacet
  facet normal -0.258225 0.966085 -4.07666e-05
    outer loop
      vertex -12.419 -23.9373 4.00187
      vertex -12.7971 -24.0387 -3.99699
      vertex -12.8723 -24.0588 -3.99151
    endloop
  endfacet
  facet normal -0.25903 0.965869 0
    outer loop
      vertex -12.7971 -24.0387 -3.99699
      vertex -12.419 -23.9373 4.00187
      vertex -12.419 -23.9373 -4.00187
    endloop
  endfacet
  facet normal 0.965959 0.258697 0
    outer loop
      vertex -14.3994 -23.1771 3.99774
      vertex -14.5208 -22.7238 -4.00424
      vertex -14.5208 -22.7238 4.00424
    endloop
  endfacet
  facet normal 0.965959 0.258697 0
    outer loop
      vertex -14.5208 -22.7238 -4.00424
      vertex -14.3994 -23.1771 3.99774
      vertex -14.3994 -23.1771 -3.99774
    endloop
  endfacet
  facet normal 0.998636 -0.0522215 0
    outer loop
      vertex -14.5093 -22.5037 4.05665
      vertex -14.4963 -22.2551 -4.09971
      vertex -14.4963 -22.2551 4.09971
    endloop
  endfacet
  facet normal 0.998636 -0.0522215 0
    outer loop
      vertex -14.5093 -22.5037 4.05665
      vertex -14.5093 -22.5037 -4.05665
      vertex -14.4963 -22.2551 -4.09971
    endloop
  endfacet
  facet normal 0.998638 -0.0521778 0
    outer loop
      vertex -14.5208 -22.7238 4.00424
      vertex -14.5093 -22.5037 -4.05665
      vertex -14.5093 -22.5037 4.05665
    endloop
  endfacet
  facet normal 0.998638 -0.0521778 0
    outer loop
      vertex -14.5093 -22.5037 -4.05665
      vertex -14.5208 -22.7238 4.00424
      vertex -14.5208 -22.7238 -4.00424
    endloop
  endfacet
  facet normal -0.966 -0.258543 0
    outer loop
      vertex -11.6386 -22.032 -5.21049
      vertex -11.6587 -21.9569 5.26262
      vertex -11.6587 -21.9569 -5.26262
    endloop
  endfacet
  facet normal -0.966 -0.258543 0
    outer loop
      vertex -11.6386 -22.032 -5.21049
      vertex -11.6386 -22.032 5.21049
      vertex -11.6587 -21.9569 5.26262
    endloop
  endfacet
  facet normal -0.96595 -0.258728 0
    outer loop
      vertex -11.5373 -22.4102 -4.92538
      vertex -11.6386 -22.032 5.21049
      vertex -11.6386 -22.032 -5.21049
    endloop
  endfacet
  facet normal -0.96595 -0.258728 0
    outer loop
      vertex -11.6386 -22.032 5.21049
      vertex -11.5373 -22.4102 -4.92538
      vertex -11.5373 -22.4102 4.92538
    endloop
  endfacet
  facet normal 0.35837 0.933579 0.00104269
    outer loop
      vertex -13.3409 -24.0342 4.02008
      vertex -13.7791 -23.866 4.02933
      vertex -13.5314 -23.9611 4.04388
    endloop
  endfacet
  facet normal 0.358351 0.933587 -0
    outer loop
      vertex -13.3409 -24.0342 -4.02008
      vertex -13.7791 -23.866 4.02933
      vertex -13.3409 -24.0342 4.02008
    endloop
  endfacet
  facet normal 0.358351 0.933587 0
    outer loop
      vertex -13.3409 -24.0342 -4.02008
      vertex -13.7791 -23.866 -4.02933
      vertex -13.7791 -23.866 4.02933
    endloop
  endfacet
  facet normal 0.35837 0.933579 -0.00104269
    outer loop
      vertex -13.7791 -23.866 -4.02933
      vertex -13.3409 -24.0342 -4.02008
      vertex -13.5314 -23.9611 -4.04388
    endloop
  endfacet
  facet normal 0.777175 -0.629284 0
    outer loop
      vertex -14.3281 -21.817 4.29499
      vertex -14.0328 -21.4523 -4.58523
      vertex -14.0328 -21.4523 4.58523
    endloop
  endfacet
  facet normal 0.777175 -0.629284 0
    outer loop
      vertex -14.0328 -21.4523 -4.58523
      vertex -14.3281 -21.817 4.29499
      vertex -14.3281 -21.817 -4.29499
    endloop
  endfacet
  facet normal 0.629289 0.777171 -0.000706941
    outer loop
      vertex -13.7791 -23.866 4.02933
      vertex -14.1438 -23.5707 4.02484
      vertex -13.8827 -23.7821 4.04388
    endloop
  endfacet
  facet normal 0.629284 0.777175 0
    outer loop
      vertex -13.7791 -23.866 4.02933
      vertex -14.1438 -23.5707 -4.02484
      vertex -14.1438 -23.5707 4.02484
    endloop
  endfacet
  facet normal 0.629284 0.777175 -0
    outer loop
      vertex -13.7791 -23.866 -4.02933
      vertex -14.1438 -23.5707 -4.02484
      vertex -13.7791 -23.866 4.02933
    endloop
  endfacet
  facet normal 0.629289 0.777171 0.000706941
    outer loop
      vertex -14.1438 -23.5707 -4.02484
      vertex -13.7791 -23.866 -4.02933
      vertex -13.8827 -23.7821 -4.04388
    endloop
  endfacet
  facet normal -0.629091 -0.777331 0.000618983
    outer loop
      vertex -12.2791 -21.268 5.6005
      vertex -11.9143 -21.5633 5.51436
      vertex -12.0729 -21.4349 5.57157
    endloop
  endfacet
  facet normal -0.62918 -0.77726 0
    outer loop
      vertex -12.2791 -21.268 5.6005
      vertex -11.9143 -21.5633 -5.51436
      vertex -11.9143 -21.5633 5.51436
    endloop
  endfacet
  facet normal -0.62918 -0.77726 0
    outer loop
      vertex -12.2791 -21.268 -5.6005
      vertex -11.9143 -21.5633 -5.51436
      vertex -12.2791 -21.268 5.6005
    endloop
  endfacet
  facet normal -0.629091 -0.777331 -0.000618983
    outer loop
      vertex -11.9143 -21.5633 -5.51436
      vertex -12.2791 -21.268 -5.6005
      vertex -12.0729 -21.4349 -5.57157
    endloop
  endfacet
  facet normal -0.544629 0.838677 0
    outer loop
      vertex -12.0254 -23.6817 4.11304
      vertex -12.419 -23.9373 -4.00187
      vertex -12.419 -23.9373 4.00187
    endloop
  endfacet
  facet normal -0.544629 0.838677 0
    outer loop
      vertex -12.419 -23.9373 -4.00187
      vertex -12.0254 -23.6817 4.11304
      vertex -12.0254 -23.6817 -4.11304
    endloop
  endfacet
  facet normal 0.0524072 0.998626 -0.000285937
    outer loop
      vertex -12.8723 -24.0588 3.99151
      vertex -13.3409 -24.0342 4.02008
      vertex -13.1541 -24.044 4.03105
    endloop
  endfacet
  facet normal 0.0524246 0.998625 -0
    outer loop
      vertex -12.8723 -24.0588 -3.99151
      vertex -13.3409 -24.0342 4.02008
      vertex -12.8723 -24.0588 3.99151
    endloop
  endfacet
  facet normal 0.0524246 0.998625 0
    outer loop
      vertex -12.8723 -24.0588 -3.99151
      vertex -13.3409 -24.0342 -4.02008
      vertex -13.3409 -24.0342 4.02008
    endloop
  endfacet
  facet normal 0.0524072 0.998626 0.000285937
    outer loop
      vertex -13.3409 -24.0342 -4.02008
      vertex -12.8723 -24.0588 -3.99151
      vertex -13.1541 -24.044 -4.03105
    endloop
  endfacet
  facet normal -0.933495 0.35859 0
    outer loop
      vertex -11.6359 -23.0718 -4.47533
      vertex -11.5618 -22.8789 4.59856
      vertex -11.5618 -22.8789 -4.59856
    endloop
  endfacet
  facet normal -0.933495 0.35859 0
    outer loop
      vertex -11.6359 -23.0718 -4.47533
      vertex -11.6359 -23.0718 4.47533
      vertex -11.5618 -22.8789 4.59856
    endloop
  endfacet
  facet normal -0.93361 0.35829 0
    outer loop
      vertex -11.73 -23.317 -4.3063
      vertex -11.6359 -23.0718 4.47533
      vertex -11.6359 -23.0718 -4.47533
    endloop
  endfacet
  facet normal -0.93361 0.35829 0
    outer loop
      vertex -11.6359 -23.0718 4.47533
      vertex -11.73 -23.317 -4.3063
      vertex -11.73 -23.317 4.3063
    endloop
  endfacet
  facet normal 0.838493 0.544885 0.00545767
    outer loop
      vertex -14.1438 -23.5707 4.02484
      vertex -14.3994 -23.1771 3.99774
      vertex -14.376 -23.2132 4.00683
    endloop
  endfacet
  facet normal 0.838677 0.544629 0
    outer loop
      vertex -14.3994 -23.1771 3.99774
      vertex -14.1438 -23.5707 4.02484
      vertex -14.3994 -23.1771 -3.99774
    endloop
  endfacet
  facet normal 0.838648 0.544674 -0.000725403
    outer loop
      vertex -14.1438 -23.5707 4.02484
      vertex -14.376 -23.2132 4.00683
      vertex -14.1738 -23.5245 4.03105
    endloop
  endfacet
  facet normal 0.838677 0.544629 -0
    outer loop
      vertex -14.1438 -23.5707 -4.02484
      vertex -14.3994 -23.1771 -3.99774
      vertex -14.1438 -23.5707 4.02484
    endloop
  endfacet
  facet normal 0.838493 0.544885 -0.00545767
    outer loop
      vertex -14.3994 -23.1771 -3.99774
      vertex -14.1438 -23.5707 -4.02484
      vertex -14.376 -23.2132 -4.00683
    endloop
  endfacet
  facet normal 0.838648 0.544674 0.000725403
    outer loop
      vertex -14.376 -23.2132 -4.00683
      vertex -14.1438 -23.5707 -4.02484
      vertex -14.1738 -23.5245 -4.03105
    endloop
  endfacet
  facet normal -0.998637 0.052201 0
    outer loop
      vertex -11.5618 -22.8789 -4.59856
      vertex -11.5373 -22.4102 4.92538
      vertex -11.5373 -22.4102 -4.92538
    endloop
  endfacet
  facet normal -0.998637 0.052201 0
    outer loop
      vertex -11.5373 -22.4102 4.92538
      vertex -11.5618 -22.8789 -4.59856
      vertex -11.5618 -22.8789 4.59856
    endloop
  endfacet
  facet normal 0.258896 -0.965905 0
    outer loop
      vertex -13.6392 -21.1967 -4.92775
      vertex -13.1859 -21.0752 5.26885
      vertex -13.6392 -21.1967 4.92775
    endloop
  endfacet
  facet normal 0.258896 -0.965905 0
    outer loop
      vertex -13.1859 -21.0752 5.26885
      vertex -13.6392 -21.1967 -4.92775
      vertex -13.1859 -21.0752 -5.26885
    endloop
  endfacet
  facet normal -0.358428 -0.933557 3.77165e-05
    outer loop
      vertex -12.7172 -21.0998 5.51911
      vertex -12.2791 -21.268 5.6005
      vertex -12.4036 -21.2202 5.59319
    endloop
  endfacet
  facet normal -0.358422 -0.93356 0
    outer loop
      vertex -12.7172 -21.0998 -5.51911
      vertex -12.2791 -21.268 5.6005
      vertex -12.7172 -21.0998 5.51911
    endloop
  endfacet
  facet normal -0.358428 -0.933557 -3.77165e-05
    outer loop
      vertex -12.2791 -21.268 -5.6005
      vertex -12.7172 -21.0998 -5.51911
      vertex -12.4036 -21.2202 -5.59319
    endloop
  endfacet
  facet normal -0.358422 -0.93356 0
    outer loop
      vertex -12.7172 -21.0998 -5.51911
      vertex -12.2791 -21.268 -5.6005
      vertex -12.2791 -21.268 5.6005
    endloop
  endfacet
  facet normal -0.777254 0.629187 0
    outer loop
      vertex -11.8953 -23.5212 -4.20355
      vertex -11.73 -23.317 4.3063
      vertex -11.73 -23.317 -4.3063
    endloop
  endfacet
  facet normal -0.777254 0.629187 0
    outer loop
      vertex -11.8953 -23.5212 -4.20355
      vertex -11.8953 -23.5212 4.20355
      vertex -11.73 -23.317 4.3063
    endloop
  endfacet
  facet normal -0.776839 0.629699 0
    outer loop
      vertex -12.0254 -23.6817 -4.11304
      vertex -11.8953 -23.5212 4.20355
      vertex -11.8953 -23.5212 -4.20355
    endloop
  endfacet
  facet normal -0.776839 0.629699 0
    outer loop
      vertex -11.8953 -23.5212 4.20355
      vertex -12.0254 -23.6817 -4.11304
      vertex -12.0254 -23.6817 4.11304
    endloop
  endfacet
  facet normal -0.839651 -0.543116 0.00335435
    outer loop
      vertex -11.6587 -21.9569 -5.26262
      vertex -11.9143 -21.5633 -5.51436
      vertex -11.8125 -21.7202 -5.43637
    endloop
  endfacet
  facet normal -0.838677 -0.544629 0
    outer loop
      vertex -11.9143 -21.5633 -5.51436
      vertex -11.6587 -21.9569 -5.26262
      vertex -11.9143 -21.5633 5.51436
    endloop
  endfacet
  facet normal -0.838677 -0.544629 -0
    outer loop
      vertex -11.6587 -21.9569 5.26262
      vertex -11.9143 -21.5633 5.51436
      vertex -11.6587 -21.9569 -5.26262
    endloop
  endfacet
  facet normal -0.839651 -0.543116 -0.00335435
    outer loop
      vertex -11.9143 -21.5633 5.51436
      vertex -11.6587 -21.9569 5.26262
      vertex -11.8125 -21.7202 5.43637
    endloop
  endfacet
  facet normal 0.93356 -0.358422 0
    outer loop
      vertex -14.4963 -22.2551 4.09971
      vertex -14.3281 -21.817 -4.29499
      vertex -14.3281 -21.817 4.29499
    endloop
  endfacet
  facet normal 0.93356 -0.358422 0
    outer loop
      vertex -14.3281 -21.817 -4.29499
      vertex -14.4963 -22.2551 4.09971
      vertex -14.4963 -22.2551 -4.09971
    endloop
  endfacet
  facet normal -0.0531333 -0.998586 0.00158733
    outer loop
      vertex -13.1429 -21.0775 5.29837
      vertex -12.7172 -21.0998 5.51911
      vertex -12.7723 -21.0969 5.49911
    endloop
  endfacet
  facet normal -0.0489165 -0.998781 -0.00656468
    outer loop
      vertex -13.1859 -21.0752 5.26885
      vertex -12.7172 -21.0998 5.51911
      vertex -13.1429 -21.0775 5.29837
    endloop
  endfacet
  facet normal -0.0524135 -0.998625 0
    outer loop
      vertex -13.1859 -21.0752 -5.26885
      vertex -12.7172 -21.0998 5.51911
      vertex -13.1859 -21.0752 5.26885
    endloop
  endfacet
  facet normal -0.0489165 -0.998781 0.00656468
    outer loop
      vertex -12.7172 -21.0998 -5.51911
      vertex -13.1859 -21.0752 -5.26885
      vertex -13.1429 -21.0775 -5.29837
    endloop
  endfacet
  facet normal -0.0531333 -0.998586 -0.00158733
    outer loop
      vertex -12.7172 -21.0998 -5.51911
      vertex -13.1429 -21.0775 -5.29837
      vertex -12.7723 -21.0969 -5.49911
    endloop
  endfacet
  facet normal -0.0524135 -0.998625 0
    outer loop
      vertex -13.1859 -21.0752 -5.26885
      vertex -12.7172 -21.0998 -5.51911
      vertex -12.7172 -21.0998 5.51911
    endloop
  endfacet
  facet normal 0.544127 -0.839002 0.000818832
    outer loop
      vertex -14.0328 -21.4523 4.58523
      vertex -13.6392 -21.1967 4.92775
      vertex -13.824 -21.3167 4.77443
    endloop
  endfacet
  facet normal 0.544629 -0.838677 0
    outer loop
      vertex -14.0328 -21.4523 -4.58523
      vertex -13.6392 -21.1967 4.92775
      vertex -14.0328 -21.4523 4.58523
    endloop
  endfacet
  facet normal 0.544649 -0.838664 -1.17206e-06
    outer loop
      vertex -13.824 -21.3167 -4.77443
      vertex -13.6392 -21.1967 4.92775
      vertex -14.0328 -21.4523 -4.58523
    endloop
  endfacet
  facet normal 0.544605 -0.838692 0
    outer loop
      vertex -13.6392 -21.1967 4.92775
      vertex -13.824 -21.3167 -4.77443
      vertex -13.6392 -21.1967 -4.92775
    endloop
  endfacet
  facet normal 0.585213 -0.0927048 0.805563
    outer loop
      vertex 30.5422 0 2.47371
      vertex 30.4805 -0.389491 2.47371
      vertex 31.245 0 1.96315
    endloop
  endfacet
  facet normal -0.631802 0.100063 -0.768644
    outer loop
      vertex -3.35131 2.40436 -15.8447
      vertex -13.824 21.3167 -4.77443
      vertex -3.25523 3.01101 -15.8447
    endloop
  endfacet
  facet normal -0.63151 0.100344 -0.768847
    outer loop
      vertex -3.35131 2.40436 -15.8447
      vertex -14.0328 21.4523 -4.58523
      vertex -13.824 21.3167 -4.77443
    endloop
  endfacet
  facet normal -0.632 0.0998679 -0.768507
    outer loop
      vertex -3.35131 2.40436 -15.8447
      vertex -14.3281 21.817 -4.29499
      vertex -14.0328 21.4523 -4.58523
    endloop
  endfacet
  facet normal -0.631759 0.100106 -0.768674
    outer loop
      vertex -16.6041 25.3588 -1.96315
      vertex -14.5093 22.5037 -4.05665
      vertex -14.4963 22.2551 -4.09971
    endloop
  endfacet
  facet normal -0.631815 0.100041 -0.768636
    outer loop
      vertex -16.6041 25.3588 -1.96315
      vertex -14.4963 22.2551 -4.09971
      vertex -14.3281 21.817 -4.29499
    endloop
  endfacet
  facet normal -0.631773 0.100088 -0.768665
    outer loop
      vertex -14.5093 22.5037 -4.05665
      vertex -16.6041 25.3588 -1.96315
      vertex -16.508 25.9654 -1.96315
    endloop
  endfacet
  facet normal -0.631746 0.100117 -0.768683
    outer loop
      vertex -16.6041 25.3588 -1.96315
      vertex -14.3281 21.817 -4.29499
      vertex -3.35131 2.40436 -15.8447
    endloop
  endfacet
  facet normal 0.462701 0.0732973 0.883479
    outer loop
      vertex 30.4805 0.389491 2.47371
      vertex 27.5581 0 4.03656
      vertex 30.5422 0 2.47371
    endloop
  endfacet
  facet normal 0.462701 0.0732973 0.883479
    outer loop
      vertex 27.5581 0 4.03656
      vertex 30.4805 0.389491 2.47371
      vertex 27.4964 0.389491 4.03656
    endloop
  endfacet
  facet normal 0.462701 0.0732798 0.88348
    outer loop
      vertex 24.6198 0.389491 5.54312
      vertex 4.03674 0 16.3553
      vertex 24.5581 0 5.60774
    endloop
  endfacet
  facet normal 0.462701 0.0732854 0.88348
    outer loop
      vertex 4.03674 0 16.3553
      vertex 24.6198 0.389491 5.54312
      vertex 3.97505 0.389491 16.3553
    endloop
  endfacet
  facet normal -0.0765684 -0.483219 -0.872145
    outer loop
      vertex -14.6409 -26.6192 -2.47371
      vertex -13.3409 -24.0342 -4.02008
      vertex -13.1541 -24.044 -4.03105
    endloop
  endfacet
  facet normal -0.076479 -0.483256 -0.872132
    outer loop
      vertex -14.6409 -26.6192 -2.47371
      vertex -13.5314 -23.9611 -4.04388
      vertex -13.3409 -24.0342 -4.02008
    endloop
  endfacet
  facet normal -0.0765478 -0.483232 -0.87214
    outer loop
      vertex -13.5314 -23.9611 -4.04388
      vertex -14.6409 -26.6192 -2.47371
      vertex -15.0304 -26.5575 -2.47371
    endloop
  endfacet
  facet normal -0.0765882 -0.483209 -0.872149
    outer loop
      vertex -11.9143 -21.5633 -5.51436
      vertex -1.38816 -3.66478 -16.3553
      vertex -11.8125 -21.7202 -5.43637
    endloop
  endfacet
  facet normal -0.0765377 -0.483234 -0.87214
    outer loop
      vertex -1.38816 -3.66478 -16.3553
      vertex -11.9143 -21.5633 -5.51436
      vertex -1.77765 -3.60309 -16.3553
    endloop
  endfacet
  facet normal -0.0765957 -0.483207 -0.872149
    outer loop
      vertex -1.77765 -3.60309 -16.3553
      vertex -11.9143 -21.5633 -5.51436
      vertex -12.0729 -21.4349 -5.57157
    endloop
  endfacet
  facet normal -0.58528 0.0926955 -0.805515
    outer loop
      vertex -2.58689 2.79385 -16.3553
      vertex -3.35131 2.40436 -15.8447
      vertex -3.25523 3.01101 -15.8447
    endloop
  endfacet
  facet normal -0.210857 0.413824 -0.885601
    outer loop
      vertex -12.2791 21.268 -5.6005
      vertex -1.77765 3.60309 -16.3553
      vertex -2.12901 3.42406 -16.3553
    endloop
  endfacet
  facet normal -0.210752 0.413884 -0.885598
    outer loop
      vertex -1.77765 3.60309 -16.3553
      vertex -12.2791 21.268 -5.6005
      vertex -12.0729 21.4349 -5.57157
    endloop
  endfacet
  facet normal -0.210876 0.413813 -0.885601
    outer loop
      vertex -12.2791 21.268 -5.6005
      vertex -2.12901 3.42406 -16.3553
      vertex -12.4036 21.2202 -5.59319
    endloop
  endfacet
  facet normal -0.210895 0.413808 -0.8856
    outer loop
      vertex -13.7791 23.866 -4.02933
      vertex -15.0304 26.5575 -2.47371
      vertex -13.5314 23.9611 -4.04388
    endloop
  endfacet
  facet normal -0.210787 0.413862 -0.8856
    outer loop
      vertex -15.3818 26.3785 -2.47371
      vertex -13.7791 23.866 -4.02933
      vertex -13.8827 23.7821 -4.04388
    endloop
  endfacet
  facet normal -0.21081 0.413848 -0.885601
    outer loop
      vertex -13.7791 23.866 -4.02933
      vertex -15.3818 26.3785 -2.47371
      vertex -15.0304 26.5575 -2.47371
    endloop
  endfacet
  facet normal 0.156417 0.987691 -0
    outer loop
      vertex -13.7935 27.9667 -0.434311
      vertex -14.6409 28.1009 0.434311
      vertex -13.7935 27.9667 0.434311
    endloop
  endfacet
  facet normal 0.156417 0.987691 0
    outer loop
      vertex -14.6409 28.1009 0.434311
      vertex -13.7935 27.9667 -0.434311
      vertex -14.6409 28.1009 -0.434311
    endloop
  endfacet
  facet normal 0.361649 -0.626395 -0.690535
    outer loop
      vertex 3.93023 -1.58822 -15.8447
      vertex -13.487 -26.947 -1.96315
      vertex -0.234246 -3.99258 -15.8447
    endloop
  endfacet
  facet normal 0.940433 0.148861 0.305657
    outer loop
      vertex 32.024 0 0.434311
      vertex 31.6345 0.76442 1.26042
      vertex 31.7555 0 1.26042
    endloop
  endfacet
  facet normal 0.848452 -0.432204 0.305497
    outer loop
      vertex 31.6345 -0.76442 1.26042
      vertex 31.5003 -1.61179 0.434311
      vertex 31.8897 -0.847365 0.434311
    endloop
  endfacet
  facet normal 0.405264 -0.701937 -0.585701
    outer loop
      vertex 30.4357 -1.58822 -1.96315
      vertex -13.1869 -27.3601 -1.26042
      vertex -13.487 -26.947 -1.96315
    endloop
  endfacet
  facet normal 0.405273 -0.701953 -0.585675
    outer loop
      vertex -13.1869 -27.3601 -1.26042
      vertex 30.4357 -1.58822 -1.96315
      vertex 30.7358 -2.00128 -1.26042
    endloop
  endfacet
  facet normal -0.809052 0 -0.587738
    outer loop
      vertex -16.6041 -25.3588 -1.96315
      vertex -17.1146 25.3588 -1.26042
      vertex -16.6041 25.3588 -1.96315
    endloop
  endfacet
  facet normal -0.809052 -0 -0.587738
    outer loop
      vertex -17.1146 25.3588 -1.26042
      vertex -16.6041 -25.3588 -1.96315
      vertex -17.1146 -25.3588 -1.26042
    endloop
  endfacet
  facet normal 0.368783 -0.723919 -0.583044
    outer loop
      vertex -13.1869 -27.3601 -1.26042
      vertex -13.8765 -27.7114 -1.26042
      vertex -13.487 -26.947 -1.96315
    endloop
  endfacet
  facet normal 0.527994 -0.268982 0.805525
    outer loop
      vertex 30.4805 -0.389491 2.47371
      vertex 30.3015 -0.740856 2.47371
      vertex 30.87 -1.15391 1.96315
    endloop
  endfacet
  facet normal -0.0765684 -0.483219 0.872145
    outer loop
      vertex -13.3409 -24.0342 4.02008
      vertex -14.6409 -26.6192 2.47371
      vertex -13.1541 -24.044 4.03105
    endloop
  endfacet
  facet normal -0.076479 -0.483256 0.872132
    outer loop
      vertex -13.5314 -23.9611 4.04388
      vertex -14.6409 -26.6192 2.47371
      vertex -13.3409 -24.0342 4.02008
    endloop
  endfacet
  facet normal -0.0765478 -0.483232 0.87214
    outer loop
      vertex -14.6409 -26.6192 2.47371
      vertex -13.5314 -23.9611 4.04388
      vertex -15.0304 -26.5575 2.47371
    endloop
  endfacet
  facet normal -0.0765377 -0.483234 0.87214
    outer loop
      vertex -11.9143 -21.5633 5.51436
      vertex -1.38816 -3.66478 16.3553
      vertex -1.77765 -3.60309 16.3553
    endloop
  endfacet
  facet normal -0.0765882 -0.483209 0.872149
    outer loop
      vertex -1.38816 -3.66478 16.3553
      vertex -11.9143 -21.5633 5.51436
      vertex -11.8125 -21.7202 5.43637
    endloop
  endfacet
  facet normal -0.0765957 -0.483207 0.872149
    outer loop
      vertex -11.9143 -21.5633 5.51436
      vertex -1.77765 -3.60309 16.3553
      vertex -12.0729 -21.4349 5.57157
    endloop
  endfacet
  facet normal 0.269027 0.527987 -0.805515
    outer loop
      vertex -0.234246 3.99258 -15.8447
      vertex -0.998667 3.60309 -16.3553
      vertex -0.781511 4.27143 -15.8447
    endloop
  endfacet
  facet normal 0.294962 -0.51089 -0.807458
    outer loop
      vertex -0.234246 -3.99258 -15.8447
      vertex 3.51717 -1.0197 -16.3553
      vertex 3.93023 -1.58822 -15.8447
    endloop
  endfacet
  facet normal 0.294963 -0.510891 -0.807457
    outer loop
      vertex 3.51717 -1.0197 -16.3553
      vertex -0.234246 -3.99258 -15.8447
      vertex -0.647302 -3.42406 -16.3553
    endloop
  endfacet
  facet normal -0.0927112 0.585268 0.805522
    outer loop
      vertex -14.6409 27.3219 1.96315
      vertex -15.0304 26.5575 2.47371
      vertex -14.6409 26.6192 2.47371
    endloop
  endfacet
  facet normal 0.14899 -0.940448 0.305548
    outer loop
      vertex -14.6409 -27.8325 1.26042
      vertex -14.6409 -28.1009 0.434311
      vertex -13.8765 -27.7114 1.26042
    endloop
  endfacet
  facet normal 0.36165 -0.626396 -0.690535
    outer loop
      vertex 30.4357 -1.58822 -1.96315
      vertex -13.487 -26.947 -1.96315
      vertex 3.93023 -1.58822 -15.8447
    endloop
  endfacet
  facet normal 0.420863 0.420853 0.80359
    outer loop
      vertex 30.4357 1.58822 1.96315
      vertex 26.9994 1.15391 3.99029
      vertex 30.87 1.15391 1.96315
    endloop
  endfacet
  facet normal 0.420878 0.420807 0.803606
    outer loop
      vertex 30.4357 1.58822 1.96315
      vertex 26.9398 1.21352 3.99029
      vertex 26.9994 1.15391 3.99029
    endloop
  endfacet
  facet normal 0.420881 0.420795 0.803611
    outer loop
      vertex 30.4357 1.58822 1.96315
      vertex 26.5217 1.42658 4.0977
      vertex 26.9398 1.21352 3.99029
    endloop
  endfacet
  facet normal 0.42079 0.421155 0.80347
    outer loop
      vertex 30.4357 1.58822 1.96315
      vertex 26.0581 1.5 4.30201
      vertex 26.5217 1.42658 4.0977
    endloop
  endfacet
  facet normal 0.420968 0.420354 0.803797
    outer loop
      vertex 25.1765 1.21352 4.9138
      vertex 4.36454 1.15391 15.8447
      vertex 25.1168 1.15391 4.97624
    endloop
  endfacet
  facet normal 0.420841 0.42094 0.803556
    outer loop
      vertex 3.93023 1.58822 15.8447
      vertex 25.1765 1.21352 4.9138
      vertex 25.5946 1.42658 4.58322
    endloop
  endfacet
  facet normal 0.420836 0.420966 0.803545
    outer loop
      vertex 3.93023 1.58822 15.8447
      vertex 25.5946 1.42658 4.58322
      vertex 26.0581 1.5 4.30201
    endloop
  endfacet
  facet normal 0.420854 0.420882 0.80358
    outer loop
      vertex 3.93023 1.58822 15.8447
      vertex 26.0581 1.5 4.30201
      vertex 30.4357 1.58822 1.96315
    endloop
  endfacet
  facet normal 0.420858 0.420858 0.80359
    outer loop
      vertex 25.1765 1.21352 4.9138
      vertex 3.93023 1.58822 15.8447
      vertex 4.36454 1.15391 15.8447
    endloop
  endfacet
  facet normal 0.802498 0.127027 -0.582976
    outer loop
      vertex 31.7555 0 -1.26042
      vertex 31.245 0 -1.96315
      vertex 31.6345 0.76442 -1.26042
    endloop
  endfacet
  facet normal 0.31468 -0.617584 -0.72081
    outer loop
      vertex -0.234246 -3.99258 -15.8447
      vertex -11.6359 -23.0718 -4.47533
      vertex -0.781511 -4.27143 -15.8447
    endloop
  endfacet
  facet normal 0.314952 -0.617645 -0.720638
    outer loop
      vertex -0.234246 -3.99258 -15.8447
      vertex -11.73 -23.317 -4.3063
      vertex -11.6359 -23.0718 -4.47533
    endloop
  endfacet
  facet normal 0.314727 -0.617595 -0.72078
    outer loop
      vertex -13.487 -26.947 -1.96315
      vertex -11.73 -23.317 -4.3063
      vertex -0.234246 -3.99258 -15.8447
    endloop
  endfacet
  facet normal 0.315072 -0.61764 -0.72059
    outer loop
      vertex -13.487 -26.947 -1.96315
      vertex -11.8953 -23.5212 -4.20355
      vertex -11.73 -23.317 -4.3063
    endloop
  endfacet
  facet normal 0.314724 -0.6176 -0.720776
    outer loop
      vertex -11.8953 -23.5212 -4.20355
      vertex -13.487 -26.947 -1.96315
      vertex -14.0343 -27.2259 -1.96315
    endloop
  endfacet
  facet normal -0.432286 -0.848369 0.305611
    outer loop
      vertex -15.4053 -27.7114 1.26042
      vertex -16.2527 -27.5772 0.434311
      vertex -15.4883 -27.9667 0.434311
    endloop
  endfacet
  facet normal 0.422053 -0.415267 0.805869
    outer loop
      vertex 24.8446 -0.881678 5.25908
      vertex 4.36454 -1.15391 15.8447
      vertex 25.1168 -1.15391 4.97624
    endloop
  endfacet
  facet normal 0.422041 -0.415328 0.805844
    outer loop
      vertex 24.7729 -0.740856 5.36921
      vertex 4.36454 -1.15391 15.8447
      vertex 24.8446 -0.881678 5.25908
    endloop
  endfacet
  facet normal 0.422051 -0.415274 0.805866
    outer loop
      vertex 4.36454 -1.15391 15.8447
      vertex 24.7729 -0.740856 5.36921
      vertex 3.79602 -0.740856 16.3553
    endloop
  endfacet
  facet normal 0.42209 -0.415102 0.805934
    outer loop
      vertex 27.2717 -0.881678 3.98797
      vertex 30.3015 -0.740856 2.47371
      vertex 27.3434 -0.740856 4.02295
    endloop
  endfacet
  facet normal 0.422058 -0.415296 0.805851
    outer loop
      vertex 26.9994 -1.15391 3.99029
      vertex 30.3015 -0.740856 2.47371
      vertex 27.2717 -0.881678 3.98797
    endloop
  endfacet
  facet normal 0.422065 -0.415222 0.805886
    outer loop
      vertex 30.3015 -0.740856 2.47371
      vertex 26.9994 -1.15391 3.99029
      vertex 30.87 -1.15391 1.96315
    endloop
  endfacet
  facet normal 0.432286 0.848369 0.305611
    outer loop
      vertex -13.7935 27.9667 0.434311
      vertex -13.8765 27.7114 1.26042
      vertex -13.0291 27.5772 0.434311
    endloop
  endfacet
  facet normal 0.36165 0.626396 -0.690535
    outer loop
      vertex 3.93023 1.58822 -15.8447
      vertex -13.487 26.947 -1.96315
      vertex 30.4357 1.58822 -1.96315
    endloop
  endfacet
  facet normal -0.141862 0.278415 0.949926
    outer loop
      vertex -1.77765 3.60309 16.3553
      vertex -2.12901 3.42406 16.3553
      vertex -1.64344 2.75572 16.6237
    endloop
  endfacet
  facet normal -0.723298 0 -0.690536
    outer loop
      vertex -3.35131 -2.40436 -15.8447
      vertex -16.6041 25.3588 -1.96315
      vertex -3.35131 2.40436 -15.8447
    endloop
  endfacet
  facet normal -0.723298 -0 -0.690536
    outer loop
      vertex -16.6041 25.3588 -1.96315
      vertex -3.35131 -2.40436 -15.8447
      vertex -16.6041 -25.3588 -1.96315
    endloop
  endfacet
  facet normal -0.802434 -0.127125 -0.583043
    outer loop
      vertex -16.508 -25.9654 -1.96315
      vertex -16.9936 -26.1232 -1.26042
      vertex -16.6041 -25.3588 -1.96315
    endloop
  endfacet
  facet normal 0.405264 -0.701937 0.585701
    outer loop
      vertex -13.1869 -27.3601 1.26042
      vertex 30.4357 -1.58822 1.96315
      vertex -13.487 -26.947 1.96315
    endloop
  endfacet
  facet normal 0.405273 -0.701953 0.585675
    outer loop
      vertex 30.4357 -1.58822 1.96315
      vertex -13.1869 -27.3601 1.26042
      vertex 30.7358 -2.00128 1.26042
    endloop
  endfacet
  facet normal 0.432286 -0.848369 -0.305611
    outer loop
      vertex -13.7935 -27.9667 -0.434311
      vertex -13.8765 -27.7114 -1.26042
      vertex -13.0291 -27.5772 -0.434311
    endloop
  endfacet
  facet normal 0.0488819 -0.308626 -0.949926
    outer loop
      vertex -0.998667 -3.60309 -16.3553
      vertex -1.38816 -3.66478 -16.3553
      vertex -1.25395 -2.81741 -16.6237
    endloop
  endfacet
  facet normal 0.432215 0.848436 -0.305527
    outer loop
      vertex -13.1869 27.3601 -1.26042
      vertex -13.8765 27.7114 -1.26042
      vertex -13.0291 27.5772 -0.434311
    endloop
  endfacet
  facet normal 0.368783 0.723919 -0.583044
    outer loop
      vertex -13.487 26.947 -1.96315
      vertex -13.8765 27.7114 -1.26042
      vertex -13.1869 27.3601 -1.26042
    endloop
  endfacet
  facet normal -0.141862 0.278415 -0.949926
    outer loop
      vertex -1.64344 2.75572 -16.6237
      vertex -2.12901 3.42406 -16.3553
      vertex -1.77765 3.60309 -16.3553
    endloop
  endfacet
  facet normal 0.940433 0.148861 -0.305657
    outer loop
      vertex 31.7555 0 -1.26042
      vertex 31.6345 0.76442 -1.26042
      vertex 32.024 0 -0.434311
    endloop
  endfacet
  facet normal 0.585213 -0.0927047 -0.805563
    outer loop
      vertex 31.1489 -0.606647 -1.96315
      vertex 30.4805 -0.389491 -2.47371
      vertex 31.245 0 -1.96315
    endloop
  endfacet
  facet normal 0.673248 0.673315 -0.305588
    outer loop
      vertex 31.5003 1.61179 -0.434311
      vertex 30.7358 2.00128 -1.26042
      vertex 30.8936 2.21843 -0.434311
    endloop
  endfacet
  facet normal 0.673259 0.673296 -0.305607
    outer loop
      vertex 30.7358 2.00128 -1.26042
      vertex 31.5003 1.61179 -0.434311
      vertex 31.2831 1.45401 -1.26042
    endloop
  endfacet
  facet normal -0.278415 0.141864 -0.949926
    outer loop
      vertex -1.80121 2.53857 -16.6237
      vertex -2.58689 2.79385 -16.3553
      vertex -1.73952 2.65964 -16.6237
    endloop
  endfacet
  facet normal -0.220953 -0.220953 -0.949926
    outer loop
      vertex -2.12901 -3.42406 -16.3553
      vertex -1.73952 -2.65964 -16.6237
      vertex -1.64344 -2.75572 -16.6237
    endloop
  endfacet
  facet normal -0.220948 -0.220956 -0.949927
    outer loop
      vertex -1.73952 -2.65964 -16.6237
      vertex -2.12901 -3.42406 -16.3553
      vertex -2.40786 -3.14522 -16.3553
    endloop
  endfacet
  facet normal 0.155307 0.268905 0.950563
    outer loop
      vertex 2.37764 0.772542 16.6114
      vertex 3.0316 0.351365 16.6237
      vertex 3.51717 1.0197 16.3553
    endloop
  endfacet
  facet normal 0.15481 0.268141 0.95086
    outer loop
      vertex 3.0316 0.351365 16.6237
      vertex 2.37764 0.772542 16.6114
      vertex 2.38524 0.724537 16.6237
    endloop
  endfacet
  facet normal 0.155286 0.268981 0.950545
    outer loop
      vertex 3.51717 1.0197 16.3553
      vertex 2.02254 1.46946 16.4722
      vertex 2.37764 0.772542 16.6114
    endloop
  endfacet
  facet normal 0.155253 0.26886 0.950585
    outer loop
      vertex 3.51717 1.0197 16.3553
      vertex 1.46946 2.02254 16.4061
      vertex 2.02254 1.46946 16.4722
    endloop
  endfacet
  facet normal 0.155386 0.269135 0.950485
    outer loop
      vertex -0.647302 3.42406 16.3553
      vertex 1.46946 2.02254 16.4061
      vertex 3.51717 1.0197 16.3553
    endloop
  endfacet
  facet normal 0.154934 0.268462 0.950749
    outer loop
      vertex 1.46946 2.02254 16.4061
      vertex -0.647302 3.42406 16.3553
      vertex 0.772542 2.37764 16.4194
    endloop
  endfacet
  facet normal 0.155305 0.268954 0.950549
    outer loop
      vertex -0.647302 3.42406 16.3553
      vertex 0 2.5 16.511
      vertex 0.772542 2.37764 16.4194
    endloop
  endfacet
  facet normal 0.155272 0.268933 0.950561
    outer loop
      vertex -0.647302 3.42406 16.3553
      vertex -0.54142 2.41425 16.6237
      vertex 0 2.5 16.511
    endloop
  endfacet
  facet normal 0.155264 0.268932 0.950562
    outer loop
      vertex -0.54142 2.41425 16.6237
      vertex -0.647302 3.42406 16.3553
      vertex -1.13288 2.75572 16.6237
    endloop
  endfacet
  facet normal 0.987672 0.156537 0
    outer loop
      vertex 32.024 0 0.434311
      vertex 31.8897 0.847365 -0.434311
      vertex 31.8897 0.847365 0.434311
    endloop
  endfacet
  facet normal 0.987672 0.156537 0
    outer loop
      vertex 31.8897 0.847365 -0.434311
      vertex 32.024 0 0.434311
      vertex 32.024 0 -0.434311
    endloop
  endfacet
  facet normal -0.951063 0 -0.308997
    outer loop
      vertex -17.1146 -25.3588 -1.26042
      vertex -17.383 25.3588 -0.434311
      vertex -17.1146 25.3588 -1.26042
    endloop
  endfacet
  facet normal -0.951063 -0 -0.308997
    outer loop
      vertex -17.383 25.3588 -0.434311
      vertex -17.1146 -25.3588 -1.26042
      vertex -17.383 -25.3588 -0.434311
    endloop
  endfacet
  facet normal 0.422053 0.415267 0.805869
    outer loop
      vertex 4.36454 1.15391 15.8447
      vertex 24.8446 0.881678 5.25908
      vertex 25.1168 1.15391 4.97624
    endloop
  endfacet
  facet normal 0.422041 0.415328 0.805844
    outer loop
      vertex 4.36454 1.15391 15.8447
      vertex 24.7729 0.740856 5.36921
      vertex 24.8446 0.881678 5.25908
    endloop
  endfacet
  facet normal 0.422051 0.415274 0.805866
    outer loop
      vertex 24.7729 0.740856 5.36921
      vertex 4.36454 1.15391 15.8447
      vertex 3.79602 0.740856 16.3553
    endloop
  endfacet
  facet normal 0.422065 0.415222 0.805886
    outer loop
      vertex 26.9994 1.15391 3.99029
      vertex 30.3015 0.740856 2.47371
      vertex 30.87 1.15391 1.96315
    endloop
  endfacet
  facet normal 0.42209 0.415102 0.805934
    outer loop
      vertex 30.3015 0.740856 2.47371
      vertex 27.2717 0.881678 3.98797
      vertex 27.3434 0.740856 4.02295
    endloop
  endfacet
  facet normal 0.422058 0.415296 0.805851
    outer loop
      vertex 30.3015 0.740856 2.47371
      vertex 26.9994 1.15391 3.99029
      vertex 27.2717 0.881678 3.98797
    endloop
  endfacet
  facet normal 0.36165 -0.626396 0.690535
    outer loop
      vertex 3.93023 -1.58822 15.8447
      vertex -13.487 -26.947 1.96315
      vertex 30.4357 -1.58822 1.96315
    endloop
  endfacet
  facet normal -0.432286 0.848369 -0.305611
    outer loop
      vertex -15.4053 27.7114 -1.26042
      vertex -16.2527 27.5772 -0.434311
      vertex -15.4883 27.9667 -0.434311
    endloop
  endfacet
  facet normal -0.0765684 0.483219 -0.872145
    outer loop
      vertex -13.3409 24.0342 -4.02008
      vertex -14.6409 26.6192 -2.47371
      vertex -13.1541 24.044 -4.03105
    endloop
  endfacet
  facet normal -0.076479 0.483256 -0.872132
    outer loop
      vertex -13.5314 23.9611 -4.04388
      vertex -14.6409 26.6192 -2.47371
      vertex -13.3409 24.0342 -4.02008
    endloop
  endfacet
  facet normal -0.0765478 0.483232 -0.87214
    outer loop
      vertex -14.6409 26.6192 -2.47371
      vertex -13.5314 23.9611 -4.04388
      vertex -15.0304 26.5575 -2.47371
    endloop
  endfacet
  facet normal -0.0765377 0.483234 -0.87214
    outer loop
      vertex -11.9143 21.5633 -5.51436
      vertex -1.38816 3.66478 -16.3553
      vertex -1.77765 3.60309 -16.3553
    endloop
  endfacet
  facet normal -0.0765882 0.483209 -0.872149
    outer loop
      vertex -1.38816 3.66478 -16.3553
      vertex -11.9143 21.5633 -5.51436
      vertex -11.8125 21.7202 -5.43637
    endloop
  endfacet
  facet normal -0.0765957 0.483207 -0.872149
    outer loop
      vertex -11.9143 21.5633 -5.51436
      vertex -1.77765 3.60309 -16.3553
      vertex -12.0729 21.4349 -5.57157
    endloop
  endfacet
  facet normal -0.940465 0.14887 -0.305554
    outer loop
      vertex -17.1146 25.3588 -1.26042
      vertex -17.383 25.3588 -0.434311
      vertex -16.9936 26.1232 -1.26042
    endloop
  endfacet
  facet normal -0.802497 0.127031 -0.582976
    outer loop
      vertex -16.6041 25.3588 -1.96315
      vertex -17.1146 25.3588 -1.26042
      vertex -16.9936 26.1232 -1.26042
    endloop
  endfacet
  facet normal 0.368783 -0.723919 0.583044
    outer loop
      vertex -13.487 -26.947 1.96315
      vertex -13.8765 -27.7114 1.26042
      vertex -13.1869 -27.3601 1.26042
    endloop
  endfacet
  facet normal 0.368902 0.723915 0.582974
    outer loop
      vertex -13.8765 27.7114 1.26042
      vertex -14.0343 27.2259 1.96315
      vertex -13.487 26.947 1.96315
    endloop
  endfacet
  facet normal 0.278416 0.14186 0.949926
    outer loop
      vertex 3.79602 0.740856 16.3553
      vertex 3.12768 0.255281 16.6237
      vertex 3.97505 0.389491 16.3553
    endloop
  endfacet
  facet normal 0.940457 0.149054 -0.30549
    outer loop
      vertex 32.024 0 -0.434311
      vertex 31.6345 0.76442 -1.26042
      vertex 31.8897 0.847365 -0.434311
    endloop
  endfacet
  facet normal 0.707072 -0.707142 0
    outer loop
      vertex 30.8936 -2.21843 0.434311
      vertex 31.5003 -1.61179 -0.434311
      vertex 31.5003 -1.61179 0.434311
    endloop
  endfacet
  facet normal 0.707072 -0.707142 0
    outer loop
      vertex 31.5003 -1.61179 -0.434311
      vertex 30.8936 -2.21843 0.434311
      vertex 30.8936 -2.21843 -0.434311
    endloop
  endfacet
  facet normal 0.5 -0.866026 0
    outer loop
      vertex -13.0291 -27.5772 -0.434311
      vertex 30.8936 -2.21843 0.434311
      vertex -13.0291 -27.5772 0.434311
    endloop
  endfacet
  facet normal 0.5 -0.866026 0
    outer loop
      vertex 30.8936 -2.21843 0.434311
      vertex -13.0291 -27.5772 -0.434311
      vertex 30.8936 -2.21843 -0.434311
    endloop
  endfacet
  facet normal -0.631802 -0.100063 -0.768644
    outer loop
      vertex -13.824 -21.3167 -4.77443
      vertex -3.35131 -2.40436 -15.8447
      vertex -3.25523 -3.01101 -15.8447
    endloop
  endfacet
  facet normal -0.63151 -0.100344 -0.768847
    outer loop
      vertex -14.0328 -21.4523 -4.58523
      vertex -3.35131 -2.40436 -15.8447
      vertex -13.824 -21.3167 -4.77443
    endloop
  endfacet
  facet normal -0.632 -0.0998679 -0.768507
    outer loop
      vertex -14.3281 -21.817 -4.29499
      vertex -3.35131 -2.40436 -15.8447
      vertex -14.0328 -21.4523 -4.58523
    endloop
  endfacet
  facet normal -0.631773 -0.100088 -0.768665
    outer loop
      vertex -16.6041 -25.3588 -1.96315
      vertex -14.5093 -22.5037 -4.05665
      vertex -16.508 -25.9654 -1.96315
    endloop
  endfacet
  facet normal -0.631759 -0.100106 -0.768674
    outer loop
      vertex -14.5093 -22.5037 -4.05665
      vertex -16.6041 -25.3588 -1.96315
      vertex -14.4963 -22.2551 -4.09971
    endloop
  endfacet
  facet normal -0.631746 -0.100117 -0.768683
    outer loop
      vertex -14.3281 -21.817 -4.29499
      vertex -16.6041 -25.3588 -1.96315
      vertex -3.35131 -2.40436 -15.8447
    endloop
  endfacet
  facet normal -0.631815 -0.100041 -0.768636
    outer loop
      vertex -14.4963 -22.2551 -4.09971
      vertex -16.6041 -25.3588 -1.96315
      vertex -14.3281 -21.817 -4.29499
    endloop
  endfacet
  facet normal 0.127005 -0.802514 -0.582958
    outer loop
      vertex -13.8765 -27.7114 -1.26042
      vertex -14.6409 -27.3219 -1.96315
      vertex -14.0343 -27.2259 -1.96315
    endloop
  endfacet
  facet normal 0.454008 -0.890998 0
    outer loop
      vertex -13.7935 -27.9667 -0.434311
      vertex -13.0291 -27.5772 0.434311
      vertex -13.7935 -27.9667 0.434311
    endloop
  endfacet
  facet normal 0.454008 -0.890998 0
    outer loop
      vertex -13.0291 -27.5772 0.434311
      vertex -13.7935 -27.9667 -0.434311
      vertex -13.0291 -27.5772 -0.434311
    endloop
  endfacet
  facet normal 0.269025 -0.52799 -0.805514
    outer loop
      vertex -0.234246 -3.99258 -15.8447
      vertex -0.998667 -3.60309 -16.3553
      vertex -0.647302 -3.42406 -16.3553
    endloop
  endfacet
  facet normal 0.368783 0.723919 0.583044
    outer loop
      vertex -13.1869 27.3601 1.26042
      vertex -13.8765 27.7114 1.26042
      vertex -13.487 26.947 1.96315
    endloop
  endfacet
  facet normal -0.278416 0.141859 -0.949927
    outer loop
      vertex -1.73952 2.65964 -16.6237
      vertex -2.58689 2.79385 -16.3553
      vertex -2.40786 3.14522 -16.3553
    endloop
  endfacet
  facet normal -0.220953 0.220953 -0.949926
    outer loop
      vertex -1.73952 2.65964 -16.6237
      vertex -2.12901 3.42406 -16.3553
      vertex -1.64344 2.75572 -16.6237
    endloop
  endfacet
  facet normal -0.220948 0.220956 -0.949927
    outer loop
      vertex -2.12901 3.42406 -16.3553
      vertex -1.73952 2.65964 -16.6237
      vertex -2.40786 3.14522 -16.3553
    endloop
  endfacet
  facet normal 0.127125 0.802433 -0.583044
    outer loop
      vertex -13.8765 27.7114 -1.26042
      vertex -14.6409 27.3219 -1.96315
      vertex -14.6409 27.8325 -1.26042
    endloop
  endfacet
  facet normal 0.141559 0.570833 -0.808771
    outer loop
      vertex -12.0254 23.6817 -4.11304
      vertex -14.0343 27.2259 -1.96315
      vertex -11.8953 23.5212 -4.20355
    endloop
  endfacet
  facet normal 0.142596 0.571167 -0.808353
    outer loop
      vertex -12.419 23.9373 -4.00187
      vertex -14.0343 27.2259 -1.96315
      vertex -12.0254 23.6817 -4.11304
    endloop
  endfacet
  facet normal 0.142765 0.571242 -0.80827
    outer loop
      vertex -14.2514 26.5575 -2.47371
      vertex -12.419 23.9373 -4.00187
      vertex -12.7971 24.0387 -3.99699
    endloop
  endfacet
  facet normal 0.142573 0.571161 -0.808361
    outer loop
      vertex -12.419 23.9373 -4.00187
      vertex -14.2514 26.5575 -2.47371
      vertex -14.0343 27.2259 -1.96315
    endloop
  endfacet
  facet normal 0.142614 0.571178 -0.808342
    outer loop
      vertex -0.781511 4.27143 -15.8447
      vertex -11.6386 22.032 -5.21049
      vertex -11.5373 22.4102 -4.92538
    endloop
  endfacet
  facet normal 0.142657 0.571193 -0.808324
    outer loop
      vertex -11.6386 22.032 -5.21049
      vertex -0.781511 4.27143 -15.8447
      vertex -0.998667 3.60309 -16.3553
    endloop
  endfacet
  facet normal 0.142486 0.571134 -0.808395
    outer loop
      vertex -11.5618 22.8789 -4.59856
      vertex -0.781511 4.27143 -15.8447
      vertex -11.5373 22.4102 -4.92538
    endloop
  endfacet
  facet normal 0.142608 0.571175 -0.808345
    outer loop
      vertex -0.781511 4.27143 -15.8447
      vertex -11.5618 22.8789 -4.59856
      vertex -11.6359 23.0718 -4.47533
    endloop
  endfacet
  facet normal -0.278415 -0.141864 -0.949926
    outer loop
      vertex -1.73952 -2.65964 -16.6237
      vertex -2.58689 -2.79385 -16.3553
      vertex -1.80121 -2.53857 -16.6237
    endloop
  endfacet
  facet normal 0.419016 -0.419016 -0.805513
    outer loop
      vertex 3.93023 -1.58822 -15.8447
      vertex 3.79602 -0.740856 -16.3553
      vertex 4.36454 -1.15391 -15.8447
    endloop
  endfacet
  facet normal 0.419009 -0.419018 -0.805515
    outer loop
      vertex 3.79602 -0.740856 -16.3553
      vertex 3.93023 -1.58822 -15.8447
      vertex 3.51717 -1.0197 -16.3553
    endloop
  endfacet
  facet normal 0.294962 0.51089 -0.807458
    outer loop
      vertex 3.51717 1.0197 -16.3553
      vertex -0.234246 3.99258 -15.8447
      vertex 3.93023 1.58822 -15.8447
    endloop
  endfacet
  facet normal 0.294963 0.510891 -0.807457
    outer loop
      vertex -0.234246 3.99258 -15.8447
      vertex 3.51717 1.0197 -16.3553
      vertex -0.647302 3.42406 -16.3553
    endloop
  endfacet
  facet normal -0.0927112 -0.585268 -0.805522
    outer loop
      vertex -14.6409 -27.3219 -1.96315
      vertex -15.0304 -26.5575 -2.47371
      vertex -14.6409 -26.6192 -2.47371
    endloop
  endfacet
  facet normal 0.142614 -0.571178 -0.808342
    outer loop
      vertex -11.6386 -22.032 -5.21049
      vertex -0.781511 -4.27143 -15.8447
      vertex -11.5373 -22.4102 -4.92538
    endloop
  endfacet
  facet normal 0.142486 -0.571134 -0.808395
    outer loop
      vertex -0.781511 -4.27143 -15.8447
      vertex -11.5618 -22.8789 -4.59856
      vertex -11.5373 -22.4102 -4.92538
    endloop
  endfacet
  facet normal 0.142608 -0.571175 -0.808345
    outer loop
      vertex -11.5618 -22.8789 -4.59856
      vertex -0.781511 -4.27143 -15.8447
      vertex -11.6359 -23.0718 -4.47533
    endloop
  endfacet
  facet normal 0.142657 -0.571193 -0.808324
    outer loop
      vertex -0.781511 -4.27143 -15.8447
      vertex -11.6386 -22.032 -5.21049
      vertex -0.998667 -3.60309 -16.3553
    endloop
  endfacet
  facet normal 0.141559 -0.570833 -0.808771
    outer loop
      vertex -14.0343 -27.2259 -1.96315
      vertex -12.0254 -23.6817 -4.11304
      vertex -11.8953 -23.5212 -4.20355
    endloop
  endfacet
  facet normal 0.142596 -0.571167 -0.808353
    outer loop
      vertex -14.0343 -27.2259 -1.96315
      vertex -12.419 -23.9373 -4.00187
      vertex -12.0254 -23.6817 -4.11304
    endloop
  endfacet
  facet normal 0.142573 -0.571161 -0.808361
    outer loop
      vertex -14.2514 -26.5575 -2.47371
      vertex -12.419 -23.9373 -4.00187
      vertex -14.0343 -27.2259 -1.96315
    endloop
  endfacet
  facet normal 0.142765 -0.571242 -0.80827
    outer loop
      vertex -12.419 -23.9373 -4.00187
      vertex -14.2514 -26.5575 -2.47371
      vertex -12.7971 -24.0387 -3.99699
    endloop
  endfacet
  facet normal -0.585282 -0.0927008 -0.805513
    outer loop
      vertex -2.58689 -2.79385 -16.3553
      vertex -3.35131 -2.40436 -15.8447
      vertex -2.64858 -2.40436 -16.3553
    endloop
  endfacet
  facet normal 0.723868 0.368903 0.583031
    outer loop
      vertex 31.6345 0.76442 1.26042
      vertex 30.87 1.15391 1.96315
      vertex 31.1489 0.606647 1.96315
    endloop
  endfacet
  facet normal 0.308627 -0.0488895 0.949926
    outer loop
      vertex 3.21063 0 16.6237
      vertex 3.18937 -0.134209 16.6237
      vertex 4.03674 0 16.3553
    endloop
  endfacet
  facet normal -0.723872 -0.368864 0.583051
    outer loop
      vertex -16.2291 -26.5127 1.96315
      vertex -16.9936 -26.1232 1.26042
      vertex -16.6422 -26.8128 1.26042
    endloop
  endfacet
  facet normal -0.528019 -0.268968 -0.805513
    outer loop
      vertex -15.6606 -26.0997 -2.47371
      vertex -16.2291 -26.5127 -1.96315
      vertex -15.8396 -25.7483 -2.47371
    endloop
  endfacet
  facet normal -0.148935 -0.940441 -0.305597
    outer loop
      vertex -14.6409 -28.1009 -0.434311
      vertex -15.4883 -27.9667 -0.434311
      vertex -15.4053 -27.7114 -1.26042
    endloop
  endfacet
  facet normal 0.278416 -0.141862 0.949926
    outer loop
      vertex 3.18937 -0.134209 16.6237
      vertex 3.12768 -0.255281 16.6237
      vertex 3.97505 -0.389491 16.3553
    endloop
  endfacet
  facet normal 0.141863 0.278415 0.949926
    outer loop
      vertex -0.998667 3.60309 16.3553
      vertex -1.25395 2.81741 16.6237
      vertex -1.13288 2.75572 16.6237
    endloop
  endfacet
  facet normal -0.848385 0.432312 -0.305532
    outer loop
      vertex -16.6422 26.8128 -1.26042
      vertex -16.9936 26.1232 -1.26042
      vertex -16.8593 26.9706 -0.434311
    endloop
  endfacet
  facet normal 0.432286 0.848369 -0.305611
    outer loop
      vertex -13.0291 27.5772 -0.434311
      vertex -13.8765 27.7114 -1.26042
      vertex -13.7935 27.9667 -0.434311
    endloop
  endfacet
  facet normal 0.0927112 0.585268 -0.805522
    outer loop
      vertex -14.2514 26.5575 -2.47371
      vertex -14.6409 26.6192 -2.47371
      vertex -14.6409 27.3219 -1.96315
    endloop
  endfacet
  facet normal 0.475775 0.824067 -0.307494
    outer loop
      vertex 30.7358 2.00128 -1.26042
      vertex -13.0291 27.5772 -0.434311
      vertex 30.8936 2.21843 -0.434311
    endloop
  endfacet
  facet normal 0.475783 0.824079 -0.307449
    outer loop
      vertex -13.0291 27.5772 -0.434311
      vertex 30.7358 2.00128 -1.26042
      vertex -13.1869 27.3601 -1.26042
    endloop
  endfacet
  facet normal 0.72387 0.368868 -0.583052
    outer loop
      vertex 31.6345 0.76442 -1.26042
      vertex 30.87 1.15391 -1.96315
      vertex 31.2831 1.45401 -1.26042
    endloop
  endfacet
  facet normal -0.0927112 0.585268 -0.805522
    outer loop
      vertex -14.6409 26.6192 -2.47371
      vertex -15.0304 26.5575 -2.47371
      vertex -14.6409 27.3219 -1.96315
    endloop
  endfacet
  facet normal -0.940465 -0.14887 -0.305554
    outer loop
      vertex -16.9936 -26.1232 -1.26042
      vertex -17.383 -25.3588 -0.434311
      vertex -17.1146 -25.3588 -1.26042
    endloop
  endfacet
  facet normal 0.278416 0.141862 0.949926
    outer loop
      vertex 3.97505 0.389491 16.3553
      vertex 3.12768 0.255281 16.6237
      vertex 3.18937 0.134209 16.6237
    endloop
  endfacet
  facet normal 0.31468 0.617584 0.72081
    outer loop
      vertex -0.234246 3.99258 15.8447
      vertex -11.6359 23.0718 4.47533
      vertex -0.781511 4.27143 15.8447
    endloop
  endfacet
  facet normal 0.314952 0.617645 0.720638
    outer loop
      vertex -0.234246 3.99258 15.8447
      vertex -11.73 23.317 4.3063
      vertex -11.6359 23.0718 4.47533
    endloop
  endfacet
  facet normal 0.314727 0.617595 0.72078
    outer loop
      vertex -13.487 26.947 1.96315
      vertex -11.73 23.317 4.3063
      vertex -0.234246 3.99258 15.8447
    endloop
  endfacet
  facet normal 0.315072 0.61764 0.72059
    outer loop
      vertex -13.487 26.947 1.96315
      vertex -11.8953 23.5212 4.20355
      vertex -11.73 23.317 4.3063
    endloop
  endfacet
  facet normal 0.314724 0.6176 0.720776
    outer loop
      vertex -11.8953 23.5212 4.20355
      vertex -13.487 26.947 1.96315
      vertex -14.0343 27.2259 1.96315
    endloop
  endfacet
  facet normal 0.848358 -0.432305 -0.305616
    outer loop
      vertex 31.5003 -1.61179 -0.434311
      vertex 31.2831 -1.45401 -1.26042
      vertex 31.6345 -0.76442 -1.26042
    endloop
  endfacet
  facet normal 0.574468 0.5745 0.583041
    outer loop
      vertex 30.7358 2.00128 1.26042
      vertex 30.87 1.15391 1.96315
      vertex 31.2831 1.45401 1.26042
    endloop
  endfacet
  facet normal 0.574501 0.574488 0.58302
    outer loop
      vertex 30.87 1.15391 1.96315
      vertex 30.7358 2.00128 1.26042
      vertex 30.4357 1.58822 1.96315
    endloop
  endfacet
  facet normal 0.802438 -0.127116 -0.583039
    outer loop
      vertex 31.6345 -0.76442 -1.26042
      vertex 31.1489 -0.606647 -1.96315
      vertex 31.245 0 -1.96315
    endloop
  endfacet
  facet normal 0.585213 0.0927048 -0.805563
    outer loop
      vertex 30.5422 0 -2.47371
      vertex 30.4805 0.389491 -2.47371
      vertex 31.245 0 -1.96315
    endloop
  endfacet
  facet normal 0.0870635 -0.551851 -0.829385
    outer loop
      vertex -14.2514 -26.5575 -2.47371
      vertex -12.8723 -24.0588 -3.99151
      vertex -12.7971 -24.0387 -3.99699
    endloop
  endfacet
  facet normal 0.0873699 -0.551958 -0.829282
    outer loop
      vertex -14.2514 -26.5575 -2.47371
      vertex -13.1541 -24.044 -4.03105
      vertex -12.8723 -24.0588 -3.99151
    endloop
  endfacet
  facet normal 0.0874374 -0.551975 -0.829263
    outer loop
      vertex -13.1541 -24.044 -4.03105
      vertex -14.2514 -26.5575 -2.47371
      vertex -14.6409 -26.6192 -2.47371
    endloop
  endfacet
  facet normal 0.0877205 -0.552079 -0.829164
    outer loop
      vertex -11.6587 -21.9569 -5.26262
      vertex -0.998667 -3.60309 -16.3553
      vertex -11.6386 -22.032 -5.21049
    endloop
  endfacet
  facet normal 0.087424 -0.55197 -0.829268
    outer loop
      vertex -0.998667 -3.60309 -16.3553
      vertex -11.6587 -21.9569 -5.26262
      vertex -1.38816 -3.66478 -16.3553
    endloop
  endfacet
  facet normal 0.0873846 -0.551956 -0.829282
    outer loop
      vertex -1.38816 -3.66478 -16.3553
      vertex -11.6587 -21.9569 -5.26262
      vertex -11.8125 -21.7202 -5.43637
    endloop
  endfacet
  facet normal -0.127125 -0.802433 -0.583044
    outer loop
      vertex -14.6409 -27.8325 -1.26042
      vertex -15.4053 -27.7114 -1.26042
      vertex -14.6409 -27.3219 -1.96315
    endloop
  endfacet
  facet normal -0.268968 -0.528019 0.805513
    outer loop
      vertex -15.3818 -26.3785 2.47371
      vertex -15.7948 -26.947 1.96315
      vertex -15.0304 -26.5575 2.47371
    endloop
  endfacet
  facet normal 0.432215 0.848436 0.305527
    outer loop
      vertex -13.0291 27.5772 0.434311
      vertex -13.8765 27.7114 1.26042
      vertex -13.1869 27.3601 1.26042
    endloop
  endfacet
  facet normal 0.148935 0.940441 0.305597
    outer loop
      vertex -13.7935 27.9667 0.434311
      vertex -14.6409 28.1009 0.434311
      vertex -13.8765 27.7114 1.26042
    endloop
  endfacet
  facet normal -0.268968 0.528019 -0.805513
    outer loop
      vertex -15.3818 26.3785 -2.47371
      vertex -15.7948 26.947 -1.96315
      vertex -15.0304 26.5575 -2.47371
    endloop
  endfacet
  facet normal -0.210752 -0.413884 -0.885598
    outer loop
      vertex -12.2791 -21.268 -5.6005
      vertex -1.77765 -3.60309 -16.3553
      vertex -12.0729 -21.4349 -5.57157
    endloop
  endfacet
  facet normal -0.210857 -0.413824 -0.885601
    outer loop
      vertex -1.77765 -3.60309 -16.3553
      vertex -12.2791 -21.268 -5.6005
      vertex -2.12901 -3.42406 -16.3553
    endloop
  endfacet
  facet normal -0.210876 -0.413813 -0.885601
    outer loop
      vertex -2.12901 -3.42406 -16.3553
      vertex -12.2791 -21.268 -5.6005
      vertex -12.4036 -21.2202 -5.59319
    endloop
  endfacet
  facet normal -0.210895 -0.413808 -0.8856
    outer loop
      vertex -15.0304 -26.5575 -2.47371
      vertex -13.7791 -23.866 -4.02933
      vertex -13.5314 -23.9611 -4.04388
    endloop
  endfacet
  facet normal -0.21081 -0.413848 -0.885601
    outer loop
      vertex -15.3818 -26.3785 -2.47371
      vertex -13.7791 -23.866 -4.02933
      vertex -15.0304 -26.5575 -2.47371
    endloop
  endfacet
  facet normal -0.210787 -0.413862 -0.8856
    outer loop
      vertex -13.7791 -23.866 -4.02933
      vertex -15.3818 -26.3785 -2.47371
      vertex -13.8827 -23.7821 -4.04388
    endloop
  endfacet
  facet normal -0.574483 0.574483 -0.583042
    outer loop
      vertex -16.2291 26.5127 -1.96315
      vertex -16.0949 27.3601 -1.26042
      vertex -15.7948 26.947 -1.96315
    endloop
  endfacet
  facet normal -0.574483 0.574483 -0.583042
    outer loop
      vertex -16.0949 27.3601 -1.26042
      vertex -16.2291 26.5127 -1.96315
      vertex -16.6422 26.8128 -1.26042
    endloop
  endfacet
  facet normal 0.368902 0.723915 -0.582974
    outer loop
      vertex -13.487 26.947 -1.96315
      vertex -14.0343 27.2259 -1.96315
      vertex -13.8765 27.7114 -1.26042
    endloop
  endfacet
  facet normal -0.278416 -0.141859 -0.949927
    outer loop
      vertex -2.40786 -3.14522 -16.3553
      vertex -2.58689 -2.79385 -16.3553
      vertex -1.73952 -2.65964 -16.6237
    endloop
  endfacet
  facet normal 0.278416 -0.14186 -0.949926
    outer loop
      vertex 3.79602 -0.740856 -16.3553
      vertex 3.12768 -0.255281 -16.6237
      vertex 3.97505 -0.389491 -16.3553
    endloop
  endfacet
  facet normal 0.940433 -0.148861 -0.305657
    outer loop
      vertex 32.024 0 -0.434311
      vertex 31.6345 -0.76442 -1.26042
      vertex 31.7555 0 -1.26042
    endloop
  endfacet
  facet normal -0.0488823 0.308626 -0.949926
    outer loop
      vertex -1.52237 2.81741 -16.6237
      vertex -1.77765 3.60309 -16.3553
      vertex -1.38816 3.66478 -16.3553
    endloop
  endfacet
  facet normal -0.141864 -0.278415 -0.949926
    outer loop
      vertex -1.52237 -2.81741 -16.6237
      vertex -1.77765 -3.60309 -16.3553
      vertex -1.64344 -2.75572 -16.6237
    endloop
  endfacet
  facet normal 0.269027 -0.527987 -0.805515
    outer loop
      vertex -0.781511 -4.27143 -15.8447
      vertex -0.998667 -3.60309 -16.3553
      vertex -0.234246 -3.99258 -15.8447
    endloop
  endfacet
  facet normal -0.58528 -0.0926955 -0.805515
    outer loop
      vertex -3.25523 -3.01101 -15.8447
      vertex -3.35131 -2.40436 -15.8447
      vertex -2.58689 -2.79385 -16.3553
    endloop
  endfacet
  facet normal 0.574468 -0.5745 0.583041
    outer loop
      vertex 30.87 -1.15391 1.96315
      vertex 30.7358 -2.00128 1.26042
      vertex 31.2831 -1.45401 1.26042
    endloop
  endfacet
  facet normal 0.574501 -0.574488 0.58302
    outer loop
      vertex 30.7358 -2.00128 1.26042
      vertex 30.87 -1.15391 1.96315
      vertex 30.4357 -1.58822 1.96315
    endloop
  endfacet
  facet normal 0.308627 0.0488895 0.949926
    outer loop
      vertex 4.03674 0 16.3553
      vertex 3.18937 0.134209 16.6237
      vertex 3.21063 0 16.6237
    endloop
  endfacet
  facet normal 0.419016 0.419016 0.805513
    outer loop
      vertex 3.93023 1.58822 15.8447
      vertex 3.79602 0.740856 16.3553
      vertex 4.36454 1.15391 15.8447
    endloop
  endfacet
  facet normal 0.419009 0.419018 0.805515
    outer loop
      vertex 3.79602 0.740856 16.3553
      vertex 3.93023 1.58822 15.8447
      vertex 3.51717 1.0197 16.3553
    endloop
  endfacet
  facet normal 0.527994 0.268982 0.805525
    outer loop
      vertex 30.87 1.15391 1.96315
      vertex 30.3015 0.740856 2.47371
      vertex 30.4805 0.389491 2.47371
    endloop
  endfacet
  facet normal 0.278416 -0.14186 0.949926
    outer loop
      vertex 3.97505 -0.389491 16.3553
      vertex 3.12768 -0.255281 16.6237
      vertex 3.79602 -0.740856 16.3553
    endloop
  endfacet
  facet normal 0.0488819 -0.308626 0.949926
    outer loop
      vertex -1.25395 -2.81741 16.6237
      vertex -1.38816 -3.66478 16.3553
      vertex -0.998667 -3.60309 16.3553
    endloop
  endfacet
  facet normal 0.462701 -0.0732973 0.883479
    outer loop
      vertex 27.5581 0 4.03656
      vertex 30.4805 -0.389491 2.47371
      vertex 30.5422 0 2.47371
    endloop
  endfacet
  facet normal 0.462701 -0.0732973 0.883479
    outer loop
      vertex 30.4805 -0.389491 2.47371
      vertex 27.5581 0 4.03656
      vertex 27.4964 -0.389491 4.03656
    endloop
  endfacet
  facet normal 0.462701 -0.0732798 0.88348
    outer loop
      vertex 4.03674 0 16.3553
      vertex 24.6198 -0.389491 5.54312
      vertex 24.5581 0 5.60774
    endloop
  endfacet
  facet normal 0.462701 -0.0732854 0.88348
    outer loop
      vertex 24.6198 -0.389491 5.54312
      vertex 4.03674 0 16.3553
      vertex 3.97505 -0.389491 16.3553
    endloop
  endfacet
  facet normal -0.940474 0.14894 0.305493
    outer loop
      vertex -17.2488 26.2062 0.434311
      vertex -17.383 25.3588 0.434311
      vertex -16.9936 26.1232 1.26042
    endloop
  endfacet
  facet normal 0.14186 -0.278415 0.949927
    outer loop
      vertex -0.647302 -3.42406 16.3553
      vertex -1.13288 -2.75572 16.6237
      vertex -0.998667 -3.60309 16.3553
    endloop
  endfacet
  facet normal 0.451509 -0.230017 0.862109
    outer loop
      vertex 27.4964 -0.389491 4.03656
      vertex 30.3015 -0.740856 2.47371
      vertex 30.4805 -0.389491 2.47371
    endloop
  endfacet
  facet normal 0.451544 -0.22985 0.862135
    outer loop
      vertex 27.4847 -0.463525 4.02295
      vertex 30.3015 -0.740856 2.47371
      vertex 27.4964 -0.389491 4.03656
    endloop
  endfacet
  facet normal 0.451507 -0.230043 0.862103
    outer loop
      vertex 30.3015 -0.740856 2.47371
      vertex 27.4847 -0.463525 4.02295
      vertex 27.3434 -0.740856 4.02295
    endloop
  endfacet
  facet normal 0.451485 -0.230233 0.862064
    outer loop
      vertex 3.97505 -0.389491 16.3553
      vertex 24.6315 -0.463525 5.51722
      vertex 24.6198 -0.389491 5.54312
    endloop
  endfacet
  facet normal 0.451522 -0.229902 0.862133
    outer loop
      vertex 3.97505 -0.389491 16.3553
      vertex 24.7729 -0.740856 5.36921
      vertex 24.6315 -0.463525 5.51722
    endloop
  endfacet
  facet normal 0.451503 -0.230053 0.862102
    outer loop
      vertex 24.7729 -0.740856 5.36921
      vertex 3.97505 -0.389491 16.3553
      vertex 3.79602 -0.740856 16.3553
    endloop
  endfacet
  facet normal 0.940457 -0.149054 -0.30549
    outer loop
      vertex 31.8897 -0.847365 -0.434311
      vertex 31.6345 -0.76442 -1.26042
      vertex 32.024 0 -0.434311
    endloop
  endfacet
  facet normal 0.848358 -0.432305 0.305616
    outer loop
      vertex 31.6345 -0.76442 1.26042
      vertex 31.2831 -1.45401 1.26042
      vertex 31.5003 -1.61179 0.434311
    endloop
  endfacet
  facet normal -0.308626 0.0488823 0.949926
    outer loop
      vertex -2.58689 2.79385 16.3553
      vertex -2.64858 2.40436 16.3553
      vertex -1.80121 2.53857 16.6237
    endloop
  endfacet
  facet normal -0.308627 -0.0488892 0.949926
    outer loop
      vertex -1.82247 -2.40436 16.6237
      vertex -2.64858 -2.40436 16.3553
      vertex -1.80121 -2.53857 16.6237
    endloop
  endfacet
  facet normal 0.0927112 -0.585268 0.805522
    outer loop
      vertex -14.6409 -26.6192 2.47371
      vertex -14.6409 -27.3219 1.96315
      vertex -14.2514 -26.5575 2.47371
    endloop
  endfacet
  facet normal 0.308626 -0.0488822 0.949926
    outer loop
      vertex 4.03674 0 16.3553
      vertex 3.18937 -0.134209 16.6237
      vertex 3.97505 -0.389491 16.3553
    endloop
  endfacet
  facet normal -0.564998 0.162943 -0.808843
    outer loop
      vertex -3.25523 3.01101 -15.8447
      vertex -13.1429 21.0775 -5.29837
      vertex -2.58689 2.79385 -16.3553
    endloop
  endfacet
  facet normal -0.564285 0.163552 -0.809217
    outer loop
      vertex -3.25523 3.01101 -15.8447
      vertex -13.1859 21.0752 -5.26885
      vertex -13.1429 21.0775 -5.29837
    endloop
  endfacet
  facet normal -0.564971 0.162964 -0.808858
    outer loop
      vertex -3.25523 3.01101 -15.8447
      vertex -13.6392 21.1967 -4.92775
      vertex -13.1859 21.0752 -5.26885
    endloop
  endfacet
  facet normal -0.565297 0.162676 -0.808688
    outer loop
      vertex -13.6392 21.1967 -4.92775
      vertex -3.25523 3.01101 -15.8447
      vertex -13.824 21.3167 -4.77443
    endloop
  endfacet
  facet normal -0.564803 0.163115 -0.808945
    outer loop
      vertex -16.508 25.9654 -1.96315
      vertex -14.5208 22.7238 -4.00424
      vertex -14.5093 22.5037 -4.05665
    endloop
  endfacet
  facet normal -0.564925 0.163001 -0.808883
    outer loop
      vertex -14.5208 22.7238 -4.00424
      vertex -16.508 25.9654 -1.96315
      vertex -15.8396 25.7483 -2.47371
    endloop
  endfacet
  facet normal -0.565234 0.162749 -0.808717
    outer loop
      vertex -14.3994 23.1771 -3.99774
      vertex -15.8396 25.7483 -2.47371
      vertex -14.376 23.2132 -4.00683
    endloop
  endfacet
  facet normal -0.565035 0.162922 -0.808821
    outer loop
      vertex -15.8396 25.7483 -2.47371
      vertex -14.3994 23.1771 -3.99774
      vertex -14.5208 22.7238 -4.00424
    endloop
  endfacet
  facet normal -0.707107 0.707107 0
    outer loop
      vertex -16.8593 26.9706 -0.434311
      vertex -16.2527 27.5772 0.434311
      vertex -16.2527 27.5772 -0.434311
    endloop
  endfacet
  facet normal -0.707107 0.707107 0
    outer loop
      vertex -16.2527 27.5772 0.434311
      vertex -16.8593 26.9706 -0.434311
      vertex -16.8593 26.9706 0.434311
    endloop
  endfacet
  facet normal -0.471947 0.240466 -0.848199
    outer loop
      vertex -13.1429 21.0775 -5.29837
      vertex -2.40786 3.14522 -16.3553
      vertex -2.58689 2.79385 -16.3553
    endloop
  endfacet
  facet normal -0.472011 0.240415 -0.848178
    outer loop
      vertex -2.40786 3.14522 -16.3553
      vertex -13.1429 21.0775 -5.29837
      vertex -12.7723 21.0969 -5.49911
    endloop
  endfacet
  facet normal -0.471897 0.24052 -0.848212
    outer loop
      vertex -15.8396 25.7483 -2.47371
      vertex -14.1738 23.5245 -4.03105
      vertex -14.376 23.2132 -4.00683
    endloop
  endfacet
  facet normal -0.471993 0.240429 -0.848184
    outer loop
      vertex -14.1738 23.5245 -4.03105
      vertex -15.8396 25.7483 -2.47371
      vertex -15.6606 26.0997 -2.47371
    endloop
  endfacet
  facet normal -0.148935 0.940441 0.305597
    outer loop
      vertex -14.6409 28.1009 0.434311
      vertex -15.4883 27.9667 0.434311
      vertex -15.4053 27.7114 1.26042
    endloop
  endfacet
  facet normal -0.268968 0.528019 0.805513
    outer loop
      vertex -15.0304 26.5575 2.47371
      vertex -15.7948 26.947 1.96315
      vertex -15.3818 26.3785 2.47371
    endloop
  endfacet
  facet normal 0.891051 -0.453904 0
    outer loop
      vertex 31.5003 -1.61179 0.434311
      vertex 31.8897 -0.847365 -0.434311
      vertex 31.8897 -0.847365 0.434311
    endloop
  endfacet
  facet normal 0.891051 -0.453904 0
    outer loop
      vertex 31.8897 -0.847365 -0.434311
      vertex 31.5003 -1.61179 0.434311
      vertex 31.5003 -1.61179 -0.434311
    endloop
  endfacet
  facet normal 0.5 0.866026 -0
    outer loop
      vertex 30.8936 2.21843 -0.434311
      vertex -13.0291 27.5772 0.434311
      vertex 30.8936 2.21843 0.434311
    endloop
  endfacet
  facet normal 0.5 0.866026 0
    outer loop
      vertex -13.0291 27.5772 0.434311
      vertex 30.8936 2.21843 -0.434311
      vertex -13.0291 27.5772 -0.434311
    endloop
  endfacet
  facet normal 0.527994 -0.268982 -0.805525
    outer loop
      vertex 30.87 -1.15391 -1.96315
      vertex 30.3015 -0.740856 -2.47371
      vertex 30.4805 -0.389491 -2.47371
    endloop
  endfacet
  facet normal 0.802498 -0.127027 -0.582976
    outer loop
      vertex 31.6345 -0.76442 -1.26042
      vertex 31.245 0 -1.96315
      vertex 31.7555 0 -1.26042
    endloop
  endfacet
  facet normal -0.432286 -0.848369 -0.305611
    outer loop
      vertex -15.4883 -27.9667 -0.434311
      vertex -16.2527 -27.5772 -0.434311
      vertex -15.4053 -27.7114 -1.26042
    endloop
  endfacet
  facet normal 0.127125 -0.802433 -0.583044
    outer loop
      vertex -13.8765 -27.7114 -1.26042
      vertex -14.6409 -27.8325 -1.26042
      vertex -14.6409 -27.3219 -1.96315
    endloop
  endfacet
  facet normal 0.368902 -0.723915 -0.582974
    outer loop
      vertex -13.8765 -27.7114 -1.26042
      vertex -14.0343 -27.2259 -1.96315
      vertex -13.487 -26.947 -1.96315
    endloop
  endfacet
  facet normal -0.268968 -0.528019 -0.805513
    outer loop
      vertex -15.0304 -26.5575 -2.47371
      vertex -15.7948 -26.947 -1.96315
      vertex -15.3818 -26.3785 -2.47371
    endloop
  endfacet
  facet normal 0.15481 0.268141 -0.95086
    outer loop
      vertex 2.37764 0.772542 -16.6114
      vertex 3.0316 0.351365 -16.6237
      vertex 2.38524 0.724537 -16.6237
    endloop
  endfacet
  facet normal 0.155307 0.268905 -0.950563
    outer loop
      vertex 3.0316 0.351365 -16.6237
      vertex 2.37764 0.772542 -16.6114
      vertex 3.51717 1.0197 -16.3553
    endloop
  endfacet
  facet normal 0.155286 0.268981 -0.950545
    outer loop
      vertex 2.02254 1.46946 -16.4722
      vertex 3.51717 1.0197 -16.3553
      vertex 2.37764 0.772542 -16.6114
    endloop
  endfacet
  facet normal 0.155253 0.26886 -0.950585
    outer loop
      vertex 1.46946 2.02254 -16.4061
      vertex 3.51717 1.0197 -16.3553
      vertex 2.02254 1.46946 -16.4722
    endloop
  endfacet
  facet normal 0.154934 0.268462 -0.950749
    outer loop
      vertex -0.647302 3.42406 -16.3553
      vertex 1.46946 2.02254 -16.4061
      vertex 0.772542 2.37764 -16.4194
    endloop
  endfacet
  facet normal 0.155386 0.269135 -0.950485
    outer loop
      vertex 1.46946 2.02254 -16.4061
      vertex -0.647302 3.42406 -16.3553
      vertex 3.51717 1.0197 -16.3553
    endloop
  endfacet
  facet normal 0.155305 0.268954 -0.950549
    outer loop
      vertex 0 2.5 -16.511
      vertex -0.647302 3.42406 -16.3553
      vertex 0.772542 2.37764 -16.4194
    endloop
  endfacet
  facet normal 0.155272 0.268933 -0.950561
    outer loop
      vertex -0.54142 2.41425 -16.6237
      vertex -0.647302 3.42406 -16.3553
      vertex 0 2.5 -16.511
    endloop
  endfacet
  facet normal 0.155264 0.268932 -0.950562
    outer loop
      vertex -0.647302 3.42406 -16.3553
      vertex -0.54142 2.41425 -16.6237
      vertex -1.13288 2.75572 -16.6237
    endloop
  endfacet
  facet normal -0.471993 -0.240429 -0.848184
    outer loop
      vertex -15.8396 -25.7483 -2.47371
      vertex -14.1738 -23.5245 -4.03105
      vertex -15.6606 -26.0997 -2.47371
    endloop
  endfacet
  facet normal -0.471897 -0.24052 -0.848212
    outer loop
      vertex -14.1738 -23.5245 -4.03105
      vertex -15.8396 -25.7483 -2.47371
      vertex -14.376 -23.2132 -4.00683
    endloop
  endfacet
  facet normal -0.472011 -0.240415 -0.848178
    outer loop
      vertex -13.1429 -21.0775 -5.29837
      vertex -2.40786 -3.14522 -16.3553
      vertex -12.7723 -21.0969 -5.49911
    endloop
  endfacet
  facet normal -0.471947 -0.240466 -0.848199
    outer loop
      vertex -2.40786 -3.14522 -16.3553
      vertex -13.1429 -21.0775 -5.29837
      vertex -2.58689 -2.79385 -16.3553
    endloop
  endfacet
  facet normal 0.361649 0.626395 0.690535
    outer loop
      vertex 3.93023 1.58822 15.8447
      vertex -13.487 26.947 1.96315
      vertex -0.234246 3.99258 15.8447
    endloop
  endfacet
  facet normal -0.0926037 0.585236 0.805558
    outer loop
      vertex -14.6409 27.3219 1.96315
      vertex -15.2476 27.2259 1.96315
      vertex -15.0304 26.5575 2.47371
    endloop
  endfacet
  facet normal 0.454008 0.890998 -0
    outer loop
      vertex -13.0291 27.5772 -0.434311
      vertex -13.7935 27.9667 0.434311
      vertex -13.0291 27.5772 0.434311
    endloop
  endfacet
  facet normal 0.454008 0.890998 0
    outer loop
      vertex -13.7935 27.9667 0.434311
      vertex -13.0291 27.5772 -0.434311
      vertex -13.7935 27.9667 -0.434311
    endloop
  endfacet
  facet normal 0.148935 0.940441 -0.305597
    outer loop
      vertex -13.8765 27.7114 -1.26042
      vertex -14.6409 28.1009 -0.434311
      vertex -13.7935 27.9667 -0.434311
    endloop
  endfacet
  facet normal -0.337032 0.337044 -0.879097
    outer loop
      vertex -12.7172 21.0998 -5.51911
      vertex -2.12901 3.42406 -16.3553
      vertex -2.40786 3.14522 -16.3553
    endloop
  endfacet
  facet normal -0.337058 0.337027 -0.879093
    outer loop
      vertex -2.12901 3.42406 -16.3553
      vertex -12.7172 21.0998 -5.51911
      vertex -12.4036 21.2202 -5.59319
    endloop
  endfacet
  facet normal -0.336846 0.337166 -0.879121
    outer loop
      vertex -12.7172 21.0998 -5.51911
      vertex -2.40786 3.14522 -16.3553
      vertex -12.7723 21.0969 -5.49911
    endloop
  endfacet
  facet normal -0.337007 0.33706 -0.8791
    outer loop
      vertex -15.6606 26.0997 -2.47371
      vertex -13.8827 23.7821 -4.04388
      vertex -14.1438 23.5707 -4.02484
    endloop
  endfacet
  facet normal -0.337053 0.337029 -0.879094
    outer loop
      vertex -15.6606 26.0997 -2.47371
      vertex -14.1438 23.5707 -4.02484
      vertex -14.1738 23.5245 -4.03105
    endloop
  endfacet
  facet normal -0.337036 0.337036 -0.879098
    outer loop
      vertex -13.8827 23.7821 -4.04388
      vertex -15.6606 26.0997 -2.47371
      vertex -15.3818 26.3785 -2.47371
    endloop
  endfacet
  facet normal -0.419015 0.419015 -0.805514
    outer loop
      vertex -15.6606 26.0997 -2.47371
      vertex -15.7948 26.947 -1.96315
      vertex -15.3818 26.3785 -2.47371
    endloop
  endfacet
  facet normal -0.419015 0.419015 -0.805514
    outer loop
      vertex -15.7948 26.947 -1.96315
      vertex -15.6606 26.0997 -2.47371
      vertex -16.2291 26.5127 -1.96315
    endloop
  endfacet
  facet normal 0.22095 0.220955 -0.949926
    outer loop
      vertex 3.12768 0.255281 -16.6237
      vertex 3.51717 1.0197 -16.3553
      vertex 3.79602 0.740856 -16.3553
    endloop
  endfacet
  facet normal 0.220959 0.22095 -0.949925
    outer loop
      vertex 3.51717 1.0197 -16.3553
      vertex 3.12768 0.255281 -16.6237
      vertex 3.0316 0.351365 -16.6237
    endloop
  endfacet
  facet normal 0.361649 0.626395 -0.690535
    outer loop
      vertex -0.234246 3.99258 -15.8447
      vertex -13.487 26.947 -1.96315
      vertex 3.93023 1.58822 -15.8447
    endloop
  endfacet
  facet normal 0.0870635 0.551851 -0.829385
    outer loop
      vertex -12.8723 24.0588 -3.99151
      vertex -14.2514 26.5575 -2.47371
      vertex -12.7971 24.0387 -3.99699
    endloop
  endfacet
  facet normal 0.0873699 0.551958 -0.829282
    outer loop
      vertex -13.1541 24.044 -4.03105
      vertex -14.2514 26.5575 -2.47371
      vertex -12.8723 24.0588 -3.99151
    endloop
  endfacet
  facet normal 0.0874374 0.551975 -0.829263
    outer loop
      vertex -14.2514 26.5575 -2.47371
      vertex -13.1541 24.044 -4.03105
      vertex -14.6409 26.6192 -2.47371
    endloop
  endfacet
  facet normal 0.087424 0.55197 -0.829268
    outer loop
      vertex -11.6587 21.9569 -5.26262
      vertex -0.998667 3.60309 -16.3553
      vertex -1.38816 3.66478 -16.3553
    endloop
  endfacet
  facet normal 0.0877205 0.552079 -0.829164
    outer loop
      vertex -0.998667 3.60309 -16.3553
      vertex -11.6587 21.9569 -5.26262
      vertex -11.6386 22.032 -5.21049
    endloop
  endfacet
  facet normal 0.0873846 0.551956 -0.829282
    outer loop
      vertex -11.6587 21.9569 -5.26262
      vertex -1.38816 3.66478 -16.3553
      vertex -11.8125 21.7202 -5.43637
    endloop
  endfacet
  facet normal 0.155307 -0.268905 -0.950563
    outer loop
      vertex 2.37764 -0.772542 -16.6114
      vertex 3.0316 -0.351365 -16.6237
      vertex 3.51717 -1.0197 -16.3553
    endloop
  endfacet
  facet normal 0.15481 -0.268141 -0.95086
    outer loop
      vertex 3.0316 -0.351365 -16.6237
      vertex 2.37764 -0.772542 -16.6114
      vertex 2.38524 -0.724537 -16.6237
    endloop
  endfacet
  facet normal 0.155286 -0.268981 -0.950545
    outer loop
      vertex 3.51717 -1.0197 -16.3553
      vertex 2.02254 -1.46946 -16.4722
      vertex 2.37764 -0.772542 -16.6114
    endloop
  endfacet
  facet normal 0.155253 -0.26886 -0.950585
    outer loop
      vertex 3.51717 -1.0197 -16.3553
      vertex 1.46946 -2.02254 -16.4061
      vertex 2.02254 -1.46946 -16.4722
    endloop
  endfacet
  facet normal 0.155386 -0.269135 -0.950485
    outer loop
      vertex -0.647302 -3.42406 -16.3553
      vertex 1.46946 -2.02254 -16.4061
      vertex 3.51717 -1.0197 -16.3553
    endloop
  endfacet
  facet normal 0.154934 -0.268462 -0.950749
    outer loop
      vertex 1.46946 -2.02254 -16.4061
      vertex -0.647302 -3.42406 -16.3553
      vertex 0.772542 -2.37764 -16.4194
    endloop
  endfacet
  facet normal 0.155305 -0.268954 -0.950549
    outer loop
      vertex -0.647302 -3.42406 -16.3553
      vertex 0 -2.5 -16.511
      vertex 0.772542 -2.37764 -16.4194
    endloop
  endfacet
  facet normal 0.155272 -0.268933 -0.950561
    outer loop
      vertex -0.647302 -3.42406 -16.3553
      vertex -0.54142 -2.41425 -16.6237
      vertex 0 -2.5 -16.511
    endloop
  endfacet
  facet normal 0.155264 -0.268932 -0.950562
    outer loop
      vertex -0.54142 -2.41425 -16.6237
      vertex -0.647302 -3.42406 -16.3553
      vertex -1.13288 -2.75572 -16.6237
    endloop
  endfacet
  facet normal 0.22095 -0.220955 -0.949926
    outer loop
      vertex 3.51717 -1.0197 -16.3553
      vertex 3.12768 -0.255281 -16.6237
      vertex 3.79602 -0.740856 -16.3553
    endloop
  endfacet
  facet normal 0.220959 -0.22095 -0.949925
    outer loop
      vertex 3.12768 -0.255281 -16.6237
      vertex 3.51717 -1.0197 -16.3553
      vertex 3.0316 -0.351365 -16.6237
    endloop
  endfacet
  facet normal 0.141863 0.278415 -0.949926
    outer loop
      vertex -1.13288 2.75572 -16.6237
      vertex -1.25395 2.81741 -16.6237
      vertex -0.998667 3.60309 -16.3553
    endloop
  endfacet
  facet normal 0.462701 -0.0732973 -0.883479
    outer loop
      vertex 30.4805 -0.389491 -2.47371
      vertex 27.5581 0 -4.03656
      vertex 30.5422 0 -2.47371
    endloop
  endfacet
  facet normal 0.462701 -0.0732973 -0.883479
    outer loop
      vertex 27.5581 0 -4.03656
      vertex 30.4805 -0.389491 -2.47371
      vertex 27.4964 -0.389491 -4.03656
    endloop
  endfacet
  facet normal 0.462701 -0.0732798 -0.88348
    outer loop
      vertex 24.6198 -0.389491 -5.54312
      vertex 4.03674 0 -16.3553
      vertex 24.5581 0 -5.60774
    endloop
  endfacet
  facet normal 0.462701 -0.0732854 -0.88348
    outer loop
      vertex 4.03674 0 -16.3553
      vertex 24.6198 -0.389491 -5.54312
      vertex 3.97505 -0.389491 -16.3553
    endloop
  endfacet
  facet normal 0.308627 0.0488895 -0.949926
    outer loop
      vertex 3.21063 0 -16.6237
      vertex 3.18937 0.134209 -16.6237
      vertex 4.03674 0 -16.3553
    endloop
  endfacet
  facet normal 0.419016 0.419016 -0.805513
    outer loop
      vertex 3.79602 0.740856 -16.3553
      vertex 3.93023 1.58822 -15.8447
      vertex 4.36454 1.15391 -15.8447
    endloop
  endfacet
  facet normal 0.419009 0.419018 -0.805515
    outer loop
      vertex 3.93023 1.58822 -15.8447
      vertex 3.79602 0.740856 -16.3553
      vertex 3.51717 1.0197 -16.3553
    endloop
  endfacet
  facet normal 0.451509 0.230017 -0.862109
    outer loop
      vertex 27.4964 0.389491 -4.03656
      vertex 30.3015 0.740856 -2.47371
      vertex 30.4805 0.389491 -2.47371
    endloop
  endfacet
  facet normal 0.451544 0.22985 -0.862135
    outer loop
      vertex 27.4847 0.463525 -4.02295
      vertex 30.3015 0.740856 -2.47371
      vertex 27.4964 0.389491 -4.03656
    endloop
  endfacet
  facet normal 0.451507 0.230043 -0.862103
    outer loop
      vertex 30.3015 0.740856 -2.47371
      vertex 27.4847 0.463525 -4.02295
      vertex 27.3434 0.740856 -4.02295
    endloop
  endfacet
  facet normal 0.451485 0.230233 -0.862064
    outer loop
      vertex 3.97505 0.389491 -16.3553
      vertex 24.6315 0.463525 -5.51722
      vertex 24.6198 0.389491 -5.54312
    endloop
  endfacet
  facet normal 0.451522 0.229902 -0.862133
    outer loop
      vertex 3.97505 0.389491 -16.3553
      vertex 24.7729 0.740856 -5.36921
      vertex 24.6315 0.463525 -5.51722
    endloop
  endfacet
  facet normal 0.451503 0.230053 -0.862102
    outer loop
      vertex 24.7729 0.740856 -5.36921
      vertex 3.97505 0.389491 -16.3553
      vertex 3.79602 0.740856 -16.3553
    endloop
  endfacet
  facet normal 0.278416 0.14186 -0.949926
    outer loop
      vertex 3.97505 0.389491 -16.3553
      vertex 3.12768 0.255281 -16.6237
      vertex 3.79602 0.740856 -16.3553
    endloop
  endfacet
  facet normal -0.337058 -0.337027 -0.879093
    outer loop
      vertex -12.7172 -21.0998 -5.51911
      vertex -2.12901 -3.42406 -16.3553
      vertex -12.4036 -21.2202 -5.59319
    endloop
  endfacet
  facet normal -0.337032 -0.337044 -0.879097
    outer loop
      vertex -2.12901 -3.42406 -16.3553
      vertex -12.7172 -21.0998 -5.51911
      vertex -2.40786 -3.14522 -16.3553
    endloop
  endfacet
  facet normal -0.336846 -0.337166 -0.879121
    outer loop
      vertex -2.40786 -3.14522 -16.3553
      vertex -12.7172 -21.0998 -5.51911
      vertex -12.7723 -21.0969 -5.49911
    endloop
  endfacet
  facet normal -0.337036 -0.337036 -0.879098
    outer loop
      vertex -15.6606 -26.0997 -2.47371
      vertex -13.8827 -23.7821 -4.04388
      vertex -15.3818 -26.3785 -2.47371
    endloop
  endfacet
  facet normal -0.337007 -0.33706 -0.8791
    outer loop
      vertex -13.8827 -23.7821 -4.04388
      vertex -15.6606 -26.0997 -2.47371
      vertex -14.1438 -23.5707 -4.02484
    endloop
  endfacet
  facet normal -0.337053 -0.337029 -0.879094
    outer loop
      vertex -14.1438 -23.5707 -4.02484
      vertex -15.6606 -26.0997 -2.47371
      vertex -14.1738 -23.5245 -4.03105
    endloop
  endfacet
  facet normal -0.0488892 -0.308627 -0.949926
    outer loop
      vertex -1.38816 -3.66478 -16.3553
      vertex -1.52237 -2.81741 -16.6237
      vertex -1.38816 -2.83867 -16.6237
    endloop
  endfacet
  facet normal -0.0488823 -0.308626 -0.949926
    outer loop
      vertex -1.38816 -3.66478 -16.3553
      vertex -1.77765 -3.60309 -16.3553
      vertex -1.52237 -2.81741 -16.6237
    endloop
  endfacet
  facet normal -0.587813 0 -0.808997
    outer loop
      vertex -3.35131 -2.40436 -15.8447
      vertex -2.64858 2.40436 -16.3553
      vertex -2.64858 -2.40436 -16.3553
    endloop
  endfacet
  facet normal -0.587813 0 -0.808997
    outer loop
      vertex -2.64858 2.40436 -16.3553
      vertex -3.35131 -2.40436 -15.8447
      vertex -3.35131 2.40436 -15.8447
    endloop
  endfacet
  facet normal -0.585282 0.0927008 -0.805513
    outer loop
      vertex -2.64858 2.40436 -16.3553
      vertex -3.35131 2.40436 -15.8447
      vertex -2.58689 2.79385 -16.3553
    endloop
  endfacet
  facet normal 0.802498 0.127027 0.582976
    outer loop
      vertex 31.6345 0.76442 1.26042
      vertex 31.245 0 1.96315
      vertex 31.7555 0 1.26042
    endloop
  endfacet
  facet normal 0.940457 0.149054 0.30549
    outer loop
      vertex 31.8897 0.847365 0.434311
      vertex 31.6345 0.76442 1.26042
      vertex 32.024 0 0.434311
    endloop
  endfacet
  facet normal 0.848452 0.432204 -0.305497
    outer loop
      vertex 31.6345 0.76442 -1.26042
      vertex 31.5003 1.61179 -0.434311
      vertex 31.8897 0.847365 -0.434311
    endloop
  endfacet
  facet normal 0.848358 0.432305 0.305616
    outer loop
      vertex 31.5003 1.61179 0.434311
      vertex 31.2831 1.45401 1.26042
      vertex 31.6345 0.76442 1.26042
    endloop
  endfacet
  facet normal 0.891051 0.453904 0
    outer loop
      vertex 31.8897 0.847365 0.434311
      vertex 31.5003 1.61179 -0.434311
      vertex 31.5003 1.61179 0.434311
    endloop
  endfacet
  facet normal 0.891051 0.453904 0
    outer loop
      vertex 31.5003 1.61179 -0.434311
      vertex 31.8897 0.847365 0.434311
      vertex 31.8897 0.847365 -0.434311
    endloop
  endfacet
  facet normal -0.141864 -0.278415 0.949926
    outer loop
      vertex -1.64344 -2.75572 16.6237
      vertex -1.77765 -3.60309 16.3553
      vertex -1.52237 -2.81741 16.6237
    endloop
  endfacet
  facet normal 0.585213 0.0927048 0.805563
    outer loop
      vertex 31.245 0 1.96315
      vertex 30.4805 0.389491 2.47371
      vertex 30.5422 0 2.47371
    endloop
  endfacet
  facet normal 0.451485 0.230233 0.862064
    outer loop
      vertex 24.6315 0.463525 5.51722
      vertex 3.97505 0.389491 16.3553
      vertex 24.6198 0.389491 5.54312
    endloop
  endfacet
  facet normal 0.451522 0.229902 0.862133
    outer loop
      vertex 24.7729 0.740856 5.36921
      vertex 3.97505 0.389491 16.3553
      vertex 24.6315 0.463525 5.51722
    endloop
  endfacet
  facet normal 0.451503 0.230053 0.862102
    outer loop
      vertex 3.97505 0.389491 16.3553
      vertex 24.7729 0.740856 5.36921
      vertex 3.79602 0.740856 16.3553
    endloop
  endfacet
  facet normal 0.451509 0.230017 0.862109
    outer loop
      vertex 30.3015 0.740856 2.47371
      vertex 27.4964 0.389491 4.03656
      vertex 30.4805 0.389491 2.47371
    endloop
  endfacet
  facet normal 0.451544 0.22985 0.862135
    outer loop
      vertex 30.3015 0.740856 2.47371
      vertex 27.4847 0.463525 4.02295
      vertex 27.4964 0.389491 4.03656
    endloop
  endfacet
  facet normal 0.451507 0.230043 0.862103
    outer loop
      vertex 27.4847 0.463525 4.02295
      vertex 30.3015 0.740856 2.47371
      vertex 27.3434 0.740856 4.02295
    endloop
  endfacet
  facet normal 0.0488892 0.308627 0.949926
    outer loop
      vertex -1.38816 3.66478 16.3553
      vertex -1.38816 2.83867 16.6237
      vertex -1.25395 2.81741 16.6237
    endloop
  endfacet
  facet normal 0.142614 0.571178 0.808342
    outer loop
      vertex -11.6386 22.032 5.21049
      vertex -0.781511 4.27143 15.8447
      vertex -11.5373 22.4102 4.92538
    endloop
  endfacet
  facet normal 0.142486 0.571134 0.808395
    outer loop
      vertex -0.781511 4.27143 15.8447
      vertex -11.5618 22.8789 4.59856
      vertex -11.5373 22.4102 4.92538
    endloop
  endfacet
  facet normal 0.142608 0.571175 0.808345
    outer loop
      vertex -11.5618 22.8789 4.59856
      vertex -0.781511 4.27143 15.8447
      vertex -11.6359 23.0718 4.47533
    endloop
  endfacet
  facet normal 0.142657 0.571193 0.808324
    outer loop
      vertex -0.781511 4.27143 15.8447
      vertex -11.6386 22.032 5.21049
      vertex -0.998667 3.60309 16.3553
    endloop
  endfacet
  facet normal 0.141559 0.570833 0.808771
    outer loop
      vertex -14.0343 27.2259 1.96315
      vertex -12.0254 23.6817 4.11304
      vertex -11.8953 23.5212 4.20355
    endloop
  endfacet
  facet normal 0.142596 0.571167 0.808353
    outer loop
      vertex -14.0343 27.2259 1.96315
      vertex -12.419 23.9373 4.00187
      vertex -12.0254 23.6817 4.11304
    endloop
  endfacet
  facet normal 0.142573 0.571161 0.808361
    outer loop
      vertex -14.2514 26.5575 2.47371
      vertex -12.419 23.9373 4.00187
      vertex -14.0343 27.2259 1.96315
    endloop
  endfacet
  facet normal 0.142765 0.571242 0.80827
    outer loop
      vertex -12.419 23.9373 4.00187
      vertex -14.2514 26.5575 2.47371
      vertex -12.7971 24.0387 3.99699
    endloop
  endfacet
  facet normal 0.0488819 0.308626 0.949926
    outer loop
      vertex -0.998667 3.60309 16.3553
      vertex -1.38816 3.66478 16.3553
      vertex -1.25395 2.81741 16.6237
    endloop
  endfacet
  facet normal 0.294962 0.51089 0.807458
    outer loop
      vertex -0.234246 3.99258 15.8447
      vertex 3.51717 1.0197 16.3553
      vertex 3.93023 1.58822 15.8447
    endloop
  endfacet
  facet normal 0.294963 0.510891 0.807457
    outer loop
      vertex 3.51717 1.0197 16.3553
      vertex -0.234246 3.99258 15.8447
      vertex -0.647302 3.42406 16.3553
    endloop
  endfacet
  facet normal 0.0870635 0.551851 0.829385
    outer loop
      vertex -14.2514 26.5575 2.47371
      vertex -12.8723 24.0588 3.99151
      vertex -12.7971 24.0387 3.99699
    endloop
  endfacet
  facet normal 0.0873699 0.551958 0.829282
    outer loop
      vertex -14.2514 26.5575 2.47371
      vertex -13.1541 24.044 4.03105
      vertex -12.8723 24.0588 3.99151
    endloop
  endfacet
  facet normal 0.0874374 0.551975 0.829263
    outer loop
      vertex -13.1541 24.044 4.03105
      vertex -14.2514 26.5575 2.47371
      vertex -14.6409 26.6192 2.47371
    endloop
  endfacet
  facet normal 0.0877205 0.552079 0.829164
    outer loop
      vertex -11.6587 21.9569 5.26262
      vertex -0.998667 3.60309 16.3553
      vertex -11.6386 22.032 5.21049
    endloop
  endfacet
  facet normal 0.087424 0.55197 0.829268
    outer loop
      vertex -0.998667 3.60309 16.3553
      vertex -11.6587 21.9569 5.26262
      vertex -1.38816 3.66478 16.3553
    endloop
  endfacet
  facet normal 0.0873846 0.551956 0.829282
    outer loop
      vertex -1.38816 3.66478 16.3553
      vertex -11.6587 21.9569 5.26262
      vertex -11.8125 21.7202 5.43637
    endloop
  endfacet
  facet normal 0.0926197 -0.585241 0.805552
    outer loop
      vertex -14.2514 -26.5575 2.47371
      vertex -14.6409 -27.3219 1.96315
      vertex -14.0343 -27.2259 1.96315
    endloop
  endfacet
  facet normal 0.420863 -0.420853 0.80359
    outer loop
      vertex 26.9994 -1.15391 3.99029
      vertex 30.4357 -1.58822 1.96315
      vertex 30.87 -1.15391 1.96315
    endloop
  endfacet
  facet normal 0.420878 -0.420807 0.803606
    outer loop
      vertex 26.9398 -1.21352 3.99029
      vertex 30.4357 -1.58822 1.96315
      vertex 26.9994 -1.15391 3.99029
    endloop
  endfacet
  facet normal 0.420881 -0.420795 0.803611
    outer loop
      vertex 26.5217 -1.42658 4.0977
      vertex 30.4357 -1.58822 1.96315
      vertex 26.9398 -1.21352 3.99029
    endloop
  endfacet
  facet normal 0.42079 -0.421155 0.80347
    outer loop
      vertex 26.0581 -1.5 4.30201
      vertex 30.4357 -1.58822 1.96315
      vertex 26.5217 -1.42658 4.0977
    endloop
  endfacet
  facet normal 0.420968 -0.420354 0.803797
    outer loop
      vertex 4.36454 -1.15391 15.8447
      vertex 25.1765 -1.21352 4.9138
      vertex 25.1168 -1.15391 4.97624
    endloop
  endfacet
  facet normal 0.420858 -0.420858 0.80359
    outer loop
      vertex 3.93023 -1.58822 15.8447
      vertex 25.1765 -1.21352 4.9138
      vertex 4.36454 -1.15391 15.8447
    endloop
  endfacet
  facet normal 0.420841 -0.42094 0.803556
    outer loop
      vertex 25.1765 -1.21352 4.9138
      vertex 3.93023 -1.58822 15.8447
      vertex 25.5946 -1.42658 4.58322
    endloop
  endfacet
  facet normal 0.420836 -0.420966 0.803545
    outer loop
      vertex 25.5946 -1.42658 4.58322
      vertex 3.93023 -1.58822 15.8447
      vertex 26.0581 -1.5 4.30201
    endloop
  endfacet
  facet normal 0.420854 -0.420882 0.80358
    outer loop
      vertex 26.0581 -1.5 4.30201
      vertex 3.93023 -1.58822 15.8447
      vertex 30.4357 -1.58822 1.96315
    endloop
  endfacet
  facet normal 0.527918 -0.269041 0.805555
    outer loop
      vertex 31.1489 -0.606647 1.96315
      vertex 30.4805 -0.389491 2.47371
      vertex 30.87 -1.15391 1.96315
    endloop
  endfacet
  facet normal 0.127125 -0.802433 0.583044
    outer loop
      vertex -14.6409 -27.3219 1.96315
      vertex -14.6409 -27.8325 1.26042
      vertex -13.8765 -27.7114 1.26042
    endloop
  endfacet
  facet normal 0.673259 -0.673296 0.305607
    outer loop
      vertex 30.7358 -2.00128 1.26042
      vertex 31.5003 -1.61179 0.434311
      vertex 31.2831 -1.45401 1.26042
    endloop
  endfacet
  facet normal 0.673248 -0.673315 0.305588
    outer loop
      vertex 31.5003 -1.61179 0.434311
      vertex 30.7358 -2.00128 1.26042
      vertex 30.8936 -2.21843 0.434311
    endloop
  endfacet
  facet normal 0.269025 -0.52799 0.805514
    outer loop
      vertex -0.647302 -3.42406 16.3553
      vertex -0.998667 -3.60309 16.3553
      vertex -0.234246 -3.99258 15.8447
    endloop
  endfacet
  facet normal -0.585282 0.0927008 0.805513
    outer loop
      vertex -2.58689 2.79385 16.3553
      vertex -3.35131 2.40436 15.8447
      vertex -2.64858 2.40436 16.3553
    endloop
  endfacet
  facet normal -0.432215 -0.848436 0.305527
    outer loop
      vertex -16.0949 -27.3601 1.26042
      vertex -16.2527 -27.5772 0.434311
      vertex -15.4053 -27.7114 1.26042
    endloop
  endfacet
  facet normal -0.987691 0.156417 0
    outer loop
      vertex -17.383 25.3588 -0.434311
      vertex -17.2488 26.2062 0.434311
      vertex -17.2488 26.2062 -0.434311
    endloop
  endfacet
  facet normal -0.987691 0.156417 0
    outer loop
      vertex -17.2488 26.2062 0.434311
      vertex -17.383 25.3588 -0.434311
      vertex -17.383 25.3588 0.434311
    endloop
  endfacet
  facet normal -0.564998 -0.162943 0.808843
    outer loop
      vertex -3.25523 -3.01101 15.8447
      vertex -13.1429 -21.0775 5.29837
      vertex -2.58689 -2.79385 16.3553
    endloop
  endfacet
  facet normal -0.564285 -0.163552 0.809217
    outer loop
      vertex -3.25523 -3.01101 15.8447
      vertex -13.1859 -21.0752 5.26885
      vertex -13.1429 -21.0775 5.29837
    endloop
  endfacet
  facet normal -0.564971 -0.162964 0.808858
    outer loop
      vertex -3.25523 -3.01101 15.8447
      vertex -13.6392 -21.1967 4.92775
      vertex -13.1859 -21.0752 5.26885
    endloop
  endfacet
  facet normal -0.565297 -0.162676 0.808688
    outer loop
      vertex -13.6392 -21.1967 4.92775
      vertex -3.25523 -3.01101 15.8447
      vertex -13.824 -21.3167 4.77443
    endloop
  endfacet
  facet normal -0.564803 -0.163115 0.808945
    outer loop
      vertex -16.508 -25.9654 1.96315
      vertex -14.5208 -22.7238 4.00424
      vertex -14.5093 -22.5037 4.05665
    endloop
  endfacet
  facet normal -0.564925 -0.163001 0.808883
    outer loop
      vertex -14.5208 -22.7238 4.00424
      vertex -16.508 -25.9654 1.96315
      vertex -15.8396 -25.7483 2.47371
    endloop
  endfacet
  facet normal -0.565234 -0.162749 0.808717
    outer loop
      vertex -14.3994 -23.1771 3.99774
      vertex -15.8396 -25.7483 2.47371
      vertex -14.376 -23.2132 4.00683
    endloop
  endfacet
  facet normal -0.565035 -0.162922 0.808821
    outer loop
      vertex -15.8396 -25.7483 2.47371
      vertex -14.3994 -23.1771 3.99774
      vertex -14.5208 -22.7238 4.00424
    endloop
  endfacet
  facet normal 0.432215 -0.848436 0.305527
    outer loop
      vertex -13.1869 -27.3601 1.26042
      vertex -13.8765 -27.7114 1.26042
      vertex -13.0291 -27.5772 0.434311
    endloop
  endfacet
  facet normal -0.141862 -0.278415 0.949926
    outer loop
      vertex -1.64344 -2.75572 16.6237
      vertex -2.12901 -3.42406 16.3553
      vertex -1.77765 -3.60309 16.3553
    endloop
  endfacet
  facet normal -0.723298 0 0.690536
    outer loop
      vertex -16.6041 25.3588 1.96315
      vertex -3.35131 -2.40436 15.8447
      vertex -3.35131 2.40436 15.8447
    endloop
  endfacet
  facet normal -0.723298 0 0.690536
    outer loop
      vertex -3.35131 -2.40436 15.8447
      vertex -16.6041 25.3588 1.96315
      vertex -16.6041 -25.3588 1.96315
    endloop
  endfacet
  facet normal 0.22095 -0.220955 0.949926
    outer loop
      vertex 3.12768 -0.255281 16.6237
      vertex 3.51717 -1.0197 16.3553
      vertex 3.79602 -0.740856 16.3553
    endloop
  endfacet
  facet normal 0.220959 -0.22095 0.949925
    outer loop
      vertex 3.51717 -1.0197 16.3553
      vertex 3.12768 -0.255281 16.6237
      vertex 3.0316 -0.351365 16.6237
    endloop
  endfacet
  facet normal -0.337032 -0.337044 0.879097
    outer loop
      vertex -12.7172 -21.0998 5.51911
      vertex -2.12901 -3.42406 16.3553
      vertex -2.40786 -3.14522 16.3553
    endloop
  endfacet
  facet normal -0.337058 -0.337027 0.879093
    outer loop
      vertex -2.12901 -3.42406 16.3553
      vertex -12.7172 -21.0998 5.51911
      vertex -12.4036 -21.2202 5.59319
    endloop
  endfacet
  facet normal -0.336846 -0.337166 0.879121
    outer loop
      vertex -12.7172 -21.0998 5.51911
      vertex -2.40786 -3.14522 16.3553
      vertex -12.7723 -21.0969 5.49911
    endloop
  endfacet
  facet normal -0.337007 -0.33706 0.8791
    outer loop
      vertex -15.6606 -26.0997 2.47371
      vertex -13.8827 -23.7821 4.04388
      vertex -14.1438 -23.5707 4.02484
    endloop
  endfacet
  facet normal -0.337053 -0.337029 0.879094
    outer loop
      vertex -15.6606 -26.0997 2.47371
      vertex -14.1438 -23.5707 4.02484
      vertex -14.1738 -23.5245 4.03105
    endloop
  endfacet
  facet normal -0.337036 -0.337036 0.879098
    outer loop
      vertex -13.8827 -23.7821 4.04388
      vertex -15.6606 -26.0997 2.47371
      vertex -15.3818 -26.3785 2.47371
    endloop
  endfacet
  facet normal -0.148935 0.940441 -0.305597
    outer loop
      vertex -15.4053 27.7114 -1.26042
      vertex -15.4883 27.9667 -0.434311
      vertex -14.6409 28.1009 -0.434311
    endloop
  endfacet
  facet normal -0.528019 0.268968 -0.805513
    outer loop
      vertex -15.8396 25.7483 -2.47371
      vertex -16.2291 26.5127 -1.96315
      vertex -15.6606 26.0997 -2.47371
    endloop
  endfacet
  facet normal -0.527936 0.269032 -0.805546
    outer loop
      vertex -15.8396 25.7483 -2.47371
      vertex -16.508 25.9654 -1.96315
      vertex -16.2291 26.5127 -1.96315
    endloop
  endfacet
  facet normal -0.0765882 0.483209 0.872149
    outer loop
      vertex -11.9143 21.5633 5.51436
      vertex -1.38816 3.66478 16.3553
      vertex -11.8125 21.7202 5.43637
    endloop
  endfacet
  facet normal -0.0765377 0.483234 0.87214
    outer loop
      vertex -1.38816 3.66478 16.3553
      vertex -11.9143 21.5633 5.51436
      vertex -1.77765 3.60309 16.3553
    endloop
  endfacet
  facet normal -0.0765957 0.483207 0.872149
    outer loop
      vertex -1.77765 3.60309 16.3553
      vertex -11.9143 21.5633 5.51436
      vertex -12.0729 21.4349 5.57157
    endloop
  endfacet
  facet normal -0.0765684 0.483219 0.872145
    outer loop
      vertex -14.6409 26.6192 2.47371
      vertex -13.3409 24.0342 4.02008
      vertex -13.1541 24.044 4.03105
    endloop
  endfacet
  facet normal -0.076479 0.483256 0.872132
    outer loop
      vertex -14.6409 26.6192 2.47371
      vertex -13.5314 23.9611 4.04388
      vertex -13.3409 24.0342 4.02008
    endloop
  endfacet
  facet normal -0.0765478 0.483232 0.87214
    outer loop
      vertex -13.5314 23.9611 4.04388
      vertex -14.6409 26.6192 2.47371
      vertex -15.0304 26.5575 2.47371
    endloop
  endfacet
  facet normal -0.802497 -0.127031 -0.582976
    outer loop
      vertex -16.9936 -26.1232 -1.26042
      vertex -17.1146 -25.3588 -1.26042
      vertex -16.6041 -25.3588 -1.96315
    endloop
  endfacet
  facet normal -0.419015 -0.419015 -0.805514
    outer loop
      vertex -15.7948 -26.947 -1.96315
      vertex -15.6606 -26.0997 -2.47371
      vertex -15.3818 -26.3785 -2.47371
    endloop
  endfacet
  facet normal -0.419015 -0.419015 -0.805514
    outer loop
      vertex -15.6606 -26.0997 -2.47371
      vertex -15.7948 -26.947 -1.96315
      vertex -16.2291 -26.5127 -1.96315
    endloop
  endfacet
  facet normal -0.0488823 0.308626 0.949926
    outer loop
      vertex -1.38816 3.66478 16.3553
      vertex -1.77765 3.60309 16.3553
      vertex -1.52237 2.81741 16.6237
    endloop
  endfacet
  facet normal -0.67329 0.67329 0.305549
    outer loop
      vertex -16.8593 26.9706 0.434311
      vertex -16.0949 27.3601 1.26042
      vertex -16.2527 27.5772 0.434311
    endloop
  endfacet
  facet normal -0.67329 0.67329 0.305549
    outer loop
      vertex -16.0949 27.3601 1.26042
      vertex -16.8593 26.9706 0.434311
      vertex -16.6422 26.8128 1.26042
    endloop
  endfacet
  facet normal 0.42209 0.415102 -0.805934
    outer loop
      vertex 27.2717 0.881678 -3.98797
      vertex 30.3015 0.740856 -2.47371
      vertex 27.3434 0.740856 -4.02295
    endloop
  endfacet
  facet normal 0.422058 0.415296 -0.805851
    outer loop
      vertex 26.9994 1.15391 -3.99029
      vertex 30.3015 0.740856 -2.47371
      vertex 27.2717 0.881678 -3.98797
    endloop
  endfacet
  facet normal 0.422065 0.415222 -0.805886
    outer loop
      vertex 30.3015 0.740856 -2.47371
      vertex 26.9994 1.15391 -3.99029
      vertex 30.87 1.15391 -1.96315
    endloop
  endfacet
  facet normal 0.422053 0.415267 -0.805869
    outer loop
      vertex 24.8446 0.881678 -5.25908
      vertex 4.36454 1.15391 -15.8447
      vertex 25.1168 1.15391 -4.97624
    endloop
  endfacet
  facet normal 0.422041 0.415328 -0.805844
    outer loop
      vertex 24.7729 0.740856 -5.36921
      vertex 4.36454 1.15391 -15.8447
      vertex 24.8446 0.881678 -5.25908
    endloop
  endfacet
  facet normal 0.422051 0.415274 -0.805866
    outer loop
      vertex 4.36454 1.15391 -15.8447
      vertex 24.7729 0.740856 -5.36921
      vertex 3.79602 0.740856 -16.3553
    endloop
  endfacet
  facet normal 0.405273 0.701953 -0.585675
    outer loop
      vertex 30.4357 1.58822 -1.96315
      vertex -13.1869 27.3601 -1.26042
      vertex 30.7358 2.00128 -1.26042
    endloop
  endfacet
  facet normal 0.405264 0.701937 -0.585701
    outer loop
      vertex -13.1869 27.3601 -1.26042
      vertex 30.4357 1.58822 -1.96315
      vertex -13.487 26.947 -1.96315
    endloop
  endfacet
  facet normal 0.420863 -0.420853 -0.80359
    outer loop
      vertex 30.4357 -1.58822 -1.96315
      vertex 26.9994 -1.15391 -3.99029
      vertex 30.87 -1.15391 -1.96315
    endloop
  endfacet
  facet normal 0.420878 -0.420807 -0.803606
    outer loop
      vertex 30.4357 -1.58822 -1.96315
      vertex 26.9398 -1.21352 -3.99029
      vertex 26.9994 -1.15391 -3.99029
    endloop
  endfacet
  facet normal 0.420881 -0.420795 -0.803611
    outer loop
      vertex 30.4357 -1.58822 -1.96315
      vertex 26.5217 -1.42658 -4.0977
      vertex 26.9398 -1.21352 -3.99029
    endloop
  endfacet
  facet normal 0.42079 -0.421155 -0.80347
    outer loop
      vertex 30.4357 -1.58822 -1.96315
      vertex 26.0581 -1.5 -4.30201
      vertex 26.5217 -1.42658 -4.0977
    endloop
  endfacet
  facet normal 0.420968 -0.420354 -0.803797
    outer loop
      vertex 25.1765 -1.21352 -4.9138
      vertex 4.36454 -1.15391 -15.8447
      vertex 25.1168 -1.15391 -4.97624
    endloop
  endfacet
  facet normal 0.420841 -0.42094 -0.803556
    outer loop
      vertex 3.93023 -1.58822 -15.8447
      vertex 25.1765 -1.21352 -4.9138
      vertex 25.5946 -1.42658 -4.58322
    endloop
  endfacet
  facet normal 0.420836 -0.420966 -0.803545
    outer loop
      vertex 3.93023 -1.58822 -15.8447
      vertex 25.5946 -1.42658 -4.58322
      vertex 26.0581 -1.5 -4.30201
    endloop
  endfacet
  facet normal 0.420854 -0.420882 -0.80358
    outer loop
      vertex 3.93023 -1.58822 -15.8447
      vertex 26.0581 -1.5 -4.30201
      vertex 30.4357 -1.58822 -1.96315
    endloop
  endfacet
  facet normal 0.420858 -0.420858 -0.80359
    outer loop
      vertex 25.1765 -1.21352 -4.9138
      vertex 3.93023 -1.58822 -15.8447
      vertex 4.36454 -1.15391 -15.8447
    endloop
  endfacet
  facet normal 0.72387 -0.368868 -0.583052
    outer loop
      vertex 31.2831 -1.45401 -1.26042
      vertex 30.87 -1.15391 -1.96315
      vertex 31.6345 -0.76442 -1.26042
    endloop
  endfacet
  facet normal 0.723868 -0.368903 -0.583031
    outer loop
      vertex 31.6345 -0.76442 -1.26042
      vertex 30.87 -1.15391 -1.96315
      vertex 31.1489 -0.606647 -1.96315
    endloop
  endfacet
  facet normal -0.940465 0.14887 0.305554
    outer loop
      vertex -16.9936 26.1232 1.26042
      vertex -17.383 25.3588 0.434311
      vertex -17.1146 25.3588 1.26042
    endloop
  endfacet
  facet normal 0.14899 -0.940448 -0.305548
    outer loop
      vertex -13.8765 -27.7114 -1.26042
      vertex -14.6409 -28.1009 -0.434311
      vertex -14.6409 -27.8325 -1.26042
    endloop
  endfacet
  facet normal -0.269062 -0.527898 -0.805561
    outer loop
      vertex -15.2476 -27.2259 -1.96315
      vertex -15.7948 -26.947 -1.96315
      vertex -15.0304 -26.5575 -2.47371
    endloop
  endfacet
  facet normal -0.0926037 -0.585236 -0.805558
    outer loop
      vertex -14.6409 -27.3219 -1.96315
      vertex -15.2476 -27.2259 -1.96315
      vertex -15.0304 -26.5575 -2.47371
    endloop
  endfacet
  facet normal 0.0926197 -0.585241 -0.805552
    outer loop
      vertex -14.0343 -27.2259 -1.96315
      vertex -14.6409 -27.3219 -1.96315
      vertex -14.2514 -26.5575 -2.47371
    endloop
  endfacet
  facet normal 0.0927112 -0.585268 -0.805522
    outer loop
      vertex -14.2514 -26.5575 -2.47371
      vertex -14.6409 -27.3219 -1.96315
      vertex -14.6409 -26.6192 -2.47371
    endloop
  endfacet
  facet normal 0.14186 0.278415 0.949927
    outer loop
      vertex -0.998667 3.60309 16.3553
      vertex -1.13288 2.75572 16.6237
      vertex -0.647302 3.42406 16.3553
    endloop
  endfacet
  facet normal 0.36165 0.626396 0.690535
    outer loop
      vertex 30.4357 1.58822 1.96315
      vertex -13.487 26.947 1.96315
      vertex 3.93023 1.58822 15.8447
    endloop
  endfacet
  facet normal 0.475775 0.824067 0.307494
    outer loop
      vertex -13.0291 27.5772 0.434311
      vertex 30.7358 2.00128 1.26042
      vertex 30.8936 2.21843 0.434311
    endloop
  endfacet
  facet normal 0.475783 0.824079 0.307449
    outer loop
      vertex 30.7358 2.00128 1.26042
      vertex -13.0291 27.5772 0.434311
      vertex -13.1869 27.3601 1.26042
    endloop
  endfacet
  facet normal 0.31468 0.617584 -0.72081
    outer loop
      vertex -11.6359 23.0718 -4.47533
      vertex -0.234246 3.99258 -15.8447
      vertex -0.781511 4.27143 -15.8447
    endloop
  endfacet
  facet normal 0.314952 0.617645 -0.720638
    outer loop
      vertex -11.73 23.317 -4.3063
      vertex -0.234246 3.99258 -15.8447
      vertex -11.6359 23.0718 -4.47533
    endloop
  endfacet
  facet normal 0.314727 0.617595 -0.72078
    outer loop
      vertex -11.73 23.317 -4.3063
      vertex -13.487 26.947 -1.96315
      vertex -0.234246 3.99258 -15.8447
    endloop
  endfacet
  facet normal 0.315072 0.61764 -0.72059
    outer loop
      vertex -11.8953 23.5212 -4.20355
      vertex -13.487 26.947 -1.96315
      vertex -11.73 23.317 -4.3063
    endloop
  endfacet
  facet normal 0.314724 0.6176 -0.720776
    outer loop
      vertex -13.487 26.947 -1.96315
      vertex -11.8953 23.5212 -4.20355
      vertex -14.0343 27.2259 -1.96315
    endloop
  endfacet
  facet normal -0.308627 -0.0488892 -0.949926
    outer loop
      vertex -1.80121 -2.53857 -16.6237
      vertex -2.64858 -2.40436 -16.3553
      vertex -1.82247 -2.40436 -16.6237
    endloop
  endfacet
  facet normal 0.14186 0.278415 -0.949927
    outer loop
      vertex -0.647302 3.42406 -16.3553
      vertex -1.13288 2.75572 -16.6237
      vertex -0.998667 3.60309 -16.3553
    endloop
  endfacet
  facet normal 0.422065 -0.415222 -0.805886
    outer loop
      vertex 26.9994 -1.15391 -3.99029
      vertex 30.3015 -0.740856 -2.47371
      vertex 30.87 -1.15391 -1.96315
    endloop
  endfacet
  facet normal 0.42209 -0.415102 -0.805934
    outer loop
      vertex 30.3015 -0.740856 -2.47371
      vertex 27.2717 -0.881678 -3.98797
      vertex 27.3434 -0.740856 -4.02295
    endloop
  endfacet
  facet normal 0.422058 -0.415296 -0.805851
    outer loop
      vertex 30.3015 -0.740856 -2.47371
      vertex 26.9994 -1.15391 -3.99029
      vertex 27.2717 -0.881678 -3.98797
    endloop
  endfacet
  facet normal 0.422053 -0.415267 -0.805869
    outer loop
      vertex 4.36454 -1.15391 -15.8447
      vertex 24.8446 -0.881678 -5.25908
      vertex 25.1168 -1.15391 -4.97624
    endloop
  endfacet
  facet normal 0.422041 -0.415328 -0.805844
    outer loop
      vertex 4.36454 -1.15391 -15.8447
      vertex 24.7729 -0.740856 -5.36921
      vertex 24.8446 -0.881678 -5.25908
    endloop
  endfacet
  facet normal 0.422051 -0.415274 -0.805866
    outer loop
      vertex 24.7729 -0.740856 -5.36921
      vertex 4.36454 -1.15391 -15.8447
      vertex 3.79602 -0.740856 -16.3553
    endloop
  endfacet
  facet normal 0.14186 -0.278415 -0.949927
    outer loop
      vertex -0.998667 -3.60309 -16.3553
      vertex -1.13288 -2.75572 -16.6237
      vertex -0.647302 -3.42406 -16.3553
    endloop
  endfacet
  facet normal 0.141863 -0.278415 -0.949926
    outer loop
      vertex -0.998667 -3.60309 -16.3553
      vertex -1.25395 -2.81741 -16.6237
      vertex -1.13288 -2.75572 -16.6237
    endloop
  endfacet
  facet normal 0.420863 0.420853 -0.80359
    outer loop
      vertex 26.9994 1.15391 -3.99029
      vertex 30.4357 1.58822 -1.96315
      vertex 30.87 1.15391 -1.96315
    endloop
  endfacet
  facet normal 0.420878 0.420807 -0.803606
    outer loop
      vertex 26.9398 1.21352 -3.99029
      vertex 30.4357 1.58822 -1.96315
      vertex 26.9994 1.15391 -3.99029
    endloop
  endfacet
  facet normal 0.420881 0.420795 -0.803611
    outer loop
      vertex 26.5217 1.42658 -4.0977
      vertex 30.4357 1.58822 -1.96315
      vertex 26.9398 1.21352 -3.99029
    endloop
  endfacet
  facet normal 0.42079 0.421155 -0.80347
    outer loop
      vertex 26.0581 1.5 -4.30201
      vertex 30.4357 1.58822 -1.96315
      vertex 26.5217 1.42658 -4.0977
    endloop
  endfacet
  facet normal 0.420968 0.420354 -0.803797
    outer loop
      vertex 4.36454 1.15391 -15.8447
      vertex 25.1765 1.21352 -4.9138
      vertex 25.1168 1.15391 -4.97624
    endloop
  endfacet
  facet normal 0.420858 0.420858 -0.80359
    outer loop
      vertex 3.93023 1.58822 -15.8447
      vertex 25.1765 1.21352 -4.9138
      vertex 4.36454 1.15391 -15.8447
    endloop
  endfacet
  facet normal 0.420841 0.42094 -0.803556
    outer loop
      vertex 25.1765 1.21352 -4.9138
      vertex 3.93023 1.58822 -15.8447
      vertex 25.5946 1.42658 -4.58322
    endloop
  endfacet
  facet normal 0.420836 0.420966 -0.803545
    outer loop
      vertex 25.5946 1.42658 -4.58322
      vertex 3.93023 1.58822 -15.8447
      vertex 26.0581 1.5 -4.30201
    endloop
  endfacet
  facet normal 0.420854 0.420882 -0.80358
    outer loop
      vertex 26.0581 1.5 -4.30201
      vertex 3.93023 1.58822 -15.8447
      vertex 30.4357 1.58822 -1.96315
    endloop
  endfacet
  facet normal 0.527918 -0.269041 -0.805555
    outer loop
      vertex 30.87 -1.15391 -1.96315
      vertex 30.4805 -0.389491 -2.47371
      vertex 31.1489 -0.606647 -1.96315
    endloop
  endfacet
  facet normal 0.462701 0.0732973 -0.883479
    outer loop
      vertex 27.5581 0 -4.03656
      vertex 30.4805 0.389491 -2.47371
      vertex 30.5422 0 -2.47371
    endloop
  endfacet
  facet normal 0.462701 0.0732973 -0.883479
    outer loop
      vertex 30.4805 0.389491 -2.47371
      vertex 27.5581 0 -4.03656
      vertex 27.4964 0.389491 -4.03656
    endloop
  endfacet
  facet normal 0.462701 0.0732798 -0.88348
    outer loop
      vertex 4.03674 0 -16.3553
      vertex 24.6198 0.389491 -5.54312
      vertex 24.5581 0 -5.60774
    endloop
  endfacet
  facet normal 0.462701 0.0732854 -0.88348
    outer loop
      vertex 24.6198 0.389491 -5.54312
      vertex 4.03674 0 -16.3553
      vertex 3.97505 0.389491 -16.3553
    endloop
  endfacet
  facet normal 0.802438 0.127116 -0.583039
    outer loop
      vertex 31.245 0 -1.96315
      vertex 31.1489 0.606647 -1.96315
      vertex 31.6345 0.76442 -1.26042
    endloop
  endfacet
  facet normal 0.585213 0.0927047 -0.805563
    outer loop
      vertex 31.245 0 -1.96315
      vertex 30.4805 0.389491 -2.47371
      vertex 31.1489 0.606647 -1.96315
    endloop
  endfacet
  facet normal 0.278416 0.141862 -0.949926
    outer loop
      vertex 3.18937 0.134209 -16.6237
      vertex 3.12768 0.255281 -16.6237
      vertex 3.97505 0.389491 -16.3553
    endloop
  endfacet
  facet normal -0.141862 -0.278415 -0.949926
    outer loop
      vertex -1.77765 -3.60309 -16.3553
      vertex -2.12901 -3.42406 -16.3553
      vertex -1.64344 -2.75572 -16.6237
    endloop
  endfacet
  facet normal -0.308997 0 -0.951063
    outer loop
      vertex -2.64858 -2.40436 -16.3553
      vertex -1.82247 -1.66954 -16.6237
      vertex -1.82247 -2.40436 -16.6237
    endloop
  endfacet
  facet normal -0.308993 -4.98824e-06 -0.951064
    outer loop
      vertex -1.82247 -1.66954 -16.6237
      vertex -2.64858 -2.40436 -16.3553
      vertex -2.02254 -1.46946 -16.5587
    endloop
  endfacet
  facet normal -0.308766 -2.64237e-05 -0.951138
    outer loop
      vertex -2.37764 -0.772542 -16.4433
      vertex -2.64858 -2.40436 -16.3553
      vertex -2.5 0 -16.4036
    endloop
  endfacet
  facet normal -0.309029 2.1881e-05 -0.951053
    outer loop
      vertex -2.02254 -1.46946 -16.5587
      vertex -2.64858 -2.40436 -16.3553
      vertex -2.37764 -0.772542 -16.4433
    endloop
  endfacet
  facet normal -0.308993 4.98824e-06 -0.951064
    outer loop
      vertex -2.64858 2.40436 -16.3553
      vertex -1.82247 1.66954 -16.6237
      vertex -2.02254 1.46946 -16.5587
    endloop
  endfacet
  facet normal -0.309029 -2.1881e-05 -0.951053
    outer loop
      vertex -2.64858 2.40436 -16.3553
      vertex -2.02254 1.46946 -16.5587
      vertex -2.37764 0.772542 -16.4433
    endloop
  endfacet
  facet normal -0.308997 0 -0.951063
    outer loop
      vertex -1.82247 1.66954 -16.6237
      vertex -2.64858 2.40436 -16.3553
      vertex -1.82247 2.40436 -16.6237
    endloop
  endfacet
  facet normal -0.308766 2.64237e-05 -0.951138
    outer loop
      vertex -2.5 0 -16.4036
      vertex -2.64858 2.40436 -16.3553
      vertex -2.37764 0.772542 -16.4433
    endloop
  endfacet
  facet normal -0.309153 -0 -0.951012
    outer loop
      vertex -2.64858 2.40436 -16.3553
      vertex -2.5 0 -16.4036
      vertex -2.64858 -2.40436 -16.3553
    endloop
  endfacet
  facet normal 0.0488892 -0.308627 -0.949926
    outer loop
      vertex -1.25395 -2.81741 -16.6237
      vertex -1.38816 -3.66478 -16.3553
      vertex -1.38816 -2.83867 -16.6237
    endloop
  endfacet
  facet normal -0.308626 0.0488823 -0.949926
    outer loop
      vertex -1.80121 2.53857 -16.6237
      vertex -2.64858 2.40436 -16.3553
      vertex -2.58689 2.79385 -16.3553
    endloop
  endfacet
  facet normal 0.707072 0.707142 0
    outer loop
      vertex 31.5003 1.61179 0.434311
      vertex 30.8936 2.21843 -0.434311
      vertex 30.8936 2.21843 0.434311
    endloop
  endfacet
  facet normal 0.707072 0.707142 0
    outer loop
      vertex 30.8936 2.21843 -0.434311
      vertex 31.5003 1.61179 0.434311
      vertex 31.5003 1.61179 -0.434311
    endloop
  endfacet
  facet normal 0.940457 -0.149054 0.30549
    outer loop
      vertex 32.024 0 0.434311
      vertex 31.6345 -0.76442 1.26042
      vertex 31.8897 -0.847365 0.434311
    endloop
  endfacet
  facet normal 0.574468 0.5745 -0.583041
    outer loop
      vertex 30.87 1.15391 -1.96315
      vertex 30.7358 2.00128 -1.26042
      vertex 31.2831 1.45401 -1.26042
    endloop
  endfacet
  facet normal 0.574501 0.574488 -0.58302
    outer loop
      vertex 30.7358 2.00128 -1.26042
      vertex 30.87 1.15391 -1.96315
      vertex 30.4357 1.58822 -1.96315
    endloop
  endfacet
  facet normal 0.848452 0.432204 0.305497
    outer loop
      vertex 31.8897 0.847365 0.434311
      vertex 31.5003 1.61179 0.434311
      vertex 31.6345 0.76442 1.26042
    endloop
  endfacet
  facet normal 0.72387 0.368868 0.583052
    outer loop
      vertex 31.2831 1.45401 1.26042
      vertex 30.87 1.15391 1.96315
      vertex 31.6345 0.76442 1.26042
    endloop
  endfacet
  facet normal 0.802438 0.127116 0.583039
    outer loop
      vertex 31.6345 0.76442 1.26042
      vertex 31.1489 0.606647 1.96315
      vertex 31.245 0 1.96315
    endloop
  endfacet
  facet normal 0.308626 0.0488822 0.949926
    outer loop
      vertex 3.97505 0.389491 16.3553
      vertex 3.18937 0.134209 16.6237
      vertex 4.03674 0 16.3553
    endloop
  endfacet
  facet normal 0.22095 0.220955 0.949926
    outer loop
      vertex 3.51717 1.0197 16.3553
      vertex 3.12768 0.255281 16.6237
      vertex 3.79602 0.740856 16.3553
    endloop
  endfacet
  facet normal 0.220959 0.22095 0.949925
    outer loop
      vertex 3.12768 0.255281 16.6237
      vertex 3.51717 1.0197 16.3553
      vertex 3.0316 0.351365 16.6237
    endloop
  endfacet
  facet normal 0.269025 0.52799 0.805514
    outer loop
      vertex -0.234246 3.99258 15.8447
      vertex -0.998667 3.60309 16.3553
      vertex -0.647302 3.42406 16.3553
    endloop
  endfacet
  facet normal 0.269027 0.527987 0.805515
    outer loop
      vertex -0.781511 4.27143 15.8447
      vertex -0.998667 3.60309 16.3553
      vertex -0.234246 3.99258 15.8447
    endloop
  endfacet
  facet normal 0.432286 -0.848369 0.305611
    outer loop
      vertex -13.0291 -27.5772 0.434311
      vertex -13.8765 -27.7114 1.26042
      vertex -13.7935 -27.9667 0.434311
    endloop
  endfacet
  facet normal 0.15481 -0.268141 0.95086
    outer loop
      vertex 2.37764 -0.772542 16.6114
      vertex 3.0316 -0.351365 16.6237
      vertex 2.38524 -0.724537 16.6237
    endloop
  endfacet
  facet normal 0.155307 -0.268905 0.950563
    outer loop
      vertex 3.0316 -0.351365 16.6237
      vertex 2.37764 -0.772542 16.6114
      vertex 3.51717 -1.0197 16.3553
    endloop
  endfacet
  facet normal 0.155286 -0.268981 0.950545
    outer loop
      vertex 2.02254 -1.46946 16.4722
      vertex 3.51717 -1.0197 16.3553
      vertex 2.37764 -0.772542 16.6114
    endloop
  endfacet
  facet normal 0.155253 -0.26886 0.950585
    outer loop
      vertex 1.46946 -2.02254 16.4061
      vertex 3.51717 -1.0197 16.3553
      vertex 2.02254 -1.46946 16.4722
    endloop
  endfacet
  facet normal 0.154934 -0.268462 0.950749
    outer loop
      vertex -0.647302 -3.42406 16.3553
      vertex 1.46946 -2.02254 16.4061
      vertex 0.772542 -2.37764 16.4194
    endloop
  endfacet
  facet normal 0.155386 -0.269135 0.950485
    outer loop
      vertex 1.46946 -2.02254 16.4061
      vertex -0.647302 -3.42406 16.3553
      vertex 3.51717 -1.0197 16.3553
    endloop
  endfacet
  facet normal 0.155305 -0.268954 0.950549
    outer loop
      vertex 0 -2.5 16.511
      vertex -0.647302 -3.42406 16.3553
      vertex 0.772542 -2.37764 16.4194
    endloop
  endfacet
  facet normal 0.155272 -0.268933 0.950561
    outer loop
      vertex -0.54142 -2.41425 16.6237
      vertex -0.647302 -3.42406 16.3553
      vertex 0 -2.5 16.511
    endloop
  endfacet
  facet normal 0.155264 -0.268932 0.950562
    outer loop
      vertex -0.647302 -3.42406 16.3553
      vertex -0.54142 -2.41425 16.6237
      vertex -1.13288 -2.75572 16.6237
    endloop
  endfacet
  facet normal 0.72387 -0.368868 0.583052
    outer loop
      vertex 31.6345 -0.76442 1.26042
      vertex 30.87 -1.15391 1.96315
      vertex 31.2831 -1.45401 1.26042
    endloop
  endfacet
  facet normal 0.723868 -0.368903 0.583031
    outer loop
      vertex 31.1489 -0.606647 1.96315
      vertex 30.87 -1.15391 1.96315
      vertex 31.6345 -0.76442 1.26042
    endloop
  endfacet
  facet normal 0.848452 -0.432204 -0.305497
    outer loop
      vertex 31.8897 -0.847365 -0.434311
      vertex 31.5003 -1.61179 -0.434311
      vertex 31.6345 -0.76442 -1.26042
    endloop
  endfacet
  facet normal 0.475783 -0.824079 -0.307449
    outer loop
      vertex 30.7358 -2.00128 -1.26042
      vertex -13.0291 -27.5772 -0.434311
      vertex -13.1869 -27.3601 -1.26042
    endloop
  endfacet
  facet normal 0.475775 -0.824067 -0.307494
    outer loop
      vertex -13.0291 -27.5772 -0.434311
      vertex 30.7358 -2.00128 -1.26042
      vertex 30.8936 -2.21843 -0.434311
    endloop
  endfacet
  facet normal 0.432215 -0.848436 -0.305527
    outer loop
      vertex -13.0291 -27.5772 -0.434311
      vertex -13.8765 -27.7114 -1.26042
      vertex -13.1869 -27.3601 -1.26042
    endloop
  endfacet
  facet normal 0.148935 -0.940441 0.305597
    outer loop
      vertex -13.8765 -27.7114 1.26042
      vertex -14.6409 -28.1009 0.434311
      vertex -13.7935 -27.9667 0.434311
    endloop
  endfacet
  facet normal 0.0488892 -0.308627 0.949926
    outer loop
      vertex -1.38816 -2.83867 16.6237
      vertex -1.38816 -3.66478 16.3553
      vertex -1.25395 -2.81741 16.6237
    endloop
  endfacet
  facet normal 0.475783 -0.824079 0.307449
    outer loop
      vertex -13.0291 -27.5772 0.434311
      vertex 30.7358 -2.00128 1.26042
      vertex -13.1869 -27.3601 1.26042
    endloop
  endfacet
  facet normal 0.475775 -0.824067 0.307494
    outer loop
      vertex 30.7358 -2.00128 1.26042
      vertex -13.0291 -27.5772 0.434311
      vertex 30.8936 -2.21843 0.434311
    endloop
  endfacet
  facet normal -0.940474 -0.14894 -0.305493
    outer loop
      vertex -17.2488 -26.2062 -0.434311
      vertex -17.383 -25.3588 -0.434311
      vertex -16.9936 -26.1232 -1.26042
    endloop
  endfacet
  facet normal -0.802497 0.127031 0.582976
    outer loop
      vertex -16.9936 26.1232 1.26042
      vertex -17.1146 25.3588 1.26042
      vertex -16.6041 25.3588 1.96315
    endloop
  endfacet
  facet normal -0.951063 0 0.308997
    outer loop
      vertex -17.383 -25.3588 0.434311
      vertex -17.1146 25.3588 1.26042
      vertex -17.383 25.3588 0.434311
    endloop
  endfacet
  facet normal -0.951063 0 0.308997
    outer loop
      vertex -17.1146 25.3588 1.26042
      vertex -17.383 -25.3588 0.434311
      vertex -17.1146 -25.3588 1.26042
    endloop
  endfacet
  facet normal -0.723871 0.368879 0.583042
    outer loop
      vertex -16.2291 26.5127 1.96315
      vertex -16.9936 26.1232 1.26042
      vertex -16.508 25.9654 1.96315
    endloop
  endfacet
  facet normal -0.454008 0.890998 0
    outer loop
      vertex -15.4883 27.9667 -0.434311
      vertex -16.2527 27.5772 0.434311
      vertex -15.4883 27.9667 0.434311
    endloop
  endfacet
  facet normal -0.454008 0.890998 0
    outer loop
      vertex -16.2527 27.5772 0.434311
      vertex -15.4883 27.9667 -0.434311
      vertex -16.2527 27.5772 -0.434311
    endloop
  endfacet
  facet normal -0.528019 -0.268968 0.805513
    outer loop
      vertex -15.8396 -25.7483 2.47371
      vertex -16.2291 -26.5127 1.96315
      vertex -15.6606 -26.0997 2.47371
    endloop
  endfacet
  facet normal -0.585282 -0.0927008 0.805513
    outer loop
      vertex -2.64858 -2.40436 16.3553
      vertex -3.35131 -2.40436 15.8447
      vertex -2.58689 -2.79385 16.3553
    endloop
  endfacet
  facet normal -0.210857 -0.413824 0.885601
    outer loop
      vertex -12.2791 -21.268 5.6005
      vertex -1.77765 -3.60309 16.3553
      vertex -2.12901 -3.42406 16.3553
    endloop
  endfacet
  facet normal -0.210752 -0.413884 0.885598
    outer loop
      vertex -1.77765 -3.60309 16.3553
      vertex -12.2791 -21.268 5.6005
      vertex -12.0729 -21.4349 5.57157
    endloop
  endfacet
  facet normal -0.210876 -0.413813 0.885601
    outer loop
      vertex -12.2791 -21.268 5.6005
      vertex -2.12901 -3.42406 16.3553
      vertex -12.4036 -21.2202 5.59319
    endloop
  endfacet
  facet normal -0.210895 -0.413808 0.8856
    outer loop
      vertex -13.7791 -23.866 4.02933
      vertex -15.0304 -26.5575 2.47371
      vertex -13.5314 -23.9611 4.04388
    endloop
  endfacet
  facet normal -0.210787 -0.413862 0.8856
    outer loop
      vertex -15.3818 -26.3785 2.47371
      vertex -13.7791 -23.866 4.02933
      vertex -13.8827 -23.7821 4.04388
    endloop
  endfacet
  facet normal -0.21081 -0.413848 0.885601
    outer loop
      vertex -13.7791 -23.866 4.02933
      vertex -15.3818 -26.3785 2.47371
      vertex -15.0304 -26.5575 2.47371
    endloop
  endfacet
  facet normal 0.141863 -0.278415 0.949926
    outer loop
      vertex -1.13288 -2.75572 16.6237
      vertex -1.25395 -2.81741 16.6237
      vertex -0.998667 -3.60309 16.3553
    endloop
  endfacet
  facet normal -0.141864 0.278415 0.949926
    outer loop
      vertex -1.52237 2.81741 16.6237
      vertex -1.77765 3.60309 16.3553
      vertex -1.64344 2.75572 16.6237
    endloop
  endfacet
  facet normal -0.156417 0.987691 0
    outer loop
      vertex -14.6409 28.1009 -0.434311
      vertex -15.4883 27.9667 0.434311
      vertex -14.6409 28.1009 0.434311
    endloop
  endfacet
  facet normal -0.156417 0.987691 0
    outer loop
      vertex -15.4883 27.9667 0.434311
      vertex -14.6409 28.1009 -0.434311
      vertex -15.4883 27.9667 -0.434311
    endloop
  endfacet
  facet normal -0.127125 0.802433 -0.583044
    outer loop
      vertex -14.6409 27.3219 -1.96315
      vertex -15.4053 27.7114 -1.26042
      vertex -14.6409 27.8325 -1.26042
    endloop
  endfacet
  facet normal -0.368783 0.723919 -0.583044
    outer loop
      vertex -15.7948 26.947 -1.96315
      vertex -16.0949 27.3601 -1.26042
      vertex -15.4053 27.7114 -1.26042
    endloop
  endfacet
  facet normal -0.368783 0.723919 0.583044
    outer loop
      vertex -15.4053 27.7114 1.26042
      vertex -16.0949 27.3601 1.26042
      vertex -15.7948 26.947 1.96315
    endloop
  endfacet
  facet normal 0.0926197 0.585241 0.805552
    outer loop
      vertex -14.0343 27.2259 1.96315
      vertex -14.6409 27.3219 1.96315
      vertex -14.2514 26.5575 2.47371
    endloop
  endfacet
  facet normal -0.527936 -0.269032 -0.805546
    outer loop
      vertex -16.2291 -26.5127 -1.96315
      vertex -16.508 -25.9654 -1.96315
      vertex -15.8396 -25.7483 -2.47371
    endloop
  endfacet
  facet normal -0.723871 -0.368879 -0.583042
    outer loop
      vertex -16.2291 -26.5127 -1.96315
      vertex -16.9936 -26.1232 -1.26042
      vertex -16.508 -25.9654 -1.96315
    endloop
  endfacet
  facet normal -0.848385 -0.432312 0.305532
    outer loop
      vertex -16.6422 -26.8128 1.26042
      vertex -16.9936 -26.1232 1.26042
      vertex -16.8593 -26.9706 0.434311
    endloop
  endfacet
  facet normal -0.940474 0.14894 -0.305493
    outer loop
      vertex -16.9936 26.1232 -1.26042
      vertex -17.383 25.3588 -0.434311
      vertex -17.2488 26.2062 -0.434311
    endloop
  endfacet
  facet normal 0.987672 -0.156537 0
    outer loop
      vertex 31.8897 -0.847365 0.434311
      vertex 32.024 0 -0.434311
      vertex 32.024 0 0.434311
    endloop
  endfacet
  facet normal 0.987672 -0.156537 0
    outer loop
      vertex 32.024 0 -0.434311
      vertex 31.8897 -0.847365 0.434311
      vertex 31.8897 -0.847365 -0.434311
    endloop
  endfacet
  facet normal 0.673259 -0.673296 -0.305607
    outer loop
      vertex 31.5003 -1.61179 -0.434311
      vertex 30.7358 -2.00128 -1.26042
      vertex 31.2831 -1.45401 -1.26042
    endloop
  endfacet
  facet normal 0.673248 -0.673315 -0.305588
    outer loop
      vertex 30.7358 -2.00128 -1.26042
      vertex 31.5003 -1.61179 -0.434311
      vertex 30.8936 -2.21843 -0.434311
    endloop
  endfacet
  facet normal 0.574468 -0.5745 -0.583041
    outer loop
      vertex 30.7358 -2.00128 -1.26042
      vertex 30.87 -1.15391 -1.96315
      vertex 31.2831 -1.45401 -1.26042
    endloop
  endfacet
  facet normal 0.574501 -0.574488 -0.58302
    outer loop
      vertex 30.87 -1.15391 -1.96315
      vertex 30.7358 -2.00128 -1.26042
      vertex 30.4357 -1.58822 -1.96315
    endloop
  endfacet
  facet normal 0.156417 -0.987691 0
    outer loop
      vertex -14.6409 -28.1009 -0.434311
      vertex -13.7935 -27.9667 0.434311
      vertex -14.6409 -28.1009 0.434311
    endloop
  endfacet
  facet normal 0.156417 -0.987691 0
    outer loop
      vertex -13.7935 -27.9667 0.434311
      vertex -14.6409 -28.1009 -0.434311
      vertex -13.7935 -27.9667 -0.434311
    endloop
  endfacet
  facet normal 0.148935 -0.940441 -0.305597
    outer loop
      vertex -13.7935 -27.9667 -0.434311
      vertex -14.6409 -28.1009 -0.434311
      vertex -13.8765 -27.7114 -1.26042
    endloop
  endfacet
  facet normal -0.14899 -0.940448 -0.305548
    outer loop
      vertex -14.6409 -28.1009 -0.434311
      vertex -15.4053 -27.7114 -1.26042
      vertex -14.6409 -27.8325 -1.26042
    endloop
  endfacet
  facet normal -0.848396 -0.4323 -0.305518
    outer loop
      vertex -16.8593 -26.9706 -0.434311
      vertex -17.2488 -26.2062 -0.434311
      vertex -16.9936 -26.1232 -1.26042
    endloop
  endfacet
  facet normal 0.405273 0.701953 0.585675
    outer loop
      vertex -13.1869 27.3601 1.26042
      vertex 30.4357 1.58822 1.96315
      vertex 30.7358 2.00128 1.26042
    endloop
  endfacet
  facet normal 0.405264 0.701937 0.585701
    outer loop
      vertex 30.4357 1.58822 1.96315
      vertex -13.1869 27.3601 1.26042
      vertex -13.487 26.947 1.96315
    endloop
  endfacet
  facet normal -0.308626 -0.0488823 -0.949926
    outer loop
      vertex -2.58689 -2.79385 -16.3553
      vertex -2.64858 -2.40436 -16.3553
      vertex -1.80121 -2.53857 -16.6237
    endloop
  endfacet
  facet normal 0.278416 -0.141862 -0.949926
    outer loop
      vertex 3.97505 -0.389491 -16.3553
      vertex 3.12768 -0.255281 -16.6237
      vertex 3.18937 -0.134209 -16.6237
    endloop
  endfacet
  facet normal 0.527994 0.268982 -0.805525
    outer loop
      vertex 30.4805 0.389491 -2.47371
      vertex 30.3015 0.740856 -2.47371
      vertex 30.87 1.15391 -1.96315
    endloop
  endfacet
  facet normal 0.308626 0.0488822 -0.949926
    outer loop
      vertex 4.03674 0 -16.3553
      vertex 3.18937 0.134209 -16.6237
      vertex 3.97505 0.389491 -16.3553
    endloop
  endfacet
  facet normal 0.585213 -0.0927048 -0.805563
    outer loop
      vertex 31.245 0 -1.96315
      vertex 30.4805 -0.389491 -2.47371
      vertex 30.5422 0 -2.47371
    endloop
  endfacet
  facet normal 0.527918 0.269041 -0.805555
    outer loop
      vertex 31.1489 0.606647 -1.96315
      vertex 30.4805 0.389491 -2.47371
      vertex 30.87 1.15391 -1.96315
    endloop
  endfacet
  facet normal 0.723868 0.368903 -0.583031
    outer loop
      vertex 31.1489 0.606647 -1.96315
      vertex 30.87 1.15391 -1.96315
      vertex 31.6345 0.76442 -1.26042
    endloop
  endfacet
  facet normal -0.0488892 0.308627 -0.949926
    outer loop
      vertex -1.38816 2.83867 -16.6237
      vertex -1.52237 2.81741 -16.6237
      vertex -1.38816 3.66478 -16.3553
    endloop
  endfacet
  facet normal 0.269025 0.52799 -0.805514
    outer loop
      vertex -0.647302 3.42406 -16.3553
      vertex -0.998667 3.60309 -16.3553
      vertex -0.234246 3.99258 -15.8447
    endloop
  endfacet
  facet normal -0.308627 0.0488892 -0.949926
    outer loop
      vertex -1.82247 2.40436 -16.6237
      vertex -2.64858 2.40436 -16.3553
      vertex -1.80121 2.53857 -16.6237
    endloop
  endfacet
  facet normal 0.0488892 0.308627 -0.949926
    outer loop
      vertex -1.25395 2.81741 -16.6237
      vertex -1.38816 2.83867 -16.6237
      vertex -1.38816 3.66478 -16.3553
    endloop
  endfacet
  facet normal 0 0 -1
    outer loop
      vertex -0.772542 2.37764 -16.6237
      vertex -1.13288 2.75572 -16.6237
      vertex -0.54142 2.41425 -16.6237
    endloop
  endfacet
  facet normal 0 0 -1
    outer loop
      vertex -1.46946 2.02254 -16.6237
      vertex -1.13288 2.75572 -16.6237
      vertex -0.772542 2.37764 -16.6237
    endloop
  endfacet
  facet normal -0 0 -1
    outer loop
      vertex -1.13288 2.75572 -16.6237
      vertex -1.46946 2.02254 -16.6237
      vertex -1.25395 2.81741 -16.6237
    endloop
  endfacet
  facet normal -0 0 -1
    outer loop
      vertex -1.25395 2.81741 -16.6237
      vertex -1.46946 2.02254 -16.6237
      vertex -1.38816 2.83867 -16.6237
    endloop
  endfacet
  facet normal 0 0 -1
    outer loop
      vertex -1.46946 2.02254 -16.6237
      vertex -1.52237 2.81741 -16.6237
      vertex -1.38816 2.83867 -16.6237
    endloop
  endfacet
  facet normal 0 0 -1
    outer loop
      vertex -1.46946 2.02254 -16.6237
      vertex -1.64344 2.75572 -16.6237
      vertex -1.52237 2.81741 -16.6237
    endloop
  endfacet
  facet normal 0 0 -1
    outer loop
      vertex -1.46946 2.02254 -16.6237
      vertex -1.73952 2.65964 -16.6237
      vertex -1.64344 2.75572 -16.6237
    endloop
  endfacet
  facet normal 0 0 -1
    outer loop
      vertex -1.46946 2.02254 -16.6237
      vertex -1.80121 2.53857 -16.6237
      vertex -1.73952 2.65964 -16.6237
    endloop
  endfacet
  facet normal 0 0 -1
    outer loop
      vertex -1.82247 2.40436 -16.6237
      vertex -1.46946 2.02254 -16.6237
      vertex -1.82247 1.66954 -16.6237
    endloop
  endfacet
  facet normal 0 0 -1
    outer loop
      vertex -1.46946 2.02254 -16.6237
      vertex -1.82247 2.40436 -16.6237
      vertex -1.80121 2.53857 -16.6237
    endloop
  endfacet
  facet normal 0 0 -1
    outer loop
      vertex -1.13288 -2.75572 -16.6237
      vertex -0.772542 -2.37764 -16.6237
      vertex -0.54142 -2.41425 -16.6237
    endloop
  endfacet
  facet normal 0 0 -1
    outer loop
      vertex -1.46946 -2.02254 -16.6237
      vertex -1.13288 -2.75572 -16.6237
      vertex -1.25395 -2.81741 -16.6237
    endloop
  endfacet
  facet normal 0 0 -1
    outer loop
      vertex -1.46946 -2.02254 -16.6237
      vertex -1.25395 -2.81741 -16.6237
      vertex -1.38816 -2.83867 -16.6237
    endloop
  endfacet
  facet normal 0 0 -1
    outer loop
      vertex -1.13288 -2.75572 -16.6237
      vertex -1.46946 -2.02254 -16.6237
      vertex -0.772542 -2.37764 -16.6237
    endloop
  endfacet
  facet normal 0 0 -1
    outer loop
      vertex -1.52237 -2.81741 -16.6237
      vertex -1.46946 -2.02254 -16.6237
      vertex -1.38816 -2.83867 -16.6237
    endloop
  endfacet
  facet normal 0 0 -1
    outer loop
      vertex -1.64344 -2.75572 -16.6237
      vertex -1.46946 -2.02254 -16.6237
      vertex -1.52237 -2.81741 -16.6237
    endloop
  endfacet
  facet normal 0 0 -1
    outer loop
      vertex -1.73952 -2.65964 -16.6237
      vertex -1.46946 -2.02254 -16.6237
      vertex -1.64344 -2.75572 -16.6237
    endloop
  endfacet
  facet normal 0 0 -1
    outer loop
      vertex -1.80121 -2.53857 -16.6237
      vertex -1.46946 -2.02254 -16.6237
      vertex -1.73952 -2.65964 -16.6237
    endloop
  endfacet
  facet normal 0 0 -1
    outer loop
      vertex -1.82247 -2.40436 -16.6237
      vertex -1.46946 -2.02254 -16.6237
      vertex -1.80121 -2.53857 -16.6237
    endloop
  endfacet
  facet normal -0 0 -1
    outer loop
      vertex -1.46946 -2.02254 -16.6237
      vertex -1.82247 -2.40436 -16.6237
      vertex -1.82247 -1.66954 -16.6237
    endloop
  endfacet
  facet normal 0 0 -1
    outer loop
      vertex 2.5 0 -16.6237
      vertex 3.21063 0 -16.6237
      vertex 3.18937 -0.134209 -16.6237
    endloop
  endfacet
  facet normal 0 0 -1
    outer loop
      vertex 2.5 0 -16.6237
      vertex 3.18937 -0.134209 -16.6237
      vertex 3.12768 -0.255281 -16.6237
    endloop
  endfacet
  facet normal 0 0 -1
    outer loop
      vertex 3.21063 0 -16.6237
      vertex 2.5 0 -16.6237
      vertex 3.18937 0.134209 -16.6237
    endloop
  endfacet
  facet normal 0 0 -1
    outer loop
      vertex 2.5 0 -16.6237
      vertex 3.12768 -0.255281 -16.6237
      vertex 3.0316 -0.351365 -16.6237
    endloop
  endfacet
  facet normal -0 0 -1
    outer loop
      vertex 3.18937 0.134209 -16.6237
      vertex 2.5 0 -16.6237
      vertex 3.12768 0.255281 -16.6237
    endloop
  endfacet
  facet normal -0 0 -1
    outer loop
      vertex 3.12768 0.255281 -16.6237
      vertex 2.5 0 -16.6237
      vertex 3.0316 0.351365 -16.6237
    endloop
  endfacet
  facet normal 0 -0 -1
    outer loop
      vertex 2.5 0 -16.6237
      vertex 3.0316 -0.351365 -16.6237
      vertex 2.38524 -0.724537 -16.6237
    endloop
  endfacet
  facet normal -0 0 -1
    outer loop
      vertex 3.0316 0.351365 -16.6237
      vertex 2.5 0 -16.6237
      vertex 2.38524 0.724537 -16.6237
    endloop
  endfacet
  facet normal 0.0488819 0.308626 -0.949926
    outer loop
      vertex -1.25395 2.81741 -16.6237
      vertex -1.38816 3.66478 -16.3553
      vertex -0.998667 3.60309 -16.3553
    endloop
  endfacet
  facet normal 0.673248 0.673315 0.305588
    outer loop
      vertex 30.7358 2.00128 1.26042
      vertex 31.5003 1.61179 0.434311
      vertex 30.8936 2.21843 0.434311
    endloop
  endfacet
  facet normal 0.673259 0.673296 0.305607
    outer loop
      vertex 31.5003 1.61179 0.434311
      vertex 30.7358 2.00128 1.26042
      vertex 31.2831 1.45401 1.26042
    endloop
  endfacet
  facet normal 0.848358 0.432305 -0.305616
    outer loop
      vertex 31.6345 0.76442 -1.26042
      vertex 31.2831 1.45401 -1.26042
      vertex 31.5003 1.61179 -0.434311
    endloop
  endfacet
  facet normal 0.527918 0.269041 0.805555
    outer loop
      vertex 30.87 1.15391 1.96315
      vertex 30.4805 0.389491 2.47371
      vertex 31.1489 0.606647 1.96315
    endloop
  endfacet
  facet normal 0.585213 0.0927047 0.805563
    outer loop
      vertex 31.1489 0.606647 1.96315
      vertex 30.4805 0.389491 2.47371
      vertex 31.245 0 1.96315
    endloop
  endfacet
  facet normal -0.278416 -0.141859 0.949927
    outer loop
      vertex -1.73952 -2.65964 16.6237
      vertex -2.58689 -2.79385 16.3553
      vertex -2.40786 -3.14522 16.3553
    endloop
  endfacet
  facet normal 0.294962 -0.51089 0.807458
    outer loop
      vertex 3.51717 -1.0197 16.3553
      vertex -0.234246 -3.99258 15.8447
      vertex 3.93023 -1.58822 15.8447
    endloop
  endfacet
  facet normal 0.294963 -0.510891 0.807457
    outer loop
      vertex -0.234246 -3.99258 15.8447
      vertex 3.51717 -1.0197 16.3553
      vertex -0.647302 -3.42406 16.3553
    endloop
  endfacet
  facet normal -0.0488892 -0.308627 0.949926
    outer loop
      vertex -1.38816 -2.83867 16.6237
      vertex -1.52237 -2.81741 16.6237
      vertex -1.38816 -3.66478 16.3553
    endloop
  endfacet
  facet normal -0.0488823 -0.308626 0.949926
    outer loop
      vertex -1.52237 -2.81741 16.6237
      vertex -1.77765 -3.60309 16.3553
      vertex -1.38816 -3.66478 16.3553
    endloop
  endfacet
  facet normal 0.419016 -0.419016 0.805513
    outer loop
      vertex 3.79602 -0.740856 16.3553
      vertex 3.93023 -1.58822 15.8447
      vertex 4.36454 -1.15391 15.8447
    endloop
  endfacet
  facet normal 0.419009 -0.419018 0.805515
    outer loop
      vertex 3.93023 -1.58822 15.8447
      vertex 3.79602 -0.740856 16.3553
      vertex 3.51717 -1.0197 16.3553
    endloop
  endfacet
  facet normal 0.940433 -0.148861 0.305657
    outer loop
      vertex 31.7555 0 1.26042
      vertex 31.6345 -0.76442 1.26042
      vertex 32.024 0 0.434311
    endloop
  endfacet
  facet normal 0.802498 -0.127027 0.582976
    outer loop
      vertex 31.7555 0 1.26042
      vertex 31.245 0 1.96315
      vertex 31.6345 -0.76442 1.26042
    endloop
  endfacet
  facet normal -0.0926037 -0.585236 0.805558
    outer loop
      vertex -15.0304 -26.5575 2.47371
      vertex -15.2476 -27.2259 1.96315
      vertex -14.6409 -27.3219 1.96315
    endloop
  endfacet
  facet normal -0.890998 -0.454008 0
    outer loop
      vertex -16.8593 -26.9706 -0.434311
      vertex -17.2488 -26.2062 0.434311
      vertex -17.2488 -26.2062 -0.434311
    endloop
  endfacet
  facet normal -0.890998 -0.454008 0
    outer loop
      vertex -17.2488 -26.2062 0.434311
      vertex -16.8593 -26.9706 -0.434311
      vertex -16.8593 -26.9706 0.434311
    endloop
  endfacet
  facet normal -0.527936 0.269032 0.805546
    outer loop
      vertex -16.2291 26.5127 1.96315
      vertex -16.508 25.9654 1.96315
      vertex -15.8396 25.7483 2.47371
    endloop
  endfacet
  facet normal -0.802434 0.127125 0.583043
    outer loop
      vertex -16.508 25.9654 1.96315
      vertex -16.9936 26.1232 1.26042
      vertex -16.6041 25.3588 1.96315
    endloop
  endfacet
  facet normal -0.631802 0.100063 0.768644
    outer loop
      vertex -13.824 21.3167 4.77443
      vertex -3.35131 2.40436 15.8447
      vertex -3.25523 3.01101 15.8447
    endloop
  endfacet
  facet normal -0.63151 0.100344 0.768847
    outer loop
      vertex -14.0328 21.4523 4.58523
      vertex -3.35131 2.40436 15.8447
      vertex -13.824 21.3167 4.77443
    endloop
  endfacet
  facet normal -0.632 0.0998679 0.768507
    outer loop
      vertex -14.3281 21.817 4.29499
      vertex -3.35131 2.40436 15.8447
      vertex -14.0328 21.4523 4.58523
    endloop
  endfacet
  facet normal -0.631773 0.100088 0.768665
    outer loop
      vertex -16.6041 25.3588 1.96315
      vertex -14.5093 22.5037 4.05665
      vertex -16.508 25.9654 1.96315
    endloop
  endfacet
  facet normal -0.631759 0.100106 0.768674
    outer loop
      vertex -14.5093 22.5037 4.05665
      vertex -16.6041 25.3588 1.96315
      vertex -14.4963 22.2551 4.09971
    endloop
  endfacet
  facet normal -0.631746 0.100117 0.768683
    outer loop
      vertex -14.3281 21.817 4.29499
      vertex -16.6041 25.3588 1.96315
      vertex -3.35131 2.40436 15.8447
    endloop
  endfacet
  facet normal -0.631815 0.100041 0.768636
    outer loop
      vertex -14.4963 22.2551 4.09971
      vertex -16.6041 25.3588 1.96315
      vertex -14.3281 21.817 4.29499
    endloop
  endfacet
  facet normal -0.58528 0.0926955 0.805515
    outer loop
      vertex -3.25523 3.01101 15.8447
      vertex -3.35131 2.40436 15.8447
      vertex -2.58689 2.79385 16.3553
    endloop
  endfacet
  facet normal -0.0927112 -0.585268 0.805522
    outer loop
      vertex -14.6409 -26.6192 2.47371
      vertex -15.0304 -26.5575 2.47371
      vertex -14.6409 -27.3219 1.96315
    endloop
  endfacet
  facet normal -0.308997 0 0.951063
    outer loop
      vertex -2.64858 2.40436 16.3553
      vertex -1.82247 1.66954 16.6237
      vertex -1.82247 2.40436 16.6237
    endloop
  endfacet
  facet normal -0.308993 4.98824e-06 0.951064
    outer loop
      vertex -1.82247 1.66954 16.6237
      vertex -2.64858 2.40436 16.3553
      vertex -2.02254 1.46946 16.5587
    endloop
  endfacet
  facet normal -0.308766 2.64237e-05 0.951138
    outer loop
      vertex -2.37764 0.772542 16.4433
      vertex -2.64858 2.40436 16.3553
      vertex -2.5 0 16.4036
    endloop
  endfacet
  facet normal -0.309029 -2.1881e-05 0.951053
    outer loop
      vertex -2.02254 1.46946 16.5587
      vertex -2.64858 2.40436 16.3553
      vertex -2.37764 0.772542 16.4433
    endloop
  endfacet
  facet normal -0.308993 -4.98824e-06 0.951064
    outer loop
      vertex -2.64858 -2.40436 16.3553
      vertex -1.82247 -1.66954 16.6237
      vertex -2.02254 -1.46946 16.5587
    endloop
  endfacet
  facet normal -0.309029 2.1881e-05 0.951053
    outer loop
      vertex -2.64858 -2.40436 16.3553
      vertex -2.02254 -1.46946 16.5587
      vertex -2.37764 -0.772542 16.4433
    endloop
  endfacet
  facet normal -0.308997 0 0.951063
    outer loop
      vertex -1.82247 -1.66954 16.6237
      vertex -2.64858 -2.40436 16.3553
      vertex -1.82247 -2.40436 16.6237
    endloop
  endfacet
  facet normal -0.308766 -2.64237e-05 0.951138
    outer loop
      vertex -2.5 0 16.4036
      vertex -2.64858 -2.40436 16.3553
      vertex -2.37764 -0.772542 16.4433
    endloop
  endfacet
  facet normal -0.309153 0 0.951012
    outer loop
      vertex -2.64858 -2.40436 16.3553
      vertex -2.5 0 16.4036
      vertex -2.64858 2.40436 16.3553
    endloop
  endfacet
  facet normal -0.308627 0.0488892 0.949926
    outer loop
      vertex -1.80121 2.53857 16.6237
      vertex -2.64858 2.40436 16.3553
      vertex -1.82247 2.40436 16.6237
    endloop
  endfacet
  facet normal -0.587813 0 0.808997
    outer loop
      vertex -3.35131 2.40436 15.8447
      vertex -2.64858 -2.40436 16.3553
      vertex -2.64858 2.40436 16.3553
    endloop
  endfacet
  facet normal -0.587813 0 0.808997
    outer loop
      vertex -2.64858 -2.40436 16.3553
      vertex -3.35131 2.40436 15.8447
      vertex -3.35131 -2.40436 15.8447
    endloop
  endfacet
  facet normal -0.220953 0.220953 0.949926
    outer loop
      vertex -2.12901 3.42406 16.3553
      vertex -1.73952 2.65964 16.6237
      vertex -1.64344 2.75572 16.6237
    endloop
  endfacet
  facet normal -0.220948 0.220956 0.949927
    outer loop
      vertex -1.73952 2.65964 16.6237
      vertex -2.12901 3.42406 16.3553
      vertex -2.40786 3.14522 16.3553
    endloop
  endfacet
  facet normal -0.220953 -0.220953 0.949926
    outer loop
      vertex -1.73952 -2.65964 16.6237
      vertex -2.12901 -3.42406 16.3553
      vertex -1.64344 -2.75572 16.6237
    endloop
  endfacet
  facet normal -0.220948 -0.220956 0.949927
    outer loop
      vertex -2.12901 -3.42406 16.3553
      vertex -1.73952 -2.65964 16.6237
      vertex -2.40786 -3.14522 16.3553
    endloop
  endfacet
  facet normal -0.527936 -0.269032 0.805546
    outer loop
      vertex -15.8396 -25.7483 2.47371
      vertex -16.508 -25.9654 1.96315
      vertex -16.2291 -26.5127 1.96315
    endloop
  endfacet
  facet normal 0.127005 0.802514 -0.582958
    outer loop
      vertex -14.0343 27.2259 -1.96315
      vertex -14.6409 27.3219 -1.96315
      vertex -13.8765 27.7114 -1.26042
    endloop
  endfacet
  facet normal 0.0926197 0.585241 -0.805552
    outer loop
      vertex -14.2514 26.5575 -2.47371
      vertex -14.6409 27.3219 -1.96315
      vertex -14.0343 27.2259 -1.96315
    endloop
  endfacet
  facet normal -0.723872 0.368864 -0.583051
    outer loop
      vertex -16.2291 26.5127 -1.96315
      vertex -16.9936 26.1232 -1.26042
      vertex -16.6422 26.8128 -1.26042
    endloop
  endfacet
  facet normal -0.432215 0.848436 -0.305527
    outer loop
      vertex -16.0949 27.3601 -1.26042
      vertex -16.2527 27.5772 -0.434311
      vertex -15.4053 27.7114 -1.26042
    endloop
  endfacet
  facet normal 0.0927112 0.585268 0.805522
    outer loop
      vertex -14.6409 27.3219 1.96315
      vertex -14.6409 26.6192 2.47371
      vertex -14.2514 26.5575 2.47371
    endloop
  endfacet
  facet normal -0.432286 0.848369 0.305611
    outer loop
      vertex -15.4883 27.9667 0.434311
      vertex -16.2527 27.5772 0.434311
      vertex -15.4053 27.7114 1.26042
    endloop
  endfacet
  facet normal -0.269062 0.527898 -0.805561
    outer loop
      vertex -15.0304 26.5575 -2.47371
      vertex -15.7948 26.947 -1.96315
      vertex -15.2476 27.2259 -1.96315
    endloop
  endfacet
  facet normal -0.368968 0.723913 -0.582935
    outer loop
      vertex -15.2476 27.2259 -1.96315
      vertex -15.7948 26.947 -1.96315
      vertex -15.4053 27.7114 -1.26042
    endloop
  endfacet
  facet normal -0.565035 -0.162922 -0.808821
    outer loop
      vertex -14.3994 -23.1771 -3.99774
      vertex -15.8396 -25.7483 -2.47371
      vertex -14.5208 -22.7238 -4.00424
    endloop
  endfacet
  facet normal -0.565234 -0.162749 -0.808717
    outer loop
      vertex -15.8396 -25.7483 -2.47371
      vertex -14.3994 -23.1771 -3.99774
      vertex -14.376 -23.2132 -4.00683
    endloop
  endfacet
  facet normal -0.564925 -0.163001 -0.808883
    outer loop
      vertex -16.508 -25.9654 -1.96315
      vertex -14.5208 -22.7238 -4.00424
      vertex -15.8396 -25.7483 -2.47371
    endloop
  endfacet
  facet normal -0.564803 -0.163115 -0.808945
    outer loop
      vertex -14.5208 -22.7238 -4.00424
      vertex -16.508 -25.9654 -1.96315
      vertex -14.5093 -22.5037 -4.05665
    endloop
  endfacet
  facet normal -0.564998 -0.162943 -0.808843
    outer loop
      vertex -13.1429 -21.0775 -5.29837
      vertex -3.25523 -3.01101 -15.8447
      vertex -2.58689 -2.79385 -16.3553
    endloop
  endfacet
  facet normal -0.564285 -0.163552 -0.809217
    outer loop
      vertex -13.1859 -21.0752 -5.26885
      vertex -3.25523 -3.01101 -15.8447
      vertex -13.1429 -21.0775 -5.29837
    endloop
  endfacet
  facet normal -0.564971 -0.162964 -0.808858
    outer loop
      vertex -13.6392 -21.1967 -4.92775
      vertex -3.25523 -3.01101 -15.8447
      vertex -13.1859 -21.0752 -5.26885
    endloop
  endfacet
  facet normal -0.565297 -0.162676 -0.808688
    outer loop
      vertex -3.25523 -3.01101 -15.8447
      vertex -13.6392 -21.1967 -4.92775
      vertex -13.824 -21.3167 -4.77443
    endloop
  endfacet
  facet normal -0.987691 -0.156417 0
    outer loop
      vertex -17.2488 -26.2062 -0.434311
      vertex -17.383 -25.3588 0.434311
      vertex -17.383 -25.3588 -0.434311
    endloop
  endfacet
  facet normal -0.987691 -0.156417 0
    outer loop
      vertex -17.383 -25.3588 0.434311
      vertex -17.2488 -26.2062 -0.434311
      vertex -17.2488 -26.2062 0.434311
    endloop
  endfacet
  facet normal -0.940474 -0.14894 0.305493
    outer loop
      vertex -16.9936 -26.1232 1.26042
      vertex -17.383 -25.3588 0.434311
      vertex -17.2488 -26.2062 0.434311
    endloop
  endfacet
  facet normal -0.723871 0.368879 -0.583042
    outer loop
      vertex -16.508 25.9654 -1.96315
      vertex -16.9936 26.1232 -1.26042
      vertex -16.2291 26.5127 -1.96315
    endloop
  endfacet
  facet normal -0.802434 0.127125 -0.583043
    outer loop
      vertex -16.6041 25.3588 -1.96315
      vertex -16.9936 26.1232 -1.26042
      vertex -16.508 25.9654 -1.96315
    endloop
  endfacet
  facet normal -0.848396 0.4323 -0.305518
    outer loop
      vertex -16.9936 26.1232 -1.26042
      vertex -17.2488 26.2062 -0.434311
      vertex -16.8593 26.9706 -0.434311
    endloop
  endfacet
  facet normal -0.890998 0.454008 0
    outer loop
      vertex -17.2488 26.2062 -0.434311
      vertex -16.8593 26.9706 0.434311
      vertex -16.8593 26.9706 -0.434311
    endloop
  endfacet
  facet normal -0.890998 0.454008 0
    outer loop
      vertex -16.8593 26.9706 0.434311
      vertex -17.2488 26.2062 -0.434311
      vertex -17.2488 26.2062 0.434311
    endloop
  endfacet
  facet normal -0.419015 -0.419015 0.805514
    outer loop
      vertex -15.6606 -26.0997 2.47371
      vertex -15.7948 -26.947 1.96315
      vertex -15.3818 -26.3785 2.47371
    endloop
  endfacet
  facet normal -0.419015 -0.419015 0.805514
    outer loop
      vertex -15.7948 -26.947 1.96315
      vertex -15.6606 -26.0997 2.47371
      vertex -16.2291 -26.5127 1.96315
    endloop
  endfacet
  facet normal -0.148935 -0.940441 0.305597
    outer loop
      vertex -15.4053 -27.7114 1.26042
      vertex -15.4883 -27.9667 0.434311
      vertex -14.6409 -28.1009 0.434311
    endloop
  endfacet
  facet normal -0.368783 -0.723919 -0.583044
    outer loop
      vertex -15.4053 -27.7114 -1.26042
      vertex -16.0949 -27.3601 -1.26042
      vertex -15.7948 -26.947 -1.96315
    endloop
  endfacet
  facet normal -0.454008 -0.890998 0
    outer loop
      vertex -16.2527 -27.5772 -0.434311
      vertex -15.4883 -27.9667 0.434311
      vertex -16.2527 -27.5772 0.434311
    endloop
  endfacet
  facet normal -0.454008 -0.890998 -0
    outer loop
      vertex -15.4883 -27.9667 0.434311
      vertex -16.2527 -27.5772 -0.434311
      vertex -15.4883 -27.9667 -0.434311
    endloop
  endfacet
  facet normal 0.308627 -0.0488895 -0.949926
    outer loop
      vertex 4.03674 0 -16.3553
      vertex 3.18937 -0.134209 -16.6237
      vertex 3.21063 0 -16.6237
    endloop
  endfacet
  facet normal 0.308626 -0.0488822 -0.949926
    outer loop
      vertex 3.97505 -0.389491 -16.3553
      vertex 3.18937 -0.134209 -16.6237
      vertex 4.03674 0 -16.3553
    endloop
  endfacet
  facet normal 0.451509 -0.230017 -0.862109
    outer loop
      vertex 30.3015 -0.740856 -2.47371
      vertex 27.4964 -0.389491 -4.03656
      vertex 30.4805 -0.389491 -2.47371
    endloop
  endfacet
  facet normal 0.451544 -0.22985 -0.862135
    outer loop
      vertex 30.3015 -0.740856 -2.47371
      vertex 27.4847 -0.463525 -4.02295
      vertex 27.4964 -0.389491 -4.03656
    endloop
  endfacet
  facet normal 0.451507 -0.230043 -0.862103
    outer loop
      vertex 27.4847 -0.463525 -4.02295
      vertex 30.3015 -0.740856 -2.47371
      vertex 27.3434 -0.740856 -4.02295
    endloop
  endfacet
  facet normal 0.451485 -0.230233 -0.862064
    outer loop
      vertex 24.6315 -0.463525 -5.51722
      vertex 3.97505 -0.389491 -16.3553
      vertex 24.6198 -0.389491 -5.54312
    endloop
  endfacet
  facet normal 0.451522 -0.229902 -0.862133
    outer loop
      vertex 24.7729 -0.740856 -5.36921
      vertex 3.97505 -0.389491 -16.3553
      vertex 24.6315 -0.463525 -5.51722
    endloop
  endfacet
  facet normal 0.451503 -0.230053 -0.862102
    outer loop
      vertex 3.97505 -0.389491 -16.3553
      vertex 24.7729 -0.740856 -5.36921
      vertex 3.79602 -0.740856 -16.3553
    endloop
  endfacet
  facet normal -0.141864 0.278415 -0.949926
    outer loop
      vertex -1.64344 2.75572 -16.6237
      vertex -1.77765 3.60309 -16.3553
      vertex -1.52237 2.81741 -16.6237
    endloop
  endfacet
  facet normal -0.0488892 0.308627 0.949926
    outer loop
      vertex -1.38816 3.66478 16.3553
      vertex -1.52237 2.81741 16.6237
      vertex -1.38816 2.83867 16.6237
    endloop
  endfacet
  facet normal -0.471947 -0.240466 0.848199
    outer loop
      vertex -13.1429 -21.0775 5.29837
      vertex -2.40786 -3.14522 16.3553
      vertex -2.58689 -2.79385 16.3553
    endloop
  endfacet
  facet normal -0.472011 -0.240415 0.848178
    outer loop
      vertex -2.40786 -3.14522 16.3553
      vertex -13.1429 -21.0775 5.29837
      vertex -12.7723 -21.0969 5.49911
    endloop
  endfacet
  facet normal -0.471897 -0.24052 0.848212
    outer loop
      vertex -15.8396 -25.7483 2.47371
      vertex -14.1738 -23.5245 4.03105
      vertex -14.376 -23.2132 4.00683
    endloop
  endfacet
  facet normal -0.471993 -0.240429 0.848184
    outer loop
      vertex -14.1738 -23.5245 4.03105
      vertex -15.8396 -25.7483 2.47371
      vertex -15.6606 -26.0997 2.47371
    endloop
  endfacet
  facet normal 0.269027 -0.527987 0.805515
    outer loop
      vertex -0.234246 -3.99258 15.8447
      vertex -0.998667 -3.60309 16.3553
      vertex -0.781511 -4.27143 15.8447
    endloop
  endfacet
  facet normal 0.361649 -0.626395 0.690535
    outer loop
      vertex -0.234246 -3.99258 15.8447
      vertex -13.487 -26.947 1.96315
      vertex 3.93023 -1.58822 15.8447
    endloop
  endfacet
  facet normal 0.802438 -0.127116 0.583039
    outer loop
      vertex 31.245 0 1.96315
      vertex 31.1489 -0.606647 1.96315
      vertex 31.6345 -0.76442 1.26042
    endloop
  endfacet
  facet normal 0.585213 -0.0927047 0.805563
    outer loop
      vertex 31.245 0 1.96315
      vertex 30.4805 -0.389491 2.47371
      vertex 31.1489 -0.606647 1.96315
    endloop
  endfacet
  facet normal 0.127005 -0.802514 0.582958
    outer loop
      vertex -14.0343 -27.2259 1.96315
      vertex -14.6409 -27.3219 1.96315
      vertex -13.8765 -27.7114 1.26042
    endloop
  endfacet
  facet normal 0.368902 -0.723915 0.582974
    outer loop
      vertex -13.487 -26.947 1.96315
      vertex -14.0343 -27.2259 1.96315
      vertex -13.8765 -27.7114 1.26042
    endloop
  endfacet
  facet normal -0.269062 0.527898 0.805561
    outer loop
      vertex -15.2476 27.2259 1.96315
      vertex -15.7948 26.947 1.96315
      vertex -15.0304 26.5575 2.47371
    endloop
  endfacet
  facet normal -0.528019 0.268968 0.805513
    outer loop
      vertex -15.6606 26.0997 2.47371
      vertex -16.2291 26.5127 1.96315
      vertex -15.8396 25.7483 2.47371
    endloop
  endfacet
  facet normal -0.432215 0.848436 0.305527
    outer loop
      vertex -15.4053 27.7114 1.26042
      vertex -16.2527 27.5772 0.434311
      vertex -16.0949 27.3601 1.26042
    endloop
  endfacet
  facet normal -0.848396 0.4323 0.305518
    outer loop
      vertex -16.8593 26.9706 0.434311
      vertex -17.2488 26.2062 0.434311
      vertex -16.9936 26.1232 1.26042
    endloop
  endfacet
  facet normal -0.471993 0.240429 0.848184
    outer loop
      vertex -15.8396 25.7483 2.47371
      vertex -14.1738 23.5245 4.03105
      vertex -15.6606 26.0997 2.47371
    endloop
  endfacet
  facet normal -0.471897 0.24052 0.848212
    outer loop
      vertex -14.1738 23.5245 4.03105
      vertex -15.8396 25.7483 2.47371
      vertex -14.376 23.2132 4.00683
    endloop
  endfacet
  facet normal -0.472011 0.240415 0.848178
    outer loop
      vertex -13.1429 21.0775 5.29837
      vertex -2.40786 3.14522 16.3553
      vertex -12.7723 21.0969 5.49911
    endloop
  endfacet
  facet normal -0.471947 0.240466 0.848199
    outer loop
      vertex -2.40786 3.14522 16.3553
      vertex -13.1429 21.0775 5.29837
      vertex -2.58689 2.79385 16.3553
    endloop
  endfacet
  facet normal -0.419015 0.419015 0.805514
    outer loop
      vertex -15.7948 26.947 1.96315
      vertex -15.6606 26.0997 2.47371
      vertex -15.3818 26.3785 2.47371
    endloop
  endfacet
  facet normal -0.419015 0.419015 0.805514
    outer loop
      vertex -15.6606 26.0997 2.47371
      vertex -15.7948 26.947 1.96315
      vertex -16.2291 26.5127 1.96315
    endloop
  endfacet
  facet normal 0.0870635 -0.551851 0.829385
    outer loop
      vertex -12.8723 -24.0588 3.99151
      vertex -14.2514 -26.5575 2.47371
      vertex -12.7971 -24.0387 3.99699
    endloop
  endfacet
  facet normal 0.0873699 -0.551958 0.829282
    outer loop
      vertex -13.1541 -24.044 4.03105
      vertex -14.2514 -26.5575 2.47371
      vertex -12.8723 -24.0588 3.99151
    endloop
  endfacet
  facet normal 0.0874374 -0.551975 0.829263
    outer loop
      vertex -14.2514 -26.5575 2.47371
      vertex -13.1541 -24.044 4.03105
      vertex -14.6409 -26.6192 2.47371
    endloop
  endfacet
  facet normal 0.087424 -0.55197 0.829268
    outer loop
      vertex -11.6587 -21.9569 5.26262
      vertex -0.998667 -3.60309 16.3553
      vertex -1.38816 -3.66478 16.3553
    endloop
  endfacet
  facet normal 0.0877205 -0.552079 0.829164
    outer loop
      vertex -0.998667 -3.60309 16.3553
      vertex -11.6587 -21.9569 5.26262
      vertex -11.6386 -22.032 5.21049
    endloop
  endfacet
  facet normal 0.0873846 -0.551956 0.829282
    outer loop
      vertex -11.6587 -21.9569 5.26262
      vertex -1.38816 -3.66478 16.3553
      vertex -11.8125 -21.7202 5.43637
    endloop
  endfacet
  facet normal 0 0 1
    outer loop
      vertex -1.13288 2.75572 16.6237
      vertex -0.772542 2.37764 16.6237
      vertex -0.54142 2.41425 16.6237
    endloop
  endfacet
  facet normal 0 0 1
    outer loop
      vertex -1.46946 2.02254 16.6237
      vertex -1.13288 2.75572 16.6237
      vertex -1.25395 2.81741 16.6237
    endloop
  endfacet
  facet normal 0 0 1
    outer loop
      vertex -1.46946 2.02254 16.6237
      vertex -1.25395 2.81741 16.6237
      vertex -1.38816 2.83867 16.6237
    endloop
  endfacet
  facet normal 0 0 1
    outer loop
      vertex -1.13288 2.75572 16.6237
      vertex -1.46946 2.02254 16.6237
      vertex -0.772542 2.37764 16.6237
    endloop
  endfacet
  facet normal -0 0 1
    outer loop
      vertex -1.52237 2.81741 16.6237
      vertex -1.46946 2.02254 16.6237
      vertex -1.38816 2.83867 16.6237
    endloop
  endfacet
  facet normal -0 0 1
    outer loop
      vertex -1.64344 2.75572 16.6237
      vertex -1.46946 2.02254 16.6237
      vertex -1.52237 2.81741 16.6237
    endloop
  endfacet
  facet normal -0 0 1
    outer loop
      vertex -1.73952 2.65964 16.6237
      vertex -1.46946 2.02254 16.6237
      vertex -1.64344 2.75572 16.6237
    endloop
  endfacet
  facet normal -0 0 1
    outer loop
      vertex -1.80121 2.53857 16.6237
      vertex -1.46946 2.02254 16.6237
      vertex -1.73952 2.65964 16.6237
    endloop
  endfacet
  facet normal -0 0 1
    outer loop
      vertex -1.82247 2.40436 16.6237
      vertex -1.46946 2.02254 16.6237
      vertex -1.80121 2.53857 16.6237
    endloop
  endfacet
  facet normal 0 0 1
    outer loop
      vertex -1.46946 2.02254 16.6237
      vertex -1.82247 2.40436 16.6237
      vertex -1.82247 1.66954 16.6237
    endloop
  endfacet
  facet normal 0 0 1
    outer loop
      vertex 2.5 0 16.6237
      vertex 3.21063 0 16.6237
      vertex 3.18937 0.134209 16.6237
    endloop
  endfacet
  facet normal 0 0 1
    outer loop
      vertex 2.5 0 16.6237
      vertex 3.18937 0.134209 16.6237
      vertex 3.12768 0.255281 16.6237
    endloop
  endfacet
  facet normal 0 0 1
    outer loop
      vertex 3.21063 0 16.6237
      vertex 2.5 0 16.6237
      vertex 3.18937 -0.134209 16.6237
    endloop
  endfacet
  facet normal 0 0 1
    outer loop
      vertex 2.5 0 16.6237
      vertex 3.12768 0.255281 16.6237
      vertex 3.0316 0.351365 16.6237
    endloop
  endfacet
  facet normal 0 0 1
    outer loop
      vertex 3.18937 -0.134209 16.6237
      vertex 2.5 0 16.6237
      vertex 3.12768 -0.255281 16.6237
    endloop
  endfacet
  facet normal 0 0 1
    outer loop
      vertex 3.12768 -0.255281 16.6237
      vertex 2.5 0 16.6237
      vertex 3.0316 -0.351365 16.6237
    endloop
  endfacet
  facet normal 0 -0 1
    outer loop
      vertex 2.5 0 16.6237
      vertex 3.0316 0.351365 16.6237
      vertex 2.38524 0.724537 16.6237
    endloop
  endfacet
  facet normal 0 0 1
    outer loop
      vertex 3.0316 -0.351365 16.6237
      vertex 2.5 0 16.6237
      vertex 2.38524 -0.724537 16.6237
    endloop
  endfacet
  facet normal 0 0 1
    outer loop
      vertex -0.772542 -2.37764 16.6237
      vertex -1.13288 -2.75572 16.6237
      vertex -0.54142 -2.41425 16.6237
    endloop
  endfacet
  facet normal 0 0 1
    outer loop
      vertex -1.46946 -2.02254 16.6237
      vertex -1.13288 -2.75572 16.6237
      vertex -0.772542 -2.37764 16.6237
    endloop
  endfacet
  facet normal 0 0 1
    outer loop
      vertex -1.13288 -2.75572 16.6237
      vertex -1.46946 -2.02254 16.6237
      vertex -1.25395 -2.81741 16.6237
    endloop
  endfacet
  facet normal 0 0 1
    outer loop
      vertex -1.25395 -2.81741 16.6237
      vertex -1.46946 -2.02254 16.6237
      vertex -1.38816 -2.83867 16.6237
    endloop
  endfacet
  facet normal 0 0 1
    outer loop
      vertex -1.46946 -2.02254 16.6237
      vertex -1.52237 -2.81741 16.6237
      vertex -1.38816 -2.83867 16.6237
    endloop
  endfacet
  facet normal 0 0 1
    outer loop
      vertex -1.46946 -2.02254 16.6237
      vertex -1.64344 -2.75572 16.6237
      vertex -1.52237 -2.81741 16.6237
    endloop
  endfacet
  facet normal 0 0 1
    outer loop
      vertex -1.46946 -2.02254 16.6237
      vertex -1.73952 -2.65964 16.6237
      vertex -1.64344 -2.75572 16.6237
    endloop
  endfacet
  facet normal 0 0 1
    outer loop
      vertex -1.46946 -2.02254 16.6237
      vertex -1.80121 -2.53857 16.6237
      vertex -1.73952 -2.65964 16.6237
    endloop
  endfacet
  facet normal 0 0 1
    outer loop
      vertex -1.82247 -2.40436 16.6237
      vertex -1.46946 -2.02254 16.6237
      vertex -1.82247 -1.66954 16.6237
    endloop
  endfacet
  facet normal 0 0 1
    outer loop
      vertex -1.46946 -2.02254 16.6237
      vertex -1.82247 -2.40436 16.6237
      vertex -1.80121 -2.53857 16.6237
    endloop
  endfacet
  facet normal -0.58528 -0.0926955 0.805515
    outer loop
      vertex -2.58689 -2.79385 16.3553
      vertex -3.35131 -2.40436 15.8447
      vertex -3.25523 -3.01101 15.8447
    endloop
  endfacet
  facet normal -0.14899 0.940448 -0.305548
    outer loop
      vertex -14.6409 27.8325 -1.26042
      vertex -15.4053 27.7114 -1.26042
      vertex -14.6409 28.1009 -0.434311
    endloop
  endfacet
  facet normal 0.14899 0.940448 -0.305548
    outer loop
      vertex -13.8765 27.7114 -1.26042
      vertex -14.6409 27.8325 -1.26042
      vertex -14.6409 28.1009 -0.434311
    endloop
  endfacet
  facet normal -0.126986 0.802527 -0.582945
    outer loop
      vertex -15.2476 27.2259 -1.96315
      vertex -15.4053 27.7114 -1.26042
      vertex -14.6409 27.3219 -1.96315
    endloop
  endfacet
  facet normal -0.0926037 0.585236 -0.805558
    outer loop
      vertex -15.0304 26.5575 -2.47371
      vertex -15.2476 27.2259 -1.96315
      vertex -14.6409 27.3219 -1.96315
    endloop
  endfacet
  facet normal -0.574483 -0.574483 -0.583042
    outer loop
      vertex -16.0949 -27.3601 -1.26042
      vertex -16.2291 -26.5127 -1.96315
      vertex -15.7948 -26.947 -1.96315
    endloop
  endfacet
  facet normal -0.574483 -0.574483 -0.583042
    outer loop
      vertex -16.2291 -26.5127 -1.96315
      vertex -16.0949 -27.3601 -1.26042
      vertex -16.6422 -26.8128 -1.26042
    endloop
  endfacet
  facet normal -0.940465 -0.14887 0.305554
    outer loop
      vertex -17.1146 -25.3588 1.26042
      vertex -17.383 -25.3588 0.434311
      vertex -16.9936 -26.1232 1.26042
    endloop
  endfacet
  facet normal -0.631802 -0.100063 0.768644
    outer loop
      vertex -3.35131 -2.40436 15.8447
      vertex -13.824 -21.3167 4.77443
      vertex -3.25523 -3.01101 15.8447
    endloop
  endfacet
  facet normal -0.63151 -0.100344 0.768847
    outer loop
      vertex -3.35131 -2.40436 15.8447
      vertex -14.0328 -21.4523 4.58523
      vertex -13.824 -21.3167 4.77443
    endloop
  endfacet
  facet normal -0.632 -0.0998679 0.768507
    outer loop
      vertex -3.35131 -2.40436 15.8447
      vertex -14.3281 -21.817 4.29499
      vertex -14.0328 -21.4523 4.58523
    endloop
  endfacet
  facet normal -0.631759 -0.100106 0.768674
    outer loop
      vertex -16.6041 -25.3588 1.96315
      vertex -14.5093 -22.5037 4.05665
      vertex -14.4963 -22.2551 4.09971
    endloop
  endfacet
  facet normal -0.631815 -0.100041 0.768636
    outer loop
      vertex -16.6041 -25.3588 1.96315
      vertex -14.4963 -22.2551 4.09971
      vertex -14.3281 -21.817 4.29499
    endloop
  endfacet
  facet normal -0.631773 -0.100088 0.768665
    outer loop
      vertex -14.5093 -22.5037 4.05665
      vertex -16.6041 -25.3588 1.96315
      vertex -16.508 -25.9654 1.96315
    endloop
  endfacet
  facet normal -0.631746 -0.100117 0.768683
    outer loop
      vertex -16.6041 -25.3588 1.96315
      vertex -14.3281 -21.817 4.29499
      vertex -3.35131 -2.40436 15.8447
    endloop
  endfacet
  facet normal -1 0 0
    outer loop
      vertex -17.383 -25.3588 -0.434311
      vertex -17.383 25.3588 0.434311
      vertex -17.383 25.3588 -0.434311
    endloop
  endfacet
  facet normal -1 -0 0
    outer loop
      vertex -17.383 25.3588 0.434311
      vertex -17.383 -25.3588 -0.434311
      vertex -17.383 -25.3588 0.434311
    endloop
  endfacet
  facet normal -0.67329 0.67329 -0.305549
    outer loop
      vertex -16.0949 27.3601 -1.26042
      vertex -16.8593 26.9706 -0.434311
      vertex -16.2527 27.5772 -0.434311
    endloop
  endfacet
  facet normal -0.67329 0.67329 -0.305549
    outer loop
      vertex -16.8593 26.9706 -0.434311
      vertex -16.0949 27.3601 -1.26042
      vertex -16.6422 26.8128 -1.26042
    endloop
  endfacet
  facet normal -0.127125 -0.802433 0.583044
    outer loop
      vertex -14.6409 -27.3219 1.96315
      vertex -15.4053 -27.7114 1.26042
      vertex -14.6409 -27.8325 1.26042
    endloop
  endfacet
  facet normal -0.14899 -0.940448 0.305548
    outer loop
      vertex -14.6409 -27.8325 1.26042
      vertex -15.4053 -27.7114 1.26042
      vertex -14.6409 -28.1009 0.434311
    endloop
  endfacet
  facet normal -0.269062 -0.527898 0.805561
    outer loop
      vertex -15.0304 -26.5575 2.47371
      vertex -15.7948 -26.947 1.96315
      vertex -15.2476 -27.2259 1.96315
    endloop
  endfacet
  facet normal -0.67329 -0.67329 -0.305549
    outer loop
      vertex -16.0949 -27.3601 -1.26042
      vertex -16.8593 -26.9706 -0.434311
      vertex -16.6422 -26.8128 -1.26042
    endloop
  endfacet
  facet normal -0.67329 -0.67329 -0.305549
    outer loop
      vertex -16.8593 -26.9706 -0.434311
      vertex -16.0949 -27.3601 -1.26042
      vertex -16.2527 -27.5772 -0.434311
    endloop
  endfacet
  facet normal -0.848385 -0.432312 -0.305532
    outer loop
      vertex -16.8593 -26.9706 -0.434311
      vertex -16.9936 -26.1232 -1.26042
      vertex -16.6422 -26.8128 -1.26042
    endloop
  endfacet
  facet normal 0.142614 -0.571178 0.808342
    outer loop
      vertex -0.781511 -4.27143 15.8447
      vertex -11.6386 -22.032 5.21049
      vertex -11.5373 -22.4102 4.92538
    endloop
  endfacet
  facet normal 0.142657 -0.571193 0.808324
    outer loop
      vertex -11.6386 -22.032 5.21049
      vertex -0.781511 -4.27143 15.8447
      vertex -0.998667 -3.60309 16.3553
    endloop
  endfacet
  facet normal 0.142486 -0.571134 0.808395
    outer loop
      vertex -11.5618 -22.8789 4.59856
      vertex -0.781511 -4.27143 15.8447
      vertex -11.5373 -22.4102 4.92538
    endloop
  endfacet
  facet normal 0.142608 -0.571175 0.808345
    outer loop
      vertex -0.781511 -4.27143 15.8447
      vertex -11.5618 -22.8789 4.59856
      vertex -11.6359 -23.0718 4.47533
    endloop
  endfacet
  facet normal 0.141559 -0.570833 0.808771
    outer loop
      vertex -12.0254 -23.6817 4.11304
      vertex -14.0343 -27.2259 1.96315
      vertex -11.8953 -23.5212 4.20355
    endloop
  endfacet
  facet normal 0.142596 -0.571167 0.808353
    outer loop
      vertex -12.419 -23.9373 4.00187
      vertex -14.0343 -27.2259 1.96315
      vertex -12.0254 -23.6817 4.11304
    endloop
  endfacet
  facet normal 0.142765 -0.571242 0.80827
    outer loop
      vertex -14.2514 -26.5575 2.47371
      vertex -12.419 -23.9373 4.00187
      vertex -12.7971 -24.0387 3.99699
    endloop
  endfacet
  facet normal 0.142573 -0.571161 0.808361
    outer loop
      vertex -12.419 -23.9373 4.00187
      vertex -14.2514 -26.5575 2.47371
      vertex -14.0343 -27.2259 1.96315
    endloop
  endfacet
  facet normal 0.31468 -0.617584 0.72081
    outer loop
      vertex -11.6359 -23.0718 4.47533
      vertex -0.234246 -3.99258 15.8447
      vertex -0.781511 -4.27143 15.8447
    endloop
  endfacet
  facet normal 0.314952 -0.617645 0.720638
    outer loop
      vertex -11.73 -23.317 4.3063
      vertex -0.234246 -3.99258 15.8447
      vertex -11.6359 -23.0718 4.47533
    endloop
  endfacet
  facet normal 0.314727 -0.617595 0.72078
    outer loop
      vertex -11.73 -23.317 4.3063
      vertex -13.487 -26.947 1.96315
      vertex -0.234246 -3.99258 15.8447
    endloop
  endfacet
  facet normal 0.315072 -0.61764 0.72059
    outer loop
      vertex -11.8953 -23.5212 4.20355
      vertex -13.487 -26.947 1.96315
      vertex -11.73 -23.317 4.3063
    endloop
  endfacet
  facet normal 0.314724 -0.6176 0.720776
    outer loop
      vertex -13.487 -26.947 1.96315
      vertex -11.8953 -23.5212 4.20355
      vertex -14.0343 -27.2259 1.96315
    endloop
  endfacet
  facet normal -0.210752 0.413884 0.885598
    outer loop
      vertex -12.2791 21.268 5.6005
      vertex -1.77765 3.60309 16.3553
      vertex -12.0729 21.4349 5.57157
    endloop
  endfacet
  facet normal -0.210857 0.413824 0.885601
    outer loop
      vertex -1.77765 3.60309 16.3553
      vertex -12.2791 21.268 5.6005
      vertex -2.12901 3.42406 16.3553
    endloop
  endfacet
  facet normal -0.210876 0.413813 0.885601
    outer loop
      vertex -2.12901 3.42406 16.3553
      vertex -12.2791 21.268 5.6005
      vertex -12.4036 21.2202 5.59319
    endloop
  endfacet
  facet normal -0.210895 0.413808 0.8856
    outer loop
      vertex -15.0304 26.5575 2.47371
      vertex -13.7791 23.866 4.02933
      vertex -13.5314 23.9611 4.04388
    endloop
  endfacet
  facet normal -0.21081 0.413848 0.885601
    outer loop
      vertex -15.3818 26.3785 2.47371
      vertex -13.7791 23.866 4.02933
      vertex -15.0304 26.5575 2.47371
    endloop
  endfacet
  facet normal -0.210787 0.413862 0.8856
    outer loop
      vertex -13.7791 23.866 4.02933
      vertex -15.3818 26.3785 2.47371
      vertex -13.8827 23.7821 4.04388
    endloop
  endfacet
  facet normal -0.278416 0.141859 0.949927
    outer loop
      vertex -2.40786 3.14522 16.3553
      vertex -2.58689 2.79385 16.3553
      vertex -1.73952 2.65964 16.6237
    endloop
  endfacet
  facet normal -0.278415 0.141864 0.949926
    outer loop
      vertex -1.73952 2.65964 16.6237
      vertex -2.58689 2.79385 16.3553
      vertex -1.80121 2.53857 16.6237
    endloop
  endfacet
  facet normal 0.127005 0.802514 0.582958
    outer loop
      vertex -13.8765 27.7114 1.26042
      vertex -14.6409 27.3219 1.96315
      vertex -14.0343 27.2259 1.96315
    endloop
  endfacet
  facet normal -0.848385 0.432312 0.305532
    outer loop
      vertex -16.8593 26.9706 0.434311
      vertex -16.9936 26.1232 1.26042
      vertex -16.6422 26.8128 1.26042
    endloop
  endfacet
  facet normal -0.723872 0.368864 0.583051
    outer loop
      vertex -16.6422 26.8128 1.26042
      vertex -16.9936 26.1232 1.26042
      vertex -16.2291 26.5127 1.96315
    endloop
  endfacet
  facet normal -0.565035 0.162922 0.808821
    outer loop
      vertex -14.3994 23.1771 3.99774
      vertex -15.8396 25.7483 2.47371
      vertex -14.5208 22.7238 4.00424
    endloop
  endfacet
  facet normal -0.565234 0.162749 0.808717
    outer loop
      vertex -15.8396 25.7483 2.47371
      vertex -14.3994 23.1771 3.99774
      vertex -14.376 23.2132 4.00683
    endloop
  endfacet
  facet normal -0.564925 0.163001 0.808883
    outer loop
      vertex -16.508 25.9654 1.96315
      vertex -14.5208 22.7238 4.00424
      vertex -15.8396 25.7483 2.47371
    endloop
  endfacet
  facet normal -0.564803 0.163115 0.808945
    outer loop
      vertex -14.5208 22.7238 4.00424
      vertex -16.508 25.9654 1.96315
      vertex -14.5093 22.5037 4.05665
    endloop
  endfacet
  facet normal -0.564998 0.162943 0.808843
    outer loop
      vertex -13.1429 21.0775 5.29837
      vertex -3.25523 3.01101 15.8447
      vertex -2.58689 2.79385 16.3553
    endloop
  endfacet
  facet normal -0.564285 0.163552 0.809217
    outer loop
      vertex -13.1859 21.0752 5.26885
      vertex -3.25523 3.01101 15.8447
      vertex -13.1429 21.0775 5.29837
    endloop
  endfacet
  facet normal -0.564971 0.162964 0.808858
    outer loop
      vertex -13.6392 21.1967 4.92775
      vertex -3.25523 3.01101 15.8447
      vertex -13.1859 21.0752 5.26885
    endloop
  endfacet
  facet normal -0.565297 0.162676 0.808688
    outer loop
      vertex -3.25523 3.01101 15.8447
      vertex -13.6392 21.1967 4.92775
      vertex -13.824 21.3167 4.77443
    endloop
  endfacet
  facet normal -0.337036 0.337036 0.879098
    outer loop
      vertex -15.6606 26.0997 2.47371
      vertex -13.8827 23.7821 4.04388
      vertex -15.3818 26.3785 2.47371
    endloop
  endfacet
  facet normal -0.337007 0.33706 0.8791
    outer loop
      vertex -13.8827 23.7821 4.04388
      vertex -15.6606 26.0997 2.47371
      vertex -14.1438 23.5707 4.02484
    endloop
  endfacet
  facet normal -0.337053 0.337029 0.879094
    outer loop
      vertex -14.1438 23.5707 4.02484
      vertex -15.6606 26.0997 2.47371
      vertex -14.1738 23.5245 4.03105
    endloop
  endfacet
  facet normal -0.337058 0.337027 0.879093
    outer loop
      vertex -12.7172 21.0998 5.51911
      vertex -2.12901 3.42406 16.3553
      vertex -12.4036 21.2202 5.59319
    endloop
  endfacet
  facet normal -0.337032 0.337044 0.879097
    outer loop
      vertex -2.12901 3.42406 16.3553
      vertex -12.7172 21.0998 5.51911
      vertex -2.40786 3.14522 16.3553
    endloop
  endfacet
  facet normal -0.336846 0.337166 0.879121
    outer loop
      vertex -2.40786 3.14522 16.3553
      vertex -12.7172 21.0998 5.51911
      vertex -12.7723 21.0969 5.49911
    endloop
  endfacet
  facet normal -0.278415 -0.141864 0.949926
    outer loop
      vertex -1.80121 -2.53857 16.6237
      vertex -2.58689 -2.79385 16.3553
      vertex -1.73952 -2.65964 16.6237
    endloop
  endfacet
  facet normal -0.308626 -0.0488823 0.949926
    outer loop
      vertex -1.80121 -2.53857 16.6237
      vertex -2.64858 -2.40436 16.3553
      vertex -2.58689 -2.79385 16.3553
    endloop
  endfacet
  facet normal -0.802434 -0.127125 0.583043
    outer loop
      vertex -16.6041 -25.3588 1.96315
      vertex -16.9936 -26.1232 1.26042
      vertex -16.508 -25.9654 1.96315
    endloop
  endfacet
  facet normal -0.723871 -0.368879 0.583042
    outer loop
      vertex -16.508 -25.9654 1.96315
      vertex -16.9936 -26.1232 1.26042
      vertex -16.2291 -26.5127 1.96315
    endloop
  endfacet
  facet normal -0.848396 -0.4323 0.305518
    outer loop
      vertex -16.9936 -26.1232 1.26042
      vertex -17.2488 -26.2062 0.434311
      vertex -16.8593 -26.9706 0.434311
    endloop
  endfacet
  facet normal -0.802497 -0.127031 0.582976
    outer loop
      vertex -16.6041 -25.3588 1.96315
      vertex -17.1146 -25.3588 1.26042
      vertex -16.9936 -26.1232 1.26042
    endloop
  endfacet
  facet normal -0.368968 -0.723913 0.582935
    outer loop
      vertex -15.2476 -27.2259 1.96315
      vertex -15.7948 -26.947 1.96315
      vertex -15.4053 -27.7114 1.26042
    endloop
  endfacet
  facet normal -0.126986 -0.802527 0.582945
    outer loop
      vertex -15.2476 -27.2259 1.96315
      vertex -15.4053 -27.7114 1.26042
      vertex -14.6409 -27.3219 1.96315
    endloop
  endfacet
  facet normal -0.368783 -0.723919 0.583044
    outer loop
      vertex -15.7948 -26.947 1.96315
      vertex -16.0949 -27.3601 1.26042
      vertex -15.4053 -27.7114 1.26042
    endloop
  endfacet
  facet normal -0.67329 -0.67329 0.305549
    outer loop
      vertex -16.2527 -27.5772 0.434311
      vertex -16.6422 -26.8128 1.26042
      vertex -16.8593 -26.9706 0.434311
    endloop
  endfacet
  facet normal -0.67329 -0.67329 0.305549
    outer loop
      vertex -16.6422 -26.8128 1.26042
      vertex -16.2527 -27.5772 0.434311
      vertex -16.0949 -27.3601 1.26042
    endloop
  endfacet
  facet normal -0.432215 -0.848436 -0.305527
    outer loop
      vertex -15.4053 -27.7114 -1.26042
      vertex -16.2527 -27.5772 -0.434311
      vertex -16.0949 -27.3601 -1.26042
    endloop
  endfacet
  facet normal -0.156417 -0.987691 0
    outer loop
      vertex -15.4883 -27.9667 -0.434311
      vertex -14.6409 -28.1009 0.434311
      vertex -15.4883 -27.9667 0.434311
    endloop
  endfacet
  facet normal -0.156417 -0.987691 -0
    outer loop
      vertex -14.6409 -28.1009 0.434311
      vertex -15.4883 -27.9667 -0.434311
      vertex -14.6409 -28.1009 -0.434311
    endloop
  endfacet
  facet normal -0.368968 -0.723913 -0.582935
    outer loop
      vertex -15.4053 -27.7114 -1.26042
      vertex -15.7948 -26.947 -1.96315
      vertex -15.2476 -27.2259 -1.96315
    endloop
  endfacet
  facet normal -0.126986 -0.802527 -0.582945
    outer loop
      vertex -14.6409 -27.3219 -1.96315
      vertex -15.4053 -27.7114 -1.26042
      vertex -15.2476 -27.2259 -1.96315
    endloop
  endfacet
  facet normal -0.14899 0.940448 0.305548
    outer loop
      vertex -14.6409 28.1009 0.434311
      vertex -15.4053 27.7114 1.26042
      vertex -14.6409 27.8325 1.26042
    endloop
  endfacet
  facet normal -0.127125 0.802433 0.583044
    outer loop
      vertex -14.6409 27.8325 1.26042
      vertex -15.4053 27.7114 1.26042
      vertex -14.6409 27.3219 1.96315
    endloop
  endfacet
  facet normal -0.707107 -0.707107 0
    outer loop
      vertex -16.2527 -27.5772 -0.434311
      vertex -16.8593 -26.9706 0.434311
      vertex -16.8593 -26.9706 -0.434311
    endloop
  endfacet
  facet normal -0.707107 -0.707107 0
    outer loop
      vertex -16.8593 -26.9706 0.434311
      vertex -16.2527 -27.5772 -0.434311
      vertex -16.2527 -27.5772 0.434311
    endloop
  endfacet
  facet normal -0.723872 -0.368864 -0.583051
    outer loop
      vertex -16.6422 -26.8128 -1.26042
      vertex -16.9936 -26.1232 -1.26042
      vertex -16.2291 -26.5127 -1.96315
    endloop
  endfacet
  facet normal -0.809052 0 0.587738
    outer loop
      vertex -17.1146 -25.3588 1.26042
      vertex -16.6041 25.3588 1.96315
      vertex -17.1146 25.3588 1.26042
    endloop
  endfacet
  facet normal -0.809052 0 0.587738
    outer loop
      vertex -16.6041 25.3588 1.96315
      vertex -17.1146 -25.3588 1.26042
      vertex -16.6041 -25.3588 1.96315
    endloop
  endfacet
  facet normal -0.574483 -0.574483 0.583042
    outer loop
      vertex -16.2291 -26.5127 1.96315
      vertex -16.0949 -27.3601 1.26042
      vertex -15.7948 -26.947 1.96315
    endloop
  endfacet
  facet normal -0.574483 -0.574483 0.583042
    outer loop
      vertex -16.0949 -27.3601 1.26042
      vertex -16.2291 -26.5127 1.96315
      vertex -16.6422 -26.8128 1.26042
    endloop
  endfacet
  facet normal -0.574483 0.574483 0.583042
    outer loop
      vertex -16.0949 27.3601 1.26042
      vertex -16.2291 26.5127 1.96315
      vertex -15.7948 26.947 1.96315
    endloop
  endfacet
  facet normal -0.574483 0.574483 0.583042
    outer loop
      vertex -16.2291 26.5127 1.96315
      vertex -16.0949 27.3601 1.26042
      vertex -16.6422 26.8128 1.26042
    endloop
  endfacet
  facet normal -0.126986 0.802527 0.582945
    outer loop
      vertex -14.6409 27.3219 1.96315
      vertex -15.4053 27.7114 1.26042
      vertex -15.2476 27.2259 1.96315
    endloop
  endfacet
  facet normal -0.368968 0.723913 0.582935
    outer loop
      vertex -15.4053 27.7114 1.26042
      vertex -15.7948 26.947 1.96315
      vertex -15.2476 27.2259 1.96315
    endloop
  endfacet
  facet normal 0.127125 0.802433 0.583044
    outer loop
      vertex -14.6409 27.8325 1.26042
      vertex -14.6409 27.3219 1.96315
      vertex -13.8765 27.7114 1.26042
    endloop
  endfacet
  facet normal 0.14899 0.940448 0.305548
    outer loop
      vertex -14.6409 28.1009 0.434311
      vertex -14.6409 27.8325 1.26042
      vertex -13.8765 27.7114 1.26042
    endloop
  endfacet
  facet normal -0.891005 -0.453993 0
    outer loop
      vertex 2.37764 0.772542 -16.6114
      vertex 2.02254 1.46946 16.4722
      vertex 2.02254 1.46946 -16.4722
    endloop
  endfacet
  facet normal -0.891005 -0.453993 0
    outer loop
      vertex 2.02254 1.46946 16.4722
      vertex 2.37764 0.772542 -16.6114
      vertex 2.37764 0.772542 16.6114
    endloop
  endfacet
  facet normal -0.987687 -0.156441 0.000285119
    outer loop
      vertex 2.5 0 -16.6237
      vertex 2.37764 0.772542 -16.6114
      vertex 2.38524 0.724537 -16.6237
    endloop
  endfacet
  facet normal -0.987688 -0.156436 0
    outer loop
      vertex 2.37764 0.772542 -16.6114
      vertex 2.5 0 -16.6237
      vertex 2.37764 0.772542 16.6114
    endloop
  endfacet
  facet normal -0.987688 -0.156436 -0
    outer loop
      vertex 2.5 0 16.6237
      vertex 2.37764 0.772542 16.6114
      vertex 2.5 0 -16.6237
    endloop
  endfacet
  facet normal -0.987687 -0.156441 -0.000285119
    outer loop
      vertex 2.37764 0.772542 16.6114
      vertex 2.5 0 16.6237
      vertex 2.38524 0.724537 16.6237
    endloop
  endfacet
  facet normal -0.707107 -0.707107 0
    outer loop
      vertex 2.02254 1.46946 -16.4722
      vertex 1.46946 2.02254 16.4061
      vertex 1.46946 2.02254 -16.4061
    endloop
  endfacet
  facet normal -0.707107 -0.707107 0
    outer loop
      vertex 1.46946 2.02254 16.4061
      vertex 2.02254 1.46946 -16.4722
      vertex 2.02254 1.46946 16.4722
    endloop
  endfacet
  facet normal -0.156436 -0.987688 0
    outer loop
      vertex 0 2.5 16.511
      vertex 0.772542 2.37764 -16.4194
      vertex 0.772542 2.37764 16.4194
    endloop
  endfacet
  facet normal -0.156436 -0.987688 0
    outer loop
      vertex 0.772542 2.37764 -16.4194
      vertex 0 2.5 16.511
      vertex 0 2.5 -16.511
    endloop
  endfacet
  facet normal -0.891005 0.453993 0
    outer loop
      vertex 2.02254 -1.46946 -16.4722
      vertex 2.37764 -0.772542 16.6114
      vertex 2.37764 -0.772542 -16.6114
    endloop
  endfacet
  facet normal -0.891005 0.453993 0
    outer loop
      vertex 2.37764 -0.772542 16.6114
      vertex 2.02254 -1.46946 -16.4722
      vertex 2.02254 -1.46946 16.4722
    endloop
  endfacet
  facet normal -0.453993 -0.891005 0
    outer loop
      vertex 0.772542 2.37764 16.4194
      vertex 1.46946 2.02254 -16.4061
      vertex 1.46946 2.02254 16.4061
    endloop
  endfacet
  facet normal -0.453993 -0.891005 0
    outer loop
      vertex 1.46946 2.02254 -16.4061
      vertex 0.772542 2.37764 16.4194
      vertex 0.772542 2.37764 -16.4194
    endloop
  endfacet
  facet normal 0.453993 -0.891005 0
    outer loop
      vertex -1.46946 2.02254 -16.6237
      vertex -0.772542 2.37764 16.6237
      vertex -1.46946 2.02254 16.6237
    endloop
  endfacet
  facet normal 0.453993 -0.891005 0
    outer loop
      vertex -0.772542 2.37764 16.6237
      vertex -1.46946 2.02254 -16.6237
      vertex -0.772542 2.37764 -16.6237
    endloop
  endfacet
  facet normal 0.156451 0.987686 0.000101421
    outer loop
      vertex 0 -2.5 16.511
      vertex -0.772542 -2.37764 16.6237
      vertex -0.54142 -2.41425 16.6237
    endloop
  endfacet
  facet normal 0.156436 0.987688 -0
    outer loop
      vertex 0 -2.5 -16.511
      vertex -0.772542 -2.37764 16.6237
      vertex 0 -2.5 16.511
    endloop
  endfacet
  facet normal 0.156451 0.987686 -0.000101421
    outer loop
      vertex -0.772542 -2.37764 -16.6237
      vertex 0 -2.5 -16.511
      vertex -0.54142 -2.41425 -16.6237
    endloop
  endfacet
  facet normal 0.156436 0.987688 0
    outer loop
      vertex 0 -2.5 -16.511
      vertex -0.772542 -2.37764 -16.6237
      vertex -0.772542 -2.37764 16.6237
    endloop
  endfacet
  facet normal -0.707107 0.707107 0
    outer loop
      vertex 1.46946 -2.02254 -16.4061
      vertex 2.02254 -1.46946 16.4722
      vertex 2.02254 -1.46946 -16.4722
    endloop
  endfacet
  facet normal -0.707107 0.707107 0
    outer loop
      vertex 2.02254 -1.46946 16.4722
      vertex 1.46946 -2.02254 -16.4061
      vertex 1.46946 -2.02254 16.4061
    endloop
  endfacet
  facet normal 0.891005 0.453993 0
    outer loop
      vertex -2.02254 -1.46946 16.5587
      vertex -2.37764 -0.772542 -16.4433
      vertex -2.37764 -0.772542 16.4433
    endloop
  endfacet
  facet normal 0.891005 0.453993 0
    outer loop
      vertex -2.37764 -0.772542 -16.4433
      vertex -2.02254 -1.46946 16.5587
      vertex -2.02254 -1.46946 -16.5587
    endloop
  endfacet
  facet normal 0.156451 -0.987686 0.000101421
    outer loop
      vertex -0.772542 2.37764 16.6237
      vertex 0 2.5 16.511
      vertex -0.54142 2.41425 16.6237
    endloop
  endfacet
  facet normal 0.156436 -0.987688 0
    outer loop
      vertex -0.772542 2.37764 16.6237
      vertex 0 2.5 -16.511
      vertex 0 2.5 16.511
    endloop
  endfacet
  facet normal 0.156436 -0.987688 0
    outer loop
      vertex -0.772542 2.37764 -16.6237
      vertex 0 2.5 -16.511
      vertex -0.772542 2.37764 16.6237
    endloop
  endfacet
  facet normal 0.156451 -0.987686 -0.000101421
    outer loop
      vertex 0 2.5 -16.511
      vertex -0.772542 2.37764 -16.6237
      vertex -0.54142 2.41425 -16.6237
    endloop
  endfacet
  facet normal -0.453993 0.891005 0
    outer loop
      vertex 1.46946 -2.02254 -16.4061
      vertex 0.772542 -2.37764 16.4194
      vertex 1.46946 -2.02254 16.4061
    endloop
  endfacet
  facet normal -0.453993 0.891005 0
    outer loop
      vertex 0.772542 -2.37764 16.4194
      vertex 1.46946 -2.02254 -16.4061
      vertex 0.772542 -2.37764 -16.4194
    endloop
  endfacet
  facet normal -0.156436 0.987688 0
    outer loop
      vertex 0.772542 -2.37764 -16.4194
      vertex 0 -2.5 16.511
      vertex 0.772542 -2.37764 16.4194
    endloop
  endfacet
  facet normal -0.156436 0.987688 0
    outer loop
      vertex 0 -2.5 16.511
      vertex 0.772542 -2.37764 -16.4194
      vertex 0 -2.5 -16.511
    endloop
  endfacet
  facet normal 0.987688 0.156436 0
    outer loop
      vertex -2.37764 -0.772542 16.4433
      vertex -2.5 0 -16.4036
      vertex -2.5 0 16.4036
    endloop
  endfacet
  facet normal 0.987688 0.156436 0
    outer loop
      vertex -2.5 0 -16.4036
      vertex -2.37764 -0.772542 16.4433
      vertex -2.37764 -0.772542 -16.4433
    endloop
  endfacet
  facet normal 0.891005 -0.453993 0
    outer loop
      vertex -2.37764 0.772542 16.4433
      vertex -2.02254 1.46946 -16.5587
      vertex -2.02254 1.46946 16.5587
    endloop
  endfacet
  facet normal 0.891005 -0.453993 0
    outer loop
      vertex -2.02254 1.46946 -16.5587
      vertex -2.37764 0.772542 16.4433
      vertex -2.37764 0.772542 -16.4433
    endloop
  endfacet
  facet normal 0.707097 -0.707117 0.000170443
    outer loop
      vertex -2.02254 1.46946 16.5587
      vertex -1.46946 2.02254 16.6237
      vertex -1.82247 1.66954 16.6237
    endloop
  endfacet
  facet normal 0.707107 -0.707107 0
    outer loop
      vertex -1.46946 2.02254 16.6237
      vertex -2.02254 1.46946 16.5587
      vertex -1.46946 2.02254 -16.6237
    endloop
  endfacet
  facet normal 0.707107 -0.707107 0
    outer loop
      vertex -2.02254 1.46946 -16.5587
      vertex -1.46946 2.02254 -16.6237
      vertex -2.02254 1.46946 16.5587
    endloop
  endfacet
  facet normal 0.707097 -0.707117 -0.000170443
    outer loop
      vertex -1.46946 2.02254 -16.6237
      vertex -2.02254 1.46946 -16.5587
      vertex -1.82247 1.66954 -16.6237
    endloop
  endfacet
  facet normal -0.987687 0.156441 0.000285119
    outer loop
      vertex 2.37764 -0.772542 -16.6114
      vertex 2.5 0 -16.6237
      vertex 2.38524 -0.724537 -16.6237
    endloop
  endfacet
  facet normal -0.987688 0.156436 0
    outer loop
      vertex 2.5 0 -16.6237
      vertex 2.37764 -0.772542 -16.6114
      vertex 2.5 0 16.6237
    endloop
  endfacet
  facet normal -0.987688 0.156436 0
    outer loop
      vertex 2.37764 -0.772542 16.6114
      vertex 2.5 0 16.6237
      vertex 2.37764 -0.772542 -16.6114
    endloop
  endfacet
  facet normal -0.987687 0.156441 -0.000285119
    outer loop
      vertex 2.5 0 16.6237
      vertex 2.37764 -0.772542 16.6114
      vertex 2.38524 -0.724537 16.6237
    endloop
  endfacet
  facet normal 0.707097 0.707117 0.000170443
    outer loop
      vertex -1.46946 -2.02254 16.6237
      vertex -2.02254 -1.46946 16.5587
      vertex -1.82247 -1.66954 16.6237
    endloop
  endfacet
  facet normal 0.707107 0.707107 0
    outer loop
      vertex -2.02254 -1.46946 16.5587
      vertex -1.46946 -2.02254 16.6237
      vertex -2.02254 -1.46946 -16.5587
    endloop
  endfacet
  facet normal 0.707107 0.707107 -0
    outer loop
      vertex -1.46946 -2.02254 -16.6237
      vertex -2.02254 -1.46946 -16.5587
      vertex -1.46946 -2.02254 16.6237
    endloop
  endfacet
  facet normal 0.707097 0.707117 -0.000170443
    outer loop
      vertex -2.02254 -1.46946 -16.5587
      vertex -1.46946 -2.02254 -16.6237
      vertex -1.82247 -1.66954 -16.6237
    endloop
  endfacet
  facet normal 0.987688 -0.156436 0
    outer loop
      vertex -2.5 0 16.4036
      vertex -2.37764 0.772542 -16.4433
      vertex -2.37764 0.772542 16.4433
    endloop
  endfacet
  facet normal 0.987688 -0.156436 0
    outer loop
      vertex -2.37764 0.772542 -16.4433
      vertex -2.5 0 16.4036
      vertex -2.5 0 -16.4036
    endloop
  endfacet
  facet normal 0.453993 0.891005 -0
    outer loop
      vertex -0.772542 -2.37764 -16.6237
      vertex -1.46946 -2.02254 16.6237
      vertex -0.772542 -2.37764 16.6237
    endloop
  endfacet
  facet normal 0.453993 0.891005 0
    outer loop
      vertex -1.46946 -2.02254 16.6237
      vertex -0.772542 -2.37764 -16.6237
      vertex -1.46946 -2.02254 -16.6237
    endloop
  endfacet
endsolid OpenSCAD_Model
