solid OpenSCAD_Model
  facet normal 0.453016 -0.891501 -0.00156351
    outer loop
      vertex 21.2262 1.21352 4.6741
      vertex 21.6443 1.42658 4.33046
      vertex 21.5775 1.39252 4.39638
    endloop
  endfacet
  facet normal 0.454037 -0.890983 0
    outer loop
      vertex 21.2262 1.21352 4.6741
      vertex 21.6443 1.42658 -4.33046
      vertex 21.6443 1.42658 4.33046
    endloop
  endfacet
  facet normal 0.454037 -0.890983 0
    outer loop
      vertex 21.2262 1.21352 -4.6741
      vertex 21.6443 1.42658 -4.33046
      vertex 21.2262 1.21352 4.6741
    endloop
  endfacet
  facet normal 0.453016 -0.891501 0.00156351
    outer loop
      vertex 21.6443 1.42658 -4.33046
      vertex 21.2262 1.21352 -4.6741
      vertex 21.5775 1.39252 -4.39638
    endloop
  endfacet
  facet normal -0.890992 -0.454018 0.00117728
    outer loop
      vertex 23.5344 0.463525 -3.80713
      vertex 23.3214 0.881678 -3.74948
      vertex 23.4396 0.649566 -3.80713
    endloop
  endfacet
  facet normal -0.891058 -0.45389 0
    outer loop
      vertex 23.3214 0.881678 -3.74948
      vertex 23.5344 0.463525 -3.80713
      vertex 23.3214 0.881678 3.74948
    endloop
  endfacet
  facet normal -0.891058 -0.45389 -0
    outer loop
      vertex 23.5344 0.463525 3.80713
      vertex 23.3214 0.881678 3.74948
      vertex 23.5344 0.463525 -3.80713
    endloop
  endfacet
  facet normal -0.890992 -0.454018 -0.00117728
    outer loop
      vertex 23.3214 0.881678 3.74948
      vertex 23.5344 0.463525 3.80713
      vertex 23.4396 0.649566 3.80713
    endloop
  endfacet
  facet normal -0.987717 -0.156186 -0.00457003
    outer loop
      vertex 23.6078 0 -3.82957
      vertex 23.5344 0.463525 -3.80713
      vertex 23.5538 0.341496 -3.82957
    endloop
  endfacet
  facet normal -0.987693 -0.156403 0
    outer loop
      vertex 23.5344 0.463525 -3.80713
      vertex 23.6078 0 -3.82957
      vertex 23.5344 0.463525 3.80713
    endloop
  endfacet
  facet normal -0.987693 -0.156403 -0
    outer loop
      vertex 23.6078 0 3.82957
      vertex 23.5344 0.463525 3.80713
      vertex 23.6078 0 -3.82957
    endloop
  endfacet
  facet normal -0.987717 -0.156186 0.00457003
    outer loop
      vertex 23.5344 0.463525 3.80713
      vertex 23.6078 0 3.82957
      vertex 23.5538 0.341496 3.82957
    endloop
  endfacet
  facet normal -0.707107 -0.707107 0
    outer loop
      vertex 23.1913 1.01172 -3.75059
      vertex 23.1913 1.01172 3.75059
      vertex 22.9895 1.21352 3.75059
    endloop
  endfacet
  facet normal -0.706949 -0.707264 -0
    outer loop
      vertex 23.1913 1.01172 3.75059
      vertex 23.1913 1.01172 -3.75059
      vertex 23.3214 0.881678 3.74948
    endloop
  endfacet
  facet normal -0.706949 -0.707264 -0
    outer loop
      vertex 23.3214 0.881678 3.74948
      vertex 23.1913 1.01172 -3.75059
      vertex 23.3214 0.881678 -3.74948
    endloop
  endfacet
  facet normal -0.707107 -0.707107 0
    outer loop
      vertex 23.1913 1.01172 -3.75059
      vertex 22.9895 1.21352 3.75059
      vertex 22.9895 1.21352 -3.75059
    endloop
  endfacet
  facet normal -0.987717 0.156186 -0.00457003
    outer loop
      vertex 23.5344 -0.463525 -3.80713
      vertex 23.6078 0 -3.82957
      vertex 23.5538 -0.341496 -3.82957
    endloop
  endfacet
  facet normal -0.987693 0.156403 0
    outer loop
      vertex 23.6078 0 -3.82957
      vertex 23.5344 -0.463525 -3.80713
      vertex 23.6078 0 3.82957
    endloop
  endfacet
  facet normal -0.987693 0.156403 0
    outer loop
      vertex 23.5344 -0.463525 3.80713
      vertex 23.6078 0 3.82957
      vertex 23.5344 -0.463525 -3.80713
    endloop
  endfacet
  facet normal -0.987717 0.156186 0.00457003
    outer loop
      vertex 23.6078 0 3.82957
      vertex 23.5344 -0.463525 3.80713
      vertex 23.5538 -0.341496 3.82957
    endloop
  endfacet
  facet normal -0.15642 -0.987691 0
    outer loop
      vertex 22.1078 1.5 4.0211
      vertex 22.5714 1.42658 -3.84494
      vertex 22.5714 1.42658 3.84494
    endloop
  endfacet
  facet normal -0.15642 -0.987691 0
    outer loop
      vertex 22.5714 1.42658 -3.84494
      vertex 22.1078 1.5 4.0211
      vertex 22.1078 1.5 -4.0211
    endloop
  endfacet
  facet normal -0.15642 0.987691 0
    outer loop
      vertex 22.5714 -1.42658 -3.84494
      vertex 22.1078 -1.5 4.0211
      vertex 22.5714 -1.42658 3.84494
    endloop
  endfacet
  facet normal -0.15642 0.987691 0
    outer loop
      vertex 22.1078 -1.5 4.0211
      vertex 22.5714 -1.42658 -3.84494
      vertex 22.1078 -1.5 -4.0211
    endloop
  endfacet
  facet normal -0.454318 -0.890838 -0.00156979
    outer loop
      vertex 22.5714 1.42658 3.84494
      vertex 22.9895 1.21352 3.75059
      vertex 22.6382 1.39252 3.84083
    endloop
  endfacet
  facet normal -0.454037 -0.890983 0
    outer loop
      vertex 22.5714 1.42658 3.84494
      vertex 22.9895 1.21352 -3.75059
      vertex 22.9895 1.21352 3.75059
    endloop
  endfacet
  facet normal -0.454037 -0.890983 0
    outer loop
      vertex 22.5714 1.42658 -3.84494
      vertex 22.9895 1.21352 -3.75059
      vertex 22.5714 1.42658 3.84494
    endloop
  endfacet
  facet normal -0.454318 -0.890838 0.00156979
    outer loop
      vertex 22.9895 1.21352 -3.75059
      vertex 22.5714 1.42658 -3.84494
      vertex 22.6382 1.39252 -3.84083
    endloop
  endfacet
  facet normal 0.706949 -0.707264 0
    outer loop
      vertex 21.0244 1.01172 -4.88548
      vertex 21.0244 1.01172 4.88548
      vertex 20.8943 0.881678 5.02059
    endloop
  endfacet
  facet normal 0.707107 -0.707107 0
    outer loop
      vertex 21.0244 1.01172 4.88548
      vertex 21.0244 1.01172 -4.88548
      vertex 21.2262 1.21352 4.6741
    endloop
  endfacet
  facet normal 0.707107 -0.707107 0
    outer loop
      vertex 21.2262 1.21352 4.6741
      vertex 21.0244 1.01172 -4.88548
      vertex 21.2262 1.21352 -4.6741
    endloop
  endfacet
  facet normal 0.706949 -0.707264 0
    outer loop
      vertex 21.0244 1.01172 -4.88548
      vertex 20.8943 0.881678 5.02059
      vertex 20.8943 0.881678 -5.02059
    endloop
  endfacet
  facet normal 0.987755 -0.155983 0.00299819
    outer loop
      vertex 20.6078 0 5.40075
      vertex 20.6813 0.463525 5.30141
      vertex 20.6619 0.341496 5.34409
    endloop
  endfacet
  facet normal 0.98766 -0.156611 0
    outer loop
      vertex 20.6813 0.463525 5.30141
      vertex 20.6078 0 5.40075
      vertex 20.6813 0.463525 -5.30141
    endloop
  endfacet
  facet normal 0.98766 -0.156611 0
    outer loop
      vertex 20.6078 0 -5.40075
      vertex 20.6813 0.463525 -5.30141
      vertex 20.6078 0 5.40075
    endloop
  endfacet
  facet normal 0.987755 -0.155983 -0.00299819
    outer loop
      vertex 20.6813 0.463525 -5.30141
      vertex 20.6078 0 -5.40075
      vertex 20.6619 0.341496 -5.34409
    endloop
  endfacet
  facet normal 0.156453 0.987685 -0
    outer loop
      vertex 22.1078 -1.5 -4.0211
      vertex 21.6443 -1.42658 4.33046
      vertex 22.1078 -1.5 4.0211
    endloop
  endfacet
  facet normal 0.156453 0.987685 0
    outer loop
      vertex 21.6443 -1.42658 4.33046
      vertex 22.1078 -1.5 -4.0211
      vertex 21.6443 -1.42658 -4.33046
    endloop
  endfacet
  facet normal -0.454318 0.890838 -0.00156979
    outer loop
      vertex 22.9895 -1.21352 3.75059
      vertex 22.5714 -1.42658 3.84494
      vertex 22.6382 -1.39252 3.84083
    endloop
  endfacet
  facet normal -0.454037 0.890983 0
    outer loop
      vertex 22.9895 -1.21352 -3.75059
      vertex 22.5714 -1.42658 3.84494
      vertex 22.9895 -1.21352 3.75059
    endloop
  endfacet
  facet normal -0.454318 0.890838 0.00156979
    outer loop
      vertex 22.5714 -1.42658 -3.84494
      vertex 22.9895 -1.21352 -3.75059
      vertex 22.6382 -1.39252 -3.84083
    endloop
  endfacet
  facet normal -0.454037 0.890983 0
    outer loop
      vertex 22.9895 -1.21352 -3.75059
      vertex 22.5714 -1.42658 -3.84494
      vertex 22.5714 -1.42658 3.84494
    endloop
  endfacet
  facet normal -0.890992 0.454018 0.00117728
    outer loop
      vertex 23.3214 -0.881678 -3.74948
      vertex 23.5344 -0.463525 -3.80713
      vertex 23.4396 -0.649566 -3.80713
    endloop
  endfacet
  facet normal -0.891058 0.45389 0
    outer loop
      vertex 23.5344 -0.463525 -3.80713
      vertex 23.3214 -0.881678 -3.74948
      vertex 23.5344 -0.463525 3.80713
    endloop
  endfacet
  facet normal -0.891058 0.45389 0
    outer loop
      vertex 23.3214 -0.881678 3.74948
      vertex 23.5344 -0.463525 3.80713
      vertex 23.3214 -0.881678 -3.74948
    endloop
  endfacet
  facet normal -0.890992 0.454018 -0.00117728
    outer loop
      vertex 23.5344 -0.463525 3.80713
      vertex 23.3214 -0.881678 3.74948
      vertex 23.4396 -0.649566 3.80713
    endloop
  endfacet
  facet normal 0.891679 -0.452663 0.00229819
    outer loop
      vertex 20.6813 0.463525 5.30141
      vertex 20.8943 0.881678 5.02059
      vertex 20.776 0.649566 5.20212
    endloop
  endfacet
  facet normal 0.891058 -0.45389 0
    outer loop
      vertex 20.8943 0.881678 5.02059
      vertex 20.6813 0.463525 5.30141
      vertex 20.8943 0.881678 -5.02059
    endloop
  endfacet
  facet normal 0.891058 -0.45389 0
    outer loop
      vertex 20.6813 0.463525 -5.30141
      vertex 20.8943 0.881678 -5.02059
      vertex 20.6813 0.463525 5.30141
    endloop
  endfacet
  facet normal 0.891679 -0.452663 -0.00229819
    outer loop
      vertex 20.8943 0.881678 -5.02059
      vertex 20.6813 0.463525 -5.30141
      vertex 20.776 0.649566 -5.20212
    endloop
  endfacet
  facet normal 0.891679 0.452663 0.00229819
    outer loop
      vertex 20.8943 -0.881678 5.02059
      vertex 20.6813 -0.463525 5.30141
      vertex 20.776 -0.649566 5.20212
    endloop
  endfacet
  facet normal 0.891058 0.45389 0
    outer loop
      vertex 20.6813 -0.463525 5.30141
      vertex 20.8943 -0.881678 5.02059
      vertex 20.6813 -0.463525 -5.30141
    endloop
  endfacet
  facet normal 0.891058 0.45389 -0
    outer loop
      vertex 20.8943 -0.881678 -5.02059
      vertex 20.6813 -0.463525 -5.30141
      vertex 20.8943 -0.881678 5.02059
    endloop
  endfacet
  facet normal 0.891679 0.452663 -0.00229819
    outer loop
      vertex 20.6813 -0.463525 -5.30141
      vertex 20.8943 -0.881678 -5.02059
      vertex 20.776 -0.649566 -5.20212
    endloop
  endfacet
  facet normal 0.156453 -0.987685 0
    outer loop
      vertex 21.6443 1.42658 4.33046
      vertex 22.1078 1.5 -4.0211
      vertex 22.1078 1.5 4.0211
    endloop
  endfacet
  facet normal 0.156453 -0.987685 0
    outer loop
      vertex 22.1078 1.5 -4.0211
      vertex 21.6443 1.42658 4.33046
      vertex 21.6443 1.42658 -4.33046
    endloop
  endfacet
  facet normal -0.706949 0.707264 0
    outer loop
      vertex 23.1913 -1.01172 -3.75059
      vertex 23.1913 -1.01172 3.75059
      vertex 23.3214 -0.881678 3.74948
    endloop
  endfacet
  facet normal -0.706949 0.707264 0
    outer loop
      vertex 23.1913 -1.01172 -3.75059
      vertex 23.3214 -0.881678 3.74948
      vertex 23.3214 -0.881678 -3.74948
    endloop
  endfacet
  facet normal -0.707107 0.707107 0
    outer loop
      vertex 23.1913 -1.01172 3.75059
      vertex 23.1913 -1.01172 -3.75059
      vertex 22.9895 -1.21352 3.75059
    endloop
  endfacet
  facet normal -0.707107 0.707107 0
    outer loop
      vertex 22.9895 -1.21352 3.75059
      vertex 23.1913 -1.01172 -3.75059
      vertex 22.9895 -1.21352 -3.75059
    endloop
  endfacet
  facet normal 0.453016 0.891501 -0.00156351
    outer loop
      vertex 21.6443 -1.42658 4.33046
      vertex 21.2262 -1.21352 4.6741
      vertex 21.5775 -1.39252 4.39638
    endloop
  endfacet
  facet normal 0.454037 0.890983 -0
    outer loop
      vertex 21.6443 -1.42658 -4.33046
      vertex 21.2262 -1.21352 4.6741
      vertex 21.6443 -1.42658 4.33046
    endloop
  endfacet
  facet normal 0.453016 0.891501 0.00156351
    outer loop
      vertex 21.2262 -1.21352 -4.6741
      vertex 21.6443 -1.42658 -4.33046
      vertex 21.5775 -1.39252 -4.39638
    endloop
  endfacet
  facet normal 0.454037 0.890983 0
    outer loop
      vertex 21.6443 -1.42658 -4.33046
      vertex 21.2262 -1.21352 -4.6741
      vertex 21.2262 -1.21352 4.6741
    endloop
  endfacet
  facet normal 0.987755 0.155983 0.00299819
    outer loop
      vertex 20.6813 -0.463525 5.30141
      vertex 20.6078 0 5.40075
      vertex 20.6619 -0.341496 5.34409
    endloop
  endfacet
  facet normal 0.98766 0.156611 0
    outer loop
      vertex 20.6078 0 5.40075
      vertex 20.6813 -0.463525 5.30141
      vertex 20.6078 0 -5.40075
    endloop
  endfacet
  facet normal 0.98766 0.156611 -0
    outer loop
      vertex 20.6813 -0.463525 -5.30141
      vertex 20.6078 0 -5.40075
      vertex 20.6813 -0.463525 5.30141
    endloop
  endfacet
  facet normal 0.987755 0.155983 -0.00299819
    outer loop
      vertex 20.6078 0 -5.40075
      vertex 20.6813 -0.463525 -5.30141
      vertex 20.6619 -0.341496 -5.34409
    endloop
  endfacet
  facet normal 0.707107 0.707107 -0
    outer loop
      vertex 21.0244 -1.01172 -4.88548
      vertex 21.0244 -1.01172 4.88548
      vertex 21.2262 -1.21352 4.6741
    endloop
  endfacet
  facet normal 0.707107 0.707107 0
    outer loop
      vertex 21.0244 -1.01172 -4.88548
      vertex 21.2262 -1.21352 4.6741
      vertex 21.2262 -1.21352 -4.6741
    endloop
  endfacet
  facet normal 0.706949 0.707264 0
    outer loop
      vertex 21.0244 -1.01172 4.88548
      vertex 21.0244 -1.01172 -4.88548
      vertex 20.8943 -0.881678 5.02059
    endloop
  endfacet
  facet normal 0.706949 0.707264 0
    outer loop
      vertex 20.8943 -0.881678 5.02059
      vertex 21.0244 -1.01172 -4.88548
      vertex 20.8943 -0.881678 -5.02059
    endloop
  endfacet
  facet normal 0.259035 0.965868 -0.000469402
    outer loop
      vertex -11.2107 17.6542 5.03035
      vertex -11.664 17.7756 4.68045
      vertex -11.5796 17.753 4.75277
    endloop
  endfacet
  facet normal 0.258697 0.965959 0
    outer loop
      vertex -11.2107 17.6542 5.03035
      vertex -11.664 17.7756 -4.68045
      vertex -11.664 17.7756 4.68045
    endloop
  endfacet
  facet normal 0.258697 0.965959 -0
    outer loop
      vertex -11.2107 17.6542 -5.03035
      vertex -11.664 17.7756 -4.68045
      vertex -11.2107 17.6542 5.03035
    endloop
  endfacet
  facet normal 0.259035 0.965868 0.000469402
    outer loop
      vertex -11.664 17.7756 -4.68045
      vertex -11.2107 17.6542 -5.03035
      vertex -11.5796 17.753 -4.75277
    endloop
  endfacet
  facet normal 0.838578 -0.544781 0.000571804
    outer loop
      vertex -12.4242 19.7561 3.75925
      vertex -12.1686 20.1496 3.81321
      vertex -12.3373 19.8899 3.79299
    endloop
  endfacet
  facet normal 0.838614 -0.544726 0
    outer loop
      vertex -12.1686 20.1496 3.81321
      vertex -12.4242 19.7561 3.75925
      vertex -12.1686 20.1496 -3.81321
    endloop
  endfacet
  facet normal 0.838614 -0.544726 0
    outer loop
      vertex -12.4242 19.7561 -3.75925
      vertex -12.1686 20.1496 -3.81321
      vertex -12.4242 19.7561 3.75925
    endloop
  endfacet
  facet normal 0.838578 -0.544781 -0.000571804
    outer loop
      vertex -12.1686 20.1496 -3.81321
      vertex -12.4242 19.7561 -3.75925
      vertex -12.3373 19.8899 -3.79299
    endloop
  endfacet
  facet normal 0.627959 -0.777821 0.0257184
    outer loop
      vertex -12.1686 20.1496 3.81321
      vertex -11.8948 20.3714 3.83598
      vertex -12.1576 20.1586 3.81682
    endloop
  endfacet
  facet normal 0.629389 -0.777089 0.00138907
    outer loop
      vertex -11.8948 20.3714 3.83598
      vertex -12.1686 20.1496 3.81321
      vertex -11.8039 20.445 3.82323
    endloop
  endfacet
  facet normal 0.629413 -0.777071 0
    outer loop
      vertex -12.1686 20.1496 -3.81321
      vertex -11.8039 20.445 3.82323
      vertex -12.1686 20.1496 3.81321
    endloop
  endfacet
  facet normal 0.627959 -0.777821 -0.0257184
    outer loop
      vertex -11.8948 20.3714 -3.83598
      vertex -12.1686 20.1496 -3.81321
      vertex -12.1576 20.1586 -3.81682
    endloop
  endfacet
  facet normal 0.629413 -0.777071 0
    outer loop
      vertex -12.1686 20.1496 -3.81321
      vertex -11.8039 20.445 -3.82323
      vertex -11.8039 20.445 3.82323
    endloop
  endfacet
  facet normal 0.629389 -0.777089 -0.00138907
    outer loop
      vertex -12.1686 20.1496 -3.81321
      vertex -11.8948 20.3714 -3.83598
      vertex -11.8039 20.445 -3.82323
    endloop
  endfacet
  facet normal 0.965914 -0.258853 0.00230568
    outer loop
      vertex -12.5457 19.3027 3.75694
      vertex -12.4242 19.7561 3.75925
      vertex -12.5231 19.3871 3.76454
    endloop
  endfacet
  facet normal 0.96592 -0.258843 0
    outer loop
      vertex -12.4242 19.7561 3.75925
      vertex -12.5457 19.3027 3.75694
      vertex -12.4242 19.7561 -3.75925
    endloop
  endfacet
  facet normal 0.96592 -0.258843 0
    outer loop
      vertex -12.5457 19.3027 -3.75694
      vertex -12.4242 19.7561 -3.75925
      vertex -12.5457 19.3027 3.75694
    endloop
  endfacet
  facet normal 0.965914 -0.258853 -0.00230568
    outer loop
      vertex -12.4242 19.7561 -3.75925
      vertex -12.5457 19.3027 -3.75694
      vertex -12.5231 19.3871 -3.76454
    endloop
  endfacet
  facet normal 0.358436 -0.933554 0.000476779
    outer loop
      vertex -11.8039 20.445 3.82323
      vertex -11.3658 20.6132 3.80838
      vertex -11.5867 20.5284 3.83598
    endloop
  endfacet
  facet normal 0.358422 -0.93356 0
    outer loop
      vertex -11.8039 20.445 3.82323
      vertex -11.3658 20.6132 -3.80838
      vertex -11.3658 20.6132 3.80838
    endloop
  endfacet
  facet normal 0.358422 -0.93356 0
    outer loop
      vertex -11.8039 20.445 -3.82323
      vertex -11.3658 20.6132 -3.80838
      vertex -11.8039 20.445 3.82323
    endloop
  endfacet
  facet normal 0.358436 -0.933554 -0.000476779
    outer loop
      vertex -11.3658 20.6132 -3.80838
      vertex -11.8039 20.445 -3.82323
      vertex -11.5867 20.5284 -3.83598
    endloop
  endfacet
  facet normal -0.544674 -0.838648 0.000375019
    outer loop
      vertex -10.4438 20.5163 3.76338
      vertex -10.0502 20.2607 3.83026
      vertex -10.3226 20.4376 3.79761
    endloop
  endfacet
  facet normal -0.544629 -0.838677 0
    outer loop
      vertex -10.4438 20.5163 -3.76338
      vertex -10.0502 20.2607 3.83026
      vertex -10.4438 20.5163 3.76338
    endloop
  endfacet
  facet normal -0.544674 -0.838648 -0.000375019
    outer loop
      vertex -10.0502 20.2607 -3.83026
      vertex -10.4438 20.5163 -3.76338
      vertex -10.3226 20.4376 -3.79761
    endloop
  endfacet
  facet normal -0.544629 -0.838677 0
    outer loop
      vertex -10.4438 20.5163 -3.76338
      vertex -10.0502 20.2607 -3.83026
      vertex -10.0502 20.2607 3.83026
    endloop
  endfacet
  facet normal -0.0535128 0.998565 0.00220565
    outer loop
      vertex -10.7421 17.6787 5.30748
      vertex -11.2107 17.6542 5.03035
      vertex -11.0513 17.6625 5.14
    endloop
  endfacet
  facet normal -0.0522121 0.998636 0
    outer loop
      vertex -10.7421 17.6787 5.30748
      vertex -11.2107 17.6542 -5.03035
      vertex -11.2107 17.6542 5.03035
    endloop
  endfacet
  facet normal -0.0522121 0.998636 0
    outer loop
      vertex -10.7421 17.6787 -5.30748
      vertex -11.2107 17.6542 -5.03035
      vertex -10.7421 17.6787 5.30748
    endloop
  endfacet
  facet normal -0.0535128 0.998565 -0.00220565
    outer loop
      vertex -11.2107 17.6542 -5.03035
      vertex -10.7421 17.6787 -5.30748
      vertex -11.0513 17.6625 -5.14
    endloop
  endfacet
  facet normal -0.840289 0.542113 0.00531438
    outer loop
      vertex -9.9392 18.1423 -5.30265
      vertex -9.6836 18.5358 -5.02863
      vertex -9.72054 18.479 -5.07534
    endloop
  endfacet
  facet normal -0.838614 0.544726 0
    outer loop
      vertex -9.6836 18.5358 -5.02863
      vertex -9.9392 18.1423 -5.30265
      vertex -9.6836 18.5358 5.02863
    endloop
  endfacet
  facet normal -0.838691 0.544608 8.245e-05
    outer loop
      vertex -9.9392 18.1423 -5.30265
      vertex -9.72054 18.479 -5.07534
      vertex -9.88478 18.2261 -5.261
    endloop
  endfacet
  facet normal -0.838614 0.544726 0
    outer loop
      vertex -9.9392 18.1423 5.30265
      vertex -9.6836 18.5358 5.02863
      vertex -9.9392 18.1423 -5.30265
    endloop
  endfacet
  facet normal -0.840289 0.542113 -0.00531438
    outer loop
      vertex -9.6836 18.5358 5.02863
      vertex -9.9392 18.1423 5.30265
      vertex -9.72054 18.479 5.07534
    endloop
  endfacet
  facet normal -0.838691 0.544608 -8.245e-05
    outer loop
      vertex -9.72054 18.479 5.07534
      vertex -9.9392 18.1423 5.30265
      vertex -9.88478 18.2261 5.261
    endloop
  endfacet
  facet normal 0.933622 0.358259 0
    outer loop
      vertex -12.3744 18.4518 4.00853
      vertex -12.5211 18.8341 -3.83814
      vertex -12.5211 18.8341 3.83814
    endloop
  endfacet
  facet normal 0.933622 0.358259 0
    outer loop
      vertex -12.3744 18.4518 4.00853
      vertex -12.3744 18.4518 -4.00853
      vertex -12.5211 18.8341 -3.83814
    endloop
  endfacet
  facet normal 0.93369 0.358082 0
    outer loop
      vertex -12.353 18.396 4.03098
      vertex -12.3744 18.4518 -4.00853
      vertex -12.3744 18.4518 4.00853
    endloop
  endfacet
  facet normal 0.93369 0.358082 0
    outer loop
      vertex -12.3744 18.4518 -4.00853
      vertex -12.353 18.396 4.03098
      vertex -12.353 18.396 -4.03098
    endloop
  endfacet
  facet normal -0.998638 -0.0521678 -0.000217501
    outer loop
      vertex -9.56214 18.9892 -4.68689
      vertex -9.5867 19.4578 -4.31578
      vertex -9.5697 19.1335 -4.58625
    endloop
  endfacet
  facet normal -0.998629 -0.0523396 0
    outer loop
      vertex -9.5867 19.4578 -4.31578
      vertex -9.56214 18.9892 -4.68689
      vertex -9.5867 19.4578 4.31578
    endloop
  endfacet
  facet normal -0.998629 -0.0523396 -0
    outer loop
      vertex -9.56214 18.9892 4.68689
      vertex -9.5867 19.4578 4.31578
      vertex -9.56214 18.9892 -4.68689
    endloop
  endfacet
  facet normal -0.998638 -0.0521678 0.000217501
    outer loop
      vertex -9.5867 19.4578 4.31578
      vertex -9.56214 18.9892 4.68689
      vertex -9.5697 19.1335 4.58625
    endloop
  endfacet
  facet normal -0.933601 -0.358314 0
    outer loop
      vertex -9.5867 19.4578 -4.31578
      vertex -9.75488 19.896 4.01381
      vertex -9.75488 19.896 -4.01381
    endloop
  endfacet
  facet normal -0.933601 -0.358314 0
    outer loop
      vertex -9.75488 19.896 4.01381
      vertex -9.5867 19.4578 -4.31578
      vertex -9.5867 19.4578 4.31578
    endloop
  endfacet
  facet normal 0.998625 0.0524246 0
    outer loop
      vertex -12.5211 18.8341 3.83814
      vertex -12.5457 19.3027 -3.75694
      vertex -12.5457 19.3027 3.75694
    endloop
  endfacet
  facet normal 0.998625 0.0524246 0
    outer loop
      vertex -12.5457 19.3027 -3.75694
      vertex -12.5211 18.8341 3.83814
      vertex -12.5211 18.8341 -3.83814
    endloop
  endfacet
  facet normal 0.544629 0.838677 0
    outer loop
      vertex -11.664 17.7756 4.68045
      vertex -12.0576 18.0312 -4.32366
      vertex -12.0576 18.0312 4.32366
    endloop
  endfacet
  facet normal 0.544629 0.838677 0
    outer loop
      vertex -12.0576 18.0312 -4.32366
      vertex -11.664 17.7756 4.68045
      vertex -11.664 17.7756 -4.68045
    endloop
  endfacet
  facet normal 0.0521372 -0.998638 -0.0017694
    outer loop
      vertex -11.3658 20.6132 3.80838
      vertex -10.9648 20.6342 3.77198
      vertex -11.266 20.6184 3.81424
    endloop
  endfacet
  facet normal 0.0527907 -0.998591 0.00545748
    outer loop
      vertex -11.3658 20.6132 3.80838
      vertex -10.8971 20.6377 3.75753
      vertex -10.9648 20.6342 3.77198
    endloop
  endfacet
  facet normal 0.052201 -0.998637 0
    outer loop
      vertex -11.3658 20.6132 3.80838
      vertex -10.8971 20.6377 -3.75753
      vertex -10.8971 20.6377 3.75753
    endloop
  endfacet
  facet normal 0.052201 -0.998637 0
    outer loop
      vertex -11.3658 20.6132 -3.80838
      vertex -10.8971 20.6377 -3.75753
      vertex -11.3658 20.6132 3.80838
    endloop
  endfacet
  facet normal 0.0527907 -0.998591 -0.00545748
    outer loop
      vertex -10.8971 20.6377 -3.75753
      vertex -11.3658 20.6132 -3.80838
      vertex -10.9648 20.6342 -3.77198
    endloop
  endfacet
  facet normal 0.0521372 -0.998638 0.0017694
    outer loop
      vertex -10.9648 20.6342 -3.77198
      vertex -11.3658 20.6132 -3.80838
      vertex -11.266 20.6184 -3.81424
    endloop
  endfacet
  facet normal -0.258697 -0.965959 0
    outer loop
      vertex -10.8971 20.6377 -3.75753
      vertex -10.4438 20.5163 3.76338
      vertex -10.8971 20.6377 3.75753
    endloop
  endfacet
  facet normal -0.258697 -0.965959 -0
    outer loop
      vertex -10.4438 20.5163 3.76338
      vertex -10.8971 20.6377 -3.75753
      vertex -10.4438 20.5163 -3.76338
    endloop
  endfacet
  facet normal -0.358185 0.93365 -0.000958406
    outer loop
      vertex -10.7421 17.6787 5.30748
      vertex -10.4131 17.805 5.38799
      vertex -10.3039 17.8469 5.3944
    endloop
  endfacet
  facet normal -0.358815 0.933407 0.00199681
    outer loop
      vertex -10.4131 17.805 5.38799
      vertex -10.7421 17.6787 5.30748
      vertex -10.7288 17.6838 5.31342
    endloop
  endfacet
  facet normal -0.358351 0.933587 0
    outer loop
      vertex -10.3039 17.8469 5.3944
      vertex -10.7421 17.6787 -5.30748
      vertex -10.7421 17.6787 5.30748
    endloop
  endfacet
  facet normal -0.358351 0.933587 0
    outer loop
      vertex -10.3039 17.8469 -5.3944
      vertex -10.7421 17.6787 -5.30748
      vertex -10.3039 17.8469 5.3944
    endloop
  endfacet
  facet normal -0.358185 0.93365 0.000958406
    outer loop
      vertex -10.4131 17.805 -5.38799
      vertex -10.7421 17.6787 -5.30748
      vertex -10.3039 17.8469 -5.3944
    endloop
  endfacet
  facet normal -0.358815 0.933407 -0.00199681
    outer loop
      vertex -10.7421 17.6787 -5.30748
      vertex -10.4131 17.805 -5.38799
      vertex -10.7288 17.6838 -5.31342
    endloop
  endfacet
  facet normal 0.776778 0.629775 0
    outer loop
      vertex -12.3153 18.3495 4.07041
      vertex -12.353 18.396 -4.03098
      vertex -12.353 18.396 4.03098
    endloop
  endfacet
  facet normal 0.776778 0.629775 0
    outer loop
      vertex -12.3153 18.3495 4.07041
      vertex -12.3153 18.3495 -4.07041
      vertex -12.353 18.396 -4.03098
    endloop
  endfacet
  facet normal 0.777211 0.62924 0
    outer loop
      vertex -12.0576 18.0312 4.32366
      vertex -12.3153 18.3495 -4.07041
      vertex -12.3153 18.3495 4.07041
    endloop
  endfacet
  facet normal 0.777211 0.62924 0
    outer loop
      vertex -12.3153 18.3495 -4.07041
      vertex -12.0576 18.0312 4.32366
      vertex -12.0576 18.0312 -4.32366
    endloop
  endfacet
  facet normal -0.629151 0.777282 0.00171985
    outer loop
      vertex -9.9392 18.1423 5.30265
      vertex -10.3039 17.8469 5.3944
      vertex -10.1231 17.9933 5.36904
    endloop
  endfacet
  facet normal -0.629413 0.777071 0
    outer loop
      vertex -9.9392 18.1423 -5.30265
      vertex -10.3039 17.8469 5.3944
      vertex -9.9392 18.1423 5.30265
    endloop
  endfacet
  facet normal -0.629151 0.777282 -0.00171985
    outer loop
      vertex -10.3039 17.8469 -5.3944
      vertex -9.9392 18.1423 -5.30265
      vertex -10.1231 17.9933 -5.36904
    endloop
  endfacet
  facet normal -0.629413 0.777071 0
    outer loop
      vertex -9.9392 18.1423 -5.30265
      vertex -10.3039 17.8469 -5.3944
      vertex -10.3039 17.8469 5.3944
    endloop
  endfacet
  facet normal -0.777155 -0.62931 0
    outer loop
      vertex -9.75488 19.896 -4.01381
      vertex -10.0502 20.2607 3.83026
      vertex -10.0502 20.2607 -3.83026
    endloop
  endfacet
  facet normal -0.777155 -0.62931 0
    outer loop
      vertex -10.0502 20.2607 3.83026
      vertex -9.75488 19.896 -4.01381
      vertex -9.75488 19.896 4.01381
    endloop
  endfacet
  facet normal -0.965941 0.258763 0
    outer loop
      vertex -9.6836 18.5358 -5.02863
      vertex -9.56214 18.9892 4.68689
      vertex -9.56214 18.9892 -4.68689
    endloop
  endfacet
  facet normal -0.965941 0.258763 0
    outer loop
      vertex -9.56214 18.9892 4.68689
      vertex -9.6836 18.5358 -5.02863
      vertex -9.6836 18.5358 5.02863
    endloop
  endfacet
  facet normal -0.629151 -0.777282 0.00171985
    outer loop
      vertex -10.3039 -17.8469 5.3944
      vertex -9.9392 -18.1423 5.30265
      vertex -10.1231 -17.9933 5.36904
    endloop
  endfacet
  facet normal -0.629413 -0.777071 0
    outer loop
      vertex -10.3039 -17.8469 5.3944
      vertex -9.9392 -18.1423 -5.30265
      vertex -9.9392 -18.1423 5.30265
    endloop
  endfacet
  facet normal -0.629413 -0.777071 0
    outer loop
      vertex -10.3039 -17.8469 -5.3944
      vertex -9.9392 -18.1423 -5.30265
      vertex -10.3039 -17.8469 5.3944
    endloop
  endfacet
  facet normal -0.629151 -0.777282 -0.00171985
    outer loop
      vertex -9.9392 -18.1423 -5.30265
      vertex -10.3039 -17.8469 -5.3944
      vertex -10.1231 -17.9933 -5.36904
    endloop
  endfacet
  facet normal -0.258697 0.965959 0
    outer loop
      vertex -10.4438 -20.5163 3.76338
      vertex -10.8971 -20.6377 -3.75753
      vertex -10.8971 -20.6377 3.75753
    endloop
  endfacet
  facet normal -0.258697 0.965959 0
    outer loop
      vertex -10.8971 -20.6377 -3.75753
      vertex -10.4438 -20.5163 3.76338
      vertex -10.4438 -20.5163 -3.76338
    endloop
  endfacet
  facet normal 0.629389 0.777089 0.00138907
    outer loop
      vertex -12.1686 -20.1496 3.81321
      vertex -11.8948 -20.3714 3.83598
      vertex -11.8039 -20.445 3.82323
    endloop
  endfacet
  facet normal 0.627959 0.777821 0.0257184
    outer loop
      vertex -11.8948 -20.3714 3.83598
      vertex -12.1686 -20.1496 3.81321
      vertex -12.1576 -20.1586 3.81682
    endloop
  endfacet
  facet normal 0.629413 0.777071 0
    outer loop
      vertex -11.8039 -20.445 3.82323
      vertex -12.1686 -20.1496 -3.81321
      vertex -12.1686 -20.1496 3.81321
    endloop
  endfacet
  facet normal 0.629413 0.777071 -0
    outer loop
      vertex -11.8039 -20.445 -3.82323
      vertex -12.1686 -20.1496 -3.81321
      vertex -11.8039 -20.445 3.82323
    endloop
  endfacet
  facet normal 0.629389 0.777089 -0.00138907
    outer loop
      vertex -11.8948 -20.3714 -3.83598
      vertex -12.1686 -20.1496 -3.81321
      vertex -11.8039 -20.445 -3.82323
    endloop
  endfacet
  facet normal 0.627959 0.777821 -0.0257184
    outer loop
      vertex -12.1686 -20.1496 -3.81321
      vertex -11.8948 -20.3714 -3.83598
      vertex -12.1576 -20.1586 -3.81682
    endloop
  endfacet
  facet normal 0.998625 -0.0524246 0
    outer loop
      vertex -12.5457 -19.3027 3.75694
      vertex -12.5211 -18.8341 -3.83814
      vertex -12.5211 -18.8341 3.83814
    endloop
  endfacet
  facet normal 0.998625 -0.0524246 0
    outer loop
      vertex -12.5211 -18.8341 -3.83814
      vertex -12.5457 -19.3027 3.75694
      vertex -12.5457 -19.3027 -3.75694
    endloop
  endfacet
  facet normal -0.0535128 -0.998565 0.00220565
    outer loop
      vertex -11.2107 -17.6542 5.03035
      vertex -10.7421 -17.6787 5.30748
      vertex -11.0513 -17.6625 5.14
    endloop
  endfacet
  facet normal -0.0522121 -0.998636 0
    outer loop
      vertex -11.2107 -17.6542 -5.03035
      vertex -10.7421 -17.6787 5.30748
      vertex -11.2107 -17.6542 5.03035
    endloop
  endfacet
  facet normal -0.0535128 -0.998565 -0.00220565
    outer loop
      vertex -10.7421 -17.6787 -5.30748
      vertex -11.2107 -17.6542 -5.03035
      vertex -11.0513 -17.6625 -5.14
    endloop
  endfacet
  facet normal -0.0522121 -0.998636 0
    outer loop
      vertex -11.2107 -17.6542 -5.03035
      vertex -10.7421 -17.6787 -5.30748
      vertex -10.7421 -17.6787 5.30748
    endloop
  endfacet
  facet normal -0.965941 -0.258763 0
    outer loop
      vertex -9.56214 -18.9892 -4.68689
      vertex -9.6836 -18.5358 5.02863
      vertex -9.6836 -18.5358 -5.02863
    endloop
  endfacet
  facet normal -0.965941 -0.258763 0
    outer loop
      vertex -9.6836 -18.5358 5.02863
      vertex -9.56214 -18.9892 -4.68689
      vertex -9.56214 -18.9892 4.68689
    endloop
  endfacet
  facet normal 0.358436 0.933554 0.000476779
    outer loop
      vertex -11.3658 -20.6132 3.80838
      vertex -11.8039 -20.445 3.82323
      vertex -11.5867 -20.5284 3.83598
    endloop
  endfacet
  facet normal 0.358422 0.93356 -0
    outer loop
      vertex -11.3658 -20.6132 -3.80838
      vertex -11.8039 -20.445 3.82323
      vertex -11.3658 -20.6132 3.80838
    endloop
  endfacet
  facet normal 0.358422 0.93356 0
    outer loop
      vertex -11.3658 -20.6132 -3.80838
      vertex -11.8039 -20.445 -3.82323
      vertex -11.8039 -20.445 3.82323
    endloop
  endfacet
  facet normal 0.358436 0.933554 -0.000476779
    outer loop
      vertex -11.8039 -20.445 -3.82323
      vertex -11.3658 -20.6132 -3.80838
      vertex -11.5867 -20.5284 -3.83598
    endloop
  endfacet
  facet normal 0.777211 -0.62924 0
    outer loop
      vertex -12.3153 -18.3495 4.07041
      vertex -12.0576 -18.0312 -4.32366
      vertex -12.0576 -18.0312 4.32366
    endloop
  endfacet
  facet normal 0.777211 -0.62924 0
    outer loop
      vertex -12.3153 -18.3495 4.07041
      vertex -12.3153 -18.3495 -4.07041
      vertex -12.0576 -18.0312 -4.32366
    endloop
  endfacet
  facet normal 0.776778 -0.629775 0
    outer loop
      vertex -12.353 -18.396 4.03098
      vertex -12.3153 -18.3495 -4.07041
      vertex -12.3153 -18.3495 4.07041
    endloop
  endfacet
  facet normal 0.776778 -0.629775 0
    outer loop
      vertex -12.3153 -18.3495 -4.07041
      vertex -12.353 -18.396 4.03098
      vertex -12.353 -18.396 -4.03098
    endloop
  endfacet
  facet normal 0.965914 0.258853 0.00230568
    outer loop
      vertex -12.4242 -19.7561 3.75925
      vertex -12.5457 -19.3027 3.75694
      vertex -12.5231 -19.3871 3.76454
    endloop
  endfacet
  facet normal 0.96592 0.258843 0
    outer loop
      vertex -12.5457 -19.3027 3.75694
      vertex -12.4242 -19.7561 3.75925
      vertex -12.5457 -19.3027 -3.75694
    endloop
  endfacet
  facet normal 0.96592 0.258843 -0
    outer loop
      vertex -12.4242 -19.7561 -3.75925
      vertex -12.5457 -19.3027 -3.75694
      vertex -12.4242 -19.7561 3.75925
    endloop
  endfacet
  facet normal 0.965914 0.258853 -0.00230568
    outer loop
      vertex -12.5457 -19.3027 -3.75694
      vertex -12.4242 -19.7561 -3.75925
      vertex -12.5231 -19.3871 -3.76454
    endloop
  endfacet
  facet normal -0.358815 -0.933407 0.00199681
    outer loop
      vertex -10.7421 -17.6787 5.30748
      vertex -10.4131 -17.805 5.38799
      vertex -10.7288 -17.6838 5.31342
    endloop
  endfacet
  facet normal -0.358185 -0.93365 -0.000958406
    outer loop
      vertex -10.4131 -17.805 5.38799
      vertex -10.7421 -17.6787 5.30748
      vertex -10.3039 -17.8469 5.3944
    endloop
  endfacet
  facet normal -0.358351 -0.933587 0
    outer loop
      vertex -10.7421 -17.6787 -5.30748
      vertex -10.3039 -17.8469 5.3944
      vertex -10.7421 -17.6787 5.30748
    endloop
  endfacet
  facet normal -0.358815 -0.933407 -0.00199681
    outer loop
      vertex -10.4131 -17.805 -5.38799
      vertex -10.7421 -17.6787 -5.30748
      vertex -10.7288 -17.6838 -5.31342
    endloop
  endfacet
  facet normal -0.358185 -0.93365 0.000958406
    outer loop
      vertex -10.7421 -17.6787 -5.30748
      vertex -10.4131 -17.805 -5.38799
      vertex -10.3039 -17.8469 -5.3944
    endloop
  endfacet
  facet normal -0.358351 -0.933587 0
    outer loop
      vertex -10.7421 -17.6787 -5.30748
      vertex -10.3039 -17.8469 -5.3944
      vertex -10.3039 -17.8469 5.3944
    endloop
  endfacet
  facet normal 0.259035 -0.965868 -0.000469402
    outer loop
      vertex -11.664 -17.7756 4.68045
      vertex -11.2107 -17.6542 5.03035
      vertex -11.5796 -17.753 4.75277
    endloop
  endfacet
  facet normal 0.258697 -0.965959 0
    outer loop
      vertex -11.664 -17.7756 -4.68045
      vertex -11.2107 -17.6542 5.03035
      vertex -11.664 -17.7756 4.68045
    endloop
  endfacet
  facet normal 0.259035 -0.965868 0.000469402
    outer loop
      vertex -11.2107 -17.6542 -5.03035
      vertex -11.664 -17.7756 -4.68045
      vertex -11.5796 -17.753 -4.75277
    endloop
  endfacet
  facet normal 0.258697 -0.965959 0
    outer loop
      vertex -11.664 -17.7756 -4.68045
      vertex -11.2107 -17.6542 -5.03035
      vertex -11.2107 -17.6542 5.03035
    endloop
  endfacet
  facet normal 0.838578 0.544781 0.000571804
    outer loop
      vertex -12.1686 -20.1496 3.81321
      vertex -12.4242 -19.7561 3.75925
      vertex -12.3373 -19.8899 3.79299
    endloop
  endfacet
  facet normal 0.838614 0.544726 0
    outer loop
      vertex -12.4242 -19.7561 3.75925
      vertex -12.1686 -20.1496 3.81321
      vertex -12.4242 -19.7561 -3.75925
    endloop
  endfacet
  facet normal 0.838614 0.544726 -0
    outer loop
      vertex -12.1686 -20.1496 -3.81321
      vertex -12.4242 -19.7561 -3.75925
      vertex -12.1686 -20.1496 3.81321
    endloop
  endfacet
  facet normal 0.838578 0.544781 -0.000571804
    outer loop
      vertex -12.4242 -19.7561 -3.75925
      vertex -12.1686 -20.1496 -3.81321
      vertex -12.3373 -19.8899 -3.79299
    endloop
  endfacet
  facet normal 0.0521372 0.998638 -0.0017694
    outer loop
      vertex -10.9648 -20.6342 3.77198
      vertex -11.3658 -20.6132 3.80838
      vertex -11.266 -20.6184 3.81424
    endloop
  endfacet
  facet normal 0.0527907 0.998591 0.00545748
    outer loop
      vertex -10.8971 -20.6377 3.75753
      vertex -11.3658 -20.6132 3.80838
      vertex -10.9648 -20.6342 3.77198
    endloop
  endfacet
  facet normal 0.052201 0.998637 -0
    outer loop
      vertex -10.8971 -20.6377 -3.75753
      vertex -11.3658 -20.6132 3.80838
      vertex -10.8971 -20.6377 3.75753
    endloop
  endfacet
  facet normal 0.0527907 0.998591 -0.00545748
    outer loop
      vertex -11.3658 -20.6132 -3.80838
      vertex -10.8971 -20.6377 -3.75753
      vertex -10.9648 -20.6342 -3.77198
    endloop
  endfacet
  facet normal 0.052201 0.998637 0
    outer loop
      vertex -10.8971 -20.6377 -3.75753
      vertex -11.3658 -20.6132 -3.80838
      vertex -11.3658 -20.6132 3.80838
    endloop
  endfacet
  facet normal 0.0521372 0.998638 0.0017694
    outer loop
      vertex -11.3658 -20.6132 -3.80838
      vertex -10.9648 -20.6342 -3.77198
      vertex -11.266 -20.6184 -3.81424
    endloop
  endfacet
  facet normal -0.544674 0.838648 0.000375019
    outer loop
      vertex -10.0502 -20.2607 3.83026
      vertex -10.4438 -20.5163 3.76338
      vertex -10.3226 -20.4376 3.79761
    endloop
  endfacet
  facet normal -0.544629 0.838677 0
    outer loop
      vertex -10.0502 -20.2607 3.83026
      vertex -10.4438 -20.5163 -3.76338
      vertex -10.4438 -20.5163 3.76338
    endloop
  endfacet
  facet normal -0.544629 0.838677 0
    outer loop
      vertex -10.0502 -20.2607 -3.83026
      vertex -10.4438 -20.5163 -3.76338
      vertex -10.0502 -20.2607 3.83026
    endloop
  endfacet
  facet normal -0.544674 0.838648 -0.000375019
    outer loop
      vertex -10.4438 -20.5163 -3.76338
      vertex -10.0502 -20.2607 -3.83026
      vertex -10.3226 -20.4376 -3.79761
    endloop
  endfacet
  facet normal -0.777155 0.62931 0
    outer loop
      vertex -10.0502 -20.2607 -3.83026
      vertex -9.75488 -19.896 4.01381
      vertex -9.75488 -19.896 -4.01381
    endloop
  endfacet
  facet normal -0.777155 0.62931 0
    outer loop
      vertex -9.75488 -19.896 4.01381
      vertex -10.0502 -20.2607 -3.83026
      vertex -10.0502 -20.2607 3.83026
    endloop
  endfacet
  facet normal -0.838691 -0.544608 8.245e-05
    outer loop
      vertex -9.72054 -18.479 -5.07534
      vertex -9.9392 -18.1423 -5.30265
      vertex -9.88478 -18.2261 -5.261
    endloop
  endfacet
  facet normal -0.838614 -0.544726 0
    outer loop
      vertex -9.9392 -18.1423 -5.30265
      vertex -9.6836 -18.5358 -5.02863
      vertex -9.9392 -18.1423 5.30265
    endloop
  endfacet
  facet normal -0.840289 -0.542113 0.00531438
    outer loop
      vertex -9.9392 -18.1423 -5.30265
      vertex -9.72054 -18.479 -5.07534
      vertex -9.6836 -18.5358 -5.02863
    endloop
  endfacet
  facet normal -0.838614 -0.544726 -0
    outer loop
      vertex -9.6836 -18.5358 5.02863
      vertex -9.9392 -18.1423 5.30265
      vertex -9.6836 -18.5358 -5.02863
    endloop
  endfacet
  facet normal -0.840289 -0.542113 -0.00531438
    outer loop
      vertex -9.72054 -18.479 5.07534
      vertex -9.9392 -18.1423 5.30265
      vertex -9.6836 -18.5358 5.02863
    endloop
  endfacet
  facet normal -0.838691 -0.544608 -8.245e-05
    outer loop
      vertex -9.9392 -18.1423 5.30265
      vertex -9.72054 -18.479 5.07534
      vertex -9.88478 -18.2261 5.261
    endloop
  endfacet
  facet normal 0.93369 -0.358082 0
    outer loop
      vertex -12.3744 -18.4518 4.00853
      vertex -12.353 -18.396 -4.03098
      vertex -12.353 -18.396 4.03098
    endloop
  endfacet
  facet normal 0.93369 -0.358082 0
    outer loop
      vertex -12.3744 -18.4518 4.00853
      vertex -12.3744 -18.4518 -4.00853
      vertex -12.353 -18.396 -4.03098
    endloop
  endfacet
  facet normal 0.933622 -0.358259 0
    outer loop
      vertex -12.5211 -18.8341 3.83814
      vertex -12.3744 -18.4518 -4.00853
      vertex -12.3744 -18.4518 4.00853
    endloop
  endfacet
  facet normal 0.933622 -0.358259 0
    outer loop
      vertex -12.3744 -18.4518 -4.00853
      vertex -12.5211 -18.8341 3.83814
      vertex -12.5211 -18.8341 -3.83814
    endloop
  endfacet
  facet normal -0.998638 0.0521678 -0.000217501
    outer loop
      vertex -9.5867 -19.4578 -4.31578
      vertex -9.56214 -18.9892 -4.68689
      vertex -9.5697 -19.1335 -4.58625
    endloop
  endfacet
  facet normal -0.998629 0.0523396 0
    outer loop
      vertex -9.56214 -18.9892 -4.68689
      vertex -9.5867 -19.4578 -4.31578
      vertex -9.56214 -18.9892 4.68689
    endloop
  endfacet
  facet normal -0.998629 0.0523396 0
    outer loop
      vertex -9.5867 -19.4578 4.31578
      vertex -9.56214 -18.9892 4.68689
      vertex -9.5867 -19.4578 -4.31578
    endloop
  endfacet
  facet normal -0.998638 0.0521678 0.000217501
    outer loop
      vertex -9.56214 -18.9892 4.68689
      vertex -9.5867 -19.4578 4.31578
      vertex -9.5697 -19.1335 4.58625
    endloop
  endfacet
  facet normal -0.933601 0.358314 0
    outer loop
      vertex -9.75488 -19.896 -4.01381
      vertex -9.5867 -19.4578 4.31578
      vertex -9.5867 -19.4578 -4.31578
    endloop
  endfacet
  facet normal -0.933601 0.358314 0
    outer loop
      vertex -9.5867 -19.4578 4.31578
      vertex -9.75488 -19.896 -4.01381
      vertex -9.75488 -19.896 4.01381
    endloop
  endfacet
  facet normal 0.544629 -0.838677 0
    outer loop
      vertex -12.0576 -18.0312 -4.32366
      vertex -11.664 -17.7756 4.68045
      vertex -12.0576 -18.0312 4.32366
    endloop
  endfacet
  facet normal 0.544629 -0.838677 0
    outer loop
      vertex -11.664 -17.7756 4.68045
      vertex -12.0576 -18.0312 -4.32366
      vertex -11.664 -17.7756 -4.68045
    endloop
  endfacet
  facet normal 0.368876 0.723871 0.583045
    outer loop
      vertex -11.562 23.9887 1.10511
      vertex -12.3049 23.871 1.72125
      vertex -11.8251 23.6265 1.72125
    endloop
  endfacet
  facet normal -0.0488986 -0.308712 -0.949898
    outer loop
      vertex -1.2171 -3.2132 -14.3399
      vertex -1.33478 -2.47024 -14.5753
      vertex -1.2171 -2.48888 -14.5753
    endloop
  endfacet
  facet normal 0.368878 0.723868 0.583047
    outer loop
      vertex -12.1666 24.2968 1.10511
      vertex -12.3049 23.871 1.72125
      vertex -11.562 23.9887 1.10511
    endloop
  endfacet
  facet normal -0.308715 0.0488986 -0.949897
    outer loop
      vertex -1.57926 2.22576 -14.5753
      vertex -2.32221 2.10809 -14.3399
      vertex -2.26812 2.44958 -14.3399
    endloop
  endfacet
  facet normal 0.361746 0.626123 0.690731
    outer loop
      vertex 26.6854 1.39252 1.72125
      vertex 22.5714 1.42658 3.84494
      vertex 22.6382 1.39252 3.84083
    endloop
  endfacet
  facet normal 0.361568 0.626615 0.690379
    outer loop
      vertex 26.6854 1.39252 1.72125
      vertex 22.1078 1.5 4.0211
      vertex 22.5714 1.42658 3.84494
    endloop
  endfacet
  facet normal 0.36147 0.626875 0.690194
    outer loop
      vertex 21.6443 1.42658 4.33046
      vertex 3.44593 1.39252 13.8923
      vertex 21.5775 1.39252 4.39638
    endloop
  endfacet
  facet normal 0.361658 0.626407 0.69052
    outer loop
      vertex -11.8251 23.6265 1.72125
      vertex 21.6443 1.42658 4.33046
      vertex 22.1078 1.5 4.0211
    endloop
  endfacet
  facet normal 0.36165 0.626396 0.690534
    outer loop
      vertex 21.6443 1.42658 4.33046
      vertex -11.8251 23.6265 1.72125
      vertex 3.44593 1.39252 13.8923
    endloop
  endfacet
  facet normal 0.361645 0.62639 0.690542
    outer loop
      vertex -11.8251 23.6265 1.72125
      vertex 22.1078 1.5 4.0211
      vertex 26.6854 1.39252 1.72125
    endloop
  endfacet
  facet normal -0.0927494 -0.585213 -0.805558
    outer loop
      vertex -12.8368 -23.9553 -1.72125
      vertex -13.3687 -23.871 -1.72125
      vertex -12.8368 -23.3391 -2.1689
    endloop
  endfacet
  facet normal -0.802494 -0.127044 -0.582978
    outer loop
      vertex -14.8996 -22.9042 -1.10511
      vertex -15.0057 -22.234 -1.10511
      vertex -14.5581 -22.234 -1.72125
    endloop
  endfacet
  facet normal 0.0927494 -0.585213 0.805558
    outer loop
      vertex -12.8368 -23.3391 2.1689
      vertex -12.8368 -23.9553 1.72125
      vertex -12.3049 -23.871 1.72125
    endloop
  endfacet
  facet normal -0.43229 0.848378 0.305582
    outer loop
      vertex -13.5798 24.5206 0.380794
      vertex -14.25 24.1791 0.380794
      vertex -13.507 24.2968 1.10511
    endloop
  endfacet
  facet normal 0.940421 0.148984 -0.305633
    outer loop
      vertex 28.0779 0 -0.380794
      vertex 27.8425 0 -1.10511
      vertex 27.9602 0.742951 -0.380794
    endloop
  endfacet
  facet normal -0.127044 -0.802494 -0.582978
    outer loop
      vertex -12.8368 -24.4029 -1.10511
      vertex -13.507 -24.2968 -1.10511
      vertex -12.8368 -23.9553 -1.72125
    endloop
  endfacet
  facet normal -0.454007 0.890998 0
    outer loop
      vertex -13.5798 24.5206 -0.380794
      vertex -14.25 24.1791 0.380794
      vertex -13.5798 24.5206 0.380794
    endloop
  endfacet
  facet normal -0.454007 0.890998 0
    outer loop
      vertex -14.25 24.1791 0.380794
      vertex -13.5798 24.5206 -0.380794
      vertex -14.25 24.1791 -0.380794
    endloop
  endfacet
  facet normal -0.587741 0 0.809049
    outer loop
      vertex -2.93835 2.10809 13.8923
      vertex -2.32221 0.881325 14.3399
      vertex -2.32221 2.10809 14.3399
    endloop
  endfacet
  facet normal -0.587415 0.000249573 0.809286
    outer loop
      vertex -2.32221 0.881325 14.3399
      vertex -2.93835 2.10809 13.8923
      vertex -2.37764 0.772542 14.2997
    endloop
  endfacet
  facet normal -0.5878 3.17994e-06 0.809007
    outer loop
      vertex -2.37764 0.772542 14.2997
      vertex -2.93835 2.10809 13.8923
      vertex -2.5 0 14.2108
    endloop
  endfacet
  facet normal -0.587415 -0.000249573 0.809286
    outer loop
      vertex -2.93835 -2.10809 13.8923
      vertex -2.32221 -0.881325 14.3399
      vertex -2.37764 -0.772542 14.2997
    endloop
  endfacet
  facet normal -0.5878 -3.17994e-06 0.809007
    outer loop
      vertex -2.93835 -2.10809 13.8923
      vertex -2.37764 -0.772542 14.2997
      vertex -2.5 0 14.2108
    endloop
  endfacet
  facet normal -0.58781 0 0.808999
    outer loop
      vertex -2.93835 -2.10809 13.8923
      vertex -2.5 0 14.2108
      vertex -2.93835 2.10809 13.8923
    endloop
  endfacet
  facet normal -0.587741 0 0.809049
    outer loop
      vertex -2.32221 -0.881325 14.3399
      vertex -2.93835 -2.10809 13.8923
      vertex -2.32221 -2.10809 14.3399
    endloop
  endfacet
  facet normal -0.564971 0.162968 0.808857
    outer loop
      vertex -13.8878 22.5755 2.1689
      vertex -12.4242 19.7561 3.75925
      vertex -12.3373 19.8899 3.79299
    endloop
  endfacet
  facet normal -0.564923 0.163008 0.808882
    outer loop
      vertex -13.8878 22.5755 2.1689
      vertex -12.5231 19.3871 3.76454
      vertex -12.4242 19.7561 3.75925
    endloop
  endfacet
  facet normal -0.564944 0.162993 0.808871
    outer loop
      vertex -12.5231 19.3871 3.76454
      vertex -13.8878 22.5755 2.1689
      vertex -14.4738 22.7659 1.72125
    endloop
  endfacet
  facet normal -0.564892 0.163035 0.808898
    outer loop
      vertex -11.0513 17.6625 5.14
      vertex -2.85411 2.63998 13.8923
      vertex -2.26812 2.44958 14.3399
    endloop
  endfacet
  facet normal -0.564915 0.163015 0.808886
    outer loop
      vertex -11.2107 17.6542 5.03035
      vertex -2.85411 2.63998 13.8923
      vertex -11.0513 17.6625 5.14
    endloop
  endfacet
  facet normal -0.564979 0.16296 0.808853
    outer loop
      vertex -2.85411 2.63998 13.8923
      vertex -11.2107 17.6542 5.03035
      vertex -11.5796 17.753 4.75277
    endloop
  endfacet
  facet normal -0.0765385 -0.48323 0.872142
    outer loop
      vertex -9.9392 -18.1423 5.30265
      vertex -1.2171 -3.2132 14.3399
      vertex -1.5586 -3.15911 14.3399
    endloop
  endfacet
  facet normal -0.076585 -0.483208 0.87215
    outer loop
      vertex -1.2171 -3.2132 14.3399
      vertex -9.9392 -18.1423 5.30265
      vertex -9.88478 -18.2261 5.261
    endloop
  endfacet
  facet normal -0.0766309 -0.483187 0.872157
    outer loop
      vertex -9.9392 -18.1423 5.30265
      vertex -1.5586 -3.15911 14.3399
      vertex -10.1231 -17.9933 5.36904
    endloop
  endfacet
  facet normal -0.0763905 -0.483305 0.872113
    outer loop
      vertex -11.3658 -20.6132 3.80838
      vertex -12.8368 -23.3391 2.1689
      vertex -11.266 -20.6184 3.81424
    endloop
  endfacet
  facet normal -0.0765399 -0.483239 0.872137
    outer loop
      vertex -11.5867 -20.5284 3.83598
      vertex -12.8368 -23.3391 2.1689
      vertex -11.3658 -20.6132 3.80838
    endloop
  endfacet
  facet normal -0.0765533 -0.483234 0.872138
    outer loop
      vertex -12.8368 -23.3391 2.1689
      vertex -11.5867 -20.5284 3.83598
      vertex -13.1783 -23.285 2.1689
    endloop
  endfacet
  facet normal -0.528003 0.268885 0.805552
    outer loop
      vertex -13.7309 22.8836 2.1689
      vertex -14.4738 22.7659 1.72125
      vertex -13.8878 22.5755 2.1689
    endloop
  endfacet
  facet normal 0.0927126 -0.585238 0.805544
    outer loop
      vertex -12.4953 -23.285 2.1689
      vertex -12.8368 -23.3391 2.1689
      vertex -12.3049 -23.871 1.72125
    endloop
  endfacet
  facet normal -0.528003 -0.268885 0.805552
    outer loop
      vertex -13.8878 -22.5755 2.1689
      vertex -14.4738 -22.7659 1.72125
      vertex -13.7309 -22.8836 2.1689
    endloop
  endfacet
  facet normal 0.148994 0.94042 0.305633
    outer loop
      vertex -12.8368 24.6383 0.380794
      vertex -12.8368 24.4029 1.10511
      vertex -12.0939 24.5206 0.380794
    endloop
  endfacet
  facet normal 0.585213 0.0927505 0.805558
    outer loop
      vertex 27.3106 0.531894 1.72125
      vertex 26.7787 0 2.1689
      vertex 27.3949 0 1.72125
    endloop
  endfacet
  facet normal 0.127172 0.802407 0.58307
    outer loop
      vertex -12.1666 24.2968 1.10511
      vertex -12.8368 23.9553 1.72125
      vertex -12.3049 23.871 1.72125
    endloop
  endfacet
  facet normal 0.453954 0.891025 -0
    outer loop
      vertex -11.4236 24.1791 -0.380794
      vertex -12.0939 24.5206 0.380794
      vertex -11.4236 24.1791 0.380794
    endloop
  endfacet
  facet normal 0.453954 0.891025 0
    outer loop
      vertex -12.0939 24.5206 0.380794
      vertex -11.4236 24.1791 -0.380794
      vertex -12.0939 24.5206 -0.380794
    endloop
  endfacet
  facet normal -0.8484 -0.432267 -0.305554
    outer loop
      vertex -14.7819 -23.6472 -0.380794
      vertex -14.8996 -22.9042 -1.10511
      vertex -14.5915 -23.5089 -1.10511
    endloop
  endfacet
  facet normal 0.156481 -0.987681 0
    outer loop
      vertex -12.8368 -24.6383 -0.380794
      vertex -12.0939 -24.5206 0.380794
      vertex -12.8368 -24.6383 0.380794
    endloop
  endfacet
  facet normal 0.156481 -0.987681 0
    outer loop
      vertex -12.0939 -24.5206 0.380794
      vertex -12.8368 -24.6383 -0.380794
      vertex -12.0939 -24.5206 -0.380794
    endloop
  endfacet
  facet normal 0.0927494 0.585213 0.805558
    outer loop
      vertex -12.8368 23.9553 1.72125
      vertex -12.8368 23.3391 2.1689
      vertex -12.3049 23.871 1.72125
    endloop
  endfacet
  facet normal -0.432267 0.8484 0.305554
    outer loop
      vertex -13.507 24.2968 1.10511
      vertex -14.25 24.1791 0.380794
      vertex -14.1117 23.9887 1.10511
    endloop
  endfacet
  facet normal 0.221017 0.221013 -0.949897
    outer loop
      vertex 2.74228 0.223825 -14.5753
      vertex 3.08378 0.894051 -14.3399
      vertex 3.32826 0.649566 -14.3399
    endloop
  endfacet
  facet normal 0.221002 0.221021 -0.949899
    outer loop
      vertex 3.08378 0.894051 -14.3399
      vertex 2.74228 0.223825 -14.5753
      vertex 2.65803 0.308068 -14.5753
    endloop
  endfacet
  facet normal 0.268994 0.527928 0.805565
    outer loop
      vertex -0.685211 3.74509 13.8923
      vertex -0.875608 3.15911 14.3399
      vertex -0.567539 3.00214 14.3399
    endloop
  endfacet
  facet normal 0.418965 -0.418965 0.805566
    outer loop
      vertex 3.32826 -0.649566 14.3399
      vertex 3.44593 -1.39252 13.8923
      vertex 3.82673 -1.01172 13.8923
    endloop
  endfacet
  facet normal 0.418971 -0.418963 0.805564
    outer loop
      vertex 3.44593 -1.39252 13.8923
      vertex 3.32826 -0.649566 14.3399
      vertex 3.08378 -0.894051 14.3399
    endloop
  endfacet
  facet normal -0.585211 -0.0926849 0.805567
    outer loop
      vertex -2.32221 -2.10809 14.3399
      vertex -2.93835 -2.10809 13.8923
      vertex -2.85411 -2.63998 13.8923
    endloop
  endfacet
  facet normal -0.0927126 0.585238 -0.805544
    outer loop
      vertex -13.1783 23.285 -2.1689
      vertex -13.3687 23.871 -1.72125
      vertex -12.8368 23.3391 -2.1689
    endloop
  endfacet
  facet normal -0.951035 0 0.309083
    outer loop
      vertex -15.2411 -22.234 0.380794
      vertex -15.0057 22.234 1.10511
      vertex -15.2411 22.234 0.380794
    endloop
  endfacet
  facet normal -0.951035 0 0.309083
    outer loop
      vertex -15.0057 22.234 1.10511
      vertex -15.2411 -22.234 0.380794
      vertex -15.0057 -22.234 1.10511
    endloop
  endfacet
  facet normal -0.419035 -0.419035 -0.805494
    outer loop
      vertex -13.8485 -23.6265 -1.72125
      vertex -13.7309 -22.8836 -2.1689
      vertex -13.4864 -23.1281 -2.1689
    endloop
  endfacet
  facet normal -0.419035 -0.419035 -0.805494
    outer loop
      vertex -13.7309 -22.8836 -2.1689
      vertex -13.8485 -23.6265 -1.72125
      vertex -14.2293 -23.2457 -1.72125
    endloop
  endfacet
  facet normal -0.72389 0.368828 -0.583051
    outer loop
      vertex -14.4738 22.7659 -1.72125
      vertex -14.8996 22.9042 -1.10511
      vertex -14.5915 23.5089 -1.10511
    endloop
  endfacet
  facet normal -0.848378 0.43229 -0.305582
    outer loop
      vertex -14.8996 22.9042 -1.10511
      vertex -15.1234 22.977 -0.380794
      vertex -14.7819 23.6472 -0.380794
    endloop
  endfacet
  facet normal 0.148887 0.94047 0.305531
    outer loop
      vertex -12.0939 24.5206 0.380794
      vertex -12.8368 24.4029 1.10511
      vertex -12.1666 24.2968 1.10511
    endloop
  endfacet
  facet normal 0.361746 0.626123 -0.690731
    outer loop
      vertex 22.5714 1.42658 -3.84494
      vertex 26.6854 1.39252 -1.72125
      vertex 22.6382 1.39252 -3.84083
    endloop
  endfacet
  facet normal 0.361568 0.626615 -0.690379
    outer loop
      vertex 22.1078 1.5 -4.0211
      vertex 26.6854 1.39252 -1.72125
      vertex 22.5714 1.42658 -3.84494
    endloop
  endfacet
  facet normal 0.36147 0.626875 -0.690194
    outer loop
      vertex 3.44593 1.39252 -13.8923
      vertex 21.6443 1.42658 -4.33046
      vertex 21.5775 1.39252 -4.39638
    endloop
  endfacet
  facet normal 0.36165 0.626396 -0.690534
    outer loop
      vertex -11.8251 23.6265 -1.72125
      vertex 21.6443 1.42658 -4.33046
      vertex 3.44593 1.39252 -13.8923
    endloop
  endfacet
  facet normal 0.361645 0.62639 -0.690542
    outer loop
      vertex 22.1078 1.5 -4.0211
      vertex -11.8251 23.6265 -1.72125
      vertex 26.6854 1.39252 -1.72125
    endloop
  endfacet
  facet normal 0.361658 0.626407 -0.69052
    outer loop
      vertex 21.6443 1.42658 -4.33046
      vertex -11.8251 23.6265 -1.72125
      vertex 22.1078 1.5 -4.0211
    endloop
  endfacet
  facet normal -0.0927126 0.585238 0.805544
    outer loop
      vertex -12.8368 23.3391 2.1689
      vertex -13.3687 23.871 1.72125
      vertex -13.1783 23.285 2.1689
    endloop
  endfacet
  facet normal -0.127044 -0.802494 0.582978
    outer loop
      vertex -12.8368 -23.9553 1.72125
      vertex -13.507 -24.2968 1.10511
      vertex -12.8368 -24.4029 1.10511
    endloop
  endfacet
  facet normal -0.585211 -0.0926849 -0.805567
    outer loop
      vertex -2.85411 -2.63998 -13.8923
      vertex -2.93835 -2.10809 -13.8923
      vertex -2.32221 -2.10809 -14.3399
    endloop
  endfacet
  facet normal -0.802494 -0.127044 0.582978
    outer loop
      vertex -14.5581 -22.234 1.72125
      vertex -15.0057 -22.234 1.10511
      vertex -14.8996 -22.9042 1.10511
    endloop
  endfacet
  facet normal -0.269061 0.527997 0.805497
    outer loop
      vertex -13.3687 23.871 1.72125
      vertex -13.8485 23.6265 1.72125
      vertex -13.4864 23.1281 2.1689
    endloop
  endfacet
  facet normal 0.462699 -0.0732835 0.883481
    outer loop
      vertex 3.53932 0 14.3399
      vertex 20.6619 -0.341496 5.34409
      vertex 20.6078 0 5.40075
    endloop
  endfacet
  facet normal 0.462699 -0.0732875 0.883481
    outer loop
      vertex 20.6619 -0.341496 5.34409
      vertex 3.53932 0 14.3399
      vertex 3.48523 -0.341496 14.3399
    endloop
  endfacet
  facet normal 0.462703 -0.0731661 0.883489
    outer loop
      vertex 23.6078 0 3.82957
      vertex 26.7247 -0.341496 2.1689
      vertex 26.7787 0 2.1689
    endloop
  endfacet
  facet normal 0.462703 -0.0731661 0.883489
    outer loop
      vertex 26.7247 -0.341496 2.1689
      vertex 23.6078 0 3.82957
      vertex 23.5538 -0.341496 3.82957
    endloop
  endfacet
  facet normal 0.278496 0.141901 0.949897
    outer loop
      vertex 3.32826 0.649566 14.3399
      vertex 2.79637 0.117671 14.5753
      vertex 3.48523 0.341496 14.3399
    endloop
  endfacet
  facet normal 0.848397 0.432281 -0.305542
    outer loop
      vertex 27.7364 0.670226 -1.10511
      vertex 27.6187 1.41318 -0.380794
      vertex 27.9602 0.742951 -0.380794
    endloop
  endfacet
  facet normal 0.361649 -0.626396 0.690534
    outer loop
      vertex -0.205382 -3.5006 13.8923
      vertex -11.8251 -23.6265 1.72125
      vertex 3.44593 -1.39252 13.8923
    endloop
  endfacet
  facet normal -0.308715 -0.0488986 0.949897
    outer loop
      vertex -1.57926 -2.22576 14.5753
      vertex -2.32221 -2.10809 14.3399
      vertex -2.26812 -2.44958 14.3399
    endloop
  endfacet
  facet normal 0.127044 -0.802494 0.582978
    outer loop
      vertex -12.8368 -23.9553 1.72125
      vertex -12.8368 -24.4029 1.10511
      vertex -12.1666 -24.2968 1.10511
    endloop
  endfacet
  facet normal 0.148887 -0.94047 -0.305531
    outer loop
      vertex -12.0939 -24.5206 -0.380794
      vertex -12.8368 -24.4029 -1.10511
      vertex -12.1666 -24.2968 -1.10511
    endloop
  endfacet
  facet normal 0.368876 -0.723871 -0.583045
    outer loop
      vertex -11.562 -23.9887 -1.10511
      vertex -12.3049 -23.871 -1.72125
      vertex -11.8251 -23.6265 -1.72125
    endloop
  endfacet
  facet normal -0.673291 0.673291 0.305545
    outer loop
      vertex -14.7819 23.6472 0.380794
      vertex -14.1117 23.9887 1.10511
      vertex -14.25 24.1791 0.380794
    endloop
  endfacet
  facet normal -0.673291 0.673291 0.305545
    outer loop
      vertex -14.1117 23.9887 1.10511
      vertex -14.7819 23.6472 0.380794
      vertex -14.5915 23.5089 1.10511
    endloop
  endfacet
  facet normal 0.432247 -0.848419 0.30553
    outer loop
      vertex -11.4236 -24.1791 0.380794
      vertex -12.1666 -24.2968 1.10511
      vertex -12.0939 -24.5206 0.380794
    endloop
  endfacet
  facet normal -0.809049 0 -0.587741
    outer loop
      vertex -14.5581 -22.234 -1.72125
      vertex -15.0057 22.234 -1.10511
      vertex -14.5581 22.234 -1.72125
    endloop
  endfacet
  facet normal -0.809049 -0 -0.587741
    outer loop
      vertex -15.0057 22.234 -1.10511
      vertex -14.5581 -22.234 -1.72125
      vertex -15.0057 -22.234 -1.10511
    endloop
  endfacet
  facet normal -0.432267 -0.8484 -0.305554
    outer loop
      vertex -13.507 -24.2968 -1.10511
      vertex -14.25 -24.1791 -0.380794
      vertex -14.1117 -23.9887 -1.10511
    endloop
  endfacet
  facet normal -0.802494 0.127044 -0.582978
    outer loop
      vertex -14.5581 22.234 -1.72125
      vertex -15.0057 22.234 -1.10511
      vertex -14.8996 22.9042 -1.10511
    endloop
  endfacet
  facet normal -0.940464 0.148886 -0.30555
    outer loop
      vertex -15.0057 22.234 -1.10511
      vertex -15.1234 22.977 -0.380794
      vertex -14.8996 22.9042 -1.10511
    endloop
  endfacet
  facet normal -0.278487 -0.141907 -0.949899
    outer loop
      vertex -1.52517 -2.33191 -14.5753
      vertex -2.11116 -2.75765 -14.3399
      vertex -1.57926 -2.22576 -14.5753
    endloop
  endfacet
  facet normal 0.940421 0.148984 0.305633
    outer loop
      vertex 27.9602 0.742951 0.380794
      vertex 27.8425 0 1.10511
      vertex 28.0779 0 0.380794
    endloop
  endfacet
  facet normal 0.432316 -0.848354 -0.305611
    outer loop
      vertex -11.4236 -24.1791 -0.380794
      vertex -12.1666 -24.2968 -1.10511
      vertex -11.562 -23.9887 -1.10511
    endloop
  endfacet
  facet normal -0.308715 0.0489033 -0.949896
    outer loop
      vertex -1.5979 2.10809 -14.5753
      vertex -2.32221 2.10809 -14.3399
      vertex -1.57926 2.22576 -14.5753
    endloop
  endfacet
  facet normal -0.0763905 0.483305 -0.872113
    outer loop
      vertex -11.3658 20.6132 -3.80838
      vertex -12.8368 23.3391 -2.1689
      vertex -11.266 20.6184 -3.81424
    endloop
  endfacet
  facet normal -0.0765399 0.483239 -0.872137
    outer loop
      vertex -11.5867 20.5284 -3.83598
      vertex -12.8368 23.3391 -2.1689
      vertex -11.3658 20.6132 -3.80838
    endloop
  endfacet
  facet normal -0.0765533 0.483234 -0.872138
    outer loop
      vertex -12.8368 23.3391 -2.1689
      vertex -11.5867 20.5284 -3.83598
      vertex -13.1783 23.285 -2.1689
    endloop
  endfacet
  facet normal -0.0765385 0.48323 -0.872142
    outer loop
      vertex -9.9392 18.1423 -5.30265
      vertex -1.2171 3.2132 -14.3399
      vertex -1.5586 3.15911 -14.3399
    endloop
  endfacet
  facet normal -0.076585 0.483208 -0.87215
    outer loop
      vertex -1.2171 3.2132 -14.3399
      vertex -9.9392 18.1423 -5.30265
      vertex -9.88478 18.2261 -5.261
    endloop
  endfacet
  facet normal -0.0766309 0.483187 -0.872157
    outer loop
      vertex -9.9392 18.1423 -5.30265
      vertex -1.5586 3.15911 -14.3399
      vertex -10.1231 17.9933 -5.36904
    endloop
  endfacet
  facet normal -0.156461 0.987684 0
    outer loop
      vertex -12.8368 24.6383 -0.380794
      vertex -13.5798 24.5206 0.380794
      vertex -12.8368 24.6383 0.380794
    endloop
  endfacet
  facet normal -0.156461 0.987684 0
    outer loop
      vertex -13.5798 24.5206 0.380794
      vertex -12.8368 24.6383 -0.380794
      vertex -13.5798 24.5206 -0.380794
    endloop
  endfacet
  facet normal 0.127044 0.802494 0.582978
    outer loop
      vertex -12.8368 24.4029 1.10511
      vertex -12.8368 23.9553 1.72125
      vertex -12.1666 24.2968 1.10511
    endloop
  endfacet
  facet normal -0.127044 0.802494 0.582978
    outer loop
      vertex -12.8368 24.4029 1.10511
      vertex -13.507 24.2968 1.10511
      vertex -12.8368 23.9553 1.72125
    endloop
  endfacet
  facet normal -0.940464 0.148886 0.30555
    outer loop
      vertex -14.8996 22.9042 1.10511
      vertex -15.1234 22.977 0.380794
      vertex -15.0057 22.234 1.10511
    endloop
  endfacet
  facet normal -0.848378 -0.43229 -0.305582
    outer loop
      vertex -14.7819 -23.6472 -0.380794
      vertex -15.1234 -22.977 -0.380794
      vertex -14.8996 -22.9042 -1.10511
    endloop
  endfacet
  facet normal -0.723846 -0.368863 0.583084
    outer loop
      vertex -14.4738 -22.7659 1.72125
      vertex -14.5915 -23.5089 1.10511
      vertex -14.2293 -23.2457 1.72125
    endloop
  endfacet
  facet normal 0.308715 -0.0488977 0.949897
    outer loop
      vertex 3.53932 0 14.3399
      vertex 2.79637 -0.117671 14.5753
      vertex 3.48523 -0.341496 14.3399
    endloop
  endfacet
  facet normal -0.278487 -0.141907 0.949899
    outer loop
      vertex -1.57926 -2.22576 14.5753
      vertex -2.11116 -2.75765 14.3399
      vertex -1.52517 -2.33191 14.5753
    endloop
  endfacet
  facet normal -0.940464 -0.148886 0.30555
    outer loop
      vertex -15.0057 -22.234 1.10511
      vertex -15.1234 -22.977 0.380794
      vertex -14.8996 -22.9042 1.10511
    endloop
  endfacet
  facet normal -0.585211 0.0926849 0.805567
    outer loop
      vertex -2.85411 2.63998 13.8923
      vertex -2.93835 2.10809 13.8923
      vertex -2.32221 2.10809 14.3399
    endloop
  endfacet
  facet normal 0.142589 0.571176 0.808348
    outer loop
      vertex -12.3049 23.871 1.72125
      vertex -10.4438 20.5163 3.76338
      vertex -10.3226 20.4376 3.79761
    endloop
  endfacet
  facet normal 0.142532 0.571158 0.808371
    outer loop
      vertex -12.3049 23.871 1.72125
      vertex -10.8971 20.6377 3.75753
      vertex -10.4438 20.5163 3.76338
    endloop
  endfacet
  facet normal 0.142596 0.571173 0.808349
    outer loop
      vertex -12.4953 23.285 2.1689
      vertex -10.8971 20.6377 3.75753
      vertex -12.3049 23.871 1.72125
    endloop
  endfacet
  facet normal 0.142966 0.571302 0.808192
    outer loop
      vertex -10.8971 20.6377 3.75753
      vertex -12.4953 23.285 2.1689
      vertex -10.9648 20.6342 3.77198
    endloop
  endfacet
  facet normal 0.142491 0.571137 0.808393
    outer loop
      vertex -9.6836 18.5358 5.02863
      vertex -0.685211 3.74509 13.8923
      vertex -9.56214 18.9892 4.68689
    endloop
  endfacet
  facet normal 0.142721 0.571213 0.808298
    outer loop
      vertex -9.56214 18.9892 4.68689
      vertex -0.685211 3.74509 13.8923
      vertex -9.5697 19.1335 4.58625
    endloop
  endfacet
  facet normal 0.143217 0.571393 0.808083
    outer loop
      vertex -9.72054 18.479 5.07534
      vertex -0.685211 3.74509 13.8923
      vertex -9.6836 18.5358 5.02863
    endloop
  endfacet
  facet normal 0.142549 0.571155 0.80837
    outer loop
      vertex -0.685211 3.74509 13.8923
      vertex -9.72054 18.479 5.07534
      vertex -0.875608 3.15911 14.3399
    endloop
  endfacet
  facet normal 0.1419 0.278493 0.949898
    outer loop
      vertex -0.875608 3.15911 14.3399
      vertex -1.09943 2.47024 14.5753
      vertex -0.567539 3.00214 14.3399
    endloop
  endfacet
  facet normal -0.308715 -0.0489033 0.949896
    outer loop
      vertex -1.5979 -2.10809 14.5753
      vertex -2.32221 -2.10809 14.3399
      vertex -1.57926 -2.22576 14.5753
    endloop
  endfacet
  facet normal 0.723865 0.368862 -0.583061
    outer loop
      vertex 27.7364 0.670226 -1.10511
      vertex 27.3106 0.531894 -1.72125
      vertex 27.4283 1.27485 -1.10511
    endloop
  endfacet
  facet normal 0.673279 0.673292 0.30557
    outer loop
      vertex 27.0868 1.94507 0.380794
      vertex 27.4283 1.27485 1.10511
      vertex 27.6187 1.41318 0.380794
    endloop
  endfacet
  facet normal 0.673306 0.673278 0.305544
    outer loop
      vertex 27.4283 1.27485 1.10511
      vertex 27.0868 1.94507 0.380794
      vertex 26.9485 1.75467 1.10511
    endloop
  endfacet
  facet normal 0.432316 0.848354 0.305611
    outer loop
      vertex -11.4236 24.1791 0.380794
      vertex -12.1666 24.2968 1.10511
      vertex -11.562 23.9887 1.10511
    endloop
  endfacet
  facet normal 0.527991 -0.269043 0.805507
    outer loop
      vertex 27.3106 -0.531894 1.72125
      vertex 26.5677 -0.649566 2.1689
      vertex 27.0661 -1.01172 1.72125
    endloop
  endfacet
  facet normal 0.268998 -0.527928 0.805564
    outer loop
      vertex -0.567539 -3.00214 14.3399
      vertex -0.685211 -3.74509 13.8923
      vertex -0.205382 -3.5006 13.8923
    endloop
  endfacet
  facet normal 0.294928 0.510829 0.807509
    outer loop
      vertex 3.44593 1.39252 13.8923
      vertex 1.93431 1.5577 14.3399
      vertex 3.08378 0.894051 14.3399
    endloop
  endfacet
  facet normal 0.294926 0.510859 0.807491
    outer loop
      vertex 3.44593 1.39252 13.8923
      vertex 1.46946 2.02254 14.2156
      vertex 1.93431 1.5577 14.3399
    endloop
  endfacet
  facet normal 0.294917 0.510813 0.807524
    outer loop
      vertex -0.205382 3.5006 13.8923
      vertex 1.46946 2.02254 14.2156
      vertex 3.44593 1.39252 13.8923
    endloop
  endfacet
  facet normal 0.295124 0.511005 0.807326
    outer loop
      vertex 1.46946 2.02254 14.2156
      vertex -0.205382 3.5006 13.8923
      vertex 0.772542 2.37764 14.2456
    endloop
  endfacet
  facet normal 0.294752 0.51077 0.807611
    outer loop
      vertex -0.205382 3.5006 13.8923
      vertex 0.416429 2.43404 14.3399
      vertex 0.772542 2.37764 14.2456
    endloop
  endfacet
  facet normal 0.294931 0.510831 0.807507
    outer loop
      vertex 0.416429 2.43404 14.3399
      vertex -0.205382 3.5006 13.8923
      vertex -0.567539 3.00214 14.3399
    endloop
  endfacet
  facet normal 0.527991 0.269043 0.805507
    outer loop
      vertex 27.0661 1.01172 1.72125
      vertex 26.5677 0.649566 2.1689
      vertex 27.3106 0.531894 1.72125
    endloop
  endfacet
  facet normal 0.221017 -0.221013 0.949897
    outer loop
      vertex 2.74228 -0.223825 14.5753
      vertex 3.08378 -0.894051 14.3399
      vertex 3.32826 -0.649566 14.3399
    endloop
  endfacet
  facet normal 0.221002 -0.221021 0.949899
    outer loop
      vertex 3.08378 -0.894051 14.3399
      vertex 2.74228 -0.223825 14.5753
      vertex 2.65803 -0.308068 14.5753
    endloop
  endfacet
  facet normal 0.361746 -0.626123 -0.690731
    outer loop
      vertex 26.6854 -1.39252 -1.72125
      vertex 22.5714 -1.42658 -3.84494
      vertex 22.6382 -1.39252 -3.84083
    endloop
  endfacet
  facet normal 0.361568 -0.626615 -0.690379
    outer loop
      vertex 26.6854 -1.39252 -1.72125
      vertex 22.1078 -1.5 -4.0211
      vertex 22.5714 -1.42658 -3.84494
    endloop
  endfacet
  facet normal 0.36147 -0.626875 -0.690194
    outer loop
      vertex 21.6443 -1.42658 -4.33046
      vertex 3.44593 -1.39252 -13.8923
      vertex 21.5775 -1.39252 -4.39638
    endloop
  endfacet
  facet normal 0.361658 -0.626407 -0.69052
    outer loop
      vertex -11.8251 -23.6265 -1.72125
      vertex 21.6443 -1.42658 -4.33046
      vertex 22.1078 -1.5 -4.0211
    endloop
  endfacet
  facet normal 0.36165 -0.626396 -0.690534
    outer loop
      vertex 21.6443 -1.42658 -4.33046
      vertex -11.8251 -23.6265 -1.72125
      vertex 3.44593 -1.39252 -13.8923
    endloop
  endfacet
  facet normal 0.361645 -0.62639 -0.690542
    outer loop
      vertex -11.8251 -23.6265 -1.72125
      vertex 22.1078 -1.5 -4.0211
      vertex 26.6854 -1.39252 -1.72125
    endloop
  endfacet
  facet normal 0.361746 -0.626123 0.690731
    outer loop
      vertex 22.5714 -1.42658 3.84494
      vertex 26.6854 -1.39252 1.72125
      vertex 22.6382 -1.39252 3.84083
    endloop
  endfacet
  facet normal 0.361568 -0.626615 0.690379
    outer loop
      vertex 22.1078 -1.5 4.0211
      vertex 26.6854 -1.39252 1.72125
      vertex 22.5714 -1.42658 3.84494
    endloop
  endfacet
  facet normal 0.36147 -0.626875 0.690194
    outer loop
      vertex 3.44593 -1.39252 13.8923
      vertex 21.6443 -1.42658 4.33046
      vertex 21.5775 -1.39252 4.39638
    endloop
  endfacet
  facet normal 0.36165 -0.626396 0.690534
    outer loop
      vertex -11.8251 -23.6265 1.72125
      vertex 21.6443 -1.42658 4.33046
      vertex 3.44593 -1.39252 13.8923
    endloop
  endfacet
  facet normal 0.361645 -0.62639 0.690542
    outer loop
      vertex 22.1078 -1.5 4.0211
      vertex -11.8251 -23.6265 1.72125
      vertex 26.6854 -1.39252 1.72125
    endloop
  endfacet
  facet normal 0.361658 -0.626407 0.69052
    outer loop
      vertex 21.6443 -1.42658 4.33046
      vertex -11.8251 -23.6265 1.72125
      vertex 22.1078 -1.5 4.0211
    endloop
  endfacet
  facet normal -0.987684 0.156461 0
    outer loop
      vertex -15.2411 22.234 -0.380794
      vertex -15.1234 22.977 0.380794
      vertex -15.1234 22.977 -0.380794
    endloop
  endfacet
  facet normal -0.987684 0.156461 0
    outer loop
      vertex -15.1234 22.977 0.380794
      vertex -15.2411 22.234 -0.380794
      vertex -15.2411 22.234 0.380794
    endloop
  endfacet
  facet normal 0.405266 -0.701943 -0.585693
    outer loop
      vertex 26.6854 -1.39252 -1.72125
      vertex -11.562 -23.9887 -1.10511
      vertex -11.8251 -23.6265 -1.72125
    endloop
  endfacet
  facet normal 0.40528 -0.701966 -0.585656
    outer loop
      vertex -11.562 -23.9887 -1.10511
      vertex 26.6854 -1.39252 -1.72125
      vertex 26.9485 -1.75467 -1.10511
    endloop
  endfacet
  facet normal 0.432247 -0.848419 -0.30553
    outer loop
      vertex -12.0939 -24.5206 -0.380794
      vertex -12.1666 -24.2968 -1.10511
      vertex -11.4236 -24.1791 -0.380794
    endloop
  endfacet
  facet normal -0.574458 -0.574458 0.583092
    outer loop
      vertex -14.2293 -23.2457 1.72125
      vertex -14.1117 -23.9887 1.10511
      vertex -13.8485 -23.6265 1.72125
    endloop
  endfacet
  facet normal -0.574458 -0.574458 0.583092
    outer loop
      vertex -14.1117 -23.9887 1.10511
      vertex -14.2293 -23.2457 1.72125
      vertex -14.5915 -23.5089 1.10511
    endloop
  endfacet
  facet normal 0.432316 -0.848354 0.305611
    outer loop
      vertex -11.562 -23.9887 1.10511
      vertex -12.1666 -24.2968 1.10511
      vertex -11.4236 -24.1791 0.380794
    endloop
  endfacet
  facet normal -0.564892 -0.163035 0.808898
    outer loop
      vertex -2.85411 -2.63998 13.8923
      vertex -11.0513 -17.6625 5.14
      vertex -2.26812 -2.44958 14.3399
    endloop
  endfacet
  facet normal -0.564915 -0.163015 0.808886
    outer loop
      vertex -2.85411 -2.63998 13.8923
      vertex -11.2107 -17.6542 5.03035
      vertex -11.0513 -17.6625 5.14
    endloop
  endfacet
  facet normal -0.564979 -0.16296 0.808853
    outer loop
      vertex -11.2107 -17.6542 5.03035
      vertex -2.85411 -2.63998 13.8923
      vertex -11.5796 -17.753 4.75277
    endloop
  endfacet
  facet normal -0.564971 -0.162968 0.808857
    outer loop
      vertex -12.4242 -19.7561 3.75925
      vertex -13.8878 -22.5755 2.1689
      vertex -12.3373 -19.8899 3.79299
    endloop
  endfacet
  facet normal -0.564923 -0.163008 0.808882
    outer loop
      vertex -12.5231 -19.3871 3.76454
      vertex -13.8878 -22.5755 2.1689
      vertex -12.4242 -19.7561 3.75925
    endloop
  endfacet
  facet normal -0.564944 -0.162993 0.808871
    outer loop
      vertex -13.8878 -22.5755 2.1689
      vertex -12.5231 -19.3871 3.76454
      vertex -14.4738 -22.7659 1.72125
    endloop
  endfacet
  facet normal -0.43229 -0.848378 -0.305582
    outer loop
      vertex -13.5798 -24.5206 -0.380794
      vertex -14.25 -24.1791 -0.380794
      vertex -13.507 -24.2968 -1.10511
    endloop
  endfacet
  facet normal -0.707107 0.707107 0
    outer loop
      vertex -14.7819 23.6472 -0.380794
      vertex -14.25 24.1791 0.380794
      vertex -14.25 24.1791 -0.380794
    endloop
  endfacet
  facet normal -0.707107 0.707107 0
    outer loop
      vertex -14.25 24.1791 0.380794
      vertex -14.7819 23.6472 -0.380794
      vertex -14.7819 23.6472 0.380794
    endloop
  endfacet
  facet normal -0.940464 -0.148886 -0.30555
    outer loop
      vertex -14.8996 -22.9042 -1.10511
      vertex -15.1234 -22.977 -0.380794
      vertex -15.0057 -22.234 -1.10511
    endloop
  endfacet
  facet normal -0.940423 -0.148974 -0.305634
    outer loop
      vertex -15.1234 -22.977 -0.380794
      vertex -15.2411 -22.234 -0.380794
      vertex -15.0057 -22.234 -1.10511
    endloop
  endfacet
  facet normal -0.308715 -0.0488986 -0.949897
    outer loop
      vertex -2.26812 -2.44958 -14.3399
      vertex -2.32221 -2.10809 -14.3399
      vertex -1.57926 -2.22576 -14.5753
    endloop
  endfacet
  facet normal -0.890998 -0.454007 0
    outer loop
      vertex -14.7819 -23.6472 -0.380794
      vertex -15.1234 -22.977 0.380794
      vertex -15.1234 -22.977 -0.380794
    endloop
  endfacet
  facet normal -0.890998 -0.454007 0
    outer loop
      vertex -15.1234 -22.977 0.380794
      vertex -14.7819 -23.6472 -0.380794
      vertex -14.7819 -23.6472 0.380794
    endloop
  endfacet
  facet normal -0.890998 0.454007 0
    outer loop
      vertex -15.1234 22.977 -0.380794
      vertex -14.7819 23.6472 0.380794
      vertex -14.7819 23.6472 -0.380794
    endloop
  endfacet
  facet normal -0.890998 0.454007 0
    outer loop
      vertex -14.7819 23.6472 0.380794
      vertex -15.1234 22.977 -0.380794
      vertex -15.1234 22.977 0.380794
    endloop
  endfacet
  facet normal -0.802407 0.127172 -0.58307
    outer loop
      vertex -14.5581 22.234 -1.72125
      vertex -14.8996 22.9042 -1.10511
      vertex -14.4738 22.7659 -1.72125
    endloop
  endfacet
  facet normal -0.527997 -0.269061 -0.805497
    outer loop
      vertex -14.2293 -23.2457 -1.72125
      vertex -14.4738 -22.7659 -1.72125
      vertex -13.7309 -22.8836 -2.1689
    endloop
  endfacet
  facet normal 0.278496 0.141901 -0.949897
    outer loop
      vertex 3.48523 0.341496 -14.3399
      vertex 2.79637 0.117671 -14.5753
      vertex 3.32826 0.649566 -14.3399
    endloop
  endfacet
  facet normal -0.587741 0 -0.809049
    outer loop
      vertex -2.93835 -2.10809 -13.8923
      vertex -2.32221 -0.881325 -14.3399
      vertex -2.32221 -2.10809 -14.3399
    endloop
  endfacet
  facet normal -0.587415 -0.000249573 -0.809286
    outer loop
      vertex -2.32221 -0.881325 -14.3399
      vertex -2.93835 -2.10809 -13.8923
      vertex -2.37764 -0.772542 -14.2997
    endloop
  endfacet
  facet normal -0.5878 -3.17994e-06 -0.809007
    outer loop
      vertex -2.37764 -0.772542 -14.2997
      vertex -2.93835 -2.10809 -13.8923
      vertex -2.5 0 -14.2108
    endloop
  endfacet
  facet normal -0.587415 0.000249573 -0.809286
    outer loop
      vertex -2.93835 2.10809 -13.8923
      vertex -2.32221 0.881325 -14.3399
      vertex -2.37764 0.772542 -14.2997
    endloop
  endfacet
  facet normal -0.5878 3.17994e-06 -0.809007
    outer loop
      vertex -2.93835 2.10809 -13.8923
      vertex -2.37764 0.772542 -14.2997
      vertex -2.5 0 -14.2108
    endloop
  endfacet
  facet normal -0.58781 -0 -0.808999
    outer loop
      vertex -2.93835 2.10809 -13.8923
      vertex -2.5 0 -14.2108
      vertex -2.93835 -2.10809 -13.8923
    endloop
  endfacet
  facet normal -0.587741 0 -0.809049
    outer loop
      vertex -2.32221 0.881325 -14.3399
      vertex -2.93835 2.10809 -13.8923
      vertex -2.32221 2.10809 -14.3399
    endloop
  endfacet
  facet normal -0.722228 0.00128948 -0.691654
    outer loop
      vertex -12.353 18.396 -4.03098
      vertex -14.5581 22.234 -1.72125
      vertex -12.3744 18.4518 -4.00853
    endloop
  endfacet
  facet normal -0.7233 0 -0.690534
    outer loop
      vertex -2.93835 -2.10809 -13.8923
      vertex -12.3153 18.3495 -4.07041
      vertex -2.93835 2.10809 -13.8923
    endloop
  endfacet
  facet normal -0.7233 0 -0.690534
    outer loop
      vertex -12.3153 -18.3495 -4.07041
      vertex -12.3153 18.3495 -4.07041
      vertex -2.93835 -2.10809 -13.8923
    endloop
  endfacet
  facet normal -0.722785 -0 -0.691073
    outer loop
      vertex -12.3153 18.3495 -4.07041
      vertex -12.3153 -18.3495 -4.07041
      vertex -12.353 18.396 -4.03098
    endloop
  endfacet
  facet normal -0.722785 0 -0.691073
    outer loop
      vertex -12.353 -18.396 -4.03098
      vertex -12.353 18.396 -4.03098
      vertex -12.3153 -18.3495 -4.07041
    endloop
  endfacet
  facet normal -0.7233 -0 -0.690534
    outer loop
      vertex -12.353 18.396 -4.03098
      vertex -12.353 -18.396 -4.03098
      vertex -14.5581 22.234 -1.72125
    endloop
  endfacet
  facet normal -0.722228 -0.00128948 -0.691654
    outer loop
      vertex -14.5581 -22.234 -1.72125
      vertex -12.353 -18.396 -4.03098
      vertex -12.3744 -18.4518 -4.00853
    endloop
  endfacet
  facet normal -0.7233 0 -0.690534
    outer loop
      vertex -12.353 -18.396 -4.03098
      vertex -14.5581 -22.234 -1.72125
      vertex -14.5581 22.234 -1.72125
    endloop
  endfacet
  facet normal 0.268998 0.527928 -0.805564
    outer loop
      vertex -0.567539 3.00214 -14.3399
      vertex -0.685211 3.74509 -13.8923
      vertex -0.205382 3.5006 -13.8923
    endloop
  endfacet
  facet normal 0.940421 -0.148984 0.305633
    outer loop
      vertex 28.0779 0 0.380794
      vertex 27.8425 0 1.10511
      vertex 27.9602 -0.742951 0.380794
    endloop
  endfacet
  facet normal -0.564892 0.163035 -0.808898
    outer loop
      vertex -2.85411 2.63998 -13.8923
      vertex -11.0513 17.6625 -5.14
      vertex -2.26812 2.44958 -14.3399
    endloop
  endfacet
  facet normal -0.564915 0.163015 -0.808886
    outer loop
      vertex -2.85411 2.63998 -13.8923
      vertex -11.2107 17.6542 -5.03035
      vertex -11.0513 17.6625 -5.14
    endloop
  endfacet
  facet normal -0.564979 0.16296 -0.808853
    outer loop
      vertex -11.2107 17.6542 -5.03035
      vertex -2.85411 2.63998 -13.8923
      vertex -11.5796 17.753 -4.75277
    endloop
  endfacet
  facet normal -0.564971 0.162968 -0.808857
    outer loop
      vertex -12.4242 19.7561 -3.75925
      vertex -13.8878 22.5755 -2.1689
      vertex -12.3373 19.8899 -3.79299
    endloop
  endfacet
  facet normal -0.564923 0.163008 -0.808882
    outer loop
      vertex -12.5231 19.3871 -3.76454
      vertex -13.8878 22.5755 -2.1689
      vertex -12.4242 19.7561 -3.75925
    endloop
  endfacet
  facet normal -0.564944 0.162993 -0.808871
    outer loop
      vertex -13.8878 22.5755 -2.1689
      vertex -12.5231 19.3871 -3.76454
      vertex -14.4738 22.7659 -1.72125
    endloop
  endfacet
  facet normal 0.268998 0.527928 0.805564
    outer loop
      vertex -0.205382 3.5006 13.8923
      vertex -0.685211 3.74509 13.8923
      vertex -0.567539 3.00214 14.3399
    endloop
  endfacet
  facet normal -0.471954 0.240458 -0.848197
    outer loop
      vertex -11.0513 17.6625 -5.14
      vertex -2.11116 2.75765 -14.3399
      vertex -2.26812 2.44958 -14.3399
    endloop
  endfacet
  facet normal -0.471313 0.240958 -0.848412
    outer loop
      vertex -2.11116 2.75765 -14.3399
      vertex -10.7421 17.6787 -5.30748
      vertex -10.7288 17.6838 -5.31342
    endloop
  endfacet
  facet normal -0.472016 0.240409 -0.848177
    outer loop
      vertex -2.11116 2.75765 -14.3399
      vertex -11.0513 17.6625 -5.14
      vertex -10.7421 17.6787 -5.30748
    endloop
  endfacet
  facet normal -0.473659 0.2389 -0.847688
    outer loop
      vertex -13.8878 22.5755 -2.1689
      vertex -12.1576 20.1586 -3.81682
      vertex -12.1686 20.1496 -3.81321
    endloop
  endfacet
  facet normal -0.4719 0.240503 -0.848215
    outer loop
      vertex -13.8878 22.5755 -2.1689
      vertex -12.1686 20.1496 -3.81321
      vertex -12.3373 19.8899 -3.79299
    endloop
  endfacet
  facet normal -0.472041 0.240387 -0.84817
    outer loop
      vertex -12.1576 20.1586 -3.81682
      vertex -13.8878 22.5755 -2.1689
      vertex -13.7309 22.8836 -2.1689
    endloop
  endfacet
  facet normal 0.432247 0.848419 -0.30553
    outer loop
      vertex -11.4236 24.1791 -0.380794
      vertex -12.1666 24.2968 -1.10511
      vertex -12.0939 24.5206 -0.380794
    endloop
  endfacet
  facet normal -0.802494 0.127044 0.582978
    outer loop
      vertex -14.8996 22.9042 1.10511
      vertex -15.0057 22.234 1.10511
      vertex -14.5581 22.234 1.72125
    endloop
  endfacet
  facet normal 0.0873972 0.551967 0.829274
    outer loop
      vertex -12.4953 23.285 2.1689
      vertex -11.266 20.6184 3.81424
      vertex -10.9648 20.6342 3.77198
    endloop
  endfacet
  facet normal 0.0874439 0.55198 0.82926
    outer loop
      vertex -11.266 20.6184 3.81424
      vertex -12.4953 23.285 2.1689
      vertex -12.8368 23.3391 2.1689
    endloop
  endfacet
  facet normal 0.0874281 0.551969 0.829269
    outer loop
      vertex -9.72054 18.479 5.07534
      vertex -1.2171 3.2132 14.3399
      vertex -0.875608 3.15911 14.3399
    endloop
  endfacet
  facet normal 0.0874593 0.55198 0.829258
    outer loop
      vertex -1.2171 3.2132 14.3399
      vertex -9.72054 18.479 5.07534
      vertex -9.88478 18.2261 5.261
    endloop
  endfacet
  facet normal -0.848378 0.43229 0.305582
    outer loop
      vertex -14.7819 23.6472 0.380794
      vertex -15.1234 22.977 0.380794
      vertex -14.8996 22.9042 1.10511
    endloop
  endfacet
  facet normal -0.148886 0.940464 0.30555
    outer loop
      vertex -12.8368 24.4029 1.10511
      vertex -13.5798 24.5206 0.380794
      vertex -13.507 24.2968 1.10511
    endloop
  endfacet
  facet normal -0.148974 0.940423 0.305634
    outer loop
      vertex -12.8368 24.6383 0.380794
      vertex -13.5798 24.5206 0.380794
      vertex -12.8368 24.4029 1.10511
    endloop
  endfacet
  facet normal 0.432247 0.848419 0.30553
    outer loop
      vertex -12.0939 24.5206 0.380794
      vertex -12.1666 24.2968 1.10511
      vertex -11.4236 24.1791 0.380794
    endloop
  endfacet
  facet normal -0.809049 0 0.587741
    outer loop
      vertex -15.0057 -22.234 1.10511
      vertex -14.5581 22.234 1.72125
      vertex -15.0057 22.234 1.10511
    endloop
  endfacet
  facet normal -0.809049 0 0.587741
    outer loop
      vertex -14.5581 22.234 1.72125
      vertex -15.0057 -22.234 1.10511
      vertex -14.5581 -22.234 1.72125
    endloop
  endfacet
  facet normal -0.940423 0.148974 0.305634
    outer loop
      vertex -15.1234 22.977 0.380794
      vertex -15.2411 22.234 0.380794
      vertex -15.0057 22.234 1.10511
    endloop
  endfacet
  facet normal -0.585205 0.092693 0.80557
    outer loop
      vertex -2.26812 2.44958 14.3399
      vertex -2.85411 2.63998 13.8923
      vertex -2.32221 2.10809 14.3399
    endloop
  endfacet
  facet normal -0.722228 0.00128948 0.691654
    outer loop
      vertex -14.5581 22.234 1.72125
      vertex -12.353 18.396 4.03098
      vertex -12.3744 18.4518 4.00853
    endloop
  endfacet
  facet normal -0.722785 0 0.691073
    outer loop
      vertex -12.3153 -18.3495 4.07041
      vertex -12.3153 18.3495 4.07041
      vertex -12.353 18.396 4.03098
    endloop
  endfacet
  facet normal -0.7233 0 0.690534
    outer loop
      vertex -12.3153 18.3495 4.07041
      vertex -2.93835 -2.10809 13.8923
      vertex -2.93835 2.10809 13.8923
    endloop
  endfacet
  facet normal -0.7233 0 0.690534
    outer loop
      vertex -12.353 -18.396 4.03098
      vertex -12.353 18.396 4.03098
      vertex -14.5581 22.234 1.72125
    endloop
  endfacet
  facet normal -0.7233 0 0.690534
    outer loop
      vertex -12.3153 18.3495 4.07041
      vertex -12.3153 -18.3495 4.07041
      vertex -2.93835 -2.10809 13.8923
    endloop
  endfacet
  facet normal -0.722785 0 0.691073
    outer loop
      vertex -12.353 18.396 4.03098
      vertex -12.353 -18.396 4.03098
      vertex -12.3153 -18.3495 4.07041
    endloop
  endfacet
  facet normal -0.7233 0 0.690534
    outer loop
      vertex -14.5581 -22.234 1.72125
      vertex -12.353 -18.396 4.03098
      vertex -14.5581 22.234 1.72125
    endloop
  endfacet
  facet normal -0.722228 -0.00128948 0.691654
    outer loop
      vertex -12.353 -18.396 4.03098
      vertex -14.5581 -22.234 1.72125
      vertex -12.3744 -18.4518 4.00853
    endloop
  endfacet
  facet normal -0.1419 -0.278494 0.949898
    outer loop
      vertex -1.33478 -2.47024 14.5753
      vertex -1.86667 -3.00214 14.3399
      vertex -1.5586 -3.15911 14.3399
    endloop
  endfacet
  facet normal -0.210855 -0.413824 0.885601
    outer loop
      vertex -10.3039 -17.8469 5.3944
      vertex -1.5586 -3.15911 14.3399
      vertex -1.86667 -3.00214 14.3399
    endloop
  endfacet
  facet normal -0.210864 -0.413819 0.885602
    outer loop
      vertex -1.5586 -3.15911 14.3399
      vertex -10.3039 -17.8469 5.3944
      vertex -10.1231 -17.9933 5.36904
    endloop
  endfacet
  facet normal -0.210784 -0.413863 0.8856
    outer loop
      vertex -10.3039 -17.8469 5.3944
      vertex -1.86667 -3.00214 14.3399
      vertex -10.4131 -17.805 5.38799
    endloop
  endfacet
  facet normal -0.210882 -0.413816 0.885599
    outer loop
      vertex -11.8039 -20.445 3.82323
      vertex -13.1783 -23.285 2.1689
      vertex -11.5867 -20.5284 3.83598
    endloop
  endfacet
  facet normal -0.210847 -0.413824 0.885603
    outer loop
      vertex -13.4864 -23.1281 2.1689
      vertex -11.8039 -20.445 3.82323
      vertex -11.8948 -20.3714 3.83598
    endloop
  endfacet
  facet normal -0.210765 -0.413873 0.8856
    outer loop
      vertex -11.8039 -20.445 3.82323
      vertex -13.4864 -23.1281 2.1689
      vertex -13.1783 -23.285 2.1689
    endloop
  endfacet
  facet normal -0.631802 -0.100064 0.768644
    outer loop
      vertex -11.664 -17.7756 4.68045
      vertex -2.85411 -2.63998 13.8923
      vertex -2.93835 -2.10809 13.8923
    endloop
  endfacet
  facet normal -0.631827 -0.100039 0.768627
    outer loop
      vertex -2.85411 -2.63998 13.8923
      vertex -11.664 -17.7756 4.68045
      vertex -11.5796 -17.753 4.75277
    endloop
  endfacet
  facet normal -0.631779 -0.100086 0.76866
    outer loop
      vertex -2.93835 -2.10809 13.8923
      vertex -12.0576 -18.0312 4.32366
      vertex -11.664 -17.7756 4.68045
    endloop
  endfacet
  facet normal -0.631748 -0.100117 0.768681
    outer loop
      vertex -12.0576 -18.0312 4.32366
      vertex -2.93835 -2.10809 13.8923
      vertex -12.3153 -18.3495 4.07041
    endloop
  endfacet
  facet normal -0.631831 -0.10002 0.768626
    outer loop
      vertex -14.5581 -22.234 1.72125
      vertex -12.5457 -19.3027 3.75694
      vertex -12.5211 -18.8341 3.83814
    endloop
  endfacet
  facet normal -0.631528 -0.100331 0.768834
    outer loop
      vertex -14.5581 -22.234 1.72125
      vertex -12.5211 -18.8341 3.83814
      vertex -12.3744 -18.4518 4.00853
    endloop
  endfacet
  facet normal -0.631741 -0.100124 0.768686
    outer loop
      vertex -12.5457 -19.3027 3.75694
      vertex -14.5581 -22.234 1.72125
      vertex -14.4738 -22.7659 1.72125
    endloop
  endfacet
  facet normal -0.631879 -0.0999902 0.76859
    outer loop
      vertex -12.5231 -19.3871 3.76454
      vertex -12.5457 -19.3027 3.75694
      vertex -14.4738 -22.7659 1.72125
    endloop
  endfacet
  facet normal 0.40528 0.701966 -0.585656
    outer loop
      vertex 26.6854 1.39252 -1.72125
      vertex -11.562 23.9887 -1.10511
      vertex 26.9485 1.75467 -1.10511
    endloop
  endfacet
  facet normal 0.405266 0.701943 -0.585693
    outer loop
      vertex -11.562 23.9887 -1.10511
      vertex 26.6854 1.39252 -1.72125
      vertex -11.8251 23.6265 -1.72125
    endloop
  endfacet
  facet normal 0.0488977 -0.308711 -0.949898
    outer loop
      vertex -0.875608 -3.15911 -14.3399
      vertex -1.2171 -3.2132 -14.3399
      vertex -1.09943 -2.47024 -14.5753
    endloop
  endfacet
  facet normal 0.47578 0.824073 -0.307468
    outer loop
      vertex 26.9485 1.75467 -1.10511
      vertex -11.4236 24.1791 -0.380794
      vertex 27.0868 1.94507 -0.380794
    endloop
  endfacet
  facet normal 0.475769 0.824057 -0.307527
    outer loop
      vertex -11.4236 24.1791 -0.380794
      vertex 26.9485 1.75467 -1.10511
      vertex -11.562 23.9887 -1.10511
    endloop
  endfacet
  facet normal 0.723873 -0.368856 0.583055
    outer loop
      vertex 27.3106 -0.531894 1.72125
      vertex 27.0661 -1.01172 1.72125
      vertex 27.4283 -1.27485 1.10511
    endloop
  endfacet
  facet normal 0 0 1
    outer loop
      vertex 2.5 0 14.5753
      vertex 2.815 0 14.5753
      vertex 2.79637 0.117671 14.5753
    endloop
  endfacet
  facet normal 0 0 1
    outer loop
      vertex 2.5 0 14.5753
      vertex 2.79637 0.117671 14.5753
      vertex 2.74228 0.223825 14.5753
    endloop
  endfacet
  facet normal 0 0 1
    outer loop
      vertex 2.815 0 14.5753
      vertex 2.5 0 14.5753
      vertex 2.79637 -0.117671 14.5753
    endloop
  endfacet
  facet normal 0 0 1
    outer loop
      vertex 2.5 0 14.5753
      vertex 2.74228 0.223825 14.5753
      vertex 2.65803 0.308068 14.5753
    endloop
  endfacet
  facet normal 0 0 1
    outer loop
      vertex 2.79637 -0.117671 14.5753
      vertex 2.5 0 14.5753
      vertex 2.74228 -0.223825 14.5753
    endloop
  endfacet
  facet normal 0 0 1
    outer loop
      vertex 2.74228 -0.223825 14.5753
      vertex 2.5 0 14.5753
      vertex 2.65803 -0.308068 14.5753
    endloop
  endfacet
  facet normal 0 -0 1
    outer loop
      vertex 2.5 0 14.5753
      vertex 2.65803 0.308068 14.5753
      vertex 2.43039 0.439499 14.5753
    endloop
  endfacet
  facet normal 0 0 1
    outer loop
      vertex 2.65803 -0.308068 14.5753
      vertex 2.5 0 14.5753
      vertex 2.43039 -0.439499 14.5753
    endloop
  endfacet
  facet normal 0 0 1
    outer loop
      vertex -1.46946 2.02254 14.5753
      vertex -0.99328 2.41616 14.5753
      vertex -1.09943 2.47024 14.5753
    endloop
  endfacet
  facet normal 0 0 1
    outer loop
      vertex -1.46946 2.02254 14.5753
      vertex -1.09943 2.47024 14.5753
      vertex -1.2171 2.48888 14.5753
    endloop
  endfacet
  facet normal 0 0 1
    outer loop
      vertex -1.46946 2.02254 14.5753
      vertex -1.2171 2.48888 14.5753
      vertex -1.33478 2.47024 14.5753
    endloop
  endfacet
  facet normal 0 0 1
    outer loop
      vertex -1.46946 2.02254 14.5753
      vertex -1.33478 2.47024 14.5753
      vertex -1.44093 2.41616 14.5753
    endloop
  endfacet
  facet normal 0 0 1
    outer loop
      vertex -0.99328 2.41616 14.5753
      vertex -1.46946 2.02254 14.5753
      vertex -0.854362 2.33595 14.5753
    endloop
  endfacet
  facet normal -0 0 1
    outer loop
      vertex -1.52517 2.33191 14.5753
      vertex -1.46946 2.02254 14.5753
      vertex -1.44093 2.41616 14.5753
    endloop
  endfacet
  facet normal -0 0 1
    outer loop
      vertex -1.57926 2.22576 14.5753
      vertex -1.46946 2.02254 14.5753
      vertex -1.52517 2.33191 14.5753
    endloop
  endfacet
  facet normal -0 0 1
    outer loop
      vertex -1.5979 2.10809 14.5753
      vertex -1.46946 2.02254 14.5753
      vertex -1.57926 2.22576 14.5753
    endloop
  endfacet
  facet normal 0 0 1
    outer loop
      vertex -1.46946 2.02254 14.5753
      vertex -1.5979 2.10809 14.5753
      vertex -1.5979 1.89411 14.5753
    endloop
  endfacet
  facet normal 0 0 1
    outer loop
      vertex -1.46946 -2.02254 14.5753
      vertex -0.99328 -2.41616 14.5753
      vertex -0.854362 -2.33595 14.5753
    endloop
  endfacet
  facet normal 0 0 1
    outer loop
      vertex -0.99328 -2.41616 14.5753
      vertex -1.46946 -2.02254 14.5753
      vertex -1.09943 -2.47024 14.5753
    endloop
  endfacet
  facet normal 0 0 1
    outer loop
      vertex -1.09943 -2.47024 14.5753
      vertex -1.46946 -2.02254 14.5753
      vertex -1.2171 -2.48888 14.5753
    endloop
  endfacet
  facet normal 0 0 1
    outer loop
      vertex -1.2171 -2.48888 14.5753
      vertex -1.46946 -2.02254 14.5753
      vertex -1.33478 -2.47024 14.5753
    endloop
  endfacet
  facet normal 0 0 1
    outer loop
      vertex -1.33478 -2.47024 14.5753
      vertex -1.46946 -2.02254 14.5753
      vertex -1.44093 -2.41616 14.5753
    endloop
  endfacet
  facet normal 0 0 1
    outer loop
      vertex -1.46946 -2.02254 14.5753
      vertex -1.52517 -2.33191 14.5753
      vertex -1.44093 -2.41616 14.5753
    endloop
  endfacet
  facet normal 0 0 1
    outer loop
      vertex -1.46946 -2.02254 14.5753
      vertex -1.57926 -2.22576 14.5753
      vertex -1.52517 -2.33191 14.5753
    endloop
  endfacet
  facet normal 0 0 1
    outer loop
      vertex -1.5979 -2.10809 14.5753
      vertex -1.46946 -2.02254 14.5753
      vertex -1.5979 -1.89411 14.5753
    endloop
  endfacet
  facet normal 0 0 1
    outer loop
      vertex -1.46946 -2.02254 14.5753
      vertex -1.5979 -2.10809 14.5753
      vertex -1.57926 -2.22576 14.5753
    endloop
  endfacet
  facet normal 0.418965 0.418965 0.805566
    outer loop
      vertex 3.44593 1.39252 13.8923
      vertex 3.32826 0.649566 14.3399
      vertex 3.82673 1.01172 13.8923
    endloop
  endfacet
  facet normal 0.418971 0.418963 0.805564
    outer loop
      vertex 3.32826 0.649566 14.3399
      vertex 3.44593 1.39252 13.8923
      vertex 3.08378 0.894051 14.3399
    endloop
  endfacet
  facet normal 0.723865 0.368862 0.583061
    outer loop
      vertex 27.4283 1.27485 1.10511
      vertex 27.3106 0.531894 1.72125
      vertex 27.7364 0.670226 1.10511
    endloop
  endfacet
  facet normal 0.42208 -0.41511 0.805936
    outer loop
      vertex 23.3214 -0.881678 3.74948
      vertex 26.5677 -0.649566 2.1689
      vertex 23.4396 -0.649566 3.80713
    endloop
  endfacet
  facet normal 0.422045 -0.415355 0.805828
    outer loop
      vertex 23.1913 -1.01172 3.75059
      vertex 26.5677 -0.649566 2.1689
      vertex 23.3214 -0.881678 3.74948
    endloop
  endfacet
  facet normal 0.422053 -0.415276 0.805864
    outer loop
      vertex 26.5677 -0.649566 2.1689
      vertex 23.1913 -1.01172 3.75059
      vertex 27.0661 -1.01172 1.72125
    endloop
  endfacet
  facet normal 0.422093 -0.415075 0.805947
    outer loop
      vertex 20.8943 -0.881678 5.02059
      vertex 3.82673 -1.01172 13.8923
      vertex 21.0244 -1.01172 4.88548
    endloop
  endfacet
  facet normal 0.422074 -0.415167 0.805909
    outer loop
      vertex 20.776 -0.649566 5.20212
      vertex 3.82673 -1.01172 13.8923
      vertex 20.8943 -0.881678 5.02059
    endloop
  endfacet
  facet normal 0.422083 -0.415121 0.805928
    outer loop
      vertex 3.82673 -1.01172 13.8923
      vertex 20.776 -0.649566 5.20212
      vertex 3.32826 -0.649566 14.3399
    endloop
  endfacet
  facet normal 0.802494 -0.127039 0.582979
    outer loop
      vertex 27.8425 0 1.10511
      vertex 27.3949 0 1.72125
      vertex 27.7364 -0.670226 1.10511
    endloop
  endfacet
  facet normal 0.405266 -0.701943 0.585693
    outer loop
      vertex -11.562 -23.9887 1.10511
      vertex 26.6854 -1.39252 1.72125
      vertex -11.8251 -23.6265 1.72125
    endloop
  endfacet
  facet normal 0.40528 -0.701966 0.585656
    outer loop
      vertex 26.6854 -1.39252 1.72125
      vertex -11.562 -23.9887 1.10511
      vertex 26.9485 -1.75467 1.10511
    endloop
  endfacet
  facet normal -0.127172 -0.802407 -0.58307
    outer loop
      vertex -12.8368 -23.9553 -1.72125
      vertex -13.507 -24.2968 -1.10511
      vertex -13.3687 -23.871 -1.72125
    endloop
  endfacet
  facet normal -0.368828 -0.72389 -0.583051
    outer loop
      vertex -13.507 -24.2968 -1.10511
      vertex -14.1117 -23.9887 -1.10511
      vertex -13.3687 -23.871 -1.72125
    endloop
  endfacet
  facet normal 0.0927494 -0.585213 -0.805558
    outer loop
      vertex -12.3049 -23.871 -1.72125
      vertex -12.8368 -23.9553 -1.72125
      vertex -12.8368 -23.3391 -2.1689
    endloop
  endfacet
  facet normal 0.368878 -0.723868 -0.583047
    outer loop
      vertex -12.1666 -24.2968 -1.10511
      vertex -12.3049 -23.871 -1.72125
      vertex -11.562 -23.9887 -1.10511
    endloop
  endfacet
  facet normal 0.148994 -0.94042 0.305633
    outer loop
      vertex -12.8368 -24.4029 1.10511
      vertex -12.8368 -24.6383 0.380794
      vertex -12.0939 -24.5206 0.380794
    endloop
  endfacet
  facet normal -0.72389 -0.368828 0.583051
    outer loop
      vertex -14.4738 -22.7659 1.72125
      vertex -14.8996 -22.9042 1.10511
      vertex -14.5915 -23.5089 1.10511
    endloop
  endfacet
  facet normal -0.848378 -0.43229 0.305582
    outer loop
      vertex -14.8996 -22.9042 1.10511
      vertex -15.1234 -22.977 0.380794
      vertex -14.7819 -23.6472 0.380794
    endloop
  endfacet
  facet normal -0.574458 -0.574458 -0.583092
    outer loop
      vertex -14.1117 -23.9887 -1.10511
      vertex -14.2293 -23.2457 -1.72125
      vertex -13.8485 -23.6265 -1.72125
    endloop
  endfacet
  facet normal -0.574458 -0.574458 -0.583092
    outer loop
      vertex -14.2293 -23.2457 -1.72125
      vertex -14.1117 -23.9887 -1.10511
      vertex -14.5915 -23.5089 -1.10511
    endloop
  endfacet
  facet normal -0.72389 -0.368828 -0.583051
    outer loop
      vertex -14.5915 -23.5089 -1.10511
      vertex -14.8996 -22.9042 -1.10511
      vertex -14.4738 -22.7659 -1.72125
    endloop
  endfacet
  facet normal -0.802407 -0.127172 -0.58307
    outer loop
      vertex -14.4738 -22.7659 -1.72125
      vertex -14.8996 -22.9042 -1.10511
      vertex -14.5581 -22.234 -1.72125
    endloop
  endfacet
  facet normal -0.940423 -0.148974 0.305634
    outer loop
      vertex -15.0057 -22.234 1.10511
      vertex -15.2411 -22.234 0.380794
      vertex -15.1234 -22.977 0.380794
    endloop
  endfacet
  facet normal -0.22103 0.221004 -0.949896
    outer loop
      vertex -1.52517 2.33191 -14.5753
      vertex -1.86667 3.00214 -14.3399
      vertex -1.44093 2.41616 -14.5753
    endloop
  endfacet
  facet normal -0.221013 0.221013 -0.949898
    outer loop
      vertex -1.86667 3.00214 -14.3399
      vertex -1.52517 2.33191 -14.5753
      vertex -2.11116 2.75765 -14.3399
    endloop
  endfacet
  facet normal -0.585205 0.092693 -0.80557
    outer loop
      vertex -2.32221 2.10809 -14.3399
      vertex -2.85411 2.63998 -13.8923
      vertex -2.26812 2.44958 -14.3399
    endloop
  endfacet
  facet normal -0.472041 -0.240387 -0.84817
    outer loop
      vertex -13.8878 -22.5755 -2.1689
      vertex -12.1576 -20.1586 -3.81682
      vertex -13.7309 -22.8836 -2.1689
    endloop
  endfacet
  facet normal -0.473659 -0.2389 -0.847688
    outer loop
      vertex -12.1576 -20.1586 -3.81682
      vertex -13.8878 -22.5755 -2.1689
      vertex -12.1686 -20.1496 -3.81321
    endloop
  endfacet
  facet normal -0.4719 -0.240503 -0.848215
    outer loop
      vertex -12.1686 -20.1496 -3.81321
      vertex -13.8878 -22.5755 -2.1689
      vertex -12.3373 -19.8899 -3.79299
    endloop
  endfacet
  facet normal -0.471313 -0.240958 -0.848412
    outer loop
      vertex -10.7421 -17.6787 -5.30748
      vertex -2.11116 -2.75765 -14.3399
      vertex -10.7288 -17.6838 -5.31342
    endloop
  endfacet
  facet normal -0.472016 -0.240409 -0.848177
    outer loop
      vertex -11.0513 -17.6625 -5.14
      vertex -2.11116 -2.75765 -14.3399
      vertex -10.7421 -17.6787 -5.30748
    endloop
  endfacet
  facet normal -0.471954 -0.240458 -0.848197
    outer loop
      vertex -2.11116 -2.75765 -14.3399
      vertex -11.0513 -17.6625 -5.14
      vertex -2.26812 -2.44958 -14.3399
    endloop
  endfacet
  facet normal 0.574491 -0.574467 -0.58305
    outer loop
      vertex 26.9485 -1.75467 -1.10511
      vertex 27.0661 -1.01172 -1.72125
      vertex 27.4283 -1.27485 -1.10511
    endloop
  endfacet
  facet normal 0.574584 -0.574434 -0.582991
    outer loop
      vertex 27.0661 -1.01172 -1.72125
      vertex 26.9485 -1.75467 -1.10511
      vertex 26.6854 -1.39252 -1.72125
    endloop
  endfacet
  facet normal 0.155382 0.269127 -0.950488
    outer loop
      vertex 0 2.5 -14.3893
      vertex -0.567539 3.00214 -14.3399
      vertex 0.416429 2.43404 -14.3399
    endloop
  endfacet
  facet normal 0.155248 0.268982 -0.950551
    outer loop
      vertex -0.772542 2.37764 -14.5501
      vertex -0.567539 3.00214 -14.3399
      vertex 0 2.5 -14.3893
    endloop
  endfacet
  facet normal 0.155498 0.269312 -0.950416
    outer loop
      vertex -0.99328 2.41616 -14.5753
      vertex -0.772542 2.37764 -14.5501
      vertex -0.854362 2.33595 -14.5753
    endloop
  endfacet
  facet normal 0.155443 0.268914 -0.950538
    outer loop
      vertex -0.772542 2.37764 -14.5501
      vertex -0.99328 2.41616 -14.5753
      vertex -0.567539 3.00214 -14.3399
    endloop
  endfacet
  facet normal 0.155259 0.26891 -0.950569
    outer loop
      vertex 2.37764 0.772542 -14.4897
      vertex 2.65803 0.308068 -14.5753
      vertex 2.43039 0.439499 -14.5753
    endloop
  endfacet
  facet normal 0.155363 0.268967 -0.950536
    outer loop
      vertex 2.65803 0.308068 -14.5753
      vertex 2.37764 0.772542 -14.4897
      vertex 3.08378 0.894051 -14.3399
    endloop
  endfacet
  facet normal 0.155353 0.269012 -0.950525
    outer loop
      vertex 2.02254 1.46946 -14.3505
      vertex 3.08378 0.894051 -14.3399
      vertex 2.37764 0.772542 -14.4897
    endloop
  endfacet
  facet normal 0.155894 0.270015 -0.950152
    outer loop
      vertex 3.08378 0.894051 -14.3399
      vertex 2.02254 1.46946 -14.3505
      vertex 1.93431 1.5577 -14.3399
    endloop
  endfacet
  facet normal 0.294928 -0.510829 -0.807509
    outer loop
      vertex 3.44593 -1.39252 -13.8923
      vertex 1.93431 -1.5577 -14.3399
      vertex 3.08378 -0.894051 -14.3399
    endloop
  endfacet
  facet normal 0.294926 -0.510859 -0.807491
    outer loop
      vertex 3.44593 -1.39252 -13.8923
      vertex 1.46946 -2.02254 -14.2156
      vertex 1.93431 -1.5577 -14.3399
    endloop
  endfacet
  facet normal 0.294917 -0.510813 -0.807524
    outer loop
      vertex -0.205382 -3.5006 -13.8923
      vertex 1.46946 -2.02254 -14.2156
      vertex 3.44593 -1.39252 -13.8923
    endloop
  endfacet
  facet normal 0.295124 -0.511005 -0.807326
    outer loop
      vertex 1.46946 -2.02254 -14.2156
      vertex -0.205382 -3.5006 -13.8923
      vertex 0.772542 -2.37764 -14.2456
    endloop
  endfacet
  facet normal 0.294752 -0.51077 -0.807611
    outer loop
      vertex -0.205382 -3.5006 -13.8923
      vertex 0.416429 -2.43404 -14.3399
      vertex 0.772542 -2.37764 -14.2456
    endloop
  endfacet
  facet normal 0.294931 -0.510831 -0.807507
    outer loop
      vertex 0.416429 -2.43404 -14.3399
      vertex -0.205382 -3.5006 -13.8923
      vertex -0.567539 -3.00214 -14.3399
    endloop
  endfacet
  facet normal -0.0488966 -0.308711 -0.949898
    outer loop
      vertex -1.2171 -3.2132 -14.3399
      vertex -1.5586 -3.15911 -14.3399
      vertex -1.33478 -2.47024 -14.5753
    endloop
  endfacet
  facet normal 0.308715 0.0488977 -0.949897
    outer loop
      vertex 3.53932 0 -14.3399
      vertex 2.79637 0.117671 -14.5753
      vertex 3.48523 0.341496 -14.3399
    endloop
  endfacet
  facet normal -0.278487 0.141907 -0.949899
    outer loop
      vertex -1.57926 2.22576 -14.5753
      vertex -2.11116 2.75765 -14.3399
      vertex -1.52517 2.33191 -14.5753
    endloop
  endfacet
  facet normal 0.462699 0.0732835 -0.883481
    outer loop
      vertex 3.53932 0 -14.3399
      vertex 20.6619 0.341496 -5.34409
      vertex 20.6078 0 -5.40075
    endloop
  endfacet
  facet normal 0.462699 0.0732875 -0.883481
    outer loop
      vertex 20.6619 0.341496 -5.34409
      vertex 3.53932 0 -14.3399
      vertex 3.48523 0.341496 -14.3399
    endloop
  endfacet
  facet normal 0.462703 0.0731661 -0.883489
    outer loop
      vertex 23.6078 0 -3.82957
      vertex 26.7247 0.341496 -2.1689
      vertex 26.7787 0 -2.1689
    endloop
  endfacet
  facet normal 0.462703 0.0731661 -0.883489
    outer loop
      vertex 26.7247 0.341496 -2.1689
      vertex 23.6078 0 -3.82957
      vertex 23.5538 0.341496 -3.82957
    endloop
  endfacet
  facet normal 0.673279 0.673292 -0.30557
    outer loop
      vertex 27.4283 1.27485 -1.10511
      vertex 27.0868 1.94507 -0.380794
      vertex 27.6187 1.41318 -0.380794
    endloop
  endfacet
  facet normal 0.673306 0.673278 -0.305544
    outer loop
      vertex 27.0868 1.94507 -0.380794
      vertex 27.4283 1.27485 -1.10511
      vertex 26.9485 1.75467 -1.10511
    endloop
  endfacet
  facet normal 0.268994 0.527928 -0.805565
    outer loop
      vertex -0.567539 3.00214 -14.3399
      vertex -0.875608 3.15911 -14.3399
      vertex -0.685211 3.74509 -13.8923
    endloop
  endfacet
  facet normal 0.42208 0.41511 -0.805936
    outer loop
      vertex 23.3214 0.881678 -3.74948
      vertex 26.5677 0.649566 -2.1689
      vertex 23.4396 0.649566 -3.80713
    endloop
  endfacet
  facet normal 0.422045 0.415355 -0.805828
    outer loop
      vertex 23.1913 1.01172 -3.75059
      vertex 26.5677 0.649566 -2.1689
      vertex 23.3214 0.881678 -3.74948
    endloop
  endfacet
  facet normal 0.422053 0.415276 -0.805864
    outer loop
      vertex 26.5677 0.649566 -2.1689
      vertex 23.1913 1.01172 -3.75059
      vertex 27.0661 1.01172 -1.72125
    endloop
  endfacet
  facet normal 0.422093 0.415075 -0.805947
    outer loop
      vertex 20.8943 0.881678 -5.02059
      vertex 3.82673 1.01172 -13.8923
      vertex 21.0244 1.01172 -4.88548
    endloop
  endfacet
  facet normal 0.422074 0.415167 -0.805909
    outer loop
      vertex 20.776 0.649566 -5.20212
      vertex 3.82673 1.01172 -13.8923
      vertex 20.8943 0.881678 -5.02059
    endloop
  endfacet
  facet normal 0.422083 0.415121 -0.805928
    outer loop
      vertex 3.82673 1.01172 -13.8923
      vertex 20.776 0.649566 -5.20212
      vertex 3.32826 0.649566 -14.3399
    endloop
  endfacet
  facet normal -0.127172 0.802407 -0.58307
    outer loop
      vertex -13.3687 23.871 -1.72125
      vertex -13.507 24.2968 -1.10511
      vertex -12.8368 23.9553 -1.72125
    endloop
  endfacet
  facet normal -0.723846 0.368863 -0.583084
    outer loop
      vertex -14.4738 22.7659 -1.72125
      vertex -14.5915 23.5089 -1.10511
      vertex -14.2293 23.2457 -1.72125
    endloop
  endfacet
  facet normal 0.148887 0.94047 -0.305531
    outer loop
      vertex -12.1666 24.2968 -1.10511
      vertex -12.8368 24.4029 -1.10511
      vertex -12.0939 24.5206 -0.380794
    endloop
  endfacet
  facet normal 0.142491 0.571137 -0.808393
    outer loop
      vertex -0.685211 3.74509 -13.8923
      vertex -9.6836 18.5358 -5.02863
      vertex -9.56214 18.9892 -4.68689
    endloop
  endfacet
  facet normal 0.143217 0.571393 -0.808083
    outer loop
      vertex -0.685211 3.74509 -13.8923
      vertex -9.72054 18.479 -5.07534
      vertex -9.6836 18.5358 -5.02863
    endloop
  endfacet
  facet normal 0.142549 0.571155 -0.80837
    outer loop
      vertex -9.72054 18.479 -5.07534
      vertex -0.685211 3.74509 -13.8923
      vertex -0.875608 3.15911 -14.3399
    endloop
  endfacet
  facet normal 0.142721 0.571213 -0.808298
    outer loop
      vertex -0.685211 3.74509 -13.8923
      vertex -9.56214 18.9892 -4.68689
      vertex -9.5697 19.1335 -4.58625
    endloop
  endfacet
  facet normal 0.142589 0.571176 -0.808348
    outer loop
      vertex -10.4438 20.5163 -3.76338
      vertex -12.3049 23.871 -1.72125
      vertex -10.3226 20.4376 -3.79761
    endloop
  endfacet
  facet normal 0.142532 0.571158 -0.808371
    outer loop
      vertex -10.8971 20.6377 -3.75753
      vertex -12.3049 23.871 -1.72125
      vertex -10.4438 20.5163 -3.76338
    endloop
  endfacet
  facet normal 0.142966 0.571302 -0.808192
    outer loop
      vertex -12.4953 23.285 -2.1689
      vertex -10.8971 20.6377 -3.75753
      vertex -10.9648 20.6342 -3.77198
    endloop
  endfacet
  facet normal 0.142596 0.571173 -0.808349
    outer loop
      vertex -10.8971 20.6377 -3.75753
      vertex -12.4953 23.285 -2.1689
      vertex -12.3049 23.871 -1.72125
    endloop
  endfacet
  facet normal 0.314682 0.617585 -0.720808
    outer loop
      vertex -9.5697 19.1335 -4.58625
      vertex -0.205382 3.5006 -13.8923
      vertex -0.685211 3.74509 -13.8923
    endloop
  endfacet
  facet normal 0.314786 0.617609 -0.720742
    outer loop
      vertex -9.5867 19.4578 -4.31578
      vertex -0.205382 3.5006 -13.8923
      vertex -9.5697 19.1335 -4.58625
    endloop
  endfacet
  facet normal 0.314319 0.617508 -0.721032
    outer loop
      vertex -9.75488 19.896 -4.01381
      vertex -0.205382 3.5006 -13.8923
      vertex -9.5867 19.4578 -4.31578
    endloop
  endfacet
  facet normal 0.315115 0.617676 -0.72054
    outer loop
      vertex -9.75488 19.896 -4.01381
      vertex -11.8251 23.6265 -1.72125
      vertex -0.205382 3.5006 -13.8923
    endloop
  endfacet
  facet normal 0.3147 0.617598 -0.720789
    outer loop
      vertex -10.0502 20.2607 -3.83026
      vertex -11.8251 23.6265 -1.72125
      vertex -9.75488 19.896 -4.01381
    endloop
  endfacet
  facet normal 0.314678 0.617595 -0.720801
    outer loop
      vertex -10.3226 20.4376 -3.79761
      vertex -11.8251 23.6265 -1.72125
      vertex -10.0502 20.2607 -3.83026
    endloop
  endfacet
  facet normal 0.314721 0.6176 -0.720778
    outer loop
      vertex -11.8251 23.6265 -1.72125
      vertex -10.3226 20.4376 -3.79761
      vertex -12.3049 23.871 -1.72125
    endloop
  endfacet
  facet normal 0.127044 0.802494 -0.582978
    outer loop
      vertex -12.1666 24.2968 -1.10511
      vertex -12.8368 23.9553 -1.72125
      vertex -12.8368 24.4029 -1.10511
    endloop
  endfacet
  facet normal 0.156481 0.987681 -0
    outer loop
      vertex -12.0939 24.5206 -0.380794
      vertex -12.8368 24.6383 0.380794
      vertex -12.0939 24.5206 0.380794
    endloop
  endfacet
  facet normal 0.156481 0.987681 0
    outer loop
      vertex -12.8368 24.6383 0.380794
      vertex -12.0939 24.5206 -0.380794
      vertex -12.8368 24.6383 -0.380794
    endloop
  endfacet
  facet normal 0.432316 0.848354 -0.305611
    outer loop
      vertex -11.562 23.9887 -1.10511
      vertex -12.1666 24.2968 -1.10511
      vertex -11.4236 24.1791 -0.380794
    endloop
  endfacet
  facet normal -0.0927494 0.585213 0.805558
    outer loop
      vertex -12.8368 23.9553 1.72125
      vertex -13.3687 23.871 1.72125
      vertex -12.8368 23.3391 2.1689
    endloop
  endfacet
  facet normal -0.8484 0.432267 -0.305554
    outer loop
      vertex -14.5915 23.5089 -1.10511
      vertex -14.8996 22.9042 -1.10511
      vertex -14.7819 23.6472 -0.380794
    endloop
  endfacet
  facet normal -0.368828 0.72389 0.583051
    outer loop
      vertex -13.507 24.2968 1.10511
      vertex -14.1117 23.9887 1.10511
      vertex -13.3687 23.871 1.72125
    endloop
  endfacet
  facet normal -0.127172 0.802407 0.58307
    outer loop
      vertex -12.8368 23.9553 1.72125
      vertex -13.507 24.2968 1.10511
      vertex -13.3687 23.871 1.72125
    endloop
  endfacet
  facet normal -0.8484 0.432267 0.305554
    outer loop
      vertex -14.7819 23.6472 0.380794
      vertex -14.8996 22.9042 1.10511
      vertex -14.5915 23.5089 1.10511
    endloop
  endfacet
  facet normal -0.585205 -0.092693 0.80557
    outer loop
      vertex -2.32221 -2.10809 14.3399
      vertex -2.85411 -2.63998 13.8923
      vertex -2.26812 -2.44958 14.3399
    endloop
  endfacet
  facet normal 0.0489027 -0.308712 0.949898
    outer loop
      vertex -1.2171 -2.48888 14.5753
      vertex -1.2171 -3.2132 14.3399
      vertex -1.09943 -2.47024 14.5753
    endloop
  endfacet
  facet normal -0.268885 -0.528003 0.805552
    outer loop
      vertex -13.1783 -23.285 2.1689
      vertex -13.4864 -23.1281 2.1689
      vertex -13.3687 -23.871 1.72125
    endloop
  endfacet
  facet normal -0.0927126 -0.585238 0.805544
    outer loop
      vertex -13.1783 -23.285 2.1689
      vertex -13.3687 -23.871 1.72125
      vertex -12.8368 -23.3391 2.1689
    endloop
  endfacet
  facet normal 0.0488977 -0.308711 0.949898
    outer loop
      vertex -1.09943 -2.47024 14.5753
      vertex -1.2171 -3.2132 14.3399
      vertex -0.875608 -3.15911 14.3399
    endloop
  endfacet
  facet normal -0.0488986 -0.308712 0.949898
    outer loop
      vertex -1.2171 -2.48888 14.5753
      vertex -1.33478 -2.47024 14.5753
      vertex -1.2171 -3.2132 14.3399
    endloop
  endfacet
  facet normal -0.269061 -0.527997 0.805497
    outer loop
      vertex -13.4864 -23.1281 2.1689
      vertex -13.8485 -23.6265 1.72125
      vertex -13.3687 -23.871 1.72125
    endloop
  endfacet
  facet normal -0.802407 -0.127172 0.58307
    outer loop
      vertex -14.5581 -22.234 1.72125
      vertex -14.8996 -22.9042 1.10511
      vertex -14.4738 -22.7659 1.72125
    endloop
  endfacet
  facet normal -0.368863 -0.723846 0.583084
    outer loop
      vertex -13.8485 -23.6265 1.72125
      vertex -14.1117 -23.9887 1.10511
      vertex -13.3687 -23.871 1.72125
    endloop
  endfacet
  facet normal -0.278499 -0.141894 0.949897
    outer loop
      vertex -1.57926 -2.22576 14.5753
      vertex -2.26812 -2.44958 14.3399
      vertex -2.11116 -2.75765 14.3399
    endloop
  endfacet
  facet normal 0.361649 0.626396 0.690534
    outer loop
      vertex 3.44593 1.39252 13.8923
      vertex -11.8251 23.6265 1.72125
      vertex -0.205382 3.5006 13.8923
    endloop
  endfacet
  facet normal 0.314682 0.617585 0.720808
    outer loop
      vertex -0.205382 3.5006 13.8923
      vertex -9.5697 19.1335 4.58625
      vertex -0.685211 3.74509 13.8923
    endloop
  endfacet
  facet normal 0.314786 0.617609 0.720742
    outer loop
      vertex -0.205382 3.5006 13.8923
      vertex -9.5867 19.4578 4.31578
      vertex -9.5697 19.1335 4.58625
    endloop
  endfacet
  facet normal 0.314319 0.617508 0.721032
    outer loop
      vertex -0.205382 3.5006 13.8923
      vertex -9.75488 19.896 4.01381
      vertex -9.5867 19.4578 4.31578
    endloop
  endfacet
  facet normal 0.315115 0.617676 0.72054
    outer loop
      vertex -11.8251 23.6265 1.72125
      vertex -9.75488 19.896 4.01381
      vertex -0.205382 3.5006 13.8923
    endloop
  endfacet
  facet normal 0.3147 0.617598 0.720789
    outer loop
      vertex -11.8251 23.6265 1.72125
      vertex -10.0502 20.2607 3.83026
      vertex -9.75488 19.896 4.01381
    endloop
  endfacet
  facet normal 0.314678 0.617595 0.720801
    outer loop
      vertex -11.8251 23.6265 1.72125
      vertex -10.3226 20.4376 3.79761
      vertex -10.0502 20.2607 3.83026
    endloop
  endfacet
  facet normal 0.314721 0.6176 0.720778
    outer loop
      vertex -10.3226 20.4376 3.79761
      vertex -11.8251 23.6265 1.72125
      vertex -12.3049 23.871 1.72125
    endloop
  endfacet
  facet normal 0.723873 0.368856 -0.583055
    outer loop
      vertex 27.3106 0.531894 -1.72125
      vertex 27.0661 1.01172 -1.72125
      vertex 27.4283 1.27485 -1.10511
    endloop
  endfacet
  facet normal 0.802494 0.127039 -0.582979
    outer loop
      vertex 27.8425 0 -1.10511
      vertex 27.3949 0 -1.72125
      vertex 27.7364 0.670226 -1.10511
    endloop
  endfacet
  facet normal 0.940421 -0.148984 -0.305633
    outer loop
      vertex 27.9602 -0.742951 -0.380794
      vertex 27.8425 0 -1.10511
      vertex 28.0779 0 -0.380794
    endloop
  endfacet
  facet normal 0.940469 -0.148881 0.305536
    outer loop
      vertex 27.8425 0 1.10511
      vertex 27.7364 -0.670226 1.10511
      vertex 27.9602 -0.742951 0.380794
    endloop
  endfacet
  facet normal 0.802494 -0.127039 -0.582979
    outer loop
      vertex 27.7364 -0.670226 -1.10511
      vertex 27.3949 0 -1.72125
      vertex 27.8425 0 -1.10511
    endloop
  endfacet
  facet normal 0.574491 -0.574467 0.58305
    outer loop
      vertex 27.0661 -1.01172 1.72125
      vertex 26.9485 -1.75467 1.10511
      vertex 27.4283 -1.27485 1.10511
    endloop
  endfacet
  facet normal 0.574584 -0.574434 0.582991
    outer loop
      vertex 26.9485 -1.75467 1.10511
      vertex 27.0661 -1.01172 1.72125
      vertex 26.6854 -1.39252 1.72125
    endloop
  endfacet
  facet normal 0.7071 0.707113 -0
    outer loop
      vertex 27.6187 1.41318 -0.380794
      vertex 27.0868 1.94507 0.380794
      vertex 27.6187 1.41318 0.380794
    endloop
  endfacet
  facet normal 0.7071 0.707113 0
    outer loop
      vertex 27.0868 1.94507 0.380794
      vertex 27.6187 1.41318 -0.380794
      vertex 27.0868 1.94507 -0.380794
    endloop
  endfacet
  facet normal 0.40528 0.701966 0.585656
    outer loop
      vertex -11.562 23.9887 1.10511
      vertex 26.6854 1.39252 1.72125
      vertex 26.9485 1.75467 1.10511
    endloop
  endfacet
  facet normal 0.405266 0.701943 0.585693
    outer loop
      vertex 26.6854 1.39252 1.72125
      vertex -11.562 23.9887 1.10511
      vertex -11.8251 23.6265 1.72125
    endloop
  endfacet
  facet normal 0.574491 0.574467 0.58305
    outer loop
      vertex 26.9485 1.75467 1.10511
      vertex 27.0661 1.01172 1.72125
      vertex 27.4283 1.27485 1.10511
    endloop
  endfacet
  facet normal 0.574584 0.574434 0.582991
    outer loop
      vertex 27.0661 1.01172 1.72125
      vertex 26.9485 1.75467 1.10511
      vertex 26.6854 1.39252 1.72125
    endloop
  endfacet
  facet normal 0.451535 0.22976 0.862164
    outer loop
      vertex 20.6813 0.463525 5.30141
      vertex 3.48523 0.341496 14.3399
      vertex 20.6619 0.341496 5.34409
    endloop
  endfacet
  facet normal 0.451476 0.230267 0.862059
    outer loop
      vertex 20.776 0.649566 5.20212
      vertex 3.48523 0.341496 14.3399
      vertex 20.6813 0.463525 5.30141
    endloop
  endfacet
  facet normal 0.451503 0.230053 0.862103
    outer loop
      vertex 3.48523 0.341496 14.3399
      vertex 20.776 0.649566 5.20212
      vertex 3.32826 0.649566 14.3399
    endloop
  endfacet
  facet normal 0.451498 0.230094 0.862094
    outer loop
      vertex 26.5677 0.649566 2.1689
      vertex 23.5538 0.341496 3.82957
      vertex 26.7247 0.341496 2.1689
    endloop
  endfacet
  facet normal 0.451458 0.230297 0.862061
    outer loop
      vertex 26.5677 0.649566 2.1689
      vertex 23.5344 0.463525 3.80713
      vertex 23.5538 0.341496 3.82957
    endloop
  endfacet
  facet normal 0.451495 0.230066 0.862103
    outer loop
      vertex 23.5344 0.463525 3.80713
      vertex 26.5677 0.649566 2.1689
      vertex 23.4396 0.649566 3.80713
    endloop
  endfacet
  facet normal 0.0874281 -0.551969 0.829269
    outer loop
      vertex -1.2171 -3.2132 14.3399
      vertex -9.72054 -18.479 5.07534
      vertex -0.875608 -3.15911 14.3399
    endloop
  endfacet
  facet normal 0.0874593 -0.55198 0.829258
    outer loop
      vertex -9.72054 -18.479 5.07534
      vertex -1.2171 -3.2132 14.3399
      vertex -9.88478 -18.2261 5.261
    endloop
  endfacet
  facet normal 0.0873972 -0.551967 0.829274
    outer loop
      vertex -11.266 -20.6184 3.81424
      vertex -12.4953 -23.285 2.1689
      vertex -10.9648 -20.6342 3.77198
    endloop
  endfacet
  facet normal 0.0874439 -0.55198 0.82926
    outer loop
      vertex -12.4953 -23.285 2.1689
      vertex -11.266 -20.6184 3.81424
      vertex -12.8368 -23.3391 2.1689
    endloop
  endfacet
  facet normal 0.294928 -0.510829 0.807509
    outer loop
      vertex 1.93431 -1.5577 14.3399
      vertex 3.44593 -1.39252 13.8923
      vertex 3.08378 -0.894051 14.3399
    endloop
  endfacet
  facet normal 0.294926 -0.510859 0.807491
    outer loop
      vertex 1.46946 -2.02254 14.2156
      vertex 3.44593 -1.39252 13.8923
      vertex 1.93431 -1.5577 14.3399
    endloop
  endfacet
  facet normal 0.295124 -0.511005 0.807326
    outer loop
      vertex -0.205382 -3.5006 13.8923
      vertex 1.46946 -2.02254 14.2156
      vertex 0.772542 -2.37764 14.2456
    endloop
  endfacet
  facet normal 0.294917 -0.510813 0.807524
    outer loop
      vertex 1.46946 -2.02254 14.2156
      vertex -0.205382 -3.5006 13.8923
      vertex 3.44593 -1.39252 13.8923
    endloop
  endfacet
  facet normal 0.294752 -0.51077 0.807611
    outer loop
      vertex 0.416429 -2.43404 14.3399
      vertex -0.205382 -3.5006 13.8923
      vertex 0.772542 -2.37764 14.2456
    endloop
  endfacet
  facet normal 0.294931 -0.510831 0.807507
    outer loop
      vertex -0.205382 -3.5006 13.8923
      vertex 0.416429 -2.43404 14.3399
      vertex -0.567539 -3.00214 14.3399
    endloop
  endfacet
  facet normal 0.422053 0.415276 0.805864
    outer loop
      vertex 23.1913 1.01172 3.75059
      vertex 26.5677 0.649566 2.1689
      vertex 27.0661 1.01172 1.72125
    endloop
  endfacet
  facet normal 0.42208 0.41511 0.805936
    outer loop
      vertex 26.5677 0.649566 2.1689
      vertex 23.3214 0.881678 3.74948
      vertex 23.4396 0.649566 3.80713
    endloop
  endfacet
  facet normal 0.422045 0.415355 0.805828
    outer loop
      vertex 26.5677 0.649566 2.1689
      vertex 23.1913 1.01172 3.75059
      vertex 23.3214 0.881678 3.74948
    endloop
  endfacet
  facet normal 0.422093 0.415075 0.805947
    outer loop
      vertex 3.82673 1.01172 13.8923
      vertex 20.8943 0.881678 5.02059
      vertex 21.0244 1.01172 4.88548
    endloop
  endfacet
  facet normal 0.422074 0.415167 0.805909
    outer loop
      vertex 3.82673 1.01172 13.8923
      vertex 20.776 0.649566 5.20212
      vertex 20.8943 0.881678 5.02059
    endloop
  endfacet
  facet normal 0.422083 0.415121 0.805928
    outer loop
      vertex 20.776 0.649566 5.20212
      vertex 3.82673 1.01172 13.8923
      vertex 3.32826 0.649566 14.3399
    endloop
  endfacet
  facet normal 0.141889 -0.278504 0.949896
    outer loop
      vertex -0.99328 -2.41616 14.5753
      vertex -1.09943 -2.47024 14.5753
      vertex -0.567539 -3.00214 14.3399
    endloop
  endfacet
  facet normal -0.1419 0.278494 0.949898
    outer loop
      vertex -1.5586 3.15911 14.3399
      vertex -1.86667 3.00214 14.3399
      vertex -1.33478 2.47024 14.5753
    endloop
  endfacet
  facet normal 0.475769 -0.824057 0.307527
    outer loop
      vertex -11.4236 -24.1791 0.380794
      vertex 26.9485 -1.75467 1.10511
      vertex -11.562 -23.9887 1.10511
    endloop
  endfacet
  facet normal 0.47578 -0.824073 0.307468
    outer loop
      vertex 26.9485 -1.75467 1.10511
      vertex -11.4236 -24.1791 0.380794
      vertex 27.0868 -1.94507 0.380794
    endloop
  endfacet
  facet normal 0.127172 -0.802407 0.58307
    outer loop
      vertex -12.3049 -23.871 1.72125
      vertex -12.8368 -23.9553 1.72125
      vertex -12.1666 -24.2968 1.10511
    endloop
  endfacet
  facet normal -0.0927126 -0.585238 -0.805544
    outer loop
      vertex -12.8368 -23.3391 -2.1689
      vertex -13.3687 -23.871 -1.72125
      vertex -13.1783 -23.285 -2.1689
    endloop
  endfacet
  facet normal -0.210882 -0.413816 -0.885599
    outer loop
      vertex -13.1783 -23.285 -2.1689
      vertex -11.8039 -20.445 -3.82323
      vertex -11.5867 -20.5284 -3.83598
    endloop
  endfacet
  facet normal -0.210765 -0.413873 -0.8856
    outer loop
      vertex -13.4864 -23.1281 -2.1689
      vertex -11.8039 -20.445 -3.82323
      vertex -13.1783 -23.285 -2.1689
    endloop
  endfacet
  facet normal -0.210847 -0.413824 -0.885603
    outer loop
      vertex -11.8039 -20.445 -3.82323
      vertex -13.4864 -23.1281 -2.1689
      vertex -11.8948 -20.3714 -3.83598
    endloop
  endfacet
  facet normal -0.210864 -0.413819 -0.885602
    outer loop
      vertex -10.3039 -17.8469 -5.3944
      vertex -1.5586 -3.15911 -14.3399
      vertex -10.1231 -17.9933 -5.36904
    endloop
  endfacet
  facet normal -0.210855 -0.413824 -0.885601
    outer loop
      vertex -1.5586 -3.15911 -14.3399
      vertex -10.3039 -17.8469 -5.3944
      vertex -1.86667 -3.00214 -14.3399
    endloop
  endfacet
  facet normal -0.210784 -0.413863 -0.8856
    outer loop
      vertex -1.86667 -3.00214 -14.3399
      vertex -10.3039 -17.8469 -5.3944
      vertex -10.4131 -17.805 -5.38799
    endloop
  endfacet
  facet normal -0.148886 -0.940464 -0.30555
    outer loop
      vertex -12.8368 -24.4029 -1.10511
      vertex -13.5798 -24.5206 -0.380794
      vertex -13.507 -24.2968 -1.10511
    endloop
  endfacet
  facet normal -0.454007 -0.890998 0
    outer loop
      vertex -14.25 -24.1791 -0.380794
      vertex -13.5798 -24.5206 0.380794
      vertex -14.25 -24.1791 0.380794
    endloop
  endfacet
  facet normal -0.454007 -0.890998 -0
    outer loop
      vertex -13.5798 -24.5206 0.380794
      vertex -14.25 -24.1791 -0.380794
      vertex -13.5798 -24.5206 -0.380794
    endloop
  endfacet
  facet normal 0.148994 -0.94042 -0.305633
    outer loop
      vertex -12.0939 -24.5206 -0.380794
      vertex -12.8368 -24.6383 -0.380794
      vertex -12.8368 -24.4029 -1.10511
    endloop
  endfacet
  facet normal 0.368878 -0.723868 0.583047
    outer loop
      vertex -11.562 -23.9887 1.10511
      vertex -12.3049 -23.871 1.72125
      vertex -12.1666 -24.2968 1.10511
    endloop
  endfacet
  facet normal 0.368876 -0.723871 0.583045
    outer loop
      vertex -11.8251 -23.6265 1.72125
      vertex -12.3049 -23.871 1.72125
      vertex -11.562 -23.9887 1.10511
    endloop
  endfacet
  facet normal -0.148974 -0.940423 0.305634
    outer loop
      vertex -12.8368 -24.4029 1.10511
      vertex -13.5798 -24.5206 0.380794
      vertex -12.8368 -24.6383 0.380794
    endloop
  endfacet
  facet normal -0.673291 -0.673291 -0.305545
    outer loop
      vertex -14.1117 -23.9887 -1.10511
      vertex -14.7819 -23.6472 -0.380794
      vertex -14.5915 -23.5089 -1.10511
    endloop
  endfacet
  facet normal -0.673291 -0.673291 -0.305545
    outer loop
      vertex -14.7819 -23.6472 -0.380794
      vertex -14.1117 -23.9887 -1.10511
      vertex -14.25 -24.1791 -0.380794
    endloop
  endfacet
  facet normal -0.585205 -0.092693 -0.80557
    outer loop
      vertex -2.26812 -2.44958 -14.3399
      vertex -2.85411 -2.63998 -13.8923
      vertex -2.32221 -2.10809 -14.3399
    endloop
  endfacet
  facet normal -0.269061 -0.527997 -0.805497
    outer loop
      vertex -13.3687 -23.871 -1.72125
      vertex -13.8485 -23.6265 -1.72125
      vertex -13.4864 -23.1281 -2.1689
    endloop
  endfacet
  facet normal -0.368863 -0.723846 -0.583084
    outer loop
      vertex -13.3687 -23.871 -1.72125
      vertex -14.1117 -23.9887 -1.10511
      vertex -13.8485 -23.6265 -1.72125
    endloop
  endfacet
  facet normal -0.987684 -0.156461 0
    outer loop
      vertex -15.1234 -22.977 -0.380794
      vertex -15.2411 -22.234 0.380794
      vertex -15.2411 -22.234 -0.380794
    endloop
  endfacet
  facet normal -0.987684 -0.156461 0
    outer loop
      vertex -15.2411 -22.234 0.380794
      vertex -15.1234 -22.977 -0.380794
      vertex -15.1234 -22.977 0.380794
    endloop
  endfacet
  facet normal -0.951035 0 -0.309083
    outer loop
      vertex -15.0057 -22.234 -1.10511
      vertex -15.2411 22.234 -0.380794
      vertex -15.0057 22.234 -1.10511
    endloop
  endfacet
  facet normal -0.951035 -0 -0.309083
    outer loop
      vertex -15.2411 22.234 -0.380794
      vertex -15.0057 -22.234 -1.10511
      vertex -15.2411 -22.234 -0.380794
    endloop
  endfacet
  facet normal -0.528003 -0.268885 -0.805552
    outer loop
      vertex -13.7309 -22.8836 -2.1689
      vertex -14.4738 -22.7659 -1.72125
      vertex -13.8878 -22.5755 -2.1689
    endloop
  endfacet
  facet normal -0.723846 -0.368863 -0.583084
    outer loop
      vertex -14.2293 -23.2457 -1.72125
      vertex -14.5915 -23.5089 -1.10511
      vertex -14.4738 -22.7659 -1.72125
    endloop
  endfacet
  facet normal -0.527997 0.269061 -0.805497
    outer loop
      vertex -13.7309 22.8836 -2.1689
      vertex -14.4738 22.7659 -1.72125
      vertex -14.2293 23.2457 -1.72125
    endloop
  endfacet
  facet normal -0.308715 -0.0489033 -0.949896
    outer loop
      vertex -1.57926 -2.22576 -14.5753
      vertex -2.32221 -2.10809 -14.3399
      vertex -1.5979 -2.10809 -14.5753
    endloop
  endfacet
  facet normal -0.585211 0.0926849 -0.805567
    outer loop
      vertex -2.32221 2.10809 -14.3399
      vertex -2.93835 2.10809 -13.8923
      vertex -2.85411 2.63998 -13.8923
    endloop
  endfacet
  facet normal -0.631831 0.10002 -0.768626
    outer loop
      vertex -14.5581 22.234 -1.72125
      vertex -12.5457 19.3027 -3.75694
      vertex -12.5211 18.8341 -3.83814
    endloop
  endfacet
  facet normal -0.631528 0.100331 -0.768834
    outer loop
      vertex -14.5581 22.234 -1.72125
      vertex -12.5211 18.8341 -3.83814
      vertex -12.3744 18.4518 -4.00853
    endloop
  endfacet
  facet normal -0.631741 0.100124 -0.768686
    outer loop
      vertex -12.5457 19.3027 -3.75694
      vertex -14.5581 22.234 -1.72125
      vertex -14.4738 22.7659 -1.72125
    endloop
  endfacet
  facet normal -0.631879 0.0999902 -0.76859
    outer loop
      vertex -12.5231 19.3871 -3.76454
      vertex -12.5457 19.3027 -3.75694
      vertex -14.4738 22.7659 -1.72125
    endloop
  endfacet
  facet normal -0.631802 0.100064 -0.768644
    outer loop
      vertex -11.664 17.7756 -4.68045
      vertex -2.85411 2.63998 -13.8923
      vertex -2.93835 2.10809 -13.8923
    endloop
  endfacet
  facet normal -0.631827 0.100039 -0.768627
    outer loop
      vertex -2.85411 2.63998 -13.8923
      vertex -11.664 17.7756 -4.68045
      vertex -11.5796 17.753 -4.75277
    endloop
  endfacet
  facet normal -0.631779 0.100086 -0.76866
    outer loop
      vertex -2.93835 2.10809 -13.8923
      vertex -12.0576 18.0312 -4.32366
      vertex -11.664 17.7756 -4.68045
    endloop
  endfacet
  facet normal -0.631748 0.100117 -0.768681
    outer loop
      vertex -12.0576 18.0312 -4.32366
      vertex -2.93835 2.10809 -13.8923
      vertex -12.3153 18.3495 -4.07041
    endloop
  endfacet
  facet normal -0.268885 -0.528003 -0.805552
    outer loop
      vertex -13.3687 -23.871 -1.72125
      vertex -13.4864 -23.1281 -2.1689
      vertex -13.1783 -23.285 -2.1689
    endloop
  endfacet
  facet normal 0.940469 0.148881 -0.305536
    outer loop
      vertex 27.8425 0 -1.10511
      vertex 27.7364 0.670226 -1.10511
      vertex 27.9602 0.742951 -0.380794
    endloop
  endfacet
  facet normal 0.141889 -0.278504 -0.949896
    outer loop
      vertex -0.567539 -3.00214 -14.3399
      vertex -1.09943 -2.47024 -14.5753
      vertex -0.99328 -2.41616 -14.5753
    endloop
  endfacet
  facet normal 0.7071 -0.707113 0
    outer loop
      vertex 27.0868 -1.94507 -0.380794
      vertex 27.6187 -1.41318 0.380794
      vertex 27.0868 -1.94507 0.380794
    endloop
  endfacet
  facet normal 0.7071 -0.707113 0
    outer loop
      vertex 27.6187 -1.41318 0.380794
      vertex 27.0868 -1.94507 -0.380794
      vertex 27.6187 -1.41318 -0.380794
    endloop
  endfacet
  facet normal 0.278496 -0.141901 -0.949897
    outer loop
      vertex 3.32826 -0.649566 -14.3399
      vertex 2.79637 -0.117671 -14.5753
      vertex 3.48523 -0.341496 -14.3399
    endloop
  endfacet
  facet normal 0.0873972 0.551967 -0.829274
    outer loop
      vertex -11.266 20.6184 -3.81424
      vertex -12.4953 23.285 -2.1689
      vertex -10.9648 20.6342 -3.77198
    endloop
  endfacet
  facet normal 0.0874439 0.55198 -0.82926
    outer loop
      vertex -12.4953 23.285 -2.1689
      vertex -11.266 20.6184 -3.81424
      vertex -12.8368 23.3391 -2.1689
    endloop
  endfacet
  facet normal 0.0874281 0.551969 -0.829269
    outer loop
      vertex -1.2171 3.2132 -14.3399
      vertex -9.72054 18.479 -5.07534
      vertex -0.875608 3.15911 -14.3399
    endloop
  endfacet
  facet normal 0.0874593 0.55198 -0.829258
    outer loop
      vertex -9.72054 18.479 -5.07534
      vertex -1.2171 3.2132 -14.3399
      vertex -9.88478 18.2261 -5.261
    endloop
  endfacet
  facet normal 0.527989 -0.269076 -0.805497
    outer loop
      vertex 27.3106 -0.531894 -1.72125
      vertex 26.5677 -0.649566 -2.1689
      vertex 26.7247 -0.341496 -2.1689
    endloop
  endfacet
  facet normal 0.361649 -0.626396 -0.690534
    outer loop
      vertex 3.44593 -1.39252 -13.8923
      vertex -11.8251 -23.6265 -1.72125
      vertex -0.205382 -3.5006 -13.8923
    endloop
  endfacet
  facet normal 0 0 -1
    outer loop
      vertex -1.46946 -2.02254 -14.5753
      vertex -0.99328 -2.41616 -14.5753
      vertex -1.09943 -2.47024 -14.5753
    endloop
  endfacet
  facet normal 0 0 -1
    outer loop
      vertex -1.46946 -2.02254 -14.5753
      vertex -1.09943 -2.47024 -14.5753
      vertex -1.2171 -2.48888 -14.5753
    endloop
  endfacet
  facet normal 0 0 -1
    outer loop
      vertex -1.46946 -2.02254 -14.5753
      vertex -1.2171 -2.48888 -14.5753
      vertex -1.33478 -2.47024 -14.5753
    endloop
  endfacet
  facet normal 0 0 -1
    outer loop
      vertex -1.46946 -2.02254 -14.5753
      vertex -1.33478 -2.47024 -14.5753
      vertex -1.44093 -2.41616 -14.5753
    endloop
  endfacet
  facet normal 0 0 -1
    outer loop
      vertex -0.99328 -2.41616 -14.5753
      vertex -1.46946 -2.02254 -14.5753
      vertex -0.854362 -2.33595 -14.5753
    endloop
  endfacet
  facet normal 0 0 -1
    outer loop
      vertex -1.52517 -2.33191 -14.5753
      vertex -1.46946 -2.02254 -14.5753
      vertex -1.44093 -2.41616 -14.5753
    endloop
  endfacet
  facet normal 0 0 -1
    outer loop
      vertex -1.57926 -2.22576 -14.5753
      vertex -1.46946 -2.02254 -14.5753
      vertex -1.52517 -2.33191 -14.5753
    endloop
  endfacet
  facet normal 0 0 -1
    outer loop
      vertex -1.5979 -2.10809 -14.5753
      vertex -1.46946 -2.02254 -14.5753
      vertex -1.57926 -2.22576 -14.5753
    endloop
  endfacet
  facet normal -0 0 -1
    outer loop
      vertex -1.46946 -2.02254 -14.5753
      vertex -1.5979 -2.10809 -14.5753
      vertex -1.5979 -1.89411 -14.5753
    endloop
  endfacet
  facet normal 0 0 -1
    outer loop
      vertex -1.46946 2.02254 -14.5753
      vertex -0.99328 2.41616 -14.5753
      vertex -0.854362 2.33595 -14.5753
    endloop
  endfacet
  facet normal -0 0 -1
    outer loop
      vertex -0.99328 2.41616 -14.5753
      vertex -1.46946 2.02254 -14.5753
      vertex -1.09943 2.47024 -14.5753
    endloop
  endfacet
  facet normal -0 0 -1
    outer loop
      vertex -1.09943 2.47024 -14.5753
      vertex -1.46946 2.02254 -14.5753
      vertex -1.2171 2.48888 -14.5753
    endloop
  endfacet
  facet normal 0 0 -1
    outer loop
      vertex -1.2171 2.48888 -14.5753
      vertex -1.46946 2.02254 -14.5753
      vertex -1.33478 2.47024 -14.5753
    endloop
  endfacet
  facet normal 0 0 -1
    outer loop
      vertex -1.33478 2.47024 -14.5753
      vertex -1.46946 2.02254 -14.5753
      vertex -1.44093 2.41616 -14.5753
    endloop
  endfacet
  facet normal 0 0 -1
    outer loop
      vertex -1.46946 2.02254 -14.5753
      vertex -1.52517 2.33191 -14.5753
      vertex -1.44093 2.41616 -14.5753
    endloop
  endfacet
  facet normal 0 0 -1
    outer loop
      vertex -1.46946 2.02254 -14.5753
      vertex -1.57926 2.22576 -14.5753
      vertex -1.52517 2.33191 -14.5753
    endloop
  endfacet
  facet normal 0 0 -1
    outer loop
      vertex -1.5979 2.10809 -14.5753
      vertex -1.46946 2.02254 -14.5753
      vertex -1.5979 1.89411 -14.5753
    endloop
  endfacet
  facet normal 0 0 -1
    outer loop
      vertex -1.46946 2.02254 -14.5753
      vertex -1.5979 2.10809 -14.5753
      vertex -1.57926 2.22576 -14.5753
    endloop
  endfacet
  facet normal 0 0 -1
    outer loop
      vertex 2.5 0 -14.5753
      vertex 2.815 0 -14.5753
      vertex 2.79637 -0.117671 -14.5753
    endloop
  endfacet
  facet normal 0 0 -1
    outer loop
      vertex 2.5 0 -14.5753
      vertex 2.79637 -0.117671 -14.5753
      vertex 2.74228 -0.223825 -14.5753
    endloop
  endfacet
  facet normal 0 0 -1
    outer loop
      vertex 2.815 0 -14.5753
      vertex 2.5 0 -14.5753
      vertex 2.79637 0.117671 -14.5753
    endloop
  endfacet
  facet normal 0 0 -1
    outer loop
      vertex 2.5 0 -14.5753
      vertex 2.74228 -0.223825 -14.5753
      vertex 2.65803 -0.308068 -14.5753
    endloop
  endfacet
  facet normal -0 0 -1
    outer loop
      vertex 2.79637 0.117671 -14.5753
      vertex 2.5 0 -14.5753
      vertex 2.74228 0.223825 -14.5753
    endloop
  endfacet
  facet normal -0 0 -1
    outer loop
      vertex 2.74228 0.223825 -14.5753
      vertex 2.5 0 -14.5753
      vertex 2.65803 0.308068 -14.5753
    endloop
  endfacet
  facet normal 0 -0 -1
    outer loop
      vertex 2.5 0 -14.5753
      vertex 2.65803 -0.308068 -14.5753
      vertex 2.43039 -0.439499 -14.5753
    endloop
  endfacet
  facet normal -0 0 -1
    outer loop
      vertex 2.65803 0.308068 -14.5753
      vertex 2.5 0 -14.5753
      vertex 2.43039 0.439499 -14.5753
    endloop
  endfacet
  facet normal -0.0488986 0.308712 -0.949898
    outer loop
      vertex -1.2171 2.48888 -14.5753
      vertex -1.33478 2.47024 -14.5753
      vertex -1.2171 3.2132 -14.3399
    endloop
  endfacet
  facet normal 0.848372 0.432308 -0.305573
    outer loop
      vertex 27.7364 0.670226 -1.10511
      vertex 27.4283 1.27485 -1.10511
      vertex 27.6187 1.41318 -0.380794
    endloop
  endfacet
  facet normal 0.308715 -0.0488977 -0.949897
    outer loop
      vertex 3.48523 -0.341496 -14.3399
      vertex 2.79637 -0.117671 -14.5753
      vertex 3.53932 0 -14.3399
    endloop
  endfacet
  facet normal 0.422053 -0.415276 -0.805864
    outer loop
      vertex 23.1913 -1.01172 -3.75059
      vertex 26.5677 -0.649566 -2.1689
      vertex 27.0661 -1.01172 -1.72125
    endloop
  endfacet
  facet normal 0.42208 -0.41511 -0.805936
    outer loop
      vertex 26.5677 -0.649566 -2.1689
      vertex 23.3214 -0.881678 -3.74948
      vertex 23.4396 -0.649566 -3.80713
    endloop
  endfacet
  facet normal 0.422045 -0.415355 -0.805828
    outer loop
      vertex 26.5677 -0.649566 -2.1689
      vertex 23.1913 -1.01172 -3.75059
      vertex 23.3214 -0.881678 -3.74948
    endloop
  endfacet
  facet normal 0.422093 -0.415075 -0.805947
    outer loop
      vertex 3.82673 -1.01172 -13.8923
      vertex 20.8943 -0.881678 -5.02059
      vertex 21.0244 -1.01172 -4.88548
    endloop
  endfacet
  facet normal 0.422074 -0.415167 -0.805909
    outer loop
      vertex 3.82673 -1.01172 -13.8923
      vertex 20.776 -0.649566 -5.20212
      vertex 20.8943 -0.881678 -5.02059
    endloop
  endfacet
  facet normal 0.422083 -0.415121 -0.805928
    outer loop
      vertex 20.776 -0.649566 -5.20212
      vertex 3.82673 -1.01172 -13.8923
      vertex 3.32826 -0.649566 -14.3399
    endloop
  endfacet
  facet normal -0.673291 0.673291 -0.305545
    outer loop
      vertex -14.1117 23.9887 -1.10511
      vertex -14.7819 23.6472 -0.380794
      vertex -14.25 24.1791 -0.380794
    endloop
  endfacet
  facet normal -0.673291 0.673291 -0.305545
    outer loop
      vertex -14.7819 23.6472 -0.380794
      vertex -14.1117 23.9887 -1.10511
      vertex -14.5915 23.5089 -1.10511
    endloop
  endfacet
  facet normal -0.368828 0.72389 -0.583051
    outer loop
      vertex -13.3687 23.871 -1.72125
      vertex -14.1117 23.9887 -1.10511
      vertex -13.507 24.2968 -1.10511
    endloop
  endfacet
  facet normal -0.22103 -0.221004 -0.949896
    outer loop
      vertex -1.86667 -3.00214 -14.3399
      vertex -1.52517 -2.33191 -14.5753
      vertex -1.44093 -2.41616 -14.5753
    endloop
  endfacet
  facet normal -0.221013 -0.221013 -0.949898
    outer loop
      vertex -1.52517 -2.33191 -14.5753
      vertex -1.86667 -3.00214 -14.3399
      vertex -2.11116 -2.75765 -14.3399
    endloop
  endfacet
  facet normal 0.0927126 0.585238 -0.805544
    outer loop
      vertex -12.4953 23.285 -2.1689
      vertex -12.8368 23.3391 -2.1689
      vertex -12.3049 23.871 -1.72125
    endloop
  endfacet
  facet normal 0.294928 0.510829 -0.807509
    outer loop
      vertex 1.93431 1.5577 -14.3399
      vertex 3.44593 1.39252 -13.8923
      vertex 3.08378 0.894051 -14.3399
    endloop
  endfacet
  facet normal 0.294926 0.510859 -0.807491
    outer loop
      vertex 1.46946 2.02254 -14.2156
      vertex 3.44593 1.39252 -13.8923
      vertex 1.93431 1.5577 -14.3399
    endloop
  endfacet
  facet normal 0.295124 0.511005 -0.807326
    outer loop
      vertex -0.205382 3.5006 -13.8923
      vertex 1.46946 2.02254 -14.2156
      vertex 0.772542 2.37764 -14.2456
    endloop
  endfacet
  facet normal 0.294917 0.510813 -0.807524
    outer loop
      vertex 1.46946 2.02254 -14.2156
      vertex -0.205382 3.5006 -13.8923
      vertex 3.44593 1.39252 -13.8923
    endloop
  endfacet
  facet normal 0.294752 0.51077 -0.807611
    outer loop
      vertex 0.416429 2.43404 -14.3399
      vertex -0.205382 3.5006 -13.8923
      vertex 0.772542 2.37764 -14.2456
    endloop
  endfacet
  facet normal 0.294931 0.510831 -0.807507
    outer loop
      vertex -0.205382 3.5006 -13.8923
      vertex 0.416429 2.43404 -14.3399
      vertex -0.567539 3.00214 -14.3399
    endloop
  endfacet
  facet normal -0.148974 0.940423 -0.305634
    outer loop
      vertex -12.8368 24.4029 -1.10511
      vertex -13.5798 24.5206 -0.380794
      vertex -12.8368 24.6383 -0.380794
    endloop
  endfacet
  facet normal 0.148994 0.94042 -0.305633
    outer loop
      vertex -12.0939 24.5206 -0.380794
      vertex -12.8368 24.4029 -1.10511
      vertex -12.8368 24.6383 -0.380794
    endloop
  endfacet
  facet normal 0.0927126 0.585238 0.805544
    outer loop
      vertex -12.3049 23.871 1.72125
      vertex -12.8368 23.3391 2.1689
      vertex -12.4953 23.285 2.1689
    endloop
  endfacet
  facet normal -0.22103 -0.221004 0.949896
    outer loop
      vertex -1.52517 -2.33191 14.5753
      vertex -1.86667 -3.00214 14.3399
      vertex -1.44093 -2.41616 14.5753
    endloop
  endfacet
  facet normal -0.221013 -0.221013 0.949898
    outer loop
      vertex -1.86667 -3.00214 14.3399
      vertex -1.52517 -2.33191 14.5753
      vertex -2.11116 -2.75765 14.3399
    endloop
  endfacet
  facet normal 0.308712 -0.0488761 0.949899
    outer loop
      vertex 2.815 0 14.5753
      vertex 2.79637 -0.117671 14.5753
      vertex 3.53932 0 14.3399
    endloop
  endfacet
  facet normal -0.141889 -0.278504 0.949896
    outer loop
      vertex -1.44093 -2.41616 14.5753
      vertex -1.86667 -3.00214 14.3399
      vertex -1.33478 -2.47024 14.5753
    endloop
  endfacet
  facet normal -0.0488966 -0.308711 0.949898
    outer loop
      vertex -1.33478 -2.47024 14.5753
      vertex -1.5586 -3.15911 14.3399
      vertex -1.2171 -3.2132 14.3399
    endloop
  endfacet
  facet normal 0.142491 -0.571137 0.808393
    outer loop
      vertex -0.685211 -3.74509 13.8923
      vertex -9.6836 -18.5358 5.02863
      vertex -9.56214 -18.9892 4.68689
    endloop
  endfacet
  facet normal 0.143217 -0.571393 0.808083
    outer loop
      vertex -0.685211 -3.74509 13.8923
      vertex -9.72054 -18.479 5.07534
      vertex -9.6836 -18.5358 5.02863
    endloop
  endfacet
  facet normal 0.142549 -0.571155 0.80837
    outer loop
      vertex -9.72054 -18.479 5.07534
      vertex -0.685211 -3.74509 13.8923
      vertex -0.875608 -3.15911 14.3399
    endloop
  endfacet
  facet normal 0.142721 -0.571213 0.808298
    outer loop
      vertex -0.685211 -3.74509 13.8923
      vertex -9.56214 -18.9892 4.68689
      vertex -9.5697 -19.1335 4.58625
    endloop
  endfacet
  facet normal 0.142589 -0.571176 0.808348
    outer loop
      vertex -10.4438 -20.5163 3.76338
      vertex -12.3049 -23.871 1.72125
      vertex -10.3226 -20.4376 3.79761
    endloop
  endfacet
  facet normal 0.142532 -0.571158 0.808371
    outer loop
      vertex -10.8971 -20.6377 3.75753
      vertex -12.3049 -23.871 1.72125
      vertex -10.4438 -20.5163 3.76338
    endloop
  endfacet
  facet normal 0.142966 -0.571302 0.808192
    outer loop
      vertex -12.4953 -23.285 2.1689
      vertex -10.8971 -20.6377 3.75753
      vertex -10.9648 -20.6342 3.77198
    endloop
  endfacet
  facet normal 0.142596 -0.571173 0.808349
    outer loop
      vertex -10.8971 -20.6377 3.75753
      vertex -12.4953 -23.285 2.1689
      vertex -12.3049 -23.871 1.72125
    endloop
  endfacet
  facet normal -0.0488966 0.308711 0.949898
    outer loop
      vertex -1.2171 3.2132 14.3399
      vertex -1.5586 3.15911 14.3399
      vertex -1.33478 2.47024 14.5753
    endloop
  endfacet
  facet normal -0.707107 -0.707107 0
    outer loop
      vertex -14.25 -24.1791 -0.380794
      vertex -14.7819 -23.6472 0.380794
      vertex -14.7819 -23.6472 -0.380794
    endloop
  endfacet
  facet normal -0.707107 -0.707107 0
    outer loop
      vertex -14.7819 -23.6472 0.380794
      vertex -14.25 -24.1791 -0.380794
      vertex -14.25 -24.1791 0.380794
    endloop
  endfacet
  facet normal -0.432267 -0.8484 0.305554
    outer loop
      vertex -14.1117 -23.9887 1.10511
      vertex -14.25 -24.1791 0.380794
      vertex -13.507 -24.2968 1.10511
    endloop
  endfacet
  facet normal -0.127172 -0.802407 0.58307
    outer loop
      vertex -13.3687 -23.871 1.72125
      vertex -13.507 -24.2968 1.10511
      vertex -12.8368 -23.9553 1.72125
    endloop
  endfacet
  facet normal 0.47578 0.824073 0.307468
    outer loop
      vertex -11.4236 24.1791 0.380794
      vertex 26.9485 1.75467 1.10511
      vertex 27.0868 1.94507 0.380794
    endloop
  endfacet
  facet normal 0.475769 0.824057 0.307527
    outer loop
      vertex 26.9485 1.75467 1.10511
      vertex -11.4236 24.1791 0.380794
      vertex -11.562 23.9887 1.10511
    endloop
  endfacet
  facet normal 0.848372 -0.432308 -0.305573
    outer loop
      vertex 27.6187 -1.41318 -0.380794
      vertex 27.4283 -1.27485 -1.10511
      vertex 27.7364 -0.670226 -1.10511
    endloop
  endfacet
  facet normal 0.585213 -0.0927505 0.805558
    outer loop
      vertex 27.3949 0 1.72125
      vertex 26.7787 0 2.1689
      vertex 27.3106 -0.531894 1.72125
    endloop
  endfacet
  facet normal 0.940469 0.148881 0.305536
    outer loop
      vertex 27.9602 0.742951 0.380794
      vertex 27.7364 0.670226 1.10511
      vertex 27.8425 0 1.10511
    endloop
  endfacet
  facet normal 0.802403 -0.127173 0.583074
    outer loop
      vertex 27.3949 0 1.72125
      vertex 27.3106 -0.531894 1.72125
      vertex 27.7364 -0.670226 1.10511
    endloop
  endfacet
  facet normal 0.802494 0.127039 0.582979
    outer loop
      vertex 27.7364 0.670226 1.10511
      vertex 27.3949 0 1.72125
      vertex 27.8425 0 1.10511
    endloop
  endfacet
  facet normal 0.723865 -0.368862 0.583061
    outer loop
      vertex 27.7364 -0.670226 1.10511
      vertex 27.3106 -0.531894 1.72125
      vertex 27.4283 -1.27485 1.10511
    endloop
  endfacet
  facet normal 0.673306 -0.673278 0.305544
    outer loop
      vertex 27.0868 -1.94507 0.380794
      vertex 27.4283 -1.27485 1.10511
      vertex 26.9485 -1.75467 1.10511
    endloop
  endfacet
  facet normal 0.673279 -0.673292 0.30557
    outer loop
      vertex 27.4283 -1.27485 1.10511
      vertex 27.0868 -1.94507 0.380794
      vertex 27.6187 -1.41318 0.380794
    endloop
  endfacet
  facet normal 0.848372 -0.432308 0.305573
    outer loop
      vertex 27.7364 -0.670226 1.10511
      vertex 27.4283 -1.27485 1.10511
      vertex 27.6187 -1.41318 0.380794
    endloop
  endfacet
  facet normal 0.848397 -0.432281 0.305542
    outer loop
      vertex 27.7364 -0.670226 1.10511
      vertex 27.6187 -1.41318 0.380794
      vertex 27.9602 -0.742951 0.380794
    endloop
  endfacet
  facet normal 0.462703 0.0731661 0.883489
    outer loop
      vertex 26.7247 0.341496 2.1689
      vertex 23.6078 0 3.82957
      vertex 26.7787 0 2.1689
    endloop
  endfacet
  facet normal 0.462703 0.0731661 0.883489
    outer loop
      vertex 23.6078 0 3.82957
      vertex 26.7247 0.341496 2.1689
      vertex 23.5538 0.341496 3.82957
    endloop
  endfacet
  facet normal 0.462699 0.0732835 0.883481
    outer loop
      vertex 20.6619 0.341496 5.34409
      vertex 3.53932 0 14.3399
      vertex 20.6078 0 5.40075
    endloop
  endfacet
  facet normal 0.462699 0.0732875 0.883481
    outer loop
      vertex 3.53932 0 14.3399
      vertex 20.6619 0.341496 5.34409
      vertex 3.48523 0.341496 14.3399
    endloop
  endfacet
  facet normal 0.221017 0.221013 0.949897
    outer loop
      vertex 3.08378 0.894051 14.3399
      vertex 2.74228 0.223825 14.5753
      vertex 3.32826 0.649566 14.3399
    endloop
  endfacet
  facet normal 0.221002 0.221021 0.949899
    outer loop
      vertex 2.74228 0.223825 14.5753
      vertex 3.08378 0.894051 14.3399
      vertex 2.65803 0.308068 14.5753
    endloop
  endfacet
  facet normal 0.42088 -0.42077 0.803625
    outer loop
      vertex 23.1913 -1.01172 3.75059
      vertex 26.6854 -1.39252 1.72125
      vertex 27.0661 -1.01172 1.72125
    endloop
  endfacet
  facet normal 0.420854 -0.420854 0.803595
    outer loop
      vertex 22.9895 -1.21352 3.75059
      vertex 26.6854 -1.39252 1.72125
      vertex 23.1913 -1.01172 3.75059
    endloop
  endfacet
  facet normal 0.420857 -0.42084 0.8036
    outer loop
      vertex 26.6854 -1.39252 1.72125
      vertex 22.9895 -1.21352 3.75059
      vertex 22.6382 -1.39252 3.84083
    endloop
  endfacet
  facet normal 0.420855 -0.420876 0.803582
    outer loop
      vertex 3.82673 -1.01172 13.8923
      vertex 21.2262 -1.21352 4.6741
      vertex 21.0244 -1.01172 4.88548
    endloop
  endfacet
  facet normal 0.420859 -0.420859 0.803589
    outer loop
      vertex 3.44593 -1.39252 13.8923
      vertex 21.2262 -1.21352 4.6741
      vertex 3.82673 -1.01172 13.8923
    endloop
  endfacet
  facet normal 0.420867 -0.42082 0.803605
    outer loop
      vertex 21.2262 -1.21352 4.6741
      vertex 3.44593 -1.39252 13.8923
      vertex 21.5775 -1.39252 4.39638
    endloop
  endfacet
  facet normal -0.471954 -0.240458 0.848197
    outer loop
      vertex -11.0513 -17.6625 5.14
      vertex -2.11116 -2.75765 14.3399
      vertex -2.26812 -2.44958 14.3399
    endloop
  endfacet
  facet normal -0.471313 -0.240958 0.848412
    outer loop
      vertex -2.11116 -2.75765 14.3399
      vertex -10.7421 -17.6787 5.30748
      vertex -10.7288 -17.6838 5.31342
    endloop
  endfacet
  facet normal -0.472016 -0.240409 0.848177
    outer loop
      vertex -2.11116 -2.75765 14.3399
      vertex -11.0513 -17.6625 5.14
      vertex -10.7421 -17.6787 5.30748
    endloop
  endfacet
  facet normal -0.473659 -0.2389 0.847688
    outer loop
      vertex -13.8878 -22.5755 2.1689
      vertex -12.1576 -20.1586 3.81682
      vertex -12.1686 -20.1496 3.81321
    endloop
  endfacet
  facet normal -0.4719 -0.240503 0.848215
    outer loop
      vertex -13.8878 -22.5755 2.1689
      vertex -12.1686 -20.1496 3.81321
      vertex -12.3373 -19.8899 3.79299
    endloop
  endfacet
  facet normal -0.472041 -0.240387 0.84817
    outer loop
      vertex -12.1576 -20.1586 3.81682
      vertex -13.8878 -22.5755 2.1689
      vertex -13.7309 -22.8836 2.1689
    endloop
  endfacet
  facet normal 0.308715 0.0488977 0.949897
    outer loop
      vertex 3.48523 0.341496 14.3399
      vertex 2.79637 0.117671 14.5753
      vertex 3.53932 0 14.3399
    endloop
  endfacet
  facet normal -0.22103 0.221004 0.949896
    outer loop
      vertex -1.86667 3.00214 14.3399
      vertex -1.52517 2.33191 14.5753
      vertex -1.44093 2.41616 14.5753
    endloop
  endfacet
  facet normal -0.221013 0.221013 0.949898
    outer loop
      vertex -1.52517 2.33191 14.5753
      vertex -1.86667 3.00214 14.3399
      vertex -2.11116 2.75765 14.3399
    endloop
  endfacet
  facet normal 0.42088 0.42077 0.803625
    outer loop
      vertex 26.6854 1.39252 1.72125
      vertex 23.1913 1.01172 3.75059
      vertex 27.0661 1.01172 1.72125
    endloop
  endfacet
  facet normal 0.420854 0.420854 0.803595
    outer loop
      vertex 26.6854 1.39252 1.72125
      vertex 22.9895 1.21352 3.75059
      vertex 23.1913 1.01172 3.75059
    endloop
  endfacet
  facet normal 0.420857 0.42084 0.8036
    outer loop
      vertex 22.9895 1.21352 3.75059
      vertex 26.6854 1.39252 1.72125
      vertex 22.6382 1.39252 3.84083
    endloop
  endfacet
  facet normal 0.420855 0.420876 0.803582
    outer loop
      vertex 21.2262 1.21352 4.6741
      vertex 3.82673 1.01172 13.8923
      vertex 21.0244 1.01172 4.88548
    endloop
  endfacet
  facet normal 0.420867 0.42082 0.803605
    outer loop
      vertex 3.44593 1.39252 13.8923
      vertex 21.2262 1.21352 4.6741
      vertex 21.5775 1.39252 4.39638
    endloop
  endfacet
  facet normal 0.420859 0.420859 0.803589
    outer loop
      vertex 21.2262 1.21352 4.6741
      vertex 3.44593 1.39252 13.8923
      vertex 3.82673 1.01172 13.8923
    endloop
  endfacet
  facet normal 0.451535 -0.22976 0.862164
    outer loop
      vertex 3.48523 -0.341496 14.3399
      vertex 20.6813 -0.463525 5.30141
      vertex 20.6619 -0.341496 5.34409
    endloop
  endfacet
  facet normal 0.451476 -0.230267 0.862059
    outer loop
      vertex 3.48523 -0.341496 14.3399
      vertex 20.776 -0.649566 5.20212
      vertex 20.6813 -0.463525 5.30141
    endloop
  endfacet
  facet normal 0.451503 -0.230053 0.862103
    outer loop
      vertex 20.776 -0.649566 5.20212
      vertex 3.48523 -0.341496 14.3399
      vertex 3.32826 -0.649566 14.3399
    endloop
  endfacet
  facet normal 0.451498 -0.230094 0.862094
    outer loop
      vertex 23.5538 -0.341496 3.82957
      vertex 26.5677 -0.649566 2.1689
      vertex 26.7247 -0.341496 2.1689
    endloop
  endfacet
  facet normal 0.451458 -0.230297 0.862061
    outer loop
      vertex 23.5344 -0.463525 3.80713
      vertex 26.5677 -0.649566 2.1689
      vertex 23.5538 -0.341496 3.82957
    endloop
  endfacet
  facet normal 0.451495 -0.230066 0.862103
    outer loop
      vertex 26.5677 -0.649566 2.1689
      vertex 23.5344 -0.463525 3.80713
      vertex 23.4396 -0.649566 3.80713
    endloop
  endfacet
  facet normal 0.453954 -0.891025 0
    outer loop
      vertex -12.0939 -24.5206 -0.380794
      vertex -11.4236 -24.1791 0.380794
      vertex -12.0939 -24.5206 0.380794
    endloop
  endfacet
  facet normal 0.453954 -0.891025 0
    outer loop
      vertex -11.4236 -24.1791 0.380794
      vertex -12.0939 -24.5206 -0.380794
      vertex -11.4236 -24.1791 -0.380794
    endloop
  endfacet
  facet normal 0.148887 -0.94047 0.305531
    outer loop
      vertex -12.1666 -24.2968 1.10511
      vertex -12.8368 -24.4029 1.10511
      vertex -12.0939 -24.5206 0.380794
    endloop
  endfacet
  facet normal 0.0927126 -0.585238 -0.805544
    outer loop
      vertex -12.3049 -23.871 -1.72125
      vertex -12.8368 -23.3391 -2.1689
      vertex -12.4953 -23.285 -2.1689
    endloop
  endfacet
  facet normal 0.142589 -0.571176 -0.808348
    outer loop
      vertex -12.3049 -23.871 -1.72125
      vertex -10.4438 -20.5163 -3.76338
      vertex -10.3226 -20.4376 -3.79761
    endloop
  endfacet
  facet normal 0.142532 -0.571158 -0.808371
    outer loop
      vertex -12.3049 -23.871 -1.72125
      vertex -10.8971 -20.6377 -3.75753
      vertex -10.4438 -20.5163 -3.76338
    endloop
  endfacet
  facet normal 0.142596 -0.571173 -0.808349
    outer loop
      vertex -12.4953 -23.285 -2.1689
      vertex -10.8971 -20.6377 -3.75753
      vertex -12.3049 -23.871 -1.72125
    endloop
  endfacet
  facet normal 0.142966 -0.571302 -0.808192
    outer loop
      vertex -10.8971 -20.6377 -3.75753
      vertex -12.4953 -23.285 -2.1689
      vertex -10.9648 -20.6342 -3.77198
    endloop
  endfacet
  facet normal 0.142491 -0.571137 -0.808393
    outer loop
      vertex -9.6836 -18.5358 -5.02863
      vertex -0.685211 -3.74509 -13.8923
      vertex -9.56214 -18.9892 -4.68689
    endloop
  endfacet
  facet normal 0.142721 -0.571213 -0.808298
    outer loop
      vertex -9.56214 -18.9892 -4.68689
      vertex -0.685211 -3.74509 -13.8923
      vertex -9.5697 -19.1335 -4.58625
    endloop
  endfacet
  facet normal 0.143217 -0.571393 -0.808083
    outer loop
      vertex -9.72054 -18.479 -5.07534
      vertex -0.685211 -3.74509 -13.8923
      vertex -9.6836 -18.5358 -5.02863
    endloop
  endfacet
  facet normal 0.142549 -0.571155 -0.80837
    outer loop
      vertex -0.685211 -3.74509 -13.8923
      vertex -9.72054 -18.479 -5.07534
      vertex -0.875608 -3.15911 -14.3399
    endloop
  endfacet
  facet normal 0.127172 -0.802407 -0.58307
    outer loop
      vertex -12.1666 -24.2968 -1.10511
      vertex -12.8368 -23.9553 -1.72125
      vertex -12.3049 -23.871 -1.72125
    endloop
  endfacet
  facet normal 0.127044 -0.802494 -0.582978
    outer loop
      vertex -12.1666 -24.2968 -1.10511
      vertex -12.8368 -24.4029 -1.10511
      vertex -12.8368 -23.9553 -1.72125
    endloop
  endfacet
  facet normal -0.0763905 -0.483305 -0.872113
    outer loop
      vertex -12.8368 -23.3391 -2.1689
      vertex -11.3658 -20.6132 -3.80838
      vertex -11.266 -20.6184 -3.81424
    endloop
  endfacet
  facet normal -0.0765399 -0.483239 -0.872137
    outer loop
      vertex -12.8368 -23.3391 -2.1689
      vertex -11.5867 -20.5284 -3.83598
      vertex -11.3658 -20.6132 -3.80838
    endloop
  endfacet
  facet normal -0.0765533 -0.483234 -0.872138
    outer loop
      vertex -11.5867 -20.5284 -3.83598
      vertex -12.8368 -23.3391 -2.1689
      vertex -13.1783 -23.285 -2.1689
    endloop
  endfacet
  facet normal -0.076585 -0.483208 -0.87215
    outer loop
      vertex -9.9392 -18.1423 -5.30265
      vertex -1.2171 -3.2132 -14.3399
      vertex -9.88478 -18.2261 -5.261
    endloop
  endfacet
  facet normal -0.0765385 -0.48323 -0.872142
    outer loop
      vertex -1.2171 -3.2132 -14.3399
      vertex -9.9392 -18.1423 -5.30265
      vertex -1.5586 -3.15911 -14.3399
    endloop
  endfacet
  facet normal -0.0766309 -0.483187 -0.872157
    outer loop
      vertex -1.5586 -3.15911 -14.3399
      vertex -9.9392 -18.1423 -5.30265
      vertex -10.1231 -17.9933 -5.36904
    endloop
  endfacet
  facet normal -0.156461 -0.987684 0
    outer loop
      vertex -13.5798 -24.5206 -0.380794
      vertex -12.8368 -24.6383 0.380794
      vertex -13.5798 -24.5206 0.380794
    endloop
  endfacet
  facet normal -0.156461 -0.987684 -0
    outer loop
      vertex -12.8368 -24.6383 0.380794
      vertex -13.5798 -24.5206 -0.380794
      vertex -12.8368 -24.6383 -0.380794
    endloop
  endfacet
  facet normal -0.148974 -0.940423 -0.305634
    outer loop
      vertex -12.8368 -24.6383 -0.380794
      vertex -13.5798 -24.5206 -0.380794
      vertex -12.8368 -24.4029 -1.10511
    endloop
  endfacet
  facet normal -0.0927494 -0.585213 0.805558
    outer loop
      vertex -12.8368 -23.3391 2.1689
      vertex -13.3687 -23.871 1.72125
      vertex -12.8368 -23.9553 1.72125
    endloop
  endfacet
  facet normal -0.368828 -0.72389 0.583051
    outer loop
      vertex -13.3687 -23.871 1.72125
      vertex -14.1117 -23.9887 1.10511
      vertex -13.507 -24.2968 1.10511
    endloop
  endfacet
  facet normal -0.337035 -0.337035 -0.879099
    outer loop
      vertex -13.7309 -22.8836 -2.1689
      vertex -11.8948 -20.3714 -3.83598
      vertex -13.4864 -23.1281 -2.1689
    endloop
  endfacet
  facet normal -0.337016 -0.33705 -0.879101
    outer loop
      vertex -11.8948 -20.3714 -3.83598
      vertex -13.7309 -22.8836 -2.1689
      vertex -12.1576 -20.1586 -3.81682
    endloop
  endfacet
  facet normal -0.337039 -0.337037 -0.879097
    outer loop
      vertex -10.7288 -17.6838 -5.31342
      vertex -1.86667 -3.00214 -14.3399
      vertex -10.4131 -17.805 -5.38799
    endloop
  endfacet
  facet normal -0.337038 -0.337038 -0.879097
    outer loop
      vertex -1.86667 -3.00214 -14.3399
      vertex -10.7288 -17.6838 -5.31342
      vertex -2.11116 -2.75765 -14.3399
    endloop
  endfacet
  facet normal -0.940423 0.148974 -0.305634
    outer loop
      vertex -15.0057 22.234 -1.10511
      vertex -15.2411 22.234 -0.380794
      vertex -15.1234 22.977 -0.380794
    endloop
  endfacet
  facet normal -0.337016 0.33705 -0.879101
    outer loop
      vertex -13.7309 22.8836 -2.1689
      vertex -11.8948 20.3714 -3.83598
      vertex -12.1576 20.1586 -3.81682
    endloop
  endfacet
  facet normal -0.337035 0.337035 -0.879099
    outer loop
      vertex -11.8948 20.3714 -3.83598
      vertex -13.7309 22.8836 -2.1689
      vertex -13.4864 23.1281 -2.1689
    endloop
  endfacet
  facet normal -0.337038 0.337038 -0.879097
    outer loop
      vertex -10.7288 17.6838 -5.31342
      vertex -1.86667 3.00214 -14.3399
      vertex -2.11116 2.75765 -14.3399
    endloop
  endfacet
  facet normal -0.337039 0.337037 -0.879097
    outer loop
      vertex -1.86667 3.00214 -14.3399
      vertex -10.7288 17.6838 -5.31342
      vertex -10.4131 17.805 -5.38799
    endloop
  endfacet
  facet normal -0.528003 0.268885 -0.805552
    outer loop
      vertex -13.8878 22.5755 -2.1689
      vertex -14.4738 22.7659 -1.72125
      vertex -13.7309 22.8836 -2.1689
    endloop
  endfacet
  facet normal -0.564892 -0.163035 -0.808898
    outer loop
      vertex -11.0513 -17.6625 -5.14
      vertex -2.85411 -2.63998 -13.8923
      vertex -2.26812 -2.44958 -14.3399
    endloop
  endfacet
  facet normal -0.564915 -0.163015 -0.808886
    outer loop
      vertex -11.2107 -17.6542 -5.03035
      vertex -2.85411 -2.63998 -13.8923
      vertex -11.0513 -17.6625 -5.14
    endloop
  endfacet
  facet normal -0.564979 -0.16296 -0.808853
    outer loop
      vertex -2.85411 -2.63998 -13.8923
      vertex -11.2107 -17.6542 -5.03035
      vertex -11.5796 -17.753 -4.75277
    endloop
  endfacet
  facet normal -0.564971 -0.162968 -0.808857
    outer loop
      vertex -13.8878 -22.5755 -2.1689
      vertex -12.4242 -19.7561 -3.75925
      vertex -12.3373 -19.8899 -3.79299
    endloop
  endfacet
  facet normal -0.564923 -0.163008 -0.808882
    outer loop
      vertex -13.8878 -22.5755 -2.1689
      vertex -12.5231 -19.3871 -3.76454
      vertex -12.4242 -19.7561 -3.75925
    endloop
  endfacet
  facet normal -0.564944 -0.162993 -0.808871
    outer loop
      vertex -12.5231 -19.3871 -3.76454
      vertex -13.8878 -22.5755 -2.1689
      vertex -14.4738 -22.7659 -1.72125
    endloop
  endfacet
  facet normal -0.631827 -0.100039 -0.768627
    outer loop
      vertex -11.664 -17.7756 -4.68045
      vertex -2.85411 -2.63998 -13.8923
      vertex -11.5796 -17.753 -4.75277
    endloop
  endfacet
  facet normal -0.631802 -0.100064 -0.768644
    outer loop
      vertex -2.85411 -2.63998 -13.8923
      vertex -11.664 -17.7756 -4.68045
      vertex -2.93835 -2.10809 -13.8923
    endloop
  endfacet
  facet normal -0.631779 -0.100086 -0.76866
    outer loop
      vertex -12.0576 -18.0312 -4.32366
      vertex -2.93835 -2.10809 -13.8923
      vertex -11.664 -17.7756 -4.68045
    endloop
  endfacet
  facet normal -0.631748 -0.100117 -0.768681
    outer loop
      vertex -2.93835 -2.10809 -13.8923
      vertex -12.0576 -18.0312 -4.32366
      vertex -12.3153 -18.3495 -4.07041
    endloop
  endfacet
  facet normal -0.631744 -0.100124 -0.768683
    outer loop
      vertex -14.5581 -22.234 -1.72125
      vertex -12.5231 -19.3871 -3.76454
      vertex -14.4738 -22.7659 -1.72125
    endloop
  endfacet
  facet normal -0.631862 -0.0999843 -0.768605
    outer loop
      vertex -12.5231 -19.3871 -3.76454
      vertex -14.5581 -22.234 -1.72125
      vertex -12.5457 -19.3027 -3.75694
    endloop
  endfacet
  facet normal -0.631831 -0.10002 -0.768626
    outer loop
      vertex -12.5457 -19.3027 -3.75694
      vertex -14.5581 -22.234 -1.72125
      vertex -12.5211 -18.8341 -3.83814
    endloop
  endfacet
  facet normal -0.631528 -0.100331 -0.768834
    outer loop
      vertex -12.5211 -18.8341 -3.83814
      vertex -14.5581 -22.234 -1.72125
      vertex -12.3744 -18.4518 -4.00853
    endloop
  endfacet
  facet normal 0.308712 -0.0488761 -0.949899
    outer loop
      vertex 3.53932 0 -14.3399
      vertex 2.79637 -0.117671 -14.5753
      vertex 2.815 0 -14.5753
    endloop
  endfacet
  facet normal -0.574458 0.574458 -0.583092
    outer loop
      vertex -14.2293 23.2457 -1.72125
      vertex -14.1117 23.9887 -1.10511
      vertex -13.8485 23.6265 -1.72125
    endloop
  endfacet
  facet normal -0.574458 0.574458 -0.583092
    outer loop
      vertex -14.1117 23.9887 -1.10511
      vertex -14.2293 23.2457 -1.72125
      vertex -14.5915 23.5089 -1.10511
    endloop
  endfacet
  facet normal 0.585213 -0.0927505 -0.805558
    outer loop
      vertex 27.3106 -0.531894 -1.72125
      vertex 26.7787 0 -2.1689
      vertex 27.3949 0 -1.72125
    endloop
  endfacet
  facet normal 0.527991 -0.269043 -0.805507
    outer loop
      vertex 27.0661 -1.01172 -1.72125
      vertex 26.5677 -0.649566 -2.1689
      vertex 27.3106 -0.531894 -1.72125
    endloop
  endfacet
  facet normal 0.268994 -0.527928 -0.805565
    outer loop
      vertex -0.685211 -3.74509 -13.8923
      vertex -0.875608 -3.15911 -14.3399
      vertex -0.567539 -3.00214 -14.3399
    endloop
  endfacet
  facet normal 0.308712 0.0488761 -0.949899
    outer loop
      vertex 2.815 0 -14.5753
      vertex 2.79637 0.117671 -14.5753
      vertex 3.53932 0 -14.3399
    endloop
  endfacet
  facet normal 0.0488977 0.308711 -0.949898
    outer loop
      vertex -1.09943 2.47024 -14.5753
      vertex -1.2171 3.2132 -14.3399
      vertex -0.875608 3.15911 -14.3399
    endloop
  endfacet
  facet normal 0.1419 0.278493 -0.949898
    outer loop
      vertex -0.567539 3.00214 -14.3399
      vertex -1.09943 2.47024 -14.5753
      vertex -0.875608 3.15911 -14.3399
    endloop
  endfacet
  facet normal 0.451535 0.22976 -0.862164
    outer loop
      vertex 3.48523 0.341496 -14.3399
      vertex 20.6813 0.463525 -5.30141
      vertex 20.6619 0.341496 -5.34409
    endloop
  endfacet
  facet normal 0.451476 0.230267 -0.862059
    outer loop
      vertex 3.48523 0.341496 -14.3399
      vertex 20.776 0.649566 -5.20212
      vertex 20.6813 0.463525 -5.30141
    endloop
  endfacet
  facet normal 0.451503 0.230053 -0.862103
    outer loop
      vertex 20.776 0.649566 -5.20212
      vertex 3.48523 0.341496 -14.3399
      vertex 3.32826 0.649566 -14.3399
    endloop
  endfacet
  facet normal 0.451498 0.230094 -0.862094
    outer loop
      vertex 23.5538 0.341496 -3.82957
      vertex 26.5677 0.649566 -2.1689
      vertex 26.7247 0.341496 -2.1689
    endloop
  endfacet
  facet normal 0.451458 0.230297 -0.862061
    outer loop
      vertex 23.5344 0.463525 -3.80713
      vertex 26.5677 0.649566 -2.1689
      vertex 23.5538 0.341496 -3.82957
    endloop
  endfacet
  facet normal 0.451495 0.230066 -0.862103
    outer loop
      vertex 26.5677 0.649566 -2.1689
      vertex 23.5344 0.463525 -3.80713
      vertex 23.4396 0.649566 -3.80713
    endloop
  endfacet
  facet normal 0.527991 0.269043 -0.805507
    outer loop
      vertex 27.3106 0.531894 -1.72125
      vertex 26.5677 0.649566 -2.1689
      vertex 27.0661 1.01172 -1.72125
    endloop
  endfacet
  facet normal 0.802403 0.127173 -0.583074
    outer loop
      vertex 27.3949 0 -1.72125
      vertex 27.3106 0.531894 -1.72125
      vertex 27.7364 0.670226 -1.10511
    endloop
  endfacet
  facet normal 0.418965 0.418965 -0.805566
    outer loop
      vertex 3.32826 0.649566 -14.3399
      vertex 3.44593 1.39252 -13.8923
      vertex 3.82673 1.01172 -13.8923
    endloop
  endfacet
  facet normal 0.418971 0.418963 -0.805564
    outer loop
      vertex 3.44593 1.39252 -13.8923
      vertex 3.32826 0.649566 -14.3399
      vertex 3.08378 0.894051 -14.3399
    endloop
  endfacet
  facet normal -0.278499 0.141894 -0.949897
    outer loop
      vertex -1.57926 2.22576 -14.5753
      vertex -2.26812 2.44958 -14.3399
      vertex -2.11116 2.75765 -14.3399
    endloop
  endfacet
  facet normal -0.0927494 0.585213 -0.805558
    outer loop
      vertex -12.8368 23.3391 -2.1689
      vertex -13.3687 23.871 -1.72125
      vertex -12.8368 23.9553 -1.72125
    endloop
  endfacet
  facet normal 0.361649 0.626396 -0.690534
    outer loop
      vertex -0.205382 3.5006 -13.8923
      vertex -11.8251 23.6265 -1.72125
      vertex 3.44593 1.39252 -13.8923
    endloop
  endfacet
  facet normal 0.368878 0.723868 -0.583047
    outer loop
      vertex -11.562 23.9887 -1.10511
      vertex -12.3049 23.871 -1.72125
      vertex -12.1666 24.2968 -1.10511
    endloop
  endfacet
  facet normal 0.368876 0.723871 -0.583045
    outer loop
      vertex -11.8251 23.6265 -1.72125
      vertex -12.3049 23.871 -1.72125
      vertex -11.562 23.9887 -1.10511
    endloop
  endfacet
  facet normal -0.148886 0.940464 -0.30555
    outer loop
      vertex -13.507 24.2968 -1.10511
      vertex -13.5798 24.5206 -0.380794
      vertex -12.8368 24.4029 -1.10511
    endloop
  endfacet
  facet normal -0.127044 0.802494 -0.582978
    outer loop
      vertex -12.8368 23.9553 -1.72125
      vertex -13.507 24.2968 -1.10511
      vertex -12.8368 24.4029 -1.10511
    endloop
  endfacet
  facet normal -0.574458 0.574458 0.583092
    outer loop
      vertex -14.1117 23.9887 1.10511
      vertex -14.2293 23.2457 1.72125
      vertex -13.8485 23.6265 1.72125
    endloop
  endfacet
  facet normal -0.574458 0.574458 0.583092
    outer loop
      vertex -14.2293 23.2457 1.72125
      vertex -14.1117 23.9887 1.10511
      vertex -14.5915 23.5089 1.10511
    endloop
  endfacet
  facet normal -0.631827 0.100039 0.768627
    outer loop
      vertex -11.664 17.7756 4.68045
      vertex -2.85411 2.63998 13.8923
      vertex -11.5796 17.753 4.75277
    endloop
  endfacet
  facet normal -0.631802 0.100064 0.768644
    outer loop
      vertex -2.85411 2.63998 13.8923
      vertex -11.664 17.7756 4.68045
      vertex -2.93835 2.10809 13.8923
    endloop
  endfacet
  facet normal -0.631779 0.100086 0.76866
    outer loop
      vertex -12.0576 18.0312 4.32366
      vertex -2.93835 2.10809 13.8923
      vertex -11.664 17.7756 4.68045
    endloop
  endfacet
  facet normal -0.631748 0.100117 0.768681
    outer loop
      vertex -2.93835 2.10809 13.8923
      vertex -12.0576 18.0312 4.32366
      vertex -12.3153 18.3495 4.07041
    endloop
  endfacet
  facet normal -0.631744 0.100124 0.768683
    outer loop
      vertex -14.5581 22.234 1.72125
      vertex -12.5231 19.3871 3.76454
      vertex -14.4738 22.7659 1.72125
    endloop
  endfacet
  facet normal -0.631862 0.0999843 0.768605
    outer loop
      vertex -12.5231 19.3871 3.76454
      vertex -14.5581 22.234 1.72125
      vertex -12.5457 19.3027 3.75694
    endloop
  endfacet
  facet normal -0.631831 0.10002 0.768626
    outer loop
      vertex -12.5457 19.3027 3.75694
      vertex -14.5581 22.234 1.72125
      vertex -12.5211 18.8341 3.83814
    endloop
  endfacet
  facet normal -0.631528 0.100331 0.768834
    outer loop
      vertex -12.5211 18.8341 3.83814
      vertex -14.5581 22.234 1.72125
      vertex -12.3744 18.4518 4.00853
    endloop
  endfacet
  facet normal -0.723846 0.368863 0.583084
    outer loop
      vertex -14.2293 23.2457 1.72125
      vertex -14.5915 23.5089 1.10511
      vertex -14.4738 22.7659 1.72125
    endloop
  endfacet
  facet normal -0.278499 0.141894 0.949897
    outer loop
      vertex -2.11116 2.75765 14.3399
      vertex -2.26812 2.44958 14.3399
      vertex -1.57926 2.22576 14.5753
    endloop
  endfacet
  facet normal 0.278496 -0.141901 0.949897
    outer loop
      vertex 3.48523 -0.341496 14.3399
      vertex 2.79637 -0.117671 14.5753
      vertex 3.32826 -0.649566 14.3399
    endloop
  endfacet
  facet normal -0.337038 -0.337038 0.879097
    outer loop
      vertex -10.7288 -17.6838 5.31342
      vertex -1.86667 -3.00214 14.3399
      vertex -2.11116 -2.75765 14.3399
    endloop
  endfacet
  facet normal -0.337039 -0.337037 0.879097
    outer loop
      vertex -1.86667 -3.00214 14.3399
      vertex -10.7288 -17.6838 5.31342
      vertex -10.4131 -17.805 5.38799
    endloop
  endfacet
  facet normal -0.337016 -0.33705 0.879101
    outer loop
      vertex -13.7309 -22.8836 2.1689
      vertex -11.8948 -20.3714 3.83598
      vertex -12.1576 -20.1586 3.81682
    endloop
  endfacet
  facet normal -0.337035 -0.337035 0.879099
    outer loop
      vertex -11.8948 -20.3714 3.83598
      vertex -13.7309 -22.8836 2.1689
      vertex -13.4864 -23.1281 2.1689
    endloop
  endfacet
  facet normal 0.314682 -0.617585 0.720808
    outer loop
      vertex -9.5697 -19.1335 4.58625
      vertex -0.205382 -3.5006 13.8923
      vertex -0.685211 -3.74509 13.8923
    endloop
  endfacet
  facet normal 0.314786 -0.617609 0.720742
    outer loop
      vertex -9.5867 -19.4578 4.31578
      vertex -0.205382 -3.5006 13.8923
      vertex -9.5697 -19.1335 4.58625
    endloop
  endfacet
  facet normal 0.314319 -0.617508 0.721032
    outer loop
      vertex -9.75488 -19.896 4.01381
      vertex -0.205382 -3.5006 13.8923
      vertex -9.5867 -19.4578 4.31578
    endloop
  endfacet
  facet normal 0.315115 -0.617676 0.72054
    outer loop
      vertex -9.75488 -19.896 4.01381
      vertex -11.8251 -23.6265 1.72125
      vertex -0.205382 -3.5006 13.8923
    endloop
  endfacet
  facet normal 0.3147 -0.617598 0.720789
    outer loop
      vertex -10.0502 -20.2607 3.83026
      vertex -11.8251 -23.6265 1.72125
      vertex -9.75488 -19.896 4.01381
    endloop
  endfacet
  facet normal 0.314678 -0.617595 0.720801
    outer loop
      vertex -10.3226 -20.4376 3.79761
      vertex -11.8251 -23.6265 1.72125
      vertex -10.0502 -20.2607 3.83026
    endloop
  endfacet
  facet normal 0.314721 -0.6176 0.720778
    outer loop
      vertex -11.8251 -23.6265 1.72125
      vertex -10.3226 -20.4376 3.79761
      vertex -12.3049 -23.871 1.72125
    endloop
  endfacet
  facet normal -0.43229 -0.848378 0.305582
    outer loop
      vertex -13.507 -24.2968 1.10511
      vertex -14.25 -24.1791 0.380794
      vertex -13.5798 -24.5206 0.380794
    endloop
  endfacet
  facet normal -0.148886 -0.940464 0.30555
    outer loop
      vertex -13.507 -24.2968 1.10511
      vertex -13.5798 -24.5206 0.380794
      vertex -12.8368 -24.4029 1.10511
    endloop
  endfacet
  facet normal -0.8484 -0.432267 0.305554
    outer loop
      vertex -14.5915 -23.5089 1.10511
      vertex -14.8996 -22.9042 1.10511
      vertex -14.7819 -23.6472 0.380794
    endloop
  endfacet
  facet normal -0.673291 -0.673291 0.305545
    outer loop
      vertex -14.7819 -23.6472 0.380794
      vertex -14.1117 -23.9887 1.10511
      vertex -14.5915 -23.5089 1.10511
    endloop
  endfacet
  facet normal -0.673291 -0.673291 0.305545
    outer loop
      vertex -14.1117 -23.9887 1.10511
      vertex -14.7819 -23.6472 0.380794
      vertex -14.25 -24.1791 0.380794
    endloop
  endfacet
  facet normal 0.848372 0.432308 0.305573
    outer loop
      vertex 27.6187 1.41318 0.380794
      vertex 27.4283 1.27485 1.10511
      vertex 27.7364 0.670226 1.10511
    endloop
  endfacet
  facet normal 0.848397 0.432281 0.305542
    outer loop
      vertex 27.9602 0.742951 0.380794
      vertex 27.6187 1.41318 0.380794
      vertex 27.7364 0.670226 1.10511
    endloop
  endfacet
  facet normal 0.940469 -0.148881 -0.305536
    outer loop
      vertex 27.9602 -0.742951 -0.380794
      vertex 27.7364 -0.670226 -1.10511
      vertex 27.8425 0 -1.10511
    endloop
  endfacet
  facet normal 0.673306 -0.673278 -0.305544
    outer loop
      vertex 27.4283 -1.27485 -1.10511
      vertex 27.0868 -1.94507 -0.380794
      vertex 26.9485 -1.75467 -1.10511
    endloop
  endfacet
  facet normal 0.673279 -0.673292 -0.30557
    outer loop
      vertex 27.0868 -1.94507 -0.380794
      vertex 27.4283 -1.27485 -1.10511
      vertex 27.6187 -1.41318 -0.380794
    endloop
  endfacet
  facet normal 0.891006 0.453992 0
    outer loop
      vertex 27.9602 0.742951 0.380794
      vertex 27.6187 1.41318 -0.380794
      vertex 27.6187 1.41318 0.380794
    endloop
  endfacet
  facet normal 0.891006 0.453992 0
    outer loop
      vertex 27.6187 1.41318 -0.380794
      vertex 27.9602 0.742951 0.380794
      vertex 27.9602 0.742951 -0.380794
    endloop
  endfacet
  facet normal 0.987683 0.156471 0
    outer loop
      vertex 28.0779 0 0.380794
      vertex 27.9602 0.742951 -0.380794
      vertex 27.9602 0.742951 0.380794
    endloop
  endfacet
  facet normal 0.987683 0.156471 0
    outer loop
      vertex 27.9602 0.742951 -0.380794
      vertex 28.0779 0 0.380794
      vertex 28.0779 0 -0.380794
    endloop
  endfacet
  facet normal 0.987683 -0.156471 0
    outer loop
      vertex 27.9602 -0.742951 0.380794
      vertex 28.0779 0 -0.380794
      vertex 28.0779 0 0.380794
    endloop
  endfacet
  facet normal 0.987683 -0.156471 0
    outer loop
      vertex 28.0779 0 -0.380794
      vertex 27.9602 -0.742951 0.380794
      vertex 27.9602 -0.742951 -0.380794
    endloop
  endfacet
  facet normal 0.802403 0.127173 0.583074
    outer loop
      vertex 27.7364 0.670226 1.10511
      vertex 27.3106 0.531894 1.72125
      vertex 27.3949 0 1.72125
    endloop
  endfacet
  facet normal 0.723873 0.368856 0.583055
    outer loop
      vertex 27.4283 1.27485 1.10511
      vertex 27.0661 1.01172 1.72125
      vertex 27.3106 0.531894 1.72125
    endloop
  endfacet
  facet normal 0.0489027 0.308712 0.949898
    outer loop
      vertex -1.2171 3.2132 14.3399
      vertex -1.2171 2.48888 14.5753
      vertex -1.09943 2.47024 14.5753
    endloop
  endfacet
  facet normal 0.155382 0.269127 0.950488
    outer loop
      vertex -0.567539 3.00214 14.3399
      vertex 0 2.5 14.3893
      vertex 0.416429 2.43404 14.3399
    endloop
  endfacet
  facet normal 0.155248 0.268982 0.950551
    outer loop
      vertex -0.567539 3.00214 14.3399
      vertex -0.772542 2.37764 14.5501
      vertex 0 2.5 14.3893
    endloop
  endfacet
  facet normal 0.155443 0.268914 0.950538
    outer loop
      vertex -0.99328 2.41616 14.5753
      vertex -0.772542 2.37764 14.5501
      vertex -0.567539 3.00214 14.3399
    endloop
  endfacet
  facet normal 0.155498 0.269312 0.950416
    outer loop
      vertex -0.772542 2.37764 14.5501
      vertex -0.99328 2.41616 14.5753
      vertex -0.854362 2.33595 14.5753
    endloop
  endfacet
  facet normal 0.155363 0.268967 0.950536
    outer loop
      vertex 2.37764 0.772542 14.4897
      vertex 2.65803 0.308068 14.5753
      vertex 3.08378 0.894051 14.3399
    endloop
  endfacet
  facet normal 0.155259 0.26891 0.950569
    outer loop
      vertex 2.65803 0.308068 14.5753
      vertex 2.37764 0.772542 14.4897
      vertex 2.43039 0.439499 14.5753
    endloop
  endfacet
  facet normal 0.155353 0.269012 0.950525
    outer loop
      vertex 3.08378 0.894051 14.3399
      vertex 2.02254 1.46946 14.3505
      vertex 2.37764 0.772542 14.4897
    endloop
  endfacet
  facet normal 0.155894 0.270015 0.950152
    outer loop
      vertex 2.02254 1.46946 14.3505
      vertex 3.08378 0.894051 14.3399
      vertex 1.93431 1.5577 14.3399
    endloop
  endfacet
  facet normal 0.141889 0.278504 0.949896
    outer loop
      vertex -0.567539 3.00214 14.3399
      vertex -1.09943 2.47024 14.5753
      vertex -0.99328 2.41616 14.5753
    endloop
  endfacet
  facet normal 0.308712 0.0488761 0.949899
    outer loop
      vertex 3.53932 0 14.3399
      vertex 2.79637 0.117671 14.5753
      vertex 2.815 0 14.5753
    endloop
  endfacet
  facet normal 0.527989 -0.269076 0.805497
    outer loop
      vertex 26.7247 -0.341496 2.1689
      vertex 26.5677 -0.649566 2.1689
      vertex 27.3106 -0.531894 1.72125
    endloop
  endfacet
  facet normal 0.585343 -0.092559 0.805485
    outer loop
      vertex 26.7787 0 2.1689
      vertex 26.7247 -0.341496 2.1689
      vertex 27.3106 -0.531894 1.72125
    endloop
  endfacet
  facet normal -1 0 0
    outer loop
      vertex -15.2411 -22.234 -0.380794
      vertex -15.2411 22.234 0.380794
      vertex -15.2411 22.234 -0.380794
    endloop
  endfacet
  facet normal -1 -0 0
    outer loop
      vertex -15.2411 22.234 0.380794
      vertex -15.2411 -22.234 -0.380794
      vertex -15.2411 -22.234 0.380794
    endloop
  endfacet
  facet normal -0.269061 0.527997 -0.805497
    outer loop
      vertex -13.4864 23.1281 -2.1689
      vertex -13.8485 23.6265 -1.72125
      vertex -13.3687 23.871 -1.72125
    endloop
  endfacet
  facet normal -0.268885 0.528003 -0.805552
    outer loop
      vertex -13.1783 23.285 -2.1689
      vertex -13.4864 23.1281 -2.1689
      vertex -13.3687 23.871 -1.72125
    endloop
  endfacet
  facet normal -0.368863 0.723846 -0.583084
    outer loop
      vertex -13.8485 23.6265 -1.72125
      vertex -14.1117 23.9887 -1.10511
      vertex -13.3687 23.871 -1.72125
    endloop
  endfacet
  facet normal -0.419035 0.419035 -0.805494
    outer loop
      vertex -13.7309 22.8836 -2.1689
      vertex -13.8485 23.6265 -1.72125
      vertex -13.4864 23.1281 -2.1689
    endloop
  endfacet
  facet normal -0.419035 0.419035 -0.805494
    outer loop
      vertex -13.8485 23.6265 -1.72125
      vertex -13.7309 22.8836 -2.1689
      vertex -14.2293 23.2457 -1.72125
    endloop
  endfacet
  facet normal -0.0488966 0.308711 -0.949898
    outer loop
      vertex -1.33478 2.47024 -14.5753
      vertex -1.5586 3.15911 -14.3399
      vertex -1.2171 3.2132 -14.3399
    endloop
  endfacet
  facet normal -0.1419 0.278494 -0.949898
    outer loop
      vertex -1.33478 2.47024 -14.5753
      vertex -1.86667 3.00214 -14.3399
      vertex -1.5586 3.15911 -14.3399
    endloop
  endfacet
  facet normal -0.278499 -0.141894 -0.949897
    outer loop
      vertex -2.11116 -2.75765 -14.3399
      vertex -2.26812 -2.44958 -14.3399
      vertex -1.57926 -2.22576 -14.5753
    endloop
  endfacet
  facet normal -0.141889 0.278504 -0.949896
    outer loop
      vertex -1.44093 2.41616 -14.5753
      vertex -1.86667 3.00214 -14.3399
      vertex -1.33478 2.47024 -14.5753
    endloop
  endfacet
  facet normal 0.500001 -0.866025 0
    outer loop
      vertex -11.4236 -24.1791 -0.380794
      vertex 27.0868 -1.94507 0.380794
      vertex -11.4236 -24.1791 0.380794
    endloop
  endfacet
  facet normal 0.500001 -0.866025 0
    outer loop
      vertex 27.0868 -1.94507 0.380794
      vertex -11.4236 -24.1791 -0.380794
      vertex 27.0868 -1.94507 -0.380794
    endloop
  endfacet
  facet normal 0.475769 -0.824057 -0.307527
    outer loop
      vertex 26.9485 -1.75467 -1.10511
      vertex -11.4236 -24.1791 -0.380794
      vertex -11.562 -23.9887 -1.10511
    endloop
  endfacet
  facet normal 0.47578 -0.824073 -0.307468
    outer loop
      vertex -11.4236 -24.1791 -0.380794
      vertex 26.9485 -1.75467 -1.10511
      vertex 27.0868 -1.94507 -0.380794
    endloop
  endfacet
  facet normal 0.723873 -0.368856 -0.583055
    outer loop
      vertex 27.4283 -1.27485 -1.10511
      vertex 27.0661 -1.01172 -1.72125
      vertex 27.3106 -0.531894 -1.72125
    endloop
  endfacet
  facet normal 0.585343 0.092559 -0.805485
    outer loop
      vertex 26.7787 0 -2.1689
      vertex 26.7247 0.341496 -2.1689
      vertex 27.3106 0.531894 -1.72125
    endloop
  endfacet
  facet normal 0.585213 0.0927505 -0.805558
    outer loop
      vertex 27.3949 0 -1.72125
      vertex 26.7787 0 -2.1689
      vertex 27.3106 0.531894 -1.72125
    endloop
  endfacet
  facet normal 0.155363 -0.268967 -0.950536
    outer loop
      vertex 2.37764 -0.772542 -14.4897
      vertex 2.65803 -0.308068 -14.5753
      vertex 3.08378 -0.894051 -14.3399
    endloop
  endfacet
  facet normal 0.155259 -0.26891 -0.950569
    outer loop
      vertex 2.65803 -0.308068 -14.5753
      vertex 2.37764 -0.772542 -14.4897
      vertex 2.43039 -0.439499 -14.5753
    endloop
  endfacet
  facet normal 0.155353 -0.269012 -0.950525
    outer loop
      vertex 3.08378 -0.894051 -14.3399
      vertex 2.02254 -1.46946 -14.3505
      vertex 2.37764 -0.772542 -14.4897
    endloop
  endfacet
  facet normal 0.155894 -0.270015 -0.950152
    outer loop
      vertex 2.02254 -1.46946 -14.3505
      vertex 3.08378 -0.894051 -14.3399
      vertex 1.93431 -1.5577 -14.3399
    endloop
  endfacet
  facet normal 0.155382 -0.269127 -0.950488
    outer loop
      vertex -0.567539 -3.00214 -14.3399
      vertex 0 -2.5 -14.3893
      vertex 0.416429 -2.43404 -14.3399
    endloop
  endfacet
  facet normal 0.155248 -0.268982 -0.950551
    outer loop
      vertex -0.567539 -3.00214 -14.3399
      vertex -0.772542 -2.37764 -14.5501
      vertex 0 -2.5 -14.3893
    endloop
  endfacet
  facet normal 0.155443 -0.268914 -0.950538
    outer loop
      vertex -0.99328 -2.41616 -14.5753
      vertex -0.772542 -2.37764 -14.5501
      vertex -0.567539 -3.00214 -14.3399
    endloop
  endfacet
  facet normal 0.155498 -0.269312 -0.950416
    outer loop
      vertex -0.772542 -2.37764 -14.5501
      vertex -0.99328 -2.41616 -14.5753
      vertex -0.854362 -2.33595 -14.5753
    endloop
  endfacet
  facet normal 0.0489027 -0.308712 -0.949898
    outer loop
      vertex -1.09943 -2.47024 -14.5753
      vertex -1.2171 -3.2132 -14.3399
      vertex -1.2171 -2.48888 -14.5753
    endloop
  endfacet
  facet normal 0.141889 0.278504 -0.949896
    outer loop
      vertex -0.99328 2.41616 -14.5753
      vertex -1.09943 2.47024 -14.5753
      vertex -0.567539 3.00214 -14.3399
    endloop
  endfacet
  facet normal -0.1419 -0.278494 -0.949898
    outer loop
      vertex -1.5586 -3.15911 -14.3399
      vertex -1.86667 -3.00214 -14.3399
      vertex -1.33478 -2.47024 -14.5753
    endloop
  endfacet
  facet normal -0.141889 -0.278504 -0.949896
    outer loop
      vertex -1.33478 -2.47024 -14.5753
      vertex -1.86667 -3.00214 -14.3399
      vertex -1.44093 -2.41616 -14.5753
    endloop
  endfacet
  facet normal 0.0489027 0.308712 -0.949898
    outer loop
      vertex -1.09943 2.47024 -14.5753
      vertex -1.2171 2.48888 -14.5753
      vertex -1.2171 3.2132 -14.3399
    endloop
  endfacet
  facet normal 0.420855 0.420876 -0.803582
    outer loop
      vertex 3.82673 1.01172 -13.8923
      vertex 21.2262 1.21352 -4.6741
      vertex 21.0244 1.01172 -4.88548
    endloop
  endfacet
  facet normal 0.420859 0.420859 -0.803589
    outer loop
      vertex 3.44593 1.39252 -13.8923
      vertex 21.2262 1.21352 -4.6741
      vertex 3.82673 1.01172 -13.8923
    endloop
  endfacet
  facet normal 0.420867 0.42082 -0.803605
    outer loop
      vertex 21.2262 1.21352 -4.6741
      vertex 3.44593 1.39252 -13.8923
      vertex 21.5775 1.39252 -4.39638
    endloop
  endfacet
  facet normal 0.42088 0.42077 -0.803625
    outer loop
      vertex 23.1913 1.01172 -3.75059
      vertex 26.6854 1.39252 -1.72125
      vertex 27.0661 1.01172 -1.72125
    endloop
  endfacet
  facet normal 0.420854 0.420854 -0.803595
    outer loop
      vertex 22.9895 1.21352 -3.75059
      vertex 26.6854 1.39252 -1.72125
      vertex 23.1913 1.01172 -3.75059
    endloop
  endfacet
  facet normal 0.420857 0.42084 -0.8036
    outer loop
      vertex 26.6854 1.39252 -1.72125
      vertex 22.9895 1.21352 -3.75059
      vertex 22.6382 1.39252 -3.84083
    endloop
  endfacet
  facet normal 0.278493 -0.141904 -0.949897
    outer loop
      vertex 3.32826 -0.649566 -14.3399
      vertex 2.74228 -0.223825 -14.5753
      vertex 2.79637 -0.117671 -14.5753
    endloop
  endfacet
  facet normal 0.221017 -0.221013 -0.949897
    outer loop
      vertex 3.08378 -0.894051 -14.3399
      vertex 2.74228 -0.223825 -14.5753
      vertex 3.32826 -0.649566 -14.3399
    endloop
  endfacet
  facet normal 0.221002 -0.221021 -0.949899
    outer loop
      vertex 2.74228 -0.223825 -14.5753
      vertex 3.08378 -0.894051 -14.3399
      vertex 2.65803 -0.308068 -14.5753
    endloop
  endfacet
  facet normal -0.309082 1.30706e-05 -0.951035
    outer loop
      vertex -2.32221 2.10809 -14.3399
      vertex -1.5979 1.89411 -14.5753
      vertex -2.02254 1.46946 -14.4373
    endloop
  endfacet
  facet normal -0.309085 0 -0.951034
    outer loop
      vertex -1.5979 1.89411 -14.5753
      vertex -2.32221 2.10809 -14.3399
      vertex -1.5979 2.10809 -14.5753
    endloop
  endfacet
  facet normal -0.309107 -0 -0.951027
    outer loop
      vertex -2.32221 2.10809 -14.3399
      vertex -2.02254 1.46946 -14.4373
      vertex -2.32221 0.881325 -14.3399
    endloop
  endfacet
  facet normal -0.309085 0 -0.951034
    outer loop
      vertex -2.32221 -2.10809 -14.3399
      vertex -1.5979 -1.89411 -14.5753
      vertex -1.5979 -2.10809 -14.5753
    endloop
  endfacet
  facet normal -0.309082 -1.30706e-05 -0.951035
    outer loop
      vertex -1.5979 -1.89411 -14.5753
      vertex -2.32221 -2.10809 -14.3399
      vertex -2.02254 -1.46946 -14.4373
    endloop
  endfacet
  facet normal -0.309107 0 -0.951027
    outer loop
      vertex -2.02254 -1.46946 -14.4373
      vertex -2.32221 -2.10809 -14.3399
      vertex -2.32221 -0.881325 -14.3399
    endloop
  endfacet
  facet normal 0.127172 0.802407 -0.58307
    outer loop
      vertex -12.3049 23.871 -1.72125
      vertex -12.8368 23.9553 -1.72125
      vertex -12.1666 24.2968 -1.10511
    endloop
  endfacet
  facet normal 0.0927494 0.585213 -0.805558
    outer loop
      vertex -12.3049 23.871 -1.72125
      vertex -12.8368 23.3391 -2.1689
      vertex -12.8368 23.9553 -1.72125
    endloop
  endfacet
  facet normal -0.432267 0.8484 -0.305554
    outer loop
      vertex -14.1117 23.9887 -1.10511
      vertex -14.25 24.1791 -0.380794
      vertex -13.507 24.2968 -1.10511
    endloop
  endfacet
  facet normal -0.43229 0.848378 -0.305582
    outer loop
      vertex -13.507 24.2968 -1.10511
      vertex -14.25 24.1791 -0.380794
      vertex -13.5798 24.5206 -0.380794
    endloop
  endfacet
  facet normal -0.72389 0.368828 0.583051
    outer loop
      vertex -14.5915 23.5089 1.10511
      vertex -14.8996 22.9042 1.10511
      vertex -14.4738 22.7659 1.72125
    endloop
  endfacet
  facet normal -0.802407 0.127172 0.58307
    outer loop
      vertex -14.4738 22.7659 1.72125
      vertex -14.8996 22.9042 1.10511
      vertex -14.5581 22.234 1.72125
    endloop
  endfacet
  facet normal 0.155259 -0.26891 0.950569
    outer loop
      vertex 2.37764 -0.772542 14.4897
      vertex 2.65803 -0.308068 14.5753
      vertex 2.43039 -0.439499 14.5753
    endloop
  endfacet
  facet normal 0.155363 -0.268967 0.950536
    outer loop
      vertex 2.65803 -0.308068 14.5753
      vertex 2.37764 -0.772542 14.4897
      vertex 3.08378 -0.894051 14.3399
    endloop
  endfacet
  facet normal 0.155353 -0.269012 0.950525
    outer loop
      vertex 2.02254 -1.46946 14.3505
      vertex 3.08378 -0.894051 14.3399
      vertex 2.37764 -0.772542 14.4897
    endloop
  endfacet
  facet normal 0.155894 -0.270015 0.950152
    outer loop
      vertex 3.08378 -0.894051 14.3399
      vertex 2.02254 -1.46946 14.3505
      vertex 1.93431 -1.5577 14.3399
    endloop
  endfacet
  facet normal 0.155382 -0.269127 0.950488
    outer loop
      vertex 0 -2.5 14.3893
      vertex -0.567539 -3.00214 14.3399
      vertex 0.416429 -2.43404 14.3399
    endloop
  endfacet
  facet normal 0.155248 -0.268982 0.950551
    outer loop
      vertex -0.772542 -2.37764 14.5501
      vertex -0.567539 -3.00214 14.3399
      vertex 0 -2.5 14.3893
    endloop
  endfacet
  facet normal 0.155498 -0.269312 0.950416
    outer loop
      vertex -0.99328 -2.41616 14.5753
      vertex -0.772542 -2.37764 14.5501
      vertex -0.854362 -2.33595 14.5753
    endloop
  endfacet
  facet normal 0.155443 -0.268914 0.950538
    outer loop
      vertex -0.772542 -2.37764 14.5501
      vertex -0.99328 -2.41616 14.5753
      vertex -0.567539 -3.00214 14.3399
    endloop
  endfacet
  facet normal -0.527997 0.269061 0.805497
    outer loop
      vertex -14.2293 23.2457 1.72125
      vertex -14.4738 22.7659 1.72125
      vertex -13.7309 22.8836 2.1689
    endloop
  endfacet
  facet normal -0.368863 0.723846 0.583084
    outer loop
      vertex -13.3687 23.871 1.72125
      vertex -14.1117 23.9887 1.10511
      vertex -13.8485 23.6265 1.72125
    endloop
  endfacet
  facet normal 0.1419 -0.278493 0.949898
    outer loop
      vertex -0.567539 -3.00214 14.3399
      vertex -1.09943 -2.47024 14.5753
      vertex -0.875608 -3.15911 14.3399
    endloop
  endfacet
  facet normal 0.268994 -0.527928 0.805565
    outer loop
      vertex -0.567539 -3.00214 14.3399
      vertex -0.875608 -3.15911 14.3399
      vertex -0.685211 -3.74509 13.8923
    endloop
  endfacet
  facet normal -0.419035 -0.419035 0.805494
    outer loop
      vertex -13.7309 -22.8836 2.1689
      vertex -13.8485 -23.6265 1.72125
      vertex -13.4864 -23.1281 2.1689
    endloop
  endfacet
  facet normal -0.419035 -0.419035 0.805494
    outer loop
      vertex -13.8485 -23.6265 1.72125
      vertex -13.7309 -22.8836 2.1689
      vertex -14.2293 -23.2457 1.72125
    endloop
  endfacet
  facet normal -0.527997 -0.269061 0.805497
    outer loop
      vertex -13.7309 -22.8836 2.1689
      vertex -14.4738 -22.7659 1.72125
      vertex -14.2293 -23.2457 1.72125
    endloop
  endfacet
  facet normal 0.500001 0.866025 -0
    outer loop
      vertex 27.0868 1.94507 -0.380794
      vertex -11.4236 24.1791 0.380794
      vertex 27.0868 1.94507 0.380794
    endloop
  endfacet
  facet normal 0.500001 0.866025 0
    outer loop
      vertex -11.4236 24.1791 0.380794
      vertex 27.0868 1.94507 -0.380794
      vertex -11.4236 24.1791 -0.380794
    endloop
  endfacet
  facet normal 0.723865 -0.368862 -0.583061
    outer loop
      vertex 27.4283 -1.27485 -1.10511
      vertex 27.3106 -0.531894 -1.72125
      vertex 27.7364 -0.670226 -1.10511
    endloop
  endfacet
  facet normal 0.802403 -0.127173 -0.583074
    outer loop
      vertex 27.7364 -0.670226 -1.10511
      vertex 27.3106 -0.531894 -1.72125
      vertex 27.3949 0 -1.72125
    endloop
  endfacet
  facet normal 0.527989 0.269076 0.805497
    outer loop
      vertex 27.3106 0.531894 1.72125
      vertex 26.5677 0.649566 2.1689
      vertex 26.7247 0.341496 2.1689
    endloop
  endfacet
  facet normal 0.585343 0.092559 0.805485
    outer loop
      vertex 27.3106 0.531894 1.72125
      vertex 26.7247 0.341496 2.1689
      vertex 26.7787 0 2.1689
    endloop
  endfacet
  facet normal 0.278493 -0.141904 0.949897
    outer loop
      vertex 2.79637 -0.117671 14.5753
      vertex 2.74228 -0.223825 14.5753
      vertex 3.32826 -0.649566 14.3399
    endloop
  endfacet
  facet normal -0.210864 0.413819 0.885602
    outer loop
      vertex -10.3039 17.8469 5.3944
      vertex -1.5586 3.15911 14.3399
      vertex -10.1231 17.9933 5.36904
    endloop
  endfacet
  facet normal -0.210855 0.413824 0.885601
    outer loop
      vertex -1.5586 3.15911 14.3399
      vertex -10.3039 17.8469 5.3944
      vertex -1.86667 3.00214 14.3399
    endloop
  endfacet
  facet normal -0.210784 0.413863 0.8856
    outer loop
      vertex -1.86667 3.00214 14.3399
      vertex -10.3039 17.8469 5.3944
      vertex -10.4131 17.805 5.38799
    endloop
  endfacet
  facet normal -0.210882 0.413816 0.885599
    outer loop
      vertex -13.1783 23.285 2.1689
      vertex -11.8039 20.445 3.82323
      vertex -11.5867 20.5284 3.83598
    endloop
  endfacet
  facet normal -0.210765 0.413873 0.8856
    outer loop
      vertex -13.4864 23.1281 2.1689
      vertex -11.8039 20.445 3.82323
      vertex -13.1783 23.285 2.1689
    endloop
  endfacet
  facet normal -0.210847 0.413824 0.885603
    outer loop
      vertex -11.8039 20.445 3.82323
      vertex -13.4864 23.1281 2.1689
      vertex -11.8948 20.3714 3.83598
    endloop
  endfacet
  facet normal -0.210882 0.413816 -0.885599
    outer loop
      vertex -11.8039 20.445 -3.82323
      vertex -13.1783 23.285 -2.1689
      vertex -11.5867 20.5284 -3.83598
    endloop
  endfacet
  facet normal -0.210847 0.413824 -0.885603
    outer loop
      vertex -13.4864 23.1281 -2.1689
      vertex -11.8039 20.445 -3.82323
      vertex -11.8948 20.3714 -3.83598
    endloop
  endfacet
  facet normal -0.210765 0.413873 -0.8856
    outer loop
      vertex -11.8039 20.445 -3.82323
      vertex -13.4864 23.1281 -2.1689
      vertex -13.1783 23.285 -2.1689
    endloop
  endfacet
  facet normal -0.210855 0.413824 -0.885601
    outer loop
      vertex -10.3039 17.8469 -5.3944
      vertex -1.5586 3.15911 -14.3399
      vertex -1.86667 3.00214 -14.3399
    endloop
  endfacet
  facet normal -0.210864 0.413819 -0.885602
    outer loop
      vertex -1.5586 3.15911 -14.3399
      vertex -10.3039 17.8469 -5.3944
      vertex -10.1231 17.9933 -5.36904
    endloop
  endfacet
  facet normal -0.210784 0.413863 -0.8856
    outer loop
      vertex -10.3039 17.8469 -5.3944
      vertex -1.86667 3.00214 -14.3399
      vertex -10.4131 17.805 -5.38799
    endloop
  endfacet
  facet normal 0.278493 0.141904 -0.949897
    outer loop
      vertex 2.79637 0.117671 -14.5753
      vertex 2.74228 0.223825 -14.5753
      vertex 3.32826 0.649566 -14.3399
    endloop
  endfacet
  facet normal 0.848397 -0.432281 -0.305542
    outer loop
      vertex 27.9602 -0.742951 -0.380794
      vertex 27.6187 -1.41318 -0.380794
      vertex 27.7364 -0.670226 -1.10511
    endloop
  endfacet
  facet normal 0.891006 -0.453992 0
    outer loop
      vertex 27.6187 -1.41318 0.380794
      vertex 27.9602 -0.742951 -0.380794
      vertex 27.9602 -0.742951 0.380794
    endloop
  endfacet
  facet normal 0.891006 -0.453992 0
    outer loop
      vertex 27.9602 -0.742951 -0.380794
      vertex 27.6187 -1.41318 0.380794
      vertex 27.6187 -1.41318 -0.380794
    endloop
  endfacet
  facet normal 0.585343 -0.092559 -0.805485
    outer loop
      vertex 27.3106 -0.531894 -1.72125
      vertex 26.7247 -0.341496 -2.1689
      vertex 26.7787 0 -2.1689
    endloop
  endfacet
  facet normal 0.268998 -0.527928 -0.805564
    outer loop
      vertex -0.205382 -3.5006 -13.8923
      vertex -0.685211 -3.74509 -13.8923
      vertex -0.567539 -3.00214 -14.3399
    endloop
  endfacet
  facet normal 0.1419 -0.278493 -0.949898
    outer loop
      vertex -0.875608 -3.15911 -14.3399
      vertex -1.09943 -2.47024 -14.5753
      vertex -0.567539 -3.00214 -14.3399
    endloop
  endfacet
  facet normal 0.314682 -0.617585 -0.720808
    outer loop
      vertex -0.205382 -3.5006 -13.8923
      vertex -9.5697 -19.1335 -4.58625
      vertex -0.685211 -3.74509 -13.8923
    endloop
  endfacet
  facet normal 0.314786 -0.617609 -0.720742
    outer loop
      vertex -0.205382 -3.5006 -13.8923
      vertex -9.5867 -19.4578 -4.31578
      vertex -9.5697 -19.1335 -4.58625
    endloop
  endfacet
  facet normal 0.314319 -0.617508 -0.721032
    outer loop
      vertex -0.205382 -3.5006 -13.8923
      vertex -9.75488 -19.896 -4.01381
      vertex -9.5867 -19.4578 -4.31578
    endloop
  endfacet
  facet normal 0.315115 -0.617676 -0.72054
    outer loop
      vertex -11.8251 -23.6265 -1.72125
      vertex -9.75488 -19.896 -4.01381
      vertex -0.205382 -3.5006 -13.8923
    endloop
  endfacet
  facet normal 0.3147 -0.617598 -0.720789
    outer loop
      vertex -11.8251 -23.6265 -1.72125
      vertex -10.0502 -20.2607 -3.83026
      vertex -9.75488 -19.896 -4.01381
    endloop
  endfacet
  facet normal 0.314678 -0.617595 -0.720801
    outer loop
      vertex -11.8251 -23.6265 -1.72125
      vertex -10.3226 -20.4376 -3.79761
      vertex -10.0502 -20.2607 -3.83026
    endloop
  endfacet
  facet normal 0.314721 -0.6176 -0.720778
    outer loop
      vertex -10.3226 -20.4376 -3.79761
      vertex -11.8251 -23.6265 -1.72125
      vertex -12.3049 -23.871 -1.72125
    endloop
  endfacet
  facet normal 0.574491 0.574467 -0.58305
    outer loop
      vertex 27.0661 1.01172 -1.72125
      vertex 26.9485 1.75467 -1.10511
      vertex 27.4283 1.27485 -1.10511
    endloop
  endfacet
  facet normal 0.574584 0.574434 -0.582991
    outer loop
      vertex 26.9485 1.75467 -1.10511
      vertex 27.0661 1.01172 -1.72125
      vertex 26.6854 1.39252 -1.72125
    endloop
  endfacet
  facet normal 0.527989 0.269076 -0.805497
    outer loop
      vertex 26.7247 0.341496 -2.1689
      vertex 26.5677 0.649566 -2.1689
      vertex 27.3106 0.531894 -1.72125
    endloop
  endfacet
  facet normal -0.308715 0.0488986 0.949897
    outer loop
      vertex -2.26812 2.44958 14.3399
      vertex -2.32221 2.10809 14.3399
      vertex -1.57926 2.22576 14.5753
    endloop
  endfacet
  facet normal -0.268885 0.528003 0.805552
    outer loop
      vertex -13.3687 23.871 1.72125
      vertex -13.4864 23.1281 2.1689
      vertex -13.1783 23.285 2.1689
    endloop
  endfacet
  facet normal 0.278493 0.141904 0.949897
    outer loop
      vertex 3.32826 0.649566 14.3399
      vertex 2.74228 0.223825 14.5753
      vertex 2.79637 0.117671 14.5753
    endloop
  endfacet
  facet normal -0.308715 0.0489033 0.949896
    outer loop
      vertex -1.57926 2.22576 14.5753
      vertex -2.32221 2.10809 14.3399
      vertex -1.5979 2.10809 14.5753
    endloop
  endfacet
  facet normal 0.451535 -0.22976 -0.862164
    outer loop
      vertex 20.6813 -0.463525 -5.30141
      vertex 3.48523 -0.341496 -14.3399
      vertex 20.6619 -0.341496 -5.34409
    endloop
  endfacet
  facet normal 0.451476 -0.230267 -0.862059
    outer loop
      vertex 20.776 -0.649566 -5.20212
      vertex 3.48523 -0.341496 -14.3399
      vertex 20.6813 -0.463525 -5.30141
    endloop
  endfacet
  facet normal 0.451503 -0.230053 -0.862103
    outer loop
      vertex 3.48523 -0.341496 -14.3399
      vertex 20.776 -0.649566 -5.20212
      vertex 3.32826 -0.649566 -14.3399
    endloop
  endfacet
  facet normal 0.451498 -0.230094 -0.862094
    outer loop
      vertex 26.5677 -0.649566 -2.1689
      vertex 23.5538 -0.341496 -3.82957
      vertex 26.7247 -0.341496 -2.1689
    endloop
  endfacet
  facet normal 0.451458 -0.230297 -0.862061
    outer loop
      vertex 26.5677 -0.649566 -2.1689
      vertex 23.5344 -0.463525 -3.80713
      vertex 23.5538 -0.341496 -3.82957
    endloop
  endfacet
  facet normal 0.451495 -0.230066 -0.862103
    outer loop
      vertex 23.5344 -0.463525 -3.80713
      vertex 26.5677 -0.649566 -2.1689
      vertex 23.4396 -0.649566 -3.80713
    endloop
  endfacet
  facet normal 0.462703 -0.0731661 -0.883489
    outer loop
      vertex 26.7247 -0.341496 -2.1689
      vertex 23.6078 0 -3.82957
      vertex 26.7787 0 -2.1689
    endloop
  endfacet
  facet normal 0.462703 -0.0731661 -0.883489
    outer loop
      vertex 23.6078 0 -3.82957
      vertex 26.7247 -0.341496 -2.1689
      vertex 23.5538 -0.341496 -3.82957
    endloop
  endfacet
  facet normal 0.462699 -0.0732835 -0.883481
    outer loop
      vertex 20.6619 -0.341496 -5.34409
      vertex 3.53932 0 -14.3399
      vertex 20.6078 0 -5.40075
    endloop
  endfacet
  facet normal 0.462699 -0.0732875 -0.883481
    outer loop
      vertex 3.53932 0 -14.3399
      vertex 20.6619 -0.341496 -5.34409
      vertex 3.48523 -0.341496 -14.3399
    endloop
  endfacet
  facet normal 0.0874281 -0.551969 -0.829269
    outer loop
      vertex -9.72054 -18.479 -5.07534
      vertex -1.2171 -3.2132 -14.3399
      vertex -0.875608 -3.15911 -14.3399
    endloop
  endfacet
  facet normal 0.0874593 -0.55198 -0.829258
    outer loop
      vertex -1.2171 -3.2132 -14.3399
      vertex -9.72054 -18.479 -5.07534
      vertex -9.88478 -18.2261 -5.261
    endloop
  endfacet
  facet normal 0.0873972 -0.551967 -0.829274
    outer loop
      vertex -12.4953 -23.285 -2.1689
      vertex -11.266 -20.6184 -3.81424
      vertex -10.9648 -20.6342 -3.77198
    endloop
  endfacet
  facet normal 0.0874439 -0.55198 -0.82926
    outer loop
      vertex -11.266 -20.6184 -3.81424
      vertex -12.4953 -23.285 -2.1689
      vertex -12.8368 -23.3391 -2.1689
    endloop
  endfacet
  facet normal 0.42088 -0.42077 -0.803625
    outer loop
      vertex 26.6854 -1.39252 -1.72125
      vertex 23.1913 -1.01172 -3.75059
      vertex 27.0661 -1.01172 -1.72125
    endloop
  endfacet
  facet normal 0.420854 -0.420854 -0.803595
    outer loop
      vertex 26.6854 -1.39252 -1.72125
      vertex 22.9895 -1.21352 -3.75059
      vertex 23.1913 -1.01172 -3.75059
    endloop
  endfacet
  facet normal 0.420857 -0.42084 -0.8036
    outer loop
      vertex 22.9895 -1.21352 -3.75059
      vertex 26.6854 -1.39252 -1.72125
      vertex 22.6382 -1.39252 -3.84083
    endloop
  endfacet
  facet normal 0.420855 -0.420876 -0.803582
    outer loop
      vertex 21.2262 -1.21352 -4.6741
      vertex 3.82673 -1.01172 -13.8923
      vertex 21.0244 -1.01172 -4.88548
    endloop
  endfacet
  facet normal 0.420867 -0.42082 -0.803605
    outer loop
      vertex 3.44593 -1.39252 -13.8923
      vertex 21.2262 -1.21352 -4.6741
      vertex 21.5775 -1.39252 -4.39638
    endloop
  endfacet
  facet normal 0.420859 -0.420859 -0.803589
    outer loop
      vertex 21.2262 -1.21352 -4.6741
      vertex 3.44593 -1.39252 -13.8923
      vertex 3.82673 -1.01172 -13.8923
    endloop
  endfacet
  facet normal 0.418965 -0.418965 -0.805566
    outer loop
      vertex 3.44593 -1.39252 -13.8923
      vertex 3.32826 -0.649566 -14.3399
      vertex 3.82673 -1.01172 -13.8923
    endloop
  endfacet
  facet normal 0.418971 -0.418963 -0.805564
    outer loop
      vertex 3.32826 -0.649566 -14.3399
      vertex 3.44593 -1.39252 -13.8923
      vertex 3.08378 -0.894051 -14.3399
    endloop
  endfacet
  facet normal -0.0488986 0.308712 0.949898
    outer loop
      vertex -1.2171 3.2132 14.3399
      vertex -1.33478 2.47024 14.5753
      vertex -1.2171 2.48888 14.5753
    endloop
  endfacet
  facet normal -0.141889 0.278504 0.949896
    outer loop
      vertex -1.33478 2.47024 14.5753
      vertex -1.86667 3.00214 14.3399
      vertex -1.44093 2.41616 14.5753
    endloop
  endfacet
  facet normal -0.309085 0 0.951034
    outer loop
      vertex -2.32221 2.10809 14.3399
      vertex -1.5979 1.89411 14.5753
      vertex -1.5979 2.10809 14.5753
    endloop
  endfacet
  facet normal -0.309082 1.30706e-05 0.951035
    outer loop
      vertex -1.5979 1.89411 14.5753
      vertex -2.32221 2.10809 14.3399
      vertex -2.02254 1.46946 14.4373
    endloop
  endfacet
  facet normal -0.309107 0 0.951027
    outer loop
      vertex -2.02254 1.46946 14.4373
      vertex -2.32221 2.10809 14.3399
      vertex -2.32221 0.881325 14.3399
    endloop
  endfacet
  facet normal -0.309082 -1.30706e-05 0.951035
    outer loop
      vertex -2.32221 -2.10809 14.3399
      vertex -1.5979 -1.89411 14.5753
      vertex -2.02254 -1.46946 14.4373
    endloop
  endfacet
  facet normal -0.309085 0 0.951034
    outer loop
      vertex -1.5979 -1.89411 14.5753
      vertex -2.32221 -2.10809 14.3399
      vertex -1.5979 -2.10809 14.5753
    endloop
  endfacet
  facet normal -0.309107 0 0.951027
    outer loop
      vertex -2.32221 -2.10809 14.3399
      vertex -2.02254 -1.46946 14.4373
      vertex -2.32221 -0.881325 14.3399
    endloop
  endfacet
  facet normal 0.0488977 0.308711 0.949898
    outer loop
      vertex -0.875608 3.15911 14.3399
      vertex -1.2171 3.2132 14.3399
      vertex -1.09943 2.47024 14.5753
    endloop
  endfacet
  facet normal -0.0763905 0.483305 0.872113
    outer loop
      vertex -12.8368 23.3391 2.1689
      vertex -11.3658 20.6132 3.80838
      vertex -11.266 20.6184 3.81424
    endloop
  endfacet
  facet normal -0.0765399 0.483239 0.872137
    outer loop
      vertex -12.8368 23.3391 2.1689
      vertex -11.5867 20.5284 3.83598
      vertex -11.3658 20.6132 3.80838
    endloop
  endfacet
  facet normal -0.0765533 0.483234 0.872138
    outer loop
      vertex -11.5867 20.5284 3.83598
      vertex -12.8368 23.3391 2.1689
      vertex -13.1783 23.285 2.1689
    endloop
  endfacet
  facet normal -0.076585 0.483208 0.87215
    outer loop
      vertex -9.9392 18.1423 5.30265
      vertex -1.2171 3.2132 14.3399
      vertex -9.88478 18.2261 5.261
    endloop
  endfacet
  facet normal -0.0765385 0.48323 0.872142
    outer loop
      vertex -1.2171 3.2132 14.3399
      vertex -9.9392 18.1423 5.30265
      vertex -1.5586 3.15911 14.3399
    endloop
  endfacet
  facet normal -0.0766309 0.483187 0.872157
    outer loop
      vertex -1.5586 3.15911 14.3399
      vertex -9.9392 18.1423 5.30265
      vertex -10.1231 17.9933 5.36904
    endloop
  endfacet
  facet normal -0.419035 0.419035 0.805494
    outer loop
      vertex -13.8485 23.6265 1.72125
      vertex -13.7309 22.8836 2.1689
      vertex -13.4864 23.1281 2.1689
    endloop
  endfacet
  facet normal -0.419035 0.419035 0.805494
    outer loop
      vertex -13.7309 22.8836 2.1689
      vertex -13.8485 23.6265 1.72125
      vertex -14.2293 23.2457 1.72125
    endloop
  endfacet
  facet normal -0.337035 0.337035 0.879099
    outer loop
      vertex -13.7309 22.8836 2.1689
      vertex -11.8948 20.3714 3.83598
      vertex -13.4864 23.1281 2.1689
    endloop
  endfacet
  facet normal -0.337016 0.33705 0.879101
    outer loop
      vertex -11.8948 20.3714 3.83598
      vertex -13.7309 22.8836 2.1689
      vertex -12.1576 20.1586 3.81682
    endloop
  endfacet
  facet normal -0.337039 0.337037 0.879097
    outer loop
      vertex -10.7288 17.6838 5.31342
      vertex -1.86667 3.00214 14.3399
      vertex -10.4131 17.805 5.38799
    endloop
  endfacet
  facet normal -0.337038 0.337038 0.879097
    outer loop
      vertex -1.86667 3.00214 14.3399
      vertex -10.7288 17.6838 5.31342
      vertex -2.11116 2.75765 14.3399
    endloop
  endfacet
  facet normal -0.278487 0.141907 0.949899
    outer loop
      vertex -1.52517 2.33191 14.5753
      vertex -2.11116 2.75765 14.3399
      vertex -1.57926 2.22576 14.5753
    endloop
  endfacet
  facet normal -0.472041 0.240387 0.84817
    outer loop
      vertex -13.8878 22.5755 2.1689
      vertex -12.1576 20.1586 3.81682
      vertex -13.7309 22.8836 2.1689
    endloop
  endfacet
  facet normal -0.473659 0.2389 0.847688
    outer loop
      vertex -12.1576 20.1586 3.81682
      vertex -13.8878 22.5755 2.1689
      vertex -12.1686 20.1496 3.81321
    endloop
  endfacet
  facet normal -0.4719 0.240503 0.848215
    outer loop
      vertex -12.1686 20.1496 3.81321
      vertex -13.8878 22.5755 2.1689
      vertex -12.3373 19.8899 3.79299
    endloop
  endfacet
  facet normal -0.471313 0.240958 0.848412
    outer loop
      vertex -10.7421 17.6787 5.30748
      vertex -2.11116 2.75765 14.3399
      vertex -10.7288 17.6838 5.31342
    endloop
  endfacet
  facet normal -0.472016 0.240409 0.848177
    outer loop
      vertex -11.0513 17.6625 5.14
      vertex -2.11116 2.75765 14.3399
      vertex -10.7421 17.6787 5.30748
    endloop
  endfacet
  facet normal -0.471954 0.240458 0.848197
    outer loop
      vertex -2.11116 2.75765 14.3399
      vertex -11.0513 17.6625 5.14
      vertex -2.26812 2.44958 14.3399
    endloop
  endfacet
  facet normal -0.891005 -0.453993 0
    outer loop
      vertex 2.37764 0.772542 -14.4897
      vertex 2.02254 1.46946 14.3505
      vertex 2.02254 1.46946 -14.3505
    endloop
  endfacet
  facet normal -0.891005 -0.453993 0
    outer loop
      vertex 2.02254 1.46946 14.3505
      vertex 2.37764 0.772542 -14.4897
      vertex 2.37764 0.772542 14.4897
    endloop
  endfacet
  facet normal -0.987688 -0.156435 -1.17884e-05
    outer loop
      vertex 2.5 0 -14.5753
      vertex 2.37764 0.772542 -14.4897
      vertex 2.43039 0.439499 -14.5753
    endloop
  endfacet
  facet normal -0.987688 -0.156436 0
    outer loop
      vertex 2.37764 0.772542 -14.4897
      vertex 2.5 0 -14.5753
      vertex 2.37764 0.772542 14.4897
    endloop
  endfacet
  facet normal -0.987688 -0.156436 -0
    outer loop
      vertex 2.5 0 14.5753
      vertex 2.37764 0.772542 14.4897
      vertex 2.5 0 -14.5753
    endloop
  endfacet
  facet normal -0.987688 -0.156435 1.17884e-05
    outer loop
      vertex 2.37764 0.772542 14.4897
      vertex 2.5 0 14.5753
      vertex 2.43039 0.439499 14.5753
    endloop
  endfacet
  facet normal -0.707186 -0.707028 -0.000647467
    outer loop
      vertex 2.02254 1.46946 -14.3505
      vertex 1.46946 2.02254 -14.2156
      vertex 1.93431 1.5577 -14.3399
    endloop
  endfacet
  facet normal -0.707107 -0.707107 0
    outer loop
      vertex 1.46946 2.02254 -14.2156
      vertex 2.02254 1.46946 -14.3505
      vertex 1.46946 2.02254 14.2156
    endloop
  endfacet
  facet normal -0.707107 -0.707107 -0
    outer loop
      vertex 2.02254 1.46946 14.3505
      vertex 1.46946 2.02254 14.2156
      vertex 2.02254 1.46946 -14.3505
    endloop
  endfacet
  facet normal -0.707186 -0.707028 0.000647467
    outer loop
      vertex 1.46946 2.02254 14.2156
      vertex 2.02254 1.46946 14.3505
      vertex 1.93431 1.5577 14.3399
    endloop
  endfacet
  facet normal -0.156458 -0.987685 -0.000119279
    outer loop
      vertex 0 2.5 14.3893
      vertex 0.772542 2.37764 14.2456
      vertex 0.416429 2.43404 14.3399
    endloop
  endfacet
  facet normal -0.156436 -0.987688 0
    outer loop
      vertex 0 2.5 14.3893
      vertex 0.772542 2.37764 -14.2456
      vertex 0.772542 2.37764 14.2456
    endloop
  endfacet
  facet normal -0.156436 -0.987688 0
    outer loop
      vertex 0 2.5 -14.3893
      vertex 0.772542 2.37764 -14.2456
      vertex 0 2.5 14.3893
    endloop
  endfacet
  facet normal -0.156458 -0.987685 0.000119279
    outer loop
      vertex 0.772542 2.37764 -14.2456
      vertex 0 2.5 -14.3893
      vertex 0.416429 2.43404 -14.3399
    endloop
  endfacet
  facet normal -0.891005 0.453993 0
    outer loop
      vertex 2.02254 -1.46946 -14.3505
      vertex 2.37764 -0.772542 14.4897
      vertex 2.37764 -0.772542 -14.4897
    endloop
  endfacet
  facet normal -0.891005 0.453993 0
    outer loop
      vertex 2.37764 -0.772542 14.4897
      vertex 2.02254 -1.46946 -14.3505
      vertex 2.02254 -1.46946 14.3505
    endloop
  endfacet
  facet normal -0.453993 -0.891005 0
    outer loop
      vertex 0.772542 2.37764 14.2456
      vertex 1.46946 2.02254 -14.2156
      vertex 1.46946 2.02254 14.2156
    endloop
  endfacet
  facet normal -0.453993 -0.891005 0
    outer loop
      vertex 1.46946 2.02254 -14.2156
      vertex 0.772542 2.37764 14.2456
      vertex 0.772542 2.37764 -14.2456
    endloop
  endfacet
  facet normal 0.453993 -0.891005 -1.31876e-05
    outer loop
      vertex -1.46946 2.02254 14.5753
      vertex -0.772542 2.37764 14.5501
      vertex -0.854362 2.33595 14.5753
    endloop
  endfacet
  facet normal 0.453993 -0.891005 0
    outer loop
      vertex -1.46946 2.02254 14.5753
      vertex -0.772542 2.37764 -14.5501
      vertex -0.772542 2.37764 14.5501
    endloop
  endfacet
  facet normal 0.453993 -0.891005 0
    outer loop
      vertex -1.46946 2.02254 -14.5753
      vertex -0.772542 2.37764 -14.5501
      vertex -1.46946 2.02254 14.5753
    endloop
  endfacet
  facet normal 0.453993 -0.891005 1.31876e-05
    outer loop
      vertex -0.772542 2.37764 -14.5501
      vertex -1.46946 2.02254 -14.5753
      vertex -0.854362 2.33595 -14.5753
    endloop
  endfacet
  facet normal 0.156436 0.987688 -0
    outer loop
      vertex 0 -2.5 -14.3893
      vertex -0.772542 -2.37764 14.5501
      vertex 0 -2.5 14.3893
    endloop
  endfacet
  facet normal 0.156436 0.987688 0
    outer loop
      vertex -0.772542 -2.37764 14.5501
      vertex 0 -2.5 -14.3893
      vertex -0.772542 -2.37764 -14.5501
    endloop
  endfacet
  facet normal -0.707186 0.707028 -0.000647467
    outer loop
      vertex 1.46946 -2.02254 -14.2156
      vertex 2.02254 -1.46946 -14.3505
      vertex 1.93431 -1.5577 -14.3399
    endloop
  endfacet
  facet normal -0.707107 0.707107 0
    outer loop
      vertex 2.02254 -1.46946 -14.3505
      vertex 1.46946 -2.02254 -14.2156
      vertex 2.02254 -1.46946 14.3505
    endloop
  endfacet
  facet normal -0.707107 0.707107 0
    outer loop
      vertex 1.46946 -2.02254 14.2156
      vertex 2.02254 -1.46946 14.3505
      vertex 1.46946 -2.02254 -14.2156
    endloop
  endfacet
  facet normal -0.707186 0.707028 0.000647467
    outer loop
      vertex 2.02254 -1.46946 14.3505
      vertex 1.46946 -2.02254 14.2156
      vertex 1.93431 -1.5577 14.3399
    endloop
  endfacet
  facet normal 0.891012 0.453979 -9.02406e-05
    outer loop
      vertex -2.02254 -1.46946 14.4373
      vertex -2.37764 -0.772542 14.2997
      vertex -2.32221 -0.881325 14.3399
    endloop
  endfacet
  facet normal 0.891005 0.453993 0
    outer loop
      vertex -2.37764 -0.772542 14.2997
      vertex -2.02254 -1.46946 14.4373
      vertex -2.37764 -0.772542 -14.2997
    endloop
  endfacet
  facet normal 0.891005 0.453993 -0
    outer loop
      vertex -2.02254 -1.46946 -14.4373
      vertex -2.37764 -0.772542 -14.2997
      vertex -2.02254 -1.46946 14.4373
    endloop
  endfacet
  facet normal 0.891012 0.453979 9.02406e-05
    outer loop
      vertex -2.37764 -0.772542 -14.2997
      vertex -2.02254 -1.46946 -14.4373
      vertex -2.32221 -0.881325 -14.3399
    endloop
  endfacet
  facet normal 0.156436 -0.987688 0
    outer loop
      vertex -0.772542 2.37764 14.5501
      vertex 0 2.5 -14.3893
      vertex 0 2.5 14.3893
    endloop
  endfacet
  facet normal 0.156436 -0.987688 0
    outer loop
      vertex 0 2.5 -14.3893
      vertex -0.772542 2.37764 14.5501
      vertex -0.772542 2.37764 -14.5501
    endloop
  endfacet
  facet normal -0.453993 0.891005 0
    outer loop
      vertex 1.46946 -2.02254 -14.2156
      vertex 0.772542 -2.37764 14.2456
      vertex 1.46946 -2.02254 14.2156
    endloop
  endfacet
  facet normal -0.453993 0.891005 0
    outer loop
      vertex 0.772542 -2.37764 14.2456
      vertex 1.46946 -2.02254 -14.2156
      vertex 0.772542 -2.37764 -14.2456
    endloop
  endfacet
  facet normal -0.156458 0.987685 -0.000119279
    outer loop
      vertex 0.772542 -2.37764 14.2456
      vertex 0 -2.5 14.3893
      vertex 0.416429 -2.43404 14.3399
    endloop
  endfacet
  facet normal -0.156436 0.987688 0
    outer loop
      vertex 0.772542 -2.37764 -14.2456
      vertex 0 -2.5 14.3893
      vertex 0.772542 -2.37764 14.2456
    endloop
  endfacet
  facet normal -0.156458 0.987685 0.000119279
    outer loop
      vertex 0 -2.5 -14.3893
      vertex 0.772542 -2.37764 -14.2456
      vertex 0.416429 -2.43404 -14.3399
    endloop
  endfacet
  facet normal -0.156436 0.987688 0
    outer loop
      vertex 0.772542 -2.37764 -14.2456
      vertex 0 -2.5 -14.3893
      vertex 0 -2.5 14.3893
    endloop
  endfacet
  facet normal 0.987688 0.156436 0
    outer loop
      vertex -2.37764 -0.772542 14.2997
      vertex -2.5 0 -14.2108
      vertex -2.5 0 14.2108
    endloop
  endfacet
  facet normal 0.987688 0.156436 0
    outer loop
      vertex -2.5 0 -14.2108
      vertex -2.37764 -0.772542 14.2997
      vertex -2.37764 -0.772542 -14.2997
    endloop
  endfacet
  facet normal 0.891012 -0.453979 -9.02406e-05
    outer loop
      vertex -2.37764 0.772542 14.2997
      vertex -2.02254 1.46946 14.4373
      vertex -2.32221 0.881325 14.3399
    endloop
  endfacet
  facet normal 0.891005 -0.453993 0
    outer loop
      vertex -2.02254 1.46946 14.4373
      vertex -2.37764 0.772542 14.2997
      vertex -2.02254 1.46946 -14.4373
    endloop
  endfacet
  facet normal 0.891005 -0.453993 0
    outer loop
      vertex -2.37764 0.772542 -14.2997
      vertex -2.02254 1.46946 -14.4373
      vertex -2.37764 0.772542 14.2997
    endloop
  endfacet
  facet normal 0.891012 -0.453979 9.02406e-05
    outer loop
      vertex -2.02254 1.46946 -14.4373
      vertex -2.37764 0.772542 -14.2997
      vertex -2.32221 0.881325 -14.3399
    endloop
  endfacet
  facet normal 0.707079 -0.707134 0.000220653
    outer loop
      vertex -2.02254 1.46946 14.4373
      vertex -1.46946 2.02254 14.5753
      vertex -1.5979 1.89411 14.5753
    endloop
  endfacet
  facet normal 0.707107 -0.707107 0
    outer loop
      vertex -1.46946 2.02254 14.5753
      vertex -2.02254 1.46946 14.4373
      vertex -1.46946 2.02254 -14.5753
    endloop
  endfacet
  facet normal 0.707107 -0.707107 0
    outer loop
      vertex -2.02254 1.46946 -14.4373
      vertex -1.46946 2.02254 -14.5753
      vertex -2.02254 1.46946 14.4373
    endloop
  endfacet
  facet normal 0.707079 -0.707134 -0.000220653
    outer loop
      vertex -1.46946 2.02254 -14.5753
      vertex -2.02254 1.46946 -14.4373
      vertex -1.5979 1.89411 -14.5753
    endloop
  endfacet
  facet normal -0.987688 0.156435 -1.17884e-05
    outer loop
      vertex 2.37764 -0.772542 -14.4897
      vertex 2.5 0 -14.5753
      vertex 2.43039 -0.439499 -14.5753
    endloop
  endfacet
  facet normal -0.987688 0.156436 0
    outer loop
      vertex 2.5 0 -14.5753
      vertex 2.37764 -0.772542 -14.4897
      vertex 2.5 0 14.5753
    endloop
  endfacet
  facet normal -0.987688 0.156436 0
    outer loop
      vertex 2.37764 -0.772542 14.4897
      vertex 2.5 0 14.5753
      vertex 2.37764 -0.772542 -14.4897
    endloop
  endfacet
  facet normal -0.987688 0.156435 1.17884e-05
    outer loop
      vertex 2.5 0 14.5753
      vertex 2.37764 -0.772542 14.4897
      vertex 2.43039 -0.439499 14.5753
    endloop
  endfacet
  facet normal 0.707079 0.707134 0.000220653
    outer loop
      vertex -1.46946 -2.02254 14.5753
      vertex -2.02254 -1.46946 14.4373
      vertex -1.5979 -1.89411 14.5753
    endloop
  endfacet
  facet normal 0.707107 0.707107 0
    outer loop
      vertex -2.02254 -1.46946 14.4373
      vertex -1.46946 -2.02254 14.5753
      vertex -2.02254 -1.46946 -14.4373
    endloop
  endfacet
  facet normal 0.707107 0.707107 -0
    outer loop
      vertex -1.46946 -2.02254 -14.5753
      vertex -2.02254 -1.46946 -14.4373
      vertex -1.46946 -2.02254 14.5753
    endloop
  endfacet
  facet normal 0.707079 0.707134 -0.000220653
    outer loop
      vertex -2.02254 -1.46946 -14.4373
      vertex -1.46946 -2.02254 -14.5753
      vertex -1.5979 -1.89411 -14.5753
    endloop
  endfacet
  facet normal 0.987688 -0.156436 0
    outer loop
      vertex -2.5 0 14.2108
      vertex -2.37764 0.772542 -14.2997
      vertex -2.37764 0.772542 14.2997
    endloop
  endfacet
  facet normal 0.987688 -0.156436 0
    outer loop
      vertex -2.37764 0.772542 -14.2997
      vertex -2.5 0 14.2108
      vertex -2.5 0 -14.2108
    endloop
  endfacet
  facet normal 0.453993 0.891005 -1.31876e-05
    outer loop
      vertex -0.772542 -2.37764 14.5501
      vertex -1.46946 -2.02254 14.5753
      vertex -0.854362 -2.33595 14.5753
    endloop
  endfacet
  facet normal 0.453993 0.891005 -0
    outer loop
      vertex -0.772542 -2.37764 -14.5501
      vertex -1.46946 -2.02254 14.5753
      vertex -0.772542 -2.37764 14.5501
    endloop
  endfacet
  facet normal 0.453993 0.891005 1.31876e-05
    outer loop
      vertex -1.46946 -2.02254 -14.5753
      vertex -0.772542 -2.37764 -14.5501
      vertex -0.854362 -2.33595 -14.5753
    endloop
  endfacet
  facet normal 0.453993 0.891005 0
    outer loop
      vertex -0.772542 -2.37764 -14.5501
      vertex -1.46946 -2.02254 -14.5753
      vertex -1.46946 -2.02254 14.5753
    endloop
  endfacet
endsolid OpenSCAD_Model
