solid OpenSCAD_Model
  facet normal 0.454797 -0.890595 0
    outer loop
      vertex 27.1741 1.22501 -5.01584
      vertex 27.1741 1.22501 5.01584
      vertex 27.1516 1.21352 5.03355
    endloop
  endfacet
  facet normal 0.453903 -0.891051 0
    outer loop
      vertex 27.1741 1.22501 5.01584
      vertex 27.5698 1.42658 -4.70307
      vertex 27.5698 1.42658 4.70307
    endloop
  endfacet
  facet normal 0.453903 -0.891051 0
    outer loop
      vertex 27.1741 1.22501 5.01584
      vertex 27.1741 1.22501 -5.01584
      vertex 27.5698 1.42658 -4.70307
    endloop
  endfacet
  facet normal 0.454797 -0.890595 0
    outer loop
      vertex 27.1741 1.22501 -5.01584
      vertex 27.1516 1.21352 5.03355
      vertex 27.1516 1.21352 -5.03355
    endloop
  endfacet
  facet normal -0.890967 -0.454067 0.000184969
    outer loop
      vertex 29.4599 0.463525 -4.13086
      vertex 29.2468 0.881678 -4.10722
      vertex 29.2953 0.786502 -4.13086
    endloop
  endfacet
  facet normal -0.890972 -0.454059 0
    outer loop
      vertex 29.2468 0.881678 -4.10722
      vertex 29.4599 0.463525 -4.13086
      vertex 29.2468 0.881678 4.10722
    endloop
  endfacet
  facet normal -0.890972 -0.454059 -0
    outer loop
      vertex 29.4599 0.463525 4.13086
      vertex 29.2468 0.881678 4.10722
      vertex 29.4599 0.463525 -4.13086
    endloop
  endfacet
  facet normal -0.890967 -0.454067 -0.000184969
    outer loop
      vertex 29.2468 0.881678 4.10722
      vertex 29.4599 0.463525 4.13086
      vertex 29.2953 0.786502 4.13086
    endloop
  endfacet
  facet normal -0.987681 -0.156457 0.00282181
    outer loop
      vertex 29.5333 0 -4.14006
      vertex 29.4599 0.463525 -4.13086
      vertex 29.4678 0.413488 -4.14006
    endloop
  endfacet
  facet normal -0.987693 -0.156403 0
    outer loop
      vertex 29.4599 0.463525 -4.13086
      vertex 29.5333 0 -4.14006
      vertex 29.4599 0.463525 4.13086
    endloop
  endfacet
  facet normal -0.987693 -0.156403 -0
    outer loop
      vertex 29.5333 0 4.14006
      vertex 29.4599 0.463525 4.13086
      vertex 29.5333 0 -4.14006
    endloop
  endfacet
  facet normal -0.987681 -0.156457 -0.00282181
    outer loop
      vertex 29.4599 0.463525 4.13086
      vertex 29.5333 0 4.14006
      vertex 29.4678 0.413488 4.14006
    endloop
  endfacet
  facet normal -0.707152 -0.707062 0
    outer loop
      vertex 28.915 1.21352 4.11004
      vertex 29.2468 0.881678 -4.10722
      vertex 29.2468 0.881678 4.10722
    endloop
  endfacet
  facet normal -0.707152 -0.707062 0
    outer loop
      vertex 29.2468 0.881678 -4.10722
      vertex 28.915 1.21352 4.11004
      vertex 28.915 1.21352 -4.11004
    endloop
  endfacet
  facet normal -0.987681 0.156457 0.00282181
    outer loop
      vertex 29.4599 -0.463525 -4.13086
      vertex 29.5333 0 -4.14006
      vertex 29.4678 -0.413488 -4.14006
    endloop
  endfacet
  facet normal -0.987693 0.156403 0
    outer loop
      vertex 29.5333 0 -4.14006
      vertex 29.4599 -0.463525 -4.13086
      vertex 29.5333 0 4.14006
    endloop
  endfacet
  facet normal -0.987693 0.156403 0
    outer loop
      vertex 29.4599 -0.463525 4.13086
      vertex 29.5333 0 4.14006
      vertex 29.4599 -0.463525 -4.13086
    endloop
  endfacet
  facet normal -0.987681 0.156457 -0.00282181
    outer loop
      vertex 29.5333 0 4.14006
      vertex 29.4599 -0.463525 4.13086
      vertex 29.4678 -0.413488 4.14006
    endloop
  endfacet
  facet normal -0.156453 -0.987685 0
    outer loop
      vertex 28.0333 1.5 4.42186
      vertex 28.4968 1.42658 -4.21755
      vertex 28.4968 1.42658 4.21755
    endloop
  endfacet
  facet normal -0.156453 -0.987685 0
    outer loop
      vertex 28.4968 1.42658 -4.21755
      vertex 28.0333 1.5 4.42186
      vertex 28.0333 1.5 -4.42186
    endloop
  endfacet
  facet normal -0.156453 0.987685 0
    outer loop
      vertex 28.4968 -1.42658 -4.21755
      vertex 28.0333 -1.5 4.42186
      vertex 28.4968 -1.42658 4.21755
    endloop
  endfacet
  facet normal -0.156453 0.987685 0
    outer loop
      vertex 28.0333 -1.5 4.42186
      vertex 28.4968 -1.42658 -4.21755
      vertex 28.0333 -1.5 -4.42186
    endloop
  endfacet
  facet normal -0.453994 -0.891005 0
    outer loop
      vertex 28.8924 1.22501 -4.11592
      vertex 28.8924 1.22501 4.11592
      vertex 28.4968 1.42658 4.21755
    endloop
  endfacet
  facet normal -0.453199 -0.891409 -0
    outer loop
      vertex 28.8924 1.22501 4.11592
      vertex 28.8924 1.22501 -4.11592
      vertex 28.915 1.21352 4.11004
    endloop
  endfacet
  facet normal -0.453199 -0.891409 -0
    outer loop
      vertex 28.915 1.21352 4.11004
      vertex 28.8924 1.22501 -4.11592
      vertex 28.915 1.21352 -4.11004
    endloop
  endfacet
  facet normal -0.453994 -0.891005 0
    outer loop
      vertex 28.8924 1.22501 -4.11592
      vertex 28.4968 1.42658 4.21755
      vertex 28.4968 1.42658 -4.21755
    endloop
  endfacet
  facet normal 0.707152 -0.707062 0
    outer loop
      vertex 26.8198 0.881678 5.37832
      vertex 27.1516 1.21352 -5.03355
      vertex 27.1516 1.21352 5.03355
    endloop
  endfacet
  facet normal 0.707152 -0.707062 0
    outer loop
      vertex 27.1516 1.21352 -5.03355
      vertex 26.8198 0.881678 5.37832
      vertex 26.8198 0.881678 -5.37832
    endloop
  endfacet
  facet normal 0.987608 -0.156914 -0.00282204
    outer loop
      vertex 26.5333 0 5.71123
      vertex 26.6067 0.463525 5.62513
      vertex 26.5988 0.413488 5.64263
    endloop
  endfacet
  facet normal 0.987693 -0.156403 0
    outer loop
      vertex 26.6067 0.463525 5.62513
      vertex 26.5333 0 5.71123
      vertex 26.6067 0.463525 -5.62513
    endloop
  endfacet
  facet normal 0.987693 -0.156403 0
    outer loop
      vertex 26.5333 0 -5.71123
      vertex 26.6067 0.463525 -5.62513
      vertex 26.5333 0 5.71123
    endloop
  endfacet
  facet normal 0.987608 -0.156914 0.00282204
    outer loop
      vertex 26.6067 0.463525 -5.62513
      vertex 26.5333 0 -5.71123
      vertex 26.5988 0.413488 -5.64263
    endloop
  endfacet
  facet normal 0.156453 0.987685 -0
    outer loop
      vertex 28.0333 -1.5 -4.42186
      vertex 27.5698 -1.42658 4.70307
      vertex 28.0333 -1.5 4.42186
    endloop
  endfacet
  facet normal 0.156453 0.987685 0
    outer loop
      vertex 27.5698 -1.42658 4.70307
      vertex 28.0333 -1.5 -4.42186
      vertex 27.5698 -1.42658 -4.70307
    endloop
  endfacet
  facet normal -0.453199 0.891409 0
    outer loop
      vertex 28.8924 -1.22501 -4.11592
      vertex 28.8924 -1.22501 4.11592
      vertex 28.915 -1.21352 4.11004
    endloop
  endfacet
  facet normal -0.453199 0.891409 0
    outer loop
      vertex 28.8924 -1.22501 -4.11592
      vertex 28.915 -1.21352 4.11004
      vertex 28.915 -1.21352 -4.11004
    endloop
  endfacet
  facet normal -0.453994 0.891005 0
    outer loop
      vertex 28.8924 -1.22501 4.11592
      vertex 28.8924 -1.22501 -4.11592
      vertex 28.4968 -1.42658 4.21755
    endloop
  endfacet
  facet normal -0.453994 0.891005 0
    outer loop
      vertex 28.4968 -1.42658 4.21755
      vertex 28.8924 -1.22501 -4.11592
      vertex 28.4968 -1.42658 -4.21755
    endloop
  endfacet
  facet normal -0.890967 0.454067 0.000184969
    outer loop
      vertex 29.2468 -0.881678 -4.10722
      vertex 29.4599 -0.463525 -4.13086
      vertex 29.2953 -0.786502 -4.13086
    endloop
  endfacet
  facet normal -0.890972 0.454059 0
    outer loop
      vertex 29.4599 -0.463525 -4.13086
      vertex 29.2468 -0.881678 -4.10722
      vertex 29.4599 -0.463525 4.13086
    endloop
  endfacet
  facet normal -0.890972 0.454059 0
    outer loop
      vertex 29.2468 -0.881678 4.10722
      vertex 29.4599 -0.463525 4.13086
      vertex 29.2468 -0.881678 -4.10722
    endloop
  endfacet
  facet normal -0.890967 0.454067 -0.000184969
    outer loop
      vertex 29.4599 -0.463525 4.13086
      vertex 29.2468 -0.881678 4.10722
      vertex 29.2953 -0.786502 4.13086
    endloop
  endfacet
  facet normal 0.890928 -0.454145 -0.000184919
    outer loop
      vertex 26.6067 0.463525 5.62513
      vertex 26.8198 0.881678 5.37832
      vertex 26.7713 0.786502 5.45276
    endloop
  endfacet
  facet normal 0.890972 -0.454059 0
    outer loop
      vertex 26.8198 0.881678 5.37832
      vertex 26.6067 0.463525 5.62513
      vertex 26.8198 0.881678 -5.37832
    endloop
  endfacet
  facet normal 0.890972 -0.454059 0
    outer loop
      vertex 26.6067 0.463525 -5.62513
      vertex 26.8198 0.881678 -5.37832
      vertex 26.6067 0.463525 5.62513
    endloop
  endfacet
  facet normal 0.890928 -0.454145 0.000184919
    outer loop
      vertex 26.8198 0.881678 -5.37832
      vertex 26.6067 0.463525 -5.62513
      vertex 26.7713 0.786502 -5.45276
    endloop
  endfacet
  facet normal 0.890928 0.454145 -0.000184919
    outer loop
      vertex 26.8198 -0.881678 5.37832
      vertex 26.6067 -0.463525 5.62513
      vertex 26.7713 -0.786502 5.45276
    endloop
  endfacet
  facet normal 0.890972 0.454059 0
    outer loop
      vertex 26.6067 -0.463525 5.62513
      vertex 26.8198 -0.881678 5.37832
      vertex 26.6067 -0.463525 -5.62513
    endloop
  endfacet
  facet normal 0.890972 0.454059 -0
    outer loop
      vertex 26.8198 -0.881678 -5.37832
      vertex 26.6067 -0.463525 -5.62513
      vertex 26.8198 -0.881678 5.37832
    endloop
  endfacet
  facet normal 0.890928 0.454145 0.000184919
    outer loop
      vertex 26.6067 -0.463525 -5.62513
      vertex 26.8198 -0.881678 -5.37832
      vertex 26.7713 -0.786502 -5.45276
    endloop
  endfacet
  facet normal 0.156453 -0.987685 0
    outer loop
      vertex 27.5698 1.42658 4.70307
      vertex 28.0333 1.5 -4.42186
      vertex 28.0333 1.5 4.42186
    endloop
  endfacet
  facet normal 0.156453 -0.987685 0
    outer loop
      vertex 28.0333 1.5 -4.42186
      vertex 27.5698 1.42658 4.70307
      vertex 27.5698 1.42658 -4.70307
    endloop
  endfacet
  facet normal -0.707152 0.707062 0
    outer loop
      vertex 29.2468 -0.881678 -4.10722
      vertex 28.915 -1.21352 4.11004
      vertex 29.2468 -0.881678 4.10722
    endloop
  endfacet
  facet normal -0.707152 0.707062 0
    outer loop
      vertex 28.915 -1.21352 4.11004
      vertex 29.2468 -0.881678 -4.10722
      vertex 28.915 -1.21352 -4.11004
    endloop
  endfacet
  facet normal 0.453903 0.891051 -0
    outer loop
      vertex 27.5698 -1.42658 -4.70307
      vertex 27.1741 -1.22501 5.01584
      vertex 27.5698 -1.42658 4.70307
    endloop
  endfacet
  facet normal 0.453903 0.891051 -0
    outer loop
      vertex 27.1741 -1.22501 -5.01584
      vertex 27.1741 -1.22501 5.01584
      vertex 27.5698 -1.42658 -4.70307
    endloop
  endfacet
  facet normal 0.454797 0.890595 0
    outer loop
      vertex 27.1741 -1.22501 5.01584
      vertex 27.1741 -1.22501 -5.01584
      vertex 27.1516 -1.21352 5.03355
    endloop
  endfacet
  facet normal 0.454797 0.890595 0
    outer loop
      vertex 27.1516 -1.21352 5.03355
      vertex 27.1741 -1.22501 -5.01584
      vertex 27.1516 -1.21352 -5.03355
    endloop
  endfacet
  facet normal 0.987608 0.156914 -0.00282204
    outer loop
      vertex 26.6067 -0.463525 5.62513
      vertex 26.5333 0 5.71123
      vertex 26.5988 -0.413488 5.64263
    endloop
  endfacet
  facet normal 0.987693 0.156403 0
    outer loop
      vertex 26.5333 0 5.71123
      vertex 26.6067 -0.463525 5.62513
      vertex 26.5333 0 -5.71123
    endloop
  endfacet
  facet normal 0.987693 0.156403 -0
    outer loop
      vertex 26.6067 -0.463525 -5.62513
      vertex 26.5333 0 -5.71123
      vertex 26.6067 -0.463525 5.62513
    endloop
  endfacet
  facet normal 0.987608 0.156914 0.00282204
    outer loop
      vertex 26.5333 0 -5.71123
      vertex 26.6067 -0.463525 -5.62513
      vertex 26.5988 -0.413488 -5.64263
    endloop
  endfacet
  facet normal 0.707152 0.707062 -0
    outer loop
      vertex 27.1516 -1.21352 -5.03355
      vertex 26.8198 -0.881678 5.37832
      vertex 27.1516 -1.21352 5.03355
    endloop
  endfacet
  facet normal 0.707152 0.707062 0
    outer loop
      vertex 26.8198 -0.881678 5.37832
      vertex 27.1516 -1.21352 -5.03355
      vertex 26.8198 -0.881678 -5.37832
    endloop
  endfacet
  facet normal -0.777175 -0.629284 0
    outer loop
      vertex -12.7176 25.0275 -4.43789
      vertex -13.0129 25.3922 4.23228
      vertex -13.0129 25.3922 -4.23228
    endloop
  endfacet
  facet normal -0.777175 -0.629284 0
    outer loop
      vertex -13.0129 25.3922 4.23228
      vertex -12.7176 25.0275 -4.43789
      vertex -12.7176 25.0275 4.43789
    endloop
  endfacet
  facet normal 0.83873 -0.544536 -0.00345881
    outer loop
      vertex -15.387 24.8876 4.11474
      vertex -15.1314 25.2812 4.12925
      vertex -15.1807 25.2052 4.13946
    endloop
  endfacet
  facet normal 0.838677 -0.544629 0
    outer loop
      vertex -15.1314 25.2812 4.12925
      vertex -15.387 24.8876 4.11474
      vertex -15.1314 25.2812 -4.12925
    endloop
  endfacet
  facet normal 0.838677 -0.544629 0
    outer loop
      vertex -15.387 24.8876 -4.11474
      vertex -15.1314 25.2812 -4.12925
      vertex -15.387 24.8876 4.11474
    endloop
  endfacet
  facet normal 0.83873 -0.544536 0.00345881
    outer loop
      vertex -15.1314 25.2812 -4.12925
      vertex -15.387 24.8876 -4.11474
      vertex -15.1807 25.2052 -4.13946
    endloop
  endfacet
  facet normal 0.629293 -0.777164 0.00258226
    outer loop
      vertex -15.1314 25.2812 4.12925
      vertex -14.7666 25.5766 4.13238
      vertex -14.8767 25.4875 4.14782
    endloop
  endfacet
  facet normal 0.629309 -0.777156 0
    outer loop
      vertex -15.1314 25.2812 -4.12925
      vertex -14.7666 25.5766 4.13238
      vertex -15.1314 25.2812 4.12925
    endloop
  endfacet
  facet normal 0.629309 -0.777156 0
    outer loop
      vertex -15.1314 25.2812 -4.12925
      vertex -14.7666 25.5766 -4.13238
      vertex -14.7666 25.5766 4.13238
    endloop
  endfacet
  facet normal 0.629293 -0.777164 -0.00258226
    outer loop
      vertex -14.7666 25.5766 -4.13238
      vertex -15.1314 25.2812 -4.12925
      vertex -14.8767 25.4875 -4.14782
    endloop
  endfacet
  facet normal 0.965965 -0.258537 0.00837972
    outer loop
      vertex -15.5084 24.4343 4.12348
      vertex -15.387 24.8876 4.11474
      vertex -15.392 24.869 4.11725
    endloop
  endfacet
  facet normal 0.965959 -0.258697 0
    outer loop
      vertex -15.387 24.8876 4.11474
      vertex -15.5084 24.4343 4.12348
      vertex -15.387 24.8876 -4.11474
    endloop
  endfacet
  facet normal 0.965959 -0.258697 0
    outer loop
      vertex -15.5084 24.4343 -4.12348
      vertex -15.387 24.8876 -4.11474
      vertex -15.5084 24.4343 4.12348
    endloop
  endfacet
  facet normal 0.965965 -0.258537 -0.00837972
    outer loop
      vertex -15.387 24.8876 -4.11474
      vertex -15.5084 24.4343 -4.12348
      vertex -15.392 24.869 -4.11725
    endloop
  endfacet
  facet normal 0.3584 -0.933567 -0.00170987
    outer loop
      vertex -14.7666 25.5766 4.13238
      vertex -14.3285 25.7448 4.12594
      vertex -14.5037 25.6775 4.14782
    endloop
  endfacet
  facet normal 0.358422 -0.93356 0
    outer loop
      vertex -14.7666 25.5766 4.13238
      vertex -14.3285 25.7448 -4.12594
      vertex -14.3285 25.7448 4.12594
    endloop
  endfacet
  facet normal 0.358422 -0.93356 0
    outer loop
      vertex -14.7666 25.5766 -4.13238
      vertex -14.3285 25.7448 -4.12594
      vertex -14.7666 25.5766 4.13238
    endloop
  endfacet
  facet normal 0.3584 -0.933567 0.00170987
    outer loop
      vertex -14.3285 25.7448 -4.12594
      vertex -14.7666 25.5766 -4.13238
      vertex -14.5037 25.6775 -4.14782
    endloop
  endfacet
  facet normal -0.358856 0.933387 0.00318776
    outer loop
      vertex -13.2666 22.9785 5.70355
      vertex -13.7048 22.8103 5.62352
      vertex -13.3988 22.9277 5.69579
    endloop
  endfacet
  facet normal -0.358351 0.933587 0
    outer loop
      vertex -13.2666 22.9785 5.70355
      vertex -13.7048 22.8103 -5.62352
      vertex -13.7048 22.8103 5.62352
    endloop
  endfacet
  facet normal -0.358351 0.933587 0
    outer loop
      vertex -13.2666 22.9785 -5.70355
      vertex -13.7048 22.8103 -5.62352
      vertex -13.2666 22.9785 5.70355
    endloop
  endfacet
  facet normal -0.358856 0.933387 -0.00318776
    outer loop
      vertex -13.7048 22.8103 -5.62352
      vertex -13.2666 22.9785 -5.70355
      vertex -13.3988 22.9277 -5.69579
    endloop
  endfacet
  facet normal 0.998638 0.052177 0
    outer loop
      vertex -15.4876 24.0362 4.21828
      vertex -15.5084 24.4343 -4.12348
      vertex -15.5084 24.4343 4.12348
    endloop
  endfacet
  facet normal 0.998638 0.052177 0
    outer loop
      vertex -15.4876 24.0362 4.21828
      vertex -15.4876 24.0362 -4.21828
      vertex -15.5084 24.4343 -4.12348
    endloop
  endfacet
  facet normal 0.998626 0.0524101 0
    outer loop
      vertex -15.4839 23.9657 4.23049
      vertex -15.4876 24.0362 -4.21828
      vertex -15.4876 24.0362 4.21828
    endloop
  endfacet
  facet normal 0.998626 0.0524101 0
    outer loop
      vertex -15.4876 24.0362 -4.21828
      vertex -15.4839 23.9657 4.23049
      vertex -15.4839 23.9657 -4.23049
    endloop
  endfacet
  facet normal -0.93356 -0.358422 0
    outer loop
      vertex -12.5494 24.5894 -4.7178
      vertex -12.7176 25.0275 4.43789
      vertex -12.7176 25.0275 -4.43789
    endloop
  endfacet
  facet normal -0.93356 -0.358422 0
    outer loop
      vertex -12.7176 25.0275 4.43789
      vertex -12.5494 24.5894 -4.7178
      vertex -12.5494 24.5894 4.7178
    endloop
  endfacet
  facet normal -0.0506467 0.99871 -0.00351434
    outer loop
      vertex -13.7048 22.8103 5.62352
      vertex -14.1734 22.7857 5.38585
      vertex -13.7952 22.8056 5.59066
    endloop
  endfacet
  facet normal -0.0524246 0.998625 0
    outer loop
      vertex -13.7048 22.8103 5.62352
      vertex -14.1734 22.7857 -5.38585
      vertex -14.1734 22.7857 5.38585
    endloop
  endfacet
  facet normal -0.0524246 0.998625 0
    outer loop
      vertex -13.7048 22.8103 -5.62352
      vertex -14.1734 22.7857 -5.38585
      vertex -13.7048 22.8103 5.62352
    endloop
  endfacet
  facet normal -0.0506467 0.99871 0.00351434
    outer loop
      vertex -14.1734 22.7857 -5.38585
      vertex -13.7048 22.8103 -5.62352
      vertex -13.7952 22.8056 -5.59066
    endloop
  endfacet
  facet normal -0.544779 -0.83858 0
    outer loop
      vertex -13.4065 25.6479 -4.12112
      vertex -13.0129 25.3922 4.23228
      vertex -13.4065 25.6479 4.12112
    endloop
  endfacet
  facet normal -0.544779 -0.83858 -0
    outer loop
      vertex -13.0129 25.3922 4.23228
      vertex -13.4065 25.6479 -4.12112
      vertex -13.0129 25.3922 -4.23228
    endloop
  endfacet
  facet normal -0.965924 0.258827 0
    outer loop
      vertex -12.6051 23.8214 -5.2703
      vertex -12.5249 24.1207 5.04463
      vertex -12.5249 24.1207 -5.04463
    endloop
  endfacet
  facet normal -0.965924 0.258827 0
    outer loop
      vertex -12.6051 23.8214 -5.2703
      vertex -12.6051 23.8214 5.2703
      vertex -12.5249 24.1207 5.04463
    endloop
  endfacet
  facet normal -0.966026 0.258443 0
    outer loop
      vertex -12.6463 23.6674 -5.37713
      vertex -12.6051 23.8214 5.2703
      vertex -12.6051 23.8214 -5.2703
    endloop
  endfacet
  facet normal -0.966026 0.258443 0
    outer loop
      vertex -12.6051 23.8214 5.2703
      vertex -12.6463 23.6674 -5.37713
      vertex -12.6463 23.6674 5.37713
    endloop
  endfacet
  facet normal 0.933587 0.358351 0
    outer loop
      vertex -15.3157 23.5275 4.42577
      vertex -15.4839 23.9657 -4.23049
      vertex -15.4839 23.9657 4.23049
    endloop
  endfacet
  facet normal 0.933587 0.358351 0
    outer loop
      vertex -15.4839 23.9657 -4.23049
      vertex -15.3157 23.5275 4.42577
      vertex -15.3157 23.5275 -4.42577
    endloop
  endfacet
  facet normal 0.0521314 -0.998639 -0.00164087
    outer loop
      vertex -14.3285 25.7448 4.12594
      vertex -13.8598 25.7693 4.10602
      vertex -14.0982 25.7568 4.13946
    endloop
  endfacet
  facet normal 0.052201 -0.998637 0
    outer loop
      vertex -14.3285 25.7448 4.12594
      vertex -13.8598 25.7693 -4.10602
      vertex -13.8598 25.7693 4.10602
    endloop
  endfacet
  facet normal 0.052201 -0.998637 0
    outer loop
      vertex -14.3285 25.7448 -4.12594
      vertex -13.8598 25.7693 -4.10602
      vertex -14.3285 25.7448 4.12594
    endloop
  endfacet
  facet normal 0.0521314 -0.998639 0.00164087
    outer loop
      vertex -13.8598 25.7693 -4.10602
      vertex -14.3285 25.7448 -4.12594
      vertex -14.0982 25.7568 -4.13946
    endloop
  endfacet
  facet normal -0.258778 -0.965933 0.00261849
    outer loop
      vertex -13.8598 25.7693 4.10602
      vertex -13.4065 25.6479 4.12112
      vertex -13.7059 25.7281 4.11725
    endloop
  endfacet
  facet normal -0.258697 -0.965959 0
    outer loop
      vertex -13.8598 25.7693 -4.10602
      vertex -13.4065 25.6479 4.12112
      vertex -13.8598 25.7693 4.10602
    endloop
  endfacet
  facet normal -0.258601 -0.965984 -5.69903e-06
    outer loop
      vertex -13.7059 25.7281 -4.11725
      vertex -13.4065 25.6479 4.12112
      vertex -13.8598 25.7693 -4.10602
    endloop
  endfacet
  facet normal -0.258747 -0.965945 -0
    outer loop
      vertex -13.4065 25.6479 4.12112
      vertex -13.7059 25.7281 -4.11725
      vertex -13.4065 25.6479 -4.12112
    endloop
  endfacet
  facet normal -0.839253 0.543737 0.00204985
    outer loop
      vertex -12.9019 23.2738 -5.62021
      vertex -12.6463 23.6674 -5.37713
      vertex -12.7763 23.4673 -5.52405
    endloop
  endfacet
  facet normal -0.838677 0.544629 0
    outer loop
      vertex -12.6463 23.6674 -5.37713
      vertex -12.9019 23.2738 -5.62021
      vertex -12.6463 23.6674 5.37713
    endloop
  endfacet
  facet normal -0.838677 0.544629 0
    outer loop
      vertex -12.9019 23.2738 5.62021
      vertex -12.6463 23.6674 5.37713
      vertex -12.9019 23.2738 -5.62021
    endloop
  endfacet
  facet normal -0.839253 0.543737 -0.00204985
    outer loop
      vertex -12.6463 23.6674 5.37713
      vertex -12.9019 23.2738 5.62021
      vertex -12.7763 23.4673 5.52405
    endloop
  endfacet
  facet normal 0.28562 0.957559 -0.0387422
    outer loop
      vertex -14.1734 22.7857 5.38585
      vertex -14.6267 22.9072 5.04699
      vertex -14.1921 22.7908 5.37404
    endloop
  endfacet
  facet normal 0.258896 0.965905 0
    outer loop
      vertex -14.1734 22.7857 5.38585
      vertex -14.6267 22.9072 -5.04699
      vertex -14.6267 22.9072 5.04699
    endloop
  endfacet
  facet normal 0.258896 0.965905 -0
    outer loop
      vertex -14.1734 22.7857 -5.38585
      vertex -14.6267 22.9072 -5.04699
      vertex -14.1734 22.7857 5.38585
    endloop
  endfacet
  facet normal 0.28562 0.957559 0.0387422
    outer loop
      vertex -14.6267 22.9072 -5.04699
      vertex -14.1734 22.7857 -5.38585
      vertex -14.1921 22.7908 -5.37404
    endloop
  endfacet
  facet normal 0.550169 0.835 -0.00942754
    outer loop
      vertex -14.6267 22.9072 5.04699
      vertex -15.0203 23.1628 4.71601
      vertex -14.9611 23.1244 4.76968
    endloop
  endfacet
  facet normal 0.544629 0.838677 0
    outer loop
      vertex -14.6267 22.9072 5.04699
      vertex -15.0203 23.1628 -4.71601
      vertex -15.0203 23.1628 4.71601
    endloop
  endfacet
  facet normal 0.544207 0.838951 2.41983e-05
    outer loop
      vertex -14.6267 22.9072 5.04699
      vertex -14.9611 23.1244 -4.76968
      vertex -15.0203 23.1628 -4.71601
    endloop
  endfacet
  facet normal 0.544706 0.838627 0
    outer loop
      vertex -14.9611 23.1244 -4.76968
      vertex -14.6267 22.9072 5.04699
      vertex -14.6267 22.9072 -5.04699
    endloop
  endfacet
  facet normal 0.777071 0.629413 0
    outer loop
      vertex -15.0203 23.1628 4.71601
      vertex -15.3157 23.5275 -4.42577
      vertex -15.3157 23.5275 4.42577
    endloop
  endfacet
  facet normal 0.777071 0.629413 0
    outer loop
      vertex -15.3157 23.5275 -4.42577
      vertex -15.0203 23.1628 4.71601
      vertex -15.0203 23.1628 -4.71601
    endloop
  endfacet
  facet normal -0.629589 0.776925 -0.00222162
    outer loop
      vertex -12.9019 23.2738 5.62021
      vertex -13.2666 22.9785 5.70355
      vertex -13.0477 23.1558 5.67284
    endloop
  endfacet
  facet normal -0.629284 0.777175 0
    outer loop
      vertex -12.9019 23.2738 -5.62021
      vertex -13.2666 22.9785 5.70355
      vertex -12.9019 23.2738 5.62021
    endloop
  endfacet
  facet normal -0.629589 0.776925 0.00222162
    outer loop
      vertex -13.2666 22.9785 -5.70355
      vertex -12.9019 23.2738 -5.62021
      vertex -13.0477 23.1558 -5.67284
    endloop
  endfacet
  facet normal -0.629284 0.777175 0
    outer loop
      vertex -12.9019 23.2738 -5.62021
      vertex -13.2666 22.9785 -5.70355
      vertex -13.2666 22.9785 5.70355
    endloop
  endfacet
  facet normal -0.998637 -0.052201 0
    outer loop
      vertex -12.5249 24.1207 -5.04463
      vertex -12.5494 24.5894 4.7178
      vertex -12.5494 24.5894 -4.7178
    endloop
  endfacet
  facet normal -0.998637 -0.052201 0
    outer loop
      vertex -12.5494 24.5894 4.7178
      vertex -12.5249 24.1207 -5.04463
      vertex -12.5249 24.1207 5.04463
    endloop
  endfacet
  facet normal 0.0521314 0.998639 -0.00164087
    outer loop
      vertex -13.8598 -25.7693 4.10602
      vertex -14.3285 -25.7448 4.12594
      vertex -14.0982 -25.7568 4.13946
    endloop
  endfacet
  facet normal 0.052201 0.998637 -0
    outer loop
      vertex -13.8598 -25.7693 -4.10602
      vertex -14.3285 -25.7448 4.12594
      vertex -13.8598 -25.7693 4.10602
    endloop
  endfacet
  facet normal 0.052201 0.998637 0
    outer loop
      vertex -13.8598 -25.7693 -4.10602
      vertex -14.3285 -25.7448 -4.12594
      vertex -14.3285 -25.7448 4.12594
    endloop
  endfacet
  facet normal 0.0521314 0.998639 0.00164087
    outer loop
      vertex -14.3285 -25.7448 -4.12594
      vertex -13.8598 -25.7693 -4.10602
      vertex -14.0982 -25.7568 -4.13946
    endloop
  endfacet
  facet normal -0.258778 0.965933 0.00261849
    outer loop
      vertex -13.4065 -25.6479 4.12112
      vertex -13.8598 -25.7693 4.10602
      vertex -13.7059 -25.7281 4.11725
    endloop
  endfacet
  facet normal -0.258697 0.965959 0
    outer loop
      vertex -13.4065 -25.6479 4.12112
      vertex -13.8598 -25.7693 -4.10602
      vertex -13.8598 -25.7693 4.10602
    endloop
  endfacet
  facet normal -0.258601 0.965984 -5.69903e-06
    outer loop
      vertex -13.4065 -25.6479 4.12112
      vertex -13.7059 -25.7281 -4.11725
      vertex -13.8598 -25.7693 -4.10602
    endloop
  endfacet
  facet normal -0.258747 0.965945 0
    outer loop
      vertex -13.7059 -25.7281 -4.11725
      vertex -13.4065 -25.6479 4.12112
      vertex -13.4065 -25.6479 -4.12112
    endloop
  endfacet
  facet normal 0.965965 0.258537 0.00837972
    outer loop
      vertex -15.387 -24.8876 4.11474
      vertex -15.5084 -24.4343 4.12348
      vertex -15.392 -24.869 4.11725
    endloop
  endfacet
  facet normal 0.965959 0.258697 0
    outer loop
      vertex -15.5084 -24.4343 4.12348
      vertex -15.387 -24.8876 4.11474
      vertex -15.5084 -24.4343 -4.12348
    endloop
  endfacet
  facet normal 0.965959 0.258697 -0
    outer loop
      vertex -15.387 -24.8876 -4.11474
      vertex -15.5084 -24.4343 -4.12348
      vertex -15.387 -24.8876 4.11474
    endloop
  endfacet
  facet normal 0.965965 0.258537 -0.00837972
    outer loop
      vertex -15.5084 -24.4343 -4.12348
      vertex -15.387 -24.8876 -4.11474
      vertex -15.392 -24.869 -4.11725
    endloop
  endfacet
  facet normal 0.998626 -0.0524101 0
    outer loop
      vertex -15.4876 -24.0362 4.21828
      vertex -15.4839 -23.9657 -4.23049
      vertex -15.4839 -23.9657 4.23049
    endloop
  endfacet
  facet normal 0.998626 -0.0524101 0
    outer loop
      vertex -15.4876 -24.0362 4.21828
      vertex -15.4876 -24.0362 -4.21828
      vertex -15.4839 -23.9657 -4.23049
    endloop
  endfacet
  facet normal 0.998638 -0.052177 0
    outer loop
      vertex -15.5084 -24.4343 4.12348
      vertex -15.4876 -24.0362 -4.21828
      vertex -15.4876 -24.0362 4.21828
    endloop
  endfacet
  facet normal 0.998638 -0.052177 0
    outer loop
      vertex -15.4876 -24.0362 -4.21828
      vertex -15.5084 -24.4343 4.12348
      vertex -15.5084 -24.4343 -4.12348
    endloop
  endfacet
  facet normal -0.358856 -0.933387 0.00318776
    outer loop
      vertex -13.7048 -22.8103 5.62352
      vertex -13.2666 -22.9785 5.70355
      vertex -13.3988 -22.9277 5.69579
    endloop
  endfacet
  facet normal -0.358351 -0.933587 0
    outer loop
      vertex -13.7048 -22.8103 -5.62352
      vertex -13.2666 -22.9785 5.70355
      vertex -13.7048 -22.8103 5.62352
    endloop
  endfacet
  facet normal -0.358856 -0.933387 -0.00318776
    outer loop
      vertex -13.2666 -22.9785 -5.70355
      vertex -13.7048 -22.8103 -5.62352
      vertex -13.3988 -22.9277 -5.69579
    endloop
  endfacet
  facet normal -0.358351 -0.933587 0
    outer loop
      vertex -13.7048 -22.8103 -5.62352
      vertex -13.2666 -22.9785 -5.70355
      vertex -13.2666 -22.9785 5.70355
    endloop
  endfacet
  facet normal 0.3584 0.933567 -0.00170987
    outer loop
      vertex -14.3285 -25.7448 4.12594
      vertex -14.7666 -25.5766 4.13238
      vertex -14.5037 -25.6775 4.14782
    endloop
  endfacet
  facet normal 0.358422 0.93356 -0
    outer loop
      vertex -14.3285 -25.7448 -4.12594
      vertex -14.7666 -25.5766 4.13238
      vertex -14.3285 -25.7448 4.12594
    endloop
  endfacet
  facet normal 0.358422 0.93356 0
    outer loop
      vertex -14.3285 -25.7448 -4.12594
      vertex -14.7666 -25.5766 -4.13238
      vertex -14.7666 -25.5766 4.13238
    endloop
  endfacet
  facet normal 0.3584 0.933567 0.00170987
    outer loop
      vertex -14.7666 -25.5766 -4.13238
      vertex -14.3285 -25.7448 -4.12594
      vertex -14.5037 -25.6775 -4.14782
    endloop
  endfacet
  facet normal 0.550169 -0.835 -0.00942754
    outer loop
      vertex -15.0203 -23.1628 4.71601
      vertex -14.6267 -22.9072 5.04699
      vertex -14.9611 -23.1244 4.76968
    endloop
  endfacet
  facet normal 0.544629 -0.838677 0
    outer loop
      vertex -15.0203 -23.1628 -4.71601
      vertex -14.6267 -22.9072 5.04699
      vertex -15.0203 -23.1628 4.71601
    endloop
  endfacet
  facet normal 0.544207 -0.838951 2.41983e-05
    outer loop
      vertex -14.9611 -23.1244 -4.76968
      vertex -14.6267 -22.9072 5.04699
      vertex -15.0203 -23.1628 -4.71601
    endloop
  endfacet
  facet normal 0.544706 -0.838627 0
    outer loop
      vertex -14.6267 -22.9072 5.04699
      vertex -14.9611 -23.1244 -4.76968
      vertex -14.6267 -22.9072 -5.04699
    endloop
  endfacet
  facet normal -0.966026 -0.258443 0
    outer loop
      vertex -12.6051 -23.8214 -5.2703
      vertex -12.6463 -23.6674 5.37713
      vertex -12.6463 -23.6674 -5.37713
    endloop
  endfacet
  facet normal -0.966026 -0.258443 0
    outer loop
      vertex -12.6051 -23.8214 -5.2703
      vertex -12.6051 -23.8214 5.2703
      vertex -12.6463 -23.6674 5.37713
    endloop
  endfacet
  facet normal -0.965924 -0.258827 0
    outer loop
      vertex -12.5249 -24.1207 -5.04463
      vertex -12.6051 -23.8214 5.2703
      vertex -12.6051 -23.8214 -5.2703
    endloop
  endfacet
  facet normal -0.965924 -0.258827 0
    outer loop
      vertex -12.6051 -23.8214 5.2703
      vertex -12.5249 -24.1207 -5.04463
      vertex -12.5249 -24.1207 5.04463
    endloop
  endfacet
  facet normal 0.83873 0.544536 -0.00345881
    outer loop
      vertex -15.1314 -25.2812 4.12925
      vertex -15.387 -24.8876 4.11474
      vertex -15.1807 -25.2052 4.13946
    endloop
  endfacet
  facet normal 0.838677 0.544629 0
    outer loop
      vertex -15.387 -24.8876 4.11474
      vertex -15.1314 -25.2812 4.12925
      vertex -15.387 -24.8876 -4.11474
    endloop
  endfacet
  facet normal 0.838677 0.544629 -0
    outer loop
      vertex -15.1314 -25.2812 -4.12925
      vertex -15.387 -24.8876 -4.11474
      vertex -15.1314 -25.2812 4.12925
    endloop
  endfacet
  facet normal 0.83873 0.544536 0.00345881
    outer loop
      vertex -15.387 -24.8876 -4.11474
      vertex -15.1314 -25.2812 -4.12925
      vertex -15.1807 -25.2052 -4.13946
    endloop
  endfacet
  facet normal -0.839253 -0.543737 0.00204985
    outer loop
      vertex -12.6463 -23.6674 -5.37713
      vertex -12.9019 -23.2738 -5.62021
      vertex -12.7763 -23.4673 -5.52405
    endloop
  endfacet
  facet normal -0.838677 -0.544629 0
    outer loop
      vertex -12.9019 -23.2738 -5.62021
      vertex -12.6463 -23.6674 -5.37713
      vertex -12.9019 -23.2738 5.62021
    endloop
  endfacet
  facet normal -0.838677 -0.544629 -0
    outer loop
      vertex -12.6463 -23.6674 5.37713
      vertex -12.9019 -23.2738 5.62021
      vertex -12.6463 -23.6674 -5.37713
    endloop
  endfacet
  facet normal -0.839253 -0.543737 -0.00204985
    outer loop
      vertex -12.9019 -23.2738 5.62021
      vertex -12.6463 -23.6674 5.37713
      vertex -12.7763 -23.4673 5.52405
    endloop
  endfacet
  facet normal 0.777071 -0.629413 0
    outer loop
      vertex -15.3157 -23.5275 4.42577
      vertex -15.0203 -23.1628 -4.71601
      vertex -15.0203 -23.1628 4.71601
    endloop
  endfacet
  facet normal 0.777071 -0.629413 0
    outer loop
      vertex -15.0203 -23.1628 -4.71601
      vertex -15.3157 -23.5275 4.42577
      vertex -15.3157 -23.5275 -4.42577
    endloop
  endfacet
  facet normal -0.544779 0.83858 0
    outer loop
      vertex -13.0129 -25.3922 4.23228
      vertex -13.4065 -25.6479 -4.12112
      vertex -13.4065 -25.6479 4.12112
    endloop
  endfacet
  facet normal -0.544779 0.83858 0
    outer loop
      vertex -13.4065 -25.6479 -4.12112
      vertex -13.0129 -25.3922 4.23228
      vertex -13.0129 -25.3922 -4.23228
    endloop
  endfacet
  facet normal -0.777175 0.629284 0
    outer loop
      vertex -13.0129 -25.3922 -4.23228
      vertex -12.7176 -25.0275 4.43789
      vertex -12.7176 -25.0275 -4.43789
    endloop
  endfacet
  facet normal -0.777175 0.629284 0
    outer loop
      vertex -12.7176 -25.0275 4.43789
      vertex -13.0129 -25.3922 -4.23228
      vertex -13.0129 -25.3922 4.23228
    endloop
  endfacet
  facet normal -0.93356 0.358422 0
    outer loop
      vertex -12.7176 -25.0275 -4.43789
      vertex -12.5494 -24.5894 4.7178
      vertex -12.5494 -24.5894 -4.7178
    endloop
  endfacet
  facet normal -0.93356 0.358422 0
    outer loop
      vertex -12.5494 -24.5894 4.7178
      vertex -12.7176 -25.0275 -4.43789
      vertex -12.7176 -25.0275 4.43789
    endloop
  endfacet
  facet normal 0.629293 0.777164 0.00258226
    outer loop
      vertex -14.7666 -25.5766 4.13238
      vertex -15.1314 -25.2812 4.12925
      vertex -14.8767 -25.4875 4.14782
    endloop
  endfacet
  facet normal 0.629309 0.777156 0
    outer loop
      vertex -14.7666 -25.5766 4.13238
      vertex -15.1314 -25.2812 -4.12925
      vertex -15.1314 -25.2812 4.12925
    endloop
  endfacet
  facet normal 0.629309 0.777156 -0
    outer loop
      vertex -14.7666 -25.5766 -4.13238
      vertex -15.1314 -25.2812 -4.12925
      vertex -14.7666 -25.5766 4.13238
    endloop
  endfacet
  facet normal 0.629293 0.777164 -0.00258226
    outer loop
      vertex -15.1314 -25.2812 -4.12925
      vertex -14.7666 -25.5766 -4.13238
      vertex -14.8767 -25.4875 -4.14782
    endloop
  endfacet
  facet normal -0.998637 0.052201 0
    outer loop
      vertex -12.5494 -24.5894 -4.7178
      vertex -12.5249 -24.1207 5.04463
      vertex -12.5249 -24.1207 -5.04463
    endloop
  endfacet
  facet normal -0.998637 0.052201 0
    outer loop
      vertex -12.5249 -24.1207 5.04463
      vertex -12.5494 -24.5894 -4.7178
      vertex -12.5494 -24.5894 4.7178
    endloop
  endfacet
  facet normal 0.28562 -0.957559 -0.0387422
    outer loop
      vertex -14.6267 -22.9072 5.04699
      vertex -14.1734 -22.7857 5.38585
      vertex -14.1921 -22.7908 5.37404
    endloop
  endfacet
  facet normal 0.258896 -0.965905 0
    outer loop
      vertex -14.6267 -22.9072 -5.04699
      vertex -14.1734 -22.7857 5.38585
      vertex -14.6267 -22.9072 5.04699
    endloop
  endfacet
  facet normal 0.28562 -0.957559 0.0387422
    outer loop
      vertex -14.1734 -22.7857 -5.38585
      vertex -14.6267 -22.9072 -5.04699
      vertex -14.1921 -22.7908 -5.37404
    endloop
  endfacet
  facet normal 0.258896 -0.965905 0
    outer loop
      vertex -14.6267 -22.9072 -5.04699
      vertex -14.1734 -22.7857 -5.38585
      vertex -14.1734 -22.7857 5.38585
    endloop
  endfacet
  facet normal -0.629589 -0.776925 -0.00222162
    outer loop
      vertex -13.2666 -22.9785 5.70355
      vertex -12.9019 -23.2738 5.62021
      vertex -13.0477 -23.1558 5.67284
    endloop
  endfacet
  facet normal -0.629284 -0.777175 0
    outer loop
      vertex -13.2666 -22.9785 5.70355
      vertex -12.9019 -23.2738 -5.62021
      vertex -12.9019 -23.2738 5.62021
    endloop
  endfacet
  facet normal -0.629284 -0.777175 0
    outer loop
      vertex -13.2666 -22.9785 -5.70355
      vertex -12.9019 -23.2738 -5.62021
      vertex -13.2666 -22.9785 5.70355
    endloop
  endfacet
  facet normal -0.629589 -0.776925 0.00222162
    outer loop
      vertex -12.9019 -23.2738 -5.62021
      vertex -13.2666 -22.9785 -5.70355
      vertex -13.0477 -23.1558 -5.67284
    endloop
  endfacet
  facet normal 0.933587 -0.358351 0
    outer loop
      vertex -15.4839 -23.9657 4.23049
      vertex -15.3157 -23.5275 -4.42577
      vertex -15.3157 -23.5275 4.42577
    endloop
  endfacet
  facet normal 0.933587 -0.358351 0
    outer loop
      vertex -15.3157 -23.5275 -4.42577
      vertex -15.4839 -23.9657 4.23049
      vertex -15.4839 -23.9657 -4.23049
    endloop
  endfacet
  facet normal -0.0506467 -0.99871 -0.00351434
    outer loop
      vertex -14.1734 -22.7857 5.38585
      vertex -13.7048 -22.8103 5.62352
      vertex -13.7952 -22.8056 5.59066
    endloop
  endfacet
  facet normal -0.0524246 -0.998625 0
    outer loop
      vertex -14.1734 -22.7857 -5.38585
      vertex -13.7048 -22.8103 5.62352
      vertex -14.1734 -22.7857 5.38585
    endloop
  endfacet
  facet normal -0.0506467 -0.99871 0.00351434
    outer loop
      vertex -13.7048 -22.8103 -5.62352
      vertex -14.1734 -22.7857 -5.38585
      vertex -13.7952 -22.8056 -5.59066
    endloop
  endfacet
  facet normal -0.0524246 -0.998625 0
    outer loop
      vertex -14.1734 -22.7857 -5.38585
      vertex -13.7048 -22.8103 -5.62352
      vertex -13.7048 -22.8103 5.62352
    endloop
  endfacet
  facet normal 0.0488651 -0.308591 -0.949939
    outer loop
      vertex -1.33121 -2.991 -17.6479
      vertex -1.47368 -3.89057 -17.363
      vertex -1.47368 -3.01356 -17.6479
    endloop
  endfacet
  facet normal -0.848372 -0.43224 -0.305668
    outer loop
      vertex -17.6675 -28.4648 -1.33808
      vertex -18.3116 -27.8208 -0.461069
      vertex -18.0405 -27.7327 -1.33808
    endloop
  endfacet
  facet normal 0.141845 -0.278384 -0.949938
    outer loop
      vertex -1.06019 -3.82508 -17.363
      vertex -1.33121 -2.991 -17.6479
      vertex -0.687181 -3.63502 -17.363
    endloop
  endfacet
  facet normal -0.220927 -0.220927 -0.949938
    outer loop
      vertex -2.26019 -3.63502 -17.363
      vertex -1.8467 -2.8235 -17.6479
      vertex -1.74469 -2.92551 -17.6479
    endloop
  endfacet
  facet normal -0.220927 -0.220927 -0.949938
    outer loop
      vertex -1.8467 -2.8235 -17.6479
      vertex -2.26019 -3.63502 -17.363
      vertex -2.55621 -3.339 -17.363
    endloop
  endfacet
  facet normal 0.26904 0.528014 0.805493
    outer loop
      vertex -0.82966 4.5346 16.8209
      vertex -1.06019 3.82508 17.363
      vertex -0.687181 3.63502 17.363
    endloop
  endfacet
  facet normal 0.141838 0.278391 -0.949937
    outer loop
      vertex -1.20267 2.92551 -17.6479
      vertex -1.33121 2.991 -17.6479
      vertex -0.687181 3.63502 -17.363
    endloop
  endfacet
  facet normal 0.368825 0.723944 0.582987
    outer loop
      vertex -13.9994 29.0458 1.33808
      vertex -14.8989 28.9033 2.0841
      vertex -14.3179 28.6073 2.0841
    endloop
  endfacet
  facet normal -0.0766562 -0.483178 -0.87216
    outer loop
      vertex -12.9019 -23.2738 -5.62021
      vertex -1.47368 -3.89057 -17.363
      vertex -12.7763 -23.4673 -5.52405
    endloop
  endfacet
  facet normal -0.0765365 -0.483235 -0.872139
    outer loop
      vertex -1.47368 -3.89057 -17.363
      vertex -12.9019 -23.2738 -5.62021
      vertex -1.88717 -3.82508 -17.363
    endloop
  endfacet
  facet normal -0.0763556 -0.483319 -0.872108
    outer loop
      vertex -1.88717 -3.82508 -17.363
      vertex -12.9019 -23.2738 -5.62021
      vertex -13.0477 -23.1558 -5.67284
    endloop
  endfacet
  facet normal -0.0763813 -0.483298 -0.872117
    outer loop
      vertex -15.543 -28.2593 -2.62612
      vertex -14.3285 -25.7448 -4.12594
      vertex -14.0982 -25.7568 -4.13946
    endloop
  endfacet
  facet normal -0.0766836 -0.483177 -0.872158
    outer loop
      vertex -15.543 -28.2593 -2.62612
      vertex -14.5037 -25.6775 -4.14782
      vertex -14.3285 -25.7448 -4.12594
    endloop
  endfacet
  facet normal -0.0765622 -0.483218 -0.872146
    outer loop
      vertex -14.5037 -25.6775 -4.14782
      vertex -15.543 -28.2593 -2.62612
      vertex -15.9564 -28.1938 -2.62612
    endloop
  endfacet
  facet normal -0.0488761 0.308593 0.949938
    outer loop
      vertex -1.47368 3.89057 17.363
      vertex -1.88717 3.82508 17.363
      vertex -1.61616 2.991 17.6479
    endloop
  endfacet
  facet normal 0.278386 0.141845 -0.949938
    outer loop
      vertex 4.21995 0.413488 -17.363
      vertex 3.38587 0.142478 -17.6479
      vertex 4.02989 0.786502 -17.363
    endloop
  endfacet
  facet normal -0.0488761 -0.308593 -0.949938
    outer loop
      vertex -1.47368 -3.89057 -17.363
      vertex -1.88717 -3.82508 -17.363
      vertex -1.61616 -2.991 -17.6479
    endloop
  endfacet
  facet normal 0.308593 0.0488763 0.949938
    outer loop
      vertex 4.21995 0.413488 17.363
      vertex 3.38587 0.142478 17.6479
      vertex 4.28544 0 17.363
    endloop
  endfacet
  facet normal 0.308593 -0.0488763 -0.949938
    outer loop
      vertex 4.21995 -0.413488 -17.363
      vertex 3.38587 -0.142478 -17.6479
      vertex 4.28544 0 -17.363
    endloop
  endfacet
  facet normal -0.809025 0 -0.587774
    outer loop
      vertex -17.6271 -26.9212 -2.0841
      vertex -18.1691 26.9212 -1.33808
      vertex -17.6271 26.9212 -2.0841
    endloop
  endfacet
  facet normal -0.809025 -0 -0.587774
    outer loop
      vertex -18.1691 26.9212 -1.33808
      vertex -17.6271 -26.9212 -2.0841
      vertex -18.1691 -26.9212 -1.33808
    endloop
  endfacet
  facet normal -0.527961 -0.268935 -0.805562
    outer loop
      vertex -16.6255 -27.7077 -2.62612
      vertex -17.5251 -27.5652 -2.0841
      vertex -16.8155 -27.3347 -2.62612
    endloop
  endfacet
  facet normal -0.58531 0.0927106 0.805492
    outer loop
      vertex -3.45578 3.19652 16.8209
      vertex -3.55779 2.5525 16.8209
      vertex -2.74627 2.96598 17.363
    endloop
  endfacet
  facet normal 0.278386 -0.141845 0.949938
    outer loop
      vertex 4.21995 -0.413488 17.363
      vertex 3.38587 -0.142478 17.6479
      vertex 4.02989 -0.786502 17.363
    endloop
  endfacet
  facet normal 0.940431 0.148972 -0.305609
    outer loop
      vertex 33.997 0 -0.461069
      vertex 33.712 0 -1.33808
      vertex 33.8545 0.899573 -0.461069
    endloop
  endfacet
  facet normal -0.58784 0 -0.808977
    outer loop
      vertex -3.55779 -2.5525 -16.8209
      vertex -2.81176 2.5525 -17.363
      vertex -2.81176 -2.5525 -17.363
    endloop
  endfacet
  facet normal -0.58784 0 -0.808977
    outer loop
      vertex -2.81176 2.5525 -17.363
      vertex -3.55779 -2.5525 -16.8209
      vertex -3.55779 2.5525 -16.8209
    endloop
  endfacet
  facet normal 0.940431 -0.148972 0.305609
    outer loop
      vertex 33.997 0 0.461069
      vertex 33.712 0 1.33808
      vertex 33.8545 -0.899573 0.461069
    endloop
  endfacet
  facet normal -0.278386 0.141843 0.949938
    outer loop
      vertex -2.55621 3.339 17.363
      vertex -2.74627 2.96598 17.363
      vertex -1.91219 2.69497 17.6479
    endloop
  endfacet
  facet normal -0.723298 0 0.690536
    outer loop
      vertex -17.6271 26.9212 2.0841
      vertex -3.55779 -2.5525 16.8209
      vertex -3.55779 2.5525 16.8209
    endloop
  endfacet
  facet normal -0.723298 0 0.690536
    outer loop
      vertex -3.55779 -2.5525 16.8209
      vertex -17.6271 26.9212 2.0841
      vertex -17.6271 -26.9212 2.0841
    endloop
  endfacet
  facet normal 0.269041 -0.528013 0.805493
    outer loop
      vertex -0.687181 -3.63502 17.363
      vertex -0.82966 -4.5346 16.8209
      vertex -0.248678 -4.23857 16.8209
    endloop
  endfacet
  facet normal -0.848364 -0.432284 -0.305629
    outer loop
      vertex -17.8981 -28.6323 -0.461069
      vertex -18.3116 -27.8208 -0.461069
      vertex -17.6675 -28.4648 -1.33808
    endloop
  endfacet
  facet normal 0.155249 -0.2689 -0.950574
    outer loop
      vertex 3.73387 -1.08253 -17.363
      vertex 2.31565 -0.894201 -17.6479
      vertex 3.21838 -0.373013 -17.6479
    endloop
  endfacet
  facet normal 0.155238 -0.268959 -0.950559
    outer loop
      vertex 3.73387 -1.08253 -17.363
      vertex 2.02254 -1.46946 -17.533
      vertex 2.31565 -0.894201 -17.6479
    endloop
  endfacet
  facet normal 0.155211 -0.26882 -0.950603
    outer loop
      vertex 3.73387 -1.08253 -17.363
      vertex 1.46946 -2.02254 -17.4669
      vertex 2.02254 -1.46946 -17.533
    endloop
  endfacet
  facet normal 0.155229 -0.268864 -0.950587
    outer loop
      vertex -0.687181 -3.63502 -17.363
      vertex 1.46946 -2.02254 -17.4669
      vertex 3.73387 -1.08253 -17.363
    endloop
  endfacet
  facet normal 0.155353 -0.269026 -0.950521
    outer loop
      vertex 1.46946 -2.02254 -17.4669
      vertex -0.687181 -3.63502 -17.363
      vertex 0.772542 -2.37764 -17.4803
    endloop
  endfacet
  facet normal 0.155308 -0.268976 -0.950543
    outer loop
      vertex -0.687181 -3.63502 -17.363
      vertex 0 -2.5 -17.5719
      vertex 0.772542 -2.37764 -17.4803
    endloop
  endfacet
  facet normal 0.155117 -0.268871 -0.950604
    outer loop
      vertex -0.687181 -3.63502 -17.363
      vertex -0.365426 -2.44212 -17.6479
      vertex 0 -2.5 -17.5719
    endloop
  endfacet
  facet normal 0.155252 -0.2689 -0.950573
    outer loop
      vertex -0.365426 -2.44212 -17.6479
      vertex -0.687181 -3.63502 -17.363
      vertex -1.20267 -2.92551 -17.6479
    endloop
  endfacet
  facet normal 0.368825 0.723944 -0.582987
    outer loop
      vertex -14.3179 28.6073 -2.0841
      vertex -14.8989 28.9033 -2.0841
      vertex -13.9994 29.0458 -1.33808
    endloop
  endfacet
  facet normal 0.26904 -0.528014 -0.805493
    outer loop
      vertex -0.82966 -4.5346 -16.8209
      vertex -1.06019 -3.82508 -17.363
      vertex -0.687181 -3.63502 -17.363
    endloop
  endfacet
  facet normal -0.210913 -0.413794 -0.885602
    outer loop
      vertex -13.2666 -22.9785 -5.70355
      vertex -1.88717 -3.82508 -17.363
      vertex -13.0477 -23.1558 -5.67284
    endloop
  endfacet
  facet normal -0.210853 -0.413828 -0.8856
    outer loop
      vertex -1.88717 -3.82508 -17.363
      vertex -13.2666 -22.9785 -5.70355
      vertex -2.26019 -3.63502 -17.363
    endloop
  endfacet
  facet normal -0.210977 -0.413759 -0.885603
    outer loop
      vertex -2.26019 -3.63502 -17.363
      vertex -13.2666 -22.9785 -5.70355
      vertex -13.3988 -22.9277 -5.69579
    endloop
  endfacet
  facet normal -0.210839 -0.413835 -0.8856
    outer loop
      vertex -15.9564 -28.1938 -2.62612
      vertex -14.7666 -25.5766 -4.13238
      vertex -14.5037 -25.6775 -4.14782
    endloop
  endfacet
  facet normal -0.210852 -0.413829 -0.8856
    outer loop
      vertex -16.3295 -28.0037 -2.62612
      vertex -14.7666 -25.5766 -4.13238
      vertex -15.9564 -28.1938 -2.62612
    endloop
  endfacet
  facet normal -0.210753 -0.413889 -0.885595
    outer loop
      vertex -14.7666 -25.5766 -4.13238
      vertex -16.3295 -28.0037 -2.62612
      vertex -14.8767 -25.4875 -4.14782
    endloop
  endfacet
  facet normal 0.848399 0.432264 0.30556
    outer loop
      vertex 33.8545 0.899573 0.461069
      vertex 33.2105 1.5436 1.33808
      vertex 33.5835 0.811517 1.33808
    endloop
  endfacet
  facet normal -0.278384 -0.141845 0.949938
    outer loop
      vertex -1.91219 -2.69497 17.6479
      vertex -2.55621 -3.339 17.363
      vertex -1.8467 -2.8235 17.6479
    endloop
  endfacet
  facet normal -0.337041 -0.337041 -0.879094
    outer loop
      vertex -16.6255 -27.7077 -2.62612
      vertex -14.8767 -25.4875 -4.14782
      vertex -16.3295 -28.0037 -2.62612
    endloop
  endfacet
  facet normal -0.337069 -0.337018 -0.879092
    outer loop
      vertex -14.8767 -25.4875 -4.14782
      vertex -16.6255 -27.7077 -2.62612
      vertex -15.1314 -25.2812 -4.12925
    endloop
  endfacet
  facet normal -0.337272 -0.336879 -0.879068
    outer loop
      vertex -15.1314 -25.2812 -4.12925
      vertex -16.6255 -27.7077 -2.62612
      vertex -15.1807 -25.2052 -4.13946
    endloop
  endfacet
  facet normal -0.336955 -0.337097 -0.879106
    outer loop
      vertex -13.7048 -22.8103 -5.62352
      vertex -2.26019 -3.63502 -17.363
      vertex -13.3988 -22.9277 -5.69579
    endloop
  endfacet
  facet normal -0.33704 -0.33704 -0.879095
    outer loop
      vertex -2.26019 -3.63502 -17.363
      vertex -13.7048 -22.8103 -5.62352
      vertex -2.55621 -3.339 -17.363
    endloop
  endfacet
  facet normal -0.337068 -0.337021 -0.879091
    outer loop
      vertex -2.55621 -3.339 -17.363
      vertex -13.7048 -22.8103 -5.62352
      vertex -13.7952 -22.8056 -5.59066
    endloop
  endfacet
  facet normal 0.31468 0.617584 0.72081
    outer loop
      vertex -14.3179 28.6073 2.0841
      vertex -0.82966 4.5346 16.8209
      vertex -0.248678 4.23857 16.8209
    endloop
  endfacet
  facet normal 0.314634 0.617575 0.720838
    outer loop
      vertex -0.82966 4.5346 16.8209
      vertex -14.3179 28.6073 2.0841
      vertex -14.8989 28.9033 2.0841
    endloop
  endfacet
  facet normal -0.220927 0.220927 0.949938
    outer loop
      vertex -2.26019 3.63502 17.363
      vertex -1.8467 2.8235 17.6479
      vertex -1.74469 2.92551 17.6479
    endloop
  endfacet
  facet normal -0.220927 0.220927 0.949938
    outer loop
      vertex -1.8467 2.8235 17.6479
      vertex -2.26019 3.63502 17.363
      vertex -2.55621 3.339 17.363
    endloop
  endfacet
  facet normal 0 0 1
    outer loop
      vertex -1.20267 2.92551 17.6479
      vertex -0.772542 2.37764 17.6479
      vertex -0.365426 2.44212 17.6479
    endloop
  endfacet
  facet normal 0 0 1
    outer loop
      vertex -1.93475 2.5525 17.6479
      vertex -1.20267 2.92551 17.6479
      vertex -1.33121 2.991 17.6479
    endloop
  endfacet
  facet normal 0 0 1
    outer loop
      vertex -1.20267 2.92551 17.6479
      vertex -1.46946 2.02254 17.6479
      vertex -0.772542 2.37764 17.6479
    endloop
  endfacet
  facet normal 0 0 1
    outer loop
      vertex -1.93475 2.5525 17.6479
      vertex -1.33121 2.991 17.6479
      vertex -1.47368 3.01356 17.6479
    endloop
  endfacet
  facet normal 0 0 1
    outer loop
      vertex -1.93475 2.5525 17.6479
      vertex -1.47368 3.01356 17.6479
      vertex -1.61616 2.991 17.6479
    endloop
  endfacet
  facet normal 0 0 1
    outer loop
      vertex -1.93475 2.5525 17.6479
      vertex -1.61616 2.991 17.6479
      vertex -1.74469 2.92551 17.6479
    endloop
  endfacet
  facet normal 0 0 1
    outer loop
      vertex -1.93475 2.5525 17.6479
      vertex -1.74469 2.92551 17.6479
      vertex -1.8467 2.8235 17.6479
    endloop
  endfacet
  facet normal 0 0 1
    outer loop
      vertex -1.93475 2.5525 17.6479
      vertex -1.8467 2.8235 17.6479
      vertex -1.91219 2.69497 17.6479
    endloop
  endfacet
  facet normal 0 0 1
    outer loop
      vertex -1.20267 2.92551 17.6479
      vertex -1.93475 2.5525 17.6479
      vertex -1.46946 2.02254 17.6479
    endloop
  endfacet
  facet normal 0 0 1
    outer loop
      vertex -1.46946 2.02254 17.6479
      vertex -1.93475 2.5525 17.6479
      vertex -1.93475 1.55725 17.6479
    endloop
  endfacet
  facet normal 0 0 1
    outer loop
      vertex -0.772542 -2.37764 17.6479
      vertex -1.20267 -2.92551 17.6479
      vertex -0.365426 -2.44212 17.6479
    endloop
  endfacet
  facet normal 0 0 1
    outer loop
      vertex -1.46946 -2.02254 17.6479
      vertex -1.20267 -2.92551 17.6479
      vertex -0.772542 -2.37764 17.6479
    endloop
  endfacet
  facet normal -0 0 1
    outer loop
      vertex -1.93475 -2.5525 17.6479
      vertex -1.20267 -2.92551 17.6479
      vertex -1.46946 -2.02254 17.6479
    endloop
  endfacet
  facet normal 0 0 1
    outer loop
      vertex -1.20267 -2.92551 17.6479
      vertex -1.93475 -2.5525 17.6479
      vertex -1.33121 -2.991 17.6479
    endloop
  endfacet
  facet normal 0 0 1
    outer loop
      vertex -1.33121 -2.991 17.6479
      vertex -1.93475 -2.5525 17.6479
      vertex -1.47368 -3.01356 17.6479
    endloop
  endfacet
  facet normal 0 0 1
    outer loop
      vertex -1.47368 -3.01356 17.6479
      vertex -1.93475 -2.5525 17.6479
      vertex -1.61616 -2.991 17.6479
    endloop
  endfacet
  facet normal 0 0 1
    outer loop
      vertex -1.61616 -2.991 17.6479
      vertex -1.93475 -2.5525 17.6479
      vertex -1.74469 -2.92551 17.6479
    endloop
  endfacet
  facet normal 0 0 1
    outer loop
      vertex -1.74469 -2.92551 17.6479
      vertex -1.93475 -2.5525 17.6479
      vertex -1.8467 -2.8235 17.6479
    endloop
  endfacet
  facet normal 0 0 1
    outer loop
      vertex -1.93475 -2.5525 17.6479
      vertex -1.46946 -2.02254 17.6479
      vertex -1.93475 -1.55725 17.6479
    endloop
  endfacet
  facet normal 0 0 1
    outer loop
      vertex -1.8467 -2.8235 17.6479
      vertex -1.93475 -2.5525 17.6479
      vertex -1.91219 -2.69497 17.6479
    endloop
  endfacet
  facet normal 0 0 1
    outer loop
      vertex 3.38587 0.142478 17.6479
      vertex 3.38587 -0.142478 17.6479
      vertex 3.40844 0 17.6479
    endloop
  endfacet
  facet normal 0 0 1
    outer loop
      vertex 3.32038 0.271009 17.6479
      vertex 3.38587 -0.142478 17.6479
      vertex 3.38587 0.142478 17.6479
    endloop
  endfacet
  facet normal 0 0 1
    outer loop
      vertex 3.32038 0.271009 17.6479
      vertex 3.32038 -0.271009 17.6479
      vertex 3.38587 -0.142478 17.6479
    endloop
  endfacet
  facet normal 0 0 1
    outer loop
      vertex 2.5 0 17.6479
      vertex 3.32038 0.271009 17.6479
      vertex 3.21838 0.373013 17.6479
    endloop
  endfacet
  facet normal 0 0 1
    outer loop
      vertex 3.32038 0.271009 17.6479
      vertex 2.5 0 17.6479
      vertex 3.32038 -0.271009 17.6479
    endloop
  endfacet
  facet normal 0 0 1
    outer loop
      vertex 3.32038 -0.271009 17.6479
      vertex 2.5 0 17.6479
      vertex 3.21838 -0.373013 17.6479
    endloop
  endfacet
  facet normal 0 0 1
    outer loop
      vertex 3.21838 0.373013 17.6479
      vertex 2.37764 0.772542 17.6479
      vertex 2.5 0 17.6479
    endloop
  endfacet
  facet normal -0 -0 1
    outer loop
      vertex 2.37764 0.772542 17.6479
      vertex 3.21838 0.373013 17.6479
      vertex 2.31565 0.894201 17.6479
    endloop
  endfacet
  facet normal 0 0 1
    outer loop
      vertex 2.37764 -0.772542 17.6479
      vertex 3.21838 -0.373013 17.6479
      vertex 2.5 0 17.6479
    endloop
  endfacet
  facet normal 0 0 1
    outer loop
      vertex 3.21838 -0.373013 17.6479
      vertex 2.37764 -0.772542 17.6479
      vertex 2.31565 -0.894201 17.6479
    endloop
  endfacet
  facet normal -0.471949 -0.240466 0.848198
    outer loop
      vertex -14.1734 -22.7857 5.38585
      vertex -2.55621 -3.339 17.363
      vertex -2.74627 -2.96598 17.363
    endloop
  endfacet
  facet normal -0.471979 -0.240443 0.848188
    outer loop
      vertex -2.55621 -3.339 17.363
      vertex -14.1734 -22.7857 5.38585
      vertex -13.7952 -22.8056 5.59066
    endloop
  endfacet
  facet normal -0.470096 -0.241909 0.848817
    outer loop
      vertex -14.1734 -22.7857 5.38585
      vertex -2.74627 -2.96598 17.363
      vertex -14.1921 -22.7908 5.37404
    endloop
  endfacet
  facet normal -0.471903 -0.24051 0.848211
    outer loop
      vertex -16.8155 -27.3347 2.62612
      vertex -15.1807 -25.2052 4.13946
      vertex -15.387 -24.8876 4.11474
    endloop
  endfacet
  facet normal -0.471102 -0.241139 0.848478
    outer loop
      vertex -16.8155 -27.3347 2.62612
      vertex -15.387 -24.8876 4.11474
      vertex -15.392 -24.869 4.11725
    endloop
  endfacet
  facet normal -0.471991 -0.240424 0.848187
    outer loop
      vertex -15.1807 -25.2052 4.13946
      vertex -16.8155 -27.3347 2.62612
      vertex -16.6255 -27.7077 2.62612
    endloop
  endfacet
  facet normal 0.848394 -0.43229 -0.305537
    outer loop
      vertex 33.441 -1.71109 -0.461069
      vertex 33.2105 -1.5436 -1.33808
      vertex 33.8545 -0.899573 -0.461069
    endloop
  endfacet
  facet normal -0.940477 -0.148871 -0.305517
    outer loop
      vertex -18.3116 -27.8208 -0.461069
      vertex -18.454 -26.9212 -0.461069
      vertex -18.1691 -26.9212 -1.33808
    endloop
  endfacet
  facet normal 0.127079 -0.802466 -0.583009
    outer loop
      vertex -14.8989 -28.9033 -2.0841
      vertex -15.543 -29.5473 -1.33808
      vertex -15.543 -29.0053 -2.0841
    endloop
  endfacet
  facet normal -0.308591 -0.0488651 -0.949939
    outer loop
      vertex -1.91219 -2.69497 -17.6479
      vertex -2.81176 -2.5525 -17.363
      vertex -1.93475 -2.5525 -17.6479
    endloop
  endfacet
  facet normal 0.585267 -0.0927113 -0.805523
    outer loop
      vertex 33.17 0 -2.0841
      vertex 32.3585 -0.413488 -2.62612
      vertex 32.424 0 -2.62612
    endloop
  endfacet
  facet normal -0.141843 0.278386 -0.949938
    outer loop
      vertex -1.61616 2.991 -17.6479
      vertex -2.26019 3.63502 -17.363
      vertex -1.88717 3.82508 -17.363
    endloop
  endfacet
  facet normal 0.527956 0.268982 0.805551
    outer loop
      vertex 32.772 1.22501 2.0841
      vertex 32.1684 0.786502 2.62612
      vertex 33.068 0.644023 2.0841
    endloop
  endfacet
  facet normal 0.048876 -0.308593 -0.949938
    outer loop
      vertex -1.06019 -3.82508 -17.363
      vertex -1.47368 -3.89057 -17.363
      vertex -1.33121 -2.991 -17.6479
    endloop
  endfacet
  facet normal -0.269003 -0.527959 -0.805541
    outer loop
      vertex -16.187 -28.9033 -2.0841
      vertex -16.3295 -28.0037 -2.62612
      vertex -15.9564 -28.1938 -2.62612
    endloop
  endfacet
  facet normal 0.141845 -0.278384 0.949938
    outer loop
      vertex -0.687181 -3.63502 17.363
      vertex -1.33121 -2.991 17.6479
      vertex -1.06019 -3.82508 17.363
    endloop
  endfacet
  facet normal 0.802464 0.127094 0.583008
    outer loop
      vertex 33.712 0 1.33808
      vertex 33.068 0.644023 2.0841
      vertex 33.17 0 2.0841
    endloop
  endfacet
  facet normal -0.527957 0.269067 -0.805521
    outer loop
      vertex -16.6255 27.7077 -2.62612
      vertex -17.5251 27.5652 -2.0841
      vertex -17.229 28.1462 -2.0841
    endloop
  endfacet
  facet normal 0.308594 -0.0488845 -0.949937
    outer loop
      vertex 4.28544 0 -17.363
      vertex 3.38587 -0.142478 -17.6479
      vertex 3.40844 0 -17.6479
    endloop
  endfacet
  facet normal 0.36165 -0.626394 -0.690536
    outer loop
      vertex 32.3109 -1.68608 -2.0841
      vertex -14.3179 -28.6073 -2.0841
      vertex 4.17237 -1.68608 -16.8209
    endloop
  endfacet
  facet normal 0.673296 0.673275 -0.305569
    outer loop
      vertex 33.441 1.71109 -0.461069
      vertex 32.6295 2.12458 -1.33808
      vertex 32.797 2.35511 -0.461069
    endloop
  endfacet
  facet normal 0.673281 0.673304 -0.305541
    outer loop
      vertex 32.6295 2.12458 -1.33808
      vertex 33.441 1.71109 -0.461069
      vertex 33.2105 1.5436 -1.33808
    endloop
  endfacet
  facet normal -0.308593 -0.0488772 -0.949938
    outer loop
      vertex -2.74627 -2.96598 -17.363
      vertex -2.81176 -2.5525 -17.363
      vertex -1.91219 -2.69497 -17.6479
    endloop
  endfacet
  facet normal 0.405273 0.701953 -0.585676
    outer loop
      vertex 32.3109 1.68608 -2.0841
      vertex -13.9994 29.0458 -1.33808
      vertex 32.6295 2.12458 -1.33808
    endloop
  endfacet
  facet normal 0.405286 0.701975 -0.58564
    outer loop
      vertex -13.9994 29.0458 -1.33808
      vertex 32.3109 1.68608 -2.0841
      vertex -14.3179 28.6073 -2.0841
    endloop
  endfacet
  facet normal -0.15647 0.987683 0
    outer loop
      vertex -15.543 29.8323 -0.461069
      vertex -16.4425 29.6898 0.461069
      vertex -15.543 29.8323 0.461069
    endloop
  endfacet
  facet normal -0.15647 0.987683 0
    outer loop
      vertex -16.4425 29.6898 0.461069
      vertex -15.543 29.8323 -0.461069
      vertex -16.4425 29.6898 -0.461069
    endloop
  endfacet
  facet normal -0.527957 0.269067 0.805521
    outer loop
      vertex -17.229 28.1462 2.0841
      vertex -17.5251 27.5652 2.0841
      vertex -16.6255 27.7077 2.62612
    endloop
  endfacet
  facet normal -0.707052 0.707162 0
    outer loop
      vertex -17.8981 28.6323 -0.461069
      vertex -17.254 29.2763 0.461069
      vertex -17.254 29.2763 -0.461069
    endloop
  endfacet
  facet normal -0.707052 0.707162 0
    outer loop
      vertex -17.254 29.2763 0.461069
      vertex -17.8981 28.6323 -0.461069
      vertex -17.8981 28.6323 0.461069
    endloop
  endfacet
  facet normal -0.987702 0.156346 0
    outer loop
      vertex -18.454 26.9212 -0.461069
      vertex -18.3116 27.8208 0.461069
      vertex -18.3116 27.8208 -0.461069
    endloop
  endfacet
  facet normal -0.987702 0.156346 0
    outer loop
      vertex -18.3116 27.8208 0.461069
      vertex -18.454 26.9212 -0.461069
      vertex -18.454 26.9212 0.461069
    endloop
  endfacet
  facet normal -0.951075 0 0.30896
    outer loop
      vertex -18.454 -26.9212 0.461069
      vertex -18.1691 26.9212 1.33808
      vertex -18.454 26.9212 0.461069
    endloop
  endfacet
  facet normal -0.951075 0 0.30896
    outer loop
      vertex -18.1691 26.9212 1.33808
      vertex -18.454 -26.9212 0.461069
      vertex -18.1691 -26.9212 1.33808
    endloop
  endfacet
  facet normal -0.0488617 0.308591 0.949939
    outer loop
      vertex -1.47368 3.89057 17.363
      vertex -1.61616 2.991 17.6479
      vertex -1.47368 3.01356 17.6479
    endloop
  endfacet
  facet normal 0.585267 -0.0927113 0.805523
    outer loop
      vertex 32.424 0 2.62612
      vertex 32.3585 -0.413488 2.62612
      vertex 33.17 0 2.0841
    endloop
  endfacet
  facet normal 0.0488651 -0.308591 0.949939
    outer loop
      vertex -1.47368 -3.01356 17.6479
      vertex -1.47368 -3.89057 17.363
      vertex -1.33121 -2.991 17.6479
    endloop
  endfacet
  facet normal -0.802485 -0.127171 0.582963
    outer loop
      vertex -17.5251 -27.5652 2.0841
      vertex -18.1691 -26.9212 1.33808
      vertex -18.0405 -27.7327 1.33808
    endloop
  endfacet
  facet normal 0.278385 0.141845 0.949938
    outer loop
      vertex 4.02989 0.786502 17.363
      vertex 3.32038 0.271009 17.6479
      vertex 3.38587 0.142478 17.6479
    endloop
  endfacet
  facet normal -0.418983 -0.418983 0.805547
    outer loop
      vertex -16.6255 -27.7077 2.62612
      vertex -16.768 -28.6073 2.0841
      vertex -16.3295 -28.0037 2.62612
    endloop
  endfacet
  facet normal -0.41905 -0.418959 0.805525
    outer loop
      vertex -16.768 -28.6073 2.0841
      vertex -16.6255 -27.7077 2.62612
      vertex -17.229 -28.1462 2.0841
    endloop
  endfacet
  facet normal -0.723949 -0.368847 -0.582967
    outer loop
      vertex -17.6675 -28.4648 -1.33808
      vertex -18.0405 -27.7327 -1.33808
      vertex -17.5251 -27.5652 -2.0841
    endloop
  endfacet
  facet normal 0.574485 -0.574505 0.583018
    outer loop
      vertex 32.772 -1.22501 2.0841
      vertex 32.6295 -2.12458 1.33808
      vertex 33.2105 -1.5436 1.33808
    endloop
  endfacet
  facet normal 0.574472 -0.57451 0.583027
    outer loop
      vertex 32.6295 -2.12458 1.33808
      vertex 32.772 -1.22501 2.0841
      vertex 32.3109 -1.68608 2.0841
    endloop
  endfacet
  facet normal -0.527961 0.268935 0.805562
    outer loop
      vertex -16.6255 27.7077 2.62612
      vertex -17.5251 27.5652 2.0841
      vertex -16.8155 27.3347 2.62612
    endloop
  endfacet
  facet normal 0.142712 -0.571212 0.808301
    outer loop
      vertex -0.82966 -4.5346 16.8209
      vertex -12.6051 -23.8214 5.2703
      vertex -12.5249 -24.1207 5.04463
    endloop
  endfacet
  facet normal 0.142704 -0.571209 0.808304
    outer loop
      vertex -12.6051 -23.8214 5.2703
      vertex -0.82966 -4.5346 16.8209
      vertex -1.06019 -3.82508 17.363
    endloop
  endfacet
  facet normal 0.142516 -0.571145 0.808383
    outer loop
      vertex -12.5494 -24.5894 4.7178
      vertex -0.82966 -4.5346 16.8209
      vertex -12.5249 -24.1207 5.04463
    endloop
  endfacet
  facet normal 0.142805 -0.571241 0.808264
    outer loop
      vertex -12.7176 -25.0275 4.43789
      vertex -0.82966 -4.5346 16.8209
      vertex -12.5494 -24.5894 4.7178
    endloop
  endfacet
  facet normal 0.142329 -0.571084 0.808459
    outer loop
      vertex -12.7176 -25.0275 4.43789
      vertex -14.8989 -28.9033 2.0841
      vertex -0.82966 -4.5346 16.8209
    endloop
  endfacet
  facet normal 0.142506 -0.57114 0.808388
    outer loop
      vertex -13.0129 -25.3922 4.23228
      vertex -14.8989 -28.9033 2.0841
      vertex -12.7176 -25.0275 4.43789
    endloop
  endfacet
  facet normal 0.142834 -0.571238 0.808261
    outer loop
      vertex -13.4065 -25.6479 4.12112
      vertex -14.8989 -28.9033 2.0841
      vertex -13.0129 -25.3922 4.23228
    endloop
  endfacet
  facet normal 0.142547 -0.57116 0.808366
    outer loop
      vertex -15.1295 -28.1938 2.62612
      vertex -13.4065 -25.6479 4.12112
      vertex -13.7059 -25.7281 4.11725
    endloop
  endfacet
  facet normal 0.142601 -0.571182 0.808342
    outer loop
      vertex -13.4065 -25.6479 4.12112
      vertex -15.1295 -28.1938 2.62612
      vertex -14.8989 -28.9033 2.0841
    endloop
  endfacet
  facet normal 0.308593 0.0488763 -0.949938
    outer loop
      vertex 4.28544 0 -17.363
      vertex 3.38587 0.142478 -17.6479
      vertex 4.21995 0.413488 -17.363
    endloop
  endfacet
  facet normal -0.0488617 -0.308591 -0.949939
    outer loop
      vertex -1.47368 -3.89057 -17.363
      vertex -1.61616 -2.991 -17.6479
      vertex -1.47368 -3.01356 -17.6479
    endloop
  endfacet
  facet normal 0.22093 -0.220924 -0.949938
    outer loop
      vertex 3.73387 -1.08253 -17.363
      vertex 3.32038 -0.271009 -17.6479
      vertex 4.02989 -0.786502 -17.363
    endloop
  endfacet
  facet normal 0.220932 -0.220923 -0.949938
    outer loop
      vertex 3.32038 -0.271009 -17.6479
      vertex 3.73387 -1.08253 -17.363
      vertex 3.21838 -0.373013 -17.6479
    endloop
  endfacet
  facet normal 0.848399 -0.432264 -0.30556
    outer loop
      vertex 33.8545 -0.899573 -0.461069
      vertex 33.2105 -1.5436 -1.33808
      vertex 33.5835 -0.811517 -1.33808
    endloop
  endfacet
  facet normal 0.802456 -0.127065 -0.583026
    outer loop
      vertex 33.5835 -0.811517 -1.33808
      vertex 33.068 -0.644023 -2.0841
      vertex 33.712 0 -1.33808
    endloop
  endfacet
  facet normal 0.36165 0.626394 -0.690536
    outer loop
      vertex 4.17237 1.68608 -16.8209
      vertex -14.3179 28.6073 -2.0841
      vertex 32.3109 1.68608 -2.0841
    endloop
  endfacet
  facet normal 0.421986 0.41558 -0.805742
    outer loop
      vertex 27.1516 1.21352 -5.03355
      vertex 4.63344 1.22501 -16.8209
      vertex 27.1741 1.22501 -5.01584
    endloop
  endfacet
  facet normal 0.422052 0.415266 -0.80587
    outer loop
      vertex 26.8198 0.881678 -5.37832
      vertex 4.63344 1.22501 -16.8209
      vertex 27.1516 1.21352 -5.03355
    endloop
  endfacet
  facet normal 0.422059 0.415232 -0.805884
    outer loop
      vertex 26.7713 0.786502 -5.45276
      vertex 4.63344 1.22501 -16.8209
      vertex 26.8198 0.881678 -5.37832
    endloop
  endfacet
  facet normal 0.42204 0.41533 -0.805843
    outer loop
      vertex 4.63344 1.22501 -16.8209
      vertex 26.7713 0.786502 -5.45276
      vertex 4.02989 0.786502 -17.363
    endloop
  endfacet
  facet normal 0.422065 0.415242 -0.805876
    outer loop
      vertex 29.2468 0.881678 -4.10722
      vertex 32.1684 0.786502 -2.62612
      vertex 29.2953 0.786502 -4.13086
    endloop
  endfacet
  facet normal 0.422077 0.415175 -0.805904
    outer loop
      vertex 28.915 1.21352 -4.11004
      vertex 32.1684 0.786502 -2.62612
      vertex 29.2468 0.881678 -4.10722
    endloop
  endfacet
  facet normal 0.422078 0.415164 -0.805909
    outer loop
      vertex 32.1684 0.786502 -2.62612
      vertex 28.915 1.21352 -4.11004
      vertex 32.772 1.22501 -2.0841
    endloop
  endfacet
  facet normal 0.421616 0.417308 -0.805043
    outer loop
      vertex 32.772 1.22501 -2.0841
      vertex 28.915 1.21352 -4.11004
      vertex 28.8924 1.22501 -4.11592
    endloop
  endfacet
  facet normal 0.127053 0.802458 0.583025
    outer loop
      vertex -14.7314 29.4188 1.33808
      vertex -15.543 29.5473 1.33808
      vertex -14.8989 28.9033 2.0841
    endloop
  endfacet
  facet normal 0.308593 -0.0488763 0.949938
    outer loop
      vertex 4.28544 0 17.363
      vertex 3.38587 -0.142478 17.6479
      vertex 4.21995 -0.413488 17.363
    endloop
  endfacet
  facet normal 0.092682 -0.58526 -0.805532
    outer loop
      vertex -14.8989 -28.9033 -2.0841
      vertex -15.543 -29.0053 -2.0841
      vertex -15.1295 -28.1938 -2.62612
    endloop
  endfacet
  facet normal 0.0873148 -0.551931 -0.829306
    outer loop
      vertex -12.6463 -23.6674 -5.37713
      vertex -1.06019 -3.82508 -17.363
      vertex -12.6051 -23.8214 -5.2703
    endloop
  endfacet
  facet normal 0.0874231 -0.551971 -0.829268
    outer loop
      vertex -1.06019 -3.82508 -17.363
      vertex -12.6463 -23.6674 -5.37713
      vertex -1.47368 -3.89057 -17.363
    endloop
  endfacet
  facet normal 0.0875088 -0.552002 -0.829238
    outer loop
      vertex -1.47368 -3.89057 -17.363
      vertex -12.6463 -23.6674 -5.37713
      vertex -12.7763 -23.4673 -5.52405
    endloop
  endfacet
  facet normal 0.0872319 -0.551903 -0.829333
    outer loop
      vertex -15.1295 -28.1938 -2.62612
      vertex -13.8598 -25.7693 -4.10602
      vertex -13.7059 -25.7281 -4.11725
    endloop
  endfacet
  facet normal 0.0873821 -0.551952 -0.829285
    outer loop
      vertex -15.1295 -28.1938 -2.62612
      vertex -14.0982 -25.7568 -4.13946
      vertex -13.8598 -25.7693 -4.10602
    endloop
  endfacet
  facet normal 0.0874334 -0.551965 -0.829271
    outer loop
      vertex -14.0982 -25.7568 -4.13946
      vertex -15.1295 -28.1938 -2.62612
      vertex -15.543 -28.2593 -2.62612
    endloop
  endfacet
  facet normal 0.142712 -0.571212 -0.808301
    outer loop
      vertex -12.6051 -23.8214 -5.2703
      vertex -0.82966 -4.5346 -16.8209
      vertex -12.5249 -24.1207 -5.04463
    endloop
  endfacet
  facet normal 0.142516 -0.571145 -0.808383
    outer loop
      vertex -0.82966 -4.5346 -16.8209
      vertex -12.5494 -24.5894 -4.7178
      vertex -12.5249 -24.1207 -5.04463
    endloop
  endfacet
  facet normal 0.142805 -0.571241 -0.808264
    outer loop
      vertex -0.82966 -4.5346 -16.8209
      vertex -12.7176 -25.0275 -4.43789
      vertex -12.5494 -24.5894 -4.7178
    endloop
  endfacet
  facet normal 0.142329 -0.571084 -0.808459
    outer loop
      vertex -14.8989 -28.9033 -2.0841
      vertex -12.7176 -25.0275 -4.43789
      vertex -0.82966 -4.5346 -16.8209
    endloop
  endfacet
  facet normal 0.142506 -0.57114 -0.808388
    outer loop
      vertex -14.8989 -28.9033 -2.0841
      vertex -13.0129 -25.3922 -4.23228
      vertex -12.7176 -25.0275 -4.43789
    endloop
  endfacet
  facet normal 0.142834 -0.571238 -0.808261
    outer loop
      vertex -14.8989 -28.9033 -2.0841
      vertex -13.4065 -25.6479 -4.12112
      vertex -13.0129 -25.3922 -4.23228
    endloop
  endfacet
  facet normal 0.142601 -0.571182 -0.808342
    outer loop
      vertex -15.1295 -28.1938 -2.62612
      vertex -13.4065 -25.6479 -4.12112
      vertex -14.8989 -28.9033 -2.0841
    endloop
  endfacet
  facet normal 0.142547 -0.57116 -0.808366
    outer loop
      vertex -13.4065 -25.6479 -4.12112
      vertex -15.1295 -28.1938 -2.62612
      vertex -13.7059 -25.7281 -4.11725
    endloop
  endfacet
  facet normal 0.142704 -0.571209 -0.808304
    outer loop
      vertex -0.82966 -4.5346 -16.8209
      vertex -12.6051 -23.8214 -5.2703
      vertex -1.06019 -3.82508 -17.363
    endloop
  endfacet
  facet normal -0.14892 -0.940459 -0.305548
    outer loop
      vertex -15.543 -29.5473 -1.33808
      vertex -16.4425 -29.6898 -0.461069
      vertex -16.3545 -29.4188 -1.33808
    endloop
  endfacet
  facet normal 0.31468 -0.617584 0.72081
    outer loop
      vertex -0.82966 -4.5346 16.8209
      vertex -14.3179 -28.6073 2.0841
      vertex -0.248678 -4.23857 16.8209
    endloop
  endfacet
  facet normal 0.314634 -0.617575 0.720838
    outer loop
      vertex -14.3179 -28.6073 2.0841
      vertex -0.82966 -4.5346 16.8209
      vertex -14.8989 -28.9033 2.0841
    endloop
  endfacet
  facet normal 0.368825 -0.723944 0.582987
    outer loop
      vertex -14.3179 -28.6073 2.0841
      vertex -14.8989 -28.9033 2.0841
      vertex -13.9994 -29.0458 1.33808
    endloop
  endfacet
  facet normal 0.723921 0.368822 0.583017
    outer loop
      vertex 33.2105 1.5436 1.33808
      vertex 32.772 1.22501 2.0841
      vertex 33.068 0.644023 2.0841
    endloop
  endfacet
  facet normal 0.36165 -0.626394 0.690536
    outer loop
      vertex 4.17237 -1.68608 16.8209
      vertex -14.3179 -28.6073 2.0841
      vertex 32.3109 -1.68608 2.0841
    endloop
  endfacet
  facet normal -0.0488617 -0.308591 0.949939
    outer loop
      vertex -1.47368 -3.01356 17.6479
      vertex -1.61616 -2.991 17.6479
      vertex -1.47368 -3.89057 17.363
    endloop
  endfacet
  facet normal -0.308591 0.0488651 -0.949939
    outer loop
      vertex -1.93475 2.5525 -17.6479
      vertex -2.81176 2.5525 -17.363
      vertex -1.91219 2.69497 -17.6479
    endloop
  endfacet
  facet normal -0.308593 0.0488772 -0.949938
    outer loop
      vertex -1.91219 2.69497 -17.6479
      vertex -2.81176 2.5525 -17.363
      vertex -2.74627 2.96598 -17.363
    endloop
  endfacet
  facet normal -0.585309 -0.0927055 -0.805493
    outer loop
      vertex -2.74627 -2.96598 -17.363
      vertex -3.55779 -2.5525 -16.8209
      vertex -2.81176 -2.5525 -17.363
    endloop
  endfacet
  facet normal -0.0488617 0.308591 -0.949939
    outer loop
      vertex -1.47368 3.01356 -17.6479
      vertex -1.61616 2.991 -17.6479
      vertex -1.47368 3.89057 -17.363
    endloop
  endfacet
  facet normal -0.278386 -0.141843 -0.949938
    outer loop
      vertex -2.55621 -3.339 -17.363
      vertex -2.74627 -2.96598 -17.363
      vertex -1.91219 -2.69497 -17.6479
    endloop
  endfacet
  facet normal -0.268978 0.52796 0.805549
    outer loop
      vertex -16.187 28.9033 2.0841
      vertex -16.768 28.6073 2.0841
      vertex -16.3295 28.0037 2.62612
    endloop
  endfacet
  facet normal 0.891001 0.454 0
    outer loop
      vertex 33.8545 0.899573 0.461069
      vertex 33.441 1.71109 -0.461069
      vertex 33.441 1.71109 0.461069
    endloop
  endfacet
  facet normal 0.891001 0.454 0
    outer loop
      vertex 33.441 1.71109 -0.461069
      vertex 33.8545 0.899573 0.461069
      vertex 33.8545 0.899573 -0.461069
    endloop
  endfacet
  facet normal -0.432259 0.84841 0.305536
    outer loop
      vertex -16.4425 29.6898 0.461069
      vertex -17.0866 29.0458 1.33808
      vertex -16.3545 29.4188 1.33808
    endloop
  endfacet
  facet normal -0.631791 0.100073 -0.768652
    outer loop
      vertex -3.55779 2.5525 -16.8209
      vertex -14.9611 23.1244 -4.76968
      vertex -3.45578 3.19652 -16.8209
    endloop
  endfacet
  facet normal -0.631937 0.0999317 -0.76855
    outer loop
      vertex -3.55779 2.5525 -16.8209
      vertex -15.0203 23.1628 -4.71601
      vertex -14.9611 23.1244 -4.76968
    endloop
  endfacet
  facet normal -0.631556 0.1003 -0.768815
    outer loop
      vertex -3.55779 2.5525 -16.8209
      vertex -15.3157 23.5275 -4.42577
      vertex -15.0203 23.1628 -4.71601
    endloop
  endfacet
  facet normal -0.631896 0.0999485 -0.768582
    outer loop
      vertex -17.6271 26.9212 -2.0841
      vertex -15.4876 24.0362 -4.21828
      vertex -15.4839 23.9657 -4.23049
    endloop
  endfacet
  facet normal -0.631868 0.0999819 -0.7686
    outer loop
      vertex -17.6271 26.9212 -2.0841
      vertex -15.4839 23.9657 -4.23049
      vertex -15.3157 23.5275 -4.42577
    endloop
  endfacet
  facet normal -0.631799 0.100068 -0.768646
    outer loop
      vertex -15.4876 24.0362 -4.21828
      vertex -17.6271 26.9212 -2.0841
      vertex -17.5251 27.5652 -2.0841
    endloop
  endfacet
  facet normal -0.631783 0.100079 -0.768657
    outer loop
      vertex -17.6271 26.9212 -2.0841
      vertex -15.3157 23.5275 -4.42577
      vertex -3.55779 2.5525 -16.8209
    endloop
  endfacet
  facet normal 0.0872319 0.551903 0.829333
    outer loop
      vertex -15.1295 28.1938 2.62612
      vertex -13.8598 25.7693 4.10602
      vertex -13.7059 25.7281 4.11725
    endloop
  endfacet
  facet normal 0.0873821 0.551952 0.829285
    outer loop
      vertex -15.1295 28.1938 2.62612
      vertex -14.0982 25.7568 4.13946
      vertex -13.8598 25.7693 4.10602
    endloop
  endfacet
  facet normal 0.0874334 0.551965 0.829271
    outer loop
      vertex -14.0982 25.7568 4.13946
      vertex -15.1295 28.1938 2.62612
      vertex -15.543 28.2593 2.62612
    endloop
  endfacet
  facet normal 0.0873148 0.551931 0.829306
    outer loop
      vertex -12.6463 23.6674 5.37713
      vertex -1.06019 3.82508 17.363
      vertex -12.6051 23.8214 5.2703
    endloop
  endfacet
  facet normal 0.0874231 0.551971 0.829268
    outer loop
      vertex -1.06019 3.82508 17.363
      vertex -12.6463 23.6674 5.37713
      vertex -1.47368 3.89057 17.363
    endloop
  endfacet
  facet normal 0.0875088 0.552002 0.829238
    outer loop
      vertex -1.47368 3.89057 17.363
      vertex -12.6463 23.6674 5.37713
      vertex -12.7763 23.4673 5.52405
    endloop
  endfacet
  facet normal -0.848372 0.43224 -0.305668
    outer loop
      vertex -18.0405 27.7327 -1.33808
      vertex -18.3116 27.8208 -0.461069
      vertex -17.6675 28.4648 -1.33808
    endloop
  endfacet
  facet normal -0.15647 -0.987683 0
    outer loop
      vertex -16.4425 -29.6898 -0.461069
      vertex -15.543 -29.8323 0.461069
      vertex -16.4425 -29.6898 0.461069
    endloop
  endfacet
  facet normal -0.15647 -0.987683 -0
    outer loop
      vertex -15.543 -29.8323 0.461069
      vertex -16.4425 -29.6898 -0.461069
      vertex -15.543 -29.8323 -0.461069
    endloop
  endfacet
  facet normal -0.58531 -0.0927106 0.805492
    outer loop
      vertex -2.74627 -2.96598 17.363
      vertex -3.55779 -2.5525 16.8209
      vertex -3.45578 -3.19652 16.8209
    endloop
  endfacet
  facet normal -0.723298 0 -0.690536
    outer loop
      vertex -3.55779 -2.5525 -16.8209
      vertex -17.6271 26.9212 -2.0841
      vertex -3.55779 2.5525 -16.8209
    endloop
  endfacet
  facet normal -0.723298 -0 -0.690536
    outer loop
      vertex -17.6271 26.9212 -2.0841
      vertex -3.55779 -2.5525 -16.8209
      vertex -17.6271 -26.9212 -2.0841
    endloop
  endfacet
  facet normal -0.940477 0.148871 -0.305517
    outer loop
      vertex -18.1691 26.9212 -1.33808
      vertex -18.454 26.9212 -0.461069
      vertex -18.3116 27.8208 -0.461069
    endloop
  endfacet
  facet normal 0.048876 0.308593 0.949938
    outer loop
      vertex -1.06019 3.82508 17.363
      vertex -1.47368 3.89057 17.363
      vertex -1.33121 2.991 17.6479
    endloop
  endfacet
  facet normal -0.278384 0.141845 0.949938
    outer loop
      vertex -1.8467 2.8235 17.6479
      vertex -2.55621 3.339 17.363
      vertex -1.91219 2.69497 17.6479
    endloop
  endfacet
  facet normal -0.141843 0.278386 0.949938
    outer loop
      vertex -1.88717 3.82508 17.363
      vertex -2.26019 3.63502 17.363
      vertex -1.61616 2.991 17.6479
    endloop
  endfacet
  facet normal 0.26904 -0.528014 0.805493
    outer loop
      vertex -0.687181 -3.63502 17.363
      vertex -1.06019 -3.82508 17.363
      vertex -0.82966 -4.5346 16.8209
    endloop
  endfacet
  facet normal -0.432303 -0.848402 0.305497
    outer loop
      vertex -17.0866 -29.0458 1.33808
      vertex -17.254 -29.2763 0.461069
      vertex -16.4425 -29.6898 0.461069
    endloop
  endfacet
  facet normal -0.141845 0.278384 0.949938
    outer loop
      vertex -1.61616 2.991 17.6479
      vertex -2.26019 3.63502 17.363
      vertex -1.74469 2.92551 17.6479
    endloop
  endfacet
  facet normal -0.585309 0.0927055 0.805493
    outer loop
      vertex -2.74627 2.96598 17.363
      vertex -3.55779 2.5525 16.8209
      vertex -2.81176 2.5525 17.363
    endloop
  endfacet
  facet normal -0.802464 -0.127098 0.583008
    outer loop
      vertex -17.6271 -26.9212 2.0841
      vertex -18.1691 -26.9212 1.33808
      vertex -17.5251 -27.5652 2.0841
    endloop
  endfacet
  facet normal 0.475781 -0.824077 0.307457
    outer loop
      vertex -13.8319 -29.2763 0.461069
      vertex 32.6295 -2.12458 1.33808
      vertex -13.9994 -29.0458 1.33808
    endloop
  endfacet
  facet normal 0.475777 -0.82407 0.307482
    outer loop
      vertex 32.6295 -2.12458 1.33808
      vertex -13.8319 -29.2763 0.461069
      vertex 32.797 -2.35511 0.461069
    endloop
  endfacet
  facet normal 0.405286 -0.701975 0.58564
    outer loop
      vertex -13.9994 -29.0458 1.33808
      vertex 32.3109 -1.68608 2.0841
      vertex -14.3179 -28.6073 2.0841
    endloop
  endfacet
  facet normal 0.405273 -0.701953 0.585676
    outer loop
      vertex 32.3109 -1.68608 2.0841
      vertex -13.9994 -29.0458 1.33808
      vertex 32.6295 -2.12458 1.33808
    endloop
  endfacet
  facet normal 0.368867 -0.723889 -0.583028
    outer loop
      vertex -14.7314 -29.4188 -1.33808
      vertex -14.8989 -28.9033 -2.0841
      vertex -13.9994 -29.0458 -1.33808
    endloop
  endfacet
  facet normal -0.848364 -0.432284 0.305629
    outer loop
      vertex -17.6675 -28.4648 1.33808
      vertex -18.3116 -27.8208 0.461069
      vertex -17.8981 -28.6323 0.461069
    endloop
  endfacet
  facet normal -0.278384 -0.141845 -0.949938
    outer loop
      vertex -1.8467 -2.8235 -17.6479
      vertex -2.55621 -3.339 -17.363
      vertex -1.91219 -2.69497 -17.6479
    endloop
  endfacet
  facet normal 0.048876 0.308593 -0.949938
    outer loop
      vertex -1.33121 2.991 -17.6479
      vertex -1.47368 3.89057 -17.363
      vertex -1.06019 3.82508 -17.363
    endloop
  endfacet
  facet normal 0.802464 -0.127094 0.583008
    outer loop
      vertex 33.17 0 2.0841
      vertex 33.068 -0.644023 2.0841
      vertex 33.712 0 1.33808
    endloop
  endfacet
  facet normal -0.148984 -0.940429 -0.305609
    outer loop
      vertex -15.543 -29.8323 -0.461069
      vertex -16.4425 -29.6898 -0.461069
      vertex -15.543 -29.5473 -1.33808
    endloop
  endfacet
  facet normal 0.527953 0.269062 -0.805525
    outer loop
      vertex 32.3585 0.413488 -2.62612
      vertex 32.1684 0.786502 -2.62612
      vertex 33.068 0.644023 -2.0841
    endloop
  endfacet
  facet normal 0.585267 0.0927113 -0.805523
    outer loop
      vertex 32.424 0 -2.62612
      vertex 32.3585 0.413488 -2.62612
      vertex 33.17 0 -2.0841
    endloop
  endfacet
  facet normal 0.723921 -0.368822 -0.583017
    outer loop
      vertex 33.2105 -1.5436 -1.33808
      vertex 32.772 -1.22501 -2.0841
      vertex 33.068 -0.644023 -2.0841
    endloop
  endfacet
  facet normal 0.723921 -0.368822 0.583017
    outer loop
      vertex 33.068 -0.644023 2.0841
      vertex 32.772 -1.22501 2.0841
      vertex 33.2105 -1.5436 1.33808
    endloop
  endfacet
  facet normal 0.848394 0.43229 0.305537
    outer loop
      vertex 33.441 1.71109 0.461069
      vertex 33.2105 1.5436 1.33808
      vertex 33.8545 0.899573 0.461069
    endloop
  endfacet
  facet normal 0.848399 0.432264 -0.30556
    outer loop
      vertex 33.5835 0.811517 -1.33808
      vertex 33.2105 1.5436 -1.33808
      vertex 33.8545 0.899573 -0.461069
    endloop
  endfacet
  facet normal 0.36165 0.626394 0.690536
    outer loop
      vertex 32.3109 1.68608 2.0841
      vertex -14.3179 28.6073 2.0841
      vertex 4.17237 1.68608 16.8209
    endloop
  endfacet
  facet normal 0.421986 0.41558 0.805742
    outer loop
      vertex 4.63344 1.22501 16.8209
      vertex 27.1516 1.21352 5.03355
      vertex 27.1741 1.22501 5.01584
    endloop
  endfacet
  facet normal 0.422052 0.415266 0.80587
    outer loop
      vertex 4.63344 1.22501 16.8209
      vertex 26.8198 0.881678 5.37832
      vertex 27.1516 1.21352 5.03355
    endloop
  endfacet
  facet normal 0.422059 0.415232 0.805884
    outer loop
      vertex 4.63344 1.22501 16.8209
      vertex 26.7713 0.786502 5.45276
      vertex 26.8198 0.881678 5.37832
    endloop
  endfacet
  facet normal 0.42204 0.41533 0.805843
    outer loop
      vertex 26.7713 0.786502 5.45276
      vertex 4.63344 1.22501 16.8209
      vertex 4.02989 0.786502 17.363
    endloop
  endfacet
  facet normal 0.422078 0.415164 0.805909
    outer loop
      vertex 28.915 1.21352 4.11004
      vertex 32.1684 0.786502 2.62612
      vertex 32.772 1.22501 2.0841
    endloop
  endfacet
  facet normal 0.422065 0.415242 0.805876
    outer loop
      vertex 32.1684 0.786502 2.62612
      vertex 29.2468 0.881678 4.10722
      vertex 29.2953 0.786502 4.13086
    endloop
  endfacet
  facet normal 0.422077 0.415175 0.805904
    outer loop
      vertex 32.1684 0.786502 2.62612
      vertex 28.915 1.21352 4.11004
      vertex 29.2468 0.881678 4.10722
    endloop
  endfacet
  facet normal 0.421616 0.417308 0.805043
    outer loop
      vertex 28.915 1.21352 4.11004
      vertex 32.772 1.22501 2.0841
      vertex 28.8924 1.22501 4.11592
    endloop
  endfacet
  facet normal 0.361648 -0.626394 -0.690537
    outer loop
      vertex 4.17237 -1.68608 -16.8209
      vertex -14.3179 -28.6073 -2.0841
      vertex -0.248678 -4.23857 -16.8209
    endloop
  endfacet
  facet normal 0.432307 -0.848387 -0.305533
    outer loop
      vertex -14.6434 -29.6898 -0.461069
      vertex -14.7314 -29.4188 -1.33808
      vertex -13.9994 -29.0458 -1.33808
    endloop
  endfacet
  facet normal 0.368825 -0.723944 -0.582987
    outer loop
      vertex -13.9994 -29.0458 -1.33808
      vertex -14.8989 -28.9033 -2.0841
      vertex -14.3179 -28.6073 -2.0841
    endloop
  endfacet
  facet normal 0.673281 -0.673304 -0.305541
    outer loop
      vertex 33.441 -1.71109 -0.461069
      vertex 32.6295 -2.12458 -1.33808
      vertex 33.2105 -1.5436 -1.33808
    endloop
  endfacet
  facet normal 0.673296 -0.673275 -0.305569
    outer loop
      vertex 32.6295 -2.12458 -1.33808
      vertex 33.441 -1.71109 -0.461069
      vertex 32.797 -2.35511 -0.461069
    endloop
  endfacet
  facet normal 0.127053 -0.802458 -0.583025
    outer loop
      vertex -14.7314 -29.4188 -1.33808
      vertex -15.543 -29.5473 -1.33808
      vertex -14.8989 -28.9033 -2.0841
    endloop
  endfacet
  facet normal -0.707052 -0.707162 0
    outer loop
      vertex -17.254 -29.2763 -0.461069
      vertex -17.8981 -28.6323 0.461069
      vertex -17.8981 -28.6323 -0.461069
    endloop
  endfacet
  facet normal -0.707052 -0.707162 0
    outer loop
      vertex -17.8981 -28.6323 0.461069
      vertex -17.254 -29.2763 -0.461069
      vertex -17.254 -29.2763 0.461069
    endloop
  endfacet
  facet normal -0.432303 -0.848402 -0.305497
    outer loop
      vertex -16.4425 -29.6898 -0.461069
      vertex -17.254 -29.2763 -0.461069
      vertex -17.0866 -29.0458 -1.33808
    endloop
  endfacet
  facet normal -0.454008 -0.890998 0
    outer loop
      vertex -17.254 -29.2763 -0.461069
      vertex -16.4425 -29.6898 0.461069
      vertex -17.254 -29.2763 0.461069
    endloop
  endfacet
  facet normal -0.454008 -0.890998 -0
    outer loop
      vertex -16.4425 -29.6898 0.461069
      vertex -17.254 -29.2763 -0.461069
      vertex -16.4425 -29.6898 -0.461069
    endloop
  endfacet
  facet normal -0.432259 -0.84841 -0.305536
    outer loop
      vertex -16.4425 -29.6898 -0.461069
      vertex -17.0866 -29.0458 -1.33808
      vertex -16.3545 -29.4188 -1.33808
    endloop
  endfacet
  facet normal -0.0763813 -0.483298 0.872117
    outer loop
      vertex -14.3285 -25.7448 4.12594
      vertex -15.543 -28.2593 2.62612
      vertex -14.0982 -25.7568 4.13946
    endloop
  endfacet
  facet normal -0.0766836 -0.483177 0.872158
    outer loop
      vertex -14.5037 -25.6775 4.14782
      vertex -15.543 -28.2593 2.62612
      vertex -14.3285 -25.7448 4.12594
    endloop
  endfacet
  facet normal -0.0765622 -0.483218 0.872146
    outer loop
      vertex -15.543 -28.2593 2.62612
      vertex -14.5037 -25.6775 4.14782
      vertex -15.9564 -28.1938 2.62612
    endloop
  endfacet
  facet normal -0.0765365 -0.483235 0.872139
    outer loop
      vertex -12.9019 -23.2738 5.62021
      vertex -1.47368 -3.89057 17.363
      vertex -1.88717 -3.82508 17.363
    endloop
  endfacet
  facet normal -0.0766562 -0.483178 0.87216
    outer loop
      vertex -1.47368 -3.89057 17.363
      vertex -12.9019 -23.2738 5.62021
      vertex -12.7763 -23.4673 5.52405
    endloop
  endfacet
  facet normal -0.0763556 -0.483319 0.872108
    outer loop
      vertex -12.9019 -23.2738 5.62021
      vertex -1.88717 -3.82508 17.363
      vertex -13.0477 -23.1558 5.67284
    endloop
  endfacet
  facet normal 0.527956 -0.268982 0.805551
    outer loop
      vertex 33.068 -0.644023 2.0841
      vertex 32.1684 -0.786502 2.62612
      vertex 32.772 -1.22501 2.0841
    endloop
  endfacet
  facet normal 0.278385 -0.141845 0.949938
    outer loop
      vertex 3.38587 -0.142478 17.6479
      vertex 3.32038 -0.271009 17.6479
      vertex 4.02989 -0.786502 17.363
    endloop
  endfacet
  facet normal 0.308594 0.0488845 -0.949937
    outer loop
      vertex 3.40844 0 -17.6479
      vertex 3.38587 0.142478 -17.6479
      vertex 4.28544 0 -17.363
    endloop
  endfacet
  facet normal -0.141845 -0.278384 -0.949938
    outer loop
      vertex -1.61616 -2.991 -17.6479
      vertex -2.26019 -3.63502 -17.363
      vertex -1.74469 -2.92551 -17.6479
    endloop
  endfacet
  facet normal -0.141843 -0.278386 -0.949938
    outer loop
      vertex -1.88717 -3.82508 -17.363
      vertex -2.26019 -3.63502 -17.363
      vertex -1.61616 -2.991 -17.6479
    endloop
  endfacet
  facet normal 0.141845 0.278384 -0.949938
    outer loop
      vertex -0.687181 3.63502 -17.363
      vertex -1.33121 2.991 -17.6479
      vertex -1.06019 3.82508 -17.363
    endloop
  endfacet
  facet normal -0.631791 -0.100073 -0.768652
    outer loop
      vertex -14.9611 -23.1244 -4.76968
      vertex -3.55779 -2.5525 -16.8209
      vertex -3.45578 -3.19652 -16.8209
    endloop
  endfacet
  facet normal -0.631937 -0.0999317 -0.76855
    outer loop
      vertex -15.0203 -23.1628 -4.71601
      vertex -3.55779 -2.5525 -16.8209
      vertex -14.9611 -23.1244 -4.76968
    endloop
  endfacet
  facet normal -0.631556 -0.1003 -0.768815
    outer loop
      vertex -15.3157 -23.5275 -4.42577
      vertex -3.55779 -2.5525 -16.8209
      vertex -15.0203 -23.1628 -4.71601
    endloop
  endfacet
  facet normal -0.631799 -0.100068 -0.768646
    outer loop
      vertex -17.6271 -26.9212 -2.0841
      vertex -15.4876 -24.0362 -4.21828
      vertex -17.5251 -27.5652 -2.0841
    endloop
  endfacet
  facet normal -0.631896 -0.0999485 -0.768582
    outer loop
      vertex -15.4876 -24.0362 -4.21828
      vertex -17.6271 -26.9212 -2.0841
      vertex -15.4839 -23.9657 -4.23049
    endloop
  endfacet
  facet normal -0.631783 -0.100079 -0.768657
    outer loop
      vertex -15.3157 -23.5275 -4.42577
      vertex -17.6271 -26.9212 -2.0841
      vertex -3.55779 -2.5525 -16.8209
    endloop
  endfacet
  facet normal -0.631868 -0.0999819 -0.7686
    outer loop
      vertex -15.4839 -23.9657 -4.23049
      vertex -17.6271 -26.9212 -2.0841
      vertex -15.3157 -23.5275 -4.42577
    endloop
  endfacet
  facet normal -0.940404 -0.149028 -0.305666
    outer loop
      vertex -18.0405 -27.7327 -1.33808
      vertex -18.3116 -27.8208 -0.461069
      vertex -18.1691 -26.9212 -1.33808
    endloop
  endfacet
  facet normal 0.475777 0.82407 0.307482
    outer loop
      vertex -13.8319 29.2763 0.461069
      vertex 32.6295 2.12458 1.33808
      vertex 32.797 2.35511 0.461069
    endloop
  endfacet
  facet normal 0.475781 0.824077 0.307457
    outer loop
      vertex 32.6295 2.12458 1.33808
      vertex -13.8319 29.2763 0.461069
      vertex -13.9994 29.0458 1.33808
    endloop
  endfacet
  facet normal 0.585262 0.0926935 -0.805529
    outer loop
      vertex 33.17 0 -2.0841
      vertex 32.3585 0.413488 -2.62612
      vertex 33.068 0.644023 -2.0841
    endloop
  endfacet
  facet normal -0.127098 0.802464 -0.583008
    outer loop
      vertex -15.543 29.0053 -2.0841
      vertex -16.187 28.9033 -2.0841
      vertex -15.543 29.5473 -1.33808
    endloop
  endfacet
  facet normal -0.30896 0 -0.951075
    outer loop
      vertex -2.81176 -2.5525 -17.363
      vertex -1.93475 -1.55725 -17.6479
      vertex -1.93475 -2.5525 -17.6479
    endloop
  endfacet
  facet normal -0.308862 -9.59754e-05 -0.951107
    outer loop
      vertex -1.93475 -1.55725 -17.6479
      vertex -2.81176 -2.5525 -17.363
      vertex -2.02254 -1.46946 -17.6194
    endloop
  endfacet
  facet normal -0.308794 -3.12864e-05 -0.951129
    outer loop
      vertex -2.37764 -0.772542 -17.504
      vertex -2.81176 -2.5525 -17.363
      vertex -2.5 0 -17.4643
    endloop
  endfacet
  facet normal -0.309017 2.88469e-05 -0.951057
    outer loop
      vertex -2.02254 -1.46946 -17.6194
      vertex -2.81176 -2.5525 -17.363
      vertex -2.37764 -0.772542 -17.504
    endloop
  endfacet
  facet normal -0.308862 9.59754e-05 -0.951107
    outer loop
      vertex -2.81176 2.5525 -17.363
      vertex -1.93475 1.55725 -17.6479
      vertex -2.02254 1.46946 -17.6194
    endloop
  endfacet
  facet normal -0.309017 -2.88469e-05 -0.951057
    outer loop
      vertex -2.81176 2.5525 -17.363
      vertex -2.02254 1.46946 -17.6194
      vertex -2.37764 0.772542 -17.504
    endloop
  endfacet
  facet normal -0.30896 0 -0.951075
    outer loop
      vertex -1.93475 1.55725 -17.6479
      vertex -2.81176 2.5525 -17.363
      vertex -1.93475 2.5525 -17.6479
    endloop
  endfacet
  facet normal -0.308794 3.12864e-05 -0.951129
    outer loop
      vertex -2.5 0 -17.4643
      vertex -2.81176 2.5525 -17.363
      vertex -2.37764 0.772542 -17.504
    endloop
  endfacet
  facet normal -0.309025 -0 -0.951054
    outer loop
      vertex -2.81176 2.5525 -17.363
      vertex -2.5 0 -17.4643
      vertex -2.81176 -2.5525 -17.363
    endloop
  endfacet
  facet normal -0.141845 0.278384 -0.949938
    outer loop
      vertex -1.74469 2.92551 -17.6479
      vertex -2.26019 3.63502 -17.363
      vertex -1.61616 2.991 -17.6479
    endloop
  endfacet
  facet normal 0.527953 -0.269062 -0.805525
    outer loop
      vertex 33.068 -0.644023 -2.0841
      vertex 32.1684 -0.786502 -2.62612
      vertex 32.3585 -0.413488 -2.62612
    endloop
  endfacet
  facet normal -0.585309 0.0927055 -0.805493
    outer loop
      vertex -2.81176 2.5525 -17.363
      vertex -3.55779 2.5525 -16.8209
      vertex -2.74627 2.96598 -17.363
    endloop
  endfacet
  facet normal -0.58531 0.0927106 -0.805492
    outer loop
      vertex -2.74627 2.96598 -17.363
      vertex -3.55779 2.5525 -16.8209
      vertex -3.45578 3.19652 -16.8209
    endloop
  endfacet
  facet normal -0.471979 0.240443 0.848188
    outer loop
      vertex -14.1734 22.7857 5.38585
      vertex -2.55621 3.339 17.363
      vertex -13.7952 22.8056 5.59066
    endloop
  endfacet
  facet normal -0.471949 0.240466 0.848198
    outer loop
      vertex -2.55621 3.339 17.363
      vertex -14.1734 22.7857 5.38585
      vertex -2.74627 2.96598 17.363
    endloop
  endfacet
  facet normal -0.470096 0.241909 0.848817
    outer loop
      vertex -2.74627 2.96598 17.363
      vertex -14.1734 22.7857 5.38585
      vertex -14.1921 22.7908 5.37404
    endloop
  endfacet
  facet normal -0.471991 0.240424 0.848187
    outer loop
      vertex -16.8155 27.3347 2.62612
      vertex -15.1807 25.2052 4.13946
      vertex -16.6255 27.7077 2.62612
    endloop
  endfacet
  facet normal -0.471903 0.24051 0.848211
    outer loop
      vertex -15.1807 25.2052 4.13946
      vertex -16.8155 27.3347 2.62612
      vertex -15.387 24.8876 4.11474
    endloop
  endfacet
  facet normal -0.471102 0.241139 0.848478
    outer loop
      vertex -15.387 24.8876 4.11474
      vertex -16.8155 27.3347 2.62612
      vertex -15.392 24.869 4.11725
    endloop
  endfacet
  facet normal -0.848364 0.432284 0.305629
    outer loop
      vertex -17.8981 28.6323 0.461069
      vertex -18.3116 27.8208 0.461069
      vertex -17.6675 28.4648 1.33808
    endloop
  endfacet
  facet normal -0.940477 0.148871 0.305517
    outer loop
      vertex -18.3116 27.8208 0.461069
      vertex -18.454 26.9212 0.461069
      vertex -18.1691 26.9212 1.33808
    endloop
  endfacet
  facet normal -0.723949 -0.368847 0.582967
    outer loop
      vertex -17.5251 -27.5652 2.0841
      vertex -18.0405 -27.7327 1.33808
      vertex -17.6675 -28.4648 1.33808
    endloop
  endfacet
  facet normal -0.951075 0 -0.30896
    outer loop
      vertex -18.1691 -26.9212 -1.33808
      vertex -18.454 26.9212 -0.461069
      vertex -18.1691 26.9212 -1.33808
    endloop
  endfacet
  facet normal -0.951075 -0 -0.30896
    outer loop
      vertex -18.454 26.9212 -0.461069
      vertex -18.1691 -26.9212 -1.33808
      vertex -18.454 -26.9212 -0.461069
    endloop
  endfacet
  facet normal -0.308591 0.0488651 0.949939
    outer loop
      vertex -1.91219 2.69497 17.6479
      vertex -2.81176 2.5525 17.363
      vertex -1.93475 2.5525 17.6479
    endloop
  endfacet
  facet normal 0.141838 0.278391 0.949937
    outer loop
      vertex -0.687181 3.63502 17.363
      vertex -1.33121 2.991 17.6479
      vertex -1.20267 2.92551 17.6479
    endloop
  endfacet
  facet normal 0.419034 0.419034 0.805494
    outer loop
      vertex 4.17237 1.68608 16.8209
      vertex 4.02989 0.786502 17.363
      vertex 4.63344 1.22501 16.8209
    endloop
  endfacet
  facet normal 0.419043 0.419031 0.805491
    outer loop
      vertex 4.02989 0.786502 17.363
      vertex 4.17237 1.68608 16.8209
      vertex 3.73387 1.08253 17.363
    endloop
  endfacet
  facet normal 0.361648 0.626394 0.690537
    outer loop
      vertex 4.17237 1.68608 16.8209
      vertex -14.3179 28.6073 2.0841
      vertex -0.248678 4.23857 16.8209
    endloop
  endfacet
  facet normal 0.141845 0.278384 0.949938
    outer loop
      vertex -1.06019 3.82508 17.363
      vertex -1.33121 2.991 17.6479
      vertex -0.687181 3.63502 17.363
    endloop
  endfacet
  facet normal 0.22093 -0.220924 0.949938
    outer loop
      vertex 3.32038 -0.271009 17.6479
      vertex 3.73387 -1.08253 17.363
      vertex 4.02989 -0.786502 17.363
    endloop
  endfacet
  facet normal 0.220932 -0.220923 0.949938
    outer loop
      vertex 3.73387 -1.08253 17.363
      vertex 3.32038 -0.271009 17.6479
      vertex 3.21838 -0.373013 17.6479
    endloop
  endfacet
  facet normal -0.220927 -0.220927 0.949938
    outer loop
      vertex -1.8467 -2.8235 17.6479
      vertex -2.26019 -3.63502 17.363
      vertex -1.74469 -2.92551 17.6479
    endloop
  endfacet
  facet normal -0.220927 -0.220927 0.949938
    outer loop
      vertex -2.26019 -3.63502 17.363
      vertex -1.8467 -2.8235 17.6479
      vertex -2.55621 -3.339 17.363
    endloop
  endfacet
  facet normal 0.155249 0.2689 0.950574
    outer loop
      vertex 3.73387 1.08253 17.363
      vertex 2.31565 0.894201 17.6479
      vertex 3.21838 0.373013 17.6479
    endloop
  endfacet
  facet normal 0.155238 0.268959 0.950559
    outer loop
      vertex 3.73387 1.08253 17.363
      vertex 2.02254 1.46946 17.533
      vertex 2.31565 0.894201 17.6479
    endloop
  endfacet
  facet normal 0.155211 0.26882 0.950603
    outer loop
      vertex 3.73387 1.08253 17.363
      vertex 1.46946 2.02254 17.4669
      vertex 2.02254 1.46946 17.533
    endloop
  endfacet
  facet normal 0.155229 0.268864 0.950587
    outer loop
      vertex -0.687181 3.63502 17.363
      vertex 1.46946 2.02254 17.4669
      vertex 3.73387 1.08253 17.363
    endloop
  endfacet
  facet normal 0.155353 0.269026 0.950521
    outer loop
      vertex 1.46946 2.02254 17.4669
      vertex -0.687181 3.63502 17.363
      vertex 0.772542 2.37764 17.4803
    endloop
  endfacet
  facet normal 0.155308 0.268976 0.950543
    outer loop
      vertex -0.687181 3.63502 17.363
      vertex 0 2.5 17.5719
      vertex 0.772542 2.37764 17.4803
    endloop
  endfacet
  facet normal 0.155117 0.268871 0.950604
    outer loop
      vertex -0.687181 3.63502 17.363
      vertex -0.365426 2.44212 17.6479
      vertex 0 2.5 17.5719
    endloop
  endfacet
  facet normal 0.155252 0.2689 0.950573
    outer loop
      vertex -0.365426 2.44212 17.6479
      vertex -0.687181 3.63502 17.363
      vertex -1.20267 2.92551 17.6479
    endloop
  endfacet
  facet normal -0.210853 -0.413828 0.8856
    outer loop
      vertex -13.2666 -22.9785 5.70355
      vertex -1.88717 -3.82508 17.363
      vertex -2.26019 -3.63502 17.363
    endloop
  endfacet
  facet normal -0.210913 -0.413794 0.885602
    outer loop
      vertex -1.88717 -3.82508 17.363
      vertex -13.2666 -22.9785 5.70355
      vertex -13.0477 -23.1558 5.67284
    endloop
  endfacet
  facet normal -0.210977 -0.413759 0.885603
    outer loop
      vertex -13.2666 -22.9785 5.70355
      vertex -2.26019 -3.63502 17.363
      vertex -13.3988 -22.9277 5.69579
    endloop
  endfacet
  facet normal -0.210839 -0.413835 0.8856
    outer loop
      vertex -14.7666 -25.5766 4.13238
      vertex -15.9564 -28.1938 2.62612
      vertex -14.5037 -25.6775 4.14782
    endloop
  endfacet
  facet normal -0.210753 -0.413889 0.885595
    outer loop
      vertex -16.3295 -28.0037 2.62612
      vertex -14.7666 -25.5766 4.13238
      vertex -14.8767 -25.4875 4.14782
    endloop
  endfacet
  facet normal -0.210852 -0.413829 0.8856
    outer loop
      vertex -14.7666 -25.5766 4.13238
      vertex -16.3295 -28.0037 2.62612
      vertex -15.9564 -28.1938 2.62612
    endloop
  endfacet
  facet normal 0.451486 0.230218 0.862067
    outer loop
      vertex 26.6067 0.463525 5.62513
      vertex 4.21995 0.413488 17.363
      vertex 26.5988 0.413488 5.64263
    endloop
  endfacet
  facet normal 0.451511 0.229997 0.862113
    outer loop
      vertex 26.7713 0.786502 5.45276
      vertex 4.21995 0.413488 17.363
      vertex 26.6067 0.463525 5.62513
    endloop
  endfacet
  facet normal 0.451504 0.230053 0.862102
    outer loop
      vertex 4.21995 0.413488 17.363
      vertex 26.7713 0.786502 5.45276
      vertex 4.02989 0.786502 17.363
    endloop
  endfacet
  facet normal 0.451501 0.2301 0.862091
    outer loop
      vertex 32.1684 0.786502 2.62612
      vertex 29.4678 0.413488 4.14006
      vertex 32.3585 0.413488 2.62612
    endloop
  endfacet
  facet normal 0.451565 0.22981 0.862135
    outer loop
      vertex 32.1684 0.786502 2.62612
      vertex 29.4599 0.463525 4.13086
      vertex 29.4678 0.413488 4.14006
    endloop
  endfacet
  facet normal 0.451505 0.230102 0.862088
    outer loop
      vertex 29.4599 0.463525 4.13086
      vertex 32.1684 0.786502 2.62612
      vertex 29.2953 0.786502 4.13086
    endloop
  endfacet
  facet normal -0.30896 0 0.951075
    outer loop
      vertex -2.81176 2.5525 17.363
      vertex -1.93475 1.55725 17.6479
      vertex -1.93475 2.5525 17.6479
    endloop
  endfacet
  facet normal -0.308862 9.59754e-05 0.951107
    outer loop
      vertex -1.93475 1.55725 17.6479
      vertex -2.81176 2.5525 17.363
      vertex -2.02254 1.46946 17.6194
    endloop
  endfacet
  facet normal -0.308794 3.12864e-05 0.951129
    outer loop
      vertex -2.37764 0.772542 17.504
      vertex -2.81176 2.5525 17.363
      vertex -2.5 0 17.4643
    endloop
  endfacet
  facet normal -0.309017 -2.88469e-05 0.951057
    outer loop
      vertex -2.02254 1.46946 17.6194
      vertex -2.81176 2.5525 17.363
      vertex -2.37764 0.772542 17.504
    endloop
  endfacet
  facet normal -0.308862 -9.59754e-05 0.951107
    outer loop
      vertex -2.81176 -2.5525 17.363
      vertex -1.93475 -1.55725 17.6479
      vertex -2.02254 -1.46946 17.6194
    endloop
  endfacet
  facet normal -0.309017 2.88469e-05 0.951057
    outer loop
      vertex -2.81176 -2.5525 17.363
      vertex -2.02254 -1.46946 17.6194
      vertex -2.37764 -0.772542 17.504
    endloop
  endfacet
  facet normal -0.30896 0 0.951075
    outer loop
      vertex -1.93475 -1.55725 17.6479
      vertex -2.81176 -2.5525 17.363
      vertex -1.93475 -2.5525 17.6479
    endloop
  endfacet
  facet normal -0.308794 -3.12864e-05 0.951129
    outer loop
      vertex -2.5 0 17.4643
      vertex -2.81176 -2.5525 17.363
      vertex -2.37764 -0.772542 17.504
    endloop
  endfacet
  facet normal -0.309025 0 0.951054
    outer loop
      vertex -2.81176 -2.5525 17.363
      vertex -2.5 0 17.4643
      vertex -2.81176 2.5525 17.363
    endloop
  endfacet
  facet normal 0.278386 0.141845 0.949938
    outer loop
      vertex 4.02989 0.786502 17.363
      vertex 3.38587 0.142478 17.6479
      vertex 4.21995 0.413488 17.363
    endloop
  endfacet
  facet normal -0.308593 0.0488772 0.949938
    outer loop
      vertex -2.74627 2.96598 17.363
      vertex -2.81176 2.5525 17.363
      vertex -1.91219 2.69497 17.6479
    endloop
  endfacet
  facet normal -0.723867 -0.368911 0.583028
    outer loop
      vertex -17.5251 -27.5652 2.0841
      vertex -17.6675 -28.4648 1.33808
      vertex -17.229 -28.1462 2.0841
    endloop
  endfacet
  facet normal -0.527957 -0.269067 0.805521
    outer loop
      vertex -16.6255 -27.7077 2.62612
      vertex -17.5251 -27.5652 2.0841
      vertex -17.229 -28.1462 2.0841
    endloop
  endfacet
  facet normal -0.58784 0 0.808977
    outer loop
      vertex -3.55779 2.5525 16.8209
      vertex -2.81176 -2.5525 17.363
      vertex -2.81176 2.5525 17.363
    endloop
  endfacet
  facet normal -0.58784 0 0.808977
    outer loop
      vertex -2.81176 -2.5525 17.363
      vertex -3.55779 2.5525 16.8209
      vertex -3.55779 -2.5525 16.8209
    endloop
  endfacet
  facet normal -0.585309 -0.0927055 0.805493
    outer loop
      vertex -2.81176 -2.5525 17.363
      vertex -3.55779 -2.5525 16.8209
      vertex -2.74627 -2.96598 17.363
    endloop
  endfacet
  facet normal -0.565045 -0.162901 0.808818
    outer loop
      vertex -3.45578 -3.19652 16.8209
      vertex -14.1921 -22.7908 5.37404
      vertex -2.74627 -2.96598 17.363
    endloop
  endfacet
  facet normal -0.565033 -0.162911 0.808825
    outer loop
      vertex -3.45578 -3.19652 16.8209
      vertex -14.6267 -22.9072 5.04699
      vertex -14.1921 -22.7908 5.37404
    endloop
  endfacet
  facet normal -0.564908 -0.163021 0.80889
    outer loop
      vertex -14.6267 -22.9072 5.04699
      vertex -3.45578 -3.19652 16.8209
      vertex -14.9611 -23.1244 4.76968
    endloop
  endfacet
  facet normal -0.564794 -0.163126 0.808948
    outer loop
      vertex -17.5251 -27.5652 2.0841
      vertex -15.5084 -24.4343 4.12348
      vertex -15.4876 -24.0362 4.21828
    endloop
  endfacet
  facet normal -0.56491 -0.163014 0.80889
    outer loop
      vertex -15.5084 -24.4343 4.12348
      vertex -17.5251 -27.5652 2.0841
      vertex -16.8155 -27.3347 2.62612
    endloop
  endfacet
  facet normal -0.565066 -0.1629 0.808804
    outer loop
      vertex -15.392 -24.869 4.11725
      vertex -15.5084 -24.4343 4.12348
      vertex -16.8155 -27.3347 2.62612
    endloop
  endfacet
  facet normal 0.432297 -0.848389 0.305542
    outer loop
      vertex -13.9994 -29.0458 1.33808
      vertex -14.6434 -29.6898 0.461069
      vertex -13.8319 -29.2763 0.461069
    endloop
  endfacet
  facet normal 0.127079 -0.802466 0.583009
    outer loop
      vertex -15.543 -29.0053 2.0841
      vertex -15.543 -29.5473 1.33808
      vertex -14.8989 -28.9033 2.0841
    endloop
  endfacet
  facet normal 0.361648 -0.626394 0.690537
    outer loop
      vertex -0.248678 -4.23857 16.8209
      vertex -14.3179 -28.6073 2.0841
      vertex 4.17237 -1.68608 16.8209
    endloop
  endfacet
  facet normal -0.890998 -0.454008 0
    outer loop
      vertex -17.8981 -28.6323 -0.461069
      vertex -18.3116 -27.8208 0.461069
      vertex -18.3116 -27.8208 -0.461069
    endloop
  endfacet
  facet normal -0.890998 -0.454008 0
    outer loop
      vertex -18.3116 -27.8208 0.461069
      vertex -17.8981 -28.6323 -0.461069
      vertex -17.8981 -28.6323 0.461069
    endloop
  endfacet
  facet normal 0.451486 0.230218 -0.862067
    outer loop
      vertex 4.21995 0.413488 -17.363
      vertex 26.6067 0.463525 -5.62513
      vertex 26.5988 0.413488 -5.64263
    endloop
  endfacet
  facet normal 0.451511 0.229997 -0.862113
    outer loop
      vertex 4.21995 0.413488 -17.363
      vertex 26.7713 0.786502 -5.45276
      vertex 26.6067 0.463525 -5.62513
    endloop
  endfacet
  facet normal 0.451504 0.230053 -0.862102
    outer loop
      vertex 26.7713 0.786502 -5.45276
      vertex 4.21995 0.413488 -17.363
      vertex 4.02989 0.786502 -17.363
    endloop
  endfacet
  facet normal 0.451501 0.2301 -0.862091
    outer loop
      vertex 29.4678 0.413488 -4.14006
      vertex 32.1684 0.786502 -2.62612
      vertex 32.3585 0.413488 -2.62612
    endloop
  endfacet
  facet normal 0.451565 0.22981 -0.862135
    outer loop
      vertex 29.4599 0.463525 -4.13086
      vertex 32.1684 0.786502 -2.62612
      vertex 29.4678 0.413488 -4.14006
    endloop
  endfacet
  facet normal 0.451505 0.230102 -0.862088
    outer loop
      vertex 32.1684 0.786502 -2.62612
      vertex 29.4599 0.463525 -4.13086
      vertex 29.2953 0.786502 -4.13086
    endloop
  endfacet
  facet normal 0.0488651 0.308591 -0.949939
    outer loop
      vertex -1.33121 2.991 -17.6479
      vertex -1.47368 3.01356 -17.6479
      vertex -1.47368 3.89057 -17.363
    endloop
  endfacet
  facet normal 0 0 -1
    outer loop
      vertex -1.20267 -2.92551 -17.6479
      vertex -0.772542 -2.37764 -17.6479
      vertex -0.365426 -2.44212 -17.6479
    endloop
  endfacet
  facet normal 0 0 -1
    outer loop
      vertex -1.93475 -2.5525 -17.6479
      vertex -1.20267 -2.92551 -17.6479
      vertex -1.33121 -2.991 -17.6479
    endloop
  endfacet
  facet normal 0 0 -1
    outer loop
      vertex -1.20267 -2.92551 -17.6479
      vertex -1.46946 -2.02254 -17.6479
      vertex -0.772542 -2.37764 -17.6479
    endloop
  endfacet
  facet normal 0 0 -1
    outer loop
      vertex -1.93475 -2.5525 -17.6479
      vertex -1.33121 -2.991 -17.6479
      vertex -1.47368 -3.01356 -17.6479
    endloop
  endfacet
  facet normal 0 0 -1
    outer loop
      vertex -1.93475 -2.5525 -17.6479
      vertex -1.47368 -3.01356 -17.6479
      vertex -1.61616 -2.991 -17.6479
    endloop
  endfacet
  facet normal 0 0 -1
    outer loop
      vertex -1.93475 -2.5525 -17.6479
      vertex -1.61616 -2.991 -17.6479
      vertex -1.74469 -2.92551 -17.6479
    endloop
  endfacet
  facet normal 0 0 -1
    outer loop
      vertex -1.93475 -2.5525 -17.6479
      vertex -1.74469 -2.92551 -17.6479
      vertex -1.8467 -2.8235 -17.6479
    endloop
  endfacet
  facet normal 0 0 -1
    outer loop
      vertex -1.93475 -2.5525 -17.6479
      vertex -1.8467 -2.8235 -17.6479
      vertex -1.91219 -2.69497 -17.6479
    endloop
  endfacet
  facet normal 0 0 -1
    outer loop
      vertex -1.20267 -2.92551 -17.6479
      vertex -1.93475 -2.5525 -17.6479
      vertex -1.46946 -2.02254 -17.6479
    endloop
  endfacet
  facet normal -0 0 -1
    outer loop
      vertex -1.46946 -2.02254 -17.6479
      vertex -1.93475 -2.5525 -17.6479
      vertex -1.93475 -1.55725 -17.6479
    endloop
  endfacet
  facet normal 0 0 -1
    outer loop
      vertex 3.38587 -0.142478 -17.6479
      vertex 3.38587 0.142478 -17.6479
      vertex 3.40844 0 -17.6479
    endloop
  endfacet
  facet normal 0 0 -1
    outer loop
      vertex 3.32038 -0.271009 -17.6479
      vertex 3.38587 0.142478 -17.6479
      vertex 3.38587 -0.142478 -17.6479
    endloop
  endfacet
  facet normal 0 0 -1
    outer loop
      vertex 3.32038 -0.271009 -17.6479
      vertex 3.32038 0.271009 -17.6479
      vertex 3.38587 0.142478 -17.6479
    endloop
  endfacet
  facet normal 0 0 -1
    outer loop
      vertex 2.5 0 -17.6479
      vertex 3.32038 -0.271009 -17.6479
      vertex 3.21838 -0.373013 -17.6479
    endloop
  endfacet
  facet normal 0 0 -1
    outer loop
      vertex 3.32038 -0.271009 -17.6479
      vertex 2.5 0 -17.6479
      vertex 3.32038 0.271009 -17.6479
    endloop
  endfacet
  facet normal -0 0 -1
    outer loop
      vertex 3.32038 0.271009 -17.6479
      vertex 2.5 0 -17.6479
      vertex 3.21838 0.373013 -17.6479
    endloop
  endfacet
  facet normal -0 0 -1
    outer loop
      vertex 3.21838 -0.373013 -17.6479
      vertex 2.37764 -0.772542 -17.6479
      vertex 2.5 0 -17.6479
    endloop
  endfacet
  facet normal 0 -0 -1
    outer loop
      vertex 2.37764 -0.772542 -17.6479
      vertex 3.21838 -0.373013 -17.6479
      vertex 2.31565 -0.894201 -17.6479
    endloop
  endfacet
  facet normal 0 0 -1
    outer loop
      vertex 2.37764 0.772542 -17.6479
      vertex 3.21838 0.373013 -17.6479
      vertex 2.5 0 -17.6479
    endloop
  endfacet
  facet normal 0 0 -1
    outer loop
      vertex 3.21838 0.373013 -17.6479
      vertex 2.37764 0.772542 -17.6479
      vertex 2.31565 0.894201 -17.6479
    endloop
  endfacet
  facet normal 0 0 -1
    outer loop
      vertex -0.772542 2.37764 -17.6479
      vertex -1.20267 2.92551 -17.6479
      vertex -0.365426 2.44212 -17.6479
    endloop
  endfacet
  facet normal 0 0 -1
    outer loop
      vertex -1.46946 2.02254 -17.6479
      vertex -1.20267 2.92551 -17.6479
      vertex -0.772542 2.37764 -17.6479
    endloop
  endfacet
  facet normal 0 0 -1
    outer loop
      vertex -1.93475 2.5525 -17.6479
      vertex -1.20267 2.92551 -17.6479
      vertex -1.46946 2.02254 -17.6479
    endloop
  endfacet
  facet normal -0 0 -1
    outer loop
      vertex -1.20267 2.92551 -17.6479
      vertex -1.93475 2.5525 -17.6479
      vertex -1.33121 2.991 -17.6479
    endloop
  endfacet
  facet normal -0 0 -1
    outer loop
      vertex -1.33121 2.991 -17.6479
      vertex -1.93475 2.5525 -17.6479
      vertex -1.47368 3.01356 -17.6479
    endloop
  endfacet
  facet normal 0 0 -1
    outer loop
      vertex -1.47368 3.01356 -17.6479
      vertex -1.93475 2.5525 -17.6479
      vertex -1.61616 2.991 -17.6479
    endloop
  endfacet
  facet normal 0 0 -1
    outer loop
      vertex -1.61616 2.991 -17.6479
      vertex -1.93475 2.5525 -17.6479
      vertex -1.74469 2.92551 -17.6479
    endloop
  endfacet
  facet normal 0 0 -1
    outer loop
      vertex -1.74469 2.92551 -17.6479
      vertex -1.93475 2.5525 -17.6479
      vertex -1.8467 2.8235 -17.6479
    endloop
  endfacet
  facet normal 0 0 -1
    outer loop
      vertex -1.93475 2.5525 -17.6479
      vertex -1.46946 2.02254 -17.6479
      vertex -1.93475 1.55725 -17.6479
    endloop
  endfacet
  facet normal 0 0 -1
    outer loop
      vertex -1.8467 2.8235 -17.6479
      vertex -1.93475 2.5525 -17.6479
      vertex -1.91219 2.69497 -17.6479
    endloop
  endfacet
  facet normal 0.421986 -0.41558 -0.805742
    outer loop
      vertex 4.63344 -1.22501 -16.8209
      vertex 27.1516 -1.21352 -5.03355
      vertex 27.1741 -1.22501 -5.01584
    endloop
  endfacet
  facet normal 0.422052 -0.415266 -0.80587
    outer loop
      vertex 4.63344 -1.22501 -16.8209
      vertex 26.8198 -0.881678 -5.37832
      vertex 27.1516 -1.21352 -5.03355
    endloop
  endfacet
  facet normal 0.422059 -0.415232 -0.805884
    outer loop
      vertex 4.63344 -1.22501 -16.8209
      vertex 26.7713 -0.786502 -5.45276
      vertex 26.8198 -0.881678 -5.37832
    endloop
  endfacet
  facet normal 0.42204 -0.41533 -0.805843
    outer loop
      vertex 26.7713 -0.786502 -5.45276
      vertex 4.63344 -1.22501 -16.8209
      vertex 4.02989 -0.786502 -17.363
    endloop
  endfacet
  facet normal 0.422078 -0.415164 -0.805909
    outer loop
      vertex 28.915 -1.21352 -4.11004
      vertex 32.1684 -0.786502 -2.62612
      vertex 32.772 -1.22501 -2.0841
    endloop
  endfacet
  facet normal 0.422065 -0.415242 -0.805876
    outer loop
      vertex 32.1684 -0.786502 -2.62612
      vertex 29.2468 -0.881678 -4.10722
      vertex 29.2953 -0.786502 -4.13086
    endloop
  endfacet
  facet normal 0.422077 -0.415175 -0.805904
    outer loop
      vertex 32.1684 -0.786502 -2.62612
      vertex 28.915 -1.21352 -4.11004
      vertex 29.2468 -0.881678 -4.10722
    endloop
  endfacet
  facet normal 0.421616 -0.417308 -0.805043
    outer loop
      vertex 28.915 -1.21352 -4.11004
      vertex 32.772 -1.22501 -2.0841
      vertex 28.8924 -1.22501 -4.11592
    endloop
  endfacet
  facet normal 0.141838 -0.278391 -0.949937
    outer loop
      vertex -0.687181 -3.63502 -17.363
      vertex -1.33121 -2.991 -17.6479
      vertex -1.20267 -2.92551 -17.6479
    endloop
  endfacet
  facet normal 0.294977 -0.510916 -0.807436
    outer loop
      vertex -0.248678 -4.23857 -16.8209
      vertex 3.73387 -1.08253 -17.363
      vertex 4.17237 -1.68608 -16.8209
    endloop
  endfacet
  facet normal 0.294977 -0.510916 -0.807437
    outer loop
      vertex 3.73387 -1.08253 -17.363
      vertex -0.248678 -4.23857 -16.8209
      vertex -0.687181 -3.63502 -17.363
    endloop
  endfacet
  facet normal 0.420851 -0.420879 -0.803583
    outer loop
      vertex 32.3109 -1.68608 -2.0841
      vertex 28.8924 -1.22501 -4.11592
      vertex 32.772 -1.22501 -2.0841
    endloop
  endfacet
  facet normal 0.420869 -0.420826 -0.803601
    outer loop
      vertex 32.3109 -1.68608 -2.0841
      vertex 28.4968 -1.42658 -4.21755
      vertex 28.8924 -1.22501 -4.11592
    endloop
  endfacet
  facet normal 0.420887 -0.420764 -0.803624
    outer loop
      vertex 32.3109 -1.68608 -2.0841
      vertex 28.0333 -1.5 -4.42186
      vertex 28.4968 -1.42658 -4.21755
    endloop
  endfacet
  facet normal 0.420879 -0.420752 -0.803635
    outer loop
      vertex 4.17237 -1.68608 -16.8209
      vertex 27.1741 -1.22501 -5.01584
      vertex 27.5698 -1.42658 -4.70307
    endloop
  endfacet
  facet normal 0.420834 -0.420971 -0.803543
    outer loop
      vertex 4.17237 -1.68608 -16.8209
      vertex 27.5698 -1.42658 -4.70307
      vertex 28.0333 -1.5 -4.42186
    endloop
  endfacet
  facet normal 0.420838 -0.420956 -0.80355
    outer loop
      vertex 4.17237 -1.68608 -16.8209
      vertex 28.0333 -1.5 -4.42186
      vertex 32.3109 -1.68608 -2.0841
    endloop
  endfacet
  facet normal 0.420858 -0.420858 -0.80359
    outer loop
      vertex 27.1741 -1.22501 -5.01584
      vertex 4.17237 -1.68608 -16.8209
      vertex 4.63344 -1.22501 -16.8209
    endloop
  endfacet
  facet normal 0.5 0.866026 -0
    outer loop
      vertex 32.797 2.35511 -0.461069
      vertex -13.8319 29.2763 0.461069
      vertex 32.797 2.35511 0.461069
    endloop
  endfacet
  facet normal 0.5 0.866026 0
    outer loop
      vertex -13.8319 29.2763 0.461069
      vertex 32.797 2.35511 -0.461069
      vertex -13.8319 29.2763 -0.461069
    endloop
  endfacet
  facet normal 0.802464 0.127094 -0.583008
    outer loop
      vertex 33.17 0 -2.0841
      vertex 33.068 0.644023 -2.0841
      vertex 33.712 0 -1.33808
    endloop
  endfacet
  facet normal 0.31468 0.617584 -0.72081
    outer loop
      vertex -0.82966 4.5346 -16.8209
      vertex -14.3179 28.6073 -2.0841
      vertex -0.248678 4.23857 -16.8209
    endloop
  endfacet
  facet normal 0.314634 0.617575 -0.720838
    outer loop
      vertex -14.3179 28.6073 -2.0841
      vertex -0.82966 4.5346 -16.8209
      vertex -14.8989 28.9033 -2.0841
    endloop
  endfacet
  facet normal 0.891001 -0.454 0
    outer loop
      vertex 33.441 -1.71109 0.461069
      vertex 33.8545 -0.899573 -0.461069
      vertex 33.8545 -0.899573 0.461069
    endloop
  endfacet
  facet normal 0.891001 -0.454 0
    outer loop
      vertex 33.8545 -0.899573 -0.461069
      vertex 33.441 -1.71109 0.461069
      vertex 33.441 -1.71109 -0.461069
    endloop
  endfacet
  facet normal 0.940431 -0.148972 -0.305609
    outer loop
      vertex 33.8545 -0.899573 -0.461069
      vertex 33.712 0 -1.33808
      vertex 33.997 0 -0.461069
    endloop
  endfacet
  facet normal 0.802456 0.127065 -0.583026
    outer loop
      vertex 33.712 0 -1.33808
      vertex 33.068 0.644023 -2.0841
      vertex 33.5835 0.811517 -1.33808
    endloop
  endfacet
  facet normal 0.723906 -0.368834 -0.583028
    outer loop
      vertex 33.2105 -1.5436 -1.33808
      vertex 33.068 -0.644023 -2.0841
      vertex 33.5835 -0.811517 -1.33808
    endloop
  endfacet
  facet normal 0.940457 0.148917 0.305557
    outer loop
      vertex 33.8545 0.899573 0.461069
      vertex 33.5835 0.811517 1.33808
      vertex 33.712 0 1.33808
    endloop
  endfacet
  facet normal 0.940431 0.148972 0.305609
    outer loop
      vertex 33.8545 0.899573 0.461069
      vertex 33.712 0 1.33808
      vertex 33.997 0 0.461069
    endloop
  endfacet
  facet normal 0.5 -0.866026 0
    outer loop
      vertex -13.8319 -29.2763 -0.461069
      vertex 32.797 -2.35511 0.461069
      vertex -13.8319 -29.2763 0.461069
    endloop
  endfacet
  facet normal 0.5 -0.866026 0
    outer loop
      vertex 32.797 -2.35511 0.461069
      vertex -13.8319 -29.2763 -0.461069
      vertex 32.797 -2.35511 -0.461069
    endloop
  endfacet
  facet normal -0.418983 -0.418983 -0.805547
    outer loop
      vertex -16.768 -28.6073 -2.0841
      vertex -16.6255 -27.7077 -2.62612
      vertex -16.3295 -28.0037 -2.62612
    endloop
  endfacet
  facet normal -0.41905 -0.418959 -0.805525
    outer loop
      vertex -16.6255 -27.7077 -2.62612
      vertex -16.768 -28.6073 -2.0841
      vertex -17.229 -28.1462 -2.0841
    endloop
  endfacet
  facet normal -0.268978 -0.52796 -0.805549
    outer loop
      vertex -16.187 -28.9033 -2.0841
      vertex -16.768 -28.6073 -2.0841
      vertex -16.3295 -28.0037 -2.62612
    endloop
  endfacet
  facet normal -0.268978 -0.52796 0.805549
    outer loop
      vertex -16.3295 -28.0037 2.62612
      vertex -16.768 -28.6073 2.0841
      vertex -16.187 -28.9033 2.0841
    endloop
  endfacet
  facet normal -0.368814 -0.723923 -0.58302
    outer loop
      vertex -16.187 -28.9033 -2.0841
      vertex -17.0866 -29.0458 -1.33808
      vertex -16.768 -28.6073 -2.0841
    endloop
  endfacet
  facet normal -0.0927309 -0.585266 -0.805521
    outer loop
      vertex -15.543 -29.0053 -2.0841
      vertex -15.9564 -28.1938 -2.62612
      vertex -15.543 -28.2593 -2.62612
    endloop
  endfacet
  facet normal 0.0927086 -0.585267 -0.805523
    outer loop
      vertex -15.1295 -28.1938 -2.62612
      vertex -15.543 -29.0053 -2.0841
      vertex -15.543 -28.2593 -2.62612
    endloop
  endfacet
  facet normal 0.707118 -0.707096 0
    outer loop
      vertex 32.797 -2.35511 0.461069
      vertex 33.441 -1.71109 -0.461069
      vertex 33.441 -1.71109 0.461069
    endloop
  endfacet
  facet normal 0.707118 -0.707096 0
    outer loop
      vertex 33.441 -1.71109 -0.461069
      vertex 32.797 -2.35511 0.461069
      vertex 32.797 -2.35511 -0.461069
    endloop
  endfacet
  facet normal 0.527953 -0.269062 0.805525
    outer loop
      vertex 32.3585 -0.413488 2.62612
      vertex 32.1684 -0.786502 2.62612
      vertex 33.068 -0.644023 2.0841
    endloop
  endfacet
  facet normal 0.585262 0.0926935 0.805529
    outer loop
      vertex 33.068 0.644023 2.0841
      vertex 32.3585 0.413488 2.62612
      vertex 33.17 0 2.0841
    endloop
  endfacet
  facet normal 0.527953 0.269062 0.805525
    outer loop
      vertex 33.068 0.644023 2.0841
      vertex 32.1684 0.786502 2.62612
      vertex 32.3585 0.413488 2.62612
    endloop
  endfacet
  facet normal -0.0488761 -0.308593 0.949938
    outer loop
      vertex -1.61616 -2.991 17.6479
      vertex -1.88717 -3.82508 17.363
      vertex -1.47368 -3.89057 17.363
    endloop
  endfacet
  facet normal -0.278384 0.141845 -0.949938
    outer loop
      vertex -1.91219 2.69497 -17.6479
      vertex -2.55621 3.339 -17.363
      vertex -1.8467 2.8235 -17.6479
    endloop
  endfacet
  facet normal 0.155249 0.2689 -0.950574
    outer loop
      vertex 2.31565 0.894201 -17.6479
      vertex 3.73387 1.08253 -17.363
      vertex 3.21838 0.373013 -17.6479
    endloop
  endfacet
  facet normal 0.155238 0.268959 -0.950559
    outer loop
      vertex 2.02254 1.46946 -17.533
      vertex 3.73387 1.08253 -17.363
      vertex 2.31565 0.894201 -17.6479
    endloop
  endfacet
  facet normal 0.155211 0.26882 -0.950603
    outer loop
      vertex 1.46946 2.02254 -17.4669
      vertex 3.73387 1.08253 -17.363
      vertex 2.02254 1.46946 -17.533
    endloop
  endfacet
  facet normal 0.155353 0.269026 -0.950521
    outer loop
      vertex -0.687181 3.63502 -17.363
      vertex 1.46946 2.02254 -17.4669
      vertex 0.772542 2.37764 -17.4803
    endloop
  endfacet
  facet normal 0.155229 0.268864 -0.950587
    outer loop
      vertex 1.46946 2.02254 -17.4669
      vertex -0.687181 3.63502 -17.363
      vertex 3.73387 1.08253 -17.363
    endloop
  endfacet
  facet normal 0.155308 0.268976 -0.950543
    outer loop
      vertex 0 2.5 -17.5719
      vertex -0.687181 3.63502 -17.363
      vertex 0.772542 2.37764 -17.4803
    endloop
  endfacet
  facet normal 0.155117 0.268871 -0.950604
    outer loop
      vertex -0.365426 2.44212 -17.6479
      vertex -0.687181 3.63502 -17.363
      vertex 0 2.5 -17.5719
    endloop
  endfacet
  facet normal 0.155252 0.2689 -0.950573
    outer loop
      vertex -0.687181 3.63502 -17.363
      vertex -0.365426 2.44212 -17.6479
      vertex -1.20267 2.92551 -17.6479
    endloop
  endfacet
  facet normal -0.220927 0.220927 -0.949938
    outer loop
      vertex -1.8467 2.8235 -17.6479
      vertex -2.26019 3.63502 -17.363
      vertex -1.74469 2.92551 -17.6479
    endloop
  endfacet
  facet normal -0.220927 0.220927 -0.949938
    outer loop
      vertex -2.26019 3.63502 -17.363
      vertex -1.8467 2.8235 -17.6479
      vertex -2.55621 3.339 -17.363
    endloop
  endfacet
  facet normal -0.0488761 0.308593 -0.949938
    outer loop
      vertex -1.61616 2.991 -17.6479
      vertex -1.88717 3.82508 -17.363
      vertex -1.47368 3.89057 -17.363
    endloop
  endfacet
  facet normal -0.802485 -0.127171 -0.582963
    outer loop
      vertex -18.0405 -27.7327 -1.33808
      vertex -18.1691 -26.9212 -1.33808
      vertex -17.5251 -27.5652 -2.0841
    endloop
  endfacet
  facet normal -0.802464 -0.127098 -0.583008
    outer loop
      vertex -17.5251 -27.5652 -2.0841
      vertex -18.1691 -26.9212 -1.33808
      vertex -17.6271 -26.9212 -2.0841
    endloop
  endfacet
  facet normal -0.471991 -0.240424 -0.848187
    outer loop
      vertex -16.8155 -27.3347 -2.62612
      vertex -15.1807 -25.2052 -4.13946
      vertex -16.6255 -27.7077 -2.62612
    endloop
  endfacet
  facet normal -0.471903 -0.24051 -0.848211
    outer loop
      vertex -15.1807 -25.2052 -4.13946
      vertex -16.8155 -27.3347 -2.62612
      vertex -15.387 -24.8876 -4.11474
    endloop
  endfacet
  facet normal -0.471102 -0.241139 -0.848478
    outer loop
      vertex -15.387 -24.8876 -4.11474
      vertex -16.8155 -27.3347 -2.62612
      vertex -15.392 -24.869 -4.11725
    endloop
  endfacet
  facet normal -0.471979 -0.240443 -0.848188
    outer loop
      vertex -14.1734 -22.7857 -5.38585
      vertex -2.55621 -3.339 -17.363
      vertex -13.7952 -22.8056 -5.59066
    endloop
  endfacet
  facet normal -0.471949 -0.240466 -0.848198
    outer loop
      vertex -2.55621 -3.339 -17.363
      vertex -14.1734 -22.7857 -5.38585
      vertex -2.74627 -2.96598 -17.363
    endloop
  endfacet
  facet normal -0.470096 -0.241909 -0.848817
    outer loop
      vertex -2.74627 -2.96598 -17.363
      vertex -14.1734 -22.7857 -5.38585
      vertex -14.1921 -22.7908 -5.37404
    endloop
  endfacet
  facet normal -0.58531 -0.0927106 -0.805492
    outer loop
      vertex -3.45578 -3.19652 -16.8209
      vertex -3.55779 -2.5525 -16.8209
      vertex -2.74627 -2.96598 -17.363
    endloop
  endfacet
  facet normal 0.420851 0.420879 0.803583
    outer loop
      vertex 32.3109 1.68608 2.0841
      vertex 28.8924 1.22501 4.11592
      vertex 32.772 1.22501 2.0841
    endloop
  endfacet
  facet normal 0.420869 0.420826 0.803601
    outer loop
      vertex 32.3109 1.68608 2.0841
      vertex 28.4968 1.42658 4.21755
      vertex 28.8924 1.22501 4.11592
    endloop
  endfacet
  facet normal 0.420887 0.420764 0.803624
    outer loop
      vertex 32.3109 1.68608 2.0841
      vertex 28.0333 1.5 4.42186
      vertex 28.4968 1.42658 4.21755
    endloop
  endfacet
  facet normal 0.420879 0.420752 0.803635
    outer loop
      vertex 4.17237 1.68608 16.8209
      vertex 27.1741 1.22501 5.01584
      vertex 27.5698 1.42658 4.70307
    endloop
  endfacet
  facet normal 0.420834 0.420971 0.803543
    outer loop
      vertex 4.17237 1.68608 16.8209
      vertex 27.5698 1.42658 4.70307
      vertex 28.0333 1.5 4.42186
    endloop
  endfacet
  facet normal 0.420838 0.420956 0.80355
    outer loop
      vertex 4.17237 1.68608 16.8209
      vertex 28.0333 1.5 4.42186
      vertex 32.3109 1.68608 2.0841
    endloop
  endfacet
  facet normal 0.420858 0.420858 0.80359
    outer loop
      vertex 27.1741 1.22501 5.01584
      vertex 4.17237 1.68608 16.8209
      vertex 4.63344 1.22501 16.8209
    endloop
  endfacet
  facet normal 0.269041 0.528013 0.805493
    outer loop
      vertex -0.248678 4.23857 16.8209
      vertex -0.82966 4.5346 16.8209
      vertex -0.687181 3.63502 17.363
    endloop
  endfacet
  facet normal 0.294977 0.510916 0.807436
    outer loop
      vertex -0.248678 4.23857 16.8209
      vertex 3.73387 1.08253 17.363
      vertex 4.17237 1.68608 16.8209
    endloop
  endfacet
  facet normal 0.294977 0.510916 0.807437
    outer loop
      vertex 3.73387 1.08253 17.363
      vertex -0.248678 4.23857 16.8209
      vertex -0.687181 3.63502 17.363
    endloop
  endfacet
  facet normal 0.574485 0.574505 0.583018
    outer loop
      vertex 32.6295 2.12458 1.33808
      vertex 32.772 1.22501 2.0841
      vertex 33.2105 1.5436 1.33808
    endloop
  endfacet
  facet normal 0.574472 0.57451 0.583027
    outer loop
      vertex 32.772 1.22501 2.0841
      vertex 32.6295 2.12458 1.33808
      vertex 32.3109 1.68608 2.0841
    endloop
  endfacet
  facet normal 0.405273 0.701953 0.585676
    outer loop
      vertex -13.9994 29.0458 1.33808
      vertex 32.3109 1.68608 2.0841
      vertex 32.6295 2.12458 1.33808
    endloop
  endfacet
  facet normal 0.405286 0.701975 0.58564
    outer loop
      vertex 32.3109 1.68608 2.0841
      vertex -13.9994 29.0458 1.33808
      vertex -14.3179 28.6073 2.0841
    endloop
  endfacet
  facet normal -0.802464 0.127098 -0.583008
    outer loop
      vertex -17.6271 26.9212 -2.0841
      vertex -18.1691 26.9212 -1.33808
      vertex -17.5251 27.5652 -2.0841
    endloop
  endfacet
  facet normal -0.337069 0.337018 -0.879092
    outer loop
      vertex -16.6255 27.7077 -2.62612
      vertex -14.8767 25.4875 -4.14782
      vertex -15.1314 25.2812 -4.12925
    endloop
  endfacet
  facet normal -0.337272 0.336879 -0.879068
    outer loop
      vertex -16.6255 27.7077 -2.62612
      vertex -15.1314 25.2812 -4.12925
      vertex -15.1807 25.2052 -4.13946
    endloop
  endfacet
  facet normal -0.337041 0.337041 -0.879094
    outer loop
      vertex -14.8767 25.4875 -4.14782
      vertex -16.6255 27.7077 -2.62612
      vertex -16.3295 28.0037 -2.62612
    endloop
  endfacet
  facet normal -0.33704 0.33704 -0.879095
    outer loop
      vertex -13.7048 22.8103 -5.62352
      vertex -2.26019 3.63502 -17.363
      vertex -2.55621 3.339 -17.363
    endloop
  endfacet
  facet normal -0.336955 0.337097 -0.879106
    outer loop
      vertex -2.26019 3.63502 -17.363
      vertex -13.7048 22.8103 -5.62352
      vertex -13.3988 22.9277 -5.69579
    endloop
  endfacet
  facet normal -0.337068 0.337021 -0.879091
    outer loop
      vertex -13.7048 22.8103 -5.62352
      vertex -2.55621 3.339 -17.363
      vertex -13.7952 22.8056 -5.59066
    endloop
  endfacet
  facet normal 0.723906 0.368834 -0.583028
    outer loop
      vertex 33.5835 0.811517 -1.33808
      vertex 33.068 0.644023 -2.0841
      vertex 33.2105 1.5436 -1.33808
    endloop
  endfacet
  facet normal -0.368826 0.723908 0.583031
    outer loop
      vertex -16.3545 29.4188 1.33808
      vertex -17.0866 29.0458 1.33808
      vertex -16.187 28.9033 2.0841
    endloop
  endfacet
  facet normal -0.127098 0.802464 0.583008
    outer loop
      vertex -15.543 29.5473 1.33808
      vertex -16.187 28.9033 2.0841
      vertex -15.543 29.0053 2.0841
    endloop
  endfacet
  facet normal 0.127079 0.802466 0.583009
    outer loop
      vertex -15.543 29.5473 1.33808
      vertex -15.543 29.0053 2.0841
      vertex -14.8989 28.9033 2.0841
    endloop
  endfacet
  facet normal 0.092682 0.58526 0.805532
    outer loop
      vertex -14.8989 28.9033 2.0841
      vertex -15.543 29.0053 2.0841
      vertex -15.1295 28.1938 2.62612
    endloop
  endfacet
  facet normal 0.26904 0.528014 -0.805493
    outer loop
      vertex -0.687181 3.63502 -17.363
      vertex -1.06019 3.82508 -17.363
      vertex -0.82966 4.5346 -16.8209
    endloop
  endfacet
  facet normal 0.368867 0.723889 -0.583028
    outer loop
      vertex -13.9994 29.0458 -1.33808
      vertex -14.8989 28.9033 -2.0841
      vertex -14.7314 29.4188 -1.33808
    endloop
  endfacet
  facet normal 0.0874231 0.551971 -0.829268
    outer loop
      vertex -12.6463 23.6674 -5.37713
      vertex -1.06019 3.82508 -17.363
      vertex -1.47368 3.89057 -17.363
    endloop
  endfacet
  facet normal 0.0873148 0.551931 -0.829306
    outer loop
      vertex -1.06019 3.82508 -17.363
      vertex -12.6463 23.6674 -5.37713
      vertex -12.6051 23.8214 -5.2703
    endloop
  endfacet
  facet normal 0.0875088 0.552002 -0.829238
    outer loop
      vertex -12.6463 23.6674 -5.37713
      vertex -1.47368 3.89057 -17.363
      vertex -12.7763 23.4673 -5.52405
    endloop
  endfacet
  facet normal 0.0872319 0.551903 -0.829333
    outer loop
      vertex -13.8598 25.7693 -4.10602
      vertex -15.1295 28.1938 -2.62612
      vertex -13.7059 25.7281 -4.11725
    endloop
  endfacet
  facet normal 0.0873821 0.551952 -0.829285
    outer loop
      vertex -14.0982 25.7568 -4.13946
      vertex -15.1295 28.1938 -2.62612
      vertex -13.8598 25.7693 -4.10602
    endloop
  endfacet
  facet normal 0.0874334 0.551965 -0.829271
    outer loop
      vertex -15.1295 28.1938 -2.62612
      vertex -14.0982 25.7568 -4.13946
      vertex -15.543 28.2593 -2.62612
    endloop
  endfacet
  facet normal 0.278385 0.141845 -0.949938
    outer loop
      vertex 3.38587 0.142478 -17.6479
      vertex 3.32038 0.271009 -17.6479
      vertex 4.02989 0.786502 -17.363
    endloop
  endfacet
  facet normal -0.278386 0.141843 -0.949938
    outer loop
      vertex -1.91219 2.69497 -17.6479
      vertex -2.74627 2.96598 -17.363
      vertex -2.55621 3.339 -17.363
    endloop
  endfacet
  facet normal 0.22093 0.220924 -0.949938
    outer loop
      vertex 3.32038 0.271009 -17.6479
      vertex 3.73387 1.08253 -17.363
      vertex 4.02989 0.786502 -17.363
    endloop
  endfacet
  facet normal 0.220932 0.220923 -0.949938
    outer loop
      vertex 3.73387 1.08253 -17.363
      vertex 3.32038 0.271009 -17.6479
      vertex 3.21838 0.373013 -17.6479
    endloop
  endfacet
  facet normal 0.419034 -0.419034 -0.805494
    outer loop
      vertex 4.17237 -1.68608 -16.8209
      vertex 4.02989 -0.786502 -17.363
      vertex 4.63344 -1.22501 -16.8209
    endloop
  endfacet
  facet normal 0.419043 -0.419031 -0.805491
    outer loop
      vertex 4.02989 -0.786502 -17.363
      vertex 4.17237 -1.68608 -16.8209
      vertex 3.73387 -1.08253 -17.363
    endloop
  endfacet
  facet normal -0.127068 0.802455 0.583026
    outer loop
      vertex -15.543 29.5473 1.33808
      vertex -16.3545 29.4188 1.33808
      vertex -16.187 28.9033 2.0841
    endloop
  endfacet
  facet normal -0.148984 0.940429 0.305609
    outer loop
      vertex -15.543 29.8323 0.461069
      vertex -16.4425 29.6898 0.461069
      vertex -15.543 29.5473 1.33808
    endloop
  endfacet
  facet normal -0.940477 -0.148871 0.305517
    outer loop
      vertex -18.1691 -26.9212 1.33808
      vertex -18.454 -26.9212 0.461069
      vertex -18.3116 -27.8208 0.461069
    endloop
  endfacet
  facet normal -0.802464 0.127098 0.583008
    outer loop
      vertex -17.5251 27.5652 2.0841
      vertex -18.1691 26.9212 1.33808
      vertex -17.6271 26.9212 2.0841
    endloop
  endfacet
  facet normal -0.809025 0 0.587774
    outer loop
      vertex -18.1691 -26.9212 1.33808
      vertex -17.6271 26.9212 2.0841
      vertex -18.1691 26.9212 1.33808
    endloop
  endfacet
  facet normal -0.809025 0 0.587774
    outer loop
      vertex -17.6271 26.9212 2.0841
      vertex -18.1691 -26.9212 1.33808
      vertex -17.6271 -26.9212 2.0841
    endloop
  endfacet
  facet normal -0.631791 0.100073 0.768652
    outer loop
      vertex -14.9611 23.1244 4.76968
      vertex -3.55779 2.5525 16.8209
      vertex -3.45578 3.19652 16.8209
    endloop
  endfacet
  facet normal -0.631937 0.0999317 0.76855
    outer loop
      vertex -15.0203 23.1628 4.71601
      vertex -3.55779 2.5525 16.8209
      vertex -14.9611 23.1244 4.76968
    endloop
  endfacet
  facet normal -0.631556 0.1003 0.768815
    outer loop
      vertex -15.3157 23.5275 4.42577
      vertex -3.55779 2.5525 16.8209
      vertex -15.0203 23.1628 4.71601
    endloop
  endfacet
  facet normal -0.631799 0.100068 0.768646
    outer loop
      vertex -17.6271 26.9212 2.0841
      vertex -15.4876 24.0362 4.21828
      vertex -17.5251 27.5652 2.0841
    endloop
  endfacet
  facet normal -0.631896 0.0999485 0.768582
    outer loop
      vertex -15.4876 24.0362 4.21828
      vertex -17.6271 26.9212 2.0841
      vertex -15.4839 23.9657 4.23049
    endloop
  endfacet
  facet normal -0.631783 0.100079 0.768657
    outer loop
      vertex -15.3157 23.5275 4.42577
      vertex -17.6271 26.9212 2.0841
      vertex -3.55779 2.5525 16.8209
    endloop
  endfacet
  facet normal -0.631868 0.0999819 0.7686
    outer loop
      vertex -15.4839 23.9657 4.23049
      vertex -17.6271 26.9212 2.0841
      vertex -15.3157 23.5275 4.42577
    endloop
  endfacet
  facet normal -0.848364 0.432284 -0.305629
    outer loop
      vertex -17.6675 28.4648 -1.33808
      vertex -18.3116 27.8208 -0.461069
      vertex -17.8981 28.6323 -0.461069
    endloop
  endfacet
  facet normal -0.940404 0.149028 -0.305666
    outer loop
      vertex -18.1691 26.9212 -1.33808
      vertex -18.3116 27.8208 -0.461069
      vertex -18.0405 27.7327 -1.33808
    endloop
  endfacet
  facet normal 0.0488651 0.308591 0.949939
    outer loop
      vertex -1.47368 3.89057 17.363
      vertex -1.47368 3.01356 17.6479
      vertex -1.33121 2.991 17.6479
    endloop
  endfacet
  facet normal 0.142712 0.571212 0.808301
    outer loop
      vertex -12.6051 23.8214 5.2703
      vertex -0.82966 4.5346 16.8209
      vertex -12.5249 24.1207 5.04463
    endloop
  endfacet
  facet normal 0.142516 0.571145 0.808383
    outer loop
      vertex -0.82966 4.5346 16.8209
      vertex -12.5494 24.5894 4.7178
      vertex -12.5249 24.1207 5.04463
    endloop
  endfacet
  facet normal 0.142805 0.571241 0.808264
    outer loop
      vertex -0.82966 4.5346 16.8209
      vertex -12.7176 25.0275 4.43789
      vertex -12.5494 24.5894 4.7178
    endloop
  endfacet
  facet normal 0.142329 0.571084 0.808459
    outer loop
      vertex -14.8989 28.9033 2.0841
      vertex -12.7176 25.0275 4.43789
      vertex -0.82966 4.5346 16.8209
    endloop
  endfacet
  facet normal 0.142506 0.57114 0.808388
    outer loop
      vertex -14.8989 28.9033 2.0841
      vertex -13.0129 25.3922 4.23228
      vertex -12.7176 25.0275 4.43789
    endloop
  endfacet
  facet normal 0.142834 0.571238 0.808261
    outer loop
      vertex -14.8989 28.9033 2.0841
      vertex -13.4065 25.6479 4.12112
      vertex -13.0129 25.3922 4.23228
    endloop
  endfacet
  facet normal 0.142601 0.571182 0.808342
    outer loop
      vertex -15.1295 28.1938 2.62612
      vertex -13.4065 25.6479 4.12112
      vertex -14.8989 28.9033 2.0841
    endloop
  endfacet
  facet normal 0.142547 0.57116 0.808366
    outer loop
      vertex -13.4065 25.6479 4.12112
      vertex -15.1295 28.1938 2.62612
      vertex -13.7059 25.7281 4.11725
    endloop
  endfacet
  facet normal 0.142704 0.571209 0.808304
    outer loop
      vertex -0.82966 4.5346 16.8209
      vertex -12.6051 23.8214 5.2703
      vertex -1.06019 3.82508 17.363
    endloop
  endfacet
  facet normal -0.0927309 0.585266 0.805521
    outer loop
      vertex -15.543 29.0053 2.0841
      vertex -15.9564 28.1938 2.62612
      vertex -15.543 28.2593 2.62612
    endloop
  endfacet
  facet normal -0.565066 0.1629 0.808804
    outer loop
      vertex -15.392 24.869 4.11725
      vertex -16.8155 27.3347 2.62612
      vertex -15.5084 24.4343 4.12348
    endloop
  endfacet
  facet normal -0.56491 0.163014 0.80889
    outer loop
      vertex -17.5251 27.5652 2.0841
      vertex -15.5084 24.4343 4.12348
      vertex -16.8155 27.3347 2.62612
    endloop
  endfacet
  facet normal -0.564794 0.163126 0.808948
    outer loop
      vertex -15.5084 24.4343 4.12348
      vertex -17.5251 27.5652 2.0841
      vertex -15.4876 24.0362 4.21828
    endloop
  endfacet
  facet normal -0.565045 0.162901 0.808818
    outer loop
      vertex -14.1921 22.7908 5.37404
      vertex -3.45578 3.19652 16.8209
      vertex -2.74627 2.96598 17.363
    endloop
  endfacet
  facet normal -0.565033 0.162911 0.808825
    outer loop
      vertex -14.6267 22.9072 5.04699
      vertex -3.45578 3.19652 16.8209
      vertex -14.1921 22.7908 5.37404
    endloop
  endfacet
  facet normal -0.564908 0.163021 0.80889
    outer loop
      vertex -3.45578 3.19652 16.8209
      vertex -14.6267 22.9072 5.04699
      vertex -14.9611 23.1244 4.76968
    endloop
  endfacet
  facet normal 0.294977 -0.510916 0.807436
    outer loop
      vertex 3.73387 -1.08253 17.363
      vertex -0.248678 -4.23857 16.8209
      vertex 4.17237 -1.68608 16.8209
    endloop
  endfacet
  facet normal 0.294977 -0.510916 0.807437
    outer loop
      vertex -0.248678 -4.23857 16.8209
      vertex 3.73387 -1.08253 17.363
      vertex -0.687181 -3.63502 17.363
    endloop
  endfacet
  facet normal 0.22093 0.220924 0.949938
    outer loop
      vertex 3.73387 1.08253 17.363
      vertex 3.32038 0.271009 17.6479
      vertex 4.02989 0.786502 17.363
    endloop
  endfacet
  facet normal 0.220932 0.220923 0.949938
    outer loop
      vertex 3.32038 0.271009 17.6479
      vertex 3.73387 1.08253 17.363
      vertex 3.21838 0.373013 17.6479
    endloop
  endfacet
  facet normal 0.585267 0.0927113 0.805523
    outer loop
      vertex 33.17 0 2.0841
      vertex 32.3585 0.413488 2.62612
      vertex 32.424 0 2.62612
    endloop
  endfacet
  facet normal -0.0926958 -0.585256 0.805533
    outer loop
      vertex -15.9564 -28.1938 2.62612
      vertex -16.187 -28.9033 2.0841
      vertex -15.543 -29.0053 2.0841
    endloop
  endfacet
  facet normal -0.127068 -0.802455 0.583026
    outer loop
      vertex -16.187 -28.9033 2.0841
      vertex -16.3545 -29.4188 1.33808
      vertex -15.543 -29.5473 1.33808
    endloop
  endfacet
  facet normal -0.0927309 -0.585266 0.805521
    outer loop
      vertex -15.543 -28.2593 2.62612
      vertex -15.9564 -28.1938 2.62612
      vertex -15.543 -29.0053 2.0841
    endloop
  endfacet
  facet normal -0.432259 -0.84841 0.305536
    outer loop
      vertex -16.3545 -29.4188 1.33808
      vertex -17.0866 -29.0458 1.33808
      vertex -16.4425 -29.6898 0.461069
    endloop
  endfacet
  facet normal -0.527961 -0.268935 0.805562
    outer loop
      vertex -16.8155 -27.3347 2.62612
      vertex -17.5251 -27.5652 2.0841
      vertex -16.6255 -27.7077 2.62612
    endloop
  endfacet
  facet normal 0.368867 -0.723889 0.583028
    outer loop
      vertex -13.9994 -29.0458 1.33808
      vertex -14.8989 -28.9033 2.0841
      vertex -14.7314 -29.4188 1.33808
    endloop
  endfacet
  facet normal -0.14892 -0.940459 0.305548
    outer loop
      vertex -16.3545 -29.4188 1.33808
      vertex -16.4425 -29.6898 0.461069
      vertex -15.543 -29.5473 1.33808
    endloop
  endfacet
  facet normal 0.156453 -0.987685 0
    outer loop
      vertex -15.543 -29.8323 -0.461069
      vertex -14.6434 -29.6898 0.461069
      vertex -15.543 -29.8323 0.461069
    endloop
  endfacet
  facet normal 0.156453 -0.987685 0
    outer loop
      vertex -14.6434 -29.6898 0.461069
      vertex -15.543 -29.8323 -0.461069
      vertex -14.6434 -29.6898 -0.461069
    endloop
  endfacet
  facet normal 0.432307 -0.848387 0.305533
    outer loop
      vertex -13.9994 -29.0458 1.33808
      vertex -14.7314 -29.4188 1.33808
      vertex -14.6434 -29.6898 0.461069
    endloop
  endfacet
  facet normal -0.987702 -0.156346 0
    outer loop
      vertex -18.3116 -27.8208 -0.461069
      vertex -18.454 -26.9212 0.461069
      vertex -18.454 -26.9212 -0.461069
    endloop
  endfacet
  facet normal -0.987702 -0.156346 0
    outer loop
      vertex -18.454 -26.9212 0.461069
      vertex -18.3116 -27.8208 -0.461069
      vertex -18.3116 -27.8208 0.461069
    endloop
  endfacet
  facet normal 0.294977 0.510916 -0.807436
    outer loop
      vertex 3.73387 1.08253 -17.363
      vertex -0.248678 4.23857 -16.8209
      vertex 4.17237 1.68608 -16.8209
    endloop
  endfacet
  facet normal 0.294977 0.510916 -0.807437
    outer loop
      vertex -0.248678 4.23857 -16.8209
      vertex 3.73387 1.08253 -17.363
      vertex -0.687181 3.63502 -17.363
    endloop
  endfacet
  facet normal 0.269041 0.528013 -0.805493
    outer loop
      vertex -0.687181 3.63502 -17.363
      vertex -0.82966 4.5346 -16.8209
      vertex -0.248678 4.23857 -16.8209
    endloop
  endfacet
  facet normal 0.574485 0.574505 -0.583018
    outer loop
      vertex 32.772 1.22501 -2.0841
      vertex 32.6295 2.12458 -1.33808
      vertex 33.2105 1.5436 -1.33808
    endloop
  endfacet
  facet normal 0.574472 0.57451 -0.583027
    outer loop
      vertex 32.6295 2.12458 -1.33808
      vertex 32.772 1.22501 -2.0841
      vertex 32.3109 1.68608 -2.0841
    endloop
  endfacet
  facet normal 0.419034 0.419034 -0.805494
    outer loop
      vertex 4.02989 0.786502 -17.363
      vertex 4.17237 1.68608 -16.8209
      vertex 4.63344 1.22501 -16.8209
    endloop
  endfacet
  facet normal 0.419043 0.419031 -0.805491
    outer loop
      vertex 4.17237 1.68608 -16.8209
      vertex 4.02989 0.786502 -17.363
      vertex 3.73387 1.08253 -17.363
    endloop
  endfacet
  facet normal 0.462702 0.073296 -0.883479
    outer loop
      vertex 29.5333 0 -4.14006
      vertex 32.3585 0.413488 -2.62612
      vertex 32.424 0 -2.62612
    endloop
  endfacet
  facet normal 0.462702 0.073296 -0.883479
    outer loop
      vertex 32.3585 0.413488 -2.62612
      vertex 29.5333 0 -4.14006
      vertex 29.4678 0.413488 -4.14006
    endloop
  endfacet
  facet normal 0.462701 0.0732786 -0.883481
    outer loop
      vertex 4.28544 0 -17.363
      vertex 26.5988 0.413488 -5.64263
      vertex 26.5333 0 -5.71123
    endloop
  endfacet
  facet normal 0.462701 0.0732846 -0.88348
    outer loop
      vertex 26.5988 0.413488 -5.64263
      vertex 4.28544 0 -17.363
      vertex 4.21995 0.413488 -17.363
    endloop
  endfacet
  facet normal 0.278385 -0.141845 -0.949938
    outer loop
      vertex 4.02989 -0.786502 -17.363
      vertex 3.32038 -0.271009 -17.6479
      vertex 3.38587 -0.142478 -17.6479
    endloop
  endfacet
  facet normal 0.31468 -0.617584 -0.72081
    outer loop
      vertex -14.3179 -28.6073 -2.0841
      vertex -0.82966 -4.5346 -16.8209
      vertex -0.248678 -4.23857 -16.8209
    endloop
  endfacet
  facet normal 0.314634 -0.617575 -0.720838
    outer loop
      vertex -0.82966 -4.5346 -16.8209
      vertex -14.3179 -28.6073 -2.0841
      vertex -14.8989 -28.9033 -2.0841
    endloop
  endfacet
  facet normal 0.269041 -0.528013 -0.805493
    outer loop
      vertex -0.248678 -4.23857 -16.8209
      vertex -0.82966 -4.5346 -16.8209
      vertex -0.687181 -3.63502 -17.363
    endloop
  endfacet
  facet normal 0.940457 0.148917 -0.305557
    outer loop
      vertex 33.712 0 -1.33808
      vertex 33.5835 0.811517 -1.33808
      vertex 33.8545 0.899573 -0.461069
    endloop
  endfacet
  facet normal 0.940457 -0.148917 -0.305557
    outer loop
      vertex 33.8545 -0.899573 -0.461069
      vertex 33.5835 -0.811517 -1.33808
      vertex 33.712 0 -1.33808
    endloop
  endfacet
  facet normal 0.673281 -0.673304 0.305541
    outer loop
      vertex 32.6295 -2.12458 1.33808
      vertex 33.441 -1.71109 0.461069
      vertex 33.2105 -1.5436 1.33808
    endloop
  endfacet
  facet normal 0.673296 -0.673275 0.305569
    outer loop
      vertex 33.441 -1.71109 0.461069
      vertex 32.6295 -2.12458 1.33808
      vertex 32.797 -2.35511 0.461069
    endloop
  endfacet
  facet normal 0.585262 -0.0926935 0.805529
    outer loop
      vertex 33.17 0 2.0841
      vertex 32.3585 -0.413488 2.62612
      vertex 33.068 -0.644023 2.0841
    endloop
  endfacet
  facet normal 0.987685 -0.156458 0
    outer loop
      vertex 33.8545 -0.899573 0.461069
      vertex 33.997 0 -0.461069
      vertex 33.997 0 0.461069
    endloop
  endfacet
  facet normal 0.987685 -0.156458 0
    outer loop
      vertex 33.997 0 -0.461069
      vertex 33.8545 -0.899573 0.461069
      vertex 33.8545 -0.899573 -0.461069
    endloop
  endfacet
  facet normal 0.475781 -0.824077 -0.307457
    outer loop
      vertex 32.6295 -2.12458 -1.33808
      vertex -13.8319 -29.2763 -0.461069
      vertex -13.9994 -29.0458 -1.33808
    endloop
  endfacet
  facet normal 0.475777 -0.82407 -0.307482
    outer loop
      vertex -13.8319 -29.2763 -0.461069
      vertex 32.6295 -2.12458 -1.33808
      vertex 32.797 -2.35511 -0.461069
    endloop
  endfacet
  facet normal 0.405286 -0.701975 -0.58564
    outer loop
      vertex 32.3109 -1.68608 -2.0841
      vertex -13.9994 -29.0458 -1.33808
      vertex -14.3179 -28.6073 -2.0841
    endloop
  endfacet
  facet normal 0.405273 -0.701953 -0.585676
    outer loop
      vertex -13.9994 -29.0458 -1.33808
      vertex 32.3109 -1.68608 -2.0841
      vertex 32.6295 -2.12458 -1.33808
    endloop
  endfacet
  facet normal 0.723906 0.368834 0.583028
    outer loop
      vertex 33.2105 1.5436 1.33808
      vertex 33.068 0.644023 2.0841
      vertex 33.5835 0.811517 1.33808
    endloop
  endfacet
  facet normal 0.802456 0.127065 0.583026
    outer loop
      vertex 33.5835 0.811517 1.33808
      vertex 33.068 0.644023 2.0841
      vertex 33.712 0 1.33808
    endloop
  endfacet
  facet normal 0.148968 -0.940431 -0.30561
    outer loop
      vertex -14.6434 -29.6898 -0.461069
      vertex -15.543 -29.8323 -0.461069
      vertex -15.543 -29.5473 -1.33808
    endloop
  endfacet
  facet normal 0.148903 -0.940462 -0.305548
    outer loop
      vertex -14.6434 -29.6898 -0.461069
      vertex -15.543 -29.5473 -1.33808
      vertex -14.7314 -29.4188 -1.33808
    endloop
  endfacet
  facet normal -0.673332 -0.673216 -0.305622
    outer loop
      vertex -17.0866 -29.0458 -1.33808
      vertex -17.8981 -28.6323 -0.461069
      vertex -17.6675 -28.4648 -1.33808
    endloop
  endfacet
  facet normal -0.673253 -0.673358 -0.305483
    outer loop
      vertex -17.8981 -28.6323 -0.461069
      vertex -17.0866 -29.0458 -1.33808
      vertex -17.254 -29.2763 -0.461069
    endloop
  endfacet
  facet normal -0.0926958 -0.585256 -0.805533
    outer loop
      vertex -15.543 -29.0053 -2.0841
      vertex -16.187 -28.9033 -2.0841
      vertex -15.9564 -28.1938 -2.62612
    endloop
  endfacet
  facet normal -0.127098 -0.802464 -0.583008
    outer loop
      vertex -15.543 -29.5473 -1.33808
      vertex -16.187 -28.9033 -2.0841
      vertex -15.543 -29.0053 -2.0841
    endloop
  endfacet
  facet normal 0.462701 0.0732786 0.883481
    outer loop
      vertex 26.5988 0.413488 5.64263
      vertex 4.28544 0 17.363
      vertex 26.5333 0 5.71123
    endloop
  endfacet
  facet normal 0.462701 0.0732846 0.88348
    outer loop
      vertex 4.28544 0 17.363
      vertex 26.5988 0.413488 5.64263
      vertex 4.21995 0.413488 17.363
    endloop
  endfacet
  facet normal 0.462702 0.073296 0.883479
    outer loop
      vertex 32.3585 0.413488 2.62612
      vertex 29.5333 0 4.14006
      vertex 32.424 0 2.62612
    endloop
  endfacet
  facet normal 0.462702 0.073296 0.883479
    outer loop
      vertex 29.5333 0 4.14006
      vertex 32.3585 0.413488 2.62612
      vertex 29.4678 0.413488 4.14006
    endloop
  endfacet
  facet normal -0.723867 -0.368911 -0.583028
    outer loop
      vertex -17.229 -28.1462 -2.0841
      vertex -17.6675 -28.4648 -1.33808
      vertex -17.5251 -27.5652 -2.0841
    endloop
  endfacet
  facet normal -0.527957 -0.269067 -0.805521
    outer loop
      vertex -17.229 -28.1462 -2.0841
      vertex -17.5251 -27.5652 -2.0841
      vertex -16.6255 -27.7077 -2.62612
    endloop
  endfacet
  facet normal 0.368867 0.723889 0.583028
    outer loop
      vertex -14.7314 29.4188 1.33808
      vertex -14.8989 28.9033 2.0841
      vertex -13.9994 29.0458 1.33808
    endloop
  endfacet
  facet normal 0.148903 0.940462 0.305548
    outer loop
      vertex -14.6434 29.6898 0.461069
      vertex -15.543 29.5473 1.33808
      vertex -14.7314 29.4188 1.33808
    endloop
  endfacet
  facet normal 0.673296 0.673275 0.305569
    outer loop
      vertex 32.6295 2.12458 1.33808
      vertex 33.441 1.71109 0.461069
      vertex 32.797 2.35511 0.461069
    endloop
  endfacet
  facet normal 0.673281 0.673304 0.305541
    outer loop
      vertex 33.441 1.71109 0.461069
      vertex 32.6295 2.12458 1.33808
      vertex 33.2105 1.5436 1.33808
    endloop
  endfacet
  facet normal 0.432297 0.848389 -0.305542
    outer loop
      vertex -13.9994 29.0458 -1.33808
      vertex -14.6434 29.6898 -0.461069
      vertex -13.8319 29.2763 -0.461069
    endloop
  endfacet
  facet normal 0.454008 0.890998 -0
    outer loop
      vertex -13.8319 29.2763 -0.461069
      vertex -14.6434 29.6898 0.461069
      vertex -13.8319 29.2763 0.461069
    endloop
  endfacet
  facet normal 0.454008 0.890998 0
    outer loop
      vertex -14.6434 29.6898 0.461069
      vertex -13.8319 29.2763 -0.461069
      vertex -14.6434 29.6898 -0.461069
    endloop
  endfacet
  facet normal 0.148968 0.940431 -0.30561
    outer loop
      vertex -14.6434 29.6898 -0.461069
      vertex -15.543 29.5473 -1.33808
      vertex -15.543 29.8323 -0.461069
    endloop
  endfacet
  facet normal -0.890998 0.454008 0
    outer loop
      vertex -18.3116 27.8208 -0.461069
      vertex -17.8981 28.6323 0.461069
      vertex -17.8981 28.6323 -0.461069
    endloop
  endfacet
  facet normal -0.890998 0.454008 0
    outer loop
      vertex -17.8981 28.6323 0.461069
      vertex -18.3116 27.8208 -0.461069
      vertex -18.3116 27.8208 0.461069
    endloop
  endfacet
  facet normal -0.673253 0.673358 0.305483
    outer loop
      vertex -17.8981 28.6323 0.461069
      vertex -17.0866 29.0458 1.33808
      vertex -17.254 29.2763 0.461069
    endloop
  endfacet
  facet normal -0.673332 0.673216 0.305622
    outer loop
      vertex -17.0866 29.0458 1.33808
      vertex -17.8981 28.6323 0.461069
      vertex -17.6675 28.4648 1.33808
    endloop
  endfacet
  facet normal 0.142712 0.571212 -0.808301
    outer loop
      vertex -0.82966 4.5346 -16.8209
      vertex -12.6051 23.8214 -5.2703
      vertex -12.5249 24.1207 -5.04463
    endloop
  endfacet
  facet normal 0.142704 0.571209 -0.808304
    outer loop
      vertex -12.6051 23.8214 -5.2703
      vertex -0.82966 4.5346 -16.8209
      vertex -1.06019 3.82508 -17.363
    endloop
  endfacet
  facet normal 0.142516 0.571145 -0.808383
    outer loop
      vertex -12.5494 24.5894 -4.7178
      vertex -0.82966 4.5346 -16.8209
      vertex -12.5249 24.1207 -5.04463
    endloop
  endfacet
  facet normal 0.142805 0.571241 -0.808264
    outer loop
      vertex -12.7176 25.0275 -4.43789
      vertex -0.82966 4.5346 -16.8209
      vertex -12.5494 24.5894 -4.7178
    endloop
  endfacet
  facet normal 0.142329 0.571084 -0.808459
    outer loop
      vertex -12.7176 25.0275 -4.43789
      vertex -14.8989 28.9033 -2.0841
      vertex -0.82966 4.5346 -16.8209
    endloop
  endfacet
  facet normal 0.142506 0.57114 -0.808388
    outer loop
      vertex -13.0129 25.3922 -4.23228
      vertex -14.8989 28.9033 -2.0841
      vertex -12.7176 25.0275 -4.43789
    endloop
  endfacet
  facet normal 0.142834 0.571238 -0.808261
    outer loop
      vertex -13.4065 25.6479 -4.12112
      vertex -14.8989 28.9033 -2.0841
      vertex -13.0129 25.3922 -4.23228
    endloop
  endfacet
  facet normal 0.142547 0.57116 -0.808366
    outer loop
      vertex -15.1295 28.1938 -2.62612
      vertex -13.4065 25.6479 -4.12112
      vertex -13.7059 25.7281 -4.11725
    endloop
  endfacet
  facet normal 0.142601 0.571182 -0.808342
    outer loop
      vertex -13.4065 25.6479 -4.12112
      vertex -15.1295 28.1938 -2.62612
      vertex -14.8989 28.9033 -2.0841
    endloop
  endfacet
  facet normal -0.210853 0.413828 -0.8856
    outer loop
      vertex -13.2666 22.9785 -5.70355
      vertex -1.88717 3.82508 -17.363
      vertex -2.26019 3.63502 -17.363
    endloop
  endfacet
  facet normal -0.210913 0.413794 -0.885602
    outer loop
      vertex -1.88717 3.82508 -17.363
      vertex -13.2666 22.9785 -5.70355
      vertex -13.0477 23.1558 -5.67284
    endloop
  endfacet
  facet normal -0.210977 0.413759 -0.885603
    outer loop
      vertex -13.2666 22.9785 -5.70355
      vertex -2.26019 3.63502 -17.363
      vertex -13.3988 22.9277 -5.69579
    endloop
  endfacet
  facet normal -0.210839 0.413835 -0.8856
    outer loop
      vertex -14.7666 25.5766 -4.13238
      vertex -15.9564 28.1938 -2.62612
      vertex -14.5037 25.6775 -4.14782
    endloop
  endfacet
  facet normal -0.210753 0.413889 -0.885595
    outer loop
      vertex -16.3295 28.0037 -2.62612
      vertex -14.7666 25.5766 -4.13238
      vertex -14.8767 25.4875 -4.14782
    endloop
  endfacet
  facet normal -0.210852 0.413829 -0.8856
    outer loop
      vertex -14.7666 25.5766 -4.13238
      vertex -16.3295 28.0037 -2.62612
      vertex -15.9564 28.1938 -2.62612
    endloop
  endfacet
  facet normal -0.527961 0.268935 -0.805562
    outer loop
      vertex -16.8155 27.3347 -2.62612
      vertex -17.5251 27.5652 -2.0841
      vertex -16.6255 27.7077 -2.62612
    endloop
  endfacet
  facet normal -0.418983 0.418983 0.805547
    outer loop
      vertex -16.768 28.6073 2.0841
      vertex -16.6255 27.7077 2.62612
      vertex -16.3295 28.0037 2.62612
    endloop
  endfacet
  facet normal -0.41905 0.418959 0.805525
    outer loop
      vertex -16.6255 27.7077 2.62612
      vertex -16.768 28.6073 2.0841
      vertex -17.229 28.1462 2.0841
    endloop
  endfacet
  facet normal 0.0927086 0.585267 0.805523
    outer loop
      vertex -15.543 29.0053 2.0841
      vertex -15.543 28.2593 2.62612
      vertex -15.1295 28.1938 2.62612
    endloop
  endfacet
  facet normal -0.723949 0.368847 -0.582967
    outer loop
      vertex -17.5251 27.5652 -2.0841
      vertex -18.0405 27.7327 -1.33808
      vertex -17.6675 28.4648 -1.33808
    endloop
  endfacet
  facet normal -0.802485 0.127171 -0.582963
    outer loop
      vertex -17.5251 27.5652 -2.0841
      vertex -18.1691 26.9212 -1.33808
      vertex -18.0405 27.7327 -1.33808
    endloop
  endfacet
  facet normal 0.422065 -0.415242 0.805876
    outer loop
      vertex 29.2468 -0.881678 4.10722
      vertex 32.1684 -0.786502 2.62612
      vertex 29.2953 -0.786502 4.13086
    endloop
  endfacet
  facet normal 0.422077 -0.415175 0.805904
    outer loop
      vertex 28.915 -1.21352 4.11004
      vertex 32.1684 -0.786502 2.62612
      vertex 29.2468 -0.881678 4.10722
    endloop
  endfacet
  facet normal 0.422078 -0.415164 0.805909
    outer loop
      vertex 32.1684 -0.786502 2.62612
      vertex 28.915 -1.21352 4.11004
      vertex 32.772 -1.22501 2.0841
    endloop
  endfacet
  facet normal 0.421616 -0.417308 0.805043
    outer loop
      vertex 32.772 -1.22501 2.0841
      vertex 28.915 -1.21352 4.11004
      vertex 28.8924 -1.22501 4.11592
    endloop
  endfacet
  facet normal 0.421986 -0.41558 0.805742
    outer loop
      vertex 27.1516 -1.21352 5.03355
      vertex 4.63344 -1.22501 16.8209
      vertex 27.1741 -1.22501 5.01584
    endloop
  endfacet
  facet normal 0.422052 -0.415266 0.80587
    outer loop
      vertex 26.8198 -0.881678 5.37832
      vertex 4.63344 -1.22501 16.8209
      vertex 27.1516 -1.21352 5.03355
    endloop
  endfacet
  facet normal 0.422059 -0.415232 0.805884
    outer loop
      vertex 26.7713 -0.786502 5.45276
      vertex 4.63344 -1.22501 16.8209
      vertex 26.8198 -0.881678 5.37832
    endloop
  endfacet
  facet normal 0.42204 -0.41533 0.805843
    outer loop
      vertex 4.63344 -1.22501 16.8209
      vertex 26.7713 -0.786502 5.45276
      vertex 4.02989 -0.786502 17.363
    endloop
  endfacet
  facet normal 0.451501 -0.2301 0.862091
    outer loop
      vertex 29.4678 -0.413488 4.14006
      vertex 32.1684 -0.786502 2.62612
      vertex 32.3585 -0.413488 2.62612
    endloop
  endfacet
  facet normal 0.451565 -0.22981 0.862135
    outer loop
      vertex 29.4599 -0.463525 4.13086
      vertex 32.1684 -0.786502 2.62612
      vertex 29.4678 -0.413488 4.14006
    endloop
  endfacet
  facet normal 0.451505 -0.230102 0.862088
    outer loop
      vertex 32.1684 -0.786502 2.62612
      vertex 29.4599 -0.463525 4.13086
      vertex 29.2953 -0.786502 4.13086
    endloop
  endfacet
  facet normal 0.451486 -0.230218 0.862067
    outer loop
      vertex 4.21995 -0.413488 17.363
      vertex 26.6067 -0.463525 5.62513
      vertex 26.5988 -0.413488 5.64263
    endloop
  endfacet
  facet normal 0.451511 -0.229997 0.862113
    outer loop
      vertex 4.21995 -0.413488 17.363
      vertex 26.7713 -0.786502 5.45276
      vertex 26.6067 -0.463525 5.62513
    endloop
  endfacet
  facet normal 0.451504 -0.230053 0.862102
    outer loop
      vertex 26.7713 -0.786502 5.45276
      vertex 4.21995 -0.413488 17.363
      vertex 4.02989 -0.786502 17.363
    endloop
  endfacet
  facet normal 0.141838 -0.278391 0.949937
    outer loop
      vertex -1.20267 -2.92551 17.6479
      vertex -1.33121 -2.991 17.6479
      vertex -0.687181 -3.63502 17.363
    endloop
  endfacet
  facet normal -0.269003 -0.527959 0.805541
    outer loop
      vertex -15.9564 -28.1938 2.62612
      vertex -16.3295 -28.0037 2.62612
      vertex -16.187 -28.9033 2.0841
    endloop
  endfacet
  facet normal 0.048876 -0.308593 0.949938
    outer loop
      vertex -1.33121 -2.991 17.6479
      vertex -1.47368 -3.89057 17.363
      vertex -1.06019 -3.82508 17.363
    endloop
  endfacet
  facet normal -0.278386 -0.141843 0.949938
    outer loop
      vertex -1.91219 -2.69497 17.6479
      vertex -2.74627 -2.96598 17.363
      vertex -2.55621 -3.339 17.363
    endloop
  endfacet
  facet normal 0.155249 -0.2689 0.950574
    outer loop
      vertex 2.31565 -0.894201 17.6479
      vertex 3.73387 -1.08253 17.363
      vertex 3.21838 -0.373013 17.6479
    endloop
  endfacet
  facet normal 0.155238 -0.268959 0.950559
    outer loop
      vertex 2.02254 -1.46946 17.533
      vertex 3.73387 -1.08253 17.363
      vertex 2.31565 -0.894201 17.6479
    endloop
  endfacet
  facet normal 0.155211 -0.26882 0.950603
    outer loop
      vertex 1.46946 -2.02254 17.4669
      vertex 3.73387 -1.08253 17.363
      vertex 2.02254 -1.46946 17.533
    endloop
  endfacet
  facet normal 0.155353 -0.269026 0.950521
    outer loop
      vertex -0.687181 -3.63502 17.363
      vertex 1.46946 -2.02254 17.4669
      vertex 0.772542 -2.37764 17.4803
    endloop
  endfacet
  facet normal 0.155229 -0.268864 0.950587
    outer loop
      vertex 1.46946 -2.02254 17.4669
      vertex -0.687181 -3.63502 17.363
      vertex 3.73387 -1.08253 17.363
    endloop
  endfacet
  facet normal 0.155308 -0.268976 0.950543
    outer loop
      vertex 0 -2.5 17.5719
      vertex -0.687181 -3.63502 17.363
      vertex 0.772542 -2.37764 17.4803
    endloop
  endfacet
  facet normal 0.155117 -0.268871 0.950604
    outer loop
      vertex -0.365426 -2.44212 17.6479
      vertex -0.687181 -3.63502 17.363
      vertex 0 -2.5 17.5719
    endloop
  endfacet
  facet normal 0.155252 -0.2689 0.950573
    outer loop
      vertex -0.687181 -3.63502 17.363
      vertex -0.365426 -2.44212 17.6479
      vertex -1.20267 -2.92551 17.6479
    endloop
  endfacet
  facet normal -0.148984 -0.940429 0.305609
    outer loop
      vertex -15.543 -29.5473 1.33808
      vertex -16.4425 -29.6898 0.461069
      vertex -15.543 -29.8323 0.461069
    endloop
  endfacet
  facet normal 0.148968 -0.940431 0.30561
    outer loop
      vertex -15.543 -29.5473 1.33808
      vertex -15.543 -29.8323 0.461069
      vertex -14.6434 -29.6898 0.461069
    endloop
  endfacet
  facet normal -0.631791 -0.100073 0.768652
    outer loop
      vertex -3.55779 -2.5525 16.8209
      vertex -14.9611 -23.1244 4.76968
      vertex -3.45578 -3.19652 16.8209
    endloop
  endfacet
  facet normal -0.631937 -0.0999317 0.76855
    outer loop
      vertex -3.55779 -2.5525 16.8209
      vertex -15.0203 -23.1628 4.71601
      vertex -14.9611 -23.1244 4.76968
    endloop
  endfacet
  facet normal -0.631556 -0.1003 0.768815
    outer loop
      vertex -3.55779 -2.5525 16.8209
      vertex -15.3157 -23.5275 4.42577
      vertex -15.0203 -23.1628 4.71601
    endloop
  endfacet
  facet normal -0.631896 -0.0999485 0.768582
    outer loop
      vertex -17.6271 -26.9212 2.0841
      vertex -15.4876 -24.0362 4.21828
      vertex -15.4839 -23.9657 4.23049
    endloop
  endfacet
  facet normal -0.631868 -0.0999819 0.7686
    outer loop
      vertex -17.6271 -26.9212 2.0841
      vertex -15.4839 -23.9657 4.23049
      vertex -15.3157 -23.5275 4.42577
    endloop
  endfacet
  facet normal -0.631799 -0.100068 0.768646
    outer loop
      vertex -15.4876 -24.0362 4.21828
      vertex -17.6271 -26.9212 2.0841
      vertex -17.5251 -27.5652 2.0841
    endloop
  endfacet
  facet normal -0.631783 -0.100079 0.768657
    outer loop
      vertex -17.6271 -26.9212 2.0841
      vertex -15.3157 -23.5275 4.42577
      vertex -3.55779 -2.5525 16.8209
    endloop
  endfacet
  facet normal 0.454008 -0.890998 0
    outer loop
      vertex -14.6434 -29.6898 -0.461069
      vertex -13.8319 -29.2763 0.461069
      vertex -14.6434 -29.6898 0.461069
    endloop
  endfacet
  facet normal 0.454008 -0.890998 0
    outer loop
      vertex -13.8319 -29.2763 0.461069
      vertex -14.6434 -29.6898 -0.461069
      vertex -13.8319 -29.2763 -0.461069
    endloop
  endfacet
  facet normal 0.148903 -0.940462 0.305548
    outer loop
      vertex -14.7314 -29.4188 1.33808
      vertex -15.543 -29.5473 1.33808
      vertex -14.6434 -29.6898 0.461069
    endloop
  endfacet
  facet normal 0.127053 -0.802458 0.583025
    outer loop
      vertex -14.8989 -28.9033 2.0841
      vertex -15.543 -29.5473 1.33808
      vertex -14.7314 -29.4188 1.33808
    endloop
  endfacet
  facet normal -0.673223 -0.673328 0.305615
    outer loop
      vertex -17.254 -29.2763 0.461069
      vertex -17.6675 -28.4648 1.33808
      vertex -17.8981 -28.6323 0.461069
    endloop
  endfacet
  facet normal -0.673365 -0.673249 0.305475
    outer loop
      vertex -17.6675 -28.4648 1.33808
      vertex -17.254 -29.2763 0.461069
      vertex -17.0866 -29.0458 1.33808
    endloop
  endfacet
  facet normal -0.940404 -0.149028 0.305666
    outer loop
      vertex -18.1691 -26.9212 1.33808
      vertex -18.3116 -27.8208 0.461069
      vertex -18.0405 -27.7327 1.33808
    endloop
  endfacet
  facet normal -0.848372 -0.43224 0.305668
    outer loop
      vertex -18.0405 -27.7327 1.33808
      vertex -18.3116 -27.8208 0.461069
      vertex -17.6675 -28.4648 1.33808
    endloop
  endfacet
  facet normal -1 0 0
    outer loop
      vertex -18.454 -26.9212 -0.461069
      vertex -18.454 26.9212 0.461069
      vertex -18.454 26.9212 -0.461069
    endloop
  endfacet
  facet normal -1 -0 0
    outer loop
      vertex -18.454 26.9212 0.461069
      vertex -18.454 -26.9212 -0.461069
      vertex -18.454 -26.9212 0.461069
    endloop
  endfacet
  facet normal 0.451501 -0.2301 -0.862091
    outer loop
      vertex 32.1684 -0.786502 -2.62612
      vertex 29.4678 -0.413488 -4.14006
      vertex 32.3585 -0.413488 -2.62612
    endloop
  endfacet
  facet normal 0.451565 -0.22981 -0.862135
    outer loop
      vertex 32.1684 -0.786502 -2.62612
      vertex 29.4599 -0.463525 -4.13086
      vertex 29.4678 -0.413488 -4.14006
    endloop
  endfacet
  facet normal 0.451505 -0.230102 -0.862088
    outer loop
      vertex 29.4599 -0.463525 -4.13086
      vertex 32.1684 -0.786502 -2.62612
      vertex 29.2953 -0.786502 -4.13086
    endloop
  endfacet
  facet normal 0.451486 -0.230218 -0.862067
    outer loop
      vertex 26.6067 -0.463525 -5.62513
      vertex 4.21995 -0.413488 -17.363
      vertex 26.5988 -0.413488 -5.64263
    endloop
  endfacet
  facet normal 0.451511 -0.229997 -0.862113
    outer loop
      vertex 26.7713 -0.786502 -5.45276
      vertex 4.21995 -0.413488 -17.363
      vertex 26.6067 -0.463525 -5.62513
    endloop
  endfacet
  facet normal 0.451504 -0.230053 -0.862102
    outer loop
      vertex 4.21995 -0.413488 -17.363
      vertex 26.7713 -0.786502 -5.45276
      vertex 4.02989 -0.786502 -17.363
    endloop
  endfacet
  facet normal 0.802464 -0.127094 -0.583008
    outer loop
      vertex 33.712 0 -1.33808
      vertex 33.068 -0.644023 -2.0841
      vertex 33.17 0 -2.0841
    endloop
  endfacet
  facet normal 0.585262 -0.0926935 -0.805529
    outer loop
      vertex 33.068 -0.644023 -2.0841
      vertex 32.3585 -0.413488 -2.62612
      vertex 33.17 0 -2.0841
    endloop
  endfacet
  facet normal 0.848399 -0.432264 0.30556
    outer loop
      vertex 33.5835 -0.811517 1.33808
      vertex 33.2105 -1.5436 1.33808
      vertex 33.8545 -0.899573 0.461069
    endloop
  endfacet
  facet normal 0.940457 -0.148917 0.305557
    outer loop
      vertex 33.712 0 1.33808
      vertex 33.5835 -0.811517 1.33808
      vertex 33.8545 -0.899573 0.461069
    endloop
  endfacet
  facet normal 0.848394 -0.43229 0.305537
    outer loop
      vertex 33.8545 -0.899573 0.461069
      vertex 33.2105 -1.5436 1.33808
      vertex 33.441 -1.71109 0.461069
    endloop
  endfacet
  facet normal 0.987685 0.156458 0
    outer loop
      vertex 33.997 0 0.461069
      vertex 33.8545 0.899573 -0.461069
      vertex 33.8545 0.899573 0.461069
    endloop
  endfacet
  facet normal 0.987685 0.156458 0
    outer loop
      vertex 33.8545 0.899573 -0.461069
      vertex 33.997 0 0.461069
      vertex 33.997 0 -0.461069
    endloop
  endfacet
  facet normal -0.368826 -0.723908 -0.583031
    outer loop
      vertex -16.3545 -29.4188 -1.33808
      vertex -17.0866 -29.0458 -1.33808
      vertex -16.187 -28.9033 -2.0841
    endloop
  endfacet
  facet normal -0.127068 -0.802455 -0.583026
    outer loop
      vertex -15.543 -29.5473 -1.33808
      vertex -16.3545 -29.4188 -1.33808
      vertex -16.187 -28.9033 -2.0841
    endloop
  endfacet
  facet normal -0.565045 -0.162901 -0.808818
    outer loop
      vertex -14.1921 -22.7908 -5.37404
      vertex -3.45578 -3.19652 -16.8209
      vertex -2.74627 -2.96598 -17.363
    endloop
  endfacet
  facet normal -0.565033 -0.162911 -0.808825
    outer loop
      vertex -14.6267 -22.9072 -5.04699
      vertex -3.45578 -3.19652 -16.8209
      vertex -14.1921 -22.7908 -5.37404
    endloop
  endfacet
  facet normal -0.564908 -0.163021 -0.80889
    outer loop
      vertex -3.45578 -3.19652 -16.8209
      vertex -14.6267 -22.9072 -5.04699
      vertex -14.9611 -23.1244 -4.76968
    endloop
  endfacet
  facet normal -0.565066 -0.1629 -0.808804
    outer loop
      vertex -15.392 -24.869 -4.11725
      vertex -16.8155 -27.3347 -2.62612
      vertex -15.5084 -24.4343 -4.12348
    endloop
  endfacet
  facet normal -0.56491 -0.163014 -0.80889
    outer loop
      vertex -17.5251 -27.5652 -2.0841
      vertex -15.5084 -24.4343 -4.12348
      vertex -16.8155 -27.3347 -2.62612
    endloop
  endfacet
  facet normal -0.564794 -0.163126 -0.808948
    outer loop
      vertex -15.5084 -24.4343 -4.12348
      vertex -17.5251 -27.5652 -2.0841
      vertex -15.4876 -24.0362 -4.21828
    endloop
  endfacet
  facet normal -0.574558 -0.574433 -0.583018
    outer loop
      vertex -17.0866 -29.0458 -1.33808
      vertex -17.229 -28.1462 -2.0841
      vertex -16.768 -28.6073 -2.0841
    endloop
  endfacet
  facet normal -0.574539 -0.57444 -0.58303
    outer loop
      vertex -17.229 -28.1462 -2.0841
      vertex -17.0866 -29.0458 -1.33808
      vertex -17.6675 -28.4648 -1.33808
    endloop
  endfacet
  facet normal 0.432307 0.848387 -0.305533
    outer loop
      vertex -13.9994 29.0458 -1.33808
      vertex -14.7314 29.4188 -1.33808
      vertex -14.6434 29.6898 -0.461069
    endloop
  endfacet
  facet normal 0.475777 0.82407 -0.307482
    outer loop
      vertex 32.6295 2.12458 -1.33808
      vertex -13.8319 29.2763 -0.461069
      vertex 32.797 2.35511 -0.461069
    endloop
  endfacet
  facet normal 0.475781 0.824077 -0.307457
    outer loop
      vertex -13.8319 29.2763 -0.461069
      vertex 32.6295 2.12458 -1.33808
      vertex -13.9994 29.0458 -1.33808
    endloop
  endfacet
  facet normal 0.527956 0.268982 -0.805551
    outer loop
      vertex 33.068 0.644023 -2.0841
      vertex 32.1684 0.786502 -2.62612
      vertex 32.772 1.22501 -2.0841
    endloop
  endfacet
  facet normal -0.148984 0.940429 -0.305609
    outer loop
      vertex -15.543 29.5473 -1.33808
      vertex -16.4425 29.6898 -0.461069
      vertex -15.543 29.8323 -0.461069
    endloop
  endfacet
  facet normal -0.723867 0.368911 -0.583028
    outer loop
      vertex -17.5251 27.5652 -2.0841
      vertex -17.6675 28.4648 -1.33808
      vertex -17.229 28.1462 -2.0841
    endloop
  endfacet
  facet normal -0.432303 0.848402 0.305497
    outer loop
      vertex -16.4425 29.6898 0.461069
      vertex -17.254 29.2763 0.461069
      vertex -17.0866 29.0458 1.33808
    endloop
  endfacet
  facet normal 0.148968 0.940431 0.30561
    outer loop
      vertex -15.543 29.8323 0.461069
      vertex -15.543 29.5473 1.33808
      vertex -14.6434 29.6898 0.461069
    endloop
  endfacet
  facet normal -0.723867 0.368911 0.583028
    outer loop
      vertex -17.229 28.1462 2.0841
      vertex -17.6675 28.4648 1.33808
      vertex -17.5251 27.5652 2.0841
    endloop
  endfacet
  facet normal -0.574558 0.574433 0.583018
    outer loop
      vertex -17.0866 29.0458 1.33808
      vertex -17.229 28.1462 2.0841
      vertex -16.768 28.6073 2.0841
    endloop
  endfacet
  facet normal -0.574539 0.57444 0.58303
    outer loop
      vertex -17.229 28.1462 2.0841
      vertex -17.0866 29.0458 1.33808
      vertex -17.6675 28.4648 1.33808
    endloop
  endfacet
  facet normal -0.269003 0.527959 0.805541
    outer loop
      vertex -16.187 28.9033 2.0841
      vertex -16.3295 28.0037 2.62612
      vertex -15.9564 28.1938 2.62612
    endloop
  endfacet
  facet normal 0.127079 0.802466 -0.583009
    outer loop
      vertex -14.8989 28.9033 -2.0841
      vertex -15.543 29.0053 -2.0841
      vertex -15.543 29.5473 -1.33808
    endloop
  endfacet
  facet normal -0.574558 0.574433 -0.583018
    outer loop
      vertex -17.229 28.1462 -2.0841
      vertex -17.0866 29.0458 -1.33808
      vertex -16.768 28.6073 -2.0841
    endloop
  endfacet
  facet normal -0.574539 0.57444 -0.58303
    outer loop
      vertex -17.0866 29.0458 -1.33808
      vertex -17.229 28.1462 -2.0841
      vertex -17.6675 28.4648 -1.33808
    endloop
  endfacet
  facet normal -0.269003 0.527959 -0.805541
    outer loop
      vertex -15.9564 28.1938 -2.62612
      vertex -16.3295 28.0037 -2.62612
      vertex -16.187 28.9033 -2.0841
    endloop
  endfacet
  facet normal 0.127053 0.802458 -0.583025
    outer loop
      vertex -14.8989 28.9033 -2.0841
      vertex -15.543 29.5473 -1.33808
      vertex -14.7314 29.4188 -1.33808
    endloop
  endfacet
  facet normal -0.368826 0.723908 -0.583031
    outer loop
      vertex -16.187 28.9033 -2.0841
      vertex -17.0866 29.0458 -1.33808
      vertex -16.3545 29.4188 -1.33808
    endloop
  endfacet
  facet normal -0.0763813 0.483298 0.872117
    outer loop
      vertex -15.543 28.2593 2.62612
      vertex -14.3285 25.7448 4.12594
      vertex -14.0982 25.7568 4.13946
    endloop
  endfacet
  facet normal -0.0766836 0.483177 0.872158
    outer loop
      vertex -15.543 28.2593 2.62612
      vertex -14.5037 25.6775 4.14782
      vertex -14.3285 25.7448 4.12594
    endloop
  endfacet
  facet normal -0.0765622 0.483218 0.872146
    outer loop
      vertex -14.5037 25.6775 4.14782
      vertex -15.543 28.2593 2.62612
      vertex -15.9564 28.1938 2.62612
    endloop
  endfacet
  facet normal -0.0766562 0.483178 0.87216
    outer loop
      vertex -12.9019 23.2738 5.62021
      vertex -1.47368 3.89057 17.363
      vertex -12.7763 23.4673 5.52405
    endloop
  endfacet
  facet normal -0.0765365 0.483235 0.872139
    outer loop
      vertex -1.47368 3.89057 17.363
      vertex -12.9019 23.2738 5.62021
      vertex -1.88717 3.82508 17.363
    endloop
  endfacet
  facet normal -0.0763556 0.483319 0.872108
    outer loop
      vertex -1.88717 3.82508 17.363
      vertex -12.9019 23.2738 5.62021
      vertex -13.0477 23.1558 5.67284
    endloop
  endfacet
  facet normal 0.419034 -0.419034 0.805494
    outer loop
      vertex 4.02989 -0.786502 17.363
      vertex 4.17237 -1.68608 16.8209
      vertex 4.63344 -1.22501 16.8209
    endloop
  endfacet
  facet normal 0.419043 -0.419031 0.805491
    outer loop
      vertex 4.17237 -1.68608 16.8209
      vertex 4.02989 -0.786502 17.363
      vertex 3.73387 -1.08253 17.363
    endloop
  endfacet
  facet normal 0.420851 -0.420879 0.803583
    outer loop
      vertex 28.8924 -1.22501 4.11592
      vertex 32.3109 -1.68608 2.0841
      vertex 32.772 -1.22501 2.0841
    endloop
  endfacet
  facet normal 0.420869 -0.420826 0.803601
    outer loop
      vertex 28.4968 -1.42658 4.21755
      vertex 32.3109 -1.68608 2.0841
      vertex 28.8924 -1.22501 4.11592
    endloop
  endfacet
  facet normal 0.420887 -0.420764 0.803624
    outer loop
      vertex 28.0333 -1.5 4.42186
      vertex 32.3109 -1.68608 2.0841
      vertex 28.4968 -1.42658 4.21755
    endloop
  endfacet
  facet normal 0.420858 -0.420858 0.80359
    outer loop
      vertex 4.17237 -1.68608 16.8209
      vertex 27.1741 -1.22501 5.01584
      vertex 4.63344 -1.22501 16.8209
    endloop
  endfacet
  facet normal 0.420879 -0.420752 0.803635
    outer loop
      vertex 27.1741 -1.22501 5.01584
      vertex 4.17237 -1.68608 16.8209
      vertex 27.5698 -1.42658 4.70307
    endloop
  endfacet
  facet normal 0.420834 -0.420971 0.803543
    outer loop
      vertex 27.5698 -1.42658 4.70307
      vertex 4.17237 -1.68608 16.8209
      vertex 28.0333 -1.5 4.42186
    endloop
  endfacet
  facet normal 0.420838 -0.420956 0.80355
    outer loop
      vertex 28.0333 -1.5 4.42186
      vertex 4.17237 -1.68608 16.8209
      vertex 32.3109 -1.68608 2.0841
    endloop
  endfacet
  facet normal 0.308594 -0.0488845 0.949937
    outer loop
      vertex 3.40844 0 17.6479
      vertex 3.38587 -0.142478 17.6479
      vertex 4.28544 0 17.363
    endloop
  endfacet
  facet normal -0.141843 -0.278386 0.949938
    outer loop
      vertex -1.61616 -2.991 17.6479
      vertex -2.26019 -3.63502 17.363
      vertex -1.88717 -3.82508 17.363
    endloop
  endfacet
  facet normal -0.141845 -0.278384 0.949938
    outer loop
      vertex -1.74469 -2.92551 17.6479
      vertex -2.26019 -3.63502 17.363
      vertex -1.61616 -2.991 17.6479
    endloop
  endfacet
  facet normal -0.308591 -0.0488651 0.949939
    outer loop
      vertex -1.93475 -2.5525 17.6479
      vertex -2.81176 -2.5525 17.363
      vertex -1.91219 -2.69497 17.6479
    endloop
  endfacet
  facet normal -0.308593 -0.0488772 0.949938
    outer loop
      vertex -1.91219 -2.69497 17.6479
      vertex -2.81176 -2.5525 17.363
      vertex -2.74627 -2.96598 17.363
    endloop
  endfacet
  facet normal 0.308594 0.0488845 0.949937
    outer loop
      vertex 4.28544 0 17.363
      vertex 3.38587 0.142478 17.6479
      vertex 3.40844 0 17.6479
    endloop
  endfacet
  facet normal 0.092682 -0.58526 0.805532
    outer loop
      vertex -15.1295 -28.1938 2.62612
      vertex -15.543 -29.0053 2.0841
      vertex -14.8989 -28.9033 2.0841
    endloop
  endfacet
  facet normal -0.127098 -0.802464 0.583008
    outer loop
      vertex -15.543 -29.0053 2.0841
      vertex -16.187 -28.9033 2.0841
      vertex -15.543 -29.5473 1.33808
    endloop
  endfacet
  facet normal -0.574558 -0.574433 0.583018
    outer loop
      vertex -17.229 -28.1462 2.0841
      vertex -17.0866 -29.0458 1.33808
      vertex -16.768 -28.6073 2.0841
    endloop
  endfacet
  facet normal -0.574539 -0.57444 0.58303
    outer loop
      vertex -17.0866 -29.0458 1.33808
      vertex -17.229 -28.1462 2.0841
      vertex -17.6675 -28.4648 1.33808
    endloop
  endfacet
  facet normal 0.432297 -0.848389 -0.305542
    outer loop
      vertex -13.8319 -29.2763 -0.461069
      vertex -14.6434 -29.6898 -0.461069
      vertex -13.9994 -29.0458 -1.33808
    endloop
  endfacet
  facet normal 0.527956 -0.268982 -0.805551
    outer loop
      vertex 32.772 -1.22501 -2.0841
      vertex 32.1684 -0.786502 -2.62612
      vertex 33.068 -0.644023 -2.0841
    endloop
  endfacet
  facet normal 0.278386 -0.141845 -0.949938
    outer loop
      vertex 4.02989 -0.786502 -17.363
      vertex 3.38587 -0.142478 -17.6479
      vertex 4.21995 -0.413488 -17.363
    endloop
  endfacet
  facet normal 0.462702 -0.073296 -0.883479
    outer loop
      vertex 32.3585 -0.413488 -2.62612
      vertex 29.5333 0 -4.14006
      vertex 32.424 0 -2.62612
    endloop
  endfacet
  facet normal 0.462702 -0.073296 -0.883479
    outer loop
      vertex 29.5333 0 -4.14006
      vertex 32.3585 -0.413488 -2.62612
      vertex 29.4678 -0.413488 -4.14006
    endloop
  endfacet
  facet normal 0.462701 -0.0732786 -0.883481
    outer loop
      vertex 26.5988 -0.413488 -5.64263
      vertex 4.28544 0 -17.363
      vertex 26.5333 0 -5.71123
    endloop
  endfacet
  facet normal 0.462701 -0.0732846 -0.88348
    outer loop
      vertex 4.28544 0 -17.363
      vertex 26.5988 -0.413488 -5.64263
      vertex 4.21995 -0.413488 -17.363
    endloop
  endfacet
  facet normal 0.723906 -0.368834 0.583028
    outer loop
      vertex 33.5835 -0.811517 1.33808
      vertex 33.068 -0.644023 2.0841
      vertex 33.2105 -1.5436 1.33808
    endloop
  endfacet
  facet normal 0.802456 -0.127065 0.583026
    outer loop
      vertex 33.712 0 1.33808
      vertex 33.068 -0.644023 2.0841
      vertex 33.5835 -0.811517 1.33808
    endloop
  endfacet
  facet normal 0.723921 0.368822 -0.583017
    outer loop
      vertex 33.068 0.644023 -2.0841
      vertex 32.772 1.22501 -2.0841
      vertex 33.2105 1.5436 -1.33808
    endloop
  endfacet
  facet normal 0.707118 0.707096 0
    outer loop
      vertex 33.441 1.71109 0.461069
      vertex 32.797 2.35511 -0.461069
      vertex 32.797 2.35511 0.461069
    endloop
  endfacet
  facet normal 0.707118 0.707096 0
    outer loop
      vertex 32.797 2.35511 -0.461069
      vertex 33.441 1.71109 0.461069
      vertex 33.441 1.71109 -0.461069
    endloop
  endfacet
  facet normal 0.420851 0.420879 -0.803583
    outer loop
      vertex 28.8924 1.22501 -4.11592
      vertex 32.3109 1.68608 -2.0841
      vertex 32.772 1.22501 -2.0841
    endloop
  endfacet
  facet normal 0.420869 0.420826 -0.803601
    outer loop
      vertex 28.4968 1.42658 -4.21755
      vertex 32.3109 1.68608 -2.0841
      vertex 28.8924 1.22501 -4.11592
    endloop
  endfacet
  facet normal 0.420887 0.420764 -0.803624
    outer loop
      vertex 28.0333 1.5 -4.42186
      vertex 32.3109 1.68608 -2.0841
      vertex 28.4968 1.42658 -4.21755
    endloop
  endfacet
  facet normal 0.420858 0.420858 -0.80359
    outer loop
      vertex 4.17237 1.68608 -16.8209
      vertex 27.1741 1.22501 -5.01584
      vertex 4.63344 1.22501 -16.8209
    endloop
  endfacet
  facet normal 0.420879 0.420752 -0.803635
    outer loop
      vertex 27.1741 1.22501 -5.01584
      vertex 4.17237 1.68608 -16.8209
      vertex 27.5698 1.42658 -4.70307
    endloop
  endfacet
  facet normal 0.420834 0.420971 -0.803543
    outer loop
      vertex 27.5698 1.42658 -4.70307
      vertex 4.17237 1.68608 -16.8209
      vertex 28.0333 1.5 -4.42186
    endloop
  endfacet
  facet normal 0.420838 0.420956 -0.80355
    outer loop
      vertex 28.0333 1.5 -4.42186
      vertex 4.17237 1.68608 -16.8209
      vertex 32.3109 1.68608 -2.0841
    endloop
  endfacet
  facet normal 0.156453 0.987685 -0
    outer loop
      vertex -14.6434 29.6898 -0.461069
      vertex -15.543 29.8323 0.461069
      vertex -14.6434 29.6898 0.461069
    endloop
  endfacet
  facet normal 0.156453 0.987685 0
    outer loop
      vertex -15.543 29.8323 0.461069
      vertex -14.6434 29.6898 -0.461069
      vertex -15.543 29.8323 -0.461069
    endloop
  endfacet
  facet normal -0.418983 0.418983 -0.805547
    outer loop
      vertex -16.6255 27.7077 -2.62612
      vertex -16.768 28.6073 -2.0841
      vertex -16.3295 28.0037 -2.62612
    endloop
  endfacet
  facet normal -0.41905 0.418959 -0.805525
    outer loop
      vertex -16.768 28.6073 -2.0841
      vertex -16.6255 27.7077 -2.62612
      vertex -17.229 28.1462 -2.0841
    endloop
  endfacet
  facet normal 0.148903 0.940462 -0.305548
    outer loop
      vertex -14.7314 29.4188 -1.33808
      vertex -15.543 29.5473 -1.33808
      vertex -14.6434 29.6898 -0.461069
    endloop
  endfacet
  facet normal -0.432303 0.848402 -0.305497
    outer loop
      vertex -17.0866 29.0458 -1.33808
      vertex -17.254 29.2763 -0.461069
      vertex -16.4425 29.6898 -0.461069
    endloop
  endfacet
  facet normal -0.0927309 0.585266 -0.805521
    outer loop
      vertex -15.543 28.2593 -2.62612
      vertex -15.9564 28.1938 -2.62612
      vertex -15.543 29.0053 -2.0841
    endloop
  endfacet
  facet normal -0.0926958 0.585256 -0.805533
    outer loop
      vertex -15.9564 28.1938 -2.62612
      vertex -16.187 28.9033 -2.0841
      vertex -15.543 29.0053 -2.0841
    endloop
  endfacet
  facet normal 0.432307 0.848387 0.305533
    outer loop
      vertex -14.6434 29.6898 0.461069
      vertex -14.7314 29.4188 1.33808
      vertex -13.9994 29.0458 1.33808
    endloop
  endfacet
  facet normal 0.432297 0.848389 0.305542
    outer loop
      vertex -13.8319 29.2763 0.461069
      vertex -14.6434 29.6898 0.461069
      vertex -13.9994 29.0458 1.33808
    endloop
  endfacet
  facet normal -0.210913 0.413794 0.885602
    outer loop
      vertex -13.2666 22.9785 5.70355
      vertex -1.88717 3.82508 17.363
      vertex -13.0477 23.1558 5.67284
    endloop
  endfacet
  facet normal -0.210853 0.413828 0.8856
    outer loop
      vertex -1.88717 3.82508 17.363
      vertex -13.2666 22.9785 5.70355
      vertex -2.26019 3.63502 17.363
    endloop
  endfacet
  facet normal -0.210977 0.413759 0.885603
    outer loop
      vertex -2.26019 3.63502 17.363
      vertex -13.2666 22.9785 5.70355
      vertex -13.3988 22.9277 5.69579
    endloop
  endfacet
  facet normal -0.210839 0.413835 0.8856
    outer loop
      vertex -15.9564 28.1938 2.62612
      vertex -14.7666 25.5766 4.13238
      vertex -14.5037 25.6775 4.14782
    endloop
  endfacet
  facet normal -0.210852 0.413829 0.8856
    outer loop
      vertex -16.3295 28.0037 2.62612
      vertex -14.7666 25.5766 4.13238
      vertex -15.9564 28.1938 2.62612
    endloop
  endfacet
  facet normal -0.210753 0.413889 0.885595
    outer loop
      vertex -14.7666 25.5766 4.13238
      vertex -16.3295 28.0037 2.62612
      vertex -14.8767 25.4875 4.14782
    endloop
  endfacet
  facet normal -0.368814 0.723923 0.58302
    outer loop
      vertex -16.187 28.9033 2.0841
      vertex -17.0866 29.0458 1.33808
      vertex -16.768 28.6073 2.0841
    endloop
  endfacet
  facet normal -0.723949 0.368847 0.582967
    outer loop
      vertex -17.6675 28.4648 1.33808
      vertex -18.0405 27.7327 1.33808
      vertex -17.5251 27.5652 2.0841
    endloop
  endfacet
  facet normal -0.848372 0.43224 0.305668
    outer loop
      vertex -17.6675 28.4648 1.33808
      vertex -18.3116 27.8208 0.461069
      vertex -18.0405 27.7327 1.33808
    endloop
  endfacet
  facet normal -0.0926958 0.585256 0.805533
    outer loop
      vertex -15.543 29.0053 2.0841
      vertex -16.187 28.9033 2.0841
      vertex -15.9564 28.1938 2.62612
    endloop
  endfacet
  facet normal -0.564794 0.163126 -0.808948
    outer loop
      vertex -17.5251 27.5652 -2.0841
      vertex -15.5084 24.4343 -4.12348
      vertex -15.4876 24.0362 -4.21828
    endloop
  endfacet
  facet normal -0.56491 0.163014 -0.80889
    outer loop
      vertex -15.5084 24.4343 -4.12348
      vertex -17.5251 27.5652 -2.0841
      vertex -16.8155 27.3347 -2.62612
    endloop
  endfacet
  facet normal -0.565066 0.1629 -0.808804
    outer loop
      vertex -15.392 24.869 -4.11725
      vertex -15.5084 24.4343 -4.12348
      vertex -16.8155 27.3347 -2.62612
    endloop
  endfacet
  facet normal -0.565045 0.162901 -0.808818
    outer loop
      vertex -3.45578 3.19652 -16.8209
      vertex -14.1921 22.7908 -5.37404
      vertex -2.74627 2.96598 -17.363
    endloop
  endfacet
  facet normal -0.565033 0.162911 -0.808825
    outer loop
      vertex -3.45578 3.19652 -16.8209
      vertex -14.6267 22.9072 -5.04699
      vertex -14.1921 22.7908 -5.37404
    endloop
  endfacet
  facet normal -0.564908 0.163021 -0.80889
    outer loop
      vertex -14.6267 22.9072 -5.04699
      vertex -3.45578 3.19652 -16.8209
      vertex -14.9611 23.1244 -4.76968
    endloop
  endfacet
  facet normal 0.462702 -0.073296 0.883479
    outer loop
      vertex 29.5333 0 4.14006
      vertex 32.3585 -0.413488 2.62612
      vertex 32.424 0 2.62612
    endloop
  endfacet
  facet normal 0.462702 -0.073296 0.883479
    outer loop
      vertex 32.3585 -0.413488 2.62612
      vertex 29.5333 0 4.14006
      vertex 29.4678 -0.413488 4.14006
    endloop
  endfacet
  facet normal 0.462701 -0.0732786 0.883481
    outer loop
      vertex 4.28544 0 17.363
      vertex 26.5988 -0.413488 5.64263
      vertex 26.5333 0 5.71123
    endloop
  endfacet
  facet normal 0.462701 -0.0732846 0.88348
    outer loop
      vertex 26.5988 -0.413488 5.64263
      vertex 4.28544 0 17.363
      vertex 4.21995 -0.413488 17.363
    endloop
  endfacet
  facet normal 0.0927086 -0.585267 0.805523
    outer loop
      vertex -15.543 -28.2593 2.62612
      vertex -15.543 -29.0053 2.0841
      vertex -15.1295 -28.1938 2.62612
    endloop
  endfacet
  facet normal 0.0872319 -0.551903 0.829333
    outer loop
      vertex -13.8598 -25.7693 4.10602
      vertex -15.1295 -28.1938 2.62612
      vertex -13.7059 -25.7281 4.11725
    endloop
  endfacet
  facet normal 0.0873821 -0.551952 0.829285
    outer loop
      vertex -14.0982 -25.7568 4.13946
      vertex -15.1295 -28.1938 2.62612
      vertex -13.8598 -25.7693 4.10602
    endloop
  endfacet
  facet normal 0.0874334 -0.551965 0.829271
    outer loop
      vertex -15.1295 -28.1938 2.62612
      vertex -14.0982 -25.7568 4.13946
      vertex -15.543 -28.2593 2.62612
    endloop
  endfacet
  facet normal 0.0874231 -0.551971 0.829268
    outer loop
      vertex -12.6463 -23.6674 5.37713
      vertex -1.06019 -3.82508 17.363
      vertex -1.47368 -3.89057 17.363
    endloop
  endfacet
  facet normal 0.0873148 -0.551931 0.829306
    outer loop
      vertex -1.06019 -3.82508 17.363
      vertex -12.6463 -23.6674 5.37713
      vertex -12.6051 -23.8214 5.2703
    endloop
  endfacet
  facet normal 0.0875088 -0.552002 0.829238
    outer loop
      vertex -12.6463 -23.6674 5.37713
      vertex -1.47368 -3.89057 17.363
      vertex -12.7763 -23.4673 5.52405
    endloop
  endfacet
  facet normal 0.574485 -0.574505 -0.583018
    outer loop
      vertex 32.6295 -2.12458 -1.33808
      vertex 32.772 -1.22501 -2.0841
      vertex 33.2105 -1.5436 -1.33808
    endloop
  endfacet
  facet normal 0.574472 -0.57451 -0.583027
    outer loop
      vertex 32.772 -1.22501 -2.0841
      vertex 32.6295 -2.12458 -1.33808
      vertex 32.3109 -1.68608 -2.0841
    endloop
  endfacet
  facet normal 0.848394 0.43229 -0.305537
    outer loop
      vertex 33.8545 0.899573 -0.461069
      vertex 33.2105 1.5436 -1.33808
      vertex 33.441 1.71109 -0.461069
    endloop
  endfacet
  facet normal 0.361648 0.626394 -0.690537
    outer loop
      vertex -0.248678 4.23857 -16.8209
      vertex -14.3179 28.6073 -2.0841
      vertex 4.17237 1.68608 -16.8209
    endloop
  endfacet
  facet normal -0.127068 0.802455 -0.583026
    outer loop
      vertex -16.187 28.9033 -2.0841
      vertex -16.3545 29.4188 -1.33808
      vertex -15.543 29.5473 -1.33808
    endloop
  endfacet
  facet normal -0.14892 0.940459 -0.305548
    outer loop
      vertex -16.3545 29.4188 -1.33808
      vertex -16.4425 29.6898 -0.461069
      vertex -15.543 29.5473 -1.33808
    endloop
  endfacet
  facet normal -0.432259 0.84841 -0.305536
    outer loop
      vertex -16.3545 29.4188 -1.33808
      vertex -17.0866 29.0458 -1.33808
      vertex -16.4425 29.6898 -0.461069
    endloop
  endfacet
  facet normal -0.14892 0.940459 0.305548
    outer loop
      vertex -15.543 29.5473 1.33808
      vertex -16.4425 29.6898 0.461069
      vertex -16.3545 29.4188 1.33808
    endloop
  endfacet
  facet normal -0.673253 0.673358 -0.305483
    outer loop
      vertex -17.0866 29.0458 -1.33808
      vertex -17.8981 28.6323 -0.461069
      vertex -17.254 29.2763 -0.461069
    endloop
  endfacet
  facet normal -0.673332 0.673216 -0.305622
    outer loop
      vertex -17.8981 28.6323 -0.461069
      vertex -17.0866 29.0458 -1.33808
      vertex -17.6675 28.4648 -1.33808
    endloop
  endfacet
  facet normal -0.0765365 0.483235 -0.872139
    outer loop
      vertex -12.9019 23.2738 -5.62021
      vertex -1.47368 3.89057 -17.363
      vertex -1.88717 3.82508 -17.363
    endloop
  endfacet
  facet normal -0.0766562 0.483178 -0.87216
    outer loop
      vertex -1.47368 3.89057 -17.363
      vertex -12.9019 23.2738 -5.62021
      vertex -12.7763 23.4673 -5.52405
    endloop
  endfacet
  facet normal -0.0763556 0.483319 -0.872108
    outer loop
      vertex -12.9019 23.2738 -5.62021
      vertex -1.88717 3.82508 -17.363
      vertex -13.0477 23.1558 -5.67284
    endloop
  endfacet
  facet normal -0.0763813 0.483298 -0.872117
    outer loop
      vertex -14.3285 25.7448 -4.12594
      vertex -15.543 28.2593 -2.62612
      vertex -14.0982 25.7568 -4.13946
    endloop
  endfacet
  facet normal -0.0766836 0.483177 -0.872158
    outer loop
      vertex -14.5037 25.6775 -4.14782
      vertex -15.543 28.2593 -2.62612
      vertex -14.3285 25.7448 -4.12594
    endloop
  endfacet
  facet normal -0.0765622 0.483218 -0.872146
    outer loop
      vertex -15.543 28.2593 -2.62612
      vertex -14.5037 25.6775 -4.14782
      vertex -15.9564 28.1938 -2.62612
    endloop
  endfacet
  facet normal -0.368814 0.723923 -0.58302
    outer loop
      vertex -16.768 28.6073 -2.0841
      vertex -17.0866 29.0458 -1.33808
      vertex -16.187 28.9033 -2.0841
    endloop
  endfacet
  facet normal -0.268978 0.52796 -0.805549
    outer loop
      vertex -16.3295 28.0037 -2.62612
      vertex -16.768 28.6073 -2.0841
      vertex -16.187 28.9033 -2.0841
    endloop
  endfacet
  facet normal -0.336955 0.337097 0.879106
    outer loop
      vertex -13.7048 22.8103 5.62352
      vertex -2.26019 3.63502 17.363
      vertex -13.3988 22.9277 5.69579
    endloop
  endfacet
  facet normal -0.33704 0.33704 0.879095
    outer loop
      vertex -2.26019 3.63502 17.363
      vertex -13.7048 22.8103 5.62352
      vertex -2.55621 3.339 17.363
    endloop
  endfacet
  facet normal -0.337068 0.337021 0.879091
    outer loop
      vertex -2.55621 3.339 17.363
      vertex -13.7048 22.8103 5.62352
      vertex -13.7952 22.8056 5.59066
    endloop
  endfacet
  facet normal -0.337041 0.337041 0.879094
    outer loop
      vertex -16.6255 27.7077 2.62612
      vertex -14.8767 25.4875 4.14782
      vertex -16.3295 28.0037 2.62612
    endloop
  endfacet
  facet normal -0.337069 0.337018 0.879092
    outer loop
      vertex -14.8767 25.4875 4.14782
      vertex -16.6255 27.7077 2.62612
      vertex -15.1314 25.2812 4.12925
    endloop
  endfacet
  facet normal -0.337272 0.336879 0.879068
    outer loop
      vertex -15.1314 25.2812 4.12925
      vertex -16.6255 27.7077 2.62612
      vertex -15.1807 25.2052 4.13946
    endloop
  endfacet
  facet normal -0.940404 0.149028 0.305666
    outer loop
      vertex -18.0405 27.7327 1.33808
      vertex -18.3116 27.8208 0.461069
      vertex -18.1691 26.9212 1.33808
    endloop
  endfacet
  facet normal -0.802485 0.127171 0.582963
    outer loop
      vertex -18.0405 27.7327 1.33808
      vertex -18.1691 26.9212 1.33808
      vertex -17.5251 27.5652 2.0841
    endloop
  endfacet
  facet normal -0.471949 0.240466 -0.848198
    outer loop
      vertex -14.1734 22.7857 -5.38585
      vertex -2.55621 3.339 -17.363
      vertex -2.74627 2.96598 -17.363
    endloop
  endfacet
  facet normal -0.471979 0.240443 -0.848188
    outer loop
      vertex -2.55621 3.339 -17.363
      vertex -14.1734 22.7857 -5.38585
      vertex -13.7952 22.8056 -5.59066
    endloop
  endfacet
  facet normal -0.470096 0.241909 -0.848817
    outer loop
      vertex -14.1734 22.7857 -5.38585
      vertex -2.74627 2.96598 -17.363
      vertex -14.1921 22.7908 -5.37404
    endloop
  endfacet
  facet normal -0.471903 0.24051 -0.848211
    outer loop
      vertex -16.8155 27.3347 -2.62612
      vertex -15.1807 25.2052 -4.13946
      vertex -15.387 24.8876 -4.11474
    endloop
  endfacet
  facet normal -0.471102 0.241139 -0.848478
    outer loop
      vertex -16.8155 27.3347 -2.62612
      vertex -15.387 24.8876 -4.11474
      vertex -15.392 24.869 -4.11725
    endloop
  endfacet
  facet normal -0.471991 0.240424 -0.848187
    outer loop
      vertex -15.1807 25.2052 -4.13946
      vertex -16.8155 27.3347 -2.62612
      vertex -16.6255 27.7077 -2.62612
    endloop
  endfacet
  facet normal 0.092682 0.58526 -0.805532
    outer loop
      vertex -15.1295 28.1938 -2.62612
      vertex -15.543 29.0053 -2.0841
      vertex -14.8989 28.9033 -2.0841
    endloop
  endfacet
  facet normal 0.0927086 0.585267 -0.805523
    outer loop
      vertex -15.1295 28.1938 -2.62612
      vertex -15.543 28.2593 -2.62612
      vertex -15.543 29.0053 -2.0841
    endloop
  endfacet
  facet normal -0.454008 0.890998 0
    outer loop
      vertex -16.4425 29.6898 -0.461069
      vertex -17.254 29.2763 0.461069
      vertex -16.4425 29.6898 0.461069
    endloop
  endfacet
  facet normal -0.454008 0.890998 0
    outer loop
      vertex -17.254 29.2763 0.461069
      vertex -16.4425 29.6898 -0.461069
      vertex -17.254 29.2763 -0.461069
    endloop
  endfacet
  facet normal -0.337069 -0.337018 0.879092
    outer loop
      vertex -16.6255 -27.7077 2.62612
      vertex -14.8767 -25.4875 4.14782
      vertex -15.1314 -25.2812 4.12925
    endloop
  endfacet
  facet normal -0.337272 -0.336879 0.879068
    outer loop
      vertex -16.6255 -27.7077 2.62612
      vertex -15.1314 -25.2812 4.12925
      vertex -15.1807 -25.2052 4.13946
    endloop
  endfacet
  facet normal -0.337041 -0.337041 0.879094
    outer loop
      vertex -14.8767 -25.4875 4.14782
      vertex -16.6255 -27.7077 2.62612
      vertex -16.3295 -28.0037 2.62612
    endloop
  endfacet
  facet normal -0.33704 -0.33704 0.879095
    outer loop
      vertex -13.7048 -22.8103 5.62352
      vertex -2.26019 -3.63502 17.363
      vertex -2.55621 -3.339 17.363
    endloop
  endfacet
  facet normal -0.336955 -0.337097 0.879106
    outer loop
      vertex -2.26019 -3.63502 17.363
      vertex -13.7048 -22.8103 5.62352
      vertex -13.3988 -22.9277 5.69579
    endloop
  endfacet
  facet normal -0.337068 -0.337021 0.879091
    outer loop
      vertex -13.7048 -22.8103 5.62352
      vertex -2.55621 -3.339 17.363
      vertex -13.7952 -22.8056 5.59066
    endloop
  endfacet
  facet normal -0.368814 -0.723923 0.58302
    outer loop
      vertex -16.768 -28.6073 2.0841
      vertex -17.0866 -29.0458 1.33808
      vertex -16.187 -28.9033 2.0841
    endloop
  endfacet
  facet normal -0.368826 -0.723908 0.583031
    outer loop
      vertex -16.187 -28.9033 2.0841
      vertex -17.0866 -29.0458 1.33808
      vertex -16.3545 -29.4188 1.33808
    endloop
  endfacet
  facet normal -0.891002 -0.454 5.32818e-05
    outer loop
      vertex 2.37764 0.772542 -17.6479
      vertex 2.02254 1.46946 -17.533
      vertex 2.31565 0.894201 -17.6479
    endloop
  endfacet
  facet normal -0.891005 -0.453993 0
    outer loop
      vertex 2.02254 1.46946 -17.533
      vertex 2.37764 0.772542 -17.6479
      vertex 2.02254 1.46946 17.533
    endloop
  endfacet
  facet normal -0.891005 -0.453993 -0
    outer loop
      vertex 2.37764 0.772542 17.6479
      vertex 2.02254 1.46946 17.533
      vertex 2.37764 0.772542 -17.6479
    endloop
  endfacet
  facet normal -0.891002 -0.454 -5.32818e-05
    outer loop
      vertex 2.02254 1.46946 17.533
      vertex 2.37764 0.772542 17.6479
      vertex 2.31565 0.894201 17.6479
    endloop
  endfacet
  facet normal -0.987688 -0.156436 0
    outer loop
      vertex 2.5 0 -17.6479
      vertex 2.37764 0.772542 17.6479
      vertex 2.37764 0.772542 -17.6479
    endloop
  endfacet
  facet normal -0.987688 -0.156436 0
    outer loop
      vertex 2.37764 0.772542 17.6479
      vertex 2.5 0 -17.6479
      vertex 2.5 0 17.6479
    endloop
  endfacet
  facet normal -0.707107 -0.707107 0
    outer loop
      vertex 2.02254 1.46946 -17.533
      vertex 1.46946 2.02254 17.4669
      vertex 1.46946 2.02254 -17.4669
    endloop
  endfacet
  facet normal -0.707107 -0.707107 0
    outer loop
      vertex 1.46946 2.02254 17.4669
      vertex 2.02254 1.46946 -17.533
      vertex 2.02254 1.46946 17.533
    endloop
  endfacet
  facet normal -0.156436 -0.987688 0
    outer loop
      vertex 0 2.5 17.5719
      vertex 0.772542 2.37764 -17.4803
      vertex 0.772542 2.37764 17.4803
    endloop
  endfacet
  facet normal -0.156436 -0.987688 0
    outer loop
      vertex 0.772542 2.37764 -17.4803
      vertex 0 2.5 17.5719
      vertex 0 2.5 -17.5719
    endloop
  endfacet
  facet normal -0.453993 -0.891005 0
    outer loop
      vertex 0.772542 2.37764 17.4803
      vertex 1.46946 2.02254 -17.4669
      vertex 1.46946 2.02254 17.4669
    endloop
  endfacet
  facet normal -0.453993 -0.891005 0
    outer loop
      vertex 1.46946 2.02254 -17.4669
      vertex 0.772542 2.37764 17.4803
      vertex 0.772542 2.37764 -17.4803
    endloop
  endfacet
  facet normal 0.453993 -0.891005 0
    outer loop
      vertex -1.46946 2.02254 -17.6479
      vertex -0.772542 2.37764 17.6479
      vertex -1.46946 2.02254 17.6479
    endloop
  endfacet
  facet normal 0.453993 -0.891005 0
    outer loop
      vertex -0.772542 2.37764 17.6479
      vertex -1.46946 2.02254 -17.6479
      vertex -0.772542 2.37764 -17.6479
    endloop
  endfacet
  facet normal 0.156432 0.987689 -3.8485e-05
    outer loop
      vertex 0 -2.5 17.5719
      vertex -0.772542 -2.37764 17.6479
      vertex -0.365426 -2.44212 17.6479
    endloop
  endfacet
  facet normal 0.156436 0.987688 -0
    outer loop
      vertex 0 -2.5 -17.5719
      vertex -0.772542 -2.37764 17.6479
      vertex 0 -2.5 17.5719
    endloop
  endfacet
  facet normal 0.156432 0.987689 3.8485e-05
    outer loop
      vertex -0.772542 -2.37764 -17.6479
      vertex 0 -2.5 -17.5719
      vertex -0.365426 -2.44212 -17.6479
    endloop
  endfacet
  facet normal 0.156436 0.987688 0
    outer loop
      vertex 0 -2.5 -17.5719
      vertex -0.772542 -2.37764 -17.6479
      vertex -0.772542 -2.37764 17.6479
    endloop
  endfacet
  facet normal -0.707107 0.707107 0
    outer loop
      vertex 1.46946 -2.02254 -17.4669
      vertex 2.02254 -1.46946 17.533
      vertex 2.02254 -1.46946 -17.533
    endloop
  endfacet
  facet normal -0.707107 0.707107 0
    outer loop
      vertex 2.02254 -1.46946 17.533
      vertex 1.46946 -2.02254 -17.4669
      vertex 1.46946 -2.02254 17.4669
    endloop
  endfacet
  facet normal 0.891005 0.453993 0
    outer loop
      vertex -2.02254 -1.46946 17.6194
      vertex -2.37764 -0.772542 -17.504
      vertex -2.37764 -0.772542 17.504
    endloop
  endfacet
  facet normal 0.891005 0.453993 0
    outer loop
      vertex -2.37764 -0.772542 -17.504
      vertex -2.02254 -1.46946 17.6194
      vertex -2.02254 -1.46946 -17.6194
    endloop
  endfacet
  facet normal 0.156432 -0.987689 -3.8485e-05
    outer loop
      vertex -0.772542 2.37764 17.6479
      vertex 0 2.5 17.5719
      vertex -0.365426 2.44212 17.6479
    endloop
  endfacet
  facet normal 0.156436 -0.987688 0
    outer loop
      vertex -0.772542 2.37764 17.6479
      vertex 0 2.5 -17.5719
      vertex 0 2.5 17.5719
    endloop
  endfacet
  facet normal 0.156436 -0.987688 0
    outer loop
      vertex -0.772542 2.37764 -17.6479
      vertex 0 2.5 -17.5719
      vertex -0.772542 2.37764 17.6479
    endloop
  endfacet
  facet normal 0.156432 -0.987689 3.8485e-05
    outer loop
      vertex 0 2.5 -17.5719
      vertex -0.772542 2.37764 -17.6479
      vertex -0.365426 2.44212 -17.6479
    endloop
  endfacet
  facet normal -0.453993 0.891005 0
    outer loop
      vertex 1.46946 -2.02254 -17.4669
      vertex 0.772542 -2.37764 17.4803
      vertex 1.46946 -2.02254 17.4669
    endloop
  endfacet
  facet normal -0.453993 0.891005 0
    outer loop
      vertex 0.772542 -2.37764 17.4803
      vertex 1.46946 -2.02254 -17.4669
      vertex 0.772542 -2.37764 -17.4803
    endloop
  endfacet
  facet normal -0.156436 0.987688 0
    outer loop
      vertex 0.772542 -2.37764 -17.4803
      vertex 0 -2.5 17.5719
      vertex 0.772542 -2.37764 17.4803
    endloop
  endfacet
  facet normal -0.156436 0.987688 0
    outer loop
      vertex 0 -2.5 17.5719
      vertex 0.772542 -2.37764 -17.4803
      vertex 0 -2.5 -17.5719
    endloop
  endfacet
  facet normal 0.987688 0.156436 0
    outer loop
      vertex -2.37764 -0.772542 17.504
      vertex -2.5 0 -17.4643
      vertex -2.5 0 17.4643
    endloop
  endfacet
  facet normal 0.987688 0.156436 0
    outer loop
      vertex -2.5 0 -17.4643
      vertex -2.37764 -0.772542 17.504
      vertex -2.37764 -0.772542 -17.504
    endloop
  endfacet
  facet normal 0.891005 -0.453993 0
    outer loop
      vertex -2.37764 0.772542 17.504
      vertex -2.02254 1.46946 -17.6194
      vertex -2.02254 1.46946 17.6194
    endloop
  endfacet
  facet normal 0.891005 -0.453993 0
    outer loop
      vertex -2.02254 1.46946 -17.6194
      vertex -2.37764 0.772542 17.504
      vertex -2.37764 0.772542 -17.504
    endloop
  endfacet
  facet normal 0.707107 -0.707107 6.66008e-15
    outer loop
      vertex -2.02254 1.46946 17.6194
      vertex -1.46946 2.02254 17.6479
      vertex -1.93475 1.55725 17.6479
    endloop
  endfacet
  facet normal 0.707107 -0.707107 0
    outer loop
      vertex -1.46946 2.02254 17.6479
      vertex -2.02254 1.46946 17.6194
      vertex -1.46946 2.02254 -17.6479
    endloop
  endfacet
  facet normal 0.707107 -0.707107 0
    outer loop
      vertex -2.02254 1.46946 -17.6194
      vertex -1.46946 2.02254 -17.6479
      vertex -2.02254 1.46946 17.6194
    endloop
  endfacet
  facet normal 0.707107 -0.707107 -8.8801e-15
    outer loop
      vertex -1.46946 2.02254 -17.6479
      vertex -2.02254 1.46946 -17.6194
      vertex -1.93475 1.55725 -17.6479
    endloop
  endfacet
  facet normal -0.891002 0.454 5.32818e-05
    outer loop
      vertex 2.02254 -1.46946 -17.533
      vertex 2.37764 -0.772542 -17.6479
      vertex 2.31565 -0.894201 -17.6479
    endloop
  endfacet
  facet normal -0.891005 0.453993 0
    outer loop
      vertex 2.37764 -0.772542 -17.6479
      vertex 2.02254 -1.46946 -17.533
      vertex 2.37764 -0.772542 17.6479
    endloop
  endfacet
  facet normal -0.891005 0.453993 0
    outer loop
      vertex 2.02254 -1.46946 17.533
      vertex 2.37764 -0.772542 17.6479
      vertex 2.02254 -1.46946 -17.533
    endloop
  endfacet
  facet normal -0.891002 0.454 -5.32818e-05
    outer loop
      vertex 2.37764 -0.772542 17.6479
      vertex 2.02254 -1.46946 17.533
      vertex 2.31565 -0.894201 17.6479
    endloop
  endfacet
  facet normal -0.987688 0.156436 0
    outer loop
      vertex 2.37764 -0.772542 -17.6479
      vertex 2.5 0 17.6479
      vertex 2.5 0 -17.6479
    endloop
  endfacet
  facet normal -0.987688 0.156436 0
    outer loop
      vertex 2.5 0 17.6479
      vertex 2.37764 -0.772542 -17.6479
      vertex 2.37764 -0.772542 17.6479
    endloop
  endfacet
  facet normal 0.707107 0.707107 8.8801e-15
    outer loop
      vertex -1.46946 -2.02254 17.6479
      vertex -2.02254 -1.46946 17.6194
      vertex -1.93475 -1.55725 17.6479
    endloop
  endfacet
  facet normal 0.707107 0.707107 0
    outer loop
      vertex -2.02254 -1.46946 17.6194
      vertex -1.46946 -2.02254 17.6479
      vertex -2.02254 -1.46946 -17.6194
    endloop
  endfacet
  facet normal 0.707107 0.707107 -0
    outer loop
      vertex -1.46946 -2.02254 -17.6479
      vertex -2.02254 -1.46946 -17.6194
      vertex -1.46946 -2.02254 17.6479
    endloop
  endfacet
  facet normal 0.707107 0.707107 -6.66008e-15
    outer loop
      vertex -2.02254 -1.46946 -17.6194
      vertex -1.46946 -2.02254 -17.6479
      vertex -1.93475 -1.55725 -17.6479
    endloop
  endfacet
  facet normal 0.987688 -0.156436 0
    outer loop
      vertex -2.5 0 17.4643
      vertex -2.37764 0.772542 -17.504
      vertex -2.37764 0.772542 17.504
    endloop
  endfacet
  facet normal 0.987688 -0.156436 0
    outer loop
      vertex -2.37764 0.772542 -17.504
      vertex -2.5 0 17.4643
      vertex -2.5 0 -17.4643
    endloop
  endfacet
  facet normal 0.453993 0.891005 -0
    outer loop
      vertex -0.772542 -2.37764 -17.6479
      vertex -1.46946 -2.02254 17.6479
      vertex -0.772542 -2.37764 17.6479
    endloop
  endfacet
  facet normal 0.453993 0.891005 0
    outer loop
      vertex -1.46946 -2.02254 17.6479
      vertex -0.772542 -2.37764 -17.6479
      vertex -1.46946 -2.02254 -17.6479
    endloop
  endfacet
endsolid OpenSCAD_Model
