solid OpenSCAD_Model
  facet normal -0.454037 -0.890983 0
    outer loop
      vertex 18.6211 1.42658 3.53021
      vertex 19.0392 1.21352 -3.50448
      vertex 19.0392 1.21352 3.50448
    endloop
  endfacet
  facet normal -0.454037 -0.890983 0
    outer loop
      vertex 19.0392 1.21352 -3.50448
      vertex 18.6211 1.42658 3.53021
      vertex 18.6211 1.42658 -3.53021
    endloop
  endfacet
  facet normal -0.890641 -0.454708 0
    outer loop
      vertex 19.3773 0.869534 -3.51401
      vertex 19.3711 0.881678 3.51089
      vertex 19.3711 0.881678 -3.51089
    endloop
  endfacet
  facet normal -0.890641 -0.454708 0
    outer loop
      vertex 19.3773 0.869534 -3.51401
      vertex 19.3773 0.869534 3.51401
      vertex 19.3711 0.881678 3.51089
    endloop
  endfacet
  facet normal -0.891297 -0.453409 -0.0030013
    outer loop
      vertex 19.5841 0.463525 -3.59132
      vertex 19.3773 0.869534 -3.51401
      vertex 19.5359 0.558275 -3.59132
    endloop
  endfacet
  facet normal -0.89107 -0.453865 0
    outer loop
      vertex 19.3773 0.869534 -3.51401
      vertex 19.5841 0.463525 -3.59132
      vertex 19.3773 0.869534 3.51401
    endloop
  endfacet
  facet normal -0.89107 -0.453865 -0
    outer loop
      vertex 19.5841 0.463525 3.59132
      vertex 19.3773 0.869534 3.51401
      vertex 19.5841 0.463525 -3.59132
    endloop
  endfacet
  facet normal -0.891297 -0.453409 0.0030013
    outer loop
      vertex 19.3773 0.869534 3.51401
      vertex 19.5841 0.463525 3.59132
      vertex 19.5359 0.558275 3.59132
    endloop
  endfacet
  facet normal -0.987679 -0.156479 -0.00199777
    outer loop
      vertex 19.6576 0 -3.62258
      vertex 19.5841 0.463525 -3.59132
      vertex 19.6111 0.293503 -3.62258
    endloop
  endfacet
  facet normal -0.98766 -0.156611 0
    outer loop
      vertex 19.5841 0.463525 -3.59132
      vertex 19.6576 0 -3.62258
      vertex 19.5841 0.463525 3.59132
    endloop
  endfacet
  facet normal -0.98766 -0.156611 -0
    outer loop
      vertex 19.6576 0 3.62258
      vertex 19.5841 0.463525 3.59132
      vertex 19.6576 0 -3.62258
    endloop
  endfacet
  facet normal -0.987679 -0.156479 0.00199777
    outer loop
      vertex 19.5841 0.463525 3.59132
      vertex 19.6576 0 3.62258
      vertex 19.6111 0.293503 3.62258
    endloop
  endfacet
  facet normal -0.70703 -0.707182 0.00150073
    outer loop
      vertex 19.3711 0.881678 -3.51089
      vertex 19.0392 1.21352 -3.50448
      vertex 19.0559 1.19681 -3.51089
    endloop
  endfacet
  facet normal -0.707045 -0.707169 0
    outer loop
      vertex 19.0392 1.21352 -3.50448
      vertex 19.3711 0.881678 -3.51089
      vertex 19.0392 1.21352 3.50448
    endloop
  endfacet
  facet normal -0.707045 -0.707169 -0
    outer loop
      vertex 19.3711 0.881678 3.51089
      vertex 19.0392 1.21352 3.50448
      vertex 19.3711 0.881678 -3.51089
    endloop
  endfacet
  facet normal -0.70703 -0.707182 -0.00150073
    outer loop
      vertex 19.0392 1.21352 3.50448
      vertex 19.3711 0.881678 3.51089
      vertex 19.0559 1.19681 3.51089
    endloop
  endfacet
  facet normal 0.454037 -0.890983 0
    outer loop
      vertex 17.2759 1.21352 4.42799
      vertex 17.694 1.42658 -4.01573
      vertex 17.694 1.42658 4.01573
    endloop
  endfacet
  facet normal 0.454037 -0.890983 0
    outer loop
      vertex 17.694 1.42658 -4.01573
      vertex 17.2759 1.21352 4.42799
      vertex 17.2759 1.21352 -4.42799
    endloop
  endfacet
  facet normal 0.890641 -0.454708 0
    outer loop
      vertex 16.9378 0.869534 4.79159
      vertex 16.944 0.881678 -4.78199
      vertex 16.944 0.881678 4.78199
    endloop
  endfacet
  facet normal 0.890641 -0.454708 0
    outer loop
      vertex 16.9378 0.869534 4.79159
      vertex 16.9378 0.869534 -4.79159
      vertex 16.944 0.881678 -4.78199
    endloop
  endfacet
  facet normal 0.891944 -0.452135 0.00300369
    outer loop
      vertex 16.731 0.463525 5.08559
      vertex 16.9378 0.869534 4.79159
      vertex 16.7792 0.558275 5.03502
    endloop
  endfacet
  facet normal 0.89107 -0.453865 0
    outer loop
      vertex 16.9378 0.869534 4.79159
      vertex 16.731 0.463525 5.08559
      vertex 16.9378 0.869534 -4.79159
    endloop
  endfacet
  facet normal 0.89107 -0.453865 0
    outer loop
      vertex 16.731 0.463525 -5.08559
      vertex 16.9378 0.869534 -4.79159
      vertex 16.731 0.463525 5.08559
    endloop
  endfacet
  facet normal 0.891944 -0.452135 -0.00300369
    outer loop
      vertex 16.9378 0.869534 -4.79159
      vertex 16.731 0.463525 -5.08559
      vertex 16.7792 0.558275 -5.03502
    endloop
  endfacet
  facet normal -0.987679 0.156479 -0.00199777
    outer loop
      vertex 19.5841 -0.463525 -3.59132
      vertex 19.6576 0 -3.62258
      vertex 19.6111 -0.293503 -3.62258
    endloop
  endfacet
  facet normal -0.98766 0.156611 0
    outer loop
      vertex 19.6576 0 -3.62258
      vertex 19.5841 -0.463525 -3.59132
      vertex 19.6576 0 3.62258
    endloop
  endfacet
  facet normal -0.98766 0.156611 0
    outer loop
      vertex 19.5841 -0.463525 3.59132
      vertex 19.6576 0 3.62258
      vertex 19.5841 -0.463525 -3.59132
    endloop
  endfacet
  facet normal -0.987679 0.156479 0.00199777
    outer loop
      vertex 19.6576 0 3.62258
      vertex 19.5841 -0.463525 3.59132
      vertex 19.6111 -0.293503 3.62258
    endloop
  endfacet
  facet normal -0.156453 -0.987685 0
    outer loop
      vertex 18.1576 1.5 3.70637
      vertex 18.6211 1.42658 -3.53021
      vertex 18.6211 1.42658 3.53021
    endloop
  endfacet
  facet normal -0.156453 -0.987685 0
    outer loop
      vertex 18.6211 1.42658 -3.53021
      vertex 18.1576 1.5 3.70637
      vertex 18.1576 1.5 -3.70637
    endloop
  endfacet
  facet normal -0.156453 0.987685 0
    outer loop
      vertex 18.6211 -1.42658 -3.53021
      vertex 18.1576 -1.5 3.70637
      vertex 18.6211 -1.42658 3.53021
    endloop
  endfacet
  facet normal -0.156453 0.987685 0
    outer loop
      vertex 18.1576 -1.5 3.70637
      vertex 18.6211 -1.42658 -3.53021
      vertex 18.1576 -1.5 -3.70637
    endloop
  endfacet
  facet normal -0.70703 0.707182 0.00150073
    outer loop
      vertex 19.0392 -1.21352 -3.50448
      vertex 19.3711 -0.881678 -3.51089
      vertex 19.0559 -1.19681 -3.51089
    endloop
  endfacet
  facet normal -0.707045 0.707169 0
    outer loop
      vertex 19.3711 -0.881678 -3.51089
      vertex 19.0392 -1.21352 -3.50448
      vertex 19.3711 -0.881678 3.51089
    endloop
  endfacet
  facet normal -0.707045 0.707169 0
    outer loop
      vertex 19.0392 -1.21352 3.50448
      vertex 19.3711 -0.881678 3.51089
      vertex 19.0392 -1.21352 -3.50448
    endloop
  endfacet
  facet normal -0.70703 0.707182 -0.00150073
    outer loop
      vertex 19.3711 -0.881678 3.51089
      vertex 19.0392 -1.21352 3.50448
      vertex 19.0559 -1.19681 3.51089
    endloop
  endfacet
  facet normal 0.891944 0.452135 0.00300369
    outer loop
      vertex 16.9378 -0.869534 4.79159
      vertex 16.731 -0.463525 5.08559
      vertex 16.7792 -0.558275 5.03502
    endloop
  endfacet
  facet normal 0.89107 0.453865 0
    outer loop
      vertex 16.731 -0.463525 5.08559
      vertex 16.9378 -0.869534 4.79159
      vertex 16.731 -0.463525 -5.08559
    endloop
  endfacet
  facet normal 0.89107 0.453865 -0
    outer loop
      vertex 16.9378 -0.869534 -4.79159
      vertex 16.731 -0.463525 -5.08559
      vertex 16.9378 -0.869534 4.79159
    endloop
  endfacet
  facet normal 0.891944 0.452135 -0.00300369
    outer loop
      vertex 16.731 -0.463525 -5.08559
      vertex 16.9378 -0.869534 -4.79159
      vertex 16.7792 -0.558275 -5.03502
    endloop
  endfacet
  facet normal 0.890641 0.454708 0
    outer loop
      vertex 16.944 -0.881678 4.78199
      vertex 16.9378 -0.869534 -4.79159
      vertex 16.9378 -0.869534 4.79159
    endloop
  endfacet
  facet normal 0.890641 0.454708 0
    outer loop
      vertex 16.9378 -0.869534 -4.79159
      vertex 16.944 -0.881678 4.78199
      vertex 16.944 -0.881678 -4.78199
    endloop
  endfacet
  facet normal -0.891297 0.453409 -0.0030013
    outer loop
      vertex 19.3773 -0.869534 -3.51401
      vertex 19.5841 -0.463525 -3.59132
      vertex 19.5359 -0.558275 -3.59132
    endloop
  endfacet
  facet normal -0.89107 0.453865 0
    outer loop
      vertex 19.5841 -0.463525 -3.59132
      vertex 19.3773 -0.869534 -3.51401
      vertex 19.5841 -0.463525 3.59132
    endloop
  endfacet
  facet normal -0.89107 0.453865 0
    outer loop
      vertex 19.3773 -0.869534 3.51401
      vertex 19.5841 -0.463525 3.59132
      vertex 19.3773 -0.869534 -3.51401
    endloop
  endfacet
  facet normal -0.891297 0.453409 0.0030013
    outer loop
      vertex 19.5841 -0.463525 3.59132
      vertex 19.3773 -0.869534 3.51401
      vertex 19.5359 -0.558275 3.59132
    endloop
  endfacet
  facet normal -0.890641 0.454708 0
    outer loop
      vertex 19.3711 -0.881678 -3.51089
      vertex 19.3773 -0.869534 3.51401
      vertex 19.3773 -0.869534 -3.51401
    endloop
  endfacet
  facet normal -0.890641 0.454708 0
    outer loop
      vertex 19.3773 -0.869534 3.51401
      vertex 19.3711 -0.881678 -3.51089
      vertex 19.3711 -0.881678 3.51089
    endloop
  endfacet
  facet normal 0.706245 -0.707966 -0.00149734
    outer loop
      vertex 16.944 0.881678 4.78199
      vertex 17.2759 1.21352 4.42799
      vertex 17.2592 1.19681 4.45191
    endloop
  endfacet
  facet normal 0.707045 -0.707169 0
    outer loop
      vertex 17.2759 1.21352 4.42799
      vertex 16.944 0.881678 4.78199
      vertex 17.2759 1.21352 -4.42799
    endloop
  endfacet
  facet normal 0.707045 -0.707169 0
    outer loop
      vertex 16.944 0.881678 -4.78199
      vertex 17.2759 1.21352 -4.42799
      vertex 16.944 0.881678 4.78199
    endloop
  endfacet
  facet normal 0.706245 -0.707966 0.00149734
    outer loop
      vertex 17.2759 1.21352 -4.42799
      vertex 16.944 0.881678 -4.78199
      vertex 17.2592 1.19681 -4.45191
    endloop
  endfacet
  facet normal -0.454037 0.890983 0
    outer loop
      vertex 19.0392 -1.21352 -3.50448
      vertex 18.6211 -1.42658 3.53021
      vertex 19.0392 -1.21352 3.50448
    endloop
  endfacet
  facet normal -0.454037 0.890983 0
    outer loop
      vertex 18.6211 -1.42658 3.53021
      vertex 19.0392 -1.21352 -3.50448
      vertex 18.6211 -1.42658 -3.53021
    endloop
  endfacet
  facet normal 0.15642 -0.987691 0
    outer loop
      vertex 17.694 1.42658 4.01573
      vertex 18.1576 1.5 -3.70637
      vertex 18.1576 1.5 3.70637
    endloop
  endfacet
  facet normal 0.15642 -0.987691 0
    outer loop
      vertex 18.1576 1.5 -3.70637
      vertex 17.694 1.42658 4.01573
      vertex 17.694 1.42658 -4.01573
    endloop
  endfacet
  facet normal 0.987824 -0.15553 0.00382877
    outer loop
      vertex 16.6576 0 5.19376
      vertex 16.731 0.463525 5.08559
      vertex 16.704 0.293503 5.14506
    endloop
  endfacet
  facet normal 0.987693 -0.156403 0
    outer loop
      vertex 16.731 0.463525 5.08559
      vertex 16.6576 0 5.19376
      vertex 16.731 0.463525 -5.08559
    endloop
  endfacet
  facet normal 0.987693 -0.156403 0
    outer loop
      vertex 16.6576 0 -5.19376
      vertex 16.731 0.463525 -5.08559
      vertex 16.6576 0 5.19376
    endloop
  endfacet
  facet normal 0.987824 -0.15553 -0.00382877
    outer loop
      vertex 16.731 0.463525 -5.08559
      vertex 16.6576 0 -5.19376
      vertex 16.704 0.293503 -5.14506
    endloop
  endfacet
  facet normal 0.15642 0.987691 -0
    outer loop
      vertex 18.1576 -1.5 -3.70637
      vertex 17.694 -1.42658 4.01573
      vertex 18.1576 -1.5 3.70637
    endloop
  endfacet
  facet normal 0.15642 0.987691 0
    outer loop
      vertex 17.694 -1.42658 4.01573
      vertex 18.1576 -1.5 -3.70637
      vertex 17.694 -1.42658 -4.01573
    endloop
  endfacet
  facet normal 0.987824 0.15553 0.00382877
    outer loop
      vertex 16.731 -0.463525 5.08559
      vertex 16.6576 0 5.19376
      vertex 16.704 -0.293503 5.14506
    endloop
  endfacet
  facet normal 0.987693 0.156403 0
    outer loop
      vertex 16.6576 0 5.19376
      vertex 16.731 -0.463525 5.08559
      vertex 16.6576 0 -5.19376
    endloop
  endfacet
  facet normal 0.987693 0.156403 -0
    outer loop
      vertex 16.731 -0.463525 -5.08559
      vertex 16.6576 0 -5.19376
      vertex 16.731 -0.463525 5.08559
    endloop
  endfacet
  facet normal 0.987824 0.15553 -0.00382877
    outer loop
      vertex 16.6576 0 -5.19376
      vertex 16.731 -0.463525 -5.08559
      vertex 16.704 -0.293503 -5.14506
    endloop
  endfacet
  facet normal 0.706245 0.707966 -0.00149734
    outer loop
      vertex 17.2759 -1.21352 4.42799
      vertex 16.944 -0.881678 4.78199
      vertex 17.2592 -1.19681 4.45191
    endloop
  endfacet
  facet normal 0.707045 0.707169 0
    outer loop
      vertex 16.944 -0.881678 4.78199
      vertex 17.2759 -1.21352 4.42799
      vertex 16.944 -0.881678 -4.78199
    endloop
  endfacet
  facet normal 0.707045 0.707169 -0
    outer loop
      vertex 17.2759 -1.21352 -4.42799
      vertex 16.944 -0.881678 -4.78199
      vertex 17.2759 -1.21352 4.42799
    endloop
  endfacet
  facet normal 0.706245 0.707966 0.00149734
    outer loop
      vertex 16.944 -0.881678 -4.78199
      vertex 17.2759 -1.21352 -4.42799
      vertex 17.2592 -1.19681 -4.45191
    endloop
  endfacet
  facet normal 0.454037 0.890983 -0
    outer loop
      vertex 17.694 -1.42658 -4.01573
      vertex 17.2759 -1.21352 4.42799
      vertex 17.694 -1.42658 4.01573
    endloop
  endfacet
  facet normal 0.454037 0.890983 0
    outer loop
      vertex 17.2759 -1.21352 4.42799
      vertex 17.694 -1.42658 -4.01573
      vertex 17.2759 -1.21352 -4.42799
    endloop
  endfacet
  facet normal 0.838827 -0.544395 -0.00183236
    outer loop
      vertex -10.4491 16.335 3.52076
      vertex -10.1935 16.7286 3.59177
      vertex -10.2986 16.5667 3.57917
    endloop
  endfacet
  facet normal 0.838677 -0.544629 0
    outer loop
      vertex -10.1935 16.7286 3.59177
      vertex -10.4491 16.335 3.52076
      vertex -10.1935 16.7286 -3.59177
    endloop
  endfacet
  facet normal 0.838677 -0.544629 0
    outer loop
      vertex -10.4491 16.335 -3.52076
      vertex -10.1935 16.7286 -3.59177
      vertex -10.4491 16.335 3.52076
    endloop
  endfacet
  facet normal 0.838827 -0.544395 0.00183236
    outer loop
      vertex -10.1935 16.7286 -3.59177
      vertex -10.4491 16.335 -3.52076
      vertex -10.2986 16.5667 -3.57917
    endloop
  endfacet
  facet normal 0.62951 -0.776989 -0.00233658
    outer loop
      vertex -10.1935 16.7286 3.59177
      vertex -9.90689 16.9607 3.62809
      vertex -10.1327 16.7778 3.61162
    endloop
  endfacet
  facet normal 0.629153 -0.777278 0.00232719
    outer loop
      vertex -9.90689 16.9607 3.62809
      vertex -10.1935 16.7286 3.59177
      vertex -9.82877 17.0239 3.61713
    endloop
  endfacet
  facet normal 0.629253 -0.777201 0
    outer loop
      vertex -10.1935 16.7286 -3.59177
      vertex -9.82877 17.0239 3.61713
      vertex -10.1935 16.7286 3.59177
    endloop
  endfacet
  facet normal 0.62951 -0.776989 0.00233658
    outer loop
      vertex -9.90689 16.9607 -3.62809
      vertex -10.1935 16.7286 -3.59177
      vertex -10.1327 16.7778 -3.61162
    endloop
  endfacet
  facet normal 0.629253 -0.777201 0
    outer loop
      vertex -10.1935 16.7286 -3.59177
      vertex -9.82877 17.0239 -3.61713
      vertex -9.82877 17.0239 3.61713
    endloop
  endfacet
  facet normal 0.629153 -0.777278 -0.00232719
    outer loop
      vertex -10.1935 16.7286 -3.59177
      vertex -9.90689 16.9607 -3.62809
      vertex -9.82877 17.0239 -3.61713
    endloop
  endfacet
  facet normal 0.965924 -0.25882 -0.0014381
    outer loop
      vertex -10.5706 15.8817 3.49536
      vertex -10.4491 16.335 3.52076
      vertex -10.4887 16.1872 3.52288
    endloop
  endfacet
  facet normal 0.965905 -0.258896 0
    outer loop
      vertex -10.4491 16.335 3.52076
      vertex -10.5706 15.8817 3.49536
      vertex -10.4491 16.335 -3.52076
    endloop
  endfacet
  facet normal 0.965905 -0.258896 0
    outer loop
      vertex -10.5706 15.8817 -3.49536
      vertex -10.4491 16.335 -3.52076
      vertex -10.5706 15.8817 3.49536
    endloop
  endfacet
  facet normal 0.965924 -0.25882 0.0014381
    outer loop
      vertex -10.4491 16.335 -3.52076
      vertex -10.5706 15.8817 -3.49536
      vertex -10.4887 16.1872 -3.52288
    endloop
  endfacet
  facet normal 0.358485 -0.933533 0.00210028
    outer loop
      vertex -9.82877 17.0239 3.61713
      vertex -9.39064 17.1921 3.59668
      vertex -9.64212 17.0956 3.62809
    endloop
  endfacet
  facet normal 0.358401 -0.933568 0
    outer loop
      vertex -9.82877 17.0239 3.61713
      vertex -9.39064 17.1921 -3.59668
      vertex -9.39064 17.1921 3.59668
    endloop
  endfacet
  facet normal 0.358401 -0.933568 0
    outer loop
      vertex -9.82877 17.0239 -3.61713
      vertex -9.39064 17.1921 -3.59668
      vertex -9.82877 17.0239 3.61713
    endloop
  endfacet
  facet normal 0.358485 -0.933533 -0.00210028
    outer loop
      vertex -9.39064 17.1921 -3.59668
      vertex -9.82877 17.0239 -3.61713
      vertex -9.64212 17.0956 -3.62809
    endloop
  endfacet
  facet normal -0.777134 -0.629336 0
    outer loop
      vertex -7.77974 16.4749 -3.70637
      vertex -8.07508 16.8396 3.53021
      vertex -8.07508 16.8396 -3.53021
    endloop
  endfacet
  facet normal -0.777134 -0.629336 0
    outer loop
      vertex -8.07508 16.8396 3.53021
      vertex -7.77974 16.4749 -3.70637
      vertex -7.77974 16.4749 3.70637
    endloop
  endfacet
  facet normal 0.543735 0.839256 0.00123842
    outer loop
      vertex -9.68888 14.3546 4.41888
      vertex -10.0825 14.6102 4.02422
      vertex -9.8138 14.4357 4.30563
    endloop
  endfacet
  facet normal 0.544609 0.83869 0
    outer loop
      vertex -9.68888 14.3546 4.41888
      vertex -10.0825 14.6102 -4.02422
      vertex -10.0825 14.6102 4.02422
    endloop
  endfacet
  facet normal 0.544609 0.83869 -0
    outer loop
      vertex -9.68888 14.3546 -4.41888
      vertex -10.0825 14.6102 -4.02422
      vertex -9.68888 14.3546 4.41888
    endloop
  endfacet
  facet normal 0.543735 0.839256 -0.00123842
    outer loop
      vertex -10.0825 14.6102 -4.02422
      vertex -9.68888 14.3546 -4.41888
      vertex -9.8138 14.4357 -4.30563
    endloop
  endfacet
  facet normal -0.0516818 0.998663 -0.00117579
    outer loop
      vertex -8.76691 14.2577 5.08604
      vertex -9.23557 14.2331 4.79186
      vertex -8.9597 14.2476 4.98164
    endloop
  endfacet
  facet normal -0.0524179 0.998625 0
    outer loop
      vertex -8.76691 14.2577 5.08604
      vertex -9.23557 14.2331 -4.79186
      vertex -9.23557 14.2331 4.79186
    endloop
  endfacet
  facet normal -0.0524179 0.998625 0
    outer loop
      vertex -8.76691 14.2577 -5.08604
      vertex -9.23557 14.2331 -4.79186
      vertex -8.76691 14.2577 5.08604
    endloop
  endfacet
  facet normal -0.0516818 0.998663 0.00117579
    outer loop
      vertex -9.23557 14.2331 -4.79186
      vertex -8.76691 14.2577 -5.08604
      vertex -8.9597 14.2476 -4.98164
    endloop
  endfacet
  facet normal 0.777175 0.629284 0
    outer loop
      vertex -10.0825 14.6102 4.02422
      vertex -10.3778 14.9749 -3.71486
      vertex -10.3778 14.9749 3.71486
    endloop
  endfacet
  facet normal 0.777175 0.629284 0
    outer loop
      vertex -10.3778 14.9749 -3.71486
      vertex -10.0825 14.6102 4.02422
      vertex -10.0825 14.6102 -4.02422
    endloop
  endfacet
  facet normal -0.258888 -0.965907 4.10132e-05
    outer loop
      vertex -8.92198 17.2167 3.51904
      vertex -8.46867 17.0952 3.4906
      vertex -8.62462 17.137 3.52288
    endloop
  endfacet
  facet normal -0.258891 -0.965907 0
    outer loop
      vertex -8.92198 17.2167 3.51904
      vertex -8.46867 17.0952 -3.4906
      vertex -8.46867 17.0952 3.4906
    endloop
  endfacet
  facet normal -0.258891 -0.965907 0
    outer loop
      vertex -8.92198 17.2167 -3.51904
      vertex -8.46867 17.0952 -3.4906
      vertex -8.92198 17.2167 3.51904
    endloop
  endfacet
  facet normal -0.258888 -0.965907 -4.10132e-05
    outer loop
      vertex -8.46867 17.0952 -3.4906
      vertex -8.92198 17.2167 -3.51904
      vertex -8.62462 17.137 -3.52288
    endloop
  endfacet
  facet normal 0.93356 0.358422 0
    outer loop
      vertex -10.3778 14.9749 3.71486
      vertex -10.546 15.413 -3.5387
      vertex -10.546 15.413 3.5387
    endloop
  endfacet
  facet normal 0.93356 0.358422 0
    outer loop
      vertex -10.546 15.413 -3.5387
      vertex -10.3778 14.9749 3.71486
      vertex -10.3778 14.9749 -3.71486
    endloop
  endfacet
  facet normal -0.545291 -0.838192 0.00957415
    outer loop
      vertex -8.46867 17.0952 3.4906
      vertex -8.07508 16.8396 3.53021
      vertex -8.21389 16.9298 3.52113
    endloop
  endfacet
  facet normal -0.544639 -0.838671 0
    outer loop
      vertex -8.46867 17.0952 -3.4906
      vertex -8.07508 16.8396 3.53021
      vertex -8.46867 17.0952 3.4906
    endloop
  endfacet
  facet normal -0.54451 -0.838754 -1.02386e-05
    outer loop
      vertex -8.21389 16.9298 -3.52113
      vertex -8.07508 16.8396 3.53021
      vertex -8.46867 17.0952 -3.4906
    endloop
  endfacet
  facet normal -0.544876 -0.838517 -0
    outer loop
      vertex -8.07508 16.8396 3.53021
      vertex -8.21389 16.9298 -3.52113
      vertex -8.07508 16.8396 -3.53021
    endloop
  endfacet
  facet normal 0.998621 0.052489 0.000818877
    outer loop
      vertex -10.546 15.413 3.5387
      vertex -10.5706 15.8817 3.49536
      vertex -10.5628 15.7329 3.52114
    endloop
  endfacet
  facet normal 0.998625 0.0524135 0
    outer loop
      vertex -10.5706 15.8817 3.49536
      vertex -10.546 15.413 3.5387
      vertex -10.5706 15.8817 -3.49536
    endloop
  endfacet
  facet normal 0.998625 0.0524135 -0
    outer loop
      vertex -10.546 15.413 -3.5387
      vertex -10.5706 15.8817 -3.49536
      vertex -10.546 15.413 3.5387
    endloop
  endfacet
  facet normal 0.998621 0.052489 -0.000818877
    outer loop
      vertex -10.5706 15.8817 -3.49536
      vertex -10.546 15.413 -3.5387
      vertex -10.5628 15.7329 -3.52114
    endloop
  endfacet
  facet normal -0.933567 -0.358404 0
    outer loop
      vertex -7.61155 16.0368 -4.01573
      vertex -7.77974 16.4749 3.70637
      vertex -7.77974 16.4749 -3.70637
    endloop
  endfacet
  facet normal -0.933567 -0.358404 0
    outer loop
      vertex -7.77974 16.4749 3.70637
      vertex -7.61155 16.0368 -4.01573
      vertex -7.61155 16.0368 4.01573
    endloop
  endfacet
  facet normal 0.257848 0.966185 0.00135771
    outer loop
      vertex -9.23557 14.2331 4.79186
      vertex -9.68888 14.3546 4.41888
      vertex -9.38337 14.2727 4.68065
    endloop
  endfacet
  facet normal 0.258891 0.965907 0
    outer loop
      vertex -9.23557 14.2331 4.79186
      vertex -9.68888 14.3546 -4.41888
      vertex -9.68888 14.3546 4.41888
    endloop
  endfacet
  facet normal 0.258891 0.965907 -0
    outer loop
      vertex -9.23557 14.2331 -4.79186
      vertex -9.68888 14.3546 -4.41888
      vertex -9.23557 14.2331 4.79186
    endloop
  endfacet
  facet normal 0.257848 0.966185 -0.00135771
    outer loop
      vertex -9.68888 14.3546 -4.41888
      vertex -9.23557 14.2331 -4.79186
      vertex -9.38337 14.2727 -4.68065
    endloop
  endfacet
  facet normal 0.0541578 -0.998459 0.0120951
    outer loop
      vertex -9.39064 17.1921 3.59668
      vertex -9.11906 17.2064 3.56111
      vertex -9.3779 17.1928 3.59742
    endloop
  endfacet
  facet normal 0.0532008 -0.998573 0.00474268
    outer loop
      vertex -9.39064 17.1921 3.59668
      vertex -8.92198 17.2167 3.51904
      vertex -9.11906 17.2064 3.56111
    endloop
  endfacet
  facet normal 0.0524179 -0.998625 0
    outer loop
      vertex -9.39064 17.1921 3.59668
      vertex -8.92198 17.2167 -3.51904
      vertex -8.92198 17.2167 3.51904
    endloop
  endfacet
  facet normal 0.0524179 -0.998625 0
    outer loop
      vertex -9.39064 17.1921 -3.59668
      vertex -8.92198 17.2167 -3.51904
      vertex -9.39064 17.1921 3.59668
    endloop
  endfacet
  facet normal 0.0532008 -0.998573 -0.00474268
    outer loop
      vertex -8.92198 17.2167 -3.51904
      vertex -9.39064 17.1921 -3.59668
      vertex -9.11906 17.2064 -3.56111
    endloop
  endfacet
  facet normal 0.0541578 -0.998459 -0.0120951
    outer loop
      vertex -9.11906 17.2064 -3.56111
      vertex -9.39064 17.1921 -3.59668
      vertex -9.3779 17.1928 -3.59742
    endloop
  endfacet
  facet normal -0.359217 0.933245 0.00406404
    outer loop
      vertex -8.76691 14.2577 5.08604
      vertex -8.42262 14.3898 5.1828
      vertex -8.32877 14.4259 5.18831
    endloop
  endfacet
  facet normal -0.358254 0.933624 0.000119981
    outer loop
      vertex -8.42262 14.3898 5.1828
      vertex -8.76691 14.2577 5.08604
      vertex -8.69393 14.2857 5.11871
    endloop
  endfacet
  facet normal -0.358394 0.933571 0
    outer loop
      vertex -8.32877 14.4259 5.18831
      vertex -8.76691 14.2577 -5.08604
      vertex -8.76691 14.2577 5.08604
    endloop
  endfacet
  facet normal -0.358394 0.933571 0
    outer loop
      vertex -8.32877 14.4259 -5.18831
      vertex -8.76691 14.2577 -5.08604
      vertex -8.32877 14.4259 5.18831
    endloop
  endfacet
  facet normal -0.359217 0.933245 -0.00406404
    outer loop
      vertex -8.42262 14.3898 -5.1828
      vertex -8.76691 14.2577 -5.08604
      vertex -8.32877 14.4259 -5.18831
    endloop
  endfacet
  facet normal -0.358254 0.933624 -0.000119981
    outer loop
      vertex -8.76691 14.2577 -5.08604
      vertex -8.42262 14.3898 -5.1828
      vertex -8.69393 14.2857 -5.11871
    endloop
  endfacet
  facet normal -0.966043 0.25838 0.000589552
    outer loop
      vertex -7.70846 15.1148 -4.79014
      vertex -7.58699 15.5681 -4.41411
      vertex -7.62878 15.4122 -4.56597
    endloop
  endfacet
  facet normal -0.965921 0.258836 0
    outer loop
      vertex -7.58699 15.5681 -4.41411
      vertex -7.70846 15.1148 -4.79014
      vertex -7.58699 15.5681 4.41411
    endloop
  endfacet
  facet normal -0.965921 0.258836 0
    outer loop
      vertex -7.70846 15.1148 4.79014
      vertex -7.58699 15.5681 4.41411
      vertex -7.70846 15.1148 -4.79014
    endloop
  endfacet
  facet normal -0.966043 0.25838 -0.000589552
    outer loop
      vertex -7.58699 15.5681 4.41411
      vertex -7.70846 15.1148 4.79014
      vertex -7.62878 15.4122 4.56597
    endloop
  endfacet
  facet normal -0.838861 0.544346 0.000525804
    outer loop
      vertex -7.96406 14.7212 -5.09095
      vertex -7.70846 15.1148 -4.79014
      vertex -7.81594 14.9493 -4.92606
    endloop
  endfacet
  facet normal -0.838677 0.544629 0
    outer loop
      vertex -7.70846 15.1148 -4.79014
      vertex -7.96406 14.7212 -5.09095
      vertex -7.70846 15.1148 4.79014
    endloop
  endfacet
  facet normal -0.83848 0.544931 -0.000625628
    outer loop
      vertex -7.96406 14.7212 -5.09095
      vertex -7.81594 14.9493 -4.92606
      vertex -7.95711 14.7319 -5.08563
    endloop
  endfacet
  facet normal -0.838677 0.544629 0
    outer loop
      vertex -7.96406 14.7212 5.09095
      vertex -7.70846 15.1148 4.79014
      vertex -7.96406 14.7212 -5.09095
    endloop
  endfacet
  facet normal -0.838861 0.544346 -0.000525804
    outer loop
      vertex -7.70846 15.1148 4.79014
      vertex -7.96406 14.7212 5.09095
      vertex -7.81594 14.9493 4.92606
    endloop
  endfacet
  facet normal -0.83848 0.544931 0.000625628
    outer loop
      vertex -7.81594 14.9493 4.92606
      vertex -7.96406 14.7212 5.09095
      vertex -7.95711 14.7319 5.08563
    endloop
  endfacet
  facet normal -0.629269 0.777187 2.63173e-05
    outer loop
      vertex -7.96406 14.7212 5.09095
      vertex -8.32877 14.4259 5.18831
      vertex -8.1734 14.5517 5.16651
    endloop
  endfacet
  facet normal -0.629274 0.777184 0
    outer loop
      vertex -7.96406 14.7212 -5.09095
      vertex -8.32877 14.4259 5.18831
      vertex -7.96406 14.7212 5.09095
    endloop
  endfacet
  facet normal -0.629269 0.777187 -2.63173e-05
    outer loop
      vertex -8.32877 14.4259 -5.18831
      vertex -7.96406 14.7212 -5.09095
      vertex -8.1734 14.5517 -5.16651
    endloop
  endfacet
  facet normal -0.629274 0.777184 0
    outer loop
      vertex -7.96406 14.7212 -5.09095
      vertex -8.32877 14.4259 -5.18831
      vertex -8.32877 14.4259 5.18831
    endloop
  endfacet
  facet normal -0.99863 -0.0523178 0
    outer loop
      vertex -7.60289 15.8715 -4.16112
      vertex -7.61155 16.0368 4.01573
      vertex -7.61155 16.0368 -4.01573
    endloop
  endfacet
  facet normal -0.99863 -0.0523178 0
    outer loop
      vertex -7.60289 15.8715 -4.16112
      vertex -7.60289 15.8715 4.16112
      vertex -7.61155 16.0368 4.01573
    endloop
  endfacet
  facet normal -0.99863 -0.0523342 0
    outer loop
      vertex -7.58699 15.5681 -4.41411
      vertex -7.60289 15.8715 4.16112
      vertex -7.60289 15.8715 -4.16112
    endloop
  endfacet
  facet normal -0.99863 -0.0523342 0
    outer loop
      vertex -7.60289 15.8715 4.16112
      vertex -7.58699 15.5681 -4.41411
      vertex -7.58699 15.5681 4.41411
    endloop
  endfacet
  facet normal 0.965924 0.25882 -0.0014381
    outer loop
      vertex -10.4491 -16.335 3.52076
      vertex -10.5706 -15.8817 3.49536
      vertex -10.4887 -16.1872 3.52288
    endloop
  endfacet
  facet normal 0.965905 0.258896 0
    outer loop
      vertex -10.5706 -15.8817 3.49536
      vertex -10.4491 -16.335 3.52076
      vertex -10.5706 -15.8817 -3.49536
    endloop
  endfacet
  facet normal 0.965905 0.258896 -0
    outer loop
      vertex -10.4491 -16.335 -3.52076
      vertex -10.5706 -15.8817 -3.49536
      vertex -10.4491 -16.335 3.52076
    endloop
  endfacet
  facet normal 0.965924 0.25882 0.0014381
    outer loop
      vertex -10.5706 -15.8817 -3.49536
      vertex -10.4491 -16.335 -3.52076
      vertex -10.4887 -16.1872 -3.52288
    endloop
  endfacet
  facet normal 0.0541578 0.998459 0.0120951
    outer loop
      vertex -9.11906 -17.2064 3.56111
      vertex -9.39064 -17.1921 3.59668
      vertex -9.3779 -17.1928 3.59742
    endloop
  endfacet
  facet normal 0.0532008 0.998573 0.00474268
    outer loop
      vertex -8.92198 -17.2167 3.51904
      vertex -9.39064 -17.1921 3.59668
      vertex -9.11906 -17.2064 3.56111
    endloop
  endfacet
  facet normal 0.0524179 0.998625 -0
    outer loop
      vertex -8.92198 -17.2167 -3.51904
      vertex -9.39064 -17.1921 3.59668
      vertex -8.92198 -17.2167 3.51904
    endloop
  endfacet
  facet normal 0.0532008 0.998573 -0.00474268
    outer loop
      vertex -9.39064 -17.1921 -3.59668
      vertex -8.92198 -17.2167 -3.51904
      vertex -9.11906 -17.2064 -3.56111
    endloop
  endfacet
  facet normal 0.0524179 0.998625 0
    outer loop
      vertex -8.92198 -17.2167 -3.51904
      vertex -9.39064 -17.1921 -3.59668
      vertex -9.39064 -17.1921 3.59668
    endloop
  endfacet
  facet normal 0.0541578 0.998459 -0.0120951
    outer loop
      vertex -9.39064 -17.1921 -3.59668
      vertex -9.11906 -17.2064 -3.56111
      vertex -9.3779 -17.1928 -3.59742
    endloop
  endfacet
  facet normal -0.258888 0.965907 4.10132e-05
    outer loop
      vertex -8.46867 -17.0952 3.4906
      vertex -8.92198 -17.2167 3.51904
      vertex -8.62462 -17.137 3.52288
    endloop
  endfacet
  facet normal -0.258891 0.965907 0
    outer loop
      vertex -8.46867 -17.0952 -3.4906
      vertex -8.92198 -17.2167 3.51904
      vertex -8.46867 -17.0952 3.4906
    endloop
  endfacet
  facet normal -0.258891 0.965907 0
    outer loop
      vertex -8.46867 -17.0952 -3.4906
      vertex -8.92198 -17.2167 -3.51904
      vertex -8.92198 -17.2167 3.51904
    endloop
  endfacet
  facet normal -0.258888 0.965907 -4.10132e-05
    outer loop
      vertex -8.92198 -17.2167 -3.51904
      vertex -8.46867 -17.0952 -3.4906
      vertex -8.62462 -17.137 -3.52288
    endloop
  endfacet
  facet normal 0.629153 0.777278 0.00232719
    outer loop
      vertex -10.1935 -16.7286 3.59177
      vertex -9.90689 -16.9607 3.62809
      vertex -9.82877 -17.0239 3.61713
    endloop
  endfacet
  facet normal 0.62951 0.776989 -0.00233658
    outer loop
      vertex -9.90689 -16.9607 3.62809
      vertex -10.1935 -16.7286 3.59177
      vertex -10.1327 -16.7778 3.61162
    endloop
  endfacet
  facet normal 0.629253 0.777201 0
    outer loop
      vertex -9.82877 -17.0239 3.61713
      vertex -10.1935 -16.7286 -3.59177
      vertex -10.1935 -16.7286 3.59177
    endloop
  endfacet
  facet normal 0.629253 0.777201 -0
    outer loop
      vertex -9.82877 -17.0239 -3.61713
      vertex -10.1935 -16.7286 -3.59177
      vertex -9.82877 -17.0239 3.61713
    endloop
  endfacet
  facet normal 0.629153 0.777278 -0.00232719
    outer loop
      vertex -9.90689 -16.9607 -3.62809
      vertex -10.1935 -16.7286 -3.59177
      vertex -9.82877 -17.0239 -3.61713
    endloop
  endfacet
  facet normal 0.62951 0.776989 0.00233658
    outer loop
      vertex -10.1935 -16.7286 -3.59177
      vertex -9.90689 -16.9607 -3.62809
      vertex -10.1327 -16.7778 -3.61162
    endloop
  endfacet
  facet normal -0.629269 -0.777187 2.63173e-05
    outer loop
      vertex -8.32877 -14.4259 5.18831
      vertex -7.96406 -14.7212 5.09095
      vertex -8.1734 -14.5517 5.16651
    endloop
  endfacet
  facet normal -0.629274 -0.777184 0
    outer loop
      vertex -8.32877 -14.4259 5.18831
      vertex -7.96406 -14.7212 -5.09095
      vertex -7.96406 -14.7212 5.09095
    endloop
  endfacet
  facet normal -0.629274 -0.777184 0
    outer loop
      vertex -8.32877 -14.4259 -5.18831
      vertex -7.96406 -14.7212 -5.09095
      vertex -8.32877 -14.4259 5.18831
    endloop
  endfacet
  facet normal -0.629269 -0.777187 -2.63173e-05
    outer loop
      vertex -7.96406 -14.7212 -5.09095
      vertex -8.32877 -14.4259 -5.18831
      vertex -8.1734 -14.5517 -5.16651
    endloop
  endfacet
  facet normal -0.933567 0.358404 0
    outer loop
      vertex -7.77974 -16.4749 -3.70637
      vertex -7.61155 -16.0368 4.01573
      vertex -7.61155 -16.0368 -4.01573
    endloop
  endfacet
  facet normal -0.933567 0.358404 0
    outer loop
      vertex -7.61155 -16.0368 4.01573
      vertex -7.77974 -16.4749 -3.70637
      vertex -7.77974 -16.4749 3.70637
    endloop
  endfacet
  facet normal 0.998621 -0.052489 0.000818877
    outer loop
      vertex -10.5706 -15.8817 3.49536
      vertex -10.546 -15.413 3.5387
      vertex -10.5628 -15.7329 3.52114
    endloop
  endfacet
  facet normal 0.998625 -0.0524135 0
    outer loop
      vertex -10.546 -15.413 3.5387
      vertex -10.5706 -15.8817 3.49536
      vertex -10.546 -15.413 -3.5387
    endloop
  endfacet
  facet normal 0.998625 -0.0524135 0
    outer loop
      vertex -10.5706 -15.8817 -3.49536
      vertex -10.546 -15.413 -3.5387
      vertex -10.5706 -15.8817 3.49536
    endloop
  endfacet
  facet normal 0.998621 -0.052489 -0.000818877
    outer loop
      vertex -10.546 -15.413 -3.5387
      vertex -10.5706 -15.8817 -3.49536
      vertex -10.5628 -15.7329 -3.52114
    endloop
  endfacet
  facet normal -0.966043 -0.25838 0.000589552
    outer loop
      vertex -7.58699 -15.5681 -4.41411
      vertex -7.70846 -15.1148 -4.79014
      vertex -7.62878 -15.4122 -4.56597
    endloop
  endfacet
  facet normal -0.965921 -0.258836 0
    outer loop
      vertex -7.70846 -15.1148 -4.79014
      vertex -7.58699 -15.5681 -4.41411
      vertex -7.70846 -15.1148 4.79014
    endloop
  endfacet
  facet normal -0.965921 -0.258836 -0
    outer loop
      vertex -7.58699 -15.5681 4.41411
      vertex -7.70846 -15.1148 4.79014
      vertex -7.58699 -15.5681 -4.41411
    endloop
  endfacet
  facet normal -0.966043 -0.25838 -0.000589552
    outer loop
      vertex -7.70846 -15.1148 4.79014
      vertex -7.58699 -15.5681 4.41411
      vertex -7.62878 -15.4122 4.56597
    endloop
  endfacet
  facet normal -0.545291 0.838192 0.00957415
    outer loop
      vertex -8.07508 -16.8396 3.53021
      vertex -8.46867 -17.0952 3.4906
      vertex -8.21389 -16.9298 3.52113
    endloop
  endfacet
  facet normal -0.544639 0.838671 0
    outer loop
      vertex -8.07508 -16.8396 3.53021
      vertex -8.46867 -17.0952 -3.4906
      vertex -8.46867 -17.0952 3.4906
    endloop
  endfacet
  facet normal -0.54451 0.838754 -1.02386e-05
    outer loop
      vertex -8.07508 -16.8396 3.53021
      vertex -8.21389 -16.9298 -3.52113
      vertex -8.46867 -17.0952 -3.4906
    endloop
  endfacet
  facet normal -0.544876 0.838517 0
    outer loop
      vertex -8.21389 -16.9298 -3.52113
      vertex -8.07508 -16.8396 3.53021
      vertex -8.07508 -16.8396 -3.53021
    endloop
  endfacet
  facet normal 0.358485 0.933533 0.00210028
    outer loop
      vertex -9.39064 -17.1921 3.59668
      vertex -9.82877 -17.0239 3.61713
      vertex -9.64212 -17.0956 3.62809
    endloop
  endfacet
  facet normal 0.358401 0.933568 -0
    outer loop
      vertex -9.39064 -17.1921 -3.59668
      vertex -9.82877 -17.0239 3.61713
      vertex -9.39064 -17.1921 3.59668
    endloop
  endfacet
  facet normal 0.358401 0.933568 0
    outer loop
      vertex -9.39064 -17.1921 -3.59668
      vertex -9.82877 -17.0239 -3.61713
      vertex -9.82877 -17.0239 3.61713
    endloop
  endfacet
  facet normal 0.358485 0.933533 -0.00210028
    outer loop
      vertex -9.82877 -17.0239 -3.61713
      vertex -9.39064 -17.1921 -3.59668
      vertex -9.64212 -17.0956 -3.62809
    endloop
  endfacet
  facet normal 0.93356 -0.358422 0
    outer loop
      vertex -10.546 -15.413 3.5387
      vertex -10.3778 -14.9749 -3.71486
      vertex -10.3778 -14.9749 3.71486
    endloop
  endfacet
  facet normal 0.93356 -0.358422 0
    outer loop
      vertex -10.3778 -14.9749 -3.71486
      vertex -10.546 -15.413 3.5387
      vertex -10.546 -15.413 -3.5387
    endloop
  endfacet
  facet normal 0.257848 -0.966185 0.00135771
    outer loop
      vertex -9.68888 -14.3546 4.41888
      vertex -9.23557 -14.2331 4.79186
      vertex -9.38337 -14.2727 4.68065
    endloop
  endfacet
  facet normal 0.258891 -0.965907 0
    outer loop
      vertex -9.68888 -14.3546 -4.41888
      vertex -9.23557 -14.2331 4.79186
      vertex -9.68888 -14.3546 4.41888
    endloop
  endfacet
  facet normal 0.257848 -0.966185 -0.00135771
    outer loop
      vertex -9.23557 -14.2331 -4.79186
      vertex -9.68888 -14.3546 -4.41888
      vertex -9.38337 -14.2727 -4.68065
    endloop
  endfacet
  facet normal 0.258891 -0.965907 0
    outer loop
      vertex -9.68888 -14.3546 -4.41888
      vertex -9.23557 -14.2331 -4.79186
      vertex -9.23557 -14.2331 4.79186
    endloop
  endfacet
  facet normal 0.838827 0.544395 -0.00183236
    outer loop
      vertex -10.1935 -16.7286 3.59177
      vertex -10.4491 -16.335 3.52076
      vertex -10.2986 -16.5667 3.57917
    endloop
  endfacet
  facet normal 0.838677 0.544629 0
    outer loop
      vertex -10.4491 -16.335 3.52076
      vertex -10.1935 -16.7286 3.59177
      vertex -10.4491 -16.335 -3.52076
    endloop
  endfacet
  facet normal 0.838677 0.544629 -0
    outer loop
      vertex -10.1935 -16.7286 -3.59177
      vertex -10.4491 -16.335 -3.52076
      vertex -10.1935 -16.7286 3.59177
    endloop
  endfacet
  facet normal 0.838827 0.544395 0.00183236
    outer loop
      vertex -10.4491 -16.335 -3.52076
      vertex -10.1935 -16.7286 -3.59177
      vertex -10.2986 -16.5667 -3.57917
    endloop
  endfacet
  facet normal 0.543735 -0.839256 0.00123842
    outer loop
      vertex -10.0825 -14.6102 4.02422
      vertex -9.68888 -14.3546 4.41888
      vertex -9.8138 -14.4357 4.30563
    endloop
  endfacet
  facet normal 0.544609 -0.83869 0
    outer loop
      vertex -10.0825 -14.6102 -4.02422
      vertex -9.68888 -14.3546 4.41888
      vertex -10.0825 -14.6102 4.02422
    endloop
  endfacet
  facet normal 0.543735 -0.839256 -0.00123842
    outer loop
      vertex -9.68888 -14.3546 -4.41888
      vertex -10.0825 -14.6102 -4.02422
      vertex -9.8138 -14.4357 -4.30563
    endloop
  endfacet
  facet normal 0.544609 -0.83869 0
    outer loop
      vertex -10.0825 -14.6102 -4.02422
      vertex -9.68888 -14.3546 -4.41888
      vertex -9.68888 -14.3546 4.41888
    endloop
  endfacet
  facet normal -0.777134 0.629336 0
    outer loop
      vertex -8.07508 -16.8396 -3.53021
      vertex -7.77974 -16.4749 3.70637
      vertex -7.77974 -16.4749 -3.70637
    endloop
  endfacet
  facet normal -0.777134 0.629336 0
    outer loop
      vertex -7.77974 -16.4749 3.70637
      vertex -8.07508 -16.8396 -3.53021
      vertex -8.07508 -16.8396 3.53021
    endloop
  endfacet
  facet normal 0.777175 -0.629284 0
    outer loop
      vertex -10.3778 -14.9749 3.71486
      vertex -10.0825 -14.6102 -4.02422
      vertex -10.0825 -14.6102 4.02422
    endloop
  endfacet
  facet normal 0.777175 -0.629284 0
    outer loop
      vertex -10.0825 -14.6102 -4.02422
      vertex -10.3778 -14.9749 3.71486
      vertex -10.3778 -14.9749 -3.71486
    endloop
  endfacet
  facet normal -0.358254 -0.933624 0.000119981
    outer loop
      vertex -8.76691 -14.2577 5.08604
      vertex -8.42262 -14.3898 5.1828
      vertex -8.69393 -14.2857 5.11871
    endloop
  endfacet
  facet normal -0.359217 -0.933245 0.00406404
    outer loop
      vertex -8.42262 -14.3898 5.1828
      vertex -8.76691 -14.2577 5.08604
      vertex -8.32877 -14.4259 5.18831
    endloop
  endfacet
  facet normal -0.358394 -0.933571 0
    outer loop
      vertex -8.76691 -14.2577 -5.08604
      vertex -8.32877 -14.4259 5.18831
      vertex -8.76691 -14.2577 5.08604
    endloop
  endfacet
  facet normal -0.358254 -0.933624 -0.000119981
    outer loop
      vertex -8.42262 -14.3898 -5.1828
      vertex -8.76691 -14.2577 -5.08604
      vertex -8.69393 -14.2857 -5.11871
    endloop
  endfacet
  facet normal -0.359217 -0.933245 -0.00406404
    outer loop
      vertex -8.76691 -14.2577 -5.08604
      vertex -8.42262 -14.3898 -5.1828
      vertex -8.32877 -14.4259 -5.18831
    endloop
  endfacet
  facet normal -0.358394 -0.933571 0
    outer loop
      vertex -8.76691 -14.2577 -5.08604
      vertex -8.32877 -14.4259 -5.18831
      vertex -8.32877 -14.4259 5.18831
    endloop
  endfacet
  facet normal -0.99863 0.0523342 0
    outer loop
      vertex -7.60289 -15.8715 -4.16112
      vertex -7.58699 -15.5681 4.41411
      vertex -7.58699 -15.5681 -4.41411
    endloop
  endfacet
  facet normal -0.99863 0.0523342 0
    outer loop
      vertex -7.60289 -15.8715 -4.16112
      vertex -7.60289 -15.8715 4.16112
      vertex -7.58699 -15.5681 4.41411
    endloop
  endfacet
  facet normal -0.99863 0.0523178 0
    outer loop
      vertex -7.61155 -16.0368 -4.01573
      vertex -7.60289 -15.8715 4.16112
      vertex -7.60289 -15.8715 -4.16112
    endloop
  endfacet
  facet normal -0.99863 0.0523178 0
    outer loop
      vertex -7.60289 -15.8715 4.16112
      vertex -7.61155 -16.0368 -4.01573
      vertex -7.61155 -16.0368 4.01573
    endloop
  endfacet
  facet normal -0.83848 -0.544931 -0.000625628
    outer loop
      vertex -7.81594 -14.9493 -4.92606
      vertex -7.96406 -14.7212 -5.09095
      vertex -7.95711 -14.7319 -5.08563
    endloop
  endfacet
  facet normal -0.838677 -0.544629 0
    outer loop
      vertex -7.96406 -14.7212 -5.09095
      vertex -7.70846 -15.1148 -4.79014
      vertex -7.96406 -14.7212 5.09095
    endloop
  endfacet
  facet normal -0.838861 -0.544346 0.000525804
    outer loop
      vertex -7.96406 -14.7212 -5.09095
      vertex -7.81594 -14.9493 -4.92606
      vertex -7.70846 -15.1148 -4.79014
    endloop
  endfacet
  facet normal -0.838677 -0.544629 -0
    outer loop
      vertex -7.70846 -15.1148 4.79014
      vertex -7.96406 -14.7212 5.09095
      vertex -7.70846 -15.1148 -4.79014
    endloop
  endfacet
  facet normal -0.838861 -0.544346 -0.000525804
    outer loop
      vertex -7.81594 -14.9493 4.92606
      vertex -7.96406 -14.7212 5.09095
      vertex -7.70846 -15.1148 4.79014
    endloop
  endfacet
  facet normal -0.83848 -0.544931 0.000625628
    outer loop
      vertex -7.96406 -14.7212 5.09095
      vertex -7.81594 -14.9493 4.92606
      vertex -7.95711 -14.7319 5.08563
    endloop
  endfacet
  facet normal -0.0516818 -0.998663 -0.00117579
    outer loop
      vertex -9.23557 -14.2331 4.79186
      vertex -8.76691 -14.2577 5.08604
      vertex -8.9597 -14.2476 4.98164
    endloop
  endfacet
  facet normal -0.0524179 -0.998625 0
    outer loop
      vertex -9.23557 -14.2331 -4.79186
      vertex -8.76691 -14.2577 5.08604
      vertex -9.23557 -14.2331 4.79186
    endloop
  endfacet
  facet normal -0.0516818 -0.998663 0.00117579
    outer loop
      vertex -8.76691 -14.2577 -5.08604
      vertex -9.23557 -14.2331 -4.79186
      vertex -8.9597 -14.2476 -4.98164
    endloop
  endfacet
  facet normal -0.0524179 -0.998625 0
    outer loop
      vertex -9.23557 -14.2331 -4.79186
      vertex -8.76691 -14.2577 -5.08604
      vertex -8.76691 -14.2577 5.08604
    endloop
  endfacet
  facet normal 0.268998 0.527931 0.805561
    outer loop
      vertex -0.176517 3.00863 11.9399
      vertex -0.752549 2.71513 12.3246
      vertex -0.487777 2.58022 12.3246
    endloop
  endfacet
  facet normal 0.940442 0.148901 0.30561
    outer loop
      vertex 24.0307 0.638536 0.327277
      vertex 23.8383 0.576032 0.949796
      vertex 24.1318 0 0.327277
    endloop
  endfacet
  facet normal -0.527984 -0.268977 -0.805533
    outer loop
      vertex -11.8011 -19.6675 -1.86408
      vertex -12.2295 -19.9788 -1.47934
      vertex -11.936 -19.4027 -1.86408
    endloop
  endfacet
  facet normal -0.574495 -0.574495 0.583018
    outer loop
      vertex -12.2295 -19.9788 1.47934
      vertex -12.1284 -20.6173 0.949796
      vertex -11.9023 -20.306 1.47934
    endloop
  endfacet
  facet normal -0.574495 -0.574495 0.583018
    outer loop
      vertex -12.1284 -20.6173 0.949796
      vertex -12.2295 -19.9788 1.47934
      vertex -12.5408 -20.2049 0.949796
    endloop
  endfacet
  facet normal 0.527995 -0.268995 -0.80552
    outer loop
      vertex 23.2623 -0.869534 -1.47934
      vertex 22.9688 -0.293503 -1.86408
      vertex 23.4724 -0.457141 -1.47934
    endloop
  endfacet
  facet normal 0.156542 -0.987671 0
    outer loop
      vertex -11.0327 -21.1756 -0.327277
      vertex -10.3942 -21.0744 0.327277
      vertex -11.0327 -21.1756 0.327277
    endloop
  endfacet
  facet normal 0.156542 -0.987671 0
    outer loop
      vertex -10.3942 -21.0744 0.327277
      vertex -11.0327 -21.1756 -0.327277
      vertex -10.3942 -21.0744 -0.327277
    endloop
  endfacet
  facet normal 0.432269 0.848411 0.305521
    outer loop
      vertex -9.81815 20.7809 0.327277
      vertex -10.3942 21.0744 0.327277
      vertex -9.93704 20.6173 0.949796
    endloop
  endfacet
  facet normal 0.0926926 0.585218 0.805561
    outer loop
      vertex -11.0327 20.5886 1.47934
      vertex -11.0327 20.059 1.86408
      vertex -10.5756 20.5162 1.47934
    endloop
  endfacet
  facet normal -0.0487121 0.308584 0.949949
    outer loop
      vertex -1.04605 2.76161 12.3246
      vertex -1.13621 2.19234 12.5049
      vertex -1.04605 2.23828 12.4946
    endloop
  endfacet
  facet normal -0.527984 0.268977 0.805533
    outer loop
      vertex -11.8011 19.6675 1.86408
      vertex -12.2295 19.9788 1.47934
      vertex -11.936 19.4027 1.86408
    endloop
  endfacet
  facet normal -0.368906 -0.723881 -0.583013
    outer loop
      vertex -11.6088 -20.8821 -0.949796
      vertex -12.1284 -20.6173 -0.949796
      vertex -11.4899 -20.5162 -1.47934
    endloop
  endfacet
  facet normal -0.951042 0 0.30906
    outer loop
      vertex -13.0991 -19.1092 0.327277
      vertex -12.8968 19.1092 0.949796
      vertex -13.0991 19.1092 0.327277
    endloop
  endfacet
  facet normal -0.951042 0 0.30906
    outer loop
      vertex -12.8968 19.1092 0.949796
      vertex -13.0991 -19.1092 0.327277
      vertex -12.8968 -19.1092 0.949796
    endloop
  endfacet
  facet normal -0.14189 0.278423 -0.94992
    outer loop
      vertex -1.18937 2.16526 -12.5082
      vertex -1.33955 2.71513 -12.3246
      vertex -1.16494 2.17771 -12.5082
    endloop
  endfacet
  facet normal -0.141865 0.27843 -0.949922
    outer loop
      vertex -1.33955 2.71513 -12.3246
      vertex -1.18937 2.16526 -12.5082
      vertex -1.60433 2.58022 -12.3246
    endloop
  endfacet
  facet normal 0.36165 0.626396 0.690534
    outer loop
      vertex -7.61155 16.0368 4.01573
      vertex -0.176517 3.00863 11.9399
      vertex 22.935 1.19681 1.47934
    endloop
  endfacet
  facet normal 0.361524 0.626375 0.690619
    outer loop
      vertex -0.176517 3.00863 11.9399
      vertex -7.61155 16.0368 4.01573
      vertex -7.60289 15.8715 4.16112
    endloop
  endfacet
  facet normal 0.361664 0.626432 0.690494
    outer loop
      vertex 22.935 1.19681 1.47934
      vertex -7.77974 16.4749 3.70637
      vertex -7.61155 16.0368 4.01573
    endloop
  endfacet
  facet normal 0.361652 0.626402 0.690527
    outer loop
      vertex -10.1632 20.306 1.47934
      vertex -7.77974 16.4749 3.70637
      vertex 22.935 1.19681 1.47934
    endloop
  endfacet
  facet normal 0.361601 0.626391 0.690564
    outer loop
      vertex -7.77974 16.4749 3.70637
      vertex -10.1632 20.306 1.47934
      vertex -8.07508 16.8396 3.53021
    endloop
  endfacet
  facet normal 0.361916 0.626451 0.690344
    outer loop
      vertex -8.07508 16.8396 3.53021
      vertex -10.1632 20.306 1.47934
      vertex -8.21389 16.9298 3.52113
    endloop
  endfacet
  facet normal 0.499999 -0.866026 0
    outer loop
      vertex -9.81815 -20.7809 -0.327277
      vertex 23.28 -1.67171 0.327277
      vertex -9.81815 -20.7809 0.327277
    endloop
  endfacet
  facet normal 0.499999 -0.866026 0
    outer loop
      vertex 23.28 -1.67171 0.327277
      vertex -9.81815 -20.7809 -0.327277
      vertex 23.28 -1.67171 -0.327277
    endloop
  endfacet
  facet normal 0.308691 -0.0488957 -0.949905
    outer loop
      vertex 2.99541 -0.293503 -12.3246
      vertex 2.48606 -0.0880363 -12.5007
      vertex 3.0419 0 -12.3246
    endloop
  endfacet
  facet normal 0.308693 -0.048891 -0.949904
    outer loop
      vertex 2.48606 -0.0880363 -12.5007
      vertex 2.99541 -0.293503 -12.3246
      vertex 2.48004 -0.126046 -12.5007
    endloop
  endfacet
  facet normal -0.802464 -0.127074 0.583012
    outer loop
      vertex -12.5121 -19.1092 1.47934
      vertex -12.8056 -19.6853 0.949796
      vertex -12.4397 -19.5664 1.47934
    endloop
  endfacet
  facet normal -0.0487121 0.308584 -0.949949
    outer loop
      vertex -1.04605 2.23828 -12.4946
      vertex -1.13621 2.19234 -12.5049
      vertex -1.04605 2.76161 -12.3246
    endloop
  endfacet
  facet normal -0.723838 -0.36894 0.583045
    outer loop
      vertex -12.4397 -19.5664 1.47934
      vertex -12.5408 -20.2049 0.949796
      vertex -12.2295 -19.9788 1.47934
    endloop
  endfacet
  facet normal -0.527984 -0.268977 0.805533
    outer loop
      vertex -11.936 -19.4027 1.86408
      vertex -12.2295 -19.9788 1.47934
      vertex -11.8011 -19.6675 1.86408
    endloop
  endfacet
  facet normal 0.314667 0.617584 0.720815
    outer loop
      vertex -0.176517 3.00863 11.9399
      vertex -7.58699 15.5681 4.41411
      vertex -0.588911 3.21875 11.9399
    endloop
  endfacet
  facet normal 0.314605 0.617571 0.720854
    outer loop
      vertex -7.58699 15.5681 4.41411
      vertex -0.176517 3.00863 11.9399
      vertex -7.60289 15.8715 4.16112
    endloop
  endfacet
  facet normal 0.314859 0.617622 0.720699
    outer loop
      vertex -0.588911 3.21875 11.9399
      vertex -7.58699 15.5681 4.41411
      vertex -7.62878 15.4122 4.56597
    endloop
  endfacet
  facet normal 0.314533 0.617566 0.720889
    outer loop
      vertex -10.1632 20.306 1.47934
      vertex -8.46867 17.0952 3.4906
      vertex -8.21389 16.9298 3.52113
    endloop
  endfacet
  facet normal 0.314731 0.617599 0.720775
    outer loop
      vertex -10.1632 20.306 1.47934
      vertex -8.62462 17.137 3.52288
      vertex -8.46867 17.0952 3.4906
    endloop
  endfacet
  facet normal 0.314794 0.617607 0.72074
    outer loop
      vertex -8.62462 17.137 3.52288
      vertex -10.1632 20.306 1.47934
      vertex -10.5756 20.5162 1.47934
    endloop
  endfacet
  facet normal -0.0765277 0.483238 -0.872138
    outer loop
      vertex -7.96406 14.7212 -5.09095
      vertex -1.04605 2.76161 -12.3246
      vertex -1.33955 2.71513 -12.3246
    endloop
  endfacet
  facet normal -0.0764503 0.483274 -0.872125
    outer loop
      vertex -1.04605 2.76161 -12.3246
      vertex -7.96406 14.7212 -5.09095
      vertex -7.95711 14.7319 -5.08563
    endloop
  endfacet
  facet normal -0.0764932 0.483253 -0.872133
    outer loop
      vertex -7.96406 14.7212 -5.09095
      vertex -1.33955 2.71513 -12.3246
      vertex -8.1734 14.5517 -5.16651
    endloop
  endfacet
  facet normal -0.0771989 0.482925 -0.872252
    outer loop
      vertex -9.39064 17.1921 -3.59668
      vertex -11.0327 20.059 -1.86408
      vertex -9.3779 17.1928 -3.59742
    endloop
  endfacet
  facet normal -0.0765067 0.48325 -0.872133
    outer loop
      vertex -9.64212 17.0956 -3.62809
      vertex -11.0327 20.059 -1.86408
      vertex -9.39064 17.1921 -3.59668
    endloop
  endfacet
  facet normal -0.0765593 0.483229 -0.87214
    outer loop
      vertex -11.0327 20.059 -1.86408
      vertex -9.64212 17.0956 -3.62809
      vertex -11.3262 20.0125 -1.86408
    endloop
  endfacet
  facet normal 0.418968 0.418973 0.80556
    outer loop
      vertex 2.96164 1.19681 11.9399
      vertex 2.86051 0.558275 12.3246
      vertex 3.28892 0.869534 11.9399
    endloop
  endfacet
  facet normal 0.418964 0.418974 0.805562
    outer loop
      vertex 2.86051 0.558275 12.3246
      vertex 2.96164 1.19681 11.9399
      vertex 2.65038 0.7684 12.3246
    endloop
  endfacet
  facet normal -0.723838 -0.36894 -0.583045
    outer loop
      vertex -12.2295 -19.9788 -1.47934
      vertex -12.5408 -20.2049 -0.949796
      vertex -12.4397 -19.5664 -1.47934
    endloop
  endfacet
  facet normal 0.149059 0.940459 0.305479
    outer loop
      vertex -10.3942 21.0744 0.327277
      vertex -11.0327 21.1756 0.327277
      vertex -10.4567 20.8821 0.949796
    endloop
  endfacet
  facet normal -0.471974 -0.240443 -0.848191
    outer loop
      vertex -11.936 -19.4027 -1.86408
      vertex -10.1327 -16.7778 -3.61162
      vertex -11.8011 -19.6675 -1.86408
    endloop
  endfacet
  facet normal -0.471706 -0.240681 -0.848273
    outer loop
      vertex -10.1327 -16.7778 -3.61162
      vertex -11.936 -19.4027 -1.86408
      vertex -10.1935 -16.7286 -3.59177
    endloop
  endfacet
  facet normal -0.472022 -0.240411 -0.848173
    outer loop
      vertex -10.1935 -16.7286 -3.59177
      vertex -11.936 -19.4027 -1.86408
      vertex -10.2986 -16.5667 -3.57917
    endloop
  endfacet
  facet normal -0.471956 -0.240457 -0.848197
    outer loop
      vertex -8.76691 -14.2577 -5.08604
      vertex -1.81445 -2.37009 -12.3246
      vertex -8.69393 -14.2857 -5.11871
    endloop
  endfacet
  facet normal -0.471922 -0.240485 -0.848208
    outer loop
      vertex -8.9597 -14.2476 -4.98164
      vertex -1.81445 -2.37009 -12.3246
      vertex -8.76691 -14.2577 -5.08604
    endloop
  endfacet
  facet normal -0.471939 -0.24047 -0.848202
    outer loop
      vertex -1.81445 -2.37009 -12.3246
      vertex -8.9597 -14.2476 -4.98164
      vertex -1.94936 -2.10532 -12.3246
    endloop
  endfacet
  facet normal -0.802488 -0.127039 -0.582987
    outer loop
      vertex -12.8056 -19.6853 -0.949796
      vertex -12.8968 -19.1092 -0.949796
      vertex -12.5121 -19.1092 -1.47934
    endloop
  endfacet
  facet normal -0.802488 0.127039 0.582987
    outer loop
      vertex -12.8056 19.6853 0.949796
      vertex -12.8968 19.1092 0.949796
      vertex -12.5121 19.1092 1.47934
    endloop
  endfacet
  facet normal -0.940444 0.148878 0.305616
    outer loop
      vertex -12.8056 19.6853 0.949796
      vertex -13.0991 19.1092 0.327277
      vertex -12.8968 19.1092 0.949796
    endloop
  endfacet
  facet normal 0.361663 0.62635 0.690569
    outer loop
      vertex 22.935 1.19681 1.47934
      vertex 19.0392 1.21352 3.50448
      vertex 19.0559 1.19681 3.51089
    endloop
  endfacet
  facet normal 0.36167 0.626329 0.690584
    outer loop
      vertex 22.935 1.19681 1.47934
      vertex 18.6211 1.42658 3.53021
      vertex 19.0392 1.21352 3.50448
    endloop
  endfacet
  facet normal 0.361686 0.626278 0.690622
    outer loop
      vertex 22.935 1.19681 1.47934
      vertex 18.1576 1.5 3.70637
      vertex 18.6211 1.42658 3.53021
    endloop
  endfacet
  facet normal 0.361502 0.626794 0.690251
    outer loop
      vertex 17.2759 1.21352 4.42799
      vertex 2.96164 1.19681 11.9399
      vertex 17.2592 1.19681 4.45191
    endloop
  endfacet
  facet normal 0.361636 0.626434 0.690507
    outer loop
      vertex 17.694 1.42658 4.01573
      vertex 2.96164 1.19681 11.9399
      vertex 17.2759 1.21352 4.42799
    endloop
  endfacet
  facet normal 0.361688 0.626252 0.690645
    outer loop
      vertex -0.176517 3.00863 11.9399
      vertex 17.694 1.42658 4.01573
      vertex 18.1576 1.5 3.70637
    endloop
  endfacet
  facet normal 0.361651 0.626397 0.690533
    outer loop
      vertex 17.694 1.42658 4.01573
      vertex -0.176517 3.00863 11.9399
      vertex 2.96164 1.19681 11.9399
    endloop
  endfacet
  facet normal 0.361632 0.626465 0.690481
    outer loop
      vertex -0.176517 3.00863 11.9399
      vertex 18.1576 1.5 3.70637
      vertex 22.935 1.19681 1.47934
    endloop
  endfacet
  facet normal -0.848393 0.432298 0.305529
    outer loop
      vertex -12.7044 20.3238 0.327277
      vertex -12.9979 19.7478 0.327277
      vertex -12.5408 20.2049 0.949796
    endloop
  endfacet
  facet normal 0.368931 0.723821 0.583073
    outer loop
      vertex -9.93704 20.6173 0.949796
      vertex -10.5756 20.5162 1.47934
      vertex -10.1632 20.306 1.47934
    endloop
  endfacet
  facet normal 0.405281 0.701968 0.585652
    outer loop
      vertex -9.93704 20.6173 0.949796
      vertex 22.935 1.19681 1.47934
      vertex 23.1611 1.50807 0.949796
    endloop
  endfacet
  facet normal 0.405257 0.701928 0.585717
    outer loop
      vertex 22.935 1.19681 1.47934
      vertex -9.93704 20.6173 0.949796
      vertex -10.1632 20.306 1.47934
    endloop
  endfacet
  facet normal 0.673238 0.673327 -0.305583
    outer loop
      vertex 23.7372 1.21457 -0.327277
      vertex 23.1611 1.50807 -0.949796
      vertex 23.28 1.67171 -0.327277
    endloop
  endfacet
  facet normal 0.673264 0.67328 -0.305629
    outer loop
      vertex 23.1611 1.50807 -0.949796
      vertex 23.7372 1.21457 -0.327277
      vertex 23.5735 1.09568 -0.949796
    endloop
  endfacet
  facet normal 0.940441 0.148895 -0.305615
    outer loop
      vertex 23.9295 0 -0.949796
      vertex 23.8383 0.576032 -0.949796
      vertex 24.1318 0 -0.327277
    endloop
  endfacet
  facet normal 0.802487 -0.127053 -0.582986
    outer loop
      vertex 23.8383 -0.576032 -0.949796
      vertex 23.5448 0 -1.47934
      vertex 23.9295 0 -0.949796
    endloop
  endfacet
  facet normal 0.142655 -0.57119 -0.808327
    outer loop
      vertex -10.5756 -20.5162 -1.47934
      vertex -8.92198 -17.2167 -3.51904
      vertex -8.62462 -17.137 -3.52288
    endloop
  endfacet
  facet normal 0.14254 -0.571158 -0.808369
    outer loop
      vertex -10.7392 -20.0125 -1.86408
      vertex -8.92198 -17.2167 -3.51904
      vertex -10.5756 -20.5162 -1.47934
    endloop
  endfacet
  facet normal 0.142692 -0.571217 -0.808301
    outer loop
      vertex -8.92198 -17.2167 -3.51904
      vertex -10.7392 -20.0125 -1.86408
      vertex -9.11906 -17.2064 -3.56111
    endloop
  endfacet
  facet normal 0.142517 -0.571147 -0.808381
    outer loop
      vertex -7.70846 -15.1148 -4.79014
      vertex -0.588911 -3.21875 -11.9399
      vertex -7.62878 -15.4122 -4.56597
    endloop
  endfacet
  facet normal 0.142664 -0.571198 -0.808319
    outer loop
      vertex -7.81594 -14.9493 -4.92606
      vertex -0.588911 -3.21875 -11.9399
      vertex -7.70846 -15.1148 -4.79014
    endloop
  endfacet
  facet normal 0.142564 -0.571161 -0.808363
    outer loop
      vertex -0.588911 -3.21875 -11.9399
      vertex -7.81594 -14.9493 -4.92606
      vertex -0.752549 -2.71513 -12.3246
    endloop
  endfacet
  facet normal 0.405257 -0.701928 -0.585717
    outer loop
      vertex 22.935 -1.19681 -1.47934
      vertex -9.93704 -20.6173 -0.949796
      vertex -10.1632 -20.306 -1.47934
    endloop
  endfacet
  facet normal 0.405281 -0.701968 -0.585652
    outer loop
      vertex -9.93704 -20.6173 -0.949796
      vertex 22.935 -1.19681 -1.47934
      vertex 23.1611 -1.50807 -0.949796
    endloop
  endfacet
  facet normal -0.574495 -0.574495 -0.583018
    outer loop
      vertex -12.1284 -20.6173 -0.949796
      vertex -12.2295 -19.9788 -1.47934
      vertex -11.9023 -20.306 -1.47934
    endloop
  endfacet
  facet normal -0.574495 -0.574495 -0.583018
    outer loop
      vertex -12.2295 -19.9788 -1.47934
      vertex -12.1284 -20.6173 -0.949796
      vertex -12.5408 -20.2049 -0.949796
    endloop
  endfacet
  facet normal -0.723374 -8.83468e-05 -0.690457
    outer loop
      vertex -10.546 15.413 -3.5387
      vertex -12.5121 19.1092 -1.47934
      vertex -10.5628 15.7329 -3.52114
    endloop
  endfacet
  facet normal -0.723388 -0.000104226 -0.690442
    outer loop
      vertex -10.3778 14.9749 -3.71486
      vertex -12.5121 19.1092 -1.47934
      vertex -10.546 15.413 -3.5387
    endloop
  endfacet
  facet normal -0.723221 9.67064e-05 -0.690617
    outer loop
      vertex -2.52539 1.81182 -11.9399
      vertex -10.0825 14.6102 -4.02422
      vertex -9.8138 14.4357 -4.30563
    endloop
  endfacet
  facet normal -0.723299 0 -0.690535
    outer loop
      vertex -2.52539 -1.81182 -11.9399
      vertex -10.0825 14.6102 -4.02422
      vertex -2.52539 1.81182 -11.9399
    endloop
  endfacet
  facet normal -0.723299 0 -0.690535
    outer loop
      vertex -10.0825 -14.6102 -4.02422
      vertex -10.0825 14.6102 -4.02422
      vertex -2.52539 -1.81182 -11.9399
    endloop
  endfacet
  facet normal -0.723353 -0 -0.690478
    outer loop
      vertex -10.0825 14.6102 -4.02422
      vertex -10.0825 -14.6102 -4.02422
      vertex -10.3778 14.9749 -3.71486
    endloop
  endfacet
  facet normal -0.723221 -9.67064e-05 -0.690617
    outer loop
      vertex -10.0825 -14.6102 -4.02422
      vertex -2.52539 -1.81182 -11.9399
      vertex -9.8138 -14.4357 -4.30563
    endloop
  endfacet
  facet normal -0.723353 0 -0.690478
    outer loop
      vertex -10.3778 -14.9749 -3.71486
      vertex -10.3778 14.9749 -3.71486
      vertex -10.0825 -14.6102 -4.02422
    endloop
  endfacet
  facet normal -0.723292 -0 -0.690543
    outer loop
      vertex -10.3778 14.9749 -3.71486
      vertex -10.3778 -14.9749 -3.71486
      vertex -12.5121 19.1092 -1.47934
    endloop
  endfacet
  facet normal -0.723388 0.000104226 -0.690442
    outer loop
      vertex -12.5121 -19.1092 -1.47934
      vertex -10.3778 -14.9749 -3.71486
      vertex -10.546 -15.413 -3.5387
    endloop
  endfacet
  facet normal -0.723374 8.83468e-05 -0.690457
    outer loop
      vertex -12.5121 -19.1092 -1.47934
      vertex -10.546 -15.413 -3.5387
      vertex -10.5628 -15.7329 -3.52114
    endloop
  endfacet
  facet normal -0.723292 0 -0.690543
    outer loop
      vertex -10.3778 -14.9749 -3.71486
      vertex -12.5121 -19.1092 -1.47934
      vertex -12.5121 19.1092 -1.47934
    endloop
  endfacet
  facet normal 0.314533 -0.617566 0.720889
    outer loop
      vertex -8.46867 -17.0952 3.4906
      vertex -10.1632 -20.306 1.47934
      vertex -8.21389 -16.9298 3.52113
    endloop
  endfacet
  facet normal 0.314731 -0.617599 0.720775
    outer loop
      vertex -8.62462 -17.137 3.52288
      vertex -10.1632 -20.306 1.47934
      vertex -8.46867 -17.0952 3.4906
    endloop
  endfacet
  facet normal 0.314794 -0.617607 0.72074
    outer loop
      vertex -10.1632 -20.306 1.47934
      vertex -8.62462 -17.137 3.52288
      vertex -10.5756 -20.5162 1.47934
    endloop
  endfacet
  facet normal 0.314859 -0.617622 0.720699
    outer loop
      vertex -0.588911 -3.21875 11.9399
      vertex -7.62878 -15.4122 4.56597
      vertex -7.58699 -15.5681 4.41411
    endloop
  endfacet
  facet normal 0.314667 -0.617584 0.720815
    outer loop
      vertex -7.58699 -15.5681 4.41411
      vertex -0.176517 -3.00863 11.9399
      vertex -0.588911 -3.21875 11.9399
    endloop
  endfacet
  facet normal 0.314605 -0.617571 0.720854
    outer loop
      vertex -0.176517 -3.00863 11.9399
      vertex -7.58699 -15.5681 4.41411
      vertex -7.60289 -15.8715 4.16112
    endloop
  endfacet
  facet normal 0.368931 -0.723821 -0.583073
    outer loop
      vertex -9.93704 -20.6173 -0.949796
      vertex -10.5756 -20.5162 -1.47934
      vertex -10.1632 -20.306 -1.47934
    endloop
  endfacet
  facet normal -0.585222 0.0926851 -0.805559
    outer loop
      vertex -1.99585 1.81182 -12.3246
      vertex -2.52539 1.81182 -11.9399
      vertex -2.45299 2.26896 -11.9399
    endloop
  endfacet
  facet normal 0.0483701 0.308589 -0.949965
    outer loop
      vertex -0.969355 2.27736 -12.478
      vertex -1.04605 2.23828 -12.4946
      vertex -1.04605 2.76161 -12.3246
    endloop
  endfacet
  facet normal 0.148903 0.94044 0.305615
    outer loop
      vertex -11.0327 21.1756 0.327277
      vertex -11.0327 20.9733 0.949796
      vertex -10.4567 20.8821 0.949796
    endloop
  endfacet
  facet normal -0.848393 0.432298 -0.305529
    outer loop
      vertex -12.5408 20.2049 -0.949796
      vertex -12.9979 19.7478 -0.327277
      vertex -12.7044 20.3238 -0.327277
    endloop
  endfacet
  facet normal -0.631803 0.100062 -0.768643
    outer loop
      vertex -9.68888 14.3546 -4.41888
      vertex -2.45299 2.26896 -11.9399
      vertex -2.52539 1.81182 -11.9399
    endloop
  endfacet
  facet normal -0.631779 0.100087 -0.76866
    outer loop
      vertex -2.45299 2.26896 -11.9399
      vertex -9.68888 14.3546 -4.41888
      vertex -9.38337 14.2727 -4.68065
    endloop
  endfacet
  facet normal -0.631875 0.0999916 -0.768593
    outer loop
      vertex -9.68888 14.3546 -4.41888
      vertex -2.52539 1.81182 -11.9399
      vertex -9.8138 14.4357 -4.30563
    endloop
  endfacet
  facet normal -0.631818 0.100048 -0.768633
    outer loop
      vertex -12.5121 19.1092 -1.47934
      vertex -10.5706 15.8817 -3.49536
      vertex -10.5628 15.7329 -3.52114
    endloop
  endfacet
  facet normal -0.631815 0.100051 -0.768635
    outer loop
      vertex -10.5706 15.8817 -3.49536
      vertex -12.5121 19.1092 -1.47934
      vertex -12.4397 19.5664 -1.47934
    endloop
  endfacet
  facet normal -0.631742 0.100116 -0.768686
    outer loop
      vertex -10.4887 16.1872 -3.52288
      vertex -10.5706 15.8817 -3.49536
      vertex -12.4397 19.5664 -1.47934
    endloop
  endfacet
  facet normal 0.142564 0.571161 -0.808363
    outer loop
      vertex -7.81594 14.9493 -4.92606
      vertex -0.588911 3.21875 -11.9399
      vertex -0.752549 2.71513 -12.3246
    endloop
  endfacet
  facet normal 0.142517 0.571147 -0.808381
    outer loop
      vertex -0.588911 3.21875 -11.9399
      vertex -7.70846 15.1148 -4.79014
      vertex -7.62878 15.4122 -4.56597
    endloop
  endfacet
  facet normal 0.142664 0.571198 -0.808319
    outer loop
      vertex -0.588911 3.21875 -11.9399
      vertex -7.81594 14.9493 -4.92606
      vertex -7.70846 15.1148 -4.79014
    endloop
  endfacet
  facet normal 0.142655 0.57119 -0.808327
    outer loop
      vertex -8.92198 17.2167 -3.51904
      vertex -10.5756 20.5162 -1.47934
      vertex -8.62462 17.137 -3.52288
    endloop
  endfacet
  facet normal 0.142692 0.571217 -0.808301
    outer loop
      vertex -10.7392 20.0125 -1.86408
      vertex -8.92198 17.2167 -3.51904
      vertex -9.11906 17.2064 -3.56111
    endloop
  endfacet
  facet normal 0.14254 0.571158 -0.808369
    outer loop
      vertex -8.92198 17.2167 -3.51904
      vertex -10.7392 20.0125 -1.86408
      vertex -10.5756 20.5162 -1.47934
    endloop
  endfacet
  facet normal 0.361663 -0.62635 -0.690569
    outer loop
      vertex 22.935 -1.19681 -1.47934
      vertex 19.0392 -1.21352 -3.50448
      vertex 19.0559 -1.19681 -3.51089
    endloop
  endfacet
  facet normal 0.36167 -0.626329 -0.690584
    outer loop
      vertex 22.935 -1.19681 -1.47934
      vertex 18.6211 -1.42658 -3.53021
      vertex 19.0392 -1.21352 -3.50448
    endloop
  endfacet
  facet normal 0.361686 -0.626278 -0.690622
    outer loop
      vertex 22.935 -1.19681 -1.47934
      vertex 18.1576 -1.5 -3.70637
      vertex 18.6211 -1.42658 -3.53021
    endloop
  endfacet
  facet normal 0.361502 -0.626794 -0.690251
    outer loop
      vertex 17.2759 -1.21352 -4.42799
      vertex 2.96164 -1.19681 -11.9399
      vertex 17.2592 -1.19681 -4.45191
    endloop
  endfacet
  facet normal 0.361636 -0.626434 -0.690507
    outer loop
      vertex 17.694 -1.42658 -4.01573
      vertex 2.96164 -1.19681 -11.9399
      vertex 17.2759 -1.21352 -4.42799
    endloop
  endfacet
  facet normal 0.361688 -0.626252 -0.690645
    outer loop
      vertex -0.176517 -3.00863 -11.9399
      vertex 17.694 -1.42658 -4.01573
      vertex 18.1576 -1.5 -3.70637
    endloop
  endfacet
  facet normal 0.361651 -0.626397 -0.690533
    outer loop
      vertex 17.694 -1.42658 -4.01573
      vertex -0.176517 -3.00863 -11.9399
      vertex 2.96164 -1.19681 -11.9399
    endloop
  endfacet
  facet normal 0.361632 -0.626465 -0.690481
    outer loop
      vertex -0.176517 -3.00863 -11.9399
      vertex 18.1576 -1.5 -3.70637
      vertex 22.935 -1.19681 -1.47934
    endloop
  endfacet
  facet normal -0.269059 0.527878 0.805576
    outer loop
      vertex -11.4899 20.5162 1.47934
      vertex -11.9023 20.306 1.47934
      vertex -11.3262 20.0125 1.86408
    endloop
  endfacet
  facet normal -0.527878 0.269059 0.805576
    outer loop
      vertex -12.2295 19.9788 1.47934
      vertex -12.4397 19.5664 1.47934
      vertex -11.936 19.4027 1.86408
    endloop
  endfacet
  facet normal -0.848393 -0.432298 -0.305529
    outer loop
      vertex -12.7044 -20.3238 -0.327277
      vertex -12.9979 -19.7478 -0.327277
      vertex -12.5408 -20.2049 -0.949796
    endloop
  endfacet
  facet normal 0.141888 0.278467 0.949907
    outer loop
      vertex -0.752549 2.71513 12.3246
      vertex -0.674885 2.39311 12.4074
      vertex -0.487777 2.58022 12.3246
    endloop
  endfacet
  facet normal 0.141687 0.278429 0.949948
    outer loop
      vertex -0.752549 2.71513 12.3246
      vertex -0.772542 2.37764 12.4265
      vertex -0.674885 2.39311 12.4074
    endloop
  endfacet
  facet normal 0.141921 0.278407 0.94992
    outer loop
      vertex -0.772542 2.37764 12.4265
      vertex -0.752549 2.71513 12.3246
      vertex -0.879994 2.32289 12.4586
    endloop
  endfacet
  facet normal 0.84837 0.43226 0.305645
    outer loop
      vertex 23.7372 1.21457 0.327277
      vertex 23.5735 1.09568 0.949796
      vertex 24.0307 0.638536 0.327277
    endloop
  endfacet
  facet normal -0.210822 0.413843 0.8856
    outer loop
      vertex -8.32877 14.4259 5.18831
      vertex -1.33955 2.71513 12.3246
      vertex -8.1734 14.5517 5.16651
    endloop
  endfacet
  facet normal -0.210851 0.413826 0.885601
    outer loop
      vertex -1.33955 2.71513 12.3246
      vertex -8.32877 14.4259 5.18831
      vertex -1.60433 2.58022 12.3246
    endloop
  endfacet
  facet normal -0.211118 0.413678 0.885607
    outer loop
      vertex -1.60433 2.58022 12.3246
      vertex -8.32877 14.4259 5.18831
      vertex -8.42262 14.3898 5.1828
    endloop
  endfacet
  facet normal -0.210951 0.413778 0.8856
    outer loop
      vertex -11.3262 20.0125 1.86408
      vertex -9.82877 17.0239 3.61713
      vertex -9.64212 17.0956 3.62809
    endloop
  endfacet
  facet normal -0.210827 0.41384 0.8856
    outer loop
      vertex -11.591 19.8776 1.86408
      vertex -9.82877 17.0239 3.61713
      vertex -11.3262 20.0125 1.86408
    endloop
  endfacet
  facet normal -0.210644 0.413949 0.885593
    outer loop
      vertex -9.82877 17.0239 3.61713
      vertex -11.591 19.8776 1.86408
      vertex -9.90689 16.9607 3.62809
    endloop
  endfacet
  facet normal 0.422068 0.41521 0.80589
    outer loop
      vertex 3.28892 0.869534 11.9399
      vertex 16.7792 0.558275 5.03502
      vertex 16.9378 0.869534 4.79159
    endloop
  endfacet
  facet normal 0.422082 0.415133 0.805922
    outer loop
      vertex 16.7792 0.558275 5.03502
      vertex 3.28892 0.869534 11.9399
      vertex 2.86051 0.558275 12.3246
    endloop
  endfacet
  facet normal 0.422084 0.415119 0.805928
    outer loop
      vertex 19.3773 0.869534 3.51401
      vertex 22.8338 0.558275 1.86408
      vertex 23.2623 0.869534 1.47934
    endloop
  endfacet
  facet normal 0.422071 0.415227 0.80588
    outer loop
      vertex 22.8338 0.558275 1.86408
      vertex 19.3773 0.869534 3.51401
      vertex 19.5359 0.558275 3.59132
    endloop
  endfacet
  facet normal -0.432298 0.848393 0.305529
    outer loop
      vertex -11.6713 21.0744 0.327277
      vertex -12.2473 20.7809 0.327277
      vertex -12.1284 20.6173 0.949796
    endloop
  endfacet
  facet normal 0.368872 0.723897 0.583016
    outer loop
      vertex -10.4567 20.8821 0.949796
      vertex -10.5756 20.5162 1.47934
      vertex -9.93704 20.6173 0.949796
    endloop
  endfacet
  facet normal 0.432269 0.848411 -0.305521
    outer loop
      vertex -9.93704 20.6173 -0.949796
      vertex -10.3942 21.0744 -0.327277
      vertex -9.81815 20.7809 -0.327277
    endloop
  endfacet
  facet normal 0.84837 0.43226 -0.305645
    outer loop
      vertex 24.0307 0.638536 -0.327277
      vertex 23.5735 1.09568 -0.949796
      vertex 23.7372 1.21457 -0.327277
    endloop
  endfacet
  facet normal 0.0483701 -0.308589 -0.949965
    outer loop
      vertex -0.969355 -2.27736 -12.478
      vertex -1.04605 -2.76161 -12.3246
      vertex -1.04605 -2.23828 -12.4946
    endloop
  endfacet
  facet normal 0.36165 -0.626396 -0.690534
    outer loop
      vertex -7.61155 -16.0368 -4.01573
      vertex -0.176517 -3.00863 -11.9399
      vertex 22.935 -1.19681 -1.47934
    endloop
  endfacet
  facet normal 0.361524 -0.626375 -0.690619
    outer loop
      vertex -0.176517 -3.00863 -11.9399
      vertex -7.61155 -16.0368 -4.01573
      vertex -7.60289 -15.8715 -4.16112
    endloop
  endfacet
  facet normal 0.361664 -0.626432 -0.690494
    outer loop
      vertex 22.935 -1.19681 -1.47934
      vertex -7.77974 -16.4749 -3.70637
      vertex -7.61155 -16.0368 -4.01573
    endloop
  endfacet
  facet normal 0.361652 -0.626402 -0.690527
    outer loop
      vertex -10.1632 -20.306 -1.47934
      vertex -7.77974 -16.4749 -3.70637
      vertex 22.935 -1.19681 -1.47934
    endloop
  endfacet
  facet normal 0.361601 -0.626391 -0.690564
    outer loop
      vertex -7.77974 -16.4749 -3.70637
      vertex -10.1632 -20.306 -1.47934
      vertex -8.07508 -16.8396 -3.53021
    endloop
  endfacet
  facet normal 0.361916 -0.626451 -0.690344
    outer loop
      vertex -8.07508 -16.8396 -3.53021
      vertex -10.1632 -20.306 -1.47934
      vertex -8.21389 -16.9298 -3.52113
    endloop
  endfacet
  facet normal 0.422071 0.415227 -0.80588
    outer loop
      vertex 19.3773 0.869534 -3.51401
      vertex 22.8338 0.558275 -1.86408
      vertex 19.5359 0.558275 -3.59132
    endloop
  endfacet
  facet normal 0.422084 0.415119 -0.805928
    outer loop
      vertex 22.8338 0.558275 -1.86408
      vertex 19.3773 0.869534 -3.51401
      vertex 23.2623 0.869534 -1.47934
    endloop
  endfacet
  facet normal 0.422068 0.41521 -0.80589
    outer loop
      vertex 16.7792 0.558275 -5.03502
      vertex 3.28892 0.869534 -11.9399
      vertex 16.9378 0.869534 -4.79159
    endloop
  endfacet
  facet normal 0.422082 0.415133 -0.805922
    outer loop
      vertex 3.28892 0.869534 -11.9399
      vertex 16.7792 0.558275 -5.03502
      vertex 2.86051 0.558275 -12.3246
    endloop
  endfacet
  facet normal 0.0489559 0.308665 -0.94991
    outer loop
      vertex -1.04605 2.76161 -12.3246
      vertex -0.879994 2.32289 -12.4586
      vertex -0.969355 2.27736 -12.478
    endloop
  endfacet
  facet normal 0.0488773 0.308639 -0.949923
    outer loop
      vertex -0.879994 2.32289 -12.4586
      vertex -1.04605 2.76161 -12.3246
      vertex -0.752549 2.71513 -12.3246
    endloop
  endfacet
  facet normal 0.12706 -0.802486 -0.582985
    outer loop
      vertex -10.4567 -20.8821 -0.949796
      vertex -11.0327 -20.9733 -0.949796
      vertex -11.0327 -20.5886 -1.47934
    endloop
  endfacet
  facet normal -0.148878 -0.940444 -0.305616
    outer loop
      vertex -11.0327 -21.1756 -0.327277
      vertex -11.6088 -20.8821 -0.949796
      vertex -11.0327 -20.9733 -0.949796
    endloop
  endfacet
  facet normal -0.432298 -0.848393 0.305529
    outer loop
      vertex -12.1284 -20.6173 0.949796
      vertex -12.2473 -20.7809 0.327277
      vertex -11.6713 -21.0744 0.327277
    endloop
  endfacet
  facet normal -0.848382 -0.432355 -0.305478
    outer loop
      vertex -12.5408 -20.2049 -0.949796
      vertex -12.9979 -19.7478 -0.327277
      vertex -12.8056 -19.6853 -0.949796
    endloop
  endfacet
  facet normal -0.951042 0 -0.30906
    outer loop
      vertex -12.8968 -19.1092 -0.949796
      vertex -13.0991 19.1092 -0.327277
      vertex -12.8968 19.1092 -0.949796
    endloop
  endfacet
  facet normal -0.951042 -0 -0.30906
    outer loop
      vertex -13.0991 19.1092 -0.327277
      vertex -12.8968 -19.1092 -0.949796
      vertex -13.0991 -19.1092 -0.327277
    endloop
  endfacet
  facet normal -0.337041 -0.337041 -0.879094
    outer loop
      vertex -11.8011 -19.6675 -1.86408
      vertex -9.90689 -16.9607 -3.62809
      vertex -11.591 -19.8776 -1.86408
    endloop
  endfacet
  facet normal -0.337086 -0.337008 -0.87909
    outer loop
      vertex -9.90689 -16.9607 -3.62809
      vertex -11.8011 -19.6675 -1.86408
      vertex -10.1327 -16.7778 -3.61162
    endloop
  endfacet
  facet normal -0.336996 -0.337068 -0.879101
    outer loop
      vertex -8.69393 -14.2857 -5.11871
      vertex -1.60433 -2.58022 -12.3246
      vertex -8.42262 -14.3898 -5.1828
    endloop
  endfacet
  facet normal -0.337048 -0.337032 -0.879095
    outer loop
      vertex -1.60433 -2.58022 -12.3246
      vertex -8.69393 -14.2857 -5.11871
      vertex -1.81445 -2.37009 -12.3246
    endloop
  endfacet
  facet normal 0.294932 0.510834 -0.807505
    outer loop
      vertex 2.26696 0.989769 -12.3246
      vertex 2.96164 1.19681 -11.9399
      vertex 2.65038 0.7684 -12.3246
    endloop
  endfacet
  facet normal 0.294923 0.510851 -0.807497
    outer loop
      vertex 2.02254 1.46946 -12.1104
      vertex 2.96164 1.19681 -11.9399
      vertex 2.26696 0.989769 -12.3246
    endloop
  endfacet
  facet normal 0.294924 0.510857 -0.807493
    outer loop
      vertex 1.46946 2.02254 -11.9625
      vertex 2.96164 1.19681 -11.9399
      vertex 2.02254 1.46946 -12.1104
    endloop
  endfacet
  facet normal 0.294622 0.510299 -0.807956
    outer loop
      vertex 1.46946 2.02254 -11.9625
      vertex -0.176517 3.00863 -11.9399
      vertex 2.96164 1.19681 -11.9399
    endloop
  endfacet
  facet normal 0.294862 0.510691 -0.807621
    outer loop
      vertex 0.772542 2.37764 -11.9924
      vertex -0.176517 3.00863 -11.9399
      vertex 1.46946 2.02254 -11.9625
    endloop
  endfacet
  facet normal 0.294973 0.510848 -0.807481
    outer loop
      vertex 0 2.5 -12.1972
      vertex -0.176517 3.00863 -11.9399
      vertex 0.772542 2.37764 -11.9924
    endloop
  endfacet
  facet normal 0.294902 0.510839 -0.807512
    outer loop
      vertex -0.273742 2.45664 -12.3246
      vertex -0.176517 3.00863 -11.9399
      vertex 0 2.5 -12.1972
    endloop
  endfacet
  facet normal 0.294942 0.510827 -0.807505
    outer loop
      vertex -0.176517 3.00863 -11.9399
      vertex -0.273742 2.45664 -12.3246
      vertex -0.487777 2.58022 -12.3246
    endloop
  endfacet
  facet normal -0.585214 0.0926971 -0.805563
    outer loop
      vertex -1.99585 1.81182 -12.3246
      vertex -2.45299 2.26896 -11.9399
      vertex -1.94936 2.10532 -12.3246
    endloop
  endfacet
  facet normal -0.127074 0.802464 0.583012
    outer loop
      vertex -11.0327 20.5886 1.47934
      vertex -11.6088 20.8821 0.949796
      vertex -11.4899 20.5162 1.47934
    endloop
  endfacet
  facet normal -0.368906 0.723881 0.583013
    outer loop
      vertex -11.6088 20.8821 0.949796
      vertex -12.1284 20.6173 0.949796
      vertex -11.4899 20.5162 1.47934
    endloop
  endfacet
  facet normal -0.673292 0.673292 0.305541
    outer loop
      vertex -12.7044 20.3238 0.327277
      vertex -12.1284 20.6173 0.949796
      vertex -12.2473 20.7809 0.327277
    endloop
  endfacet
  facet normal -0.673292 0.673292 0.305541
    outer loop
      vertex -12.1284 20.6173 0.949796
      vertex -12.7044 20.3238 0.327277
      vertex -12.5408 20.2049 0.949796
    endloop
  endfacet
  facet normal -0.564912 0.163021 0.808888
    outer loop
      vertex -11.936 19.4027 1.86408
      vertex -10.4491 16.335 3.52076
      vertex -10.2986 16.5667 3.57917
    endloop
  endfacet
  facet normal -0.564875 0.16305 0.808907
    outer loop
      vertex -12.4397 19.5664 1.47934
      vertex -10.4491 16.335 3.52076
      vertex -11.936 19.4027 1.86408
    endloop
  endfacet
  facet normal -0.564959 0.162971 0.808865
    outer loop
      vertex -10.4491 16.335 3.52076
      vertex -12.4397 19.5664 1.47934
      vertex -10.4887 16.1872 3.52288
    endloop
  endfacet
  facet normal -0.564905 0.163024 0.808891
    outer loop
      vertex -8.9597 14.2476 4.98164
      vertex -2.45299 2.26896 11.9399
      vertex -1.94936 2.10532 12.3246
    endloop
  endfacet
  facet normal -0.564995 0.162947 0.808844
    outer loop
      vertex -9.23557 14.2331 4.79186
      vertex -2.45299 2.26896 11.9399
      vertex -8.9597 14.2476 4.98164
    endloop
  endfacet
  facet normal -0.564952 0.162986 0.808867
    outer loop
      vertex -2.45299 2.26896 11.9399
      vertex -9.23557 14.2331 4.79186
      vertex -9.38337 14.2727 4.68065
    endloop
  endfacet
  facet normal -0.308702 0.0487646 0.949908
    outer loop
      vertex -1.94936 2.10532 12.3246
      vertex -1.62078 1.87122 12.4434
      vertex -1.52467 1.96733 12.4697
    endloop
  endfacet
  facet normal -0.308623 0.0488854 0.949927
    outer loop
      vertex -1.62078 1.87122 12.4434
      vertex -1.94936 2.10532 12.3246
      vertex -1.99585 1.81182 12.3246
    endloop
  endfacet
  facet normal -0.564905 -0.163024 0.808891
    outer loop
      vertex -2.45299 -2.26896 11.9399
      vertex -8.9597 -14.2476 4.98164
      vertex -1.94936 -2.10532 12.3246
    endloop
  endfacet
  facet normal -0.564995 -0.162947 0.808844
    outer loop
      vertex -2.45299 -2.26896 11.9399
      vertex -9.23557 -14.2331 4.79186
      vertex -8.9597 -14.2476 4.98164
    endloop
  endfacet
  facet normal -0.564952 -0.162986 0.808867
    outer loop
      vertex -9.23557 -14.2331 4.79186
      vertex -2.45299 -2.26896 11.9399
      vertex -9.38337 -14.2727 4.68065
    endloop
  endfacet
  facet normal -0.564912 -0.163021 0.808888
    outer loop
      vertex -10.4491 -16.335 3.52076
      vertex -11.936 -19.4027 1.86408
      vertex -10.2986 -16.5667 3.57917
    endloop
  endfacet
  facet normal -0.564959 -0.162971 0.808865
    outer loop
      vertex -12.4397 -19.5664 1.47934
      vertex -10.4491 -16.335 3.52076
      vertex -10.4887 -16.1872 3.52288
    endloop
  endfacet
  facet normal -0.564875 -0.16305 0.808907
    outer loop
      vertex -10.4491 -16.335 3.52076
      vertex -12.4397 -19.5664 1.47934
      vertex -11.936 -19.4027 1.86408
    endloop
  endfacet
  facet normal -0.127039 -0.802488 0.582987
    outer loop
      vertex -11.0327 -20.5886 1.47934
      vertex -11.6088 -20.8821 0.949796
      vertex -11.0327 -20.9733 0.949796
    endloop
  endfacet
  facet normal 0.0488773 0.308639 0.949923
    outer loop
      vertex -1.04605 2.76161 12.3246
      vertex -0.879994 2.32289 12.4586
      vertex -0.752549 2.71513 12.3246
    endloop
  endfacet
  facet normal 0.0489559 0.308665 0.94991
    outer loop
      vertex -0.879994 2.32289 12.4586
      vertex -1.04605 2.76161 12.3246
      vertex -0.969355 2.27736 12.478
    endloop
  endfacet
  facet normal 0.142517 0.571147 0.808381
    outer loop
      vertex -7.70846 15.1148 4.79014
      vertex -0.588911 3.21875 11.9399
      vertex -7.62878 15.4122 4.56597
    endloop
  endfacet
  facet normal 0.142664 0.571198 0.808319
    outer loop
      vertex -7.81594 14.9493 4.92606
      vertex -0.588911 3.21875 11.9399
      vertex -7.70846 15.1148 4.79014
    endloop
  endfacet
  facet normal 0.142564 0.571161 0.808363
    outer loop
      vertex -0.588911 3.21875 11.9399
      vertex -7.81594 14.9493 4.92606
      vertex -0.752549 2.71513 12.3246
    endloop
  endfacet
  facet normal 0.142655 0.57119 0.808327
    outer loop
      vertex -10.5756 20.5162 1.47934
      vertex -8.92198 17.2167 3.51904
      vertex -8.62462 17.137 3.52288
    endloop
  endfacet
  facet normal 0.14254 0.571158 0.808369
    outer loop
      vertex -10.7392 20.0125 1.86408
      vertex -8.92198 17.2167 3.51904
      vertex -10.5756 20.5162 1.47934
    endloop
  endfacet
  facet normal 0.142692 0.571217 0.808301
    outer loop
      vertex -8.92198 17.2167 3.51904
      vertex -10.7392 20.0125 1.86408
      vertex -9.11906 17.2064 3.56111
    endloop
  endfacet
  facet normal 0.294932 0.510834 0.807505
    outer loop
      vertex 2.96164 1.19681 11.9399
      vertex 2.26696 0.989769 12.3246
      vertex 2.65038 0.7684 12.3246
    endloop
  endfacet
  facet normal 0.294923 0.510851 0.807497
    outer loop
      vertex 2.96164 1.19681 11.9399
      vertex 2.02254 1.46946 12.1104
      vertex 2.26696 0.989769 12.3246
    endloop
  endfacet
  facet normal 0.294924 0.510857 0.807493
    outer loop
      vertex 2.96164 1.19681 11.9399
      vertex 1.46946 2.02254 11.9625
      vertex 2.02254 1.46946 12.1104
    endloop
  endfacet
  facet normal 0.294622 0.510299 0.807956
    outer loop
      vertex -0.176517 3.00863 11.9399
      vertex 1.46946 2.02254 11.9625
      vertex 2.96164 1.19681 11.9399
    endloop
  endfacet
  facet normal 0.294862 0.510691 0.807621
    outer loop
      vertex -0.176517 3.00863 11.9399
      vertex 0.772542 2.37764 11.9924
      vertex 1.46946 2.02254 11.9625
    endloop
  endfacet
  facet normal 0.294973 0.510848 0.807481
    outer loop
      vertex -0.176517 3.00863 11.9399
      vertex 0 2.5 12.1972
      vertex 0.772542 2.37764 11.9924
    endloop
  endfacet
  facet normal 0.294902 0.510839 0.807512
    outer loop
      vertex -0.176517 3.00863 11.9399
      vertex -0.273742 2.45664 12.3246
      vertex 0 2.5 12.1972
    endloop
  endfacet
  facet normal 0.294942 0.510827 0.807505
    outer loop
      vertex -0.273742 2.45664 12.3246
      vertex -0.176517 3.00863 11.9399
      vertex -0.487777 2.58022 12.3246
    endloop
  endfacet
  facet normal -0.309115 0 0.951025
    outer loop
      vertex -1.99585 1.81182 12.3246
      vertex -1.99585 1.49616 12.3246
      vertex -1.68019 1.81182 12.4272
    endloop
  endfacet
  facet normal -0.309115 0 0.951025
    outer loop
      vertex -1.99585 -1.49616 12.3246
      vertex -1.99585 -1.81182 12.3246
      vertex -1.68019 -1.81182 12.4272
    endloop
  endfacet
  facet normal 0.723896 -0.36888 0.583011
    outer loop
      vertex 23.8383 -0.576032 0.949796
      vertex 23.4724 -0.457141 1.47934
      vertex 23.5735 -1.09568 0.949796
    endloop
  endfacet
  facet normal 0.848362 0.432305 -0.305606
    outer loop
      vertex 23.8383 0.576032 -0.949796
      vertex 23.5735 1.09568 -0.949796
      vertex 24.0307 0.638536 -0.327277
    endloop
  endfacet
  facet normal 0.499999 0.866026 -0
    outer loop
      vertex 23.28 1.67171 -0.327277
      vertex -9.81815 20.7809 0.327277
      vertex 23.28 1.67171 0.327277
    endloop
  endfacet
  facet normal 0.499999 0.866026 0
    outer loop
      vertex -9.81815 20.7809 0.327277
      vertex 23.28 1.67171 -0.327277
      vertex -9.81815 20.7809 -0.327277
    endloop
  endfacet
  facet normal 0.453976 0.891014 -0
    outer loop
      vertex -9.81815 20.7809 -0.327277
      vertex -10.3942 21.0744 0.327277
      vertex -9.81815 20.7809 0.327277
    endloop
  endfacet
  facet normal 0.453976 0.891014 0
    outer loop
      vertex -10.3942 21.0744 0.327277
      vertex -9.81815 20.7809 -0.327277
      vertex -10.3942 21.0744 -0.327277
    endloop
  endfacet
  facet normal 0.0874114 0.551965 -0.829273
    outer loop
      vertex -1.04605 2.76161 -12.3246
      vertex -7.81594 14.9493 -4.92606
      vertex -0.752549 2.71513 -12.3246
    endloop
  endfacet
  facet normal 0.0873749 0.551952 -0.829286
    outer loop
      vertex -7.81594 14.9493 -4.92606
      vertex -1.04605 2.76161 -12.3246
      vertex -7.95711 14.7319 -5.08563
    endloop
  endfacet
  facet normal 0.0873323 0.551949 -0.829292
    outer loop
      vertex -9.3779 17.1928 -3.59742
      vertex -10.7392 20.0125 -1.86408
      vertex -9.11906 17.2064 -3.56111
    endloop
  endfacet
  facet normal 0.0874524 0.551985 -0.829256
    outer loop
      vertex -10.7392 20.0125 -1.86408
      vertex -9.3779 17.1928 -3.59742
      vertex -11.0327 20.059 -1.86408
    endloop
  endfacet
  facet normal -0.848382 0.432355 -0.305478
    outer loop
      vertex -12.8056 19.6853 -0.949796
      vertex -12.9979 19.7478 -0.327277
      vertex -12.5408 20.2049 -0.949796
    endloop
  endfacet
  facet normal -0.890998 0.454007 0
    outer loop
      vertex -12.9979 19.7478 -0.327277
      vertex -12.7044 20.3238 0.327277
      vertex -12.7044 20.3238 -0.327277
    endloop
  endfacet
  facet normal -0.890998 0.454007 0
    outer loop
      vertex -12.7044 20.3238 0.327277
      vertex -12.9979 19.7478 -0.327277
      vertex -12.9979 19.7478 0.327277
    endloop
  endfacet
  facet normal -0.149037 0.940463 0.305478
    outer loop
      vertex -11.0327 21.1756 0.327277
      vertex -11.6713 21.0744 0.327277
      vertex -11.6088 20.8821 0.949796
    endloop
  endfacet
  facet normal -0.802464 0.127074 0.583012
    outer loop
      vertex -12.4397 19.5664 1.47934
      vertex -12.8056 19.6853 0.949796
      vertex -12.5121 19.1092 1.47934
    endloop
  endfacet
  facet normal 0.149059 0.940459 -0.305479
    outer loop
      vertex -10.4567 20.8821 -0.949796
      vertex -11.0327 21.1756 -0.327277
      vertex -10.3942 21.0744 -0.327277
    endloop
  endfacet
  facet normal 0.585321 0.0925336 -0.805504
    outer loop
      vertex 23.0152 0 -1.86408
      vertex 22.9688 0.293503 -1.86408
      vertex 23.4724 0.457141 -1.47934
    endloop
  endfacet
  facet normal 0.462693 0.0734442 0.883471
    outer loop
      vertex 16.704 0.293503 5.14506
      vertex 3.0419 0 12.3246
      vertex 16.6576 0 5.19376
    endloop
  endfacet
  facet normal 0.462701 0.0732905 0.88348
    outer loop
      vertex 3.0419 0 12.3246
      vertex 16.704 0.293503 5.14506
      vertex 2.99541 0.293503 12.3246
    endloop
  endfacet
  facet normal 0.462714 0.0731506 0.883485
    outer loop
      vertex 22.9688 0.293503 1.86408
      vertex 19.6576 0 3.62258
      vertex 23.0152 0 1.86408
    endloop
  endfacet
  facet normal 0.462698 0.0733057 0.88348
    outer loop
      vertex 19.6576 0 3.62258
      vertex 22.9688 0.293503 1.86408
      vertex 19.6111 0.293503 3.62258
    endloop
  endfacet
  facet normal 0.12706 -0.802486 0.582985
    outer loop
      vertex -11.0327 -20.5886 1.47934
      vertex -11.0327 -20.9733 0.949796
      vertex -10.4567 -20.8821 0.949796
    endloop
  endfacet
  facet normal -0.36894 -0.723838 0.583045
    outer loop
      vertex -11.9023 -20.306 1.47934
      vertex -12.1284 -20.6173 0.949796
      vertex -11.4899 -20.5162 1.47934
    endloop
  endfacet
  facet normal -0.308702 -0.0487646 -0.949908
    outer loop
      vertex -1.94936 -2.10532 -12.3246
      vertex -1.62078 -1.87122 -12.4434
      vertex -1.52467 -1.96733 -12.4697
    endloop
  endfacet
  facet normal -0.308623 -0.0488854 -0.949927
    outer loop
      vertex -1.62078 -1.87122 -12.4434
      vertex -1.94936 -2.10532 -12.3246
      vertex -1.99585 -1.81182 -12.3246
    endloop
  endfacet
  facet normal -0.210951 -0.413778 -0.8856
    outer loop
      vertex -11.3262 -20.0125 -1.86408
      vertex -9.82877 -17.0239 -3.61713
      vertex -9.64212 -17.0956 -3.62809
    endloop
  endfacet
  facet normal -0.210827 -0.41384 -0.8856
    outer loop
      vertex -11.591 -19.8776 -1.86408
      vertex -9.82877 -17.0239 -3.61713
      vertex -11.3262 -20.0125 -1.86408
    endloop
  endfacet
  facet normal -0.210644 -0.413949 -0.885593
    outer loop
      vertex -9.82877 -17.0239 -3.61713
      vertex -11.591 -19.8776 -1.86408
      vertex -9.90689 -16.9607 -3.62809
    endloop
  endfacet
  facet normal -0.210822 -0.413843 -0.8856
    outer loop
      vertex -8.32877 -14.4259 -5.18831
      vertex -1.33955 -2.71513 -12.3246
      vertex -8.1734 -14.5517 -5.16651
    endloop
  endfacet
  facet normal -0.210851 -0.413826 -0.885601
    outer loop
      vertex -1.33955 -2.71513 -12.3246
      vertex -8.32877 -14.4259 -5.18831
      vertex -1.60433 -2.58022 -12.3246
    endloop
  endfacet
  facet normal -0.211118 -0.413678 -0.885607
    outer loop
      vertex -1.60433 -2.58022 -12.3246
      vertex -8.32877 -14.4259 -5.18831
      vertex -8.42262 -14.3898 -5.1828
    endloop
  endfacet
  facet normal -0.278083 -0.14226 -0.949964
    outer loop
      vertex -1.39107 -2.06249 -12.4946
      vertex -1.81445 -2.37009 -12.3246
      vertex -1.46777 -2.02341 -12.478
    endloop
  endfacet
  facet normal 0.148903 -0.94044 -0.305615
    outer loop
      vertex -10.4567 -20.8821 -0.949796
      vertex -11.0327 -21.1756 -0.327277
      vertex -11.0327 -20.9733 -0.949796
    endloop
  endfacet
  facet normal -0.0927134 -0.585191 -0.805578
    outer loop
      vertex -11.0327 -20.059 -1.86408
      vertex -11.4899 -20.5162 -1.47934
      vertex -11.3262 -20.0125 -1.86408
    endloop
  endfacet
  facet normal 0.723958 -0.368832 -0.582965
    outer loop
      vertex 23.5735 -1.09568 -0.949796
      vertex 23.2623 -0.869534 -1.47934
      vertex 23.4724 -0.457141 -1.47934
    endloop
  endfacet
  facet normal -0.890998 -0.454007 0
    outer loop
      vertex -12.7044 -20.3238 -0.327277
      vertex -12.9979 -19.7478 0.327277
      vertex -12.9979 -19.7478 -0.327277
    endloop
  endfacet
  facet normal -0.890998 -0.454007 0
    outer loop
      vertex -12.9979 -19.7478 0.327277
      vertex -12.7044 -20.3238 -0.327277
      vertex -12.7044 -20.3238 0.327277
    endloop
  endfacet
  facet normal -0.290712 -0.128807 0.948101
    outer loop
      vertex -1.46946 -2.02254 12.4776
      vertex -1.81445 -2.37009 12.3246
      vertex -1.46777 -2.02341 12.478
    endloop
  endfacet
  facet normal -0.278092 -0.14216 0.949977
    outer loop
      vertex -1.52467 -1.96733 12.4697
      vertex -1.81445 -2.37009 12.3246
      vertex -1.46946 -2.02254 12.4776
    endloop
  endfacet
  facet normal -0.278449 -0.14188 0.949914
    outer loop
      vertex -1.81445 -2.37009 12.3246
      vertex -1.52467 -1.96733 12.4697
      vertex -1.94936 -2.10532 12.3246
    endloop
  endfacet
  facet normal -0.149037 -0.940463 0.305478
    outer loop
      vertex -11.6088 -20.8821 0.949796
      vertex -11.6713 -21.0744 0.327277
      vertex -11.0327 -21.1756 0.327277
    endloop
  endfacet
  facet normal -0.432298 -0.848393 -0.305529
    outer loop
      vertex -11.6713 -21.0744 -0.327277
      vertex -12.2473 -20.7809 -0.327277
      vertex -12.1284 -20.6173 -0.949796
    endloop
  endfacet
  facet normal -0.848393 -0.432298 0.305529
    outer loop
      vertex -12.5408 -20.2049 0.949796
      vertex -12.9979 -19.7478 0.327277
      vertex -12.7044 -20.3238 0.327277
    endloop
  endfacet
  facet normal -0.940463 -0.149037 0.305478
    outer loop
      vertex -12.8056 -19.6853 0.949796
      vertex -13.0991 -19.1092 0.327277
      vertex -12.9979 -19.7478 0.327277
    endloop
  endfacet
  facet normal -0.802464 -0.127074 -0.583012
    outer loop
      vertex -12.4397 -19.5664 -1.47934
      vertex -12.8056 -19.6853 -0.949796
      vertex -12.5121 -19.1092 -1.47934
    endloop
  endfacet
  facet normal -0.723881 -0.368906 -0.583013
    outer loop
      vertex -12.5408 -20.2049 -0.949796
      vertex -12.8056 -19.6853 -0.949796
      vertex -12.4397 -19.5664 -1.47934
    endloop
  endfacet
  facet normal -0.809043 0 -0.587749
    outer loop
      vertex -12.5121 -19.1092 -1.47934
      vertex -12.8968 19.1092 -0.949796
      vertex -12.5121 19.1092 -1.47934
    endloop
  endfacet
  facet normal -0.809043 -0 -0.587749
    outer loop
      vertex -12.8968 19.1092 -0.949796
      vertex -12.5121 -19.1092 -1.47934
      vertex -12.8968 -19.1092 -0.949796
    endloop
  endfacet
  facet normal -0.585222 -0.0926851 -0.805559
    outer loop
      vertex -2.45299 -2.26896 -11.9399
      vertex -2.52539 -1.81182 -11.9399
      vertex -1.99585 -1.81182 -12.3246
    endloop
  endfacet
  facet normal -0.940444 0.148878 -0.305616
    outer loop
      vertex -12.8968 19.1092 -0.949796
      vertex -13.0991 19.1092 -0.327277
      vertex -12.8056 19.6853 -0.949796
    endloop
  endfacet
  facet normal -0.418987 0.418987 0.805543
    outer loop
      vertex -11.9023 20.306 1.47934
      vertex -11.8011 19.6675 1.86408
      vertex -11.591 19.8776 1.86408
    endloop
  endfacet
  facet normal -0.418987 0.418987 0.805543
    outer loop
      vertex -11.8011 19.6675 1.86408
      vertex -11.9023 20.306 1.47934
      vertex -12.2295 19.9788 1.47934
    endloop
  endfacet
  facet normal -0.707107 0.707107 0
    outer loop
      vertex -12.7044 20.3238 -0.327277
      vertex -12.2473 20.7809 0.327277
      vertex -12.2473 20.7809 -0.327277
    endloop
  endfacet
  facet normal -0.707107 0.707107 0
    outer loop
      vertex -12.2473 20.7809 0.327277
      vertex -12.7044 20.3238 -0.327277
      vertex -12.7044 20.3238 0.327277
    endloop
  endfacet
  facet normal -0.290712 -0.128807 -0.948101
    outer loop
      vertex -1.81445 -2.37009 -12.3246
      vertex -1.46946 -2.02254 -12.4776
      vertex -1.46777 -2.02341 -12.478
    endloop
  endfacet
  facet normal -0.278092 -0.14216 -0.949977
    outer loop
      vertex -1.81445 -2.37009 -12.3246
      vertex -1.52467 -1.96733 -12.4697
      vertex -1.46946 -2.02254 -12.4776
    endloop
  endfacet
  facet normal -0.278449 -0.14188 -0.949914
    outer loop
      vertex -1.52467 -1.96733 -12.4697
      vertex -1.81445 -2.37009 -12.3246
      vertex -1.94936 -2.10532 -12.3246
    endloop
  endfacet
  facet normal 0.574508 0.574522 -0.582979
    outer loop
      vertex 23.2623 0.869534 -1.47934
      vertex 23.1611 1.50807 -0.949796
      vertex 23.5735 1.09568 -0.949796
    endloop
  endfacet
  facet normal 0.574488 0.57453 -0.582992
    outer loop
      vertex 23.1611 1.50807 -0.949796
      vertex 23.2623 0.869534 -1.47934
      vertex 22.935 1.19681 -1.47934
    endloop
  endfacet
  facet normal 0.0483701 0.308589 0.949965
    outer loop
      vertex -1.04605 2.76161 12.3246
      vertex -1.04605 2.23828 12.4946
      vertex -0.969355 2.27736 12.478
    endloop
  endfacet
  facet normal 0.0927152 0.585203 0.805569
    outer loop
      vertex -10.5756 20.5162 1.47934
      vertex -11.0327 20.059 1.86408
      vertex -10.7392 20.0125 1.86408
    endloop
  endfacet
  facet normal -0.0927134 0.585191 0.805578
    outer loop
      vertex -11.0327 20.059 1.86408
      vertex -11.4899 20.5162 1.47934
      vertex -11.3262 20.0125 1.86408
    endloop
  endfacet
  facet normal -0.0926725 0.585219 0.805562
    outer loop
      vertex -11.0327 20.5886 1.47934
      vertex -11.4899 20.5162 1.47934
      vertex -11.0327 20.059 1.86408
    endloop
  endfacet
  facet normal -0.631808 0.10005 0.76864
    outer loop
      vertex -12.5121 19.1092 1.47934
      vertex -10.4887 16.1872 3.52288
      vertex -12.4397 19.5664 1.47934
    endloop
  endfacet
  facet normal -0.631749 0.100119 0.76868
    outer loop
      vertex -10.4887 16.1872 3.52288
      vertex -12.5121 19.1092 1.47934
      vertex -10.5706 15.8817 3.49536
    endloop
  endfacet
  facet normal -0.631818 0.100048 0.768633
    outer loop
      vertex -10.5706 15.8817 3.49536
      vertex -12.5121 19.1092 1.47934
      vertex -10.5628 15.7329 3.52114
    endloop
  endfacet
  facet normal -0.631779 0.100087 0.76866
    outer loop
      vertex -9.68888 14.3546 4.41888
      vertex -2.45299 2.26896 11.9399
      vertex -9.38337 14.2727 4.68065
    endloop
  endfacet
  facet normal -0.631803 0.100062 0.768643
    outer loop
      vertex -2.45299 2.26896 11.9399
      vertex -9.68888 14.3546 4.41888
      vertex -2.52539 1.81182 11.9399
    endloop
  endfacet
  facet normal -0.631875 0.0999916 0.768593
    outer loop
      vertex -2.52539 1.81182 11.9399
      vertex -9.68888 14.3546 4.41888
      vertex -9.8138 14.4357 4.30563
    endloop
  endfacet
  facet normal -0.14189 0.278423 0.94992
    outer loop
      vertex -1.33955 2.71513 12.3246
      vertex -1.18937 2.16526 12.5082
      vertex -1.16494 2.17771 12.5082
    endloop
  endfacet
  facet normal -0.141865 0.27843 0.949922
    outer loop
      vertex -1.18937 2.16526 12.5082
      vertex -1.33955 2.71513 12.3246
      vertex -1.60433 2.58022 12.3246
    endloop
  endfacet
  facet normal -0.269059 -0.527878 0.805576
    outer loop
      vertex -11.3262 -20.0125 1.86408
      vertex -11.9023 -20.306 1.47934
      vertex -11.4899 -20.5162 1.47934
    endloop
  endfacet
  facet normal 0.27834 0.142024 0.949924
    outer loop
      vertex 2.86051 0.558275 12.3246
      vertex 2.45791 0.26577 12.4863
      vertex 2.47296 0.170728 12.4961
    endloop
  endfacet
  facet normal 0.155345 0.269051 0.950515
    outer loop
      vertex -0.487777 2.58022 12.3246
      vertex -0.617065 2.40227 12.3961
      vertex -0.273742 2.45664 12.3246
    endloop
  endfacet
  facet normal 0.155341 0.268945 0.950546
    outer loop
      vertex 2.65038 0.7684 12.3246
      vertex 2.37764 0.772542 12.368
      vertex 2.42699 0.460936 12.4481
    endloop
  endfacet
  facet normal 0.155338 0.269051 0.950516
    outer loop
      vertex 2.37764 0.772542 12.368
      vertex 2.65038 0.7684 12.3246
      vertex 2.26696 0.989769 12.3246
    endloop
  endfacet
  facet normal 0.268992 -0.527939 0.805558
    outer loop
      vertex -0.176517 -3.00863 11.9399
      vertex -0.752549 -2.71513 12.3246
      vertex -0.588911 -3.21875 11.9399
    endloop
  endfacet
  facet normal 0.475775 0.824067 0.307493
    outer loop
      vertex -9.81815 20.7809 0.327277
      vertex 23.1611 1.50807 0.949796
      vertex 23.28 1.67171 0.327277
    endloop
  endfacet
  facet normal 0.475784 0.824082 0.307438
    outer loop
      vertex 23.1611 1.50807 0.949796
      vertex -9.81815 20.7809 0.327277
      vertex -9.93704 20.6173 0.949796
    endloop
  endfacet
  facet normal -0.148878 0.940444 0.305616
    outer loop
      vertex -11.0327 21.1756 0.327277
      vertex -11.6088 20.8821 0.949796
      vertex -11.0327 20.9733 0.949796
    endloop
  endfacet
  facet normal 0.127101 0.802458 0.583015
    outer loop
      vertex -10.4567 20.8821 0.949796
      vertex -11.0327 20.5886 1.47934
      vertex -10.5756 20.5162 1.47934
    endloop
  endfacet
  facet normal 0.462714 -0.0731506 -0.883485
    outer loop
      vertex 22.9688 -0.293503 -1.86408
      vertex 19.6576 0 -3.62258
      vertex 23.0152 0 -1.86408
    endloop
  endfacet
  facet normal 0.462698 -0.0733057 -0.88348
    outer loop
      vertex 19.6576 0 -3.62258
      vertex 22.9688 -0.293503 -1.86408
      vertex 19.6111 -0.293503 -3.62258
    endloop
  endfacet
  facet normal 0.462693 -0.0734442 -0.883471
    outer loop
      vertex 16.704 -0.293503 -5.14506
      vertex 3.0419 0 -12.3246
      vertex 16.6576 0 -5.19376
    endloop
  endfacet
  facet normal 0.462701 -0.0732905 -0.88348
    outer loop
      vertex 3.0419 0 -12.3246
      vertex 16.704 -0.293503 -5.14506
      vertex 2.99541 -0.293503 -12.3246
    endloop
  endfacet
  facet normal 0.585218 0.0926843 -0.805561
    outer loop
      vertex 23.5448 0 -1.47934
      vertex 23.0152 0 -1.86408
      vertex 23.4724 0.457141 -1.47934
    endloop
  endfacet
  facet normal 0.802487 0.127053 -0.582986
    outer loop
      vertex 23.9295 0 -0.949796
      vertex 23.5448 0 -1.47934
      vertex 23.8383 0.576032 -0.949796
    endloop
  endfacet
  facet normal 0.368872 -0.723897 0.583016
    outer loop
      vertex -9.93704 -20.6173 0.949796
      vertex -10.5756 -20.5162 1.47934
      vertex -10.4567 -20.8821 0.949796
    endloop
  endfacet
  facet normal 0.70706 0.707153 0
    outer loop
      vertex 23.7372 1.21457 0.327277
      vertex 23.28 1.67171 -0.327277
      vertex 23.28 1.67171 0.327277
    endloop
  endfacet
  facet normal 0.70706 0.707153 0
    outer loop
      vertex 23.28 1.67171 -0.327277
      vertex 23.7372 1.21457 0.327277
      vertex 23.7372 1.21457 -0.327277
    endloop
  endfacet
  facet normal 0.148903 -0.94044 0.305615
    outer loop
      vertex -11.0327 -20.9733 0.949796
      vertex -11.0327 -21.1756 0.327277
      vertex -10.4567 -20.8821 0.949796
    endloop
  endfacet
  facet normal 0.453976 -0.891014 0
    outer loop
      vertex -10.3942 -21.0744 -0.327277
      vertex -9.81815 -20.7809 0.327277
      vertex -10.3942 -21.0744 0.327277
    endloop
  endfacet
  facet normal 0.453976 -0.891014 0
    outer loop
      vertex -9.81815 -20.7809 0.327277
      vertex -10.3942 -21.0744 -0.327277
      vertex -9.81815 -20.7809 -0.327277
    endloop
  endfacet
  facet normal -0.221157 0.220812 -0.949911
    outer loop
      vertex -1.39107 2.06249 -12.4946
      vertex -1.60433 2.58022 -12.3246
      vertex -1.27218 2.12306 -12.5082
    endloop
  endfacet
  facet normal -0.220927 0.220916 -0.949941
    outer loop
      vertex -1.60433 2.58022 -12.3246
      vertex -1.39107 2.06249 -12.4946
      vertex -1.81445 2.37009 -12.3246
    endloop
  endfacet
  facet normal 0.527995 0.268995 -0.80552
    outer loop
      vertex 23.4724 0.457141 -1.47934
      vertex 22.9688 0.293503 -1.86408
      vertex 23.2623 0.869534 -1.47934
    endloop
  endfacet
  facet normal 0.0926926 -0.585218 -0.805561
    outer loop
      vertex -10.5756 -20.5162 -1.47934
      vertex -11.0327 -20.5886 -1.47934
      vertex -11.0327 -20.059 -1.86408
    endloop
  endfacet
  facet normal 0.0873323 -0.551949 -0.829292
    outer loop
      vertex -10.7392 -20.0125 -1.86408
      vertex -9.3779 -17.1928 -3.59742
      vertex -9.11906 -17.2064 -3.56111
    endloop
  endfacet
  facet normal 0.0874524 -0.551985 -0.829256
    outer loop
      vertex -9.3779 -17.1928 -3.59742
      vertex -10.7392 -20.0125 -1.86408
      vertex -11.0327 -20.059 -1.86408
    endloop
  endfacet
  facet normal 0.0874114 -0.551965 -0.829273
    outer loop
      vertex -7.81594 -14.9493 -4.92606
      vertex -1.04605 -2.76161 -12.3246
      vertex -0.752549 -2.71513 -12.3246
    endloop
  endfacet
  facet normal 0.0873749 -0.551952 -0.829286
    outer loop
      vertex -1.04605 -2.76161 -12.3246
      vertex -7.81594 -14.9493 -4.92606
      vertex -7.95711 -14.7319 -5.08563
    endloop
  endfacet
  facet normal 0.432315 -0.848402 -0.30548
    outer loop
      vertex -10.3942 -21.0744 -0.327277
      vertex -10.4567 -20.8821 -0.949796
      vertex -9.93704 -20.6173 -0.949796
    endloop
  endfacet
  facet normal 0.149059 -0.940459 -0.305479
    outer loop
      vertex -10.3942 -21.0744 -0.327277
      vertex -11.0327 -21.1756 -0.327277
      vertex -10.4567 -20.8821 -0.949796
    endloop
  endfacet
  facet normal 0.574508 -0.574522 -0.582979
    outer loop
      vertex 23.1611 -1.50807 -0.949796
      vertex 23.2623 -0.869534 -1.47934
      vertex 23.5735 -1.09568 -0.949796
    endloop
  endfacet
  facet normal 0.574488 -0.57453 -0.582992
    outer loop
      vertex 23.2623 -0.869534 -1.47934
      vertex 23.1611 -1.50807 -0.949796
      vertex 22.935 -1.19681 -1.47934
    endloop
  endfacet
  facet normal 0.802462 -0.12709 -0.583012
    outer loop
      vertex 23.8383 -0.576032 -0.949796
      vertex 23.4724 -0.457141 -1.47934
      vertex 23.5448 0 -1.47934
    endloop
  endfacet
  facet normal -0.418987 -0.418987 -0.805543
    outer loop
      vertex -11.9023 -20.306 -1.47934
      vertex -11.8011 -19.6675 -1.86408
      vertex -11.591 -19.8776 -1.86408
    endloop
  endfacet
  facet normal -0.418987 -0.418987 -0.805543
    outer loop
      vertex -11.8011 -19.6675 -1.86408
      vertex -11.9023 -20.306 -1.47934
      vertex -12.2295 -19.9788 -1.47934
    endloop
  endfacet
  facet normal -0.268977 -0.527984 -0.805533
    outer loop
      vertex -11.3262 -20.0125 -1.86408
      vertex -11.9023 -20.306 -1.47934
      vertex -11.591 -19.8776 -1.86408
    endloop
  endfacet
  facet normal -0.432355 -0.848382 -0.305478
    outer loop
      vertex -11.6713 -21.0744 -0.327277
      vertex -12.1284 -20.6173 -0.949796
      vertex -11.6088 -20.8821 -0.949796
    endloop
  endfacet
  facet normal -0.149037 -0.940463 -0.305478
    outer loop
      vertex -11.0327 -21.1756 -0.327277
      vertex -11.6713 -21.0744 -0.327277
      vertex -11.6088 -20.8821 -0.949796
    endloop
  endfacet
  facet normal -0.673292 -0.673292 -0.305541
    outer loop
      vertex -12.1284 -20.6173 -0.949796
      vertex -12.7044 -20.3238 -0.327277
      vertex -12.5408 -20.2049 -0.949796
    endloop
  endfacet
  facet normal -0.673292 -0.673292 -0.305541
    outer loop
      vertex -12.7044 -20.3238 -0.327277
      vertex -12.1284 -20.6173 -0.949796
      vertex -12.2473 -20.7809 -0.327277
    endloop
  endfacet
  facet normal -0.707107 -0.707107 0
    outer loop
      vertex -12.2473 -20.7809 -0.327277
      vertex -12.7044 -20.3238 0.327277
      vertex -12.7044 -20.3238 -0.327277
    endloop
  endfacet
  facet normal -0.707107 -0.707107 0
    outer loop
      vertex -12.7044 -20.3238 0.327277
      vertex -12.2473 -20.7809 -0.327277
      vertex -12.2473 -20.7809 0.327277
    endloop
  endfacet
  facet normal -0.848382 -0.432355 0.305478
    outer loop
      vertex -12.8056 -19.6853 0.949796
      vertex -12.9979 -19.7478 0.327277
      vertex -12.5408 -20.2049 0.949796
    endloop
  endfacet
  facet normal -0.723881 -0.368906 0.583013
    outer loop
      vertex -12.4397 -19.5664 1.47934
      vertex -12.8056 -19.6853 0.949796
      vertex -12.5408 -20.2049 0.949796
    endloop
  endfacet
  facet normal -0.587955 0 -0.808893
    outer loop
      vertex -1.99585 -1.81182 -12.3246
      vertex -2.02254 -1.46946 -12.3052
      vertex -1.99585 -1.49616 -12.3246
    endloop
  endfacet
  facet normal -0.587752 2.42454e-05 -0.809041
    outer loop
      vertex -2.52539 -1.81182 -11.9399
      vertex -2.02254 -1.46946 -12.3052
      vertex -1.99585 -1.81182 -12.3246
    endloop
  endfacet
  facet normal -0.587707 1.92688e-05 -0.809074
    outer loop
      vertex -2.37764 -0.772542 -12.0472
      vertex -2.52539 -1.81182 -11.9399
      vertex -2.5 0 -11.9583
    endloop
  endfacet
  facet normal -0.587754 2.96008e-05 -0.809039
    outer loop
      vertex -2.02254 -1.46946 -12.3052
      vertex -2.52539 -1.81182 -11.9399
      vertex -2.37764 -0.772542 -12.0472
    endloop
  endfacet
  facet normal -0.587955 0 -0.808893
    outer loop
      vertex -2.02254 1.46946 -12.3052
      vertex -1.99585 1.81182 -12.3246
      vertex -1.99585 1.49616 -12.3246
    endloop
  endfacet
  facet normal -0.587754 -2.96008e-05 -0.809039
    outer loop
      vertex -2.52539 1.81182 -11.9399
      vertex -2.02254 1.46946 -12.3052
      vertex -2.37764 0.772542 -12.0472
    endloop
  endfacet
  facet normal -0.587752 -2.42454e-05 -0.809041
    outer loop
      vertex -2.02254 1.46946 -12.3052
      vertex -2.52539 1.81182 -11.9399
      vertex -1.99585 1.81182 -12.3246
    endloop
  endfacet
  facet normal -0.587707 -1.92688e-05 -0.809074
    outer loop
      vertex -2.5 0 -11.9583
      vertex -2.52539 1.81182 -11.9399
      vertex -2.37764 0.772542 -12.0472
    endloop
  endfacet
  facet normal -0.586806 -0 -0.809728
    outer loop
      vertex -2.52539 1.81182 -11.9399
      vertex -2.5 0 -11.9583
      vertex -2.52539 -1.81182 -11.9399
    endloop
  endfacet
  facet normal -0.564912 -0.163021 -0.808888
    outer loop
      vertex -11.936 -19.4027 -1.86408
      vertex -10.4491 -16.335 -3.52076
      vertex -10.2986 -16.5667 -3.57917
    endloop
  endfacet
  facet normal -0.564875 -0.16305 -0.808907
    outer loop
      vertex -12.4397 -19.5664 -1.47934
      vertex -10.4491 -16.335 -3.52076
      vertex -11.936 -19.4027 -1.86408
    endloop
  endfacet
  facet normal -0.564959 -0.162971 -0.808865
    outer loop
      vertex -10.4491 -16.335 -3.52076
      vertex -12.4397 -19.5664 -1.47934
      vertex -10.4887 -16.1872 -3.52288
    endloop
  endfacet
  facet normal -0.564905 -0.163024 -0.808891
    outer loop
      vertex -8.9597 -14.2476 -4.98164
      vertex -2.45299 -2.26896 -11.9399
      vertex -1.94936 -2.10532 -12.3246
    endloop
  endfacet
  facet normal -0.564995 -0.162947 -0.808844
    outer loop
      vertex -9.23557 -14.2331 -4.79186
      vertex -2.45299 -2.26896 -11.9399
      vertex -8.9597 -14.2476 -4.98164
    endloop
  endfacet
  facet normal -0.564952 -0.162986 -0.808867
    outer loop
      vertex -2.45299 -2.26896 -11.9399
      vertex -9.23557 -14.2331 -4.79186
      vertex -9.38337 -14.2727 -4.68065
    endloop
  endfacet
  facet normal -0.940463 -0.149037 -0.305478
    outer loop
      vertex -12.9979 -19.7478 -0.327277
      vertex -13.0991 -19.1092 -0.327277
      vertex -12.8056 -19.6853 -0.949796
    endloop
  endfacet
  facet normal -0.940444 -0.148878 -0.305616
    outer loop
      vertex -12.8056 -19.6853 -0.949796
      vertex -13.0991 -19.1092 -0.327277
      vertex -12.8968 -19.1092 -0.949796
    endloop
  endfacet
  facet normal -0.210851 0.413826 -0.885601
    outer loop
      vertex -8.32877 14.4259 -5.18831
      vertex -1.33955 2.71513 -12.3246
      vertex -1.60433 2.58022 -12.3246
    endloop
  endfacet
  facet normal -0.210822 0.413843 -0.8856
    outer loop
      vertex -1.33955 2.71513 -12.3246
      vertex -8.32877 14.4259 -5.18831
      vertex -8.1734 14.5517 -5.16651
    endloop
  endfacet
  facet normal -0.211118 0.413678 -0.885607
    outer loop
      vertex -8.32877 14.4259 -5.18831
      vertex -1.60433 2.58022 -12.3246
      vertex -8.42262 14.3898 -5.1828
    endloop
  endfacet
  facet normal -0.210951 0.413778 -0.8856
    outer loop
      vertex -9.82877 17.0239 -3.61713
      vertex -11.3262 20.0125 -1.86408
      vertex -9.64212 17.0956 -3.62809
    endloop
  endfacet
  facet normal -0.210644 0.413949 -0.885593
    outer loop
      vertex -11.591 19.8776 -1.86408
      vertex -9.82877 17.0239 -3.61713
      vertex -9.90689 16.9607 -3.62809
    endloop
  endfacet
  facet normal -0.210827 0.41384 -0.8856
    outer loop
      vertex -9.82877 17.0239 -3.61713
      vertex -11.591 19.8776 -1.86408
      vertex -11.3262 20.0125 -1.86408
    endloop
  endfacet
  facet normal -0.802488 0.127039 -0.582987
    outer loop
      vertex -12.5121 19.1092 -1.47934
      vertex -12.8968 19.1092 -0.949796
      vertex -12.8056 19.6853 -0.949796
    endloop
  endfacet
  facet normal -0.723881 0.368906 0.583013
    outer loop
      vertex -12.5408 20.2049 0.949796
      vertex -12.8056 19.6853 0.949796
      vertex -12.4397 19.5664 1.47934
    endloop
  endfacet
  facet normal -0.940463 0.149037 -0.305478
    outer loop
      vertex -12.8056 19.6853 -0.949796
      vertex -13.0991 19.1092 -0.327277
      vertex -12.9979 19.7478 -0.327277
    endloop
  endfacet
  facet normal -0.987675 0.156518 0
    outer loop
      vertex -13.0991 19.1092 -0.327277
      vertex -12.9979 19.7478 0.327277
      vertex -12.9979 19.7478 -0.327277
    endloop
  endfacet
  facet normal -0.987675 0.156518 0
    outer loop
      vertex -12.9979 19.7478 0.327277
      vertex -13.0991 19.1092 -0.327277
      vertex -13.0991 19.1092 0.327277
    endloop
  endfacet
  facet normal -0.723838 0.36894 0.583045
    outer loop
      vertex -12.2295 19.9788 1.47934
      vertex -12.5408 20.2049 0.949796
      vertex -12.4397 19.5664 1.47934
    endloop
  endfacet
  facet normal -0.940463 0.149037 0.305478
    outer loop
      vertex -12.9979 19.7478 0.327277
      vertex -13.0991 19.1092 0.327277
      vertex -12.8056 19.6853 0.949796
    endloop
  endfacet
  facet normal -0.290712 0.128807 -0.948101
    outer loop
      vertex -1.46946 2.02254 -12.4776
      vertex -1.81445 2.37009 -12.3246
      vertex -1.46777 2.02341 -12.478
    endloop
  endfacet
  facet normal -0.278092 0.14216 -0.949977
    outer loop
      vertex -1.52467 1.96733 -12.4697
      vertex -1.81445 2.37009 -12.3246
      vertex -1.46946 2.02254 -12.4776
    endloop
  endfacet
  facet normal -0.278449 0.14188 -0.949914
    outer loop
      vertex -1.81445 2.37009 -12.3246
      vertex -1.52467 1.96733 -12.4697
      vertex -1.94936 2.10532 -12.3246
    endloop
  endfacet
  facet normal -0.141881 0.278415 -0.949924
    outer loop
      vertex -1.27218 2.12306 -12.5082
      vertex -1.60433 2.58022 -12.3246
      vertex -1.18937 2.16526 -12.5082
    endloop
  endfacet
  facet normal 0.155345 -0.269051 0.950515
    outer loop
      vertex -0.273742 -2.45664 12.3246
      vertex -0.617065 -2.40227 12.3961
      vertex -0.487777 -2.58022 12.3246
    endloop
  endfacet
  facet normal 0.155341 -0.268945 0.950546
    outer loop
      vertex 2.37764 -0.772542 12.368
      vertex 2.65038 -0.7684 12.3246
      vertex 2.42699 -0.460936 12.4481
    endloop
  endfacet
  facet normal 0.155338 -0.269051 0.950516
    outer loop
      vertex 2.65038 -0.7684 12.3246
      vertex 2.37764 -0.772542 12.368
      vertex 2.26696 -0.989769 12.3246
    endloop
  endfacet
  facet normal -0.0488721 0.308605 0.949934
    outer loop
      vertex -1.33955 2.71513 12.3246
      vertex -1.13621 2.19234 12.5049
      vertex -1.04605 2.76161 12.3246
    endloop
  endfacet
  facet normal -0.0481727 0.30886 0.949887
    outer loop
      vertex -1.13621 2.19234 12.5049
      vertex -1.33955 2.71513 12.3246
      vertex -1.16494 2.17771 12.5082
    endloop
  endfacet
  facet normal -0.36894 0.723838 0.583045
    outer loop
      vertex -11.4899 20.5162 1.47934
      vertex -12.1284 20.6173 0.949796
      vertex -11.9023 20.306 1.47934
    endloop
  endfacet
  facet normal -0.848382 0.432355 0.305478
    outer loop
      vertex -12.5408 20.2049 0.949796
      vertex -12.9979 19.7478 0.327277
      vertex -12.8056 19.6853 0.949796
    endloop
  endfacet
  facet normal -0.802488 -0.127039 0.582987
    outer loop
      vertex -12.5121 -19.1092 1.47934
      vertex -12.8968 -19.1092 0.949796
      vertex -12.8056 -19.6853 0.949796
    endloop
  endfacet
  facet normal -0.337041 0.337041 0.879094
    outer loop
      vertex -11.8011 19.6675 1.86408
      vertex -9.90689 16.9607 3.62809
      vertex -11.591 19.8776 1.86408
    endloop
  endfacet
  facet normal -0.337086 0.337008 0.87909
    outer loop
      vertex -9.90689 16.9607 3.62809
      vertex -11.8011 19.6675 1.86408
      vertex -10.1327 16.7778 3.61162
    endloop
  endfacet
  facet normal -0.336996 0.337068 0.879101
    outer loop
      vertex -8.69393 14.2857 5.11871
      vertex -1.60433 2.58022 12.3246
      vertex -8.42262 14.3898 5.1828
    endloop
  endfacet
  facet normal -0.337048 0.337032 0.879095
    outer loop
      vertex -1.60433 2.58022 12.3246
      vertex -8.69393 14.2857 5.11871
      vertex -1.81445 2.37009 12.3246
    endloop
  endfacet
  facet normal -0.471974 0.240443 0.848191
    outer loop
      vertex -11.936 19.4027 1.86408
      vertex -10.1327 16.7778 3.61162
      vertex -11.8011 19.6675 1.86408
    endloop
  endfacet
  facet normal -0.471706 0.240681 0.848273
    outer loop
      vertex -10.1327 16.7778 3.61162
      vertex -11.936 19.4027 1.86408
      vertex -10.1935 16.7286 3.59177
    endloop
  endfacet
  facet normal -0.472022 0.240411 0.848173
    outer loop
      vertex -10.1935 16.7286 3.59177
      vertex -11.936 19.4027 1.86408
      vertex -10.2986 16.5667 3.57917
    endloop
  endfacet
  facet normal -0.471956 0.240457 0.848197
    outer loop
      vertex -8.76691 14.2577 5.08604
      vertex -1.81445 2.37009 12.3246
      vertex -8.69393 14.2857 5.11871
    endloop
  endfacet
  facet normal -0.471922 0.240485 0.848208
    outer loop
      vertex -8.9597 14.2476 4.98164
      vertex -1.81445 2.37009 12.3246
      vertex -8.76691 14.2577 5.08604
    endloop
  endfacet
  facet normal -0.471939 0.24047 0.848202
    outer loop
      vertex -1.81445 2.37009 12.3246
      vertex -8.9597 14.2476 4.98164
      vertex -1.94936 2.10532 12.3246
    endloop
  endfacet
  facet normal 0.0874114 0.551965 0.829273
    outer loop
      vertex -7.81594 14.9493 4.92606
      vertex -1.04605 2.76161 12.3246
      vertex -0.752549 2.71513 12.3246
    endloop
  endfacet
  facet normal 0.0873749 0.551952 0.829286
    outer loop
      vertex -1.04605 2.76161 12.3246
      vertex -7.81594 14.9493 4.92606
      vertex -7.95711 14.7319 5.08563
    endloop
  endfacet
  facet normal 0.0873323 0.551949 0.829292
    outer loop
      vertex -10.7392 20.0125 1.86408
      vertex -9.3779 17.1928 3.59742
      vertex -9.11906 17.2064 3.56111
    endloop
  endfacet
  facet normal 0.0874524 0.551985 0.829256
    outer loop
      vertex -9.3779 17.1928 3.59742
      vertex -10.7392 20.0125 1.86408
      vertex -11.0327 20.059 1.86408
    endloop
  endfacet
  facet normal -0.527878 -0.269059 0.805576
    outer loop
      vertex -11.936 -19.4027 1.86408
      vertex -12.4397 -19.5664 1.47934
      vertex -12.2295 -19.9788 1.47934
    endloop
  endfacet
  facet normal -0.0927134 -0.585191 0.805578
    outer loop
      vertex -11.3262 -20.0125 1.86408
      vertex -11.4899 -20.5162 1.47934
      vertex -11.0327 -20.059 1.86408
    endloop
  endfacet
  facet normal -0.673292 -0.673292 0.305541
    outer loop
      vertex -12.7044 -20.3238 0.327277
      vertex -12.1284 -20.6173 0.949796
      vertex -12.5408 -20.2049 0.949796
    endloop
  endfacet
  facet normal -0.673292 -0.673292 0.305541
    outer loop
      vertex -12.1284 -20.6173 0.949796
      vertex -12.7044 -20.3238 0.327277
      vertex -12.2473 -20.7809 0.327277
    endloop
  endfacet
  facet normal -0.148878 -0.940444 0.305616
    outer loop
      vertex -11.0327 -20.9733 0.949796
      vertex -11.6088 -20.8821 0.949796
      vertex -11.0327 -21.1756 0.327277
    endloop
  endfacet
  facet normal 0.0927152 -0.585203 0.805569
    outer loop
      vertex -10.7392 -20.0125 1.86408
      vertex -11.0327 -20.059 1.86408
      vertex -10.5756 -20.5162 1.47934
    endloop
  endfacet
  facet normal 0.220988 0.220993 0.949909
    outer loop
      vertex 2.42699 0.460936 12.4481
      vertex 2.86051 0.558275 12.3246
      vertex 2.65038 0.7684 12.3246
    endloop
  endfacet
  facet normal 0.221002 0.220941 0.949918
    outer loop
      vertex 2.86051 0.558275 12.3246
      vertex 2.42699 0.460936 12.4481
      vertex 2.45791 0.26577 12.4863
    endloop
  endfacet
  facet normal 0.527827 0.269125 0.805587
    outer loop
      vertex 23.2623 0.869534 1.47934
      vertex 22.8338 0.558275 1.86408
      vertex 22.9688 0.293503 1.86408
    endloop
  endfacet
  facet normal 0.420854 0.420885 0.803578
    outer loop
      vertex 22.935 1.19681 1.47934
      vertex 19.3773 0.869534 3.51401
      vertex 23.2623 0.869534 1.47934
    endloop
  endfacet
  facet normal 0.42075 0.42123 0.803452
    outer loop
      vertex 22.935 1.19681 1.47934
      vertex 19.3711 0.881678 3.51089
      vertex 19.3773 0.869534 3.51401
    endloop
  endfacet
  facet normal 0.420839 0.42093 0.803562
    outer loop
      vertex 19.3711 0.881678 3.51089
      vertex 22.935 1.19681 1.47934
      vertex 19.0559 1.19681 3.51089
    endloop
  endfacet
  facet normal 0.420947 0.420465 0.803749
    outer loop
      vertex 16.944 0.881678 4.78199
      vertex 3.28892 0.869534 11.9399
      vertex 16.9378 0.869534 4.79159
    endloop
  endfacet
  facet normal 0.42088 0.420772 0.803624
    outer loop
      vertex 17.2592 1.19681 4.45191
      vertex 3.28892 0.869534 11.9399
      vertex 16.944 0.881678 4.78199
    endloop
  endfacet
  facet normal 0.420859 0.420864 0.803587
    outer loop
      vertex 3.28892 0.869534 11.9399
      vertex 17.2592 1.19681 4.45191
      vertex 2.96164 1.19681 11.9399
    endloop
  endfacet
  facet normal 0.0927152 0.585203 -0.805569
    outer loop
      vertex -10.7392 20.0125 -1.86408
      vertex -11.0327 20.059 -1.86408
      vertex -10.5756 20.5162 -1.47934
    endloop
  endfacet
  facet normal -0.0481727 0.30886 -0.949887
    outer loop
      vertex -1.33955 2.71513 -12.3246
      vertex -1.13621 2.19234 -12.5049
      vertex -1.16494 2.17771 -12.5082
    endloop
  endfacet
  facet normal -0.0488721 0.308605 -0.949934
    outer loop
      vertex -1.13621 2.19234 -12.5049
      vertex -1.33955 2.71513 -12.3246
      vertex -1.04605 2.76161 -12.3246
    endloop
  endfacet
  facet normal 0.278466 0.141916 -0.949903
    outer loop
      vertex 2.47296 0.170728 -12.4961
      vertex 2.99541 0.293503 -12.3246
      vertex 2.48004 0.126046 -12.5007
    endloop
  endfacet
  facet normal 0.278475 0.141882 -0.949906
    outer loop
      vertex 2.99541 0.293503 -12.3246
      vertex 2.47296 0.170728 -12.4961
      vertex 2.86051 0.558275 -12.3246
    endloop
  endfacet
  facet normal 0.268992 0.527939 -0.805558
    outer loop
      vertex -0.176517 3.00863 -11.9399
      vertex -0.752549 2.71513 -12.3246
      vertex -0.588911 3.21875 -11.9399
    endloop
  endfacet
  facet normal 0.12706 0.802486 0.582985
    outer loop
      vertex -11.0327 20.9733 0.949796
      vertex -11.0327 20.5886 1.47934
      vertex -10.4567 20.8821 0.949796
    endloop
  endfacet
  facet normal 0.432315 0.848402 0.30548
    outer loop
      vertex -10.3942 21.0744 0.327277
      vertex -10.4567 20.8821 0.949796
      vertex -9.93704 20.6173 0.949796
    endloop
  endfacet
  facet normal 0.723896 0.36888 -0.583011
    outer loop
      vertex 23.8383 0.576032 -0.949796
      vertex 23.4724 0.457141 -1.47934
      vertex 23.5735 1.09568 -0.949796
    endloop
  endfacet
  facet normal 0.802462 0.12709 -0.583012
    outer loop
      vertex 23.5448 0 -1.47934
      vertex 23.4724 0.457141 -1.47934
      vertex 23.8383 0.576032 -0.949796
    endloop
  endfacet
  facet normal 0.368872 0.723897 -0.583016
    outer loop
      vertex -9.93704 20.6173 -0.949796
      vertex -10.5756 20.5162 -1.47934
      vertex -10.4567 20.8821 -0.949796
    endloop
  endfacet
  facet normal 0.361663 0.62635 -0.690569
    outer loop
      vertex 19.0392 1.21352 -3.50448
      vertex 22.935 1.19681 -1.47934
      vertex 19.0559 1.19681 -3.51089
    endloop
  endfacet
  facet normal 0.36167 0.626329 -0.690584
    outer loop
      vertex 18.6211 1.42658 -3.53021
      vertex 22.935 1.19681 -1.47934
      vertex 19.0392 1.21352 -3.50448
    endloop
  endfacet
  facet normal 0.361686 0.626278 -0.690622
    outer loop
      vertex 18.1576 1.5 -3.70637
      vertex 22.935 1.19681 -1.47934
      vertex 18.6211 1.42658 -3.53021
    endloop
  endfacet
  facet normal 0.361502 0.626794 -0.690251
    outer loop
      vertex 2.96164 1.19681 -11.9399
      vertex 17.2759 1.21352 -4.42799
      vertex 17.2592 1.19681 -4.45191
    endloop
  endfacet
  facet normal 0.361636 0.626434 -0.690507
    outer loop
      vertex 2.96164 1.19681 -11.9399
      vertex 17.694 1.42658 -4.01573
      vertex 17.2759 1.21352 -4.42799
    endloop
  endfacet
  facet normal 0.361651 0.626397 -0.690533
    outer loop
      vertex -0.176517 3.00863 -11.9399
      vertex 17.694 1.42658 -4.01573
      vertex 2.96164 1.19681 -11.9399
    endloop
  endfacet
  facet normal 0.361632 0.626465 -0.690481
    outer loop
      vertex 18.1576 1.5 -3.70637
      vertex -0.176517 3.00863 -11.9399
      vertex 22.935 1.19681 -1.47934
    endloop
  endfacet
  facet normal 0.361688 0.626252 -0.690645
    outer loop
      vertex 17.694 1.42658 -4.01573
      vertex -0.176517 3.00863 -11.9399
      vertex 18.1576 1.5 -3.70637
    endloop
  endfacet
  facet normal 0.368931 0.723821 -0.583073
    outer loop
      vertex -10.1632 20.306 -1.47934
      vertex -10.5756 20.5162 -1.47934
      vertex -9.93704 20.6173 -0.949796
    endloop
  endfacet
  facet normal 0.891009 0.453986 0
    outer loop
      vertex 24.0307 0.638536 0.327277
      vertex 23.7372 1.21457 -0.327277
      vertex 23.7372 1.21457 0.327277
    endloop
  endfacet
  facet normal 0.891009 0.453986 0
    outer loop
      vertex 23.7372 1.21457 -0.327277
      vertex 24.0307 0.638536 0.327277
      vertex 24.0307 0.638536 -0.327277
    endloop
  endfacet
  facet normal 0.940442 0.148901 -0.30561
    outer loop
      vertex 24.1318 0 -0.327277
      vertex 23.8383 0.576032 -0.949796
      vertex 24.0307 0.638536 -0.327277
    endloop
  endfacet
  facet normal 0.451526 0.229855 0.862143
    outer loop
      vertex 16.731 0.463525 5.08559
      vertex 2.99541 0.293503 12.3246
      vertex 16.704 0.293503 5.14506
    endloop
  endfacet
  facet normal 0.451465 0.230417 0.862025
    outer loop
      vertex 2.86051 0.558275 12.3246
      vertex 16.731 0.463525 5.08559
      vertex 16.7792 0.558275 5.03502
    endloop
  endfacet
  facet normal 0.451504 0.230039 0.862105
    outer loop
      vertex 16.731 0.463525 5.08559
      vertex 2.86051 0.558275 12.3246
      vertex 2.99541 0.293503 12.3246
    endloop
  endfacet
  facet normal 0.451486 0.2302 0.862072
    outer loop
      vertex 22.8338 0.558275 1.86408
      vertex 19.6111 0.293503 3.62258
      vertex 22.9688 0.293503 1.86408
    endloop
  endfacet
  facet normal 0.451486 0.230197 0.862073
    outer loop
      vertex 22.8338 0.558275 1.86408
      vertex 19.5841 0.463525 3.59132
      vertex 19.6111 0.293503 3.62258
    endloop
  endfacet
  facet normal 0.451552 0.229708 0.862169
    outer loop
      vertex 19.5841 0.463525 3.59132
      vertex 22.8338 0.558275 1.86408
      vertex 19.5359 0.558275 3.59132
    endloop
  endfacet
  facet normal -0.308732 -0.0497347 0.949848
    outer loop
      vertex -1.68019 -1.81182 12.4272
      vertex -1.99585 -1.81182 12.3246
      vertex -1.62078 -1.87122 12.4434
    endloop
  endfacet
  facet normal 0.940441 -0.148895 0.305615
    outer loop
      vertex 23.9295 0 0.949796
      vertex 23.8383 -0.576032 0.949796
      vertex 24.1318 0 0.327277
    endloop
  endfacet
  facet normal 0.673238 0.673327 0.305583
    outer loop
      vertex 23.1611 1.50807 0.949796
      vertex 23.7372 1.21457 0.327277
      vertex 23.28 1.67171 0.327277
    endloop
  endfacet
  facet normal 0.673264 0.67328 0.305629
    outer loop
      vertex 23.7372 1.21457 0.327277
      vertex 23.1611 1.50807 0.949796
      vertex 23.5735 1.09568 0.949796
    endloop
  endfacet
  facet normal 0.723896 -0.36888 -0.583011
    outer loop
      vertex 23.5735 -1.09568 -0.949796
      vertex 23.4724 -0.457141 -1.47934
      vertex 23.8383 -0.576032 -0.949796
    endloop
  endfacet
  facet normal 0.432269 -0.848411 -0.305521
    outer loop
      vertex -9.81815 -20.7809 -0.327277
      vertex -10.3942 -21.0744 -0.327277
      vertex -9.93704 -20.6173 -0.949796
    endloop
  endfacet
  facet normal 0.127101 -0.802458 0.583015
    outer loop
      vertex -10.5756 -20.5162 1.47934
      vertex -11.0327 -20.5886 1.47934
      vertex -10.4567 -20.8821 0.949796
    endloop
  endfacet
  facet normal -0.454007 -0.890998 0
    outer loop
      vertex -12.2473 -20.7809 -0.327277
      vertex -11.6713 -21.0744 0.327277
      vertex -12.2473 -20.7809 0.327277
    endloop
  endfacet
  facet normal -0.454007 -0.890998 -0
    outer loop
      vertex -11.6713 -21.0744 0.327277
      vertex -12.2473 -20.7809 -0.327277
      vertex -11.6713 -21.0744 -0.327277
    endloop
  endfacet
  facet normal 0.141453 -0.278877 -0.949852
    outer loop
      vertex -0.487777 -2.58022 -12.3246
      vertex -0.674885 -2.39311 -12.4074
      vertex -0.617065 -2.40227 -12.3961
    endloop
  endfacet
  facet normal -0.278083 0.14226 -0.949964
    outer loop
      vertex -1.46777 2.02341 -12.478
      vertex -1.81445 2.37009 -12.3246
      vertex -1.39107 2.06249 -12.4946
    endloop
  endfacet
  facet normal 0.462714 0.0731506 -0.883485
    outer loop
      vertex 19.6576 0 -3.62258
      vertex 22.9688 0.293503 -1.86408
      vertex 23.0152 0 -1.86408
    endloop
  endfacet
  facet normal 0.462698 0.0733057 -0.88348
    outer loop
      vertex 22.9688 0.293503 -1.86408
      vertex 19.6576 0 -3.62258
      vertex 19.6111 0.293503 -3.62258
    endloop
  endfacet
  facet normal 0.462693 0.0734442 -0.883471
    outer loop
      vertex 3.0419 0 -12.3246
      vertex 16.704 0.293503 -5.14506
      vertex 16.6576 0 -5.19376
    endloop
  endfacet
  facet normal 0.462701 0.0732905 -0.88348
    outer loop
      vertex 16.704 0.293503 -5.14506
      vertex 3.0419 0 -12.3246
      vertex 2.99541 0.293503 -12.3246
    endloop
  endfacet
  facet normal 0.451486 0.2302 -0.862072
    outer loop
      vertex 19.6111 0.293503 -3.62258
      vertex 22.8338 0.558275 -1.86408
      vertex 22.9688 0.293503 -1.86408
    endloop
  endfacet
  facet normal 0.451486 0.230197 -0.862073
    outer loop
      vertex 19.5841 0.463525 -3.59132
      vertex 22.8338 0.558275 -1.86408
      vertex 19.6111 0.293503 -3.62258
    endloop
  endfacet
  facet normal 0.451552 0.229708 -0.862169
    outer loop
      vertex 22.8338 0.558275 -1.86408
      vertex 19.5841 0.463525 -3.59132
      vertex 19.5359 0.558275 -3.59132
    endloop
  endfacet
  facet normal 0.451526 0.229855 -0.862143
    outer loop
      vertex 2.99541 0.293503 -12.3246
      vertex 16.731 0.463525 -5.08559
      vertex 16.704 0.293503 -5.14506
    endloop
  endfacet
  facet normal 0.451504 0.230039 -0.862105
    outer loop
      vertex 2.86051 0.558275 -12.3246
      vertex 16.731 0.463525 -5.08559
      vertex 2.99541 0.293503 -12.3246
    endloop
  endfacet
  facet normal 0.451465 0.230417 -0.862025
    outer loop
      vertex 16.731 0.463525 -5.08559
      vertex 2.86051 0.558275 -12.3246
      vertex 16.7792 0.558275 -5.03502
    endloop
  endfacet
  facet normal 0.418968 0.418973 -0.80556
    outer loop
      vertex 2.86051 0.558275 -12.3246
      vertex 2.96164 1.19681 -11.9399
      vertex 3.28892 0.869534 -11.9399
    endloop
  endfacet
  facet normal 0.418964 0.418974 -0.805562
    outer loop
      vertex 2.96164 1.19681 -11.9399
      vertex 2.86051 0.558275 -12.3246
      vertex 2.65038 0.7684 -12.3246
    endloop
  endfacet
  facet normal 0.361524 0.626375 -0.690619
    outer loop
      vertex -7.61155 16.0368 -4.01573
      vertex -0.176517 3.00863 -11.9399
      vertex -7.60289 15.8715 -4.16112
    endloop
  endfacet
  facet normal 0.36165 0.626396 -0.690534
    outer loop
      vertex -0.176517 3.00863 -11.9399
      vertex -7.61155 16.0368 -4.01573
      vertex 22.935 1.19681 -1.47934
    endloop
  endfacet
  facet normal 0.361664 0.626432 -0.690494
    outer loop
      vertex -7.77974 16.4749 -3.70637
      vertex 22.935 1.19681 -1.47934
      vertex -7.61155 16.0368 -4.01573
    endloop
  endfacet
  facet normal 0.361601 0.626391 -0.690564
    outer loop
      vertex -10.1632 20.306 -1.47934
      vertex -7.77974 16.4749 -3.70637
      vertex -8.07508 16.8396 -3.53021
    endloop
  endfacet
  facet normal 0.361916 0.626451 -0.690344
    outer loop
      vertex -10.1632 20.306 -1.47934
      vertex -8.07508 16.8396 -3.53021
      vertex -8.21389 16.9298 -3.52113
    endloop
  endfacet
  facet normal 0.361652 0.626402 -0.690527
    outer loop
      vertex -7.77974 16.4749 -3.70637
      vertex -10.1632 20.306 -1.47934
      vertex 22.935 1.19681 -1.47934
    endloop
  endfacet
  facet normal 0.0927152 -0.585203 -0.805569
    outer loop
      vertex -10.5756 -20.5162 -1.47934
      vertex -11.0327 -20.059 -1.86408
      vertex -10.7392 -20.0125 -1.86408
    endloop
  endfacet
  facet normal -0.127039 -0.802488 -0.582987
    outer loop
      vertex -11.0327 -20.9733 -0.949796
      vertex -11.6088 -20.8821 -0.949796
      vertex -11.0327 -20.5886 -1.47934
    endloop
  endfacet
  facet normal 0.368872 -0.723897 -0.583016
    outer loop
      vertex -10.4567 -20.8821 -0.949796
      vertex -10.5756 -20.5162 -1.47934
      vertex -9.93704 -20.6173 -0.949796
    endloop
  endfacet
  facet normal 0.127101 -0.802458 -0.583015
    outer loop
      vertex -10.4567 -20.8821 -0.949796
      vertex -11.0327 -20.5886 -1.47934
      vertex -10.5756 -20.5162 -1.47934
    endloop
  endfacet
  facet normal 0.585321 -0.0925336 -0.805504
    outer loop
      vertex 23.4724 -0.457141 -1.47934
      vertex 22.9688 -0.293503 -1.86408
      vertex 23.0152 0 -1.86408
    endloop
  endfacet
  facet normal 0.585218 -0.0926843 -0.805561
    outer loop
      vertex 23.4724 -0.457141 -1.47934
      vertex 23.0152 0 -1.86408
      vertex 23.5448 0 -1.47934
    endloop
  endfacet
  facet normal -0.809043 0 0.587749
    outer loop
      vertex -12.8968 -19.1092 0.949796
      vertex -12.5121 19.1092 1.47934
      vertex -12.8968 19.1092 0.949796
    endloop
  endfacet
  facet normal -0.809043 0 0.587749
    outer loop
      vertex -12.5121 19.1092 1.47934
      vertex -12.8968 -19.1092 0.949796
      vertex -12.5121 -19.1092 1.47934
    endloop
  endfacet
  facet normal -0.940444 -0.148878 0.305616
    outer loop
      vertex -12.8968 -19.1092 0.949796
      vertex -13.0991 -19.1092 0.327277
      vertex -12.8056 -19.6853 0.949796
    endloop
  endfacet
  facet normal -0.585214 -0.0926971 -0.805563
    outer loop
      vertex -1.94936 -2.10532 -12.3246
      vertex -2.45299 -2.26896 -11.9399
      vertex -1.99585 -1.81182 -12.3246
    endloop
  endfacet
  facet normal -0.221157 -0.220812 -0.949911
    outer loop
      vertex -1.60433 -2.58022 -12.3246
      vertex -1.39107 -2.06249 -12.4946
      vertex -1.27218 -2.12306 -12.5082
    endloop
  endfacet
  facet normal -0.220927 -0.220916 -0.949941
    outer loop
      vertex -1.39107 -2.06249 -12.4946
      vertex -1.60433 -2.58022 -12.3246
      vertex -1.81445 -2.37009 -12.3246
    endloop
  endfacet
  facet normal -0.268977 0.527984 0.805533
    outer loop
      vertex -11.3262 20.0125 1.86408
      vertex -11.9023 20.306 1.47934
      vertex -11.591 19.8776 1.86408
    endloop
  endfacet
  facet normal -0.574495 0.574495 0.583018
    outer loop
      vertex -12.1284 20.6173 0.949796
      vertex -12.2295 19.9788 1.47934
      vertex -11.9023 20.306 1.47934
    endloop
  endfacet
  facet normal -0.574495 0.574495 0.583018
    outer loop
      vertex -12.2295 19.9788 1.47934
      vertex -12.1284 20.6173 0.949796
      vertex -12.5408 20.2049 0.949796
    endloop
  endfacet
  facet normal -0.0764503 0.483274 0.872125
    outer loop
      vertex -7.96406 14.7212 5.09095
      vertex -1.04605 2.76161 12.3246
      vertex -7.95711 14.7319 5.08563
    endloop
  endfacet
  facet normal -0.0765277 0.483238 0.872138
    outer loop
      vertex -1.04605 2.76161 12.3246
      vertex -7.96406 14.7212 5.09095
      vertex -1.33955 2.71513 12.3246
    endloop
  endfacet
  facet normal -0.0764932 0.483253 0.872133
    outer loop
      vertex -1.33955 2.71513 12.3246
      vertex -7.96406 14.7212 5.09095
      vertex -8.1734 14.5517 5.16651
    endloop
  endfacet
  facet normal -0.0771989 0.482925 0.872252
    outer loop
      vertex -11.0327 20.059 1.86408
      vertex -9.39064 17.1921 3.59668
      vertex -9.3779 17.1928 3.59742
    endloop
  endfacet
  facet normal -0.0765067 0.48325 0.872133
    outer loop
      vertex -11.0327 20.059 1.86408
      vertex -9.64212 17.0956 3.62809
      vertex -9.39064 17.1921 3.59668
    endloop
  endfacet
  facet normal -0.0765593 0.483229 0.87214
    outer loop
      vertex -9.64212 17.0956 3.62809
      vertex -11.0327 20.059 1.86408
      vertex -11.3262 20.0125 1.86408
    endloop
  endfacet
  facet normal -0.141881 0.278415 0.949924
    outer loop
      vertex -1.18937 2.16526 12.5082
      vertex -1.60433 2.58022 12.3246
      vertex -1.27218 2.12306 12.5082
    endloop
  endfacet
  facet normal 0.141453 0.278877 0.949852
    outer loop
      vertex -0.487777 2.58022 12.3246
      vertex -0.674885 2.39311 12.4074
      vertex -0.617065 2.40227 12.3961
    endloop
  endfacet
  facet normal 0.308689 0.048879 0.949906
    outer loop
      vertex 3.0419 0 12.3246
      vertex 2.48606 0.0880363 12.5007
      vertex 2.5 0 12.5007
    endloop
  endfacet
  facet normal 0.149059 -0.940459 0.305479
    outer loop
      vertex -10.4567 -20.8821 0.949796
      vertex -11.0327 -21.1756 0.327277
      vertex -10.3942 -21.0744 0.327277
    endloop
  endfacet
  facet normal -0.0926725 -0.585219 0.805562
    outer loop
      vertex -11.0327 -20.059 1.86408
      vertex -11.4899 -20.5162 1.47934
      vertex -11.0327 -20.5886 1.47934
    endloop
  endfacet
  facet normal 0.574508 0.574522 0.582979
    outer loop
      vertex 23.1611 1.50807 0.949796
      vertex 23.2623 0.869534 1.47934
      vertex 23.5735 1.09568 0.949796
    endloop
  endfacet
  facet normal 0.574488 0.57453 0.582992
    outer loop
      vertex 23.2623 0.869534 1.47934
      vertex 23.1611 1.50807 0.949796
      vertex 22.935 1.19681 1.47934
    endloop
  endfacet
  facet normal 0.294932 -0.510834 0.807505
    outer loop
      vertex 2.26696 -0.989769 12.3246
      vertex 2.96164 -1.19681 11.9399
      vertex 2.65038 -0.7684 12.3246
    endloop
  endfacet
  facet normal 0.294923 -0.510851 0.807497
    outer loop
      vertex 2.02254 -1.46946 12.1104
      vertex 2.96164 -1.19681 11.9399
      vertex 2.26696 -0.989769 12.3246
    endloop
  endfacet
  facet normal 0.294924 -0.510857 0.807493
    outer loop
      vertex 1.46946 -2.02254 11.9625
      vertex 2.96164 -1.19681 11.9399
      vertex 2.02254 -1.46946 12.1104
    endloop
  endfacet
  facet normal 0.294622 -0.510299 0.807956
    outer loop
      vertex 1.46946 -2.02254 11.9625
      vertex -0.176517 -3.00863 11.9399
      vertex 2.96164 -1.19681 11.9399
    endloop
  endfacet
  facet normal 0.294862 -0.510691 0.807621
    outer loop
      vertex 0.772542 -2.37764 11.9924
      vertex -0.176517 -3.00863 11.9399
      vertex 1.46946 -2.02254 11.9625
    endloop
  endfacet
  facet normal 0.294973 -0.510848 0.807481
    outer loop
      vertex 0 -2.5 12.1972
      vertex -0.176517 -3.00863 11.9399
      vertex 0.772542 -2.37764 11.9924
    endloop
  endfacet
  facet normal 0.294902 -0.510839 0.807512
    outer loop
      vertex -0.273742 -2.45664 12.3246
      vertex -0.176517 -3.00863 11.9399
      vertex 0 -2.5 12.1972
    endloop
  endfacet
  facet normal 0.294942 -0.510827 0.807505
    outer loop
      vertex -0.176517 -3.00863 11.9399
      vertex -0.273742 -2.45664 12.3246
      vertex -0.487777 -2.58022 12.3246
    endloop
  endfacet
  facet normal 0.361663 -0.62635 0.690569
    outer loop
      vertex 19.0392 -1.21352 3.50448
      vertex 22.935 -1.19681 1.47934
      vertex 19.0559 -1.19681 3.51089
    endloop
  endfacet
  facet normal 0.36167 -0.626329 0.690584
    outer loop
      vertex 18.6211 -1.42658 3.53021
      vertex 22.935 -1.19681 1.47934
      vertex 19.0392 -1.21352 3.50448
    endloop
  endfacet
  facet normal 0.361686 -0.626278 0.690622
    outer loop
      vertex 18.1576 -1.5 3.70637
      vertex 22.935 -1.19681 1.47934
      vertex 18.6211 -1.42658 3.53021
    endloop
  endfacet
  facet normal 0.361502 -0.626794 0.690251
    outer loop
      vertex 2.96164 -1.19681 11.9399
      vertex 17.2759 -1.21352 4.42799
      vertex 17.2592 -1.19681 4.45191
    endloop
  endfacet
  facet normal 0.361636 -0.626434 0.690507
    outer loop
      vertex 2.96164 -1.19681 11.9399
      vertex 17.694 -1.42658 4.01573
      vertex 17.2759 -1.21352 4.42799
    endloop
  endfacet
  facet normal 0.361651 -0.626397 0.690533
    outer loop
      vertex -0.176517 -3.00863 11.9399
      vertex 17.694 -1.42658 4.01573
      vertex 2.96164 -1.19681 11.9399
    endloop
  endfacet
  facet normal 0.361632 -0.626465 0.690481
    outer loop
      vertex 18.1576 -1.5 3.70637
      vertex -0.176517 -3.00863 11.9399
      vertex 22.935 -1.19681 1.47934
    endloop
  endfacet
  facet normal 0.361688 -0.626252 0.690645
    outer loop
      vertex 17.694 -1.42658 4.01573
      vertex -0.176517 -3.00863 11.9399
      vertex 18.1576 -1.5 3.70637
    endloop
  endfacet
  facet normal -0.221157 0.220812 0.949911
    outer loop
      vertex -1.60433 2.58022 12.3246
      vertex -1.39107 2.06249 12.4946
      vertex -1.27218 2.12306 12.5082
    endloop
  endfacet
  facet normal -0.220927 0.220916 0.949941
    outer loop
      vertex -1.39107 2.06249 12.4946
      vertex -1.60433 2.58022 12.3246
      vertex -1.81445 2.37009 12.3246
    endloop
  endfacet
  facet normal 0.0483701 -0.308589 0.949965
    outer loop
      vertex -1.04605 -2.23828 12.4946
      vertex -1.04605 -2.76161 12.3246
      vertex -0.969355 -2.27736 12.478
    endloop
  endfacet
  facet normal 0.27834 -0.142024 -0.949924
    outer loop
      vertex 2.86051 -0.558275 -12.3246
      vertex 2.45791 -0.26577 -12.4863
      vertex 2.47296 -0.170728 -12.4961
    endloop
  endfacet
  facet normal 0.141453 0.278877 -0.949852
    outer loop
      vertex -0.617065 2.40227 -12.3961
      vertex -0.674885 2.39311 -12.4074
      vertex -0.487777 2.58022 -12.3246
    endloop
  endfacet
  facet normal -0.0927134 0.585191 -0.805578
    outer loop
      vertex -11.3262 20.0125 -1.86408
      vertex -11.4899 20.5162 -1.47934
      vertex -11.0327 20.059 -1.86408
    endloop
  endfacet
  facet normal -0.156518 0.987675 0
    outer loop
      vertex -11.0327 21.1756 -0.327277
      vertex -11.6713 21.0744 0.327277
      vertex -11.0327 21.1756 0.327277
    endloop
  endfacet
  facet normal -0.156518 0.987675 0
    outer loop
      vertex -11.6713 21.0744 0.327277
      vertex -11.0327 21.1756 -0.327277
      vertex -11.6713 21.0744 -0.327277
    endloop
  endfacet
  facet normal -0.432355 0.848382 0.305478
    outer loop
      vertex -11.6713 21.0744 0.327277
      vertex -12.1284 20.6173 0.949796
      vertex -11.6088 20.8821 0.949796
    endloop
  endfacet
  facet normal -0.127039 0.802488 0.582987
    outer loop
      vertex -11.0327 20.9733 0.949796
      vertex -11.6088 20.8821 0.949796
      vertex -11.0327 20.5886 1.47934
    endloop
  endfacet
  facet normal 0.268998 0.527931 -0.805561
    outer loop
      vertex -0.487777 2.58022 -12.3246
      vertex -0.752549 2.71513 -12.3246
      vertex -0.176517 3.00863 -11.9399
    endloop
  endfacet
  facet normal 0.141888 0.278467 -0.949907
    outer loop
      vertex -0.674885 2.39311 -12.4074
      vertex -0.752549 2.71513 -12.3246
      vertex -0.487777 2.58022 -12.3246
    endloop
  endfacet
  facet normal 0.141687 0.278429 -0.949948
    outer loop
      vertex -0.772542 2.37764 -12.4265
      vertex -0.752549 2.71513 -12.3246
      vertex -0.674885 2.39311 -12.4074
    endloop
  endfacet
  facet normal 0.141921 0.278407 -0.94992
    outer loop
      vertex -0.752549 2.71513 -12.3246
      vertex -0.772542 2.37764 -12.4265
      vertex -0.879994 2.32289 -12.4586
    endloop
  endfacet
  facet normal -0.471706 0.240681 -0.848273
    outer loop
      vertex -11.936 19.4027 -1.86408
      vertex -10.1327 16.7778 -3.61162
      vertex -10.1935 16.7286 -3.59177
    endloop
  endfacet
  facet normal -0.472022 0.240411 -0.848173
    outer loop
      vertex -11.936 19.4027 -1.86408
      vertex -10.1935 16.7286 -3.59177
      vertex -10.2986 16.5667 -3.57917
    endloop
  endfacet
  facet normal -0.471974 0.240443 -0.848191
    outer loop
      vertex -10.1327 16.7778 -3.61162
      vertex -11.936 19.4027 -1.86408
      vertex -11.8011 19.6675 -1.86408
    endloop
  endfacet
  facet normal -0.471939 0.24047 -0.848202
    outer loop
      vertex -8.9597 14.2476 -4.98164
      vertex -1.81445 2.37009 -12.3246
      vertex -1.94936 2.10532 -12.3246
    endloop
  endfacet
  facet normal -0.471956 0.240457 -0.848197
    outer loop
      vertex -1.81445 2.37009 -12.3246
      vertex -8.76691 14.2577 -5.08604
      vertex -8.69393 14.2857 -5.11871
    endloop
  endfacet
  facet normal -0.471922 0.240485 -0.848208
    outer loop
      vertex -1.81445 2.37009 -12.3246
      vertex -8.9597 14.2476 -4.98164
      vertex -8.76691 14.2577 -5.08604
    endloop
  endfacet
  facet normal 0.0926926 0.585218 -0.805561
    outer loop
      vertex -10.5756 20.5162 -1.47934
      vertex -11.0327 20.059 -1.86408
      vertex -11.0327 20.5886 -1.47934
    endloop
  endfacet
  facet normal 0.527827 0.269125 -0.805587
    outer loop
      vertex 22.9688 0.293503 -1.86408
      vertex 22.8338 0.558275 -1.86408
      vertex 23.2623 0.869534 -1.47934
    endloop
  endfacet
  facet normal 0.723958 0.368832 -0.582965
    outer loop
      vertex 23.4724 0.457141 -1.47934
      vertex 23.2623 0.869534 -1.47934
      vertex 23.5735 1.09568 -0.949796
    endloop
  endfacet
  facet normal 0.940442 -0.148901 -0.30561
    outer loop
      vertex 24.0307 -0.638536 -0.327277
      vertex 23.8383 -0.576032 -0.949796
      vertex 24.1318 0 -0.327277
    endloop
  endfacet
  facet normal 0.940441 -0.148895 -0.305615
    outer loop
      vertex 24.1318 0 -0.327277
      vertex 23.8383 -0.576032 -0.949796
      vertex 23.9295 0 -0.949796
    endloop
  endfacet
  facet normal 0.848362 0.432305 0.305606
    outer loop
      vertex 24.0307 0.638536 0.327277
      vertex 23.5735 1.09568 0.949796
      vertex 23.8383 0.576032 0.949796
    endloop
  endfacet
  facet normal 0.987697 0.156383 0
    outer loop
      vertex 24.1318 0 0.327277
      vertex 24.0307 0.638536 -0.327277
      vertex 24.0307 0.638536 0.327277
    endloop
  endfacet
  facet normal 0.987697 0.156383 0
    outer loop
      vertex 24.0307 0.638536 -0.327277
      vertex 24.1318 0 0.327277
      vertex 24.1318 0 -0.327277
    endloop
  endfacet
  facet normal 0.141453 -0.278877 0.949852
    outer loop
      vertex -0.617065 -2.40227 12.3961
      vertex -0.674885 -2.39311 12.4074
      vertex -0.487777 -2.58022 12.3246
    endloop
  endfacet
  facet normal 0.84837 -0.43226 -0.305645
    outer loop
      vertex 23.7372 -1.21457 -0.327277
      vertex 23.5735 -1.09568 -0.949796
      vertex 24.0307 -0.638536 -0.327277
    endloop
  endfacet
  facet normal 0.848362 -0.432305 -0.305606
    outer loop
      vertex 24.0307 -0.638536 -0.327277
      vertex 23.5735 -1.09568 -0.949796
      vertex 23.8383 -0.576032 -0.949796
    endloop
  endfacet
  facet normal 0.673264 -0.67328 -0.305629
    outer loop
      vertex 23.7372 -1.21457 -0.327277
      vertex 23.1611 -1.50807 -0.949796
      vertex 23.5735 -1.09568 -0.949796
    endloop
  endfacet
  facet normal 0.673238 -0.673327 -0.305583
    outer loop
      vertex 23.1611 -1.50807 -0.949796
      vertex 23.7372 -1.21457 -0.327277
      vertex 23.28 -1.67171 -0.327277
    endloop
  endfacet
  facet normal 0.432269 -0.848411 0.305521
    outer loop
      vertex -9.93704 -20.6173 0.949796
      vertex -10.3942 -21.0744 0.327277
      vertex -9.81815 -20.7809 0.327277
    endloop
  endfacet
  facet normal 0.432315 -0.848402 0.30548
    outer loop
      vertex -9.93704 -20.6173 0.949796
      vertex -10.4567 -20.8821 0.949796
      vertex -10.3942 -21.0744 0.327277
    endloop
  endfacet
  facet normal -0.0771989 -0.482925 -0.872252
    outer loop
      vertex -11.0327 -20.059 -1.86408
      vertex -9.39064 -17.1921 -3.59668
      vertex -9.3779 -17.1928 -3.59742
    endloop
  endfacet
  facet normal -0.0765067 -0.48325 -0.872133
    outer loop
      vertex -11.0327 -20.059 -1.86408
      vertex -9.64212 -17.0956 -3.62809
      vertex -9.39064 -17.1921 -3.59668
    endloop
  endfacet
  facet normal -0.0765593 -0.483229 -0.87214
    outer loop
      vertex -9.64212 -17.0956 -3.62809
      vertex -11.0327 -20.059 -1.86408
      vertex -11.3262 -20.0125 -1.86408
    endloop
  endfacet
  facet normal -0.0764503 -0.483274 -0.872125
    outer loop
      vertex -7.96406 -14.7212 -5.09095
      vertex -1.04605 -2.76161 -12.3246
      vertex -7.95711 -14.7319 -5.08563
    endloop
  endfacet
  facet normal -0.0765277 -0.483238 -0.872138
    outer loop
      vertex -1.04605 -2.76161 -12.3246
      vertex -7.96406 -14.7212 -5.09095
      vertex -1.33955 -2.71513 -12.3246
    endloop
  endfacet
  facet normal -0.0764932 -0.483253 -0.872133
    outer loop
      vertex -1.33955 -2.71513 -12.3246
      vertex -7.96406 -14.7212 -5.09095
      vertex -8.1734 -14.5517 -5.16651
    endloop
  endfacet
  facet normal -0.308732 0.0497347 -0.949848
    outer loop
      vertex -1.68019 1.81182 -12.4272
      vertex -1.99585 1.81182 -12.3246
      vertex -1.62078 1.87122 -12.4434
    endloop
  endfacet
  facet normal -0.308702 0.0487646 -0.949908
    outer loop
      vertex -1.62078 1.87122 -12.4434
      vertex -1.94936 2.10532 -12.3246
      vertex -1.52467 1.96733 -12.4697
    endloop
  endfacet
  facet normal -0.308623 0.0488854 -0.949927
    outer loop
      vertex -1.94936 2.10532 -12.3246
      vertex -1.62078 1.87122 -12.4434
      vertex -1.99585 1.81182 -12.3246
    endloop
  endfacet
  facet normal 0.155345 -0.269051 -0.950515
    outer loop
      vertex -0.487777 -2.58022 -12.3246
      vertex -0.617065 -2.40227 -12.3961
      vertex -0.273742 -2.45664 -12.3246
    endloop
  endfacet
  facet normal 0.155341 -0.268945 -0.950546
    outer loop
      vertex 2.65038 -0.7684 -12.3246
      vertex 2.37764 -0.772542 -12.368
      vertex 2.42699 -0.460936 -12.4481
    endloop
  endfacet
  facet normal 0.155338 -0.269051 -0.950516
    outer loop
      vertex 2.37764 -0.772542 -12.368
      vertex 2.65038 -0.7684 -12.3246
      vertex 2.26696 -0.989769 -12.3246
    endloop
  endfacet
  facet normal 0.27834 0.142024 -0.949924
    outer loop
      vertex 2.47296 0.170728 -12.4961
      vertex 2.45791 0.26577 -12.4863
      vertex 2.86051 0.558275 -12.3246
    endloop
  endfacet
  facet normal 0.527827 -0.269125 -0.805587
    outer loop
      vertex 23.2623 -0.869534 -1.47934
      vertex 22.8338 -0.558275 -1.86408
      vertex 22.9688 -0.293503 -1.86408
    endloop
  endfacet
  facet normal 0.278475 -0.141882 -0.949906
    outer loop
      vertex 2.47296 -0.170728 -12.4961
      vertex 2.99541 -0.293503 -12.3246
      vertex 2.86051 -0.558275 -12.3246
    endloop
  endfacet
  facet normal 0.278466 -0.141916 -0.949903
    outer loop
      vertex 2.99541 -0.293503 -12.3246
      vertex 2.47296 -0.170728 -12.4961
      vertex 2.48004 -0.126046 -12.5007
    endloop
  endfacet
  facet normal 0.420854 -0.420885 -0.803578
    outer loop
      vertex 22.935 -1.19681 -1.47934
      vertex 19.3773 -0.869534 -3.51401
      vertex 23.2623 -0.869534 -1.47934
    endloop
  endfacet
  facet normal 0.42075 -0.42123 -0.803452
    outer loop
      vertex 22.935 -1.19681 -1.47934
      vertex 19.3711 -0.881678 -3.51089
      vertex 19.3773 -0.869534 -3.51401
    endloop
  endfacet
  facet normal 0.420839 -0.42093 -0.803562
    outer loop
      vertex 19.3711 -0.881678 -3.51089
      vertex 22.935 -1.19681 -1.47934
      vertex 19.0559 -1.19681 -3.51089
    endloop
  endfacet
  facet normal 0.420947 -0.420465 -0.803749
    outer loop
      vertex 16.944 -0.881678 -4.78199
      vertex 3.28892 -0.869534 -11.9399
      vertex 16.9378 -0.869534 -4.79159
    endloop
  endfacet
  facet normal 0.42088 -0.420772 -0.803624
    outer loop
      vertex 17.2592 -1.19681 -4.45191
      vertex 3.28892 -0.869534 -11.9399
      vertex 16.944 -0.881678 -4.78199
    endloop
  endfacet
  facet normal 0.420859 -0.420864 -0.803587
    outer loop
      vertex 3.28892 -0.869534 -11.9399
      vertex 17.2592 -1.19681 -4.45191
      vertex 2.96164 -1.19681 -11.9399
    endloop
  endfacet
  facet normal 0.451486 -0.2302 -0.862072
    outer loop
      vertex 22.8338 -0.558275 -1.86408
      vertex 19.6111 -0.293503 -3.62258
      vertex 22.9688 -0.293503 -1.86408
    endloop
  endfacet
  facet normal 0.451486 -0.230197 -0.862073
    outer loop
      vertex 22.8338 -0.558275 -1.86408
      vertex 19.5841 -0.463525 -3.59132
      vertex 19.6111 -0.293503 -3.62258
    endloop
  endfacet
  facet normal 0.451552 -0.229708 -0.862169
    outer loop
      vertex 19.5841 -0.463525 -3.59132
      vertex 22.8338 -0.558275 -1.86408
      vertex 19.5359 -0.558275 -3.59132
    endloop
  endfacet
  facet normal 0.451526 -0.229855 -0.862143
    outer loop
      vertex 16.731 -0.463525 -5.08559
      vertex 2.99541 -0.293503 -12.3246
      vertex 16.704 -0.293503 -5.14506
    endloop
  endfacet
  facet normal 0.451465 -0.230417 -0.862025
    outer loop
      vertex 2.86051 -0.558275 -12.3246
      vertex 16.731 -0.463525 -5.08559
      vertex 16.7792 -0.558275 -5.03502
    endloop
  endfacet
  facet normal 0.451504 -0.230039 -0.862105
    outer loop
      vertex 16.731 -0.463525 -5.08559
      vertex 2.86051 -0.558275 -12.3246
      vertex 2.99541 -0.293503 -12.3246
    endloop
  endfacet
  facet normal 0.314533 -0.617566 -0.720889
    outer loop
      vertex -10.1632 -20.306 -1.47934
      vertex -8.46867 -17.0952 -3.4906
      vertex -8.21389 -16.9298 -3.52113
    endloop
  endfacet
  facet normal 0.314731 -0.617599 -0.720775
    outer loop
      vertex -10.1632 -20.306 -1.47934
      vertex -8.62462 -17.137 -3.52288
      vertex -8.46867 -17.0952 -3.4906
    endloop
  endfacet
  facet normal 0.314794 -0.617607 -0.72074
    outer loop
      vertex -8.62462 -17.137 -3.52288
      vertex -10.1632 -20.306 -1.47934
      vertex -10.5756 -20.5162 -1.47934
    endloop
  endfacet
  facet normal 0.314667 -0.617584 -0.720815
    outer loop
      vertex -0.176517 -3.00863 -11.9399
      vertex -7.58699 -15.5681 -4.41411
      vertex -0.588911 -3.21875 -11.9399
    endloop
  endfacet
  facet normal 0.314605 -0.617571 -0.720854
    outer loop
      vertex -7.58699 -15.5681 -4.41411
      vertex -0.176517 -3.00863 -11.9399
      vertex -7.60289 -15.8715 -4.16112
    endloop
  endfacet
  facet normal 0.314859 -0.617622 -0.720699
    outer loop
      vertex -0.588911 -3.21875 -11.9399
      vertex -7.58699 -15.5681 -4.41411
      vertex -7.62878 -15.4122 -4.56597
    endloop
  endfacet
  facet normal 0.155345 0.269051 -0.950515
    outer loop
      vertex -0.273742 2.45664 -12.3246
      vertex -0.617065 2.40227 -12.3961
      vertex -0.487777 2.58022 -12.3246
    endloop
  endfacet
  facet normal 0.155341 0.268945 -0.950546
    outer loop
      vertex 2.37764 0.772542 -12.368
      vertex 2.65038 0.7684 -12.3246
      vertex 2.42699 0.460936 -12.4481
    endloop
  endfacet
  facet normal 0.155338 0.269051 -0.950516
    outer loop
      vertex 2.65038 0.7684 -12.3246
      vertex 2.37764 0.772542 -12.368
      vertex 2.26696 0.989769 -12.3246
    endloop
  endfacet
  facet normal -0.127074 -0.802464 -0.583012
    outer loop
      vertex -11.0327 -20.5886 -1.47934
      vertex -11.6088 -20.8821 -0.949796
      vertex -11.4899 -20.5162 -1.47934
    endloop
  endfacet
  facet normal -0.0926725 -0.585219 -0.805562
    outer loop
      vertex -11.0327 -20.5886 -1.47934
      vertex -11.4899 -20.5162 -1.47934
      vertex -11.0327 -20.059 -1.86408
    endloop
  endfacet
  facet normal -1 0 0
    outer loop
      vertex -13.0991 -19.1092 -0.327277
      vertex -13.0991 19.1092 0.327277
      vertex -13.0991 19.1092 -0.327277
    endloop
  endfacet
  facet normal -1 -0 0
    outer loop
      vertex -13.0991 19.1092 0.327277
      vertex -13.0991 -19.1092 -0.327277
      vertex -13.0991 -19.1092 0.327277
    endloop
  endfacet
  facet normal -0.987675 -0.156518 0
    outer loop
      vertex -12.9979 -19.7478 -0.327277
      vertex -13.0991 -19.1092 0.327277
      vertex -13.0991 -19.1092 -0.327277
    endloop
  endfacet
  facet normal -0.987675 -0.156518 0
    outer loop
      vertex -13.0991 -19.1092 0.327277
      vertex -12.9979 -19.7478 -0.327277
      vertex -12.9979 -19.7478 0.327277
    endloop
  endfacet
  facet normal -0.527878 -0.269059 -0.805576
    outer loop
      vertex -12.2295 -19.9788 -1.47934
      vertex -12.4397 -19.5664 -1.47934
      vertex -11.936 -19.4027 -1.86408
    endloop
  endfacet
  facet normal -0.309115 0 -0.951025
    outer loop
      vertex -1.68019 -1.81182 -12.4272
      vertex -1.99585 -1.81182 -12.3246
      vertex -1.99585 -1.49616 -12.3246
    endloop
  endfacet
  facet normal -0.309115 0 -0.951025
    outer loop
      vertex -1.68019 1.81182 -12.4272
      vertex -1.99585 1.49616 -12.3246
      vertex -1.99585 1.81182 -12.3246
    endloop
  endfacet
  facet normal -0.308732 -0.0497347 -0.949848
    outer loop
      vertex -1.62078 -1.87122 -12.4434
      vertex -1.99585 -1.81182 -12.3246
      vertex -1.68019 -1.81182 -12.4272
    endloop
  endfacet
  facet normal 0.268992 0.527939 0.805558
    outer loop
      vertex -0.588911 3.21875 11.9399
      vertex -0.752549 2.71513 12.3246
      vertex -0.176517 3.00863 11.9399
    endloop
  endfacet
  facet normal -0.308732 0.0497347 0.949848
    outer loop
      vertex -1.62078 1.87122 12.4434
      vertex -1.99585 1.81182 12.3246
      vertex -1.68019 1.81182 12.4272
    endloop
  endfacet
  facet normal -0.290712 0.128807 0.948101
    outer loop
      vertex -1.81445 2.37009 12.3246
      vertex -1.46946 2.02254 12.4776
      vertex -1.46777 2.02341 12.478
    endloop
  endfacet
  facet normal -0.278092 0.14216 0.949977
    outer loop
      vertex -1.81445 2.37009 12.3246
      vertex -1.52467 1.96733 12.4697
      vertex -1.46946 2.02254 12.4776
    endloop
  endfacet
  facet normal -0.278449 0.14188 0.949914
    outer loop
      vertex -1.52467 1.96733 12.4697
      vertex -1.81445 2.37009 12.3246
      vertex -1.94936 2.10532 12.3246
    endloop
  endfacet
  facet normal -0.278083 0.14226 0.949964
    outer loop
      vertex -1.39107 2.06249 12.4946
      vertex -1.81445 2.37009 12.3246
      vertex -1.46777 2.02341 12.478
    endloop
  endfacet
  facet normal -0.471939 -0.24047 0.848202
    outer loop
      vertex -8.9597 -14.2476 4.98164
      vertex -1.81445 -2.37009 12.3246
      vertex -1.94936 -2.10532 12.3246
    endloop
  endfacet
  facet normal -0.471956 -0.240457 0.848197
    outer loop
      vertex -1.81445 -2.37009 12.3246
      vertex -8.76691 -14.2577 5.08604
      vertex -8.69393 -14.2857 5.11871
    endloop
  endfacet
  facet normal -0.471922 -0.240485 0.848208
    outer loop
      vertex -1.81445 -2.37009 12.3246
      vertex -8.9597 -14.2476 4.98164
      vertex -8.76691 -14.2577 5.08604
    endloop
  endfacet
  facet normal -0.471706 -0.240681 0.848273
    outer loop
      vertex -11.936 -19.4027 1.86408
      vertex -10.1327 -16.7778 3.61162
      vertex -10.1935 -16.7286 3.59177
    endloop
  endfacet
  facet normal -0.472022 -0.240411 0.848173
    outer loop
      vertex -11.936 -19.4027 1.86408
      vertex -10.1935 -16.7286 3.59177
      vertex -10.2986 -16.5667 3.57917
    endloop
  endfacet
  facet normal -0.471974 -0.240443 0.848191
    outer loop
      vertex -10.1327 -16.7778 3.61162
      vertex -11.936 -19.4027 1.86408
      vertex -11.8011 -19.6675 1.86408
    endloop
  endfacet
  facet normal -0.156518 -0.987675 0
    outer loop
      vertex -11.6713 -21.0744 -0.327277
      vertex -11.0327 -21.1756 0.327277
      vertex -11.6713 -21.0744 0.327277
    endloop
  endfacet
  facet normal -0.156518 -0.987675 -0
    outer loop
      vertex -11.0327 -21.1756 0.327277
      vertex -11.6713 -21.0744 -0.327277
      vertex -11.0327 -21.1756 -0.327277
    endloop
  endfacet
  facet normal -0.368906 -0.723881 0.583013
    outer loop
      vertex -11.4899 -20.5162 1.47934
      vertex -12.1284 -20.6173 0.949796
      vertex -11.6088 -20.8821 0.949796
    endloop
  endfacet
  facet normal -0.432355 -0.848382 0.305478
    outer loop
      vertex -11.6088 -20.8821 0.949796
      vertex -12.1284 -20.6173 0.949796
      vertex -11.6713 -21.0744 0.327277
    endloop
  endfacet
  facet normal -0.127074 -0.802464 0.583012
    outer loop
      vertex -11.4899 -20.5162 1.47934
      vertex -11.6088 -20.8821 0.949796
      vertex -11.0327 -20.5886 1.47934
    endloop
  endfacet
  facet normal 0.0926926 -0.585218 0.805561
    outer loop
      vertex -11.0327 -20.059 1.86408
      vertex -11.0327 -20.5886 1.47934
      vertex -10.5756 -20.5162 1.47934
    endloop
  endfacet
  facet normal 0.0873323 -0.551949 0.829292
    outer loop
      vertex -9.3779 -17.1928 3.59742
      vertex -10.7392 -20.0125 1.86408
      vertex -9.11906 -17.2064 3.56111
    endloop
  endfacet
  facet normal 0.0874524 -0.551985 0.829256
    outer loop
      vertex -10.7392 -20.0125 1.86408
      vertex -9.3779 -17.1928 3.59742
      vertex -11.0327 -20.059 1.86408
    endloop
  endfacet
  facet normal 0.0874114 -0.551965 0.829273
    outer loop
      vertex -1.04605 -2.76161 12.3246
      vertex -7.81594 -14.9493 4.92606
      vertex -0.752549 -2.71513 12.3246
    endloop
  endfacet
  facet normal 0.0873749 -0.551952 0.829286
    outer loop
      vertex -7.81594 -14.9493 4.92606
      vertex -1.04605 -2.76161 12.3246
      vertex -7.95711 -14.7319 5.08563
    endloop
  endfacet
  facet normal -0.141881 -0.278415 0.949924
    outer loop
      vertex -1.27218 -2.12306 12.5082
      vertex -1.60433 -2.58022 12.3246
      vertex -1.18937 -2.16526 12.5082
    endloop
  endfacet
  facet normal -0.308702 -0.0487646 0.949908
    outer loop
      vertex -1.62078 -1.87122 12.4434
      vertex -1.94936 -2.10532 12.3246
      vertex -1.52467 -1.96733 12.4697
    endloop
  endfacet
  facet normal -0.308623 -0.0488854 0.949927
    outer loop
      vertex -1.94936 -2.10532 12.3246
      vertex -1.62078 -1.87122 12.4434
      vertex -1.99585 -1.81182 12.3246
    endloop
  endfacet
  facet normal 0.723896 0.36888 0.583011
    outer loop
      vertex 23.5735 1.09568 0.949796
      vertex 23.4724 0.457141 1.47934
      vertex 23.8383 0.576032 0.949796
    endloop
  endfacet
  facet normal 0.723958 0.368832 0.582965
    outer loop
      vertex 23.5735 1.09568 0.949796
      vertex 23.2623 0.869534 1.47934
      vertex 23.4724 0.457141 1.47934
    endloop
  endfacet
  facet normal 0.673264 -0.67328 0.305629
    outer loop
      vertex 23.1611 -1.50807 0.949796
      vertex 23.7372 -1.21457 0.327277
      vertex 23.5735 -1.09568 0.949796
    endloop
  endfacet
  facet normal 0.673238 -0.673327 0.305583
    outer loop
      vertex 23.7372 -1.21457 0.327277
      vertex 23.1611 -1.50807 0.949796
      vertex 23.28 -1.67171 0.327277
    endloop
  endfacet
  facet normal 0.0489559 -0.308665 0.94991
    outer loop
      vertex -1.04605 -2.76161 12.3246
      vertex -0.879994 -2.32289 12.4586
      vertex -0.969355 -2.27736 12.478
    endloop
  endfacet
  facet normal 0.0488773 -0.308639 0.949923
    outer loop
      vertex -0.879994 -2.32289 12.4586
      vertex -1.04605 -2.76161 12.3246
      vertex -0.752549 -2.71513 12.3246
    endloop
  endfacet
  facet normal 0.308691 0.0488957 -0.949905
    outer loop
      vertex 2.48606 0.0880363 -12.5007
      vertex 2.99541 0.293503 -12.3246
      vertex 3.0419 0 -12.3246
    endloop
  endfacet
  facet normal 0.308693 0.048891 -0.949904
    outer loop
      vertex 2.99541 0.293503 -12.3246
      vertex 2.48606 0.0880363 -12.5007
      vertex 2.48004 0.126046 -12.5007
    endloop
  endfacet
  facet normal -0.0487121 -0.308584 -0.949949
    outer loop
      vertex -1.04605 -2.76161 -12.3246
      vertex -1.13621 -2.19234 -12.5049
      vertex -1.04605 -2.23828 -12.4946
    endloop
  endfacet
  facet normal 0.405281 0.701968 -0.585652
    outer loop
      vertex 22.935 1.19681 -1.47934
      vertex -9.93704 20.6173 -0.949796
      vertex 23.1611 1.50807 -0.949796
    endloop
  endfacet
  facet normal 0.405257 0.701928 -0.585717
    outer loop
      vertex -9.93704 20.6173 -0.949796
      vertex 22.935 1.19681 -1.47934
      vertex -10.1632 20.306 -1.47934
    endloop
  endfacet
  facet normal 0.127101 0.802458 -0.583015
    outer loop
      vertex -10.5756 20.5162 -1.47934
      vertex -11.0327 20.5886 -1.47934
      vertex -10.4567 20.8821 -0.949796
    endloop
  endfacet
  facet normal -0.337086 0.337008 -0.87909
    outer loop
      vertex -11.8011 19.6675 -1.86408
      vertex -9.90689 16.9607 -3.62809
      vertex -10.1327 16.7778 -3.61162
    endloop
  endfacet
  facet normal -0.337041 0.337041 -0.879094
    outer loop
      vertex -9.90689 16.9607 -3.62809
      vertex -11.8011 19.6675 -1.86408
      vertex -11.591 19.8776 -1.86408
    endloop
  endfacet
  facet normal -0.337048 0.337032 -0.879095
    outer loop
      vertex -8.69393 14.2857 -5.11871
      vertex -1.60433 2.58022 -12.3246
      vertex -1.81445 2.37009 -12.3246
    endloop
  endfacet
  facet normal -0.336996 0.337068 -0.879101
    outer loop
      vertex -1.60433 2.58022 -12.3246
      vertex -8.69393 14.2857 -5.11871
      vertex -8.42262 14.3898 -5.1828
    endloop
  endfacet
  facet normal 0.432315 0.848402 -0.30548
    outer loop
      vertex -9.93704 20.6173 -0.949796
      vertex -10.4567 20.8821 -0.949796
      vertex -10.3942 21.0744 -0.327277
    endloop
  endfacet
  facet normal -0.564905 0.163024 -0.808891
    outer loop
      vertex -2.45299 2.26896 -11.9399
      vertex -8.9597 14.2476 -4.98164
      vertex -1.94936 2.10532 -12.3246
    endloop
  endfacet
  facet normal -0.564995 0.162947 -0.808844
    outer loop
      vertex -2.45299 2.26896 -11.9399
      vertex -9.23557 14.2331 -4.79186
      vertex -8.9597 14.2476 -4.98164
    endloop
  endfacet
  facet normal -0.564952 0.162986 -0.808867
    outer loop
      vertex -9.23557 14.2331 -4.79186
      vertex -2.45299 2.26896 -11.9399
      vertex -9.38337 14.2727 -4.68065
    endloop
  endfacet
  facet normal -0.564912 0.163021 -0.808888
    outer loop
      vertex -10.4491 16.335 -3.52076
      vertex -11.936 19.4027 -1.86408
      vertex -10.2986 16.5667 -3.57917
    endloop
  endfacet
  facet normal -0.564959 0.162971 -0.808865
    outer loop
      vertex -12.4397 19.5664 -1.47934
      vertex -10.4491 16.335 -3.52076
      vertex -10.4887 16.1872 -3.52288
    endloop
  endfacet
  facet normal -0.564875 0.16305 -0.808907
    outer loop
      vertex -10.4491 16.335 -3.52076
      vertex -12.4397 19.5664 -1.47934
      vertex -11.936 19.4027 -1.86408
    endloop
  endfacet
  facet normal -0.127039 0.802488 -0.582987
    outer loop
      vertex -11.0327 20.5886 -1.47934
      vertex -11.6088 20.8821 -0.949796
      vertex -11.0327 20.9733 -0.949796
    endloop
  endfacet
  facet normal 0.420854 0.420885 -0.803578
    outer loop
      vertex 19.3773 0.869534 -3.51401
      vertex 22.935 1.19681 -1.47934
      vertex 23.2623 0.869534 -1.47934
    endloop
  endfacet
  facet normal 0.42075 0.42123 -0.803452
    outer loop
      vertex 19.3711 0.881678 -3.51089
      vertex 22.935 1.19681 -1.47934
      vertex 19.3773 0.869534 -3.51401
    endloop
  endfacet
  facet normal 0.420839 0.42093 -0.803562
    outer loop
      vertex 22.935 1.19681 -1.47934
      vertex 19.3711 0.881678 -3.51089
      vertex 19.0559 1.19681 -3.51089
    endloop
  endfacet
  facet normal 0.420947 0.420465 -0.803749
    outer loop
      vertex 3.28892 0.869534 -11.9399
      vertex 16.944 0.881678 -4.78199
      vertex 16.9378 0.869534 -4.79159
    endloop
  endfacet
  facet normal 0.42088 0.420772 -0.803624
    outer loop
      vertex 3.28892 0.869534 -11.9399
      vertex 17.2592 1.19681 -4.45191
      vertex 16.944 0.881678 -4.78199
    endloop
  endfacet
  facet normal 0.420859 0.420864 -0.803587
    outer loop
      vertex 17.2592 1.19681 -4.45191
      vertex 3.28892 0.869534 -11.9399
      vertex 2.96164 1.19681 -11.9399
    endloop
  endfacet
  facet normal 0.940442 -0.148901 0.30561
    outer loop
      vertex 24.1318 0 0.327277
      vertex 23.8383 -0.576032 0.949796
      vertex 24.0307 -0.638536 0.327277
    endloop
  endfacet
  facet normal 0.848362 -0.432305 0.305606
    outer loop
      vertex 23.8383 -0.576032 0.949796
      vertex 23.5735 -1.09568 0.949796
      vertex 24.0307 -0.638536 0.327277
    endloop
  endfacet
  facet normal 0.142655 -0.57119 0.808327
    outer loop
      vertex -8.92198 -17.2167 3.51904
      vertex -10.5756 -20.5162 1.47934
      vertex -8.62462 -17.137 3.52288
    endloop
  endfacet
  facet normal 0.142692 -0.571217 0.808301
    outer loop
      vertex -10.7392 -20.0125 1.86408
      vertex -8.92198 -17.2167 3.51904
      vertex -9.11906 -17.2064 3.56111
    endloop
  endfacet
  facet normal 0.14254 -0.571158 0.808369
    outer loop
      vertex -8.92198 -17.2167 3.51904
      vertex -10.7392 -20.0125 1.86408
      vertex -10.5756 -20.5162 1.47934
    endloop
  endfacet
  facet normal 0.142564 -0.571161 0.808363
    outer loop
      vertex -7.81594 -14.9493 4.92606
      vertex -0.588911 -3.21875 11.9399
      vertex -0.752549 -2.71513 12.3246
    endloop
  endfacet
  facet normal 0.142517 -0.571147 0.808381
    outer loop
      vertex -0.588911 -3.21875 11.9399
      vertex -7.70846 -15.1148 4.79014
      vertex -7.62878 -15.4122 4.56597
    endloop
  endfacet
  facet normal 0.142664 -0.571198 0.808319
    outer loop
      vertex -0.588911 -3.21875 11.9399
      vertex -7.81594 -14.9493 4.92606
      vertex -7.70846 -15.1148 4.79014
    endloop
  endfacet
  facet normal 0.368931 -0.723821 0.583073
    outer loop
      vertex -10.1632 -20.306 1.47934
      vertex -10.5756 -20.5162 1.47934
      vertex -9.93704 -20.6173 0.949796
    endloop
  endfacet
  facet normal 0.361524 -0.626375 0.690619
    outer loop
      vertex -7.61155 -16.0368 4.01573
      vertex -0.176517 -3.00863 11.9399
      vertex -7.60289 -15.8715 4.16112
    endloop
  endfacet
  facet normal 0.36165 -0.626396 0.690534
    outer loop
      vertex -0.176517 -3.00863 11.9399
      vertex -7.61155 -16.0368 4.01573
      vertex 22.935 -1.19681 1.47934
    endloop
  endfacet
  facet normal 0.361664 -0.626432 0.690494
    outer loop
      vertex -7.77974 -16.4749 3.70637
      vertex 22.935 -1.19681 1.47934
      vertex -7.61155 -16.0368 4.01573
    endloop
  endfacet
  facet normal 0.361601 -0.626391 0.690564
    outer loop
      vertex -10.1632 -20.306 1.47934
      vertex -7.77974 -16.4749 3.70637
      vertex -8.07508 -16.8396 3.53021
    endloop
  endfacet
  facet normal 0.361916 -0.626451 0.690344
    outer loop
      vertex -10.1632 -20.306 1.47934
      vertex -8.07508 -16.8396 3.53021
      vertex -8.21389 -16.9298 3.52113
    endloop
  endfacet
  facet normal 0.361652 -0.626402 0.690527
    outer loop
      vertex -7.77974 -16.4749 3.70637
      vertex -10.1632 -20.306 1.47934
      vertex 22.935 -1.19681 1.47934
    endloop
  endfacet
  facet normal 0.891009 -0.453986 0
    outer loop
      vertex 23.7372 -1.21457 0.327277
      vertex 24.0307 -0.638536 -0.327277
      vertex 24.0307 -0.638536 0.327277
    endloop
  endfacet
  facet normal 0.891009 -0.453986 0
    outer loop
      vertex 24.0307 -0.638536 -0.327277
      vertex 23.7372 -1.21457 0.327277
      vertex 23.7372 -1.21457 -0.327277
    endloop
  endfacet
  facet normal 0.462714 -0.0731506 0.883485
    outer loop
      vertex 19.6576 0 3.62258
      vertex 22.9688 -0.293503 1.86408
      vertex 23.0152 0 1.86408
    endloop
  endfacet
  facet normal 0.462698 -0.0733057 0.88348
    outer loop
      vertex 22.9688 -0.293503 1.86408
      vertex 19.6576 0 3.62258
      vertex 19.6111 -0.293503 3.62258
    endloop
  endfacet
  facet normal 0.462693 -0.0734442 0.883471
    outer loop
      vertex 3.0419 0 12.3246
      vertex 16.704 -0.293503 5.14506
      vertex 16.6576 0 5.19376
    endloop
  endfacet
  facet normal 0.462701 -0.0732905 0.88348
    outer loop
      vertex 16.704 -0.293503 5.14506
      vertex 3.0419 0 12.3246
      vertex 2.99541 -0.293503 12.3246
    endloop
  endfacet
  facet normal 0.475784 -0.824082 -0.307438
    outer loop
      vertex 23.1611 -1.50807 -0.949796
      vertex -9.81815 -20.7809 -0.327277
      vertex -9.93704 -20.6173 -0.949796
    endloop
  endfacet
  facet normal 0.475775 -0.824067 -0.307493
    outer loop
      vertex -9.81815 -20.7809 -0.327277
      vertex 23.1611 -1.50807 -0.949796
      vertex 23.28 -1.67171 -0.327277
    endloop
  endfacet
  facet normal 0.70706 -0.707153 0
    outer loop
      vertex 23.28 -1.67171 0.327277
      vertex 23.7372 -1.21457 -0.327277
      vertex 23.7372 -1.21457 0.327277
    endloop
  endfacet
  facet normal 0.70706 -0.707153 0
    outer loop
      vertex 23.7372 -1.21457 -0.327277
      vertex 23.28 -1.67171 0.327277
      vertex 23.28 -1.67171 -0.327277
    endloop
  endfacet
  facet normal 0.220988 -0.220993 -0.949909
    outer loop
      vertex 2.42699 -0.460936 -12.4481
      vertex 2.86051 -0.558275 -12.3246
      vertex 2.65038 -0.7684 -12.3246
    endloop
  endfacet
  facet normal 0.221002 -0.220941 -0.949918
    outer loop
      vertex 2.86051 -0.558275 -12.3246
      vertex 2.42699 -0.460936 -12.4481
      vertex 2.45791 -0.26577 -12.4863
    endloop
  endfacet
  facet normal 0.0488773 -0.308639 -0.949923
    outer loop
      vertex -1.04605 -2.76161 -12.3246
      vertex -0.879994 -2.32289 -12.4586
      vertex -0.752549 -2.71513 -12.3246
    endloop
  endfacet
  facet normal 0.0489559 -0.308665 -0.94991
    outer loop
      vertex -0.879994 -2.32289 -12.4586
      vertex -1.04605 -2.76161 -12.3246
      vertex -0.969355 -2.27736 -12.478
    endloop
  endfacet
  facet normal 0.422084 -0.415119 -0.805928
    outer loop
      vertex 19.3773 -0.869534 -3.51401
      vertex 22.8338 -0.558275 -1.86408
      vertex 23.2623 -0.869534 -1.47934
    endloop
  endfacet
  facet normal 0.422071 -0.415227 -0.80588
    outer loop
      vertex 22.8338 -0.558275 -1.86408
      vertex 19.3773 -0.869534 -3.51401
      vertex 19.5359 -0.558275 -3.59132
    endloop
  endfacet
  facet normal 0.422068 -0.41521 -0.80589
    outer loop
      vertex 3.28892 -0.869534 -11.9399
      vertex 16.7792 -0.558275 -5.03502
      vertex 16.9378 -0.869534 -4.79159
    endloop
  endfacet
  facet normal 0.422082 -0.415133 -0.805922
    outer loop
      vertex 16.7792 -0.558275 -5.03502
      vertex 3.28892 -0.869534 -11.9399
      vertex 2.86051 -0.558275 -12.3246
    endloop
  endfacet
  facet normal -0.36894 -0.723838 -0.583045
    outer loop
      vertex -11.4899 -20.5162 -1.47934
      vertex -12.1284 -20.6173 -0.949796
      vertex -11.9023 -20.306 -1.47934
    endloop
  endfacet
  facet normal -0.269059 -0.527878 -0.805576
    outer loop
      vertex -11.4899 -20.5162 -1.47934
      vertex -11.9023 -20.306 -1.47934
      vertex -11.3262 -20.0125 -1.86408
    endloop
  endfacet
  facet normal -0.631808 -0.10005 -0.76864
    outer loop
      vertex -12.5121 -19.1092 -1.47934
      vertex -10.4887 -16.1872 -3.52288
      vertex -12.4397 -19.5664 -1.47934
    endloop
  endfacet
  facet normal -0.631749 -0.100119 -0.76868
    outer loop
      vertex -10.4887 -16.1872 -3.52288
      vertex -12.5121 -19.1092 -1.47934
      vertex -10.5706 -15.8817 -3.49536
    endloop
  endfacet
  facet normal -0.631818 -0.100048 -0.768633
    outer loop
      vertex -10.5706 -15.8817 -3.49536
      vertex -12.5121 -19.1092 -1.47934
      vertex -10.5628 -15.7329 -3.52114
    endloop
  endfacet
  facet normal -0.631779 -0.100087 -0.76866
    outer loop
      vertex -9.68888 -14.3546 -4.41888
      vertex -2.45299 -2.26896 -11.9399
      vertex -9.38337 -14.2727 -4.68065
    endloop
  endfacet
  facet normal -0.631803 -0.100062 -0.768643
    outer loop
      vertex -2.45299 -2.26896 -11.9399
      vertex -9.68888 -14.3546 -4.41888
      vertex -2.52539 -1.81182 -11.9399
    endloop
  endfacet
  facet normal -0.631875 -0.0999916 -0.768593
    outer loop
      vertex -2.52539 -1.81182 -11.9399
      vertex -9.68888 -14.3546 -4.41888
      vertex -9.8138 -14.4357 -4.30563
    endloop
  endfacet
  facet normal -0.418987 -0.418987 0.805543
    outer loop
      vertex -11.8011 -19.6675 1.86408
      vertex -11.9023 -20.306 1.47934
      vertex -11.591 -19.8776 1.86408
    endloop
  endfacet
  facet normal -0.418987 -0.418987 0.805543
    outer loop
      vertex -11.9023 -20.306 1.47934
      vertex -11.8011 -19.6675 1.86408
      vertex -12.2295 -19.9788 1.47934
    endloop
  endfacet
  facet normal -0.268977 -0.527984 0.805533
    outer loop
      vertex -11.591 -19.8776 1.86408
      vertex -11.9023 -20.306 1.47934
      vertex -11.3262 -20.0125 1.86408
    endloop
  endfacet
  facet normal -0.585222 -0.0926851 0.805559
    outer loop
      vertex -1.99585 -1.81182 12.3246
      vertex -2.52539 -1.81182 11.9399
      vertex -2.45299 -2.26896 11.9399
    endloop
  endfacet
  facet normal -0.587955 0 0.808893
    outer loop
      vertex -1.99585 1.81182 12.3246
      vertex -2.02254 1.46946 12.3052
      vertex -1.99585 1.49616 12.3246
    endloop
  endfacet
  facet normal -0.587752 -2.42454e-05 0.809041
    outer loop
      vertex -2.52539 1.81182 11.9399
      vertex -2.02254 1.46946 12.3052
      vertex -1.99585 1.81182 12.3246
    endloop
  endfacet
  facet normal -0.587707 -1.92688e-05 0.809074
    outer loop
      vertex -2.37764 0.772542 12.0472
      vertex -2.52539 1.81182 11.9399
      vertex -2.5 0 11.9583
    endloop
  endfacet
  facet normal -0.587754 -2.96008e-05 0.809039
    outer loop
      vertex -2.02254 1.46946 12.3052
      vertex -2.52539 1.81182 11.9399
      vertex -2.37764 0.772542 12.0472
    endloop
  endfacet
  facet normal -0.587955 0 0.808893
    outer loop
      vertex -2.02254 -1.46946 12.3052
      vertex -1.99585 -1.81182 12.3246
      vertex -1.99585 -1.49616 12.3246
    endloop
  endfacet
  facet normal -0.587754 2.96008e-05 0.809039
    outer loop
      vertex -2.52539 -1.81182 11.9399
      vertex -2.02254 -1.46946 12.3052
      vertex -2.37764 -0.772542 12.0472
    endloop
  endfacet
  facet normal -0.587752 2.42454e-05 0.809041
    outer loop
      vertex -2.02254 -1.46946 12.3052
      vertex -2.52539 -1.81182 11.9399
      vertex -1.99585 -1.81182 12.3246
    endloop
  endfacet
  facet normal -0.587707 1.92688e-05 0.809074
    outer loop
      vertex -2.5 0 11.9583
      vertex -2.52539 -1.81182 11.9399
      vertex -2.37764 -0.772542 12.0472
    endloop
  endfacet
  facet normal -0.586806 0 0.809728
    outer loop
      vertex -2.52539 -1.81182 11.9399
      vertex -2.5 0 11.9583
      vertex -2.52539 1.81182 11.9399
    endloop
  endfacet
  facet normal -0.14189 -0.278423 0.94992
    outer loop
      vertex -1.18937 -2.16526 12.5082
      vertex -1.33955 -2.71513 12.3246
      vertex -1.16494 -2.17771 12.5082
    endloop
  endfacet
  facet normal -0.141865 -0.27843 0.949922
    outer loop
      vertex -1.33955 -2.71513 12.3246
      vertex -1.18937 -2.16526 12.5082
      vertex -1.60433 -2.58022 12.3246
    endloop
  endfacet
  facet normal -0.585214 0.0926971 0.805563
    outer loop
      vertex -1.94936 2.10532 12.3246
      vertex -2.45299 2.26896 11.9399
      vertex -1.99585 1.81182 12.3246
    endloop
  endfacet
  facet normal -0.585222 0.0926851 0.805559
    outer loop
      vertex -2.45299 2.26896 11.9399
      vertex -2.52539 1.81182 11.9399
      vertex -1.99585 1.81182 12.3246
    endloop
  endfacet
  facet normal -0.0481727 -0.30886 0.949887
    outer loop
      vertex -1.33955 -2.71513 12.3246
      vertex -1.13621 -2.19234 12.5049
      vertex -1.16494 -2.17771 12.5082
    endloop
  endfacet
  facet normal -0.0488721 -0.308605 0.949934
    outer loop
      vertex -1.13621 -2.19234 12.5049
      vertex -1.33955 -2.71513 12.3246
      vertex -1.04605 -2.76161 12.3246
    endloop
  endfacet
  facet normal -0.0771989 -0.482925 0.872252
    outer loop
      vertex -9.39064 -17.1921 3.59668
      vertex -11.0327 -20.059 1.86408
      vertex -9.3779 -17.1928 3.59742
    endloop
  endfacet
  facet normal -0.0765067 -0.48325 0.872133
    outer loop
      vertex -9.64212 -17.0956 3.62809
      vertex -11.0327 -20.059 1.86408
      vertex -9.39064 -17.1921 3.59668
    endloop
  endfacet
  facet normal -0.0765593 -0.483229 0.87214
    outer loop
      vertex -11.0327 -20.059 1.86408
      vertex -9.64212 -17.0956 3.62809
      vertex -11.3262 -20.0125 1.86408
    endloop
  endfacet
  facet normal -0.0765277 -0.483238 0.872138
    outer loop
      vertex -7.96406 -14.7212 5.09095
      vertex -1.04605 -2.76161 12.3246
      vertex -1.33955 -2.71513 12.3246
    endloop
  endfacet
  facet normal -0.0764503 -0.483274 0.872125
    outer loop
      vertex -1.04605 -2.76161 12.3246
      vertex -7.96406 -14.7212 5.09095
      vertex -7.95711 -14.7319 5.08563
    endloop
  endfacet
  facet normal -0.0764932 -0.483253 0.872133
    outer loop
      vertex -7.96406 -14.7212 5.09095
      vertex -1.33955 -2.71513 12.3246
      vertex -8.1734 -14.5517 5.16651
    endloop
  endfacet
  facet normal 0.585321 0.0925336 0.805504
    outer loop
      vertex 23.4724 0.457141 1.47934
      vertex 22.9688 0.293503 1.86408
      vertex 23.0152 0 1.86408
    endloop
  endfacet
  facet normal 0.527995 0.268995 0.80552
    outer loop
      vertex 23.2623 0.869534 1.47934
      vertex 22.9688 0.293503 1.86408
      vertex 23.4724 0.457141 1.47934
    endloop
  endfacet
  facet normal 0.422071 -0.415227 0.80588
    outer loop
      vertex 19.3773 -0.869534 3.51401
      vertex 22.8338 -0.558275 1.86408
      vertex 19.5359 -0.558275 3.59132
    endloop
  endfacet
  facet normal 0.422084 -0.415119 0.805928
    outer loop
      vertex 22.8338 -0.558275 1.86408
      vertex 19.3773 -0.869534 3.51401
      vertex 23.2623 -0.869534 1.47934
    endloop
  endfacet
  facet normal 0.422068 -0.41521 0.80589
    outer loop
      vertex 16.7792 -0.558275 5.03502
      vertex 3.28892 -0.869534 11.9399
      vertex 16.9378 -0.869534 4.79159
    endloop
  endfacet
  facet normal 0.422082 -0.415133 0.805922
    outer loop
      vertex 3.28892 -0.869534 11.9399
      vertex 16.7792 -0.558275 5.03502
      vertex 2.86051 -0.558275 12.3246
    endloop
  endfacet
  facet normal 0.585218 0.0926843 0.805561
    outer loop
      vertex 23.4724 0.457141 1.47934
      vertex 23.0152 0 1.86408
      vertex 23.5448 0 1.47934
    endloop
  endfacet
  facet normal 0.84837 -0.43226 0.305645
    outer loop
      vertex 24.0307 -0.638536 0.327277
      vertex 23.5735 -1.09568 0.949796
      vertex 23.7372 -1.21457 0.327277
    endloop
  endfacet
  facet normal 0.527995 -0.268995 0.80552
    outer loop
      vertex 23.4724 -0.457141 1.47934
      vertex 22.9688 -0.293503 1.86408
      vertex 23.2623 -0.869534 1.47934
    endloop
  endfacet
  facet normal 0.308691 -0.0488957 0.949905
    outer loop
      vertex 2.48606 -0.0880363 12.5007
      vertex 2.99541 -0.293503 12.3246
      vertex 3.0419 0 12.3246
    endloop
  endfacet
  facet normal 0.308693 -0.048891 0.949904
    outer loop
      vertex 2.99541 -0.293503 12.3246
      vertex 2.48606 -0.0880363 12.5007
      vertex 2.48004 -0.126046 12.5007
    endloop
  endfacet
  facet normal 0.27834 -0.142024 0.949924
    outer loop
      vertex 2.47296 -0.170728 12.4961
      vertex 2.45791 -0.26577 12.4863
      vertex 2.86051 -0.558275 12.3246
    endloop
  endfacet
  facet normal 0.278466 -0.141916 0.949903
    outer loop
      vertex 2.47296 -0.170728 12.4961
      vertex 2.99541 -0.293503 12.3246
      vertex 2.48004 -0.126046 12.5007
    endloop
  endfacet
  facet normal 0.278475 -0.141882 0.949906
    outer loop
      vertex 2.99541 -0.293503 12.3246
      vertex 2.47296 -0.170728 12.4961
      vertex 2.86051 -0.558275 12.3246
    endloop
  endfacet
  facet normal 0.221002 0.220941 -0.949918
    outer loop
      vertex 2.42699 0.460936 -12.4481
      vertex 2.86051 0.558275 -12.3246
      vertex 2.45791 0.26577 -12.4863
    endloop
  endfacet
  facet normal 0.220988 0.220993 -0.949909
    outer loop
      vertex 2.86051 0.558275 -12.3246
      vertex 2.42699 0.460936 -12.4481
      vertex 2.65038 0.7684 -12.3246
    endloop
  endfacet
  facet normal 0.156542 0.987671 -0
    outer loop
      vertex -10.3942 21.0744 -0.327277
      vertex -11.0327 21.1756 0.327277
      vertex -10.3942 21.0744 0.327277
    endloop
  endfacet
  facet normal 0.156542 0.987671 0
    outer loop
      vertex -11.0327 21.1756 0.327277
      vertex -10.3942 21.0744 -0.327277
      vertex -11.0327 21.1756 -0.327277
    endloop
  endfacet
  facet normal -0.527878 0.269059 -0.805576
    outer loop
      vertex -11.936 19.4027 -1.86408
      vertex -12.4397 19.5664 -1.47934
      vertex -12.2295 19.9788 -1.47934
    endloop
  endfacet
  facet normal -0.454007 0.890998 0
    outer loop
      vertex -11.6713 21.0744 -0.327277
      vertex -12.2473 20.7809 0.327277
      vertex -11.6713 21.0744 0.327277
    endloop
  endfacet
  facet normal -0.454007 0.890998 0
    outer loop
      vertex -12.2473 20.7809 0.327277
      vertex -11.6713 21.0744 -0.327277
      vertex -12.2473 20.7809 -0.327277
    endloop
  endfacet
  facet normal 0.475775 0.824067 -0.307493
    outer loop
      vertex 23.1611 1.50807 -0.949796
      vertex -9.81815 20.7809 -0.327277
      vertex 23.28 1.67171 -0.327277
    endloop
  endfacet
  facet normal 0.475784 0.824082 -0.307438
    outer loop
      vertex -9.81815 20.7809 -0.327277
      vertex 23.1611 1.50807 -0.949796
      vertex -9.93704 20.6173 -0.949796
    endloop
  endfacet
  facet normal -0.148878 0.940444 -0.305616
    outer loop
      vertex -11.0327 20.9733 -0.949796
      vertex -11.6088 20.8821 -0.949796
      vertex -11.0327 21.1756 -0.327277
    endloop
  endfacet
  facet normal -0.36894 0.723838 -0.583045
    outer loop
      vertex -11.9023 20.306 -1.47934
      vertex -12.1284 20.6173 -0.949796
      vertex -11.4899 20.5162 -1.47934
    endloop
  endfacet
  facet normal -0.268977 0.527984 -0.805533
    outer loop
      vertex -11.591 19.8776 -1.86408
      vertex -11.9023 20.306 -1.47934
      vertex -11.3262 20.0125 -1.86408
    endloop
  endfacet
  facet normal 0.475784 -0.824082 0.307438
    outer loop
      vertex -9.81815 -20.7809 0.327277
      vertex 23.1611 -1.50807 0.949796
      vertex -9.93704 -20.6173 0.949796
    endloop
  endfacet
  facet normal 0.475775 -0.824067 0.307493
    outer loop
      vertex 23.1611 -1.50807 0.949796
      vertex -9.81815 -20.7809 0.327277
      vertex 23.28 -1.67171 0.327277
    endloop
  endfacet
  facet normal 0.405257 -0.701928 0.585717
    outer loop
      vertex -9.93704 -20.6173 0.949796
      vertex 22.935 -1.19681 1.47934
      vertex -10.1632 -20.306 1.47934
    endloop
  endfacet
  facet normal 0.405281 -0.701968 0.585652
    outer loop
      vertex 22.935 -1.19681 1.47934
      vertex -9.93704 -20.6173 0.949796
      vertex 23.1611 -1.50807 0.949796
    endloop
  endfacet
  facet normal 0.308689 -0.048879 -0.949906
    outer loop
      vertex 3.0419 0 -12.3246
      vertex 2.48606 -0.0880363 -12.5007
      vertex 2.5 0 -12.5007
    endloop
  endfacet
  facet normal -0.0488721 -0.308605 -0.949934
    outer loop
      vertex -1.33955 -2.71513 -12.3246
      vertex -1.13621 -2.19234 -12.5049
      vertex -1.04605 -2.76161 -12.3246
    endloop
  endfacet
  facet normal -0.0481727 -0.30886 -0.949887
    outer loop
      vertex -1.13621 -2.19234 -12.5049
      vertex -1.33955 -2.71513 -12.3246
      vertex -1.16494 -2.17771 -12.5082
    endloop
  endfacet
  facet normal 0.268992 -0.527939 -0.805558
    outer loop
      vertex -0.588911 -3.21875 -11.9399
      vertex -0.752549 -2.71513 -12.3246
      vertex -0.176517 -3.00863 -11.9399
    endloop
  endfacet
  facet normal 0.294932 -0.510834 -0.807505
    outer loop
      vertex 2.96164 -1.19681 -11.9399
      vertex 2.26696 -0.989769 -12.3246
      vertex 2.65038 -0.7684 -12.3246
    endloop
  endfacet
  facet normal 0.294923 -0.510851 -0.807497
    outer loop
      vertex 2.96164 -1.19681 -11.9399
      vertex 2.02254 -1.46946 -12.1104
      vertex 2.26696 -0.989769 -12.3246
    endloop
  endfacet
  facet normal 0.294924 -0.510857 -0.807493
    outer loop
      vertex 2.96164 -1.19681 -11.9399
      vertex 1.46946 -2.02254 -11.9625
      vertex 2.02254 -1.46946 -12.1104
    endloop
  endfacet
  facet normal 0.294622 -0.510299 -0.807956
    outer loop
      vertex -0.176517 -3.00863 -11.9399
      vertex 1.46946 -2.02254 -11.9625
      vertex 2.96164 -1.19681 -11.9399
    endloop
  endfacet
  facet normal 0.294862 -0.510691 -0.807621
    outer loop
      vertex -0.176517 -3.00863 -11.9399
      vertex 0.772542 -2.37764 -11.9924
      vertex 1.46946 -2.02254 -11.9625
    endloop
  endfacet
  facet normal 0.294973 -0.510848 -0.807481
    outer loop
      vertex -0.176517 -3.00863 -11.9399
      vertex 0 -2.5 -12.1972
      vertex 0.772542 -2.37764 -11.9924
    endloop
  endfacet
  facet normal 0.294902 -0.510839 -0.807512
    outer loop
      vertex -0.176517 -3.00863 -11.9399
      vertex -0.273742 -2.45664 -12.3246
      vertex 0 -2.5 -12.1972
    endloop
  endfacet
  facet normal 0.294942 -0.510827 -0.807505
    outer loop
      vertex -0.273742 -2.45664 -12.3246
      vertex -0.176517 -3.00863 -11.9399
      vertex -0.487777 -2.58022 -12.3246
    endloop
  endfacet
  facet normal -0.14189 -0.278423 -0.94992
    outer loop
      vertex -1.33955 -2.71513 -12.3246
      vertex -1.18937 -2.16526 -12.5082
      vertex -1.16494 -2.17771 -12.5082
    endloop
  endfacet
  facet normal -0.141865 -0.27843 -0.949922
    outer loop
      vertex -1.18937 -2.16526 -12.5082
      vertex -1.33955 -2.71513 -12.3246
      vertex -1.60433 -2.58022 -12.3246
    endloop
  endfacet
  facet normal -0.210951 -0.413778 0.8856
    outer loop
      vertex -9.82877 -17.0239 3.61713
      vertex -11.3262 -20.0125 1.86408
      vertex -9.64212 -17.0956 3.62809
    endloop
  endfacet
  facet normal -0.210644 -0.413949 0.885593
    outer loop
      vertex -11.591 -19.8776 1.86408
      vertex -9.82877 -17.0239 3.61713
      vertex -9.90689 -16.9607 3.62809
    endloop
  endfacet
  facet normal -0.210827 -0.41384 0.8856
    outer loop
      vertex -9.82877 -17.0239 3.61713
      vertex -11.591 -19.8776 1.86408
      vertex -11.3262 -20.0125 1.86408
    endloop
  endfacet
  facet normal -0.210851 -0.413826 0.885601
    outer loop
      vertex -8.32877 -14.4259 5.18831
      vertex -1.33955 -2.71513 12.3246
      vertex -1.60433 -2.58022 12.3246
    endloop
  endfacet
  facet normal -0.210822 -0.413843 0.8856
    outer loop
      vertex -1.33955 -2.71513 12.3246
      vertex -8.32877 -14.4259 5.18831
      vertex -8.1734 -14.5517 5.16651
    endloop
  endfacet
  facet normal -0.211118 -0.413678 0.885607
    outer loop
      vertex -8.32877 -14.4259 5.18831
      vertex -1.60433 -2.58022 12.3246
      vertex -8.42262 -14.3898 5.1828
    endloop
  endfacet
  facet normal -0.337086 -0.337008 0.87909
    outer loop
      vertex -11.8011 -19.6675 1.86408
      vertex -9.90689 -16.9607 3.62809
      vertex -10.1327 -16.7778 3.61162
    endloop
  endfacet
  facet normal -0.337041 -0.337041 0.879094
    outer loop
      vertex -9.90689 -16.9607 3.62809
      vertex -11.8011 -19.6675 1.86408
      vertex -11.591 -19.8776 1.86408
    endloop
  endfacet
  facet normal -0.337048 -0.337032 0.879095
    outer loop
      vertex -8.69393 -14.2857 5.11871
      vertex -1.60433 -2.58022 12.3246
      vertex -1.81445 -2.37009 12.3246
    endloop
  endfacet
  facet normal -0.336996 -0.337068 0.879101
    outer loop
      vertex -1.60433 -2.58022 12.3246
      vertex -8.69393 -14.2857 5.11871
      vertex -8.42262 -14.3898 5.1828
    endloop
  endfacet
  facet normal -0.585214 -0.0926971 0.805563
    outer loop
      vertex -1.99585 -1.81182 12.3246
      vertex -2.45299 -2.26896 11.9399
      vertex -1.94936 -2.10532 12.3246
    endloop
  endfacet
  facet normal -0.723374 -8.83468e-05 0.690457
    outer loop
      vertex -12.5121 19.1092 1.47934
      vertex -10.546 15.413 3.5387
      vertex -10.5628 15.7329 3.52114
    endloop
  endfacet
  facet normal -0.723388 -0.000104226 0.690442
    outer loop
      vertex -12.5121 19.1092 1.47934
      vertex -10.3778 14.9749 3.71486
      vertex -10.546 15.413 3.5387
    endloop
  endfacet
  facet normal -0.723221 9.67064e-05 0.690617
    outer loop
      vertex -10.0825 14.6102 4.02422
      vertex -2.52539 1.81182 11.9399
      vertex -9.8138 14.4357 4.30563
    endloop
  endfacet
  facet normal -0.723353 0 0.690478
    outer loop
      vertex -10.0825 -14.6102 4.02422
      vertex -10.0825 14.6102 4.02422
      vertex -10.3778 14.9749 3.71486
    endloop
  endfacet
  facet normal -0.723299 0 0.690535
    outer loop
      vertex -10.0825 14.6102 4.02422
      vertex -2.52539 -1.81182 11.9399
      vertex -2.52539 1.81182 11.9399
    endloop
  endfacet
  facet normal -0.723292 0 0.690543
    outer loop
      vertex -10.3778 -14.9749 3.71486
      vertex -10.3778 14.9749 3.71486
      vertex -12.5121 19.1092 1.47934
    endloop
  endfacet
  facet normal -0.723299 0 0.690535
    outer loop
      vertex -10.0825 14.6102 4.02422
      vertex -10.0825 -14.6102 4.02422
      vertex -2.52539 -1.81182 11.9399
    endloop
  endfacet
  facet normal -0.723221 -9.67064e-05 0.690617
    outer loop
      vertex -2.52539 -1.81182 11.9399
      vertex -10.0825 -14.6102 4.02422
      vertex -9.8138 -14.4357 4.30563
    endloop
  endfacet
  facet normal -0.723353 0 0.690478
    outer loop
      vertex -10.3778 14.9749 3.71486
      vertex -10.3778 -14.9749 3.71486
      vertex -10.0825 -14.6102 4.02422
    endloop
  endfacet
  facet normal -0.723292 0 0.690543
    outer loop
      vertex -12.5121 -19.1092 1.47934
      vertex -10.3778 -14.9749 3.71486
      vertex -12.5121 19.1092 1.47934
    endloop
  endfacet
  facet normal -0.723388 0.000104226 0.690442
    outer loop
      vertex -10.3778 -14.9749 3.71486
      vertex -12.5121 -19.1092 1.47934
      vertex -10.546 -15.413 3.5387
    endloop
  endfacet
  facet normal -0.723374 8.83468e-05 0.690457
    outer loop
      vertex -10.546 -15.413 3.5387
      vertex -12.5121 -19.1092 1.47934
      vertex -10.5628 -15.7329 3.52114
    endloop
  endfacet
  facet normal -0.631803 -0.100062 0.768643
    outer loop
      vertex -9.68888 -14.3546 4.41888
      vertex -2.45299 -2.26896 11.9399
      vertex -2.52539 -1.81182 11.9399
    endloop
  endfacet
  facet normal -0.631779 -0.100087 0.76866
    outer loop
      vertex -2.45299 -2.26896 11.9399
      vertex -9.68888 -14.3546 4.41888
      vertex -9.38337 -14.2727 4.68065
    endloop
  endfacet
  facet normal -0.631875 -0.0999916 0.768593
    outer loop
      vertex -9.68888 -14.3546 4.41888
      vertex -2.52539 -1.81182 11.9399
      vertex -9.8138 -14.4357 4.30563
    endloop
  endfacet
  facet normal -0.631818 -0.100048 0.768633
    outer loop
      vertex -12.5121 -19.1092 1.47934
      vertex -10.5706 -15.8817 3.49536
      vertex -10.5628 -15.7329 3.52114
    endloop
  endfacet
  facet normal -0.631815 -0.100051 0.768635
    outer loop
      vertex -10.5706 -15.8817 3.49536
      vertex -12.5121 -19.1092 1.47934
      vertex -12.4397 -19.5664 1.47934
    endloop
  endfacet
  facet normal -0.631742 -0.100116 0.768686
    outer loop
      vertex -10.4887 -16.1872 3.52288
      vertex -10.5706 -15.8817 3.49536
      vertex -12.4397 -19.5664 1.47934
    endloop
  endfacet
  facet normal -0.278083 -0.14226 0.949964
    outer loop
      vertex -1.46777 -2.02341 12.478
      vertex -1.81445 -2.37009 12.3246
      vertex -1.39107 -2.06249 12.4946
    endloop
  endfacet
  facet normal 0.418968 -0.418973 0.80556
    outer loop
      vertex 2.86051 -0.558275 12.3246
      vertex 2.96164 -1.19681 11.9399
      vertex 3.28892 -0.869534 11.9399
    endloop
  endfacet
  facet normal 0.418964 -0.418974 0.805562
    outer loop
      vertex 2.96164 -1.19681 11.9399
      vertex 2.86051 -0.558275 12.3246
      vertex 2.65038 -0.7684 12.3246
    endloop
  endfacet
  facet normal 0.278475 0.141882 0.949906
    outer loop
      vertex 2.47296 0.170728 12.4961
      vertex 2.99541 0.293503 12.3246
      vertex 2.86051 0.558275 12.3246
    endloop
  endfacet
  facet normal 0.278466 0.141916 0.949903
    outer loop
      vertex 2.99541 0.293503 12.3246
      vertex 2.47296 0.170728 12.4961
      vertex 2.48004 0.126046 12.5007
    endloop
  endfacet
  facet normal 0.308691 0.0488957 0.949905
    outer loop
      vertex 2.99541 0.293503 12.3246
      vertex 2.48606 0.0880363 12.5007
      vertex 3.0419 0 12.3246
    endloop
  endfacet
  facet normal 0.308693 0.048891 0.949904
    outer loop
      vertex 2.48606 0.0880363 12.5007
      vertex 2.99541 0.293503 12.3246
      vertex 2.48004 0.126046 12.5007
    endloop
  endfacet
  facet normal 0.987697 -0.156383 0
    outer loop
      vertex 24.0307 -0.638536 0.327277
      vertex 24.1318 0 -0.327277
      vertex 24.1318 0 0.327277
    endloop
  endfacet
  facet normal 0.987697 -0.156383 0
    outer loop
      vertex 24.1318 0 -0.327277
      vertex 24.0307 -0.638536 0.327277
      vertex 24.0307 -0.638536 -0.327277
    endloop
  endfacet
  facet normal 0.940441 0.148895 0.305615
    outer loop
      vertex 24.1318 0 0.327277
      vertex 23.8383 0.576032 0.949796
      vertex 23.9295 0 0.949796
    endloop
  endfacet
  facet normal 0.802487 -0.127053 0.582986
    outer loop
      vertex 23.9295 0 0.949796
      vertex 23.5448 0 1.47934
      vertex 23.8383 -0.576032 0.949796
    endloop
  endfacet
  facet normal -0.221157 -0.220812 0.949911
    outer loop
      vertex -1.39107 -2.06249 12.4946
      vertex -1.60433 -2.58022 12.3246
      vertex -1.27218 -2.12306 12.5082
    endloop
  endfacet
  facet normal -0.220927 -0.220916 0.949941
    outer loop
      vertex -1.60433 -2.58022 12.3246
      vertex -1.39107 -2.06249 12.4946
      vertex -1.81445 -2.37009 12.3246
    endloop
  endfacet
  facet normal 0.308689 -0.048879 0.949906
    outer loop
      vertex 2.5 0 12.5007
      vertex 2.48606 -0.0880363 12.5007
      vertex 3.0419 0 12.3246
    endloop
  endfacet
  facet normal 0.141888 -0.278467 0.949907
    outer loop
      vertex -0.674885 -2.39311 12.4074
      vertex -0.752549 -2.71513 12.3246
      vertex -0.487777 -2.58022 12.3246
    endloop
  endfacet
  facet normal 0.141687 -0.278429 0.949948
    outer loop
      vertex -0.772542 -2.37764 12.4265
      vertex -0.752549 -2.71513 12.3246
      vertex -0.674885 -2.39311 12.4074
    endloop
  endfacet
  facet normal 0.141921 -0.278407 0.94992
    outer loop
      vertex -0.752549 -2.71513 12.3246
      vertex -0.772542 -2.37764 12.4265
      vertex -0.879994 -2.32289 12.4586
    endloop
  endfacet
  facet normal 0.268998 -0.527931 0.805561
    outer loop
      vertex -0.487777 -2.58022 12.3246
      vertex -0.752549 -2.71513 12.3246
      vertex -0.176517 -3.00863 11.9399
    endloop
  endfacet
  facet normal 0.723958 -0.368832 0.582965
    outer loop
      vertex 23.4724 -0.457141 1.47934
      vertex 23.2623 -0.869534 1.47934
      vertex 23.5735 -1.09568 0.949796
    endloop
  endfacet
  facet normal 0.802462 -0.12709 0.583012
    outer loop
      vertex 23.5448 0 1.47934
      vertex 23.4724 -0.457141 1.47934
      vertex 23.8383 -0.576032 0.949796
    endloop
  endfacet
  facet normal 0.585218 -0.0926843 0.805561
    outer loop
      vertex 23.5448 0 1.47934
      vertex 23.0152 0 1.86408
      vertex 23.4724 -0.457141 1.47934
    endloop
  endfacet
  facet normal 0.527827 -0.269125 0.805587
    outer loop
      vertex 22.9688 -0.293503 1.86408
      vertex 22.8338 -0.558275 1.86408
      vertex 23.2623 -0.869534 1.47934
    endloop
  endfacet
  facet normal 0.451526 -0.229855 0.862143
    outer loop
      vertex 2.99541 -0.293503 12.3246
      vertex 16.731 -0.463525 5.08559
      vertex 16.704 -0.293503 5.14506
    endloop
  endfacet
  facet normal 0.451504 -0.230039 0.862105
    outer loop
      vertex 2.86051 -0.558275 12.3246
      vertex 16.731 -0.463525 5.08559
      vertex 2.99541 -0.293503 12.3246
    endloop
  endfacet
  facet normal 0.451465 -0.230417 0.862025
    outer loop
      vertex 16.731 -0.463525 5.08559
      vertex 2.86051 -0.558275 12.3246
      vertex 16.7792 -0.558275 5.03502
    endloop
  endfacet
  facet normal 0.451486 -0.2302 0.862072
    outer loop
      vertex 19.6111 -0.293503 3.62258
      vertex 22.8338 -0.558275 1.86408
      vertex 22.9688 -0.293503 1.86408
    endloop
  endfacet
  facet normal 0.451486 -0.230197 0.862073
    outer loop
      vertex 19.5841 -0.463525 3.59132
      vertex 22.8338 -0.558275 1.86408
      vertex 19.6111 -0.293503 3.62258
    endloop
  endfacet
  facet normal 0.451552 -0.229708 0.862169
    outer loop
      vertex 22.8338 -0.558275 1.86408
      vertex 19.5841 -0.463525 3.59132
      vertex 19.5359 -0.558275 3.59132
    endloop
  endfacet
  facet normal 0.420854 -0.420885 0.803578
    outer loop
      vertex 19.3773 -0.869534 3.51401
      vertex 22.935 -1.19681 1.47934
      vertex 23.2623 -0.869534 1.47934
    endloop
  endfacet
  facet normal 0.42075 -0.42123 0.803452
    outer loop
      vertex 19.3711 -0.881678 3.51089
      vertex 22.935 -1.19681 1.47934
      vertex 19.3773 -0.869534 3.51401
    endloop
  endfacet
  facet normal 0.420839 -0.42093 0.803562
    outer loop
      vertex 22.935 -1.19681 1.47934
      vertex 19.3711 -0.881678 3.51089
      vertex 19.0559 -1.19681 3.51089
    endloop
  endfacet
  facet normal 0.420947 -0.420465 0.803749
    outer loop
      vertex 3.28892 -0.869534 11.9399
      vertex 16.944 -0.881678 4.78199
      vertex 16.9378 -0.869534 4.79159
    endloop
  endfacet
  facet normal 0.42088 -0.420772 0.803624
    outer loop
      vertex 3.28892 -0.869534 11.9399
      vertex 17.2592 -1.19681 4.45191
      vertex 16.944 -0.881678 4.78199
    endloop
  endfacet
  facet normal 0.420859 -0.420864 0.803587
    outer loop
      vertex 17.2592 -1.19681 4.45191
      vertex 3.28892 -0.869534 11.9399
      vertex 2.96164 -1.19681 11.9399
    endloop
  endfacet
  facet normal -0.141881 -0.278415 -0.949924
    outer loop
      vertex -1.18937 -2.16526 -12.5082
      vertex -1.60433 -2.58022 -12.3246
      vertex -1.27218 -2.12306 -12.5082
    endloop
  endfacet
  facet normal 0.12706 0.802486 -0.582985
    outer loop
      vertex -10.4567 20.8821 -0.949796
      vertex -11.0327 20.5886 -1.47934
      vertex -11.0327 20.9733 -0.949796
    endloop
  endfacet
  facet normal 0.148903 0.94044 -0.305615
    outer loop
      vertex -10.4567 20.8821 -0.949796
      vertex -11.0327 20.9733 -0.949796
      vertex -11.0327 21.1756 -0.327277
    endloop
  endfacet
  facet normal -0.432355 0.848382 -0.305478
    outer loop
      vertex -11.6088 20.8821 -0.949796
      vertex -12.1284 20.6173 -0.949796
      vertex -11.6713 21.0744 -0.327277
    endloop
  endfacet
  facet normal -0.269059 0.527878 -0.805576
    outer loop
      vertex -11.3262 20.0125 -1.86408
      vertex -11.9023 20.306 -1.47934
      vertex -11.4899 20.5162 -1.47934
    endloop
  endfacet
  facet normal -0.723838 0.36894 -0.583045
    outer loop
      vertex -12.4397 19.5664 -1.47934
      vertex -12.5408 20.2049 -0.949796
      vertex -12.2295 19.9788 -1.47934
    endloop
  endfacet
  facet normal 0.574508 -0.574522 0.582979
    outer loop
      vertex 23.2623 -0.869534 1.47934
      vertex 23.1611 -1.50807 0.949796
      vertex 23.5735 -1.09568 0.949796
    endloop
  endfacet
  facet normal 0.574488 -0.57453 0.582992
    outer loop
      vertex 23.1611 -1.50807 0.949796
      vertex 23.2623 -0.869534 1.47934
      vertex 22.935 -1.19681 1.47934
    endloop
  endfacet
  facet normal 0.308689 0.048879 -0.949906
    outer loop
      vertex 2.5 0 -12.5007
      vertex 2.48606 0.0880363 -12.5007
      vertex 3.0419 0 -12.3246
    endloop
  endfacet
  facet normal 0.141888 -0.278467 -0.949907
    outer loop
      vertex -0.752549 -2.71513 -12.3246
      vertex -0.674885 -2.39311 -12.4074
      vertex -0.487777 -2.58022 -12.3246
    endloop
  endfacet
  facet normal 0.141687 -0.278429 -0.949948
    outer loop
      vertex -0.752549 -2.71513 -12.3246
      vertex -0.772542 -2.37764 -12.4265
      vertex -0.674885 -2.39311 -12.4074
    endloop
  endfacet
  facet normal 0.141921 -0.278407 -0.94992
    outer loop
      vertex -0.772542 -2.37764 -12.4265
      vertex -0.752549 -2.71513 -12.3246
      vertex -0.879994 -2.32289 -12.4586
    endloop
  endfacet
  facet normal 0.268998 -0.527931 -0.805561
    outer loop
      vertex -0.176517 -3.00863 -11.9399
      vertex -0.752549 -2.71513 -12.3246
      vertex -0.487777 -2.58022 -12.3246
    endloop
  endfacet
  facet normal 0.418968 -0.418973 -0.80556
    outer loop
      vertex 2.96164 -1.19681 -11.9399
      vertex 2.86051 -0.558275 -12.3246
      vertex 3.28892 -0.869534 -11.9399
    endloop
  endfacet
  facet normal 0.418964 -0.418974 -0.805562
    outer loop
      vertex 2.86051 -0.558275 -12.3246
      vertex 2.96164 -1.19681 -11.9399
      vertex 2.65038 -0.7684 -12.3246
    endloop
  endfacet
  facet normal -0.0487121 -0.308584 0.949949
    outer loop
      vertex -1.04605 -2.23828 12.4946
      vertex -1.13621 -2.19234 12.5049
      vertex -1.04605 -2.76161 12.3246
    endloop
  endfacet
  facet normal 0.221002 -0.220941 0.949918
    outer loop
      vertex 2.42699 -0.460936 12.4481
      vertex 2.86051 -0.558275 12.3246
      vertex 2.45791 -0.26577 12.4863
    endloop
  endfacet
  facet normal 0.220988 -0.220993 0.949909
    outer loop
      vertex 2.86051 -0.558275 12.3246
      vertex 2.42699 -0.460936 12.4481
      vertex 2.65038 -0.7684 12.3246
    endloop
  endfacet
  facet normal 0.802487 0.127053 0.582986
    outer loop
      vertex 23.8383 0.576032 0.949796
      vertex 23.5448 0 1.47934
      vertex 23.9295 0 0.949796
    endloop
  endfacet
  facet normal 0.802462 0.12709 0.583012
    outer loop
      vertex 23.8383 0.576032 0.949796
      vertex 23.4724 0.457141 1.47934
      vertex 23.5448 0 1.47934
    endloop
  endfacet
  facet normal 0.585321 -0.0925336 0.805504
    outer loop
      vertex 23.0152 0 1.86408
      vertex 22.9688 -0.293503 1.86408
      vertex 23.4724 -0.457141 1.47934
    endloop
  endfacet
  facet normal 0.314533 0.617566 -0.720889
    outer loop
      vertex -8.46867 17.0952 -3.4906
      vertex -10.1632 20.306 -1.47934
      vertex -8.21389 16.9298 -3.52113
    endloop
  endfacet
  facet normal 0.314731 0.617599 -0.720775
    outer loop
      vertex -8.62462 17.137 -3.52288
      vertex -10.1632 20.306 -1.47934
      vertex -8.46867 17.0952 -3.4906
    endloop
  endfacet
  facet normal 0.314794 0.617607 -0.72074
    outer loop
      vertex -10.1632 20.306 -1.47934
      vertex -8.62462 17.137 -3.52288
      vertex -10.5756 20.5162 -1.47934
    endloop
  endfacet
  facet normal 0.314859 0.617622 -0.720699
    outer loop
      vertex -0.588911 3.21875 -11.9399
      vertex -7.62878 15.4122 -4.56597
      vertex -7.58699 15.5681 -4.41411
    endloop
  endfacet
  facet normal 0.314667 0.617584 -0.720815
    outer loop
      vertex -7.58699 15.5681 -4.41411
      vertex -0.176517 3.00863 -11.9399
      vertex -0.588911 3.21875 -11.9399
    endloop
  endfacet
  facet normal 0.314605 0.617571 -0.720854
    outer loop
      vertex -0.176517 3.00863 -11.9399
      vertex -7.58699 15.5681 -4.41411
      vertex -7.60289 15.8715 -4.16112
    endloop
  endfacet
  facet normal -0.368906 0.723881 -0.583013
    outer loop
      vertex -11.4899 20.5162 -1.47934
      vertex -12.1284 20.6173 -0.949796
      vertex -11.6088 20.8821 -0.949796
    endloop
  endfacet
  facet normal -0.0926725 0.585219 -0.805562
    outer loop
      vertex -11.0327 20.059 -1.86408
      vertex -11.4899 20.5162 -1.47934
      vertex -11.0327 20.5886 -1.47934
    endloop
  endfacet
  facet normal -0.127074 0.802464 -0.583012
    outer loop
      vertex -11.4899 20.5162 -1.47934
      vertex -11.6088 20.8821 -0.949796
      vertex -11.0327 20.5886 -1.47934
    endloop
  endfacet
  facet normal -0.574495 0.574495 -0.583018
    outer loop
      vertex -12.2295 19.9788 -1.47934
      vertex -12.1284 20.6173 -0.949796
      vertex -11.9023 20.306 -1.47934
    endloop
  endfacet
  facet normal -0.574495 0.574495 -0.583018
    outer loop
      vertex -12.1284 20.6173 -0.949796
      vertex -12.2295 19.9788 -1.47934
      vertex -12.5408 20.2049 -0.949796
    endloop
  endfacet
  facet normal -0.149037 0.940463 -0.305478
    outer loop
      vertex -11.6088 20.8821 -0.949796
      vertex -11.6713 21.0744 -0.327277
      vertex -11.0327 21.1756 -0.327277
    endloop
  endfacet
  facet normal -0.527984 0.268977 -0.805533
    outer loop
      vertex -11.936 19.4027 -1.86408
      vertex -12.2295 19.9788 -1.47934
      vertex -11.8011 19.6675 -1.86408
    endloop
  endfacet
  facet normal -0.673292 0.673292 -0.305541
    outer loop
      vertex -12.1284 20.6173 -0.949796
      vertex -12.7044 20.3238 -0.327277
      vertex -12.2473 20.7809 -0.327277
    endloop
  endfacet
  facet normal -0.673292 0.673292 -0.305541
    outer loop
      vertex -12.7044 20.3238 -0.327277
      vertex -12.1284 20.6173 -0.949796
      vertex -12.5408 20.2049 -0.949796
    endloop
  endfacet
  facet normal -0.432298 0.848393 -0.305529
    outer loop
      vertex -12.1284 20.6173 -0.949796
      vertex -12.2473 20.7809 -0.327277
      vertex -11.6713 21.0744 -0.327277
    endloop
  endfacet
  facet normal -0.418987 0.418987 -0.805543
    outer loop
      vertex -11.8011 19.6675 -1.86408
      vertex -11.9023 20.306 -1.47934
      vertex -11.591 19.8776 -1.86408
    endloop
  endfacet
  facet normal -0.418987 0.418987 -0.805543
    outer loop
      vertex -11.9023 20.306 -1.47934
      vertex -11.8011 19.6675 -1.86408
      vertex -12.2295 19.9788 -1.47934
    endloop
  endfacet
  facet normal -0.802464 0.127074 -0.583012
    outer loop
      vertex -12.5121 19.1092 -1.47934
      vertex -12.8056 19.6853 -0.949796
      vertex -12.4397 19.5664 -1.47934
    endloop
  endfacet
  facet normal -0.723881 0.368906 -0.583013
    outer loop
      vertex -12.4397 19.5664 -1.47934
      vertex -12.8056 19.6853 -0.949796
      vertex -12.5408 20.2049 -0.949796
    endloop
  endfacet
  facet normal -0.891018 -0.453968 -8.39839e-05
    outer loop
      vertex 2.37764 0.772542 -12.368
      vertex 2.02254 1.46946 -12.1104
      vertex 2.26696 0.989769 -12.3246
    endloop
  endfacet
  facet normal -0.891005 -0.453993 0
    outer loop
      vertex 2.02254 1.46946 -12.1104
      vertex 2.37764 0.772542 -12.368
      vertex 2.02254 1.46946 12.1104
    endloop
  endfacet
  facet normal -0.891005 -0.453993 -0
    outer loop
      vertex 2.37764 0.772542 12.368
      vertex 2.02254 1.46946 12.1104
      vertex 2.37764 0.772542 -12.368
    endloop
  endfacet
  facet normal -0.891018 -0.453968 8.39839e-05
    outer loop
      vertex 2.02254 1.46946 12.1104
      vertex 2.37764 0.772542 12.368
      vertex 2.26696 0.989769 12.3246
    endloop
  endfacet
  facet normal -0.987684 -0.156462 0.00015214
    outer loop
      vertex 2.5 0 -12.5007
      vertex 2.37764 0.772542 -12.368
      vertex 2.42699 0.460936 -12.4481
    endloop
  endfacet
  facet normal -0.987688 -0.156436 0
    outer loop
      vertex 2.37764 0.772542 -12.368
      vertex 2.5 0 -12.5007
      vertex 2.37764 0.772542 12.368
    endloop
  endfacet
  facet normal -0.987694 -0.156399 -0.000413192
    outer loop
      vertex 2.5 0 -12.5007
      vertex 2.42699 0.460936 -12.4481
      vertex 2.45791 0.26577 -12.4863
    endloop
  endfacet
  facet normal -0.987688 -0.156436 -0
    outer loop
      vertex 2.5 0 12.5007
      vertex 2.37764 0.772542 12.368
      vertex 2.5 0 -12.5007
    endloop
  endfacet
  facet normal -0.987687 -0.156441 0.000383011
    outer loop
      vertex 2.5 0 -12.5007
      vertex 2.45791 0.26577 -12.4863
      vertex 2.47296 0.170728 -12.4961
    endloop
  endfacet
  facet normal -0.987684 -0.156462 -0.00015214
    outer loop
      vertex 2.37764 0.772542 12.368
      vertex 2.5 0 12.5007
      vertex 2.42699 0.460936 12.4481
    endloop
  endfacet
  facet normal -0.987689 -0.156431 -0.000695024
    outer loop
      vertex 2.48606 0.0880363 -12.5007
      vertex 2.47296 0.170728 -12.4961
      vertex 2.48004 0.126046 -12.5007
    endloop
  endfacet
  facet normal -0.987694 -0.156395 -0.0013493
    outer loop
      vertex 2.5 0 -12.5007
      vertex 2.47296 0.170728 -12.4961
      vertex 2.48606 0.0880363 -12.5007
    endloop
  endfacet
  facet normal -0.987694 -0.156399 0.000413192
    outer loop
      vertex 2.42699 0.460936 12.4481
      vertex 2.5 0 12.5007
      vertex 2.45791 0.26577 12.4863
    endloop
  endfacet
  facet normal -0.987689 -0.156431 0.000695024
    outer loop
      vertex 2.47296 0.170728 12.4961
      vertex 2.48606 0.0880363 12.5007
      vertex 2.48004 0.126046 12.5007
    endloop
  endfacet
  facet normal -0.987687 -0.156441 -0.000383011
    outer loop
      vertex 2.45791 0.26577 12.4863
      vertex 2.5 0 12.5007
      vertex 2.47296 0.170728 12.4961
    endloop
  endfacet
  facet normal -0.987694 -0.156395 0.0013493
    outer loop
      vertex 2.47296 0.170728 12.4961
      vertex 2.5 0 12.5007
      vertex 2.48606 0.0880363 12.5007
    endloop
  endfacet
  facet normal -0.707107 -0.707107 0
    outer loop
      vertex 2.02254 1.46946 -12.1104
      vertex 1.46946 2.02254 11.9625
      vertex 1.46946 2.02254 -11.9625
    endloop
  endfacet
  facet normal -0.707107 -0.707107 0
    outer loop
      vertex 1.46946 2.02254 11.9625
      vertex 2.02254 1.46946 -12.1104
      vertex 2.02254 1.46946 12.1104
    endloop
  endfacet
  facet normal -0.156436 -0.987688 0
    outer loop
      vertex 0 2.5 12.1972
      vertex 0.772542 2.37764 -11.9924
      vertex 0.772542 2.37764 11.9924
    endloop
  endfacet
  facet normal -0.156436 -0.987688 0
    outer loop
      vertex 0.772542 2.37764 -11.9924
      vertex 0 2.5 12.1972
      vertex 0 2.5 -12.1972
    endloop
  endfacet
  facet normal 0.987688 -0.156436 0
    outer loop
      vertex -2.5 0 11.9583
      vertex -2.37764 0.772542 -12.0472
      vertex -2.37764 0.772542 12.0472
    endloop
  endfacet
  facet normal 0.987688 -0.156436 0
    outer loop
      vertex -2.37764 0.772542 -12.0472
      vertex -2.5 0 11.9583
      vertex -2.5 0 -11.9583
    endloop
  endfacet
  facet normal -0.891018 0.453968 -8.39839e-05
    outer loop
      vertex 2.02254 -1.46946 -12.1104
      vertex 2.37764 -0.772542 -12.368
      vertex 2.26696 -0.989769 -12.3246
    endloop
  endfacet
  facet normal -0.891005 0.453993 0
    outer loop
      vertex 2.37764 -0.772542 -12.368
      vertex 2.02254 -1.46946 -12.1104
      vertex 2.37764 -0.772542 12.368
    endloop
  endfacet
  facet normal -0.891005 0.453993 0
    outer loop
      vertex 2.02254 -1.46946 12.1104
      vertex 2.37764 -0.772542 12.368
      vertex 2.02254 -1.46946 -12.1104
    endloop
  endfacet
  facet normal -0.891018 0.453968 8.39839e-05
    outer loop
      vertex 2.37764 -0.772542 12.368
      vertex 2.02254 -1.46946 12.1104
      vertex 2.26696 -0.989769 12.3246
    endloop
  endfacet
  facet normal -0.453993 -0.891005 0
    outer loop
      vertex 0.772542 2.37764 11.9924
      vertex 1.46946 2.02254 -11.9625
      vertex 1.46946 2.02254 11.9625
    endloop
  endfacet
  facet normal -0.453993 -0.891005 0
    outer loop
      vertex 1.46946 2.02254 -11.9625
      vertex 0.772542 2.37764 11.9924
      vertex 0.772542 2.37764 -11.9924
    endloop
  endfacet
  facet normal 0.454043 -0.890979 -0.001073
    outer loop
      vertex -1.39107 2.06249 12.4946
      vertex -1.18937 2.16526 12.5082
      vertex -1.27218 2.12306 12.5082
    endloop
  endfacet
  facet normal 0.454055 -0.890968 0.00306792
    outer loop
      vertex -1.18937 2.16526 12.5082
      vertex -1.13621 2.19234 12.5049
      vertex -1.16494 2.17771 12.5082
    endloop
  endfacet
  facet normal 0.453944 -0.89103 0.000781055
    outer loop
      vertex -1.18937 2.16526 12.5082
      vertex -1.39107 2.06249 12.4946
      vertex -1.13621 2.19234 12.5049
    endloop
  endfacet
  facet normal 0.453966 -0.891019 0.00011234
    outer loop
      vertex -1.46777 2.02341 12.478
      vertex -1.13621 2.19234 12.5049
      vertex -1.39107 2.06249 12.4946
    endloop
  endfacet
  facet normal 0.45399 -0.891007 -0.000106538
    outer loop
      vertex -1.13621 2.19234 12.5049
      vertex -0.969355 2.27736 12.478
      vertex -1.04605 2.23828 12.4946
    endloop
  endfacet
  facet normal 0.453983 -0.89101 -0.000160563
    outer loop
      vertex -1.13621 2.19234 12.5049
      vertex -1.46777 2.02341 12.478
      vertex -0.969355 2.27736 12.478
    endloop
  endfacet
  facet normal 0.453894 -0.890834 0.0198642
    outer loop
      vertex -1.46946 2.02254 12.4776
      vertex -0.969355 2.27736 12.478
      vertex -1.46777 2.02341 12.478
    endloop
  endfacet
  facet normal 0.453996 -0.891004 0.000108827
    outer loop
      vertex -1.46946 2.02254 12.4776
      vertex -0.879994 2.32289 12.4586
      vertex -0.969355 2.27736 12.478
    endloop
  endfacet
  facet normal 0.453993 -0.891005 -2.91895e-06
    outer loop
      vertex -1.46946 2.02254 12.4776
      vertex -0.772542 2.37764 12.4265
      vertex -0.879994 2.32289 12.4586
    endloop
  endfacet
  facet normal 0.453993 -0.891005 0
    outer loop
      vertex -1.46946 2.02254 12.4776
      vertex -0.772542 2.37764 -12.4265
      vertex -0.772542 2.37764 12.4265
    endloop
  endfacet
  facet normal 0.453993 -0.891005 0
    outer loop
      vertex -1.46946 2.02254 -12.4776
      vertex -0.772542 2.37764 -12.4265
      vertex -1.46946 2.02254 12.4776
    endloop
  endfacet
  facet normal 0.453993 -0.891005 2.91895e-06
    outer loop
      vertex -0.772542 2.37764 -12.4265
      vertex -1.46946 2.02254 -12.4776
      vertex -0.879994 2.32289 -12.4586
    endloop
  endfacet
  facet normal 0.453894 -0.890834 -0.0198642
    outer loop
      vertex -0.969355 2.27736 -12.478
      vertex -1.46946 2.02254 -12.4776
      vertex -1.46777 2.02341 -12.478
    endloop
  endfacet
  facet normal 0.453996 -0.891004 -0.000108827
    outer loop
      vertex -1.46946 2.02254 -12.4776
      vertex -0.969355 2.27736 -12.478
      vertex -0.879994 2.32289 -12.4586
    endloop
  endfacet
  facet normal 0.453966 -0.891019 -0.00011234
    outer loop
      vertex -1.13621 2.19234 -12.5049
      vertex -1.46777 2.02341 -12.478
      vertex -1.39107 2.06249 -12.4946
    endloop
  endfacet
  facet normal 0.453983 -0.89101 0.000160563
    outer loop
      vertex -1.46777 2.02341 -12.478
      vertex -1.13621 2.19234 -12.5049
      vertex -0.969355 2.27736 -12.478
    endloop
  endfacet
  facet normal 0.45399 -0.891007 0.000106538
    outer loop
      vertex -0.969355 2.27736 -12.478
      vertex -1.13621 2.19234 -12.5049
      vertex -1.04605 2.23828 -12.4946
    endloop
  endfacet
  facet normal 0.454043 -0.890979 0.001073
    outer loop
      vertex -1.18937 2.16526 -12.5082
      vertex -1.39107 2.06249 -12.4946
      vertex -1.27218 2.12306 -12.5082
    endloop
  endfacet
  facet normal 0.453944 -0.89103 -0.000781055
    outer loop
      vertex -1.39107 2.06249 -12.4946
      vertex -1.18937 2.16526 -12.5082
      vertex -1.13621 2.19234 -12.5049
    endloop
  endfacet
  facet normal 0.454055 -0.890968 -0.00306792
    outer loop
      vertex -1.13621 2.19234 -12.5049
      vertex -1.18937 2.16526 -12.5082
      vertex -1.16494 2.17771 -12.5082
    endloop
  endfacet
  facet normal 0.156389 0.987696 -0.000128035
    outer loop
      vertex 0 -2.5 12.1972
      vertex -0.617065 -2.40227 12.3961
      vertex -0.273742 -2.45664 12.3246
    endloop
  endfacet
  facet normal 0.156536 0.987672 0.000341792
    outer loop
      vertex -0.617065 -2.40227 12.3961
      vertex 0 -2.5 12.1972
      vertex -0.674885 -2.39311 12.4074
    endloop
  endfacet
  facet normal 0.156508 0.987677 0.000247556
    outer loop
      vertex -0.674885 -2.39311 12.4074
      vertex 0 -2.5 12.1972
      vertex -0.772542 -2.37764 12.4265
    endloop
  endfacet
  facet normal 0.156436 0.987688 -0
    outer loop
      vertex 0 -2.5 -12.1972
      vertex -0.772542 -2.37764 12.4265
      vertex 0 -2.5 12.1972
    endloop
  endfacet
  facet normal 0.156389 0.987696 0.000128035
    outer loop
      vertex -0.617065 -2.40227 -12.3961
      vertex 0 -2.5 -12.1972
      vertex -0.273742 -2.45664 -12.3246
    endloop
  endfacet
  facet normal 0.156536 0.987672 -0.000341792
    outer loop
      vertex -0.674885 -2.39311 -12.4074
      vertex 0 -2.5 -12.1972
      vertex -0.617065 -2.40227 -12.3961
    endloop
  endfacet
  facet normal 0.156508 0.987677 -0.000247556
    outer loop
      vertex -0.772542 -2.37764 -12.4265
      vertex 0 -2.5 -12.1972
      vertex -0.674885 -2.39311 -12.4074
    endloop
  endfacet
  facet normal 0.156436 0.987688 0
    outer loop
      vertex 0 -2.5 -12.1972
      vertex -0.772542 -2.37764 -12.4265
      vertex -0.772542 -2.37764 12.4265
    endloop
  endfacet
  facet normal -0.707107 0.707107 0
    outer loop
      vertex 1.46946 -2.02254 -11.9625
      vertex 2.02254 -1.46946 12.1104
      vertex 2.02254 -1.46946 -12.1104
    endloop
  endfacet
  facet normal -0.707107 0.707107 0
    outer loop
      vertex 2.02254 -1.46946 12.1104
      vertex 1.46946 -2.02254 -11.9625
      vertex 1.46946 -2.02254 11.9625
    endloop
  endfacet
  facet normal 0.891005 0.453993 0
    outer loop
      vertex -2.02254 -1.46946 12.3052
      vertex -2.37764 -0.772542 -12.0472
      vertex -2.37764 -0.772542 12.0472
    endloop
  endfacet
  facet normal 0.891005 0.453993 0
    outer loop
      vertex -2.37764 -0.772542 -12.0472
      vertex -2.02254 -1.46946 12.3052
      vertex -2.02254 -1.46946 -12.3052
    endloop
  endfacet
  facet normal 0.156536 -0.987672 0.000341792
    outer loop
      vertex 0 2.5 12.1972
      vertex -0.617065 2.40227 12.3961
      vertex -0.674885 2.39311 12.4074
    endloop
  endfacet
  facet normal 0.156508 -0.987677 0.000247556
    outer loop
      vertex 0 2.5 12.1972
      vertex -0.674885 2.39311 12.4074
      vertex -0.772542 2.37764 12.4265
    endloop
  endfacet
  facet normal 0.156389 -0.987696 -0.000128035
    outer loop
      vertex -0.617065 2.40227 12.3961
      vertex 0 2.5 12.1972
      vertex -0.273742 2.45664 12.3246
    endloop
  endfacet
  facet normal 0.156436 -0.987688 0
    outer loop
      vertex -0.772542 2.37764 12.4265
      vertex 0 2.5 -12.1972
      vertex 0 2.5 12.1972
    endloop
  endfacet
  facet normal 0.156436 -0.987688 0
    outer loop
      vertex -0.772542 2.37764 -12.4265
      vertex 0 2.5 -12.1972
      vertex -0.772542 2.37764 12.4265
    endloop
  endfacet
  facet normal 0.156389 -0.987696 0.000128035
    outer loop
      vertex 0 2.5 -12.1972
      vertex -0.617065 2.40227 -12.3961
      vertex -0.273742 2.45664 -12.3246
    endloop
  endfacet
  facet normal 0.156536 -0.987672 -0.000341792
    outer loop
      vertex 0 2.5 -12.1972
      vertex -0.674885 2.39311 -12.4074
      vertex -0.617065 2.40227 -12.3961
    endloop
  endfacet
  facet normal 0.156508 -0.987677 -0.000247556
    outer loop
      vertex 0 2.5 -12.1972
      vertex -0.772542 2.37764 -12.4265
      vertex -0.674885 2.39311 -12.4074
    endloop
  endfacet
  facet normal -0.453993 0.891005 0
    outer loop
      vertex 1.46946 -2.02254 -11.9625
      vertex 0.772542 -2.37764 11.9924
      vertex 1.46946 -2.02254 11.9625
    endloop
  endfacet
  facet normal -0.453993 0.891005 0
    outer loop
      vertex 0.772542 -2.37764 11.9924
      vertex 1.46946 -2.02254 -11.9625
      vertex 0.772542 -2.37764 -11.9924
    endloop
  endfacet
  facet normal -0.156436 0.987688 0
    outer loop
      vertex 0.772542 -2.37764 -11.9924
      vertex 0 -2.5 12.1972
      vertex 0.772542 -2.37764 11.9924
    endloop
  endfacet
  facet normal -0.156436 0.987688 0
    outer loop
      vertex 0 -2.5 12.1972
      vertex 0.772542 -2.37764 -11.9924
      vertex 0 -2.5 -12.1972
    endloop
  endfacet
  facet normal 0.987688 0.156436 0
    outer loop
      vertex -2.37764 -0.772542 12.0472
      vertex -2.5 0 -11.9583
      vertex -2.5 0 11.9583
    endloop
  endfacet
  facet normal 0.987688 0.156436 0
    outer loop
      vertex -2.5 0 -11.9583
      vertex -2.37764 -0.772542 12.0472
      vertex -2.37764 -0.772542 -12.0472
    endloop
  endfacet
  facet normal 0.891005 -0.453993 0
    outer loop
      vertex -2.37764 0.772542 12.0472
      vertex -2.02254 1.46946 -12.3052
      vertex -2.02254 1.46946 12.3052
    endloop
  endfacet
  facet normal 0.891005 -0.453993 0
    outer loop
      vertex -2.02254 1.46946 -12.3052
      vertex -2.37764 0.772542 12.0472
      vertex -2.37764 0.772542 -12.0472
    endloop
  endfacet
  facet normal 0.707107 -0.707107 1.0624e-14
    outer loop
      vertex -1.62078 1.87122 12.4434
      vertex -1.46946 2.02254 12.4776
      vertex -1.52467 1.96733 12.4697
    endloop
  endfacet
  facet normal 0.707107 -0.707107 0
    outer loop
      vertex -1.46946 2.02254 12.4776
      vertex -2.02254 1.46946 12.3052
      vertex -1.46946 2.02254 -12.4776
    endloop
  endfacet
  facet normal 0.707107 -0.707107 2.32595e-14
    outer loop
      vertex -1.46946 2.02254 12.4776
      vertex -1.62078 1.87122 12.4434
      vertex -2.02254 1.46946 12.3052
    endloop
  endfacet
  facet normal 0.707107 -0.707107 0
    outer loop
      vertex -2.02254 1.46946 -12.3052
      vertex -1.46946 2.02254 -12.4776
      vertex -2.02254 1.46946 12.3052
    endloop
  endfacet
  facet normal 0.706819 -0.707393 0.00166986
    outer loop
      vertex -2.02254 1.46946 12.3052
      vertex -1.62078 1.87122 12.4434
      vertex -1.68019 1.81182 12.4272
    endloop
  endfacet
  facet normal 0.707107 -0.707107 -2.46277e-14
    outer loop
      vertex -1.62078 1.87122 -12.4434
      vertex -1.46946 2.02254 -12.4776
      vertex -2.02254 1.46946 -12.3052
    endloop
  endfacet
  facet normal 0.706999 -0.707214 0.000659415
    outer loop
      vertex -2.02254 1.46946 12.3052
      vertex -1.68019 1.81182 12.4272
      vertex -1.99585 1.49616 12.3246
    endloop
  endfacet
  facet normal 0.707107 -0.707107 -8.85332e-15
    outer loop
      vertex -1.46946 2.02254 -12.4776
      vertex -1.62078 1.87122 -12.4434
      vertex -1.52467 1.96733 -12.4697
    endloop
  endfacet
  facet normal 0.706819 -0.707393 -0.00166986
    outer loop
      vertex -1.62078 1.87122 -12.4434
      vertex -2.02254 1.46946 -12.3052
      vertex -1.68019 1.81182 -12.4272
    endloop
  endfacet
  facet normal 0.706999 -0.707214 -0.000659415
    outer loop
      vertex -1.68019 1.81182 -12.4272
      vertex -2.02254 1.46946 -12.3052
      vertex -1.99585 1.49616 -12.3246
    endloop
  endfacet
  facet normal -0.987694 0.156395 -0.000444165
    outer loop
      vertex 2.42699 -0.460936 -12.4481
      vertex 2.5 0 -12.5007
      vertex 2.48606 -0.0880363 -12.5007
    endloop
  endfacet
  facet normal -0.987688 0.156436 0
    outer loop
      vertex 2.5 0 -12.5007
      vertex 2.37764 -0.772542 -12.368
      vertex 2.5 0 12.5007
    endloop
  endfacet
  facet normal -0.987689 0.156431 -0.000695024
    outer loop
      vertex 2.47296 -0.170728 -12.4961
      vertex 2.48606 -0.0880363 -12.5007
      vertex 2.48004 -0.126046 -12.5007
    endloop
  endfacet
  facet normal -0.987688 0.156436 0
    outer loop
      vertex 2.37764 -0.772542 12.368
      vertex 2.5 0 12.5007
      vertex 2.37764 -0.772542 -12.368
    endloop
  endfacet
  facet normal -0.987682 0.156476 0.000145233
    outer loop
      vertex 2.48606 -0.0880363 -12.5007
      vertex 2.47296 -0.170728 -12.4961
      vertex 2.42699 -0.460936 -12.4481
    endloop
  endfacet
  facet normal -0.987684 0.156462 -0.00015214
    outer loop
      vertex 2.42699 -0.460936 12.4481
      vertex 2.5 0 12.5007
      vertex 2.37764 -0.772542 12.368
    endloop
  endfacet
  facet normal -0.987706 0.156318 -0.000833835
    outer loop
      vertex 2.42699 -0.460936 -12.4481
      vertex 2.47296 -0.170728 -12.4961
      vertex 2.45791 -0.26577 -12.4863
    endloop
  endfacet
  facet normal -0.987694 0.156395 0.000444165
    outer loop
      vertex 2.5 0 12.5007
      vertex 2.42699 -0.460936 12.4481
      vertex 2.48606 -0.0880363 12.5007
    endloop
  endfacet
  facet normal -0.987684 0.156462 0.00015214
    outer loop
      vertex 2.5 0 -12.5007
      vertex 2.42699 -0.460936 -12.4481
      vertex 2.37764 -0.772542 -12.368
    endloop
  endfacet
  facet normal -0.987682 0.156476 -0.000145233
    outer loop
      vertex 2.47296 -0.170728 12.4961
      vertex 2.48606 -0.0880363 12.5007
      vertex 2.42699 -0.460936 12.4481
    endloop
  endfacet
  facet normal -0.987689 0.156431 0.000695024
    outer loop
      vertex 2.48606 -0.0880363 12.5007
      vertex 2.47296 -0.170728 12.4961
      vertex 2.48004 -0.126046 12.5007
    endloop
  endfacet
  facet normal -0.987706 0.156318 0.000833835
    outer loop
      vertex 2.47296 -0.170728 12.4961
      vertex 2.42699 -0.460936 12.4481
      vertex 2.45791 -0.26577 12.4863
    endloop
  endfacet
  facet normal 0.706999 0.707214 0.000659415
    outer loop
      vertex -1.68019 -1.81182 12.4272
      vertex -2.02254 -1.46946 12.3052
      vertex -1.99585 -1.49616 12.3246
    endloop
  endfacet
  facet normal 0.707107 0.707107 0
    outer loop
      vertex -2.02254 -1.46946 12.3052
      vertex -1.46946 -2.02254 12.4776
      vertex -2.02254 -1.46946 -12.3052
    endloop
  endfacet
  facet normal 0.707035 0.707179 0.000462619
    outer loop
      vertex -2.02254 -1.46946 12.3052
      vertex -1.68019 -1.81182 12.4272
      vertex -1.46946 -2.02254 12.4776
    endloop
  endfacet
  facet normal 0.707107 0.707107 -0
    outer loop
      vertex -1.46946 -2.02254 -12.4776
      vertex -2.02254 -1.46946 -12.3052
      vertex -1.46946 -2.02254 12.4776
    endloop
  endfacet
  facet normal 0.707393 0.706816 -0.00254922
    outer loop
      vertex -1.46946 -2.02254 12.4776
      vertex -1.68019 -1.81182 12.4272
      vertex -1.62078 -1.87122 12.4434
    endloop
  endfacet
  facet normal 0.707035 0.707179 -0.000462619
    outer loop
      vertex -1.68019 -1.81182 -12.4272
      vertex -2.02254 -1.46946 -12.3052
      vertex -1.46946 -2.02254 -12.4776
    endloop
  endfacet
  facet normal 0.707107 0.707107 8.85332e-15
    outer loop
      vertex -1.46946 -2.02254 12.4776
      vertex -1.62078 -1.87122 12.4434
      vertex -1.52467 -1.96733 12.4697
    endloop
  endfacet
  facet normal 0.706999 0.707214 -0.000659415
    outer loop
      vertex -2.02254 -1.46946 -12.3052
      vertex -1.68019 -1.81182 -12.4272
      vertex -1.99585 -1.49616 -12.3246
    endloop
  endfacet
  facet normal 0.707393 0.706816 0.00254922
    outer loop
      vertex -1.68019 -1.81182 -12.4272
      vertex -1.46946 -2.02254 -12.4776
      vertex -1.62078 -1.87122 -12.4434
    endloop
  endfacet
  facet normal 0.707107 0.707107 -1.0624e-14
    outer loop
      vertex -1.62078 -1.87122 -12.4434
      vertex -1.46946 -2.02254 -12.4776
      vertex -1.52467 -1.96733 -12.4697
    endloop
  endfacet
  facet normal 0.454055 0.890968 0.00306792
    outer loop
      vertex -1.13621 -2.19234 12.5049
      vertex -1.18937 -2.16526 12.5082
      vertex -1.16494 -2.17771 12.5082
    endloop
  endfacet
  facet normal 0.453944 0.89103 0.000781055
    outer loop
      vertex -1.39107 -2.06249 12.4946
      vertex -1.18937 -2.16526 12.5082
      vertex -1.13621 -2.19234 12.5049
    endloop
  endfacet
  facet normal 0.45399 0.891007 -0.000106538
    outer loop
      vertex -0.969355 -2.27736 12.478
      vertex -1.13621 -2.19234 12.5049
      vertex -1.04605 -2.23828 12.4946
    endloop
  endfacet
  facet normal 0.454043 0.890979 -0.001073
    outer loop
      vertex -1.18937 -2.16526 12.5082
      vertex -1.39107 -2.06249 12.4946
      vertex -1.27218 -2.12306 12.5082
    endloop
  endfacet
  facet normal 0.453983 0.89101 -0.000160563
    outer loop
      vertex -1.46777 -2.02341 12.478
      vertex -1.13621 -2.19234 12.5049
      vertex -0.969355 -2.27736 12.478
    endloop
  endfacet
  facet normal 0.453966 0.891019 0.00011234
    outer loop
      vertex -1.13621 -2.19234 12.5049
      vertex -1.46777 -2.02341 12.478
      vertex -1.39107 -2.06249 12.4946
    endloop
  endfacet
  facet normal 0.453894 0.890834 0.0198642
    outer loop
      vertex -0.969355 -2.27736 12.478
      vertex -1.46946 -2.02254 12.4776
      vertex -1.46777 -2.02341 12.478
    endloop
  endfacet
  facet normal 0.453996 0.891004 0.000108827
    outer loop
      vertex -0.879994 -2.32289 12.4586
      vertex -1.46946 -2.02254 12.4776
      vertex -0.969355 -2.27736 12.478
    endloop
  endfacet
  facet normal 0.453993 0.891005 -2.91895e-06
    outer loop
      vertex -0.772542 -2.37764 12.4265
      vertex -1.46946 -2.02254 12.4776
      vertex -0.879994 -2.32289 12.4586
    endloop
  endfacet
  facet normal 0.453993 0.891005 -0
    outer loop
      vertex -0.772542 -2.37764 -12.4265
      vertex -1.46946 -2.02254 12.4776
      vertex -0.772542 -2.37764 12.4265
    endloop
  endfacet
  facet normal 0.453993 0.891005 2.91895e-06
    outer loop
      vertex -1.46946 -2.02254 -12.4776
      vertex -0.772542 -2.37764 -12.4265
      vertex -0.879994 -2.32289 -12.4586
    endloop
  endfacet
  facet normal 0.453993 0.891005 0
    outer loop
      vertex -0.772542 -2.37764 -12.4265
      vertex -1.46946 -2.02254 -12.4776
      vertex -1.46946 -2.02254 12.4776
    endloop
  endfacet
  facet normal 0.453996 0.891004 -0.000108827
    outer loop
      vertex -0.969355 -2.27736 -12.478
      vertex -1.46946 -2.02254 -12.4776
      vertex -0.879994 -2.32289 -12.4586
    endloop
  endfacet
  facet normal 0.453894 0.890834 -0.0198642
    outer loop
      vertex -1.46946 -2.02254 -12.4776
      vertex -0.969355 -2.27736 -12.478
      vertex -1.46777 -2.02341 -12.478
    endloop
  endfacet
  facet normal 0.45399 0.891007 0.000106538
    outer loop
      vertex -1.13621 -2.19234 -12.5049
      vertex -0.969355 -2.27736 -12.478
      vertex -1.04605 -2.23828 -12.4946
    endloop
  endfacet
  facet normal 0.453983 0.89101 0.000160563
    outer loop
      vertex -0.969355 -2.27736 -12.478
      vertex -1.13621 -2.19234 -12.5049
      vertex -1.46777 -2.02341 -12.478
    endloop
  endfacet
  facet normal 0.453966 0.891019 -0.00011234
    outer loop
      vertex -1.46777 -2.02341 -12.478
      vertex -1.13621 -2.19234 -12.5049
      vertex -1.39107 -2.06249 -12.4946
    endloop
  endfacet
  facet normal 0.454055 0.890968 -0.00306792
    outer loop
      vertex -1.18937 -2.16526 -12.5082
      vertex -1.13621 -2.19234 -12.5049
      vertex -1.16494 -2.17771 -12.5082
    endloop
  endfacet
  facet normal 0.453944 0.89103 -0.000781055
    outer loop
      vertex -1.13621 -2.19234 -12.5049
      vertex -1.18937 -2.16526 -12.5082
      vertex -1.39107 -2.06249 -12.4946
    endloop
  endfacet
  facet normal 0.454043 0.890979 0.001073
    outer loop
      vertex -1.39107 -2.06249 -12.4946
      vertex -1.18937 -2.16526 -12.5082
      vertex -1.27218 -2.12306 -12.5082
    endloop
  endfacet
endsolid OpenSCAD_Model
