solid OpenSCAD_Model
  facet normal 0.454037 -0.890983 0
    outer loop
      vertex 39.0025 1.21352 5.74902
      vertex 39.4206 1.42658 -5.42025
      vertex 39.4206 1.42658 5.42025
    endloop
  endfacet
  facet normal 0.454037 -0.890983 0
    outer loop
      vertex 39.4206 1.42658 -5.42025
      vertex 39.0025 1.21352 5.74902
      vertex 39.0025 1.21352 -5.74902
    endloop
  endfacet
  facet normal -0.890992 -0.454005 -0.00358979
    outer loop
      vertex 41.3107 0.463525 -4.76103
      vertex 41.0977 0.881678 -4.77831
      vertex 41.2629 0.55747 -4.77831
    endloop
  endfacet
  facet normal -0.891058 -0.45389 0
    outer loop
      vertex 41.0977 0.881678 -4.77831
      vertex 41.3107 0.463525 -4.76103
      vertex 41.0977 0.881678 4.77831
    endloop
  endfacet
  facet normal -0.891058 -0.45389 -0
    outer loop
      vertex 41.3107 0.463525 4.76103
      vertex 41.0977 0.881678 4.77831
      vertex 41.3107 0.463525 -4.76103
    endloop
  endfacet
  facet normal -0.890992 -0.454005 0.00358979
    outer loop
      vertex 41.0977 0.881678 4.77831
      vertex 41.3107 0.463525 4.76103
      vertex 41.2629 0.55747 4.77831
    endloop
  endfacet
  facet normal -0.98766 -0.156611 0
    outer loop
      vertex 41.3842 0 -4.76103
      vertex 41.3107 0.463525 4.76103
      vertex 41.3107 0.463525 -4.76103
    endloop
  endfacet
  facet normal -0.98766 -0.156611 0
    outer loop
      vertex 41.3107 0.463525 4.76103
      vertex 41.3842 0 -4.76103
      vertex 41.3842 0 4.76103
    endloop
  endfacet
  facet normal -0.706988 -0.707225 0.000801857
    outer loop
      vertex 40.7658 1.21352 4.82551
      vertex 41.0977 0.881678 4.77831
      vertex 40.919 1.06037 4.82421
    endloop
  endfacet
  facet normal -0.707045 -0.707169 0
    outer loop
      vertex 40.7658 1.21352 4.82551
      vertex 41.0977 0.881678 -4.77831
      vertex 41.0977 0.881678 4.77831
    endloop
  endfacet
  facet normal -0.707045 -0.707169 0
    outer loop
      vertex 40.7658 1.21352 -4.82551
      vertex 41.0977 0.881678 -4.77831
      vertex 40.7658 1.21352 4.82551
    endloop
  endfacet
  facet normal -0.706988 -0.707225 -0.000801857
    outer loop
      vertex 41.0977 0.881678 -4.77831
      vertex 40.7658 1.21352 -4.82551
      vertex 40.919 1.06037 -4.82421
    endloop
  endfacet
  facet normal -0.98766 0.156611 0
    outer loop
      vertex 41.3107 -0.463525 -4.76103
      vertex 41.3842 0 4.76103
      vertex 41.3842 0 -4.76103
    endloop
  endfacet
  facet normal -0.98766 0.156611 0
    outer loop
      vertex 41.3842 0 4.76103
      vertex 41.3107 -0.463525 -4.76103
      vertex 41.3107 -0.463525 4.76103
    endloop
  endfacet
  facet normal -0.156453 -0.987685 0
    outer loop
      vertex 39.8842 1.5 5.13967
      vertex 40.3477 1.42658 -4.93473
      vertex 40.3477 1.42658 4.93473
    endloop
  endfacet
  facet normal -0.156453 -0.987685 0
    outer loop
      vertex 40.3477 1.42658 -4.93473
      vertex 39.8842 1.5 5.13967
      vertex 39.8842 1.5 -5.13967
    endloop
  endfacet
  facet normal -0.156453 0.987685 0
    outer loop
      vertex 40.3477 -1.42658 -4.93473
      vertex 39.8842 -1.5 5.13967
      vertex 40.3477 -1.42658 4.93473
    endloop
  endfacet
  facet normal -0.156453 0.987685 0
    outer loop
      vertex 39.8842 -1.5 5.13967
      vertex 40.3477 -1.42658 -4.93473
      vertex 39.8842 -1.5 -5.13967
    endloop
  endfacet
  facet normal -0.454037 -0.890983 0
    outer loop
      vertex 40.3477 1.42658 4.93473
      vertex 40.7658 1.21352 -4.82551
      vertex 40.7658 1.21352 4.82551
    endloop
  endfacet
  facet normal -0.454037 -0.890983 0
    outer loop
      vertex 40.7658 1.21352 -4.82551
      vertex 40.3477 1.42658 4.93473
      vertex 40.3477 1.42658 -4.93473
    endloop
  endfacet
  facet normal 0.707408 -0.706805 0.000802253
    outer loop
      vertex 38.6706 0.881678 6.04941
      vertex 39.0025 1.21352 5.74902
      vertex 38.8493 1.06037 5.90814
    endloop
  endfacet
  facet normal 0.707045 -0.707169 0
    outer loop
      vertex 38.6706 0.881678 6.04941
      vertex 39.0025 1.21352 -5.74902
      vertex 39.0025 1.21352 5.74902
    endloop
  endfacet
  facet normal 0.707045 -0.707169 0
    outer loop
      vertex 38.6706 0.881678 -6.04941
      vertex 39.0025 1.21352 -5.74902
      vertex 38.6706 0.881678 6.04941
    endloop
  endfacet
  facet normal 0.707408 -0.706805 -0.000802253
    outer loop
      vertex 39.0025 1.21352 -5.74902
      vertex 38.6706 0.881678 -6.04941
      vertex 38.8493 1.06037 -5.90814
    endloop
  endfacet
  facet normal 0.987693 -0.156403 0
    outer loop
      vertex 38.3842 0 6.3322
      vertex 38.4576 0.463525 -6.2553
      vertex 38.4576 0.463525 6.2553
    endloop
  endfacet
  facet normal 0.987693 -0.156403 0
    outer loop
      vertex 38.4576 0.463525 -6.2553
      vertex 38.3842 0 6.3322
      vertex 38.3842 0 -6.3322
    endloop
  endfacet
  facet normal 0.15642 0.987691 -0
    outer loop
      vertex 39.8842 -1.5 -5.13967
      vertex 39.4206 -1.42658 5.42025
      vertex 39.8842 -1.5 5.13967
    endloop
  endfacet
  facet normal 0.15642 0.987691 0
    outer loop
      vertex 39.4206 -1.42658 5.42025
      vertex 39.8842 -1.5 -5.13967
      vertex 39.4206 -1.42658 -5.42025
    endloop
  endfacet
  facet normal -0.454037 0.890983 0
    outer loop
      vertex 40.7658 -1.21352 -4.82551
      vertex 40.3477 -1.42658 4.93473
      vertex 40.7658 -1.21352 4.82551
    endloop
  endfacet
  facet normal -0.454037 0.890983 0
    outer loop
      vertex 40.3477 -1.42658 4.93473
      vertex 40.7658 -1.21352 -4.82551
      vertex 40.3477 -1.42658 -4.93473
    endloop
  endfacet
  facet normal -0.890992 0.454005 -0.00358979
    outer loop
      vertex 41.0977 -0.881678 -4.77831
      vertex 41.3107 -0.463525 -4.76103
      vertex 41.2629 -0.55747 -4.77831
    endloop
  endfacet
  facet normal -0.891058 0.45389 0
    outer loop
      vertex 41.3107 -0.463525 -4.76103
      vertex 41.0977 -0.881678 -4.77831
      vertex 41.3107 -0.463525 4.76103
    endloop
  endfacet
  facet normal -0.891058 0.45389 0
    outer loop
      vertex 41.0977 -0.881678 4.77831
      vertex 41.3107 -0.463525 4.76103
      vertex 41.0977 -0.881678 -4.77831
    endloop
  endfacet
  facet normal -0.890992 0.454005 0.00358979
    outer loop
      vertex 41.3107 -0.463525 4.76103
      vertex 41.0977 -0.881678 4.77831
      vertex 41.2629 -0.55747 4.77831
    endloop
  endfacet
  facet normal 0.891767 -0.452481 0.00359322
    outer loop
      vertex 38.4576 0.463525 6.2553
      vertex 38.6706 0.881678 6.04941
      vertex 38.5054 0.55747 6.22244
    endloop
  endfacet
  facet normal 0.891058 -0.45389 0
    outer loop
      vertex 38.6706 0.881678 6.04941
      vertex 38.4576 0.463525 6.2553
      vertex 38.6706 0.881678 -6.04941
    endloop
  endfacet
  facet normal 0.891058 -0.45389 0
    outer loop
      vertex 38.4576 0.463525 -6.2553
      vertex 38.6706 0.881678 -6.04941
      vertex 38.4576 0.463525 6.2553
    endloop
  endfacet
  facet normal 0.891767 -0.452481 -0.00359322
    outer loop
      vertex 38.6706 0.881678 -6.04941
      vertex 38.4576 0.463525 -6.2553
      vertex 38.5054 0.55747 -6.22244
    endloop
  endfacet
  facet normal 0.891767 0.452481 0.00359322
    outer loop
      vertex 38.6706 -0.881678 6.04941
      vertex 38.4576 -0.463525 6.2553
      vertex 38.5054 -0.55747 6.22244
    endloop
  endfacet
  facet normal 0.891058 0.45389 0
    outer loop
      vertex 38.4576 -0.463525 6.2553
      vertex 38.6706 -0.881678 6.04941
      vertex 38.4576 -0.463525 -6.2553
    endloop
  endfacet
  facet normal 0.891058 0.45389 -0
    outer loop
      vertex 38.6706 -0.881678 -6.04941
      vertex 38.4576 -0.463525 -6.2553
      vertex 38.6706 -0.881678 6.04941
    endloop
  endfacet
  facet normal 0.891767 0.452481 -0.00359322
    outer loop
      vertex 38.4576 -0.463525 -6.2553
      vertex 38.6706 -0.881678 -6.04941
      vertex 38.5054 -0.55747 -6.22244
    endloop
  endfacet
  facet normal 0.15642 -0.987691 0
    outer loop
      vertex 39.4206 1.42658 5.42025
      vertex 39.8842 1.5 -5.13967
      vertex 39.8842 1.5 5.13967
    endloop
  endfacet
  facet normal 0.15642 -0.987691 0
    outer loop
      vertex 39.8842 1.5 -5.13967
      vertex 39.4206 1.42658 5.42025
      vertex 39.4206 1.42658 -5.42025
    endloop
  endfacet
  facet normal -0.706988 0.707225 0.000801857
    outer loop
      vertex 41.0977 -0.881678 4.77831
      vertex 40.7658 -1.21352 4.82551
      vertex 40.919 -1.06037 4.82421
    endloop
  endfacet
  facet normal -0.707045 0.707169 0
    outer loop
      vertex 41.0977 -0.881678 -4.77831
      vertex 40.7658 -1.21352 4.82551
      vertex 41.0977 -0.881678 4.77831
    endloop
  endfacet
  facet normal -0.706988 0.707225 -0.000801857
    outer loop
      vertex 40.7658 -1.21352 -4.82551
      vertex 41.0977 -0.881678 -4.77831
      vertex 40.919 -1.06037 -4.82421
    endloop
  endfacet
  facet normal -0.707045 0.707169 0
    outer loop
      vertex 41.0977 -0.881678 -4.77831
      vertex 40.7658 -1.21352 -4.82551
      vertex 40.7658 -1.21352 4.82551
    endloop
  endfacet
  facet normal 0.454037 0.890983 -0
    outer loop
      vertex 39.4206 -1.42658 -5.42025
      vertex 39.0025 -1.21352 5.74902
      vertex 39.4206 -1.42658 5.42025
    endloop
  endfacet
  facet normal 0.454037 0.890983 0
    outer loop
      vertex 39.0025 -1.21352 5.74902
      vertex 39.4206 -1.42658 -5.42025
      vertex 39.0025 -1.21352 -5.74902
    endloop
  endfacet
  facet normal 0.987693 0.156403 0
    outer loop
      vertex 38.4576 -0.463525 6.2553
      vertex 38.3842 0 -6.3322
      vertex 38.3842 0 6.3322
    endloop
  endfacet
  facet normal 0.987693 0.156403 0
    outer loop
      vertex 38.3842 0 -6.3322
      vertex 38.4576 -0.463525 6.2553
      vertex 38.4576 -0.463525 -6.2553
    endloop
  endfacet
  facet normal 0.707408 0.706805 0.000802253
    outer loop
      vertex 39.0025 -1.21352 5.74902
      vertex 38.6706 -0.881678 6.04941
      vertex 38.8493 -1.06037 5.90814
    endloop
  endfacet
  facet normal 0.707045 0.707169 -0
    outer loop
      vertex 39.0025 -1.21352 -5.74902
      vertex 38.6706 -0.881678 6.04941
      vertex 39.0025 -1.21352 5.74902
    endloop
  endfacet
  facet normal 0.707408 0.706805 -0.000802253
    outer loop
      vertex 38.6706 -0.881678 -6.04941
      vertex 39.0025 -1.21352 -5.74902
      vertex 38.8493 -1.06037 -5.90814
    endloop
  endfacet
  facet normal 0.707045 0.707169 0
    outer loop
      vertex 39.0025 -1.21352 -5.74902
      vertex 38.6706 -0.881678 -6.04941
      vertex 38.6706 -0.881678 6.04941
    endloop
  endfacet
  facet normal -0.933631 -0.358236 0
    outer loop
      vertex -18.4749 34.8526 -5.43327
      vertex -18.643 35.2907 5.15336
      vertex -18.643 35.2907 -5.15336
    endloop
  endfacet
  facet normal -0.933631 -0.358236 0
    outer loop
      vertex -18.643 35.2907 5.15336
      vertex -18.4749 34.8526 -5.43327
      vertex -18.4749 34.8526 5.43327
    endloop
  endfacet
  facet normal 0.838671 -0.544638 -0.000214216
    outer loop
      vertex -21.3124 35.1508 4.77907
      vertex -21.0568 35.5444 4.75572
      vertex -21.222 35.29 4.78991
    endloop
  endfacet
  facet normal 0.838677 -0.544629 0
    outer loop
      vertex -21.0568 35.5444 4.75572
      vertex -21.3124 35.1508 4.77907
      vertex -21.0568 35.5444 -4.75572
    endloop
  endfacet
  facet normal 0.838677 -0.544629 0
    outer loop
      vertex -21.3124 35.1508 -4.77907
      vertex -21.0568 35.5444 -4.75572
      vertex -21.3124 35.1508 4.77907
    endloop
  endfacet
  facet normal 0.838671 -0.544638 0.000214216
    outer loop
      vertex -21.0568 35.5444 -4.75572
      vertex -21.3124 35.1508 -4.77907
      vertex -21.222 35.29 -4.78991
    endloop
  endfacet
  facet normal 0.629303 -0.777156 0.00250477
    outer loop
      vertex -21.0568 35.5444 4.75572
      vertex -20.6921 35.8397 4.75068
      vertex -20.8405 35.7196 4.77149
    endloop
  endfacet
  facet normal 0.629284 -0.777175 0
    outer loop
      vertex -21.0568 35.5444 4.75572
      vertex -20.6921 35.8397 -4.75068
      vertex -20.6921 35.8397 4.75068
    endloop
  endfacet
  facet normal 0.629284 -0.777175 0
    outer loop
      vertex -21.0568 35.5444 -4.75572
      vertex -20.6921 35.8397 -4.75068
      vertex -21.0568 35.5444 4.75572
    endloop
  endfacet
  facet normal 0.629303 -0.777156 -0.00250477
    outer loop
      vertex -20.6921 35.8397 -4.75068
      vertex -21.0568 35.5444 -4.75572
      vertex -20.8405 35.7196 -4.77149
    endloop
  endfacet
  facet normal 0.961813 -0.266206 -0.0636385
    outer loop
      vertex -21.4339 34.6975 4.83895
      vertex -21.3124 35.1508 4.77907
      vertex -21.4315 34.7062 4.83883
    endloop
  endfacet
  facet normal 0.965905 -0.258896 0
    outer loop
      vertex -21.3124 35.1508 4.77907
      vertex -21.4339 34.6975 4.83895
      vertex -21.3124 35.1508 -4.77907
    endloop
  endfacet
  facet normal 0.965905 -0.258896 0
    outer loop
      vertex -21.4339 34.6975 -4.83895
      vertex -21.3124 35.1508 -4.77907
      vertex -21.4339 34.6975 4.83895
    endloop
  endfacet
  facet normal 0.961813 -0.266206 0.0636385
    outer loop
      vertex -21.3124 35.1508 -4.77907
      vertex -21.4339 34.6975 -4.83895
      vertex -21.4315 34.7062 -4.83883
    endloop
  endfacet
  facet normal -0.359013 0.933323 0.00415754
    outer loop
      vertex -19.1921 33.2417 6.32185
      vertex -19.6302 33.0735 6.24999
      vertex -19.3703 33.1732 6.31138
    endloop
  endfacet
  facet normal -0.358422 0.93356 0
    outer loop
      vertex -19.1921 33.2417 6.32185
      vertex -19.6302 33.0735 -6.24999
      vertex -19.6302 33.0735 6.24999
    endloop
  endfacet
  facet normal -0.358422 0.93356 0
    outer loop
      vertex -19.1921 33.2417 -6.32185
      vertex -19.6302 33.0735 -6.24999
      vertex -19.1921 33.2417 6.32185
    endloop
  endfacet
  facet normal -0.359013 0.933323 -0.00415754
    outer loop
      vertex -19.6302 33.0735 -6.24999
      vertex -19.1921 33.2417 -6.32185
      vertex -19.3703 33.1732 -6.31138
    endloop
  endfacet
  facet normal -0.546425 -0.837467 0.00835784
    outer loop
      vertex -19.332 35.911 4.82616
      vertex -18.9384 35.6554 4.94775
      vertex -19.0971 35.7585 4.90291
    endloop
  endfacet
  facet normal -0.544629 -0.838677 0
    outer loop
      vertex -19.332 35.911 -4.82616
      vertex -18.9384 35.6554 4.94775
      vertex -19.332 35.911 4.82616
    endloop
  endfacet
  facet normal -0.544525 -0.838744 -5.92793e-06
    outer loop
      vertex -19.0971 35.7585 -4.90291
      vertex -18.9384 35.6554 4.94775
      vertex -19.332 35.911 -4.82616
    endloop
  endfacet
  facet normal -0.544784 -0.838576 -0
    outer loop
      vertex -18.9384 35.6554 4.94775
      vertex -19.0971 35.7585 -4.90291
      vertex -18.9384 35.6554 -4.94775
    endloop
  endfacet
  facet normal -0.777071 -0.629413 0
    outer loop
      vertex -18.643 35.2907 -5.15336
      vertex -18.9384 35.6554 4.94775
      vertex -18.9384 35.6554 -4.94775
    endloop
  endfacet
  facet normal -0.777071 -0.629413 0
    outer loop
      vertex -18.9384 35.6554 4.94775
      vertex -18.643 35.2907 -5.15336
      vertex -18.643 35.2907 5.15336
    endloop
  endfacet
  facet normal 0.234966 0.971183 0.03993
    outer loop
      vertex -20.0989 33.0489 6.05018
      vertex -20.5522 33.1704 5.76246
      vertex -20.5434 33.168 5.76905
    endloop
  endfacet
  facet normal 0.258896 0.965905 0
    outer loop
      vertex -20.0989 33.0489 6.05018
      vertex -20.5522 33.1704 -5.76246
      vertex -20.5522 33.1704 5.76246
    endloop
  endfacet
  facet normal 0.258896 0.965905 -0
    outer loop
      vertex -20.0989 33.0489 -6.05018
      vertex -20.5522 33.1704 -5.76246
      vertex -20.0989 33.0489 6.05018
    endloop
  endfacet
  facet normal 0.234966 0.971183 -0.03993
    outer loop
      vertex -20.5522 33.1704 -5.76246
      vertex -20.0989 33.0489 -6.05018
      vertex -20.5434 33.168 -5.76905
    endloop
  endfacet
  facet normal 0.358367 -0.93358 -0.000806328
    outer loop
      vertex -20.6921 35.8397 4.75068
      vertex -20.2539 36.0079 4.76105
      vertex -20.3375 35.9758 4.77149
    endloop
  endfacet
  facet normal 0.358351 -0.933587 0
    outer loop
      vertex -20.6921 35.8397 -4.75068
      vertex -20.2539 36.0079 4.76105
      vertex -20.6921 35.8397 4.75068
    endloop
  endfacet
  facet normal 0.358351 -0.933587 0
    outer loop
      vertex -20.6921 35.8397 -4.75068
      vertex -20.2539 36.0079 -4.76105
      vertex -20.2539 36.0079 4.76105
    endloop
  endfacet
  facet normal 0.358367 -0.93358 0.000806328
    outer loop
      vertex -20.2539 36.0079 -4.76105
      vertex -20.6921 35.8397 -4.75068
      vertex -20.3375 35.9758 -4.77149
    endloop
  endfacet
  facet normal -0.963944 0.265877 -0.0109768
    outer loop
      vertex -18.5718 33.9306 -6.05968
      vertex -18.4503 34.3839 -5.74968
      vertex -18.5643 33.9584 -6.04494
    endloop
  endfacet
  facet normal -0.965905 0.258896 0
    outer loop
      vertex -18.4503 34.3839 -5.74968
      vertex -18.5718 33.9306 -6.05968
      vertex -18.4503 34.3839 5.74968
    endloop
  endfacet
  facet normal -0.965905 0.258896 0
    outer loop
      vertex -18.5718 33.9306 6.05968
      vertex -18.4503 34.3839 5.74968
      vertex -18.5718 33.9306 -6.05968
    endloop
  endfacet
  facet normal -0.963944 0.265877 0.0109768
    outer loop
      vertex -18.4503 34.3839 5.74968
      vertex -18.5718 33.9306 6.05968
      vertex -18.5643 33.9584 6.04494
    endloop
  endfacet
  facet normal -0.0524604 0.998623 0.000110445
    outer loop
      vertex -19.6302 33.0735 6.24999
      vertex -20.0989 33.0489 6.05018
      vertex -19.9331 33.0576 6.13996
    endloop
  endfacet
  facet normal -0.0524135 0.998625 0
    outer loop
      vertex -19.6302 33.0735 6.24999
      vertex -20.0989 33.0489 -6.05018
      vertex -20.0989 33.0489 6.05018
    endloop
  endfacet
  facet normal -0.0524135 0.998625 0
    outer loop
      vertex -19.6302 33.0735 -6.24999
      vertex -20.0989 33.0489 -6.05018
      vertex -19.6302 33.0735 6.24999
    endloop
  endfacet
  facet normal -0.0524604 0.998623 -0.000110445
    outer loop
      vertex -20.0989 33.0489 -6.05018
      vertex -19.6302 33.0735 -6.24999
      vertex -19.9331 33.0576 -6.13996
    endloop
  endfacet
  facet normal 0.544629 0.838677 0
    outer loop
      vertex -20.5522 33.1704 5.76246
      vertex -20.9458 33.426 -5.43605
      vertex -20.9458 33.426 5.43605
    endloop
  endfacet
  facet normal 0.544629 0.838677 0
    outer loop
      vertex -20.9458 33.426 -5.43605
      vertex -20.5522 33.1704 5.76246
      vertex -20.5522 33.1704 -5.76246
    endloop
  endfacet
  facet normal -0.628975 0.77742 0.0027797
    outer loop
      vertex -18.8274 33.537 6.25532
      vertex -19.1921 33.2417 6.32185
      vertex -18.897 33.4806 6.28044
    endloop
  endfacet
  facet normal -0.629284 0.777175 0
    outer loop
      vertex -18.8274 33.537 -6.25532
      vertex -19.1921 33.2417 6.32185
      vertex -18.8274 33.537 6.25532
    endloop
  endfacet
  facet normal -0.628975 0.77742 -0.0027797
    outer loop
      vertex -19.1921 33.2417 -6.32185
      vertex -18.8274 33.537 -6.25532
      vertex -18.897 33.4806 -6.28044
    endloop
  endfacet
  facet normal -0.629284 0.777175 0
    outer loop
      vertex -18.8274 33.537 -6.25532
      vertex -19.1921 33.2417 -6.32185
      vertex -19.1921 33.2417 6.32185
    endloop
  endfacet
  facet normal -0.838677 0.544629 0
    outer loop
      vertex -18.8274 33.537 -6.25532
      vertex -18.5718 33.9306 6.05968
      vertex -18.5718 33.9306 -6.05968
    endloop
  endfacet
  facet normal -0.838677 0.544629 0
    outer loop
      vertex -18.5718 33.9306 6.05968
      vertex -18.8274 33.537 -6.25532
      vertex -18.8274 33.537 6.25532
    endloop
  endfacet
  facet normal 0.0524246 -0.998625 0
    outer loop
      vertex -20.2539 36.0079 -4.76105
      vertex -19.7853 36.0325 4.78857
      vertex -20.2539 36.0079 4.76105
    endloop
  endfacet
  facet normal 0.0524246 -0.998625 0
    outer loop
      vertex -19.7853 36.0325 4.78857
      vertex -20.2539 36.0079 -4.76105
      vertex -19.7853 36.0325 -4.78857
    endloop
  endfacet
  facet normal 0.998625 0.0524135 0
    outer loop
      vertex -21.4093 34.2288 4.95054
      vertex -21.4339 34.6975 -4.83895
      vertex -21.4339 34.6975 4.83895
    endloop
  endfacet
  facet normal 0.998625 0.0524135 0
    outer loop
      vertex -21.4339 34.6975 -4.83895
      vertex -21.4093 34.2288 4.95054
      vertex -21.4093 34.2288 -4.95054
    endloop
  endfacet
  facet normal 0.93356 0.358422 0
    outer loop
      vertex -21.2411 33.7907 5.15628
      vertex -21.4093 34.2288 -4.95054
      vertex -21.4093 34.2288 4.95054
    endloop
  endfacet
  facet normal 0.93356 0.358422 0
    outer loop
      vertex -21.4093 34.2288 -4.95054
      vertex -21.2411 33.7907 5.15628
      vertex -21.2411 33.7907 -5.15628
    endloop
  endfacet
  facet normal 0.777175 0.629284 0
    outer loop
      vertex -20.9458 33.426 5.43605
      vertex -21.2411 33.7907 -5.15628
      vertex -21.2411 33.7907 5.15628
    endloop
  endfacet
  facet normal 0.777175 0.629284 0
    outer loop
      vertex -21.2411 33.7907 -5.15628
      vertex -20.9458 33.426 5.43605
      vertex -20.9458 33.426 -5.43605
    endloop
  endfacet
  facet normal -0.998605 -0.0528083 0
    outer loop
      vertex -18.4649 34.6635 -5.5651
      vertex -18.4749 34.8526 5.43327
      vertex -18.4749 34.8526 -5.43327
    endloop
  endfacet
  facet normal -0.998605 -0.0528083 0
    outer loop
      vertex -18.4649 34.6635 -5.5651
      vertex -18.4649 34.6635 5.5651
      vertex -18.4749 34.8526 5.43327
    endloop
  endfacet
  facet normal -0.998639 -0.0521464 0
    outer loop
      vertex -18.4503 34.3839 -5.74968
      vertex -18.4649 34.6635 5.5651
      vertex -18.4649 34.6635 -5.5651
    endloop
  endfacet
  facet normal -0.998639 -0.0521464 0
    outer loop
      vertex -18.4649 34.6635 5.5651
      vertex -18.4503 34.3839 -5.74968
      vertex -18.4503 34.3839 5.74968
    endloop
  endfacet
  facet normal -0.258025 -0.966075 -0.011045
    outer loop
      vertex -19.7853 36.0325 4.78857
      vertex -19.332 35.911 4.82616
      vertex -19.7575 36.025 4.79513
    endloop
  endfacet
  facet normal -0.258896 -0.965905 0
    outer loop
      vertex -19.7853 36.0325 -4.78857
      vertex -19.332 35.911 4.82616
      vertex -19.7853 36.0325 4.78857
    endloop
  endfacet
  facet normal -0.258025 -0.966075 0.011045
    outer loop
      vertex -19.332 35.911 -4.82616
      vertex -19.7853 36.0325 -4.78857
      vertex -19.7575 36.025 -4.79513
    endloop
  endfacet
  facet normal -0.258896 -0.965905 0
    outer loop
      vertex -19.7853 36.0325 -4.78857
      vertex -19.332 35.911 -4.82616
      vertex -19.332 35.911 4.82616
    endloop
  endfacet
  facet normal 0.0524246 0.998625 0
    outer loop
      vertex -19.7853 -36.0325 4.78857
      vertex -20.2539 -36.0079 -4.76105
      vertex -20.2539 -36.0079 4.76105
    endloop
  endfacet
  facet normal 0.0524246 0.998625 0
    outer loop
      vertex -20.2539 -36.0079 -4.76105
      vertex -19.7853 -36.0325 4.78857
      vertex -19.7853 -36.0325 -4.78857
    endloop
  endfacet
  facet normal -0.258025 0.966075 -0.011045
    outer loop
      vertex -19.332 -35.911 4.82616
      vertex -19.7853 -36.0325 4.78857
      vertex -19.7575 -36.025 4.79513
    endloop
  endfacet
  facet normal -0.258896 0.965905 0
    outer loop
      vertex -19.332 -35.911 4.82616
      vertex -19.7853 -36.0325 -4.78857
      vertex -19.7853 -36.0325 4.78857
    endloop
  endfacet
  facet normal -0.258896 0.965905 0
    outer loop
      vertex -19.332 -35.911 -4.82616
      vertex -19.7853 -36.0325 -4.78857
      vertex -19.332 -35.911 4.82616
    endloop
  endfacet
  facet normal -0.258025 0.966075 0.011045
    outer loop
      vertex -19.7853 -36.0325 -4.78857
      vertex -19.332 -35.911 -4.82616
      vertex -19.7575 -36.025 -4.79513
    endloop
  endfacet
  facet normal 0.998625 -0.0524135 0
    outer loop
      vertex -21.4339 -34.6975 4.83895
      vertex -21.4093 -34.2288 -4.95054
      vertex -21.4093 -34.2288 4.95054
    endloop
  endfacet
  facet normal 0.998625 -0.0524135 0
    outer loop
      vertex -21.4093 -34.2288 -4.95054
      vertex -21.4339 -34.6975 4.83895
      vertex -21.4339 -34.6975 -4.83895
    endloop
  endfacet
  facet normal -0.963944 -0.265877 -0.0109768
    outer loop
      vertex -18.4503 -34.3839 -5.74968
      vertex -18.5718 -33.9306 -6.05968
      vertex -18.5643 -33.9584 -6.04494
    endloop
  endfacet
  facet normal -0.965905 -0.258896 0
    outer loop
      vertex -18.5718 -33.9306 -6.05968
      vertex -18.4503 -34.3839 -5.74968
      vertex -18.5718 -33.9306 6.05968
    endloop
  endfacet
  facet normal -0.965905 -0.258896 -0
    outer loop
      vertex -18.4503 -34.3839 5.74968
      vertex -18.5718 -33.9306 6.05968
      vertex -18.4503 -34.3839 -5.74968
    endloop
  endfacet
  facet normal -0.963944 -0.265877 0.0109768
    outer loop
      vertex -18.5718 -33.9306 6.05968
      vertex -18.4503 -34.3839 5.74968
      vertex -18.5643 -33.9584 6.04494
    endloop
  endfacet
  facet normal -0.777071 0.629413 0
    outer loop
      vertex -18.9384 -35.6554 -4.94775
      vertex -18.643 -35.2907 5.15336
      vertex -18.643 -35.2907 -5.15336
    endloop
  endfacet
  facet normal -0.777071 0.629413 0
    outer loop
      vertex -18.643 -35.2907 5.15336
      vertex -18.9384 -35.6554 -4.94775
      vertex -18.9384 -35.6554 4.94775
    endloop
  endfacet
  facet normal 0.358367 0.93358 -0.000806328
    outer loop
      vertex -20.2539 -36.0079 4.76105
      vertex -20.6921 -35.8397 4.75068
      vertex -20.3375 -35.9758 4.77149
    endloop
  endfacet
  facet normal 0.358351 0.933587 0
    outer loop
      vertex -20.2539 -36.0079 4.76105
      vertex -20.6921 -35.8397 -4.75068
      vertex -20.6921 -35.8397 4.75068
    endloop
  endfacet
  facet normal 0.358351 0.933587 -0
    outer loop
      vertex -20.2539 -36.0079 -4.76105
      vertex -20.6921 -35.8397 -4.75068
      vertex -20.2539 -36.0079 4.76105
    endloop
  endfacet
  facet normal 0.358367 0.93358 0.000806328
    outer loop
      vertex -20.6921 -35.8397 -4.75068
      vertex -20.2539 -36.0079 -4.76105
      vertex -20.3375 -35.9758 -4.77149
    endloop
  endfacet
  facet normal 0.629303 0.777156 0.00250477
    outer loop
      vertex -20.6921 -35.8397 4.75068
      vertex -21.0568 -35.5444 4.75572
      vertex -20.8405 -35.7196 4.77149
    endloop
  endfacet
  facet normal 0.629284 0.777175 -0
    outer loop
      vertex -20.6921 -35.8397 -4.75068
      vertex -21.0568 -35.5444 4.75572
      vertex -20.6921 -35.8397 4.75068
    endloop
  endfacet
  facet normal 0.629284 0.777175 0
    outer loop
      vertex -20.6921 -35.8397 -4.75068
      vertex -21.0568 -35.5444 -4.75572
      vertex -21.0568 -35.5444 4.75572
    endloop
  endfacet
  facet normal 0.629303 0.777156 -0.00250477
    outer loop
      vertex -21.0568 -35.5444 -4.75572
      vertex -20.6921 -35.8397 -4.75068
      vertex -20.8405 -35.7196 -4.77149
    endloop
  endfacet
  facet normal 0.544629 -0.838677 0
    outer loop
      vertex -20.9458 -33.426 -5.43605
      vertex -20.5522 -33.1704 5.76246
      vertex -20.9458 -33.426 5.43605
    endloop
  endfacet
  facet normal 0.544629 -0.838677 0
    outer loop
      vertex -20.5522 -33.1704 5.76246
      vertex -20.9458 -33.426 -5.43605
      vertex -20.5522 -33.1704 -5.76246
    endloop
  endfacet
  facet normal 0.777175 -0.629284 0
    outer loop
      vertex -21.2411 -33.7907 5.15628
      vertex -20.9458 -33.426 -5.43605
      vertex -20.9458 -33.426 5.43605
    endloop
  endfacet
  facet normal 0.777175 -0.629284 0
    outer loop
      vertex -20.9458 -33.426 -5.43605
      vertex -21.2411 -33.7907 5.15628
      vertex -21.2411 -33.7907 -5.15628
    endloop
  endfacet
  facet normal 0.961813 0.266206 -0.0636385
    outer loop
      vertex -21.3124 -35.1508 4.77907
      vertex -21.4339 -34.6975 4.83895
      vertex -21.4315 -34.7062 4.83883
    endloop
  endfacet
  facet normal 0.965905 0.258896 0
    outer loop
      vertex -21.4339 -34.6975 4.83895
      vertex -21.3124 -35.1508 4.77907
      vertex -21.4339 -34.6975 -4.83895
    endloop
  endfacet
  facet normal 0.965905 0.258896 -0
    outer loop
      vertex -21.3124 -35.1508 -4.77907
      vertex -21.4339 -34.6975 -4.83895
      vertex -21.3124 -35.1508 4.77907
    endloop
  endfacet
  facet normal 0.961813 0.266206 0.0636385
    outer loop
      vertex -21.4339 -34.6975 -4.83895
      vertex -21.3124 -35.1508 -4.77907
      vertex -21.4315 -34.7062 -4.83883
    endloop
  endfacet
  facet normal -0.933631 0.358236 0
    outer loop
      vertex -18.643 -35.2907 -5.15336
      vertex -18.4749 -34.8526 5.43327
      vertex -18.4749 -34.8526 -5.43327
    endloop
  endfacet
  facet normal -0.933631 0.358236 0
    outer loop
      vertex -18.4749 -34.8526 5.43327
      vertex -18.643 -35.2907 -5.15336
      vertex -18.643 -35.2907 5.15336
    endloop
  endfacet
  facet normal -0.838677 -0.544629 0
    outer loop
      vertex -18.5718 -33.9306 -6.05968
      vertex -18.8274 -33.537 6.25532
      vertex -18.8274 -33.537 -6.25532
    endloop
  endfacet
  facet normal -0.838677 -0.544629 0
    outer loop
      vertex -18.8274 -33.537 6.25532
      vertex -18.5718 -33.9306 -6.05968
      vertex -18.5718 -33.9306 6.05968
    endloop
  endfacet
  facet normal 0.838671 0.544638 -0.000214216
    outer loop
      vertex -21.0568 -35.5444 4.75572
      vertex -21.3124 -35.1508 4.77907
      vertex -21.222 -35.29 4.78991
    endloop
  endfacet
  facet normal 0.838677 0.544629 0
    outer loop
      vertex -21.3124 -35.1508 4.77907
      vertex -21.0568 -35.5444 4.75572
      vertex -21.3124 -35.1508 -4.77907
    endloop
  endfacet
  facet normal 0.838677 0.544629 -0
    outer loop
      vertex -21.0568 -35.5444 -4.75572
      vertex -21.3124 -35.1508 -4.77907
      vertex -21.0568 -35.5444 4.75572
    endloop
  endfacet
  facet normal 0.838671 0.544638 0.000214216
    outer loop
      vertex -21.3124 -35.1508 -4.77907
      vertex -21.0568 -35.5444 -4.75572
      vertex -21.222 -35.29 -4.78991
    endloop
  endfacet
  facet normal -0.998639 0.0521464 0
    outer loop
      vertex -18.4649 -34.6635 -5.5651
      vertex -18.4503 -34.3839 5.74968
      vertex -18.4503 -34.3839 -5.74968
    endloop
  endfacet
  facet normal -0.998639 0.0521464 0
    outer loop
      vertex -18.4649 -34.6635 -5.5651
      vertex -18.4649 -34.6635 5.5651
      vertex -18.4503 -34.3839 5.74968
    endloop
  endfacet
  facet normal -0.998605 0.0528083 0
    outer loop
      vertex -18.4749 -34.8526 -5.43327
      vertex -18.4649 -34.6635 5.5651
      vertex -18.4649 -34.6635 -5.5651
    endloop
  endfacet
  facet normal -0.998605 0.0528083 0
    outer loop
      vertex -18.4649 -34.6635 5.5651
      vertex -18.4749 -34.8526 -5.43327
      vertex -18.4749 -34.8526 5.43327
    endloop
  endfacet
  facet normal -0.628975 -0.77742 0.0027797
    outer loop
      vertex -19.1921 -33.2417 6.32185
      vertex -18.8274 -33.537 6.25532
      vertex -18.897 -33.4806 6.28044
    endloop
  endfacet
  facet normal -0.629284 -0.777175 0
    outer loop
      vertex -19.1921 -33.2417 6.32185
      vertex -18.8274 -33.537 -6.25532
      vertex -18.8274 -33.537 6.25532
    endloop
  endfacet
  facet normal -0.629284 -0.777175 0
    outer loop
      vertex -19.1921 -33.2417 -6.32185
      vertex -18.8274 -33.537 -6.25532
      vertex -19.1921 -33.2417 6.32185
    endloop
  endfacet
  facet normal -0.628975 -0.77742 -0.0027797
    outer loop
      vertex -18.8274 -33.537 -6.25532
      vertex -19.1921 -33.2417 -6.32185
      vertex -18.897 -33.4806 -6.28044
    endloop
  endfacet
  facet normal 0.93356 -0.358422 0
    outer loop
      vertex -21.4093 -34.2288 4.95054
      vertex -21.2411 -33.7907 -5.15628
      vertex -21.2411 -33.7907 5.15628
    endloop
  endfacet
  facet normal 0.93356 -0.358422 0
    outer loop
      vertex -21.2411 -33.7907 -5.15628
      vertex -21.4093 -34.2288 4.95054
      vertex -21.4093 -34.2288 -4.95054
    endloop
  endfacet
  facet normal 0.234966 -0.971183 0.03993
    outer loop
      vertex -20.5522 -33.1704 5.76246
      vertex -20.0989 -33.0489 6.05018
      vertex -20.5434 -33.168 5.76905
    endloop
  endfacet
  facet normal 0.258896 -0.965905 0
    outer loop
      vertex -20.5522 -33.1704 -5.76246
      vertex -20.0989 -33.0489 6.05018
      vertex -20.5522 -33.1704 5.76246
    endloop
  endfacet
  facet normal 0.234966 -0.971183 -0.03993
    outer loop
      vertex -20.0989 -33.0489 -6.05018
      vertex -20.5522 -33.1704 -5.76246
      vertex -20.5434 -33.168 -5.76905
    endloop
  endfacet
  facet normal 0.258896 -0.965905 0
    outer loop
      vertex -20.5522 -33.1704 -5.76246
      vertex -20.0989 -33.0489 -6.05018
      vertex -20.0989 -33.0489 6.05018
    endloop
  endfacet
  facet normal -0.546425 0.837467 0.00835784
    outer loop
      vertex -18.9384 -35.6554 4.94775
      vertex -19.332 -35.911 4.82616
      vertex -19.0971 -35.7585 4.90291
    endloop
  endfacet
  facet normal -0.544629 0.838677 0
    outer loop
      vertex -18.9384 -35.6554 4.94775
      vertex -19.332 -35.911 -4.82616
      vertex -19.332 -35.911 4.82616
    endloop
  endfacet
  facet normal -0.544525 0.838744 -5.92793e-06
    outer loop
      vertex -18.9384 -35.6554 4.94775
      vertex -19.0971 -35.7585 -4.90291
      vertex -19.332 -35.911 -4.82616
    endloop
  endfacet
  facet normal -0.544784 0.838576 0
    outer loop
      vertex -19.0971 -35.7585 -4.90291
      vertex -18.9384 -35.6554 4.94775
      vertex -18.9384 -35.6554 -4.94775
    endloop
  endfacet
  facet normal -0.359013 -0.933323 0.00415754
    outer loop
      vertex -19.6302 -33.0735 6.24999
      vertex -19.1921 -33.2417 6.32185
      vertex -19.3703 -33.1732 6.31138
    endloop
  endfacet
  facet normal -0.358422 -0.93356 0
    outer loop
      vertex -19.6302 -33.0735 -6.24999
      vertex -19.1921 -33.2417 6.32185
      vertex -19.6302 -33.0735 6.24999
    endloop
  endfacet
  facet normal -0.359013 -0.933323 -0.00415754
    outer loop
      vertex -19.1921 -33.2417 -6.32185
      vertex -19.6302 -33.0735 -6.24999
      vertex -19.3703 -33.1732 -6.31138
    endloop
  endfacet
  facet normal -0.358422 -0.93356 0
    outer loop
      vertex -19.6302 -33.0735 -6.24999
      vertex -19.1921 -33.2417 -6.32185
      vertex -19.1921 -33.2417 6.32185
    endloop
  endfacet
  facet normal -0.0524604 -0.998623 0.000110445
    outer loop
      vertex -20.0989 -33.0489 6.05018
      vertex -19.6302 -33.0735 6.24999
      vertex -19.9331 -33.0576 6.13996
    endloop
  endfacet
  facet normal -0.0524135 -0.998625 0
    outer loop
      vertex -20.0989 -33.0489 -6.05018
      vertex -19.6302 -33.0735 6.24999
      vertex -20.0989 -33.0489 6.05018
    endloop
  endfacet
  facet normal -0.0524604 -0.998623 -0.000110445
    outer loop
      vertex -19.6302 -33.0735 -6.24999
      vertex -20.0989 -33.0489 -6.05018
      vertex -19.9331 -33.0576 -6.13996
    endloop
  endfacet
  facet normal -0.0524135 -0.998625 0
    outer loop
      vertex -20.0989 -33.0489 -6.05018
      vertex -19.6302 -33.0735 -6.24999
      vertex -19.6302 -33.0735 6.24999
    endloop
  endfacet
  facet normal 0.36165 -0.626396 0.690535
    outer loop
      vertex -0.335272 -5.7145 22.6782
      vertex -19.3037 -38.5687 2.80982
      vertex 43.562 -2.27319 2.80982
    endloop
  endfacet
  facet normal 0.475778 -0.824073 0.307473
    outer loop
      vertex -18.6483 -39.4707 0.621621
      vertex 43.9916 -2.86439 1.80401
      vertex -18.8741 -39.1599 1.80401
    endloop
  endfacet
  facet normal 0.475777 -0.824071 0.307479
    outer loop
      vertex 43.9916 -2.86439 1.80401
      vertex -18.6483 -39.4707 0.621621
      vertex 44.2174 -3.1752 0.621621
    endloop
  endfacet
  facet normal -0.337073 0.337018 -0.879091
    outer loop
      vertex -22.4147 37.3559 -3.54058
      vertex -20.8405 35.7196 -4.77149
      vertex -21.0568 35.5444 -4.75572
    endloop
  endfacet
  facet normal -0.337064 0.337025 -0.879092
    outer loop
      vertex -22.4147 37.3559 -3.54058
      vertex -21.0568 35.5444 -4.75572
      vertex -21.222 35.29 -4.78991
    endloop
  endfacet
  facet normal -0.337045 0.337045 -0.879091
    outer loop
      vertex -20.8405 35.7196 -4.77149
      vertex -22.4147 37.3559 -3.54058
      vertex -22.0156 37.755 -3.54058
    endloop
  endfacet
  facet normal -0.337039 0.337039 -0.879096
    outer loop
      vertex -19.6302 33.0735 -6.24999
      vertex -3.04721 4.90079 -23.409
      vertex -3.44632 4.50168 -23.409
    endloop
  endfacet
  facet normal -0.336961 0.337091 -0.879106
    outer loop
      vertex -3.04721 4.90079 -23.409
      vertex -19.6302 33.0735 -6.24999
      vertex -19.3703 33.1732 -6.31138
    endloop
  endfacet
  facet normal -0.337029 0.337045 -0.879097
    outer loop
      vertex -19.6302 33.0735 -6.24999
      vertex -3.44632 4.50168 -23.409
      vertex -19.9331 33.0576 -6.13996
    endloop
  endfacet
  facet normal 0.940442 -0.148958 0.305583
    outer loop
      vertex 45.8352 0 0.621621
      vertex 45.451 0 1.80401
      vertex 45.6431 -1.21282 0.621621
    endloop
  endfacet
  facet normal -0.802473 0.127168 -0.58298
    outer loop
      vertex -23.7651 36.2955 -2.80982
      vertex -24.4958 36.2955 -1.80401
      vertex -23.6275 37.1638 -2.80982
    endloop
  endfacet
  facet normal 0.156443 -0.987687 0
    outer loop
      vertex -20.9552 -40.2203 -0.621621
      vertex -19.7424 -40.0282 0.621621
      vertex -20.9552 -40.2203 0.621621
    endloop
  endfacet
  facet normal 0.156443 -0.987687 0
    outer loop
      vertex -19.7424 -40.0282 0.621621
      vertex -20.9552 -40.2203 -0.621621
      vertex -19.7424 -40.0282 -0.621621
    endloop
  endfacet
  facet normal 0.802482 -0.12708 0.582986
    outer loop
      vertex 44.7203 0 2.80982
      vertex 44.5828 -0.868281 2.80982
      vertex 45.451 0 1.80401
    endloop
  endfacet
  facet normal 0.987687 -0.156441 0
    outer loop
      vertex 45.6431 -1.21282 0.621621
      vertex 45.8352 0 -0.621621
      vertex 45.8352 0 0.621621
    endloop
  endfacet
  facet normal 0.987687 -0.156441 0
    outer loop
      vertex 45.8352 0 -0.621621
      vertex 45.6431 -1.21282 0.621621
      vertex 45.6431 -1.21282 -0.621621
    endloop
  endfacet
  facet normal 0.36165 -0.626395 0.690535
    outer loop
      vertex 5.62525 -2.27319 22.6782
      vertex -0.335272 -5.7145 22.6782
      vertex 43.562 -2.27319 2.80982
    endloop
  endfacet
  facet normal 0.585245 -0.0926993 0.805541
    outer loop
      vertex 43.7145 0 3.54058
      vertex 43.6262 -0.55747 3.54058
      vertex 44.5828 -0.868281 2.80982
    endloop
  endfacet
  facet normal 0.278448 0.141876 -0.949915
    outer loop
      vertex 5.6894 0.55747 -23.409
      vertex 4.47659 0.365379 -23.7932
      vertex 5.43316 1.06037 -23.409
    endloop
  endfacet
  facet normal 0.26902 0.527984 -0.805519
    outer loop
      vertex -0.926468 4.90079 -23.409
      vertex -1.42937 5.15703 -23.409
      vertex -1.11856 6.11361 -22.6782
    endloop
  endfacet
  facet normal 0.368841 -0.723893 0.583039
    outer loop
      vertex -18.8741 -39.1599 1.80401
      vertex -20.087 -38.9678 2.80982
      vertex -19.8611 -39.6628 1.80401
    endloop
  endfacet
  facet normal 0.527941 0.268995 0.805556
    outer loop
      vertex 44.1837 1.65157 2.80982
      vertex 43.3699 1.06037 3.54058
      vertex 44.5828 0.868281 2.80982
    endloop
  endfacet
  facet normal -0.890997 -0.454009 0
    outer loop
      vertex -24.1304 -38.6024 -0.621621
      vertex -24.6879 -37.5083 0.621621
      vertex -24.6879 -37.5083 -0.621621
    endloop
  endfacet
  facet normal -0.890997 -0.454009 0
    outer loop
      vertex -24.6879 -37.5083 0.621621
      vertex -24.1304 -38.6024 -0.621621
      vertex -24.1304 -38.6024 0.621621
    endloop
  endfacet
  facet normal 0.26902 -0.527984 -0.805519
    outer loop
      vertex -1.11856 -6.11361 -22.6782
      vertex -1.42937 -5.15703 -23.409
      vertex -0.926468 -4.90079 -23.409
    endloop
  endfacet
  facet normal -0.574501 0.574501 0.583006
    outer loop
      vertex -23.0363 39.1599 1.80401
      vertex -23.2284 37.9471 2.80982
      vertex -22.6068 38.5687 2.80982
    endloop
  endfacet
  facet normal -0.574501 0.574501 0.583006
    outer loop
      vertex -23.2284 37.9471 2.80982
      vertex -23.0363 39.1599 1.80401
      vertex -23.8196 38.3766 1.80401
    endloop
  endfacet
  facet normal -0.848384 -0.432295 -0.305559
    outer loop
      vertex -24.1304 -38.6024 -0.621621
      vertex -24.6879 -37.5083 -0.621621
      vertex -23.8196 -38.3766 -1.80401
    endloop
  endfacet
  facet normal -0.940441 0.14896 0.305583
    outer loop
      vertex -24.6879 37.5083 0.621621
      vertex -24.88 36.2955 0.621621
      vertex -24.4958 36.2955 1.80401
    endloop
  endfacet
  facet normal 0.368835 0.7239 0.583034
    outer loop
      vertex -18.8741 39.1599 1.80401
      vertex -20.087 38.9678 2.80982
      vertex -19.3037 38.5687 2.80982
    endloop
  endfacet
  facet normal 0.574492 0.5745 0.583017
    outer loop
      vertex 43.9916 2.86439 1.80401
      vertex 44.1837 1.65157 2.80982
      vertex 44.7749 2.0811 1.80401
    endloop
  endfacet
  facet normal 0.574443 0.574517 0.583048
    outer loop
      vertex 44.1837 1.65157 2.80982
      vertex 43.9916 2.86439 1.80401
      vertex 43.562 2.27319 2.80982
    endloop
  endfacet
  facet normal 0.314679 -0.617585 0.720809
    outer loop
      vertex -1.11856 -6.11361 22.6782
      vertex -19.3037 -38.5687 2.80982
      vertex -0.335272 -5.7145 22.6782
    endloop
  endfacet
  facet normal 0.314665 -0.617583 0.720817
    outer loop
      vertex -19.3037 -38.5687 2.80982
      vertex -1.11856 -6.11361 22.6782
      vertex -20.087 -38.9678 2.80982
    endloop
  endfacet
  facet normal 0.940442 0.148958 0.305583
    outer loop
      vertex 45.6431 1.21282 0.621621
      vertex 45.451 0 1.80401
      vertex 45.8352 0 0.621621
    endloop
  endfacet
  facet normal 0.527941 -0.268995 0.805556
    outer loop
      vertex 44.5828 -0.868281 2.80982
      vertex 43.3699 -1.06037 3.54058
      vertex 44.1837 -1.65157 2.80982
    endloop
  endfacet
  facet normal 0.0873905 -0.551966 0.829274
    outer loop
      vertex -19.332 -35.911 4.82616
      vertex -20.3978 -38.0112 3.54058
      vertex -19.0971 -35.7585 4.90291
    endloop
  endfacet
  facet normal 0.0874092 -0.551972 0.829269
    outer loop
      vertex -19.7575 -36.025 4.79513
      vertex -20.3978 -38.0112 3.54058
      vertex -19.332 -35.911 4.82616
    endloop
  endfacet
  facet normal 0.0874411 -0.551978 0.829261
    outer loop
      vertex -20.3978 -38.0112 3.54058
      vertex -19.7575 -36.025 4.79513
      vertex -20.9552 -38.0995 3.54058
    endloop
  endfacet
  facet normal 0.0874779 -0.55199 0.829249
    outer loop
      vertex -1.42937 -5.15703 23.409
      vertex -18.5643 -33.9584 6.04494
      vertex -18.4503 -34.3839 5.74968
    endloop
  endfacet
  facet normal 0.0874291 -0.551971 0.829267
    outer loop
      vertex -18.5643 -33.9584 6.04494
      vertex -1.42937 -5.15703 23.409
      vertex -1.98684 -5.24533 23.409
    endloop
  endfacet
  facet normal 0.0875018 -0.551999 0.829241
    outer loop
      vertex -1.42937 -5.15703 23.409
      vertex -18.4503 -34.3839 5.74968
      vertex -18.4649 -34.6635 5.5651
    endloop
  endfacet
  facet normal 0.451506 -0.230041 0.862104
    outer loop
      vertex 5.6894 -0.55747 23.409
      vertex 38.6706 -0.881678 6.04941
      vertex 38.5054 -0.55747 6.22244
    endloop
  endfacet
  facet normal 0.451504 -0.230053 0.862102
    outer loop
      vertex 5.43316 -1.06037 23.409
      vertex 38.6706 -0.881678 6.04941
      vertex 5.6894 -0.55747 23.409
    endloop
  endfacet
  facet normal 0.451506 -0.230036 0.862106
    outer loop
      vertex 38.6706 -0.881678 6.04941
      vertex 5.43316 -1.06037 23.409
      vertex 38.8493 -1.06037 5.90814
    endloop
  endfacet
  facet normal 0.451502 -0.230105 0.862089
    outer loop
      vertex 41.2629 -0.55747 4.77831
      vertex 43.3699 -1.06037 3.54058
      vertex 43.6262 -0.55747 3.54058
    endloop
  endfacet
  facet normal 0.451513 -0.230068 0.862093
    outer loop
      vertex 41.0977 -0.881678 4.77831
      vertex 43.3699 -1.06037 3.54058
      vertex 41.2629 -0.55747 4.77831
    endloop
  endfacet
  facet normal 0.451509 -0.230088 0.86209
    outer loop
      vertex 43.3699 -1.06037 3.54058
      vertex 41.0977 -0.881678 4.77831
      vertex 40.919 -1.06037 4.82421
    endloop
  endfacet
  facet normal 0.723909 -0.368845 0.583018
    outer loop
      vertex 44.5828 -0.868281 2.80982
      vertex 44.1837 -1.65157 2.80982
      vertex 44.7749 -2.0811 1.80401
    endloop
  endfacet
  facet normal -0.368849 -0.723909 0.583015
    outer loop
      vertex -21.8235 -38.9678 2.80982
      vertex -23.0363 -39.1599 1.80401
      vertex -22.0493 -39.6628 1.80401
    endloop
  endfacet
  facet normal 0.36165 -0.626396 -0.690535
    outer loop
      vertex 43.562 -2.27319 -2.80982
      vertex -19.3037 -38.5687 -2.80982
      vertex -0.335272 -5.7145 -22.6782
    endloop
  endfacet
  facet normal 0.294961 -0.510887 -0.80746
    outer loop
      vertex -0.335272 -5.7145 -22.6782
      vertex 5.03406 -1.45948 -23.409
      vertex 5.62525 -2.27319 -22.6782
    endloop
  endfacet
  facet normal 0.29496 -0.510886 -0.807461
    outer loop
      vertex 5.03406 -1.45948 -23.409
      vertex -0.335272 -5.7145 -22.6782
      vertex -0.926468 -4.90079 -23.409
    endloop
  endfacet
  facet normal -0.0926946 -0.585246 -0.80554
    outer loop
      vertex -20.9552 -38.0995 -3.54058
      vertex -21.8235 -38.9678 -2.80982
      vertex -21.5127 -38.0112 -3.54058
    endloop
  endfacet
  facet normal -0.802473 -0.127168 -0.58298
    outer loop
      vertex -23.6275 -37.1638 -2.80982
      vertex -24.4958 -36.2955 -1.80401
      vertex -23.7651 -36.2955 -2.80982
    endloop
  endfacet
  facet normal -0.527971 0.269077 -0.805509
    outer loop
      vertex -22.671 36.853 -3.54058
      vertex -23.6275 37.1638 -2.80982
      vertex -22.4147 37.3559 -3.54058
    endloop
  endfacet
  facet normal 0.0488897 -0.308658 0.949916
    outer loop
      vertex -1.98684 -4.06293 23.7932
      vertex -1.98684 -5.24533 23.409
      vertex -1.42937 -5.15703 23.409
    endloop
  endfacet
  facet normal -0.631797 0.100065 -0.768647
    outer loop
      vertex -23.7651 36.2955 -2.80982
      vertex -4.65914 4.30959 -22.6782
      vertex -4.79666 3.44131 -22.6782
    endloop
  endfacet
  facet normal -0.63175 0.100114 -0.76868
    outer loop
      vertex -4.65914 4.30959 -22.6782
      vertex -23.7651 36.2955 -2.80982
      vertex -23.6275 37.1638 -2.80982
    endloop
  endfacet
  facet normal -0.723909 0.368849 0.583015
    outer loop
      vertex -23.8196 38.3766 1.80401
      vertex -24.3225 37.3896 1.80401
      vertex -23.6275 37.1638 2.80982
    endloop
  endfacet
  facet normal 0.527939 -0.269061 -0.805535
    outer loop
      vertex 44.5828 -0.868281 -2.80982
      vertex 43.3699 -1.06037 -3.54058
      vertex 43.6262 -0.55747 -3.54058
    endloop
  endfacet
  facet normal 0.419011 0.419011 -0.805518
    outer loop
      vertex 5.43316 1.06037 -23.409
      vertex 5.62525 2.27319 -22.6782
      vertex 6.24687 1.65157 -22.6782
    endloop
  endfacet
  facet normal 0.419019 0.419008 -0.805516
    outer loop
      vertex 5.62525 2.27319 -22.6782
      vertex 5.43316 1.06037 -23.409
      vertex 5.03406 1.45948 -23.409
    endloop
  endfacet
  facet normal -0.432269 0.848378 -0.305611
    outer loop
      vertex -22.0493 39.6628 -1.80401
      vertex -23.0363 39.1599 -1.80401
      vertex -22.1681 40.0282 -0.621621
    endloop
  endfacet
  facet normal 0.36165 0.626396 0.690535
    outer loop
      vertex 43.562 2.27319 2.80982
      vertex -19.3037 38.5687 2.80982
      vertex -0.335272 5.7145 22.6782
    endloop
  endfacet
  facet normal 0.574492 0.5745 -0.583017
    outer loop
      vertex 44.1837 1.65157 -2.80982
      vertex 43.9916 2.86439 -1.80401
      vertex 44.7749 2.0811 -1.80401
    endloop
  endfacet
  facet normal 0.574443 0.574517 -0.583048
    outer loop
      vertex 43.9916 2.86439 -1.80401
      vertex 44.1837 1.65157 -2.80982
      vertex 43.562 2.27319 -2.80982
    endloop
  endfacet
  facet normal 0.36165 0.626395 0.690535
    outer loop
      vertex 43.562 2.27319 2.80982
      vertex -0.335272 5.7145 22.6782
      vertex 5.62525 2.27319 22.6782
    endloop
  endfacet
  facet normal 0.269025 0.527984 0.805518
    outer loop
      vertex -0.335272 5.7145 22.6782
      vertex -1.11856 6.11361 22.6782
      vertex -0.926468 4.90079 23.409
    endloop
  endfacet
  facet normal 0.432274 0.848388 0.305578
    outer loop
      vertex -19.7424 40.0282 0.621621
      vertex -19.8611 39.6628 1.80401
      vertex -18.8741 39.1599 1.80401
    endloop
  endfacet
  facet normal 0.142648 -0.57119 0.808327
    outer loop
      vertex -18.4649 -34.6635 5.5651
      vertex -1.11856 -6.11361 22.6782
      vertex -1.42937 -5.15703 23.409
    endloop
  endfacet
  facet normal 0.142438 -0.571116 0.808417
    outer loop
      vertex -18.4749 -34.8526 5.43327
      vertex -1.11856 -6.11361 22.6782
      vertex -18.4649 -34.6635 5.5651
    endloop
  endfacet
  facet normal 0.142649 -0.57119 0.808327
    outer loop
      vertex -18.643 -35.2907 5.15336
      vertex -1.11856 -6.11361 22.6782
      vertex -18.4749 -34.8526 5.43327
    endloop
  endfacet
  facet normal 0.142663 -0.571195 0.808322
    outer loop
      vertex -18.643 -35.2907 5.15336
      vertex -20.087 -38.9678 2.80982
      vertex -1.11856 -6.11361 22.6782
    endloop
  endfacet
  facet normal 0.142495 -0.571162 0.808374
    outer loop
      vertex -18.9384 -35.6554 4.94775
      vertex -20.087 -38.9678 2.80982
      vertex -18.643 -35.2907 5.15336
    endloop
  endfacet
  facet normal 0.142691 -0.571194 0.808318
    outer loop
      vertex -19.0971 -35.7585 4.90291
      vertex -20.087 -38.9678 2.80982
      vertex -18.9384 -35.6554 4.94775
    endloop
  endfacet
  facet normal 0.142587 -0.57118 0.808346
    outer loop
      vertex -20.087 -38.9678 2.80982
      vertex -19.0971 -35.7585 4.90291
      vertex -20.3978 -38.0112 3.54058
    endloop
  endfacet
  facet normal 0.26902 -0.527984 0.805519
    outer loop
      vertex -0.926468 -4.90079 23.409
      vertex -1.42937 -5.15703 23.409
      vertex -1.11856 -6.11361 22.6782
    endloop
  endfacet
  facet normal -0.141882 -0.278445 0.949915
    outer loop
      vertex -2.35222 -3.94421 23.7932
      vertex -2.54431 -5.15703 23.409
      vertex -2.17893 -4.03251 23.7932
    endloop
  endfacet
  facet normal -0.309028 0 0.951053
    outer loop
      vertex -3.79086 3.44131 23.409
      vertex -2.60846 -3.44131 23.7932
      vertex -2.60846 3.44131 23.7932
    endloop
  endfacet
  facet normal -0.309028 0 0.951053
    outer loop
      vertex -2.60846 -3.44131 23.7932
      vertex -3.79086 3.44131 23.409
      vertex -3.79086 -3.44131 23.409
    endloop
  endfacet
  facet normal 0.368835 -0.7239 0.583034
    outer loop
      vertex -19.3037 -38.5687 2.80982
      vertex -20.087 -38.9678 2.80982
      vertex -18.8741 -39.1599 1.80401
    endloop
  endfacet
  facet normal 0.127086 -0.802443 -0.583038
    outer loop
      vertex -20.087 -38.9678 -2.80982
      vertex -20.9552 -39.8361 -1.80401
      vertex -20.9552 -39.1053 -2.80982
    endloop
  endfacet
  facet normal -0.269008 -0.527973 -0.80553
    outer loop
      vertex -21.8235 -38.9678 -2.80982
      vertex -22.6068 -38.5687 -2.80982
      vertex -22.0156 -37.755 -3.54058
    endloop
  endfacet
  facet normal -0.337039 -0.337039 0.879096
    outer loop
      vertex -19.6302 -33.0735 6.24999
      vertex -3.04721 -4.90079 23.409
      vertex -3.44632 -4.50168 23.409
    endloop
  endfacet
  facet normal -0.336961 -0.337091 0.879106
    outer loop
      vertex -3.04721 -4.90079 23.409
      vertex -19.6302 -33.0735 6.24999
      vertex -19.3703 -33.1732 6.31138
    endloop
  endfacet
  facet normal -0.337029 -0.337045 0.879097
    outer loop
      vertex -19.6302 -33.0735 6.24999
      vertex -3.44632 -4.50168 23.409
      vertex -19.9331 -33.0576 6.13996
    endloop
  endfacet
  facet normal -0.337073 -0.337018 0.879091
    outer loop
      vertex -22.4147 -37.3559 3.54058
      vertex -20.8405 -35.7196 4.77149
      vertex -21.0568 -35.5444 4.75572
    endloop
  endfacet
  facet normal -0.337064 -0.337025 0.879092
    outer loop
      vertex -22.4147 -37.3559 3.54058
      vertex -21.0568 -35.5444 4.75572
      vertex -21.222 -35.29 4.78991
    endloop
  endfacet
  facet normal -0.337045 -0.337045 0.879091
    outer loop
      vertex -20.8405 -35.7196 4.77149
      vertex -22.4147 -37.3559 3.54058
      vertex -22.0156 -37.755 3.54058
    endloop
  endfacet
  facet normal -0.809041 0 0.587752
    outer loop
      vertex -24.4958 -36.2955 1.80401
      vertex -23.7651 36.2955 2.80982
      vertex -24.4958 36.2955 1.80401
    endloop
  endfacet
  facet normal -0.809041 0 0.587752
    outer loop
      vertex -23.7651 36.2955 2.80982
      vertex -24.4958 -36.2955 1.80401
      vertex -23.7651 -36.2955 2.80982
    endloop
  endfacet
  facet normal -0.631797 -0.100065 0.768647
    outer loop
      vertex -23.7651 -36.2955 2.80982
      vertex -4.65914 -4.30959 22.6782
      vertex -4.79666 -3.44131 22.6782
    endloop
  endfacet
  facet normal -0.63175 -0.100114 0.76868
    outer loop
      vertex -4.65914 -4.30959 22.6782
      vertex -23.7651 -36.2955 2.80982
      vertex -23.6275 -37.1638 2.80982
    endloop
  endfacet
  facet normal 0.0488897 0.308658 0.949916
    outer loop
      vertex -1.98684 5.24533 23.409
      vertex -1.98684 4.06293 23.7932
      vertex -1.42937 5.15703 23.409
    endloop
  endfacet
  facet normal -0.723916 -0.368843 0.58301
    outer loop
      vertex -23.6275 -37.1638 2.80982
      vertex -23.8196 -38.3766 1.80401
      vertex -23.2284 -37.9471 2.80982
    endloop
  endfacet
  facet normal -0.723298 0 0.690536
    outer loop
      vertex -23.7651 36.2955 2.80982
      vertex -4.79666 -3.44131 22.6782
      vertex -4.79666 3.44131 22.6782
    endloop
  endfacet
  facet normal -0.723298 0 0.690536
    outer loop
      vertex -4.79666 -3.44131 22.6782
      vertex -23.7651 36.2955 2.80982
      vertex -23.7651 -36.2955 2.80982
    endloop
  endfacet
  facet normal 0.5 -0.866026 0
    outer loop
      vertex -18.6483 -39.4707 -0.621621
      vertex 44.2174 -3.1752 0.621621
      vertex -18.6483 -39.4707 0.621621
    endloop
  endfacet
  facet normal 0.5 -0.866026 0
    outer loop
      vertex 44.2174 -3.1752 0.621621
      vertex -18.6483 -39.4707 -0.621621
      vertex 44.2174 -3.1752 -0.621621
    endloop
  endfacet
  facet normal 0.269025 -0.527984 -0.805518
    outer loop
      vertex -0.335272 -5.7145 -22.6782
      vertex -1.11856 -6.11361 -22.6782
      vertex -0.926468 -4.90079 -23.409
    endloop
  endfacet
  facet normal 0.368841 -0.723893 -0.583039
    outer loop
      vertex -19.8611 -39.6628 -1.80401
      vertex -20.087 -38.9678 -2.80982
      vertex -18.8741 -39.1599 -1.80401
    endloop
  endfacet
  facet normal 0.127086 0.802443 -0.583038
    outer loop
      vertex -20.087 38.9678 -2.80982
      vertex -20.9552 39.1053 -2.80982
      vertex -20.9552 39.8361 -1.80401
    endloop
  endfacet
  facet normal 0.308658 0.0488897 -0.949916
    outer loop
      vertex 5.7777 0 -23.409
      vertex 4.5953 0 -23.7932
      vertex 5.6894 0.55747 -23.409
    endloop
  endfacet
  facet normal 0.585245 0.0926993 -0.805541
    outer loop
      vertex 43.7145 0 -3.54058
      vertex 43.6262 0.55747 -3.54058
      vertex 44.5828 0.868281 -2.80982
    endloop
  endfacet
  facet normal 0.585245 -0.0926993 -0.805541
    outer loop
      vertex 44.5828 -0.868281 -2.80982
      vertex 43.6262 -0.55747 -3.54058
      vertex 43.7145 0 -3.54058
    endloop
  endfacet
  facet normal 0.527941 -0.268995 -0.805556
    outer loop
      vertex 44.1837 -1.65157 -2.80982
      vertex 43.3699 -1.06037 -3.54058
      vertex 44.5828 -0.868281 -2.80982
    endloop
  endfacet
  facet normal 0.432295 0.848384 0.305559
    outer loop
      vertex -18.6483 39.4707 0.621621
      vertex -19.7424 40.0282 0.621621
      vertex -18.8741 39.1599 1.80401
    endloop
  endfacet
  facet normal 0.14896 0.940441 0.305583
    outer loop
      vertex -20.9552 40.2203 0.621621
      vertex -20.9552 39.8361 1.80401
      vertex -19.7424 40.0282 0.621621
    endloop
  endfacet
  facet normal 0.67328 0.673295 -0.305562
    outer loop
      vertex 45.0857 2.30692 -0.621621
      vertex 43.9916 2.86439 -1.80401
      vertex 44.2174 3.1752 -0.621621
    endloop
  endfacet
  facet normal 0.673282 0.673291 -0.305567
    outer loop
      vertex 43.9916 2.86439 -1.80401
      vertex 45.0857 2.30692 -0.621621
      vertex 44.7749 2.0811 -1.80401
    endloop
  endfacet
  facet normal 0.707099 -0.707115 0
    outer loop
      vertex 44.2174 -3.1752 0.621621
      vertex 45.0857 -2.30692 -0.621621
      vertex 45.0857 -2.30692 0.621621
    endloop
  endfacet
  facet normal 0.707099 -0.707115 0
    outer loop
      vertex 45.0857 -2.30692 -0.621621
      vertex 44.2174 -3.1752 0.621621
      vertex 44.2174 -3.1752 -0.621621
    endloop
  endfacet
  facet normal 0.527939 0.269061 0.805535
    outer loop
      vertex 44.5828 0.868281 2.80982
      vertex 43.3699 1.06037 3.54058
      vertex 43.6262 0.55747 3.54058
    endloop
  endfacet
  facet normal 0.141875 0.278446 0.949915
    outer loop
      vertex -1.42937 5.15703 23.409
      vertex -1.62146 3.94421 23.7932
      vertex -0.926468 4.90079 23.409
    endloop
  endfacet
  facet normal 0.278448 0.141876 0.949915
    outer loop
      vertex 5.43316 1.06037 23.409
      vertex 4.47659 0.365379 23.7932
      vertex 5.6894 0.55747 23.409
    endloop
  endfacet
  facet normal -0.0488897 -0.308658 0.949916
    outer loop
      vertex -1.98684 -4.06293 23.7932
      vertex -2.54431 -5.15703 23.409
      vertex -1.98684 -5.24533 23.409
    endloop
  endfacet
  facet normal -0.148961 -0.940437 -0.305595
    outer loop
      vertex -20.9552 -39.8361 -1.80401
      vertex -22.1681 -40.0282 -0.621621
      vertex -22.0493 -39.6628 -1.80401
    endloop
  endfacet
  facet normal 0.148961 -0.940441 0.305584
    outer loop
      vertex -19.8611 -39.6628 1.80401
      vertex -20.9552 -39.8361 1.80401
      vertex -19.7424 -40.0282 0.621621
    endloop
  endfacet
  facet normal 0.451502 -0.230105 -0.862089
    outer loop
      vertex 43.3699 -1.06037 -3.54058
      vertex 41.2629 -0.55747 -4.77831
      vertex 43.6262 -0.55747 -3.54058
    endloop
  endfacet
  facet normal 0.451513 -0.230068 -0.862093
    outer loop
      vertex 43.3699 -1.06037 -3.54058
      vertex 41.0977 -0.881678 -4.77831
      vertex 41.2629 -0.55747 -4.77831
    endloop
  endfacet
  facet normal 0.451509 -0.230088 -0.86209
    outer loop
      vertex 41.0977 -0.881678 -4.77831
      vertex 43.3699 -1.06037 -3.54058
      vertex 40.919 -1.06037 -4.82421
    endloop
  endfacet
  facet normal 0.451506 -0.230041 -0.862104
    outer loop
      vertex 38.6706 -0.881678 -6.04941
      vertex 5.6894 -0.55747 -23.409
      vertex 38.5054 -0.55747 -6.22244
    endloop
  endfacet
  facet normal 0.451506 -0.230036 -0.862106
    outer loop
      vertex 5.43316 -1.06037 -23.409
      vertex 38.6706 -0.881678 -6.04941
      vertex 38.8493 -1.06037 -5.90814
    endloop
  endfacet
  facet normal 0.451504 -0.230053 -0.862102
    outer loop
      vertex 38.6706 -0.881678 -6.04941
      vertex 5.43316 -1.06037 -23.409
      vertex 5.6894 -0.55747 -23.409
    endloop
  endfacet
  facet normal 0.0488897 -0.308658 -0.949916
    outer loop
      vertex -1.42937 -5.15703 -23.409
      vertex -1.98684 -5.24533 -23.409
      vertex -1.98684 -4.06293 -23.7932
    endloop
  endfacet
  facet normal 0.432295 -0.848384 -0.305559
    outer loop
      vertex -18.6483 -39.4707 -0.621621
      vertex -19.7424 -40.0282 -0.621621
      vertex -18.8741 -39.1599 -1.80401
    endloop
  endfacet
  facet normal -0.432269 -0.848378 -0.305611
    outer loop
      vertex -22.1681 -40.0282 -0.621621
      vertex -23.0363 -39.1599 -1.80401
      vertex -22.0493 -39.6628 -1.80401
    endloop
  endfacet
  facet normal -0.940441 -0.14896 0.305583
    outer loop
      vertex -24.4958 -36.2955 1.80401
      vertex -24.88 -36.2955 0.621621
      vertex -24.6879 -37.5083 0.621621
    endloop
  endfacet
  facet normal -0.268974 0.527974 0.805541
    outer loop
      vertex -21.8235 38.9678 2.80982
      vertex -22.0156 37.755 3.54058
      vertex -21.5127 38.0112 3.54058
    endloop
  endfacet
  facet normal -0.527973 0.269008 -0.80553
    outer loop
      vertex -22.4147 37.3559 -3.54058
      vertex -23.6275 37.1638 -2.80982
      vertex -23.2284 37.9471 -2.80982
    endloop
  endfacet
  facet normal -0.585273 -0.0927038 0.805519
    outer loop
      vertex -3.79086 -3.44131 23.409
      vertex -4.65914 -4.30959 22.6782
      vertex -3.70256 -3.99878 23.409
    endloop
  endfacet
  facet normal -0.432326 -0.848367 0.305561
    outer loop
      vertex -23.0363 -39.1599 1.80401
      vertex -23.2621 -39.4707 0.621621
      vertex -22.1681 -40.0282 0.621621
    endloop
  endfacet
  facet normal -0.148948 -0.940443 0.305583
    outer loop
      vertex -20.9552 -39.8361 1.80401
      vertex -22.1681 -40.0282 0.621621
      vertex -20.9552 -40.2203 0.621621
    endloop
  endfacet
  facet normal 0.14896 -0.940441 0.305583
    outer loop
      vertex -20.9552 -39.8361 1.80401
      vertex -20.9552 -40.2203 0.621621
      vertex -19.7424 -40.0282 0.621621
    endloop
  endfacet
  facet normal -0.0767313 0.483141 0.872174
    outer loop
      vertex -18.5718 33.9306 6.05968
      vertex -1.98684 5.24533 23.409
      vertex -18.5643 33.9584 6.04494
    endloop
  endfacet
  facet normal -0.0765627 0.483221 0.872144
    outer loop
      vertex -18.8274 33.537 6.25532
      vertex -1.98684 5.24533 23.409
      vertex -18.5718 33.9306 6.05968
    endloop
  endfacet
  facet normal -0.076541 0.483231 0.87214
    outer loop
      vertex -1.98684 5.24533 23.409
      vertex -18.8274 33.537 6.25532
      vertex -2.54431 5.15703 23.409
    endloop
  endfacet
  facet normal -0.0767285 0.483143 0.872173
    outer loop
      vertex -2.54431 5.15703 23.409
      vertex -18.8274 33.537 6.25532
      vertex -18.897 33.4806 6.28044
    endloop
  endfacet
  facet normal -0.0752059 0.483864 0.871906
    outer loop
      vertex -20.9552 38.0995 3.54058
      vertex -19.7853 36.0325 4.78857
      vertex -19.7575 36.025 4.79513
    endloop
  endfacet
  facet normal -0.0765869 0.483224 0.872141
    outer loop
      vertex -20.9552 38.0995 3.54058
      vertex -20.2539 36.0079 4.76105
      vertex -19.7853 36.0325 4.78857
    endloop
  endfacet
  facet normal -0.0766261 0.483212 0.872143
    outer loop
      vertex -20.9552 38.0995 3.54058
      vertex -20.3375 35.9758 4.77149
      vertex -20.2539 36.0079 4.76105
    endloop
  endfacet
  facet normal -0.0765375 0.483235 0.872139
    outer loop
      vertex -20.3375 35.9758 4.77149
      vertex -20.9552 38.0995 3.54058
      vertex -21.5127 38.0112 3.54058
    endloop
  endfacet
  facet normal -0.127105 0.802455 0.583019
    outer loop
      vertex -20.9552 39.8361 1.80401
      vertex -22.0493 39.6628 1.80401
      vertex -21.8235 38.9678 2.80982
    endloop
  endfacet
  facet normal -0.723916 0.368843 0.58301
    outer loop
      vertex -23.2284 37.9471 2.80982
      vertex -23.8196 38.3766 1.80401
      vertex -23.6275 37.1638 2.80982
    endloop
  endfacet
  facet normal -0.432326 0.848367 -0.305561
    outer loop
      vertex -23.0363 39.1599 -1.80401
      vertex -23.2621 39.4707 -0.621621
      vertex -22.1681 40.0282 -0.621621
    endloop
  endfacet
  facet normal -0.802473 -0.127168 0.58298
    outer loop
      vertex -23.7651 -36.2955 2.80982
      vertex -24.4958 -36.2955 1.80401
      vertex -23.6275 -37.1638 2.80982
    endloop
  endfacet
  facet normal -0.269008 -0.527973 0.80553
    outer loop
      vertex -22.0156 -37.755 3.54058
      vertex -22.6068 -38.5687 2.80982
      vertex -21.8235 -38.9678 2.80982
    endloop
  endfacet
  facet normal 0.940442 -0.148958 -0.305583
    outer loop
      vertex 45.6431 -1.21282 -0.621621
      vertex 45.451 0 -1.80401
      vertex 45.8352 0 -0.621621
    endloop
  endfacet
  facet normal 0.527941 0.268995 -0.805556
    outer loop
      vertex 44.5828 0.868281 -2.80982
      vertex 43.3699 1.06037 -3.54058
      vertex 44.1837 1.65157 -2.80982
    endloop
  endfacet
  facet normal 0.723906 -0.368847 -0.58302
    outer loop
      vertex 44.7749 -2.0811 -1.80401
      vertex 44.5828 -0.868281 -2.80982
      vertex 45.2778 -1.0941 -1.80401
    endloop
  endfacet
  facet normal 0.368835 -0.7239 -0.583034
    outer loop
      vertex -18.8741 -39.1599 -1.80401
      vertex -20.087 -38.9678 -2.80982
      vertex -19.3037 -38.5687 -2.80982
    endloop
  endfacet
  facet normal 0.314679 0.617585 -0.720809
    outer loop
      vertex -1.11856 6.11361 -22.6782
      vertex -19.3037 38.5687 -2.80982
      vertex -0.335272 5.7145 -22.6782
    endloop
  endfacet
  facet normal 0.314665 0.617583 -0.720817
    outer loop
      vertex -19.3037 38.5687 -2.80982
      vertex -1.11856 6.11361 -22.6782
      vertex -20.087 38.9678 -2.80982
    endloop
  endfacet
  facet normal 0.405268 0.701944 -0.58569
    outer loop
      vertex 43.562 2.27319 -2.80982
      vertex -18.8741 39.1599 -1.80401
      vertex 43.9916 2.86439 -1.80401
    endloop
  endfacet
  facet normal 0.405268 0.701944 -0.58569
    outer loop
      vertex -18.8741 39.1599 -1.80401
      vertex 43.562 2.27319 -2.80982
      vertex -19.3037 38.5687 -2.80982
    endloop
  endfacet
  facet normal 0.723909 0.368845 -0.583018
    outer loop
      vertex 44.5828 0.868281 -2.80982
      vertex 44.1837 1.65157 -2.80982
      vertex 44.7749 2.0811 -1.80401
    endloop
  endfacet
  facet normal 0.308658 -0.0488897 -0.949916
    outer loop
      vertex 5.6894 -0.55747 -23.409
      vertex 4.5953 0 -23.7932
      vertex 5.7777 0 -23.409
    endloop
  endfacet
  facet normal 0.22098 0.220974 -0.949915
    outer loop
      vertex 4.47659 0.365379 -23.7932
      vertex 5.03406 1.45948 -23.409
      vertex 5.43316 1.06037 -23.409
    endloop
  endfacet
  facet normal 0.220969 0.22098 -0.949916
    outer loop
      vertex 5.03406 1.45948 -23.409
      vertex 4.47659 0.365379 -23.7932
      vertex 4.33906 0.502902 -23.7932
    endloop
  endfacet
  facet normal 0.5 0.866026 -0
    outer loop
      vertex 44.2174 3.1752 -0.621621
      vertex -18.6483 39.4707 0.621621
      vertex 44.2174 3.1752 0.621621
    endloop
  endfacet
  facet normal 0.5 0.866026 0
    outer loop
      vertex -18.6483 39.4707 0.621621
      vertex 44.2174 3.1752 -0.621621
      vertex -18.6483 39.4707 -0.621621
    endloop
  endfacet
  facet normal -0.148948 0.940443 0.305583
    outer loop
      vertex -20.9552 40.2203 0.621621
      vertex -22.1681 40.0282 0.621621
      vertex -20.9552 39.8361 1.80401
    endloop
  endfacet
  facet normal -0.0926946 0.585246 0.80554
    outer loop
      vertex -20.9552 38.0995 3.54058
      vertex -21.8235 38.9678 2.80982
      vertex -21.5127 38.0112 3.54058
    endloop
  endfacet
  facet normal 0.368841 0.723893 0.583039
    outer loop
      vertex -19.8611 39.6628 1.80401
      vertex -20.087 38.9678 2.80982
      vertex -18.8741 39.1599 1.80401
    endloop
  endfacet
  facet normal 0.848414 0.432233 -0.305563
    outer loop
      vertex 45.6431 1.21282 -0.621621
      vertex 44.7749 2.0811 -1.80401
      vertex 45.0857 2.30692 -0.621621
    endloop
  endfacet
  facet normal 0.848414 0.432233 0.305563
    outer loop
      vertex 45.0857 2.30692 0.621621
      vertex 44.7749 2.0811 1.80401
      vertex 45.6431 1.21282 0.621621
    endloop
  endfacet
  facet normal 0.940442 0.148958 -0.305583
    outer loop
      vertex 45.8352 0 -0.621621
      vertex 45.451 0 -1.80401
      vertex 45.6431 1.21282 -0.621621
    endloop
  endfacet
  facet normal 0.420849 0.420903 -0.803572
    outer loop
      vertex 6.24687 1.65157 -22.6782
      vertex 43.562 2.27319 -2.80982
      vertex 44.1837 1.65157 -2.80982
    endloop
  endfacet
  facet normal 0.420859 0.420859 -0.803589
    outer loop
      vertex 43.562 2.27319 -2.80982
      vertex 6.24687 1.65157 -22.6782
      vertex 5.62525 2.27319 -22.6782
    endloop
  endfacet
  facet normal 0.462705 0.0732897 0.883478
    outer loop
      vertex 43.6262 0.55747 3.54058
      vertex 41.3842 0 4.76103
      vertex 43.7145 0 3.54058
    endloop
  endfacet
  facet normal 0.462687 0.0733671 0.883481
    outer loop
      vertex 43.6262 0.55747 3.54058
      vertex 41.3107 0.463525 4.76103
      vertex 41.3842 0 4.76103
    endloop
  endfacet
  facet normal 0.462716 0.0729247 0.883502
    outer loop
      vertex 41.3107 0.463525 4.76103
      vertex 43.6262 0.55747 3.54058
      vertex 41.2629 0.55747 4.77831
    endloop
  endfacet
  facet normal 0.462699 0.0733023 0.88348
    outer loop
      vertex 38.4576 0.463525 6.2553
      vertex 5.7777 0 23.409
      vertex 38.3842 0 6.3322
    endloop
  endfacet
  facet normal 0.46269 0.0735953 0.88346
    outer loop
      vertex 5.6894 0.55747 23.409
      vertex 38.4576 0.463525 6.2553
      vertex 38.5054 0.55747 6.22244
    endloop
  endfacet
  facet normal 0.4627 0.073289 0.88348
    outer loop
      vertex 38.4576 0.463525 6.2553
      vertex 5.6894 0.55747 23.409
      vertex 5.7777 0 23.409
    endloop
  endfacet
  facet normal 0.405268 -0.701944 0.58569
    outer loop
      vertex -18.8741 -39.1599 1.80401
      vertex 43.562 -2.27319 2.80982
      vertex -19.3037 -38.5687 2.80982
    endloop
  endfacet
  facet normal 0.405268 -0.701944 0.58569
    outer loop
      vertex 43.562 -2.27319 2.80982
      vertex -18.8741 -39.1599 1.80401
      vertex 43.9916 -2.86439 1.80401
    endloop
  endfacet
  facet normal -0.308658 -0.0488897 0.949916
    outer loop
      vertex -2.60846 -3.44131 23.7932
      vertex -3.79086 -3.44131 23.409
      vertex -3.70256 -3.99878 23.409
    endloop
  endfacet
  facet normal 0.141882 0.278445 0.949915
    outer loop
      vertex -1.42937 5.15703 23.409
      vertex -1.79475 4.03251 23.7932
      vertex -1.62146 3.94421 23.7932
    endloop
  endfacet
  facet normal 0.462705 -0.0732897 0.883478
    outer loop
      vertex 41.3842 0 4.76103
      vertex 43.6262 -0.55747 3.54058
      vertex 43.7145 0 3.54058
    endloop
  endfacet
  facet normal 0.462687 -0.0733671 0.883481
    outer loop
      vertex 41.3107 -0.463525 4.76103
      vertex 43.6262 -0.55747 3.54058
      vertex 41.3842 0 4.76103
    endloop
  endfacet
  facet normal 0.462716 -0.0729247 0.883502
    outer loop
      vertex 43.6262 -0.55747 3.54058
      vertex 41.3107 -0.463525 4.76103
      vertex 41.2629 -0.55747 4.77831
    endloop
  endfacet
  facet normal 0.462699 -0.0733023 0.88348
    outer loop
      vertex 5.7777 0 23.409
      vertex 38.4576 -0.463525 6.2553
      vertex 38.3842 0 6.3322
    endloop
  endfacet
  facet normal 0.4627 -0.073289 0.88348
    outer loop
      vertex 5.6894 -0.55747 23.409
      vertex 38.4576 -0.463525 6.2553
      vertex 5.7777 0 23.409
    endloop
  endfacet
  facet normal 0.46269 -0.0735953 0.88346
    outer loop
      vertex 38.4576 -0.463525 6.2553
      vertex 5.6894 -0.55747 23.409
      vertex 38.5054 -0.55747 6.22244
    endloop
  endfacet
  facet normal 0.419011 0.419011 0.805518
    outer loop
      vertex 5.62525 2.27319 22.6782
      vertex 5.43316 1.06037 23.409
      vertex 6.24687 1.65157 22.6782
    endloop
  endfacet
  facet normal 0.419019 0.419008 0.805516
    outer loop
      vertex 5.43316 1.06037 23.409
      vertex 5.62525 2.27319 22.6782
      vertex 5.03406 1.45948 23.409
    endloop
  endfacet
  facet normal -0.308658 0.0488897 0.949916
    outer loop
      vertex -3.70256 3.99878 23.409
      vertex -3.79086 3.44131 23.409
      vertex -2.60846 3.44131 23.7932
    endloop
  endfacet
  facet normal -0.210778 0.413869 0.885599
    outer loop
      vertex -19.1921 33.2417 6.32185
      vertex -2.54431 5.15703 23.409
      vertex -18.897 33.4806 6.28044
    endloop
  endfacet
  facet normal -0.210854 0.413825 0.885601
    outer loop
      vertex -2.54431 5.15703 23.409
      vertex -19.1921 33.2417 6.32185
      vertex -3.04721 4.90079 23.409
    endloop
  endfacet
  facet normal -0.211063 0.413709 0.885606
    outer loop
      vertex -3.04721 4.90079 23.409
      vertex -19.1921 33.2417 6.32185
      vertex -19.3703 33.1732 6.31138
    endloop
  endfacet
  facet normal -0.210813 0.413848 0.8856
    outer loop
      vertex -21.5127 38.0112 3.54058
      vertex -20.6921 35.8397 4.75068
      vertex -20.3375 35.9758 4.77149
    endloop
  endfacet
  facet normal -0.21083 0.413842 0.885599
    outer loop
      vertex -22.0156 37.755 3.54058
      vertex -20.6921 35.8397 4.75068
      vertex -21.5127 38.0112 3.54058
    endloop
  endfacet
  facet normal -0.210768 0.413882 0.885595
    outer loop
      vertex -20.6921 35.8397 4.75068
      vertex -22.0156 37.755 3.54058
      vertex -20.8405 35.7196 4.77149
    endloop
  endfacet
  facet normal 0.432274 -0.848388 0.305578
    outer loop
      vertex -18.8741 -39.1599 1.80401
      vertex -19.8611 -39.6628 1.80401
      vertex -19.7424 -40.0282 0.621621
    endloop
  endfacet
  facet normal 0.127104 -0.802449 0.583027
    outer loop
      vertex -20.087 -38.9678 2.80982
      vertex -20.9552 -39.8361 1.80401
      vertex -19.8611 -39.6628 1.80401
    endloop
  endfacet
  facet normal 0.432274 -0.848388 -0.305578
    outer loop
      vertex -19.7424 -40.0282 -0.621621
      vertex -19.8611 -39.6628 -1.80401
      vertex -18.8741 -39.1599 -1.80401
    endloop
  endfacet
  facet normal -0.156431 -0.987689 0
    outer loop
      vertex -22.1681 -40.0282 -0.621621
      vertex -20.9552 -40.2203 0.621621
      vertex -22.1681 -40.0282 0.621621
    endloop
  endfacet
  facet normal -0.156431 -0.987689 -0
    outer loop
      vertex -20.9552 -40.2203 0.621621
      vertex -22.1681 -40.0282 -0.621621
      vertex -20.9552 -40.2203 -0.621621
    endloop
  endfacet
  facet normal 0.454009 -0.890997 0
    outer loop
      vertex -19.7424 -40.0282 -0.621621
      vertex -18.6483 -39.4707 0.621621
      vertex -19.7424 -40.0282 0.621621
    endloop
  endfacet
  facet normal 0.454009 -0.890997 0
    outer loop
      vertex -18.6483 -39.4707 0.621621
      vertex -19.7424 -40.0282 -0.621621
      vertex -18.6483 -39.4707 -0.621621
    endloop
  endfacet
  facet normal -0.723298 0 -0.690536
    outer loop
      vertex -4.79666 -3.44131 -22.6782
      vertex -23.7651 36.2955 -2.80982
      vertex -4.79666 3.44131 -22.6782
    endloop
  endfacet
  facet normal -0.723298 -0 -0.690536
    outer loop
      vertex -23.7651 36.2955 -2.80982
      vertex -4.79666 -3.44131 -22.6782
      vertex -23.7651 -36.2955 -2.80982
    endloop
  endfacet
  facet normal -0.278445 -0.141882 -0.949915
    outer loop
      vertex -2.48974 -3.80669 -23.7932
      vertex -3.70256 -3.99878 -23.409
      vertex -2.57804 -3.6334 -23.7932
    endloop
  endfacet
  facet normal -0.63175 -0.100114 -0.76868
    outer loop
      vertex -23.7651 -36.2955 -2.80982
      vertex -4.65914 -4.30959 -22.6782
      vertex -23.6275 -37.1638 -2.80982
    endloop
  endfacet
  facet normal -0.631797 -0.100065 -0.768647
    outer loop
      vertex -4.65914 -4.30959 -22.6782
      vertex -23.7651 -36.2955 -2.80982
      vertex -4.79666 -3.44131 -22.6782
    endloop
  endfacet
  facet normal -0.940441 -0.148961 -0.305584
    outer loop
      vertex -24.3225 -37.3896 -1.80401
      vertex -24.6879 -37.5083 -0.621621
      vertex -24.4958 -36.2955 -1.80401
    endloop
  endfacet
  facet normal -0.848388 -0.432274 -0.305578
    outer loop
      vertex -23.8196 -38.3766 -1.80401
      vertex -24.6879 -37.5083 -0.621621
      vertex -24.3225 -37.3896 -1.80401
    endloop
  endfacet
  facet normal 0.0874779 -0.55199 -0.829249
    outer loop
      vertex -18.5643 -33.9584 -6.04494
      vertex -1.42937 -5.15703 -23.409
      vertex -18.4503 -34.3839 -5.74968
    endloop
  endfacet
  facet normal 0.0875018 -0.551999 -0.829241
    outer loop
      vertex -18.4503 -34.3839 -5.74968
      vertex -1.42937 -5.15703 -23.409
      vertex -18.4649 -34.6635 -5.5651
    endloop
  endfacet
  facet normal 0.0874291 -0.551971 -0.829267
    outer loop
      vertex -1.42937 -5.15703 -23.409
      vertex -18.5643 -33.9584 -6.04494
      vertex -1.98684 -5.24533 -23.409
    endloop
  endfacet
  facet normal 0.0873905 -0.551966 -0.829274
    outer loop
      vertex -20.3978 -38.0112 -3.54058
      vertex -19.332 -35.911 -4.82616
      vertex -19.0971 -35.7585 -4.90291
    endloop
  endfacet
  facet normal 0.0874092 -0.551972 -0.829269
    outer loop
      vertex -20.3978 -38.0112 -3.54058
      vertex -19.7575 -36.025 -4.79513
      vertex -19.332 -35.911 -4.82616
    endloop
  endfacet
  facet normal 0.0874411 -0.551978 -0.829261
    outer loop
      vertex -19.7575 -36.025 -4.79513
      vertex -20.3978 -38.0112 -3.54058
      vertex -20.9552 -38.0995 -3.54058
    endloop
  endfacet
  facet normal 0.475778 -0.824073 -0.307473
    outer loop
      vertex 43.9916 -2.86439 -1.80401
      vertex -18.6483 -39.4707 -0.621621
      vertex -18.8741 -39.1599 -1.80401
    endloop
  endfacet
  facet normal 0.475777 -0.824071 -0.307479
    outer loop
      vertex -18.6483 -39.4707 -0.621621
      vertex 43.9916 -2.86439 -1.80401
      vertex 44.2174 -3.1752 -0.621621
    endloop
  endfacet
  facet normal 0.405268 -0.701944 -0.58569
    outer loop
      vertex 43.562 -2.27319 -2.80982
      vertex -18.8741 -39.1599 -1.80401
      vertex -19.3037 -38.5687 -2.80982
    endloop
  endfacet
  facet normal 0.405268 -0.701944 -0.58569
    outer loop
      vertex -18.8741 -39.1599 -1.80401
      vertex 43.562 -2.27319 -2.80982
      vertex 43.9916 -2.86439 -1.80401
    endloop
  endfacet
  facet normal -0.574501 -0.574501 -0.583006
    outer loop
      vertex -23.0363 -39.1599 -1.80401
      vertex -23.2284 -37.9471 -2.80982
      vertex -22.6068 -38.5687 -2.80982
    endloop
  endfacet
  facet normal -0.574501 -0.574501 -0.583006
    outer loop
      vertex -23.2284 -37.9471 -2.80982
      vertex -23.0363 -39.1599 -1.80401
      vertex -23.8196 -38.3766 -1.80401
    endloop
  endfacet
  facet normal -0.723916 0.368843 -0.58301
    outer loop
      vertex -23.6275 37.1638 -2.80982
      vertex -23.8196 38.3766 -1.80401
      vertex -23.2284 37.9471 -2.80982
    endloop
  endfacet
  facet normal -0.951052 0 -0.30903
    outer loop
      vertex -24.4958 -36.2955 -1.80401
      vertex -24.88 36.2955 -0.621621
      vertex -24.4958 36.2955 -1.80401
    endloop
  endfacet
  facet normal -0.951052 -0 -0.30903
    outer loop
      vertex -24.88 36.2955 -0.621621
      vertex -24.4958 -36.2955 -1.80401
      vertex -24.88 -36.2955 -0.621621
    endloop
  endfacet
  facet normal -0.127072 -0.802445 0.583039
    outer loop
      vertex -20.9552 -39.1053 2.80982
      vertex -21.8235 -38.9678 2.80982
      vertex -20.9552 -39.8361 1.80401
    endloop
  endfacet
  facet normal -0.432269 -0.848378 0.305611
    outer loop
      vertex -22.0493 -39.6628 1.80401
      vertex -23.0363 -39.1599 1.80401
      vertex -22.1681 -40.0282 0.621621
    endloop
  endfacet
  facet normal 0.127086 -0.802443 0.583038
    outer loop
      vertex -20.9552 -39.1053 2.80982
      vertex -20.9552 -39.8361 1.80401
      vertex -20.087 -38.9678 2.80982
    endloop
  endfacet
  facet normal -0.574501 -0.574501 0.583006
    outer loop
      vertex -23.2284 -37.9471 2.80982
      vertex -23.0363 -39.1599 1.80401
      vertex -22.6068 -38.5687 2.80982
    endloop
  endfacet
  facet normal -0.574501 -0.574501 0.583006
    outer loop
      vertex -23.0363 -39.1599 1.80401
      vertex -23.2284 -37.9471 2.80982
      vertex -23.8196 -38.3766 1.80401
    endloop
  endfacet
  facet normal 0.314679 0.617585 0.720809
    outer loop
      vertex -19.3037 38.5687 2.80982
      vertex -1.11856 6.11361 22.6782
      vertex -0.335272 5.7145 22.6782
    endloop
  endfacet
  facet normal 0.314665 0.617583 0.720817
    outer loop
      vertex -1.11856 6.11361 22.6782
      vertex -19.3037 38.5687 2.80982
      vertex -20.087 38.9678 2.80982
    endloop
  endfacet
  facet normal -0.0488808 -0.308663 0.949915
    outer loop
      vertex -2.17893 -4.03251 23.7932
      vertex -2.54431 -5.15703 23.409
      vertex -1.98684 -4.06293 23.7932
    endloop
  endfacet
  facet normal -0.564991 -0.162949 0.808847
    outer loop
      vertex -4.65914 -4.30959 22.6782
      vertex -20.5434 -33.168 5.76905
      vertex -3.70256 -3.99878 23.409
    endloop
  endfacet
  facet normal -0.561781 -0.165698 0.810523
    outer loop
      vertex -4.65914 -4.30959 22.6782
      vertex -20.5522 -33.1704 5.76246
      vertex -20.5434 -33.168 5.76905
    endloop
  endfacet
  facet normal -0.56495 -0.162983 0.808868
    outer loop
      vertex -4.65914 -4.30959 22.6782
      vertex -20.9458 -33.426 5.43605
      vertex -20.5522 -33.1704 5.76246
    endloop
  endfacet
  facet normal -0.56517 -0.162792 0.808753
    outer loop
      vertex -4.65914 -4.30959 22.6782
      vertex -21.2411 -33.7907 5.15628
      vertex -20.9458 -33.426 5.43605
    endloop
  endfacet
  facet normal -0.565021 -0.162915 0.808833
    outer loop
      vertex -23.6275 -37.1638 2.80982
      vertex -21.4339 -34.6975 4.83895
      vertex -21.4093 -34.2288 4.95054
    endloop
  endfacet
  facet normal -0.565022 -0.162914 0.808832
    outer loop
      vertex -23.6275 -37.1638 2.80982
      vertex -21.4093 -34.2288 4.95054
      vertex -21.2411 -33.7907 5.15628
    endloop
  endfacet
  facet normal -0.565005 -0.162934 0.80884
    outer loop
      vertex -21.4339 -34.6975 4.83895
      vertex -23.6275 -37.1638 2.80982
      vertex -22.671 -36.853 3.54058
    endloop
  endfacet
  facet normal -0.564979 -0.162959 0.808853
    outer loop
      vertex -23.6275 -37.1638 2.80982
      vertex -21.2411 -33.7907 5.15628
      vertex -4.65914 -4.30959 22.6782
    endloop
  endfacet
  facet normal -0.561463 -0.166068 0.810667
    outer loop
      vertex -21.4315 -34.7062 4.83883
      vertex -21.4339 -34.6975 4.83895
      vertex -22.671 -36.853 3.54058
    endloop
  endfacet
  facet normal -0.585277 -0.0926974 0.805517
    outer loop
      vertex -3.79086 -3.44131 23.409
      vertex -4.79666 -3.44131 22.6782
      vertex -4.65914 -4.30959 22.6782
    endloop
  endfacet
  facet normal -0.587808 0 0.809
    outer loop
      vertex -4.79666 3.44131 22.6782
      vertex -3.79086 -3.44131 23.409
      vertex -3.79086 3.44131 23.409
    endloop
  endfacet
  facet normal -0.587808 0 0.809
    outer loop
      vertex -3.79086 -3.44131 23.409
      vertex -4.79666 3.44131 22.6782
      vertex -4.79666 -3.44131 22.6782
    endloop
  endfacet
  facet normal -0.940441 -0.148961 0.305584
    outer loop
      vertex -24.4958 -36.2955 1.80401
      vertex -24.6879 -37.5083 0.621621
      vertex -24.3225 -37.3896 1.80401
    endloop
  endfacet
  facet normal -0.802455 -0.127105 0.583019
    outer loop
      vertex -23.6275 -37.1638 2.80982
      vertex -24.4958 -36.2955 1.80401
      vertex -24.3225 -37.3896 1.80401
    endloop
  endfacet
  facet normal 0.422046 -0.415343 0.805833
    outer loop
      vertex 40.7658 -1.21352 4.82551
      vertex 43.3699 -1.06037 3.54058
      vertex 40.919 -1.06037 4.82421
    endloop
  endfacet
  facet normal 0.422074 -0.415163 0.805912
    outer loop
      vertex 43.3699 -1.06037 3.54058
      vertex 40.7658 -1.21352 4.82551
      vertex 44.1837 -1.65157 2.80982
    endloop
  endfacet
  facet normal 0.422081 -0.41514 0.80592
    outer loop
      vertex 40.3477 -1.42658 4.93473
      vertex 44.1837 -1.65157 2.80982
      vertex 40.7658 -1.21352 4.82551
    endloop
  endfacet
  facet normal 0.422104 -0.415057 0.805951
    outer loop
      vertex 39.8842 -1.5 5.13967
      vertex 44.1837 -1.65157 2.80982
      vertex 40.3477 -1.42658 4.93473
    endloop
  endfacet
  facet normal 0.422052 -0.415265 0.80587
    outer loop
      vertex 39.8842 -1.5 5.13967
      vertex 6.24687 -1.65157 22.6782
      vertex 44.1837 -1.65157 2.80982
    endloop
  endfacet
  facet normal 0.422146 -0.414813 0.806054
    outer loop
      vertex 39.4206 -1.42658 5.42025
      vertex 6.24687 -1.65157 22.6782
      vertex 39.8842 -1.5 5.13967
    endloop
  endfacet
  facet normal 0.422047 -0.415299 0.805856
    outer loop
      vertex 39.0025 -1.21352 5.74902
      vertex 6.24687 -1.65157 22.6782
      vertex 39.4206 -1.42658 5.42025
    endloop
  endfacet
  facet normal 0.422081 -0.415125 0.805927
    outer loop
      vertex 38.8493 -1.06037 5.90814
      vertex 6.24687 -1.65157 22.6782
      vertex 39.0025 -1.21352 5.74902
    endloop
  endfacet
  facet normal 0.422055 -0.415258 0.805872
    outer loop
      vertex 6.24687 -1.65157 22.6782
      vertex 38.8493 -1.06037 5.90814
      vertex 5.43316 -1.06037 23.409
    endloop
  endfacet
  facet normal 0.420849 -0.420903 0.803572
    outer loop
      vertex 6.24687 -1.65157 22.6782
      vertex 43.562 -2.27319 2.80982
      vertex 44.1837 -1.65157 2.80982
    endloop
  endfacet
  facet normal 0.420859 -0.420859 0.803589
    outer loop
      vertex 43.562 -2.27319 2.80982
      vertex 6.24687 -1.65157 22.6782
      vertex 5.62525 -2.27319 22.6782
    endloop
  endfacet
  facet normal 0.723906 0.368847 0.58302
    outer loop
      vertex 44.7749 2.0811 1.80401
      vertex 44.5828 0.868281 2.80982
      vertex 45.2778 1.0941 1.80401
    endloop
  endfacet
  facet normal 0.89103 -0.453944 0
    outer loop
      vertex 45.0857 -2.30692 0.621621
      vertex 45.6431 -1.21282 -0.621621
      vertex 45.6431 -1.21282 0.621621
    endloop
  endfacet
  facet normal 0.89103 -0.453944 0
    outer loop
      vertex 45.6431 -1.21282 -0.621621
      vertex 45.0857 -2.30692 0.621621
      vertex 45.0857 -2.30692 -0.621621
    endloop
  endfacet
  facet normal 0.848404 -0.432282 -0.305519
    outer loop
      vertex 45.6431 -1.21282 -0.621621
      vertex 44.7749 -2.0811 -1.80401
      vertex 45.2778 -1.0941 -1.80401
    endloop
  endfacet
  facet normal 0.314679 -0.617585 -0.720809
    outer loop
      vertex -19.3037 -38.5687 -2.80982
      vertex -1.11856 -6.11361 -22.6782
      vertex -0.335272 -5.7145 -22.6782
    endloop
  endfacet
  facet normal 0.314665 -0.617583 -0.720817
    outer loop
      vertex -1.11856 -6.11361 -22.6782
      vertex -19.3037 -38.5687 -2.80982
      vertex -20.087 -38.9678 -2.80982
    endloop
  endfacet
  facet normal 0.36165 0.626395 -0.690535
    outer loop
      vertex 5.62525 2.27319 -22.6782
      vertex -0.335272 5.7145 -22.6782
      vertex 43.562 2.27319 -2.80982
    endloop
  endfacet
  facet normal -0.148961 0.940437 -0.305595
    outer loop
      vertex -22.0493 39.6628 -1.80401
      vertex -22.1681 40.0282 -0.621621
      vertex -20.9552 39.8361 -1.80401
    endloop
  endfacet
  facet normal 0.14896 0.940441 -0.305583
    outer loop
      vertex -19.7424 40.0282 -0.621621
      vertex -20.9552 39.8361 -1.80401
      vertex -20.9552 40.2203 -0.621621
    endloop
  endfacet
  facet normal 0.454009 0.890997 -0
    outer loop
      vertex -18.6483 39.4707 -0.621621
      vertex -19.7424 40.0282 0.621621
      vertex -18.6483 39.4707 0.621621
    endloop
  endfacet
  facet normal 0.454009 0.890997 0
    outer loop
      vertex -19.7424 40.0282 0.621621
      vertex -18.6483 39.4707 -0.621621
      vertex -19.7424 40.0282 -0.621621
    endloop
  endfacet
  facet normal 0.432295 0.848384 -0.305559
    outer loop
      vertex -18.8741 39.1599 -1.80401
      vertex -19.7424 40.0282 -0.621621
      vertex -18.6483 39.4707 -0.621621
    endloop
  endfacet
  facet normal 0.0488897 0.308658 -0.949916
    outer loop
      vertex -1.42937 5.15703 -23.409
      vertex -1.98684 4.06293 -23.7932
      vertex -1.98684 5.24533 -23.409
    endloop
  endfacet
  facet normal -0.127105 0.802455 -0.583019
    outer loop
      vertex -21.8235 38.9678 -2.80982
      vertex -22.0493 39.6628 -1.80401
      vertex -20.9552 39.8361 -1.80401
    endloop
  endfacet
  facet normal 0.422046 0.415343 -0.805833
    outer loop
      vertex 40.7658 1.21352 -4.82551
      vertex 43.3699 1.06037 -3.54058
      vertex 40.919 1.06037 -4.82421
    endloop
  endfacet
  facet normal 0.422074 0.415163 -0.805912
    outer loop
      vertex 43.3699 1.06037 -3.54058
      vertex 40.7658 1.21352 -4.82551
      vertex 44.1837 1.65157 -2.80982
    endloop
  endfacet
  facet normal 0.422081 0.41514 -0.80592
    outer loop
      vertex 40.3477 1.42658 -4.93473
      vertex 44.1837 1.65157 -2.80982
      vertex 40.7658 1.21352 -4.82551
    endloop
  endfacet
  facet normal 0.422104 0.415057 -0.805951
    outer loop
      vertex 39.8842 1.5 -5.13967
      vertex 44.1837 1.65157 -2.80982
      vertex 40.3477 1.42658 -4.93473
    endloop
  endfacet
  facet normal 0.422052 0.415265 -0.80587
    outer loop
      vertex 39.8842 1.5 -5.13967
      vertex 6.24687 1.65157 -22.6782
      vertex 44.1837 1.65157 -2.80982
    endloop
  endfacet
  facet normal 0.422146 0.414813 -0.806054
    outer loop
      vertex 39.4206 1.42658 -5.42025
      vertex 6.24687 1.65157 -22.6782
      vertex 39.8842 1.5 -5.13967
    endloop
  endfacet
  facet normal 0.422047 0.415299 -0.805856
    outer loop
      vertex 39.0025 1.21352 -5.74902
      vertex 6.24687 1.65157 -22.6782
      vertex 39.4206 1.42658 -5.42025
    endloop
  endfacet
  facet normal 0.422081 0.415125 -0.805927
    outer loop
      vertex 38.8493 1.06037 -5.90814
      vertex 6.24687 1.65157 -22.6782
      vertex 39.0025 1.21352 -5.74902
    endloop
  endfacet
  facet normal 0.422055 0.415258 -0.805872
    outer loop
      vertex 6.24687 1.65157 -22.6782
      vertex 38.8493 1.06037 -5.90814
      vertex 5.43316 1.06037 -23.409
    endloop
  endfacet
  facet normal 0.294961 0.510887 -0.80746
    outer loop
      vertex 5.03406 1.45948 -23.409
      vertex -0.335272 5.7145 -22.6782
      vertex 5.62525 2.27319 -22.6782
    endloop
  endfacet
  facet normal 0.29496 0.510886 -0.807461
    outer loop
      vertex -0.335272 5.7145 -22.6782
      vertex 5.03406 1.45948 -23.409
      vertex -0.926468 4.90079 -23.409
    endloop
  endfacet
  facet normal 0.527939 0.269061 -0.805535
    outer loop
      vertex 43.6262 0.55747 -3.54058
      vertex 43.3699 1.06037 -3.54058
      vertex 44.5828 0.868281 -2.80982
    endloop
  endfacet
  facet normal 0.462699 0.0733023 -0.88348
    outer loop
      vertex 5.7777 0 -23.409
      vertex 38.4576 0.463525 -6.2553
      vertex 38.3842 0 -6.3322
    endloop
  endfacet
  facet normal 0.4627 0.073289 -0.88348
    outer loop
      vertex 5.6894 0.55747 -23.409
      vertex 38.4576 0.463525 -6.2553
      vertex 5.7777 0 -23.409
    endloop
  endfacet
  facet normal 0.46269 0.0735953 -0.88346
    outer loop
      vertex 38.4576 0.463525 -6.2553
      vertex 5.6894 0.55747 -23.409
      vertex 38.5054 0.55747 -6.22244
    endloop
  endfacet
  facet normal 0.462705 0.0732897 -0.883478
    outer loop
      vertex 41.3842 0 -4.76103
      vertex 43.6262 0.55747 -3.54058
      vertex 43.7145 0 -3.54058
    endloop
  endfacet
  facet normal 0.462687 0.0733671 -0.883481
    outer loop
      vertex 41.3107 0.463525 -4.76103
      vertex 43.6262 0.55747 -3.54058
      vertex 41.3842 0 -4.76103
    endloop
  endfacet
  facet normal 0.462716 0.0729247 -0.883502
    outer loop
      vertex 43.6262 0.55747 -3.54058
      vertex 41.3107 0.463525 -4.76103
      vertex 41.2629 0.55747 -4.77831
    endloop
  endfacet
  facet normal 0.802469 -0.127034 -0.583015
    outer loop
      vertex 45.2778 -1.0941 -1.80401
      vertex 44.5828 -0.868281 -2.80982
      vertex 45.451 0 -1.80401
    endloop
  endfacet
  facet normal 0.574492 -0.5745 -0.583017
    outer loop
      vertex 43.9916 -2.86439 -1.80401
      vertex 44.1837 -1.65157 -2.80982
      vertex 44.7749 -2.0811 -1.80401
    endloop
  endfacet
  facet normal 0.574443 -0.574517 -0.583048
    outer loop
      vertex 44.1837 -1.65157 -2.80982
      vertex 43.9916 -2.86439 -1.80401
      vertex 43.562 -2.27319 -2.80982
    endloop
  endfacet
  facet normal -0.156431 0.987689 0
    outer loop
      vertex -20.9552 40.2203 -0.621621
      vertex -22.1681 40.0282 0.621621
      vertex -20.9552 40.2203 0.621621
    endloop
  endfacet
  facet normal -0.156431 0.987689 0
    outer loop
      vertex -22.1681 40.0282 0.621621
      vertex -20.9552 40.2203 -0.621621
      vertex -22.1681 40.0282 -0.621621
    endloop
  endfacet
  facet normal 0.475777 0.824071 0.307479
    outer loop
      vertex -18.6483 39.4707 0.621621
      vertex 43.9916 2.86439 1.80401
      vertex 44.2174 3.1752 0.621621
    endloop
  endfacet
  facet normal 0.475778 0.824073 0.307473
    outer loop
      vertex 43.9916 2.86439 1.80401
      vertex -18.6483 39.4707 0.621621
      vertex -18.8741 39.1599 1.80401
    endloop
  endfacet
  facet normal 0.848404 0.432282 -0.305519
    outer loop
      vertex 45.2778 1.0941 -1.80401
      vertex 44.7749 2.0811 -1.80401
      vertex 45.6431 1.21282 -0.621621
    endloop
  endfacet
  facet normal 0.67328 0.673295 0.305562
    outer loop
      vertex 43.9916 2.86439 1.80401
      vertex 45.0857 2.30692 0.621621
      vertex 44.2174 3.1752 0.621621
    endloop
  endfacet
  facet normal 0.673282 0.673291 0.305567
    outer loop
      vertex 45.0857 2.30692 0.621621
      vertex 43.9916 2.86439 1.80401
      vertex 44.7749 2.0811 1.80401
    endloop
  endfacet
  facet normal 0.141875 -0.278446 0.949915
    outer loop
      vertex -0.926468 -4.90079 23.409
      vertex -1.62146 -3.94421 23.7932
      vertex -1.42937 -5.15703 23.409
    endloop
  endfacet
  facet normal 0.278449 -0.141869 0.949915
    outer loop
      vertex 4.56488 -0.192091 23.7932
      vertex 4.47659 -0.365379 23.7932
      vertex 5.6894 -0.55747 23.409
    endloop
  endfacet
  facet normal 0.527939 -0.269061 0.805535
    outer loop
      vertex 43.6262 -0.55747 3.54058
      vertex 43.3699 -1.06037 3.54058
      vertex 44.5828 -0.868281 2.80982
    endloop
  endfacet
  facet normal 0.308658 0.0488897 0.949916
    outer loop
      vertex 5.6894 0.55747 23.409
      vertex 4.5953 0 23.7932
      vertex 5.7777 0 23.409
    endloop
  endfacet
  facet normal 0.723909 0.368845 0.583018
    outer loop
      vertex 44.7749 2.0811 1.80401
      vertex 44.1837 1.65157 2.80982
      vertex 44.5828 0.868281 2.80982
    endloop
  endfacet
  facet normal 0.294961 0.510887 0.80746
    outer loop
      vertex -0.335272 5.7145 22.6782
      vertex 5.03406 1.45948 23.409
      vertex 5.62525 2.27319 22.6782
    endloop
  endfacet
  facet normal 0.29496 0.510886 0.807461
    outer loop
      vertex 5.03406 1.45948 23.409
      vertex -0.335272 5.7145 22.6782
      vertex -0.926468 4.90079 23.409
    endloop
  endfacet
  facet normal -0.278445 0.141882 0.949915
    outer loop
      vertex -2.48974 3.80669 23.7932
      vertex -3.70256 3.99878 23.409
      vertex -2.57804 3.6334 23.7932
    endloop
  endfacet
  facet normal -0.0488808 0.308663 0.949915
    outer loop
      vertex -1.98684 4.06293 23.7932
      vertex -2.54431 5.15703 23.409
      vertex -2.17893 4.03251 23.7932
    endloop
  endfacet
  facet normal -0.0488897 0.308658 0.949916
    outer loop
      vertex -1.98684 5.24533 23.409
      vertex -2.54431 5.15703 23.409
      vertex -1.98684 4.06293 23.7932
    endloop
  endfacet
  facet normal -0.336961 0.337091 0.879106
    outer loop
      vertex -19.6302 33.0735 6.24999
      vertex -3.04721 4.90079 23.409
      vertex -19.3703 33.1732 6.31138
    endloop
  endfacet
  facet normal -0.337039 0.337039 0.879096
    outer loop
      vertex -3.04721 4.90079 23.409
      vertex -19.6302 33.0735 6.24999
      vertex -3.44632 4.50168 23.409
    endloop
  endfacet
  facet normal -0.337029 0.337045 0.879097
    outer loop
      vertex -3.44632 4.50168 23.409
      vertex -19.6302 33.0735 6.24999
      vertex -19.9331 33.0576 6.13996
    endloop
  endfacet
  facet normal -0.337045 0.337045 0.879091
    outer loop
      vertex -22.4147 37.3559 3.54058
      vertex -20.8405 35.7196 4.77149
      vertex -22.0156 37.755 3.54058
    endloop
  endfacet
  facet normal -0.337073 0.337018 0.879091
    outer loop
      vertex -20.8405 35.7196 4.77149
      vertex -22.4147 37.3559 3.54058
      vertex -21.0568 35.5444 4.75572
    endloop
  endfacet
  facet normal -0.337064 0.337025 0.879092
    outer loop
      vertex -21.0568 35.5444 4.75572
      vertex -22.4147 37.3559 3.54058
      vertex -21.222 35.29 4.78991
    endloop
  endfacet
  facet normal -0.527973 0.269008 0.80553
    outer loop
      vertex -23.2284 37.9471 2.80982
      vertex -23.6275 37.1638 2.80982
      vertex -22.4147 37.3559 3.54058
    endloop
  endfacet
  facet normal 0.432295 -0.848384 0.305559
    outer loop
      vertex -18.8741 -39.1599 1.80401
      vertex -19.7424 -40.0282 0.621621
      vertex -18.6483 -39.4707 0.621621
    endloop
  endfacet
  facet normal -0.454042 -0.89098 0
    outer loop
      vertex -23.2621 -39.4707 -0.621621
      vertex -22.1681 -40.0282 0.621621
      vertex -23.2621 -39.4707 0.621621
    endloop
  endfacet
  facet normal -0.454042 -0.89098 -0
    outer loop
      vertex -22.1681 -40.0282 0.621621
      vertex -23.2621 -39.4707 -0.621621
      vertex -22.1681 -40.0282 -0.621621
    endloop
  endfacet
  facet normal 0.127104 -0.802449 -0.583027
    outer loop
      vertex -19.8611 -39.6628 -1.80401
      vertex -20.9552 -39.8361 -1.80401
      vertex -20.087 -38.9678 -2.80982
    endloop
  endfacet
  facet normal 0.148961 -0.940441 -0.305584
    outer loop
      vertex -19.7424 -40.0282 -0.621621
      vertex -20.9552 -39.8361 -1.80401
      vertex -19.8611 -39.6628 -1.80401
    endloop
  endfacet
  facet normal -0.148948 -0.940443 -0.305583
    outer loop
      vertex -20.9552 -40.2203 -0.621621
      vertex -22.1681 -40.0282 -0.621621
      vertex -20.9552 -39.8361 -1.80401
    endloop
  endfacet
  facet normal 0.14896 -0.940441 -0.305583
    outer loop
      vertex -19.7424 -40.0282 -0.621621
      vertex -20.9552 -40.2203 -0.621621
      vertex -20.9552 -39.8361 -1.80401
    endloop
  endfacet
  facet normal -0.561463 -0.166068 -0.810667
    outer loop
      vertex -21.4315 -34.7062 -4.83883
      vertex -22.671 -36.853 -3.54058
      vertex -21.4339 -34.6975 -4.83895
    endloop
  endfacet
  facet normal -0.564991 -0.162949 -0.808847
    outer loop
      vertex -20.5434 -33.168 -5.76905
      vertex -4.65914 -4.30959 -22.6782
      vertex -3.70256 -3.99878 -23.409
    endloop
  endfacet
  facet normal -0.561781 -0.165698 -0.810523
    outer loop
      vertex -20.5522 -33.1704 -5.76246
      vertex -4.65914 -4.30959 -22.6782
      vertex -20.5434 -33.168 -5.76905
    endloop
  endfacet
  facet normal -0.56495 -0.162983 -0.808868
    outer loop
      vertex -20.9458 -33.426 -5.43605
      vertex -4.65914 -4.30959 -22.6782
      vertex -20.5522 -33.1704 -5.76246
    endloop
  endfacet
  facet normal -0.56517 -0.162792 -0.808753
    outer loop
      vertex -21.2411 -33.7907 -5.15628
      vertex -4.65914 -4.30959 -22.6782
      vertex -20.9458 -33.426 -5.43605
    endloop
  endfacet
  facet normal -0.565005 -0.162934 -0.80884
    outer loop
      vertex -23.6275 -37.1638 -2.80982
      vertex -21.4339 -34.6975 -4.83895
      vertex -22.671 -36.853 -3.54058
    endloop
  endfacet
  facet normal -0.565021 -0.162915 -0.808833
    outer loop
      vertex -21.4339 -34.6975 -4.83895
      vertex -23.6275 -37.1638 -2.80982
      vertex -21.4093 -34.2288 -4.95054
    endloop
  endfacet
  facet normal -0.564979 -0.162959 -0.808853
    outer loop
      vertex -21.2411 -33.7907 -5.15628
      vertex -23.6275 -37.1638 -2.80982
      vertex -4.65914 -4.30959 -22.6782
    endloop
  endfacet
  facet normal -0.565022 -0.162914 -0.808832
    outer loop
      vertex -21.4093 -34.2288 -4.95054
      vertex -23.6275 -37.1638 -2.80982
      vertex -21.2411 -33.7907 -5.15628
    endloop
  endfacet
  facet normal -0.585273 -0.0927038 -0.805519
    outer loop
      vertex -3.70256 -3.99878 -23.409
      vertex -4.65914 -4.30959 -22.6782
      vertex -3.79086 -3.44131 -23.409
    endloop
  endfacet
  facet normal -0.723909 -0.368849 -0.583015
    outer loop
      vertex -23.8196 -38.3766 -1.80401
      vertex -24.3225 -37.3896 -1.80401
      vertex -23.6275 -37.1638 -2.80982
    endloop
  endfacet
  facet normal -0.802455 -0.127105 -0.583019
    outer loop
      vertex -24.3225 -37.3896 -1.80401
      vertex -24.4958 -36.2955 -1.80401
      vertex -23.6275 -37.1638 -2.80982
    endloop
  endfacet
  facet normal -0.940441 -0.14896 -0.305583
    outer loop
      vertex -24.6879 -37.5083 -0.621621
      vertex -24.88 -36.2955 -0.621621
      vertex -24.4958 -36.2955 -1.80401
    endloop
  endfacet
  facet normal -0.987687 -0.156443 0
    outer loop
      vertex -24.6879 -37.5083 -0.621621
      vertex -24.88 -36.2955 0.621621
      vertex -24.88 -36.2955 -0.621621
    endloop
  endfacet
  facet normal -0.987687 -0.156443 0
    outer loop
      vertex -24.88 -36.2955 0.621621
      vertex -24.6879 -37.5083 -0.621621
      vertex -24.6879 -37.5083 0.621621
    endloop
  endfacet
  facet normal 0.141875 -0.278446 -0.949915
    outer loop
      vertex -1.42937 -5.15703 -23.409
      vertex -1.62146 -3.94421 -23.7932
      vertex -0.926468 -4.90079 -23.409
    endloop
  endfacet
  facet normal 0.0927106 -0.585242 -0.805541
    outer loop
      vertex -20.087 -38.9678 -2.80982
      vertex -20.9552 -38.0995 -3.54058
      vertex -20.3978 -38.0112 -3.54058
    endloop
  endfacet
  facet normal -0.337045 -0.337045 -0.879091
    outer loop
      vertex -22.4147 -37.3559 -3.54058
      vertex -20.8405 -35.7196 -4.77149
      vertex -22.0156 -37.755 -3.54058
    endloop
  endfacet
  facet normal -0.337073 -0.337018 -0.879091
    outer loop
      vertex -20.8405 -35.7196 -4.77149
      vertex -22.4147 -37.3559 -3.54058
      vertex -21.0568 -35.5444 -4.75572
    endloop
  endfacet
  facet normal -0.337064 -0.337025 -0.879092
    outer loop
      vertex -21.0568 -35.5444 -4.75572
      vertex -22.4147 -37.3559 -3.54058
      vertex -21.222 -35.29 -4.78991
    endloop
  endfacet
  facet normal -0.336961 -0.337091 -0.879106
    outer loop
      vertex -19.6302 -33.0735 -6.24999
      vertex -3.04721 -4.90079 -23.409
      vertex -19.3703 -33.1732 -6.31138
    endloop
  endfacet
  facet normal -0.337039 -0.337039 -0.879096
    outer loop
      vertex -3.04721 -4.90079 -23.409
      vertex -19.6302 -33.0735 -6.24999
      vertex -3.44632 -4.50168 -23.409
    endloop
  endfacet
  facet normal -0.337029 -0.337045 -0.879097
    outer loop
      vertex -3.44632 -4.50168 -23.409
      vertex -19.6302 -33.0735 -6.24999
      vertex -19.9331 -33.0576 -6.13996
    endloop
  endfacet
  facet normal -0.802473 0.127168 0.58298
    outer loop
      vertex -23.6275 37.1638 2.80982
      vertex -24.4958 36.2955 1.80401
      vertex -23.7651 36.2955 2.80982
    endloop
  endfacet
  facet normal -0.707107 0.707107 0
    outer loop
      vertex -24.1304 38.6024 -0.621621
      vertex -23.2621 39.4707 0.621621
      vertex -23.2621 39.4707 -0.621621
    endloop
  endfacet
  facet normal -0.707107 0.707107 0
    outer loop
      vertex -23.2621 39.4707 0.621621
      vertex -24.1304 38.6024 -0.621621
      vertex -24.1304 38.6024 0.621621
    endloop
  endfacet
  facet normal -0.890997 0.454009 0
    outer loop
      vertex -24.6879 37.5083 -0.621621
      vertex -24.1304 38.6024 0.621621
      vertex -24.1304 38.6024 -0.621621
    endloop
  endfacet
  facet normal -0.890997 0.454009 0
    outer loop
      vertex -24.1304 38.6024 0.621621
      vertex -24.6879 37.5083 -0.621621
      vertex -24.6879 37.5083 0.621621
    endloop
  endfacet
  facet normal -0.848384 0.432295 -0.305559
    outer loop
      vertex -23.8196 38.3766 -1.80401
      vertex -24.6879 37.5083 -0.621621
      vertex -24.1304 38.6024 -0.621621
    endloop
  endfacet
  facet normal -0.210813 -0.413848 0.8856
    outer loop
      vertex -20.6921 -35.8397 4.75068
      vertex -21.5127 -38.0112 3.54058
      vertex -20.3375 -35.9758 4.77149
    endloop
  endfacet
  facet normal -0.210768 -0.413882 0.885595
    outer loop
      vertex -22.0156 -37.755 3.54058
      vertex -20.6921 -35.8397 4.75068
      vertex -20.8405 -35.7196 4.77149
    endloop
  endfacet
  facet normal -0.21083 -0.413842 0.885599
    outer loop
      vertex -20.6921 -35.8397 4.75068
      vertex -22.0156 -37.755 3.54058
      vertex -21.5127 -38.0112 3.54058
    endloop
  endfacet
  facet normal -0.210854 -0.413825 0.885601
    outer loop
      vertex -19.1921 -33.2417 6.32185
      vertex -2.54431 -5.15703 23.409
      vertex -3.04721 -4.90079 23.409
    endloop
  endfacet
  facet normal -0.210778 -0.413869 0.885599
    outer loop
      vertex -2.54431 -5.15703 23.409
      vertex -19.1921 -33.2417 6.32185
      vertex -18.897 -33.4806 6.28044
    endloop
  endfacet
  facet normal -0.211063 -0.413709 0.885606
    outer loop
      vertex -19.1921 -33.2417 6.32185
      vertex -3.04721 -4.90079 23.409
      vertex -19.3703 -33.1732 6.31138
    endloop
  endfacet
  facet normal 0.0927106 -0.585242 0.805541
    outer loop
      vertex -20.3978 -38.0112 3.54058
      vertex -20.9552 -38.0995 3.54058
      vertex -20.087 -38.9678 2.80982
    endloop
  endfacet
  facet normal -0.127105 -0.802455 0.583019
    outer loop
      vertex -21.8235 -38.9678 2.80982
      vertex -22.0493 -39.6628 1.80401
      vertex -20.9552 -39.8361 1.80401
    endloop
  endfacet
  facet normal -0.148961 -0.940437 0.305595
    outer loop
      vertex -22.0493 -39.6628 1.80401
      vertex -22.1681 -40.0282 0.621621
      vertex -20.9552 -39.8361 1.80401
    endloop
  endfacet
  facet normal -0.848384 -0.432295 0.305559
    outer loop
      vertex -23.8196 -38.3766 1.80401
      vertex -24.6879 -37.5083 0.621621
      vertex -24.1304 -38.6024 0.621621
    endloop
  endfacet
  facet normal -0.673289 -0.673289 0.305557
    outer loop
      vertex -24.1304 -38.6024 0.621621
      vertex -23.0363 -39.1599 1.80401
      vertex -23.8196 -38.3766 1.80401
    endloop
  endfacet
  facet normal -0.673289 -0.673289 0.305557
    outer loop
      vertex -23.0363 -39.1599 1.80401
      vertex -24.1304 -38.6024 0.621621
      vertex -23.2621 -39.4707 0.621621
    endloop
  endfacet
  facet normal 0.0926892 0.585257 0.805533
    outer loop
      vertex -20.9552 39.1053 2.80982
      vertex -20.9552 38.0995 3.54058
      vertex -20.087 38.9678 2.80982
    endloop
  endfacet
  facet normal -0.0926787 0.585257 0.805534
    outer loop
      vertex -20.9552 39.1053 2.80982
      vertex -21.8235 38.9678 2.80982
      vertex -20.9552 38.0995 3.54058
    endloop
  endfacet
  facet normal -0.527973 -0.269008 0.80553
    outer loop
      vertex -22.4147 -37.3559 3.54058
      vertex -23.6275 -37.1638 2.80982
      vertex -23.2284 -37.9471 2.80982
    endloop
  endfacet
  facet normal -0.278446 0.141875 0.949915
    outer loop
      vertex -3.44632 4.50168 23.409
      vertex -3.70256 3.99878 23.409
      vertex -2.48974 3.80669 23.7932
    endloop
  endfacet
  facet normal 0.155283 -0.268959 0.950552
    outer loop
      vertex 4.33906 -0.502902 23.7932
      vertex -0.926468 -4.90079 23.409
      vertex 5.03406 -1.45948 23.409
    endloop
  endfacet
  facet normal 0.155284 -0.268959 0.950551
    outer loop
      vertex -0.926468 -4.90079 23.409
      vertex 4.33906 -0.502902 23.7932
      vertex -1.62146 -3.94421 23.7932
    endloop
  endfacet
  facet normal 0.802469 -0.127034 0.583015
    outer loop
      vertex 45.451 0 1.80401
      vertex 44.5828 -0.868281 2.80982
      vertex 45.2778 -1.0941 1.80401
    endloop
  endfacet
  facet normal 0.723906 -0.368847 0.58302
    outer loop
      vertex 45.2778 -1.0941 1.80401
      vertex 44.5828 -0.868281 2.80982
      vertex 44.7749 -2.0811 1.80401
    endloop
  endfacet
  facet normal 0.723906 0.368847 -0.58302
    outer loop
      vertex 45.2778 1.0941 -1.80401
      vertex 44.5828 0.868281 -2.80982
      vertex 44.7749 2.0811 -1.80401
    endloop
  endfacet
  facet normal 0.987687 0.156441 0
    outer loop
      vertex 45.8352 0 0.621621
      vertex 45.6431 1.21282 -0.621621
      vertex 45.6431 1.21282 0.621621
    endloop
  endfacet
  facet normal 0.987687 0.156441 0
    outer loop
      vertex 45.6431 1.21282 -0.621621
      vertex 45.8352 0 0.621621
      vertex 45.8352 0 -0.621621
    endloop
  endfacet
  facet normal 0.848414 -0.432233 -0.305563
    outer loop
      vertex 45.0857 -2.30692 -0.621621
      vertex 44.7749 -2.0811 -1.80401
      vertex 45.6431 -1.21282 -0.621621
    endloop
  endfacet
  facet normal -0.432269 0.848378 0.305611
    outer loop
      vertex -22.1681 40.0282 0.621621
      vertex -23.0363 39.1599 1.80401
      vertex -22.0493 39.6628 1.80401
    endloop
  endfacet
  facet normal -0.148948 0.940443 -0.305583
    outer loop
      vertex -20.9552 39.8361 -1.80401
      vertex -22.1681 40.0282 -0.621621
      vertex -20.9552 40.2203 -0.621621
    endloop
  endfacet
  facet normal 0.475777 0.824071 -0.307479
    outer loop
      vertex 43.9916 2.86439 -1.80401
      vertex -18.6483 39.4707 -0.621621
      vertex 44.2174 3.1752 -0.621621
    endloop
  endfacet
  facet normal 0.475778 0.824073 -0.307473
    outer loop
      vertex -18.6483 39.4707 -0.621621
      vertex 43.9916 2.86439 -1.80401
      vertex -18.8741 39.1599 -1.80401
    endloop
  endfacet
  facet normal 0.148961 0.940441 -0.305584
    outer loop
      vertex -19.8611 39.6628 -1.80401
      vertex -20.9552 39.8361 -1.80401
      vertex -19.7424 40.0282 -0.621621
    endloop
  endfacet
  facet normal 0.127104 0.802449 0.583027
    outer loop
      vertex -19.8611 39.6628 1.80401
      vertex -20.9552 39.8361 1.80401
      vertex -20.087 38.9678 2.80982
    endloop
  endfacet
  facet normal 0.148961 0.940441 0.305584
    outer loop
      vertex -19.7424 40.0282 0.621621
      vertex -20.9552 39.8361 1.80401
      vertex -19.8611 39.6628 1.80401
    endloop
  endfacet
  facet normal 0.0927106 0.585242 -0.805541
    outer loop
      vertex -20.3978 38.0112 -3.54058
      vertex -20.9552 38.0995 -3.54058
      vertex -20.087 38.9678 -2.80982
    endloop
  endfacet
  facet normal -0.471955 0.240447 -0.8482
    outer loop
      vertex -22.671 36.853 -3.54058
      vertex -21.222 35.29 -4.78991
      vertex -21.3124 35.1508 -4.77907
    endloop
  endfacet
  facet normal -0.471963 0.240439 -0.848198
    outer loop
      vertex -22.671 36.853 -3.54058
      vertex -21.3124 35.1508 -4.77907
      vertex -21.4315 34.7062 -4.83883
    endloop
  endfacet
  facet normal -0.471905 0.240503 -0.848212
    outer loop
      vertex -21.222 35.29 -4.78991
      vertex -22.671 36.853 -3.54058
      vertex -22.4147 37.3559 -3.54058
    endloop
  endfacet
  facet normal -0.471944 0.240467 -0.848201
    outer loop
      vertex -20.0989 33.0489 -6.05018
      vertex -3.44632 4.50168 -23.409
      vertex -3.70256 3.99878 -23.409
    endloop
  endfacet
  facet normal -0.47192 0.240486 -0.848209
    outer loop
      vertex -3.44632 4.50168 -23.409
      vertex -20.0989 33.0489 -6.05018
      vertex -19.9331 33.0576 -6.13996
    endloop
  endfacet
  facet normal -0.472024 0.240406 -0.848174
    outer loop
      vertex -20.0989 33.0489 -6.05018
      vertex -3.70256 3.99878 -23.409
      vertex -20.5434 33.168 -5.76905
    endloop
  endfacet
  facet normal 0.155283 0.268959 -0.950552
    outer loop
      vertex 4.33906 0.502902 -23.7932
      vertex -0.926468 4.90079 -23.409
      vertex 5.03406 1.45948 -23.409
    endloop
  endfacet
  facet normal 0.155284 0.268959 -0.950551
    outer loop
      vertex -0.926468 4.90079 -23.409
      vertex 4.33906 0.502902 -23.7932
      vertex -1.62146 3.94421 -23.7932
    endloop
  endfacet
  facet normal 0.127104 0.802449 -0.583027
    outer loop
      vertex -20.087 38.9678 -2.80982
      vertex -20.9552 39.8361 -1.80401
      vertex -19.8611 39.6628 -1.80401
    endloop
  endfacet
  facet normal -0.585273 0.0927038 -0.805519
    outer loop
      vertex -3.79086 3.44131 -23.409
      vertex -4.65914 4.30959 -22.6782
      vertex -3.70256 3.99878 -23.409
    endloop
  endfacet
  facet normal 0.0488808 -0.308663 -0.949915
    outer loop
      vertex -1.42937 -5.15703 -23.409
      vertex -1.98684 -4.06293 -23.7932
      vertex -1.79475 -4.03251 -23.7932
    endloop
  endfacet
  facet normal 0.451506 0.230041 -0.862104
    outer loop
      vertex 5.6894 0.55747 -23.409
      vertex 38.6706 0.881678 -6.04941
      vertex 38.5054 0.55747 -6.22244
    endloop
  endfacet
  facet normal 0.451504 0.230053 -0.862102
    outer loop
      vertex 5.43316 1.06037 -23.409
      vertex 38.6706 0.881678 -6.04941
      vertex 5.6894 0.55747 -23.409
    endloop
  endfacet
  facet normal 0.451506 0.230036 -0.862106
    outer loop
      vertex 38.6706 0.881678 -6.04941
      vertex 5.43316 1.06037 -23.409
      vertex 38.8493 1.06037 -5.90814
    endloop
  endfacet
  facet normal 0.451502 0.230105 -0.862089
    outer loop
      vertex 41.2629 0.55747 -4.77831
      vertex 43.3699 1.06037 -3.54058
      vertex 43.6262 0.55747 -3.54058
    endloop
  endfacet
  facet normal 0.451513 0.230068 -0.862093
    outer loop
      vertex 41.0977 0.881678 -4.77831
      vertex 43.3699 1.06037 -3.54058
      vertex 41.2629 0.55747 -4.77831
    endloop
  endfacet
  facet normal 0.451509 0.230088 -0.86209
    outer loop
      vertex 43.3699 1.06037 -3.54058
      vertex 41.0977 0.881678 -4.77831
      vertex 40.919 1.06037 -4.82421
    endloop
  endfacet
  facet normal 0.673282 -0.673291 -0.305567
    outer loop
      vertex 45.0857 -2.30692 -0.621621
      vertex 43.9916 -2.86439 -1.80401
      vertex 44.7749 -2.0811 -1.80401
    endloop
  endfacet
  facet normal 0.67328 -0.673295 -0.305562
    outer loop
      vertex 43.9916 -2.86439 -1.80401
      vertex 45.0857 -2.30692 -0.621621
      vertex 44.2174 -3.1752 -0.621621
    endloop
  endfacet
  facet normal 0.419011 -0.419011 -0.805518
    outer loop
      vertex 5.62525 -2.27319 -22.6782
      vertex 5.43316 -1.06037 -23.409
      vertex 6.24687 -1.65157 -22.6782
    endloop
  endfacet
  facet normal 0.419019 -0.419008 -0.805516
    outer loop
      vertex 5.43316 -1.06037 -23.409
      vertex 5.62525 -2.27319 -22.6782
      vertex 5.03406 -1.45948 -23.409
    endloop
  endfacet
  facet normal 0.462705 -0.0732897 -0.883478
    outer loop
      vertex 43.6262 -0.55747 -3.54058
      vertex 41.3842 0 -4.76103
      vertex 43.7145 0 -3.54058
    endloop
  endfacet
  facet normal 0.462687 -0.0733671 -0.883481
    outer loop
      vertex 43.6262 -0.55747 -3.54058
      vertex 41.3107 -0.463525 -4.76103
      vertex 41.3842 0 -4.76103
    endloop
  endfacet
  facet normal 0.462716 -0.0729247 -0.883502
    outer loop
      vertex 41.3107 -0.463525 -4.76103
      vertex 43.6262 -0.55747 -3.54058
      vertex 41.2629 -0.55747 -4.77831
    endloop
  endfacet
  facet normal 0.462699 -0.0733023 -0.88348
    outer loop
      vertex 38.4576 -0.463525 -6.2553
      vertex 5.7777 0 -23.409
      vertex 38.3842 0 -6.3322
    endloop
  endfacet
  facet normal 0.46269 -0.0735953 -0.88346
    outer loop
      vertex 5.6894 -0.55747 -23.409
      vertex 38.4576 -0.463525 -6.2553
      vertex 38.5054 -0.55747 -6.22244
    endloop
  endfacet
  facet normal 0.4627 -0.073289 -0.88348
    outer loop
      vertex 38.4576 -0.463525 -6.2553
      vertex 5.6894 -0.55747 -23.409
      vertex 5.7777 0 -23.409
    endloop
  endfacet
  facet normal 0.585257 -0.0926807 -0.805534
    outer loop
      vertex 44.5828 -0.868281 -2.80982
      vertex 43.7145 0 -3.54058
      vertex 44.7203 0 -2.80982
    endloop
  endfacet
  facet normal 0.585257 0.0926807 -0.805534
    outer loop
      vertex 44.7203 0 -2.80982
      vertex 43.7145 0 -3.54058
      vertex 44.5828 0.868281 -2.80982
    endloop
  endfacet
  facet normal -0.148961 0.940437 0.305595
    outer loop
      vertex -20.9552 39.8361 1.80401
      vertex -22.1681 40.0282 0.621621
      vertex -22.0493 39.6628 1.80401
    endloop
  endfacet
  facet normal -0.368849 0.723909 0.583015
    outer loop
      vertex -22.0493 39.6628 1.80401
      vertex -23.0363 39.1599 1.80401
      vertex -21.8235 38.9678 2.80982
    endloop
  endfacet
  facet normal 0.420849 0.420903 0.803572
    outer loop
      vertex 43.562 2.27319 2.80982
      vertex 6.24687 1.65157 22.6782
      vertex 44.1837 1.65157 2.80982
    endloop
  endfacet
  facet normal 0.420859 0.420859 0.803589
    outer loop
      vertex 6.24687 1.65157 22.6782
      vertex 43.562 2.27319 2.80982
      vertex 5.62525 2.27319 22.6782
    endloop
  endfacet
  facet normal 0.308658 -0.0488897 0.949916
    outer loop
      vertex 5.7777 0 23.409
      vertex 4.5953 0 23.7932
      vertex 5.6894 -0.55747 23.409
    endloop
  endfacet
  facet normal 0.142648 0.57119 0.808327
    outer loop
      vertex -1.11856 6.11361 22.6782
      vertex -18.4649 34.6635 5.5651
      vertex -1.42937 5.15703 23.409
    endloop
  endfacet
  facet normal 0.142438 0.571116 0.808417
    outer loop
      vertex -1.11856 6.11361 22.6782
      vertex -18.4749 34.8526 5.43327
      vertex -18.4649 34.6635 5.5651
    endloop
  endfacet
  facet normal 0.142649 0.57119 0.808327
    outer loop
      vertex -1.11856 6.11361 22.6782
      vertex -18.643 35.2907 5.15336
      vertex -18.4749 34.8526 5.43327
    endloop
  endfacet
  facet normal 0.142663 0.571195 0.808322
    outer loop
      vertex -20.087 38.9678 2.80982
      vertex -18.643 35.2907 5.15336
      vertex -1.11856 6.11361 22.6782
    endloop
  endfacet
  facet normal 0.142495 0.571162 0.808374
    outer loop
      vertex -20.087 38.9678 2.80982
      vertex -18.9384 35.6554 4.94775
      vertex -18.643 35.2907 5.15336
    endloop
  endfacet
  facet normal 0.142691 0.571194 0.808318
    outer loop
      vertex -20.087 38.9678 2.80982
      vertex -19.0971 35.7585 4.90291
      vertex -18.9384 35.6554 4.94775
    endloop
  endfacet
  facet normal 0.142587 0.57118 0.808346
    outer loop
      vertex -19.0971 35.7585 4.90291
      vertex -20.087 38.9678 2.80982
      vertex -20.3978 38.0112 3.54058
    endloop
  endfacet
  facet normal 0.0488808 -0.308663 0.949915
    outer loop
      vertex -1.79475 -4.03251 23.7932
      vertex -1.98684 -4.06293 23.7932
      vertex -1.42937 -5.15703 23.409
    endloop
  endfacet
  facet normal 0.22098 0.220974 0.949915
    outer loop
      vertex 5.03406 1.45948 23.409
      vertex 4.47659 0.365379 23.7932
      vertex 5.43316 1.06037 23.409
    endloop
  endfacet
  facet normal 0.220969 0.22098 0.949916
    outer loop
      vertex 4.47659 0.365379 23.7932
      vertex 5.03406 1.45948 23.409
      vertex 4.33906 0.502902 23.7932
    endloop
  endfacet
  facet normal 0.269025 -0.527984 0.805518
    outer loop
      vertex -0.926468 -4.90079 23.409
      vertex -1.11856 -6.11361 22.6782
      vertex -0.335272 -5.7145 22.6782
    endloop
  endfacet
  facet normal 0.294961 -0.510887 0.80746
    outer loop
      vertex 5.03406 -1.45948 23.409
      vertex -0.335272 -5.7145 22.6782
      vertex 5.62525 -2.27319 22.6782
    endloop
  endfacet
  facet normal 0.29496 -0.510886 0.807461
    outer loop
      vertex -0.335272 -5.7145 22.6782
      vertex 5.03406 -1.45948 23.409
      vertex -0.926468 -4.90079 23.409
    endloop
  endfacet
  facet normal 0.574492 -0.5745 0.583017
    outer loop
      vertex 44.1837 -1.65157 2.80982
      vertex 43.9916 -2.86439 1.80401
      vertex 44.7749 -2.0811 1.80401
    endloop
  endfacet
  facet normal 0.574443 -0.574517 0.583048
    outer loop
      vertex 43.9916 -2.86439 1.80401
      vertex 44.1837 -1.65157 2.80982
      vertex 43.562 -2.27319 2.80982
    endloop
  endfacet
  facet normal 0.278449 0.141869 0.949915
    outer loop
      vertex 5.6894 0.55747 23.409
      vertex 4.47659 0.365379 23.7932
      vertex 4.56488 0.192091 23.7932
    endloop
  endfacet
  facet normal 0.419011 -0.419011 0.805518
    outer loop
      vertex 5.43316 -1.06037 23.409
      vertex 5.62525 -2.27319 22.6782
      vertex 6.24687 -1.65157 22.6782
    endloop
  endfacet
  facet normal 0.419019 -0.419008 0.805516
    outer loop
      vertex 5.62525 -2.27319 22.6782
      vertex 5.43316 -1.06037 23.409
      vertex 5.03406 -1.45948 23.409
    endloop
  endfacet
  facet normal 0.155283 0.268959 0.950552
    outer loop
      vertex -0.926468 4.90079 23.409
      vertex 4.33906 0.502902 23.7932
      vertex 5.03406 1.45948 23.409
    endloop
  endfacet
  facet normal 0.155284 0.268959 0.950551
    outer loop
      vertex 4.33906 0.502902 23.7932
      vertex -0.926468 4.90079 23.409
      vertex -1.62146 3.94421 23.7932
    endloop
  endfacet
  facet normal 0.141882 -0.278445 0.949915
    outer loop
      vertex -1.62146 -3.94421 23.7932
      vertex -1.79475 -4.03251 23.7932
      vertex -1.42937 -5.15703 23.409
    endloop
  endfacet
  facet normal 0.0874779 0.55199 0.829249
    outer loop
      vertex -18.5643 33.9584 6.04494
      vertex -1.42937 5.15703 23.409
      vertex -18.4503 34.3839 5.74968
    endloop
  endfacet
  facet normal 0.0875018 0.551999 0.829241
    outer loop
      vertex -18.4503 34.3839 5.74968
      vertex -1.42937 5.15703 23.409
      vertex -18.4649 34.6635 5.5651
    endloop
  endfacet
  facet normal 0.0874291 0.551971 0.829267
    outer loop
      vertex -1.42937 5.15703 23.409
      vertex -18.5643 33.9584 6.04494
      vertex -1.98684 5.24533 23.409
    endloop
  endfacet
  facet normal 0.0873905 0.551966 0.829274
    outer loop
      vertex -20.3978 38.0112 3.54058
      vertex -19.332 35.911 4.82616
      vertex -19.0971 35.7585 4.90291
    endloop
  endfacet
  facet normal 0.0874092 0.551972 0.829269
    outer loop
      vertex -20.3978 38.0112 3.54058
      vertex -19.7575 36.025 4.79513
      vertex -19.332 35.911 4.82616
    endloop
  endfacet
  facet normal 0.0874411 0.551978 0.829261
    outer loop
      vertex -19.7575 36.025 4.79513
      vertex -20.3978 38.0112 3.54058
      vertex -20.9552 38.0995 3.54058
    endloop
  endfacet
  facet normal -0.141875 0.278446 0.949915
    outer loop
      vertex -2.54431 5.15703 23.409
      vertex -3.04721 4.90079 23.409
      vertex -2.35222 3.94421 23.7932
    endloop
  endfacet
  facet normal -0.141882 0.278445 0.949915
    outer loop
      vertex -2.17893 4.03251 23.7932
      vertex -2.54431 5.15703 23.409
      vertex -2.35222 3.94421 23.7932
    endloop
  endfacet
  facet normal -0.418998 0.418998 0.805532
    outer loop
      vertex -22.6068 38.5687 2.80982
      vertex -22.4147 37.3559 3.54058
      vertex -22.0156 37.755 3.54058
    endloop
  endfacet
  facet normal -0.418998 0.418998 0.805532
    outer loop
      vertex -22.4147 37.3559 3.54058
      vertex -22.6068 38.5687 2.80982
      vertex -23.2284 37.9471 2.80982
    endloop
  endfacet
  facet normal -0.527971 0.269077 0.805509
    outer loop
      vertex -22.4147 37.3559 3.54058
      vertex -23.6275 37.1638 2.80982
      vertex -22.671 36.853 3.54058
    endloop
  endfacet
  facet normal -0.127105 -0.802455 -0.583019
    outer loop
      vertex -20.9552 -39.8361 -1.80401
      vertex -22.0493 -39.6628 -1.80401
      vertex -21.8235 -38.9678 -2.80982
    endloop
  endfacet
  facet normal -0.432326 -0.848367 -0.305561
    outer loop
      vertex -22.1681 -40.0282 -0.621621
      vertex -23.2621 -39.4707 -0.621621
      vertex -23.0363 -39.1599 -1.80401
    endloop
  endfacet
  facet normal -0.0752059 -0.483864 -0.871906
    outer loop
      vertex -20.9552 -38.0995 -3.54058
      vertex -19.7853 -36.0325 -4.78857
      vertex -19.7575 -36.025 -4.79513
    endloop
  endfacet
  facet normal -0.0765869 -0.483224 -0.872141
    outer loop
      vertex -20.9552 -38.0995 -3.54058
      vertex -20.2539 -36.0079 -4.76105
      vertex -19.7853 -36.0325 -4.78857
    endloop
  endfacet
  facet normal -0.0766261 -0.483212 -0.872143
    outer loop
      vertex -20.9552 -38.0995 -3.54058
      vertex -20.3375 -35.9758 -4.77149
      vertex -20.2539 -36.0079 -4.76105
    endloop
  endfacet
  facet normal -0.0765375 -0.483235 -0.872139
    outer loop
      vertex -20.3375 -35.9758 -4.77149
      vertex -20.9552 -38.0995 -3.54058
      vertex -21.5127 -38.0112 -3.54058
    endloop
  endfacet
  facet normal -0.0767313 -0.483141 -0.872174
    outer loop
      vertex -18.5718 -33.9306 -6.05968
      vertex -1.98684 -5.24533 -23.409
      vertex -18.5643 -33.9584 -6.04494
    endloop
  endfacet
  facet normal -0.0765627 -0.483221 -0.872144
    outer loop
      vertex -18.8274 -33.537 -6.25532
      vertex -1.98684 -5.24533 -23.409
      vertex -18.5718 -33.9306 -6.05968
    endloop
  endfacet
  facet normal -0.076541 -0.483231 -0.87214
    outer loop
      vertex -1.98684 -5.24533 -23.409
      vertex -18.8274 -33.537 -6.25532
      vertex -2.54431 -5.15703 -23.409
    endloop
  endfacet
  facet normal -0.0767285 -0.483143 -0.872173
    outer loop
      vertex -2.54431 -5.15703 -23.409
      vertex -18.8274 -33.537 -6.25532
      vertex -18.897 -33.4806 -6.28044
    endloop
  endfacet
  facet normal 0.0926892 -0.585257 -0.805533
    outer loop
      vertex -20.087 -38.9678 -2.80982
      vertex -20.9552 -39.1053 -2.80982
      vertex -20.9552 -38.0995 -3.54058
    endloop
  endfacet
  facet normal -0.564991 0.162949 -0.808847
    outer loop
      vertex -4.65914 4.30959 -22.6782
      vertex -20.5434 33.168 -5.76905
      vertex -3.70256 3.99878 -23.409
    endloop
  endfacet
  facet normal -0.561781 0.165698 -0.810523
    outer loop
      vertex -4.65914 4.30959 -22.6782
      vertex -20.5522 33.1704 -5.76246
      vertex -20.5434 33.168 -5.76905
    endloop
  endfacet
  facet normal -0.56495 0.162983 -0.808868
    outer loop
      vertex -4.65914 4.30959 -22.6782
      vertex -20.9458 33.426 -5.43605
      vertex -20.5522 33.1704 -5.76246
    endloop
  endfacet
  facet normal -0.56517 0.162792 -0.808753
    outer loop
      vertex -4.65914 4.30959 -22.6782
      vertex -21.2411 33.7907 -5.15628
      vertex -20.9458 33.426 -5.43605
    endloop
  endfacet
  facet normal -0.565021 0.162915 -0.808833
    outer loop
      vertex -23.6275 37.1638 -2.80982
      vertex -21.4339 34.6975 -4.83895
      vertex -21.4093 34.2288 -4.95054
    endloop
  endfacet
  facet normal -0.565022 0.162914 -0.808832
    outer loop
      vertex -23.6275 37.1638 -2.80982
      vertex -21.4093 34.2288 -4.95054
      vertex -21.2411 33.7907 -5.15628
    endloop
  endfacet
  facet normal -0.565005 0.162934 -0.80884
    outer loop
      vertex -21.4339 34.6975 -4.83895
      vertex -23.6275 37.1638 -2.80982
      vertex -22.671 36.853 -3.54058
    endloop
  endfacet
  facet normal -0.564979 0.162959 -0.808853
    outer loop
      vertex -23.6275 37.1638 -2.80982
      vertex -21.2411 33.7907 -5.15628
      vertex -4.65914 4.30959 -22.6782
    endloop
  endfacet
  facet normal -0.561463 0.166068 -0.810667
    outer loop
      vertex -21.4315 34.7062 -4.83883
      vertex -21.4339 34.6975 -4.83895
      vertex -22.671 36.853 -3.54058
    endloop
  endfacet
  facet normal -0.585277 0.0926974 -0.805517
    outer loop
      vertex -3.79086 3.44131 -23.409
      vertex -4.79666 3.44131 -22.6782
      vertex -4.65914 4.30959 -22.6782
    endloop
  endfacet
  facet normal -0.268974 0.527974 -0.805541
    outer loop
      vertex -21.5127 38.0112 -3.54058
      vertex -22.0156 37.755 -3.54058
      vertex -21.8235 38.9678 -2.80982
    endloop
  endfacet
  facet normal -0.673289 -0.673289 -0.305557
    outer loop
      vertex -23.0363 -39.1599 -1.80401
      vertex -24.1304 -38.6024 -0.621621
      vertex -23.8196 -38.3766 -1.80401
    endloop
  endfacet
  facet normal -0.673289 -0.673289 -0.305557
    outer loop
      vertex -24.1304 -38.6024 -0.621621
      vertex -23.0363 -39.1599 -1.80401
      vertex -23.2621 -39.4707 -0.621621
    endloop
  endfacet
  facet normal -0.707107 -0.707107 0
    outer loop
      vertex -23.2621 -39.4707 -0.621621
      vertex -24.1304 -38.6024 0.621621
      vertex -24.1304 -38.6024 -0.621621
    endloop
  endfacet
  facet normal -0.707107 -0.707107 0
    outer loop
      vertex -24.1304 -38.6024 0.621621
      vertex -23.2621 -39.4707 -0.621621
      vertex -23.2621 -39.4707 0.621621
    endloop
  endfacet
  facet normal -0.940441 0.148961 -0.305584
    outer loop
      vertex -24.4958 36.2955 -1.80401
      vertex -24.6879 37.5083 -0.621621
      vertex -24.3225 37.3896 -1.80401
    endloop
  endfacet
  facet normal -1 0 0
    outer loop
      vertex -24.88 -36.2955 -0.621621
      vertex -24.88 36.2955 0.621621
      vertex -24.88 36.2955 -0.621621
    endloop
  endfacet
  facet normal -1 -0 0
    outer loop
      vertex -24.88 36.2955 0.621621
      vertex -24.88 -36.2955 -0.621621
      vertex -24.88 -36.2955 0.621621
    endloop
  endfacet
  facet normal -0.0488897 -0.308658 -0.949916
    outer loop
      vertex -1.98684 -5.24533 -23.409
      vertex -2.54431 -5.15703 -23.409
      vertex -1.98684 -4.06293 -23.7932
    endloop
  endfacet
  facet normal -0.141875 -0.278446 -0.949915
    outer loop
      vertex -2.54431 -5.15703 -23.409
      vertex -3.04721 -4.90079 -23.409
      vertex -2.35222 -3.94421 -23.7932
    endloop
  endfacet
  facet normal -0.220976 -0.220976 -0.949915
    outer loop
      vertex -3.04721 -4.90079 -23.409
      vertex -2.48974 -3.80669 -23.7932
      vertex -2.35222 -3.94421 -23.7932
    endloop
  endfacet
  facet normal -0.220976 -0.220976 -0.949915
    outer loop
      vertex -2.48974 -3.80669 -23.7932
      vertex -3.04721 -4.90079 -23.409
      vertex -3.44632 -4.50168 -23.409
    endloop
  endfacet
  facet normal -0.268974 -0.527974 -0.805541
    outer loop
      vertex -21.8235 -38.9678 -2.80982
      vertex -22.0156 -37.755 -3.54058
      vertex -21.5127 -38.0112 -3.54058
    endloop
  endfacet
  facet normal -0.723916 -0.368843 -0.58301
    outer loop
      vertex -23.2284 -37.9471 -2.80982
      vertex -23.8196 -38.3766 -1.80401
      vertex -23.6275 -37.1638 -2.80982
    endloop
  endfacet
  facet normal -0.418998 -0.418998 -0.805532
    outer loop
      vertex -22.6068 -38.5687 -2.80982
      vertex -22.4147 -37.3559 -3.54058
      vertex -22.0156 -37.755 -3.54058
    endloop
  endfacet
  facet normal -0.418998 -0.418998 -0.805532
    outer loop
      vertex -22.4147 -37.3559 -3.54058
      vertex -22.6068 -38.5687 -2.80982
      vertex -23.2284 -37.9471 -2.80982
    endloop
  endfacet
  facet normal -0.585277 -0.0926974 -0.805517
    outer loop
      vertex -4.65914 -4.30959 -22.6782
      vertex -4.79666 -3.44131 -22.6782
      vertex -3.79086 -3.44131 -23.409
    endloop
  endfacet
  facet normal -0.587808 0 -0.809
    outer loop
      vertex -4.79666 -3.44131 -22.6782
      vertex -3.79086 3.44131 -23.409
      vertex -3.79086 -3.44131 -23.409
    endloop
  endfacet
  facet normal -0.587808 0 -0.809
    outer loop
      vertex -3.79086 3.44131 -23.409
      vertex -4.79666 -3.44131 -22.6782
      vertex -4.79666 3.44131 -22.6782
    endloop
  endfacet
  facet normal -0.210813 -0.413848 -0.8856
    outer loop
      vertex -21.5127 -38.0112 -3.54058
      vertex -20.6921 -35.8397 -4.75068
      vertex -20.3375 -35.9758 -4.77149
    endloop
  endfacet
  facet normal -0.21083 -0.413842 -0.885599
    outer loop
      vertex -22.0156 -37.755 -3.54058
      vertex -20.6921 -35.8397 -4.75068
      vertex -21.5127 -38.0112 -3.54058
    endloop
  endfacet
  facet normal -0.210768 -0.413882 -0.885595
    outer loop
      vertex -20.6921 -35.8397 -4.75068
      vertex -22.0156 -37.755 -3.54058
      vertex -20.8405 -35.7196 -4.77149
    endloop
  endfacet
  facet normal -0.210778 -0.413869 -0.885599
    outer loop
      vertex -19.1921 -33.2417 -6.32185
      vertex -2.54431 -5.15703 -23.409
      vertex -18.897 -33.4806 -6.28044
    endloop
  endfacet
  facet normal -0.210854 -0.413825 -0.885601
    outer loop
      vertex -2.54431 -5.15703 -23.409
      vertex -19.1921 -33.2417 -6.32185
      vertex -3.04721 -4.90079 -23.409
    endloop
  endfacet
  facet normal -0.211063 -0.413709 -0.885606
    outer loop
      vertex -3.04721 -4.90079 -23.409
      vertex -19.1921 -33.2417 -6.32185
      vertex -19.3703 -33.1732 -6.31138
    endloop
  endfacet
  facet normal 0.141882 0.278445 -0.949915
    outer loop
      vertex -1.62146 3.94421 -23.7932
      vertex -1.79475 4.03251 -23.7932
      vertex -1.42937 5.15703 -23.409
    endloop
  endfacet
  facet normal -0.574501 0.574501 -0.583006
    outer loop
      vertex -23.2284 37.9471 -2.80982
      vertex -23.0363 39.1599 -1.80401
      vertex -22.6068 38.5687 -2.80982
    endloop
  endfacet
  facet normal -0.574501 0.574501 -0.583006
    outer loop
      vertex -23.0363 39.1599 -1.80401
      vertex -23.2284 37.9471 -2.80982
      vertex -23.8196 38.3766 -1.80401
    endloop
  endfacet
  facet normal -0.368843 -0.723916 0.58301
    outer loop
      vertex -22.6068 -38.5687 2.80982
      vertex -23.0363 -39.1599 1.80401
      vertex -21.8235 -38.9678 2.80982
    endloop
  endfacet
  facet normal -0.268974 -0.527974 0.805541
    outer loop
      vertex -21.5127 -38.0112 3.54058
      vertex -22.0156 -37.755 3.54058
      vertex -21.8235 -38.9678 2.80982
    endloop
  endfacet
  facet normal 0.0926892 -0.585257 0.805533
    outer loop
      vertex -20.9552 -38.0995 3.54058
      vertex -20.9552 -39.1053 2.80982
      vertex -20.087 -38.9678 2.80982
    endloop
  endfacet
  facet normal -0.0926787 -0.585257 0.805534
    outer loop
      vertex -20.9552 -38.0995 3.54058
      vertex -21.8235 -38.9678 2.80982
      vertex -20.9552 -39.1053 2.80982
    endloop
  endfacet
  facet normal -0.848388 -0.432274 0.305578
    outer loop
      vertex -24.3225 -37.3896 1.80401
      vertex -24.6879 -37.5083 0.621621
      vertex -23.8196 -38.3766 1.80401
    endloop
  endfacet
  facet normal -0.723909 -0.368849 0.583015
    outer loop
      vertex -23.6275 -37.1638 2.80982
      vertex -24.3225 -37.3896 1.80401
      vertex -23.8196 -38.3766 1.80401
    endloop
  endfacet
  facet normal 0.0927106 0.585242 0.805541
    outer loop
      vertex -20.087 38.9678 2.80982
      vertex -20.9552 38.0995 3.54058
      vertex -20.3978 38.0112 3.54058
    endloop
  endfacet
  facet normal -0.418998 -0.418998 0.805532
    outer loop
      vertex -22.4147 -37.3559 3.54058
      vertex -22.6068 -38.5687 2.80982
      vertex -22.0156 -37.755 3.54058
    endloop
  endfacet
  facet normal -0.418998 -0.418998 0.805532
    outer loop
      vertex -22.6068 -38.5687 2.80982
      vertex -22.4147 -37.3559 3.54058
      vertex -23.2284 -37.9471 2.80982
    endloop
  endfacet
  facet normal -0.0926946 -0.585246 0.80554
    outer loop
      vertex -21.5127 -38.0112 3.54058
      vertex -21.8235 -38.9678 2.80982
      vertex -20.9552 -38.0995 3.54058
    endloop
  endfacet
  facet normal -0.278446 -0.141875 0.949915
    outer loop
      vertex -2.48974 -3.80669 23.7932
      vertex -3.70256 -3.99878 23.409
      vertex -3.44632 -4.50168 23.409
    endloop
  endfacet
  facet normal -0.471955 -0.240447 0.8482
    outer loop
      vertex -22.671 -36.853 3.54058
      vertex -21.222 -35.29 4.78991
      vertex -21.3124 -35.1508 4.77907
    endloop
  endfacet
  facet normal -0.471963 -0.240439 0.848198
    outer loop
      vertex -22.671 -36.853 3.54058
      vertex -21.3124 -35.1508 4.77907
      vertex -21.4315 -34.7062 4.83883
    endloop
  endfacet
  facet normal -0.471905 -0.240503 0.848212
    outer loop
      vertex -21.222 -35.29 4.78991
      vertex -22.671 -36.853 3.54058
      vertex -22.4147 -37.3559 3.54058
    endloop
  endfacet
  facet normal -0.471944 -0.240467 0.848201
    outer loop
      vertex -20.0989 -33.0489 6.05018
      vertex -3.44632 -4.50168 23.409
      vertex -3.70256 -3.99878 23.409
    endloop
  endfacet
  facet normal -0.47192 -0.240486 0.848209
    outer loop
      vertex -3.44632 -4.50168 23.409
      vertex -20.0989 -33.0489 6.05018
      vertex -19.9331 -33.0576 6.13996
    endloop
  endfacet
  facet normal -0.472024 -0.240406 0.848174
    outer loop
      vertex -20.0989 -33.0489 6.05018
      vertex -3.70256 -3.99878 23.409
      vertex -20.5434 -33.168 5.76905
    endloop
  endfacet
  facet normal -0.527971 -0.269077 0.805509
    outer loop
      vertex -22.671 -36.853 3.54058
      vertex -23.6275 -37.1638 2.80982
      vertex -22.4147 -37.3559 3.54058
    endloop
  endfacet
  facet normal -0.278445 -0.141882 0.949915
    outer loop
      vertex -2.57804 -3.6334 23.7932
      vertex -3.70256 -3.99878 23.409
      vertex -2.48974 -3.80669 23.7932
    endloop
  endfacet
  facet normal -0.561463 0.166068 0.810667
    outer loop
      vertex -21.4315 34.7062 4.83883
      vertex -22.671 36.853 3.54058
      vertex -21.4339 34.6975 4.83895
    endloop
  endfacet
  facet normal -0.564991 0.162949 0.808847
    outer loop
      vertex -20.5434 33.168 5.76905
      vertex -4.65914 4.30959 22.6782
      vertex -3.70256 3.99878 23.409
    endloop
  endfacet
  facet normal -0.561781 0.165698 0.810523
    outer loop
      vertex -20.5522 33.1704 5.76246
      vertex -4.65914 4.30959 22.6782
      vertex -20.5434 33.168 5.76905
    endloop
  endfacet
  facet normal -0.56495 0.162983 0.808868
    outer loop
      vertex -20.9458 33.426 5.43605
      vertex -4.65914 4.30959 22.6782
      vertex -20.5522 33.1704 5.76246
    endloop
  endfacet
  facet normal -0.56517 0.162792 0.808753
    outer loop
      vertex -21.2411 33.7907 5.15628
      vertex -4.65914 4.30959 22.6782
      vertex -20.9458 33.426 5.43605
    endloop
  endfacet
  facet normal -0.565005 0.162934 0.80884
    outer loop
      vertex -23.6275 37.1638 2.80982
      vertex -21.4339 34.6975 4.83895
      vertex -22.671 36.853 3.54058
    endloop
  endfacet
  facet normal -0.565021 0.162915 0.808833
    outer loop
      vertex -21.4339 34.6975 4.83895
      vertex -23.6275 37.1638 2.80982
      vertex -21.4093 34.2288 4.95054
    endloop
  endfacet
  facet normal -0.564979 0.162959 0.808853
    outer loop
      vertex -21.2411 33.7907 5.15628
      vertex -23.6275 37.1638 2.80982
      vertex -4.65914 4.30959 22.6782
    endloop
  endfacet
  facet normal -0.565022 0.162914 0.808832
    outer loop
      vertex -21.4093 34.2288 4.95054
      vertex -23.6275 37.1638 2.80982
      vertex -21.2411 33.7907 5.15628
    endloop
  endfacet
  facet normal -0.220976 0.220976 0.949915
    outer loop
      vertex -3.04721 4.90079 23.409
      vertex -2.48974 3.80669 23.7932
      vertex -2.35222 3.94421 23.7932
    endloop
  endfacet
  facet normal -0.220976 0.220976 0.949915
    outer loop
      vertex -2.48974 3.80669 23.7932
      vertex -3.04721 4.90079 23.409
      vertex -3.44632 4.50168 23.409
    endloop
  endfacet
  facet normal 0.22098 -0.220974 0.949915
    outer loop
      vertex 4.47659 -0.365379 23.7932
      vertex 5.03406 -1.45948 23.409
      vertex 5.43316 -1.06037 23.409
    endloop
  endfacet
  facet normal 0.220969 -0.22098 0.949916
    outer loop
      vertex 5.03406 -1.45948 23.409
      vertex 4.47659 -0.365379 23.7932
      vertex 4.33906 -0.502902 23.7932
    endloop
  endfacet
  facet normal 0.278448 -0.141876 0.949915
    outer loop
      vertex 5.6894 -0.55747 23.409
      vertex 4.47659 -0.365379 23.7932
      vertex 5.43316 -1.06037 23.409
    endloop
  endfacet
  facet normal 0.940478 -0.148881 0.30551
    outer loop
      vertex 45.451 0 1.80401
      vertex 45.2778 -1.0941 1.80401
      vertex 45.6431 -1.21282 0.621621
    endloop
  endfacet
  facet normal 0.848404 -0.432282 0.305519
    outer loop
      vertex 45.2778 -1.0941 1.80401
      vertex 44.7749 -2.0811 1.80401
      vertex 45.6431 -1.21282 0.621621
    endloop
  endfacet
  facet normal 0.707099 0.707115 0
    outer loop
      vertex 45.0857 2.30692 0.621621
      vertex 44.2174 3.1752 -0.621621
      vertex 44.2174 3.1752 0.621621
    endloop
  endfacet
  facet normal 0.707099 0.707115 0
    outer loop
      vertex 44.2174 3.1752 -0.621621
      vertex 45.0857 2.30692 0.621621
      vertex 45.0857 2.30692 -0.621621
    endloop
  endfacet
  facet normal 0.802469 0.127034 -0.583015
    outer loop
      vertex 45.451 0 -1.80401
      vertex 44.5828 0.868281 -2.80982
      vertex 45.2778 1.0941 -1.80401
    endloop
  endfacet
  facet normal 0.156443 0.987687 -0
    outer loop
      vertex -19.7424 40.0282 -0.621621
      vertex -20.9552 40.2203 0.621621
      vertex -19.7424 40.0282 0.621621
    endloop
  endfacet
  facet normal 0.156443 0.987687 0
    outer loop
      vertex -20.9552 40.2203 0.621621
      vertex -19.7424 40.0282 -0.621621
      vertex -20.9552 40.2203 -0.621621
    endloop
  endfacet
  facet normal -0.454042 0.89098 0
    outer loop
      vertex -22.1681 40.0282 -0.621621
      vertex -23.2621 39.4707 0.621621
      vertex -22.1681 40.0282 0.621621
    endloop
  endfacet
  facet normal -0.454042 0.89098 0
    outer loop
      vertex -23.2621 39.4707 0.621621
      vertex -22.1681 40.0282 -0.621621
      vertex -23.2621 39.4707 -0.621621
    endloop
  endfacet
  facet normal -0.432326 0.848367 0.305561
    outer loop
      vertex -22.1681 40.0282 0.621621
      vertex -23.2621 39.4707 0.621621
      vertex -23.0363 39.1599 1.80401
    endloop
  endfacet
  facet normal -0.127072 0.802445 0.583039
    outer loop
      vertex -20.9552 39.8361 1.80401
      vertex -21.8235 38.9678 2.80982
      vertex -20.9552 39.1053 2.80982
    endloop
  endfacet
  facet normal 0.127086 0.802443 0.583038
    outer loop
      vertex -20.9552 39.8361 1.80401
      vertex -20.9552 39.1053 2.80982
      vertex -20.087 38.9678 2.80982
    endloop
  endfacet
  facet normal 0.432274 0.848388 -0.305578
    outer loop
      vertex -18.8741 39.1599 -1.80401
      vertex -19.8611 39.6628 -1.80401
      vertex -19.7424 40.0282 -0.621621
    endloop
  endfacet
  facet normal 0.0873905 0.551966 -0.829274
    outer loop
      vertex -19.332 35.911 -4.82616
      vertex -20.3978 38.0112 -3.54058
      vertex -19.0971 35.7585 -4.90291
    endloop
  endfacet
  facet normal 0.0874092 0.551972 -0.829269
    outer loop
      vertex -19.7575 36.025 -4.79513
      vertex -20.3978 38.0112 -3.54058
      vertex -19.332 35.911 -4.82616
    endloop
  endfacet
  facet normal 0.0874411 0.551978 -0.829261
    outer loop
      vertex -20.3978 38.0112 -3.54058
      vertex -19.7575 36.025 -4.79513
      vertex -20.9552 38.0995 -3.54058
    endloop
  endfacet
  facet normal 0.0874779 0.55199 -0.829249
    outer loop
      vertex -1.42937 5.15703 -23.409
      vertex -18.5643 33.9584 -6.04494
      vertex -18.4503 34.3839 -5.74968
    endloop
  endfacet
  facet normal 0.0874291 0.551971 -0.829267
    outer loop
      vertex -18.5643 33.9584 -6.04494
      vertex -1.42937 5.15703 -23.409
      vertex -1.98684 5.24533 -23.409
    endloop
  endfacet
  facet normal 0.0875018 0.551999 -0.829241
    outer loop
      vertex -1.42937 5.15703 -23.409
      vertex -18.4503 34.3839 -5.74968
      vertex -18.4649 34.6635 -5.5651
    endloop
  endfacet
  facet normal 0.0926892 0.585257 -0.805533
    outer loop
      vertex -20.087 38.9678 -2.80982
      vertex -20.9552 38.0995 -3.54058
      vertex -20.9552 39.1053 -2.80982
    endloop
  endfacet
  facet normal 0.36165 0.626396 -0.690535
    outer loop
      vertex -0.335272 5.7145 -22.6782
      vertex -19.3037 38.5687 -2.80982
      vertex 43.562 2.27319 -2.80982
    endloop
  endfacet
  facet normal -0.308663 0.0488808 -0.949915
    outer loop
      vertex -2.60846 3.44131 -23.7932
      vertex -3.70256 3.99878 -23.409
      vertex -2.57804 3.6334 -23.7932
    endloop
  endfacet
  facet normal 0.141882 -0.278445 -0.949915
    outer loop
      vertex -1.42937 -5.15703 -23.409
      vertex -1.79475 -4.03251 -23.7932
      vertex -1.62146 -3.94421 -23.7932
    endloop
  endfacet
  facet normal 0.278448 -0.141876 -0.949915
    outer loop
      vertex 5.43316 -1.06037 -23.409
      vertex 4.47659 -0.365379 -23.7932
      vertex 5.6894 -0.55747 -23.409
    endloop
  endfacet
  facet normal 0.723909 -0.368845 -0.583018
    outer loop
      vertex 44.7749 -2.0811 -1.80401
      vertex 44.1837 -1.65157 -2.80982
      vertex 44.5828 -0.868281 -2.80982
    endloop
  endfacet
  facet normal -0.269008 0.527973 0.80553
    outer loop
      vertex -21.8235 38.9678 2.80982
      vertex -22.6068 38.5687 2.80982
      vertex -22.0156 37.755 3.54058
    endloop
  endfacet
  facet normal -0.368843 0.723916 0.58301
    outer loop
      vertex -21.8235 38.9678 2.80982
      vertex -23.0363 39.1599 1.80401
      vertex -22.6068 38.5687 2.80982
    endloop
  endfacet
  facet normal 0.405268 0.701944 0.58569
    outer loop
      vertex -18.8741 39.1599 1.80401
      vertex 43.562 2.27319 2.80982
      vertex 43.9916 2.86439 1.80401
    endloop
  endfacet
  facet normal 0.405268 0.701944 0.58569
    outer loop
      vertex 43.562 2.27319 2.80982
      vertex -18.8741 39.1599 1.80401
      vertex -19.3037 38.5687 2.80982
    endloop
  endfacet
  facet normal 0.422074 0.415163 0.805912
    outer loop
      vertex 40.7658 1.21352 4.82551
      vertex 43.3699 1.06037 3.54058
      vertex 44.1837 1.65157 2.80982
    endloop
  endfacet
  facet normal 0.422046 0.415343 0.805833
    outer loop
      vertex 43.3699 1.06037 3.54058
      vertex 40.7658 1.21352 4.82551
      vertex 40.919 1.06037 4.82421
    endloop
  endfacet
  facet normal 0.422081 0.41514 0.80592
    outer loop
      vertex 44.1837 1.65157 2.80982
      vertex 40.3477 1.42658 4.93473
      vertex 40.7658 1.21352 4.82551
    endloop
  endfacet
  facet normal 0.422104 0.415057 0.805951
    outer loop
      vertex 44.1837 1.65157 2.80982
      vertex 39.8842 1.5 5.13967
      vertex 40.3477 1.42658 4.93473
    endloop
  endfacet
  facet normal 0.422052 0.415265 0.80587
    outer loop
      vertex 6.24687 1.65157 22.6782
      vertex 39.8842 1.5 5.13967
      vertex 44.1837 1.65157 2.80982
    endloop
  endfacet
  facet normal 0.422146 0.414813 0.806054
    outer loop
      vertex 6.24687 1.65157 22.6782
      vertex 39.4206 1.42658 5.42025
      vertex 39.8842 1.5 5.13967
    endloop
  endfacet
  facet normal 0.422047 0.415299 0.805856
    outer loop
      vertex 6.24687 1.65157 22.6782
      vertex 39.0025 1.21352 5.74902
      vertex 39.4206 1.42658 5.42025
    endloop
  endfacet
  facet normal 0.422081 0.415125 0.805927
    outer loop
      vertex 6.24687 1.65157 22.6782
      vertex 38.8493 1.06037 5.90814
      vertex 39.0025 1.21352 5.74902
    endloop
  endfacet
  facet normal 0.422055 0.415258 0.805872
    outer loop
      vertex 38.8493 1.06037 5.90814
      vertex 6.24687 1.65157 22.6782
      vertex 5.43316 1.06037 23.409
    endloop
  endfacet
  facet normal 0.585245 0.0926993 0.805541
    outer loop
      vertex 44.5828 0.868281 2.80982
      vertex 43.6262 0.55747 3.54058
      vertex 43.7145 0 3.54058
    endloop
  endfacet
  facet normal 0.802482 0.12708 0.582986
    outer loop
      vertex 45.451 0 1.80401
      vertex 44.5828 0.868281 2.80982
      vertex 44.7203 0 2.80982
    endloop
  endfacet
  facet normal 0.848404 0.432282 0.305519
    outer loop
      vertex 45.6431 1.21282 0.621621
      vertex 44.7749 2.0811 1.80401
      vertex 45.2778 1.0941 1.80401
    endloop
  endfacet
  facet normal -0.220976 -0.220976 0.949915
    outer loop
      vertex -2.48974 -3.80669 23.7932
      vertex -3.04721 -4.90079 23.409
      vertex -2.35222 -3.94421 23.7932
    endloop
  endfacet
  facet normal -0.220976 -0.220976 0.949915
    outer loop
      vertex -3.04721 -4.90079 23.409
      vertex -2.48974 -3.80669 23.7932
      vertex -3.44632 -4.50168 23.409
    endloop
  endfacet
  facet normal -0.141875 -0.278446 0.949915
    outer loop
      vertex -2.35222 -3.94421 23.7932
      vertex -3.04721 -4.90079 23.409
      vertex -2.54431 -5.15703 23.409
    endloop
  endfacet
  facet normal 0.308663 -0.0488806 0.949915
    outer loop
      vertex 4.5953 0 23.7932
      vertex 4.56488 -0.192091 23.7932
      vertex 5.6894 -0.55747 23.409
    endloop
  endfacet
  facet normal 0.26902 0.527984 0.805519
    outer loop
      vertex -1.11856 6.11361 22.6782
      vertex -1.42937 5.15703 23.409
      vertex -0.926468 4.90079 23.409
    endloop
  endfacet
  facet normal -0.802455 0.127105 0.583019
    outer loop
      vertex -24.3225 37.3896 1.80401
      vertex -24.4958 36.2955 1.80401
      vertex -23.6275 37.1638 2.80982
    endloop
  endfacet
  facet normal -0.368849 -0.723909 -0.583015
    outer loop
      vertex -22.0493 -39.6628 -1.80401
      vertex -23.0363 -39.1599 -1.80401
      vertex -21.8235 -38.9678 -2.80982
    endloop
  endfacet
  facet normal -0.368843 -0.723916 -0.58301
    outer loop
      vertex -21.8235 -38.9678 -2.80982
      vertex -23.0363 -39.1599 -1.80401
      vertex -22.6068 -38.5687 -2.80982
    endloop
  endfacet
  facet normal -0.269008 0.527973 -0.80553
    outer loop
      vertex -22.0156 37.755 -3.54058
      vertex -22.6068 38.5687 -2.80982
      vertex -21.8235 38.9678 -2.80982
    endloop
  endfacet
  facet normal -0.951052 0 0.30903
    outer loop
      vertex -24.88 -36.2955 0.621621
      vertex -24.4958 36.2955 1.80401
      vertex -24.88 36.2955 0.621621
    endloop
  endfacet
  facet normal -0.951052 0 0.30903
    outer loop
      vertex -24.4958 36.2955 1.80401
      vertex -24.88 -36.2955 0.621621
      vertex -24.4958 -36.2955 1.80401
    endloop
  endfacet
  facet normal -0.848388 0.432274 -0.305578
    outer loop
      vertex -24.3225 37.3896 -1.80401
      vertex -24.6879 37.5083 -0.621621
      vertex -23.8196 38.3766 -1.80401
    endloop
  endfacet
  facet normal -0.723909 0.368849 -0.583015
    outer loop
      vertex -23.6275 37.1638 -2.80982
      vertex -24.3225 37.3896 -1.80401
      vertex -23.8196 38.3766 -1.80401
    endloop
  endfacet
  facet normal 0.142648 -0.57119 -0.808327
    outer loop
      vertex -1.11856 -6.11361 -22.6782
      vertex -18.4649 -34.6635 -5.5651
      vertex -1.42937 -5.15703 -23.409
    endloop
  endfacet
  facet normal 0.142438 -0.571116 -0.808417
    outer loop
      vertex -1.11856 -6.11361 -22.6782
      vertex -18.4749 -34.8526 -5.43327
      vertex -18.4649 -34.6635 -5.5651
    endloop
  endfacet
  facet normal 0.142649 -0.57119 -0.808327
    outer loop
      vertex -1.11856 -6.11361 -22.6782
      vertex -18.643 -35.2907 -5.15336
      vertex -18.4749 -34.8526 -5.43327
    endloop
  endfacet
  facet normal 0.142663 -0.571195 -0.808322
    outer loop
      vertex -20.087 -38.9678 -2.80982
      vertex -18.643 -35.2907 -5.15336
      vertex -1.11856 -6.11361 -22.6782
    endloop
  endfacet
  facet normal 0.142495 -0.571162 -0.808374
    outer loop
      vertex -20.087 -38.9678 -2.80982
      vertex -18.9384 -35.6554 -4.94775
      vertex -18.643 -35.2907 -5.15336
    endloop
  endfacet
  facet normal 0.142691 -0.571194 -0.808318
    outer loop
      vertex -20.087 -38.9678 -2.80982
      vertex -19.0971 -35.7585 -4.90291
      vertex -18.9384 -35.6554 -4.94775
    endloop
  endfacet
  facet normal 0.142587 -0.57118 -0.808346
    outer loop
      vertex -19.0971 -35.7585 -4.90291
      vertex -20.087 -38.9678 -2.80982
      vertex -20.3978 -38.0112 -3.54058
    endloop
  endfacet
  facet normal 0.155283 -0.268959 -0.950552
    outer loop
      vertex -0.926468 -4.90079 -23.409
      vertex 4.33906 -0.502902 -23.7932
      vertex 5.03406 -1.45948 -23.409
    endloop
  endfacet
  facet normal 0.155284 -0.268959 -0.950551
    outer loop
      vertex 4.33906 -0.502902 -23.7932
      vertex -0.926468 -4.90079 -23.409
      vertex -1.62146 -3.94421 -23.7932
    endloop
  endfacet
  facet normal -0.471905 -0.240503 -0.848212
    outer loop
      vertex -22.671 -36.853 -3.54058
      vertex -21.222 -35.29 -4.78991
      vertex -22.4147 -37.3559 -3.54058
    endloop
  endfacet
  facet normal -0.471955 -0.240447 -0.8482
    outer loop
      vertex -21.222 -35.29 -4.78991
      vertex -22.671 -36.853 -3.54058
      vertex -21.3124 -35.1508 -4.77907
    endloop
  endfacet
  facet normal -0.471963 -0.240439 -0.848198
    outer loop
      vertex -21.3124 -35.1508 -4.77907
      vertex -22.671 -36.853 -3.54058
      vertex -21.4315 -34.7062 -4.83883
    endloop
  endfacet
  facet normal -0.47192 -0.240486 -0.848209
    outer loop
      vertex -20.0989 -33.0489 -6.05018
      vertex -3.44632 -4.50168 -23.409
      vertex -19.9331 -33.0576 -6.13996
    endloop
  endfacet
  facet normal -0.471944 -0.240467 -0.848201
    outer loop
      vertex -3.44632 -4.50168 -23.409
      vertex -20.0989 -33.0489 -6.05018
      vertex -3.70256 -3.99878 -23.409
    endloop
  endfacet
  facet normal -0.472024 -0.240406 -0.848174
    outer loop
      vertex -3.70256 -3.99878 -23.409
      vertex -20.0989 -33.0489 -6.05018
      vertex -20.5434 -33.168 -5.76905
    endloop
  endfacet
  facet normal -0.0488808 -0.308663 -0.949915
    outer loop
      vertex -1.98684 -4.06293 -23.7932
      vertex -2.54431 -5.15703 -23.409
      vertex -2.17893 -4.03251 -23.7932
    endloop
  endfacet
  facet normal -0.673289 0.673289 -0.305557
    outer loop
      vertex -23.0363 39.1599 -1.80401
      vertex -24.1304 38.6024 -0.621621
      vertex -23.2621 39.4707 -0.621621
    endloop
  endfacet
  facet normal -0.673289 0.673289 -0.305557
    outer loop
      vertex -24.1304 38.6024 -0.621621
      vertex -23.0363 39.1599 -1.80401
      vertex -23.8196 38.3766 -1.80401
    endloop
  endfacet
  facet normal -0.0752059 -0.483864 0.871906
    outer loop
      vertex -19.7853 -36.0325 4.78857
      vertex -20.9552 -38.0995 3.54058
      vertex -19.7575 -36.025 4.79513
    endloop
  endfacet
  facet normal -0.0765869 -0.483224 0.872141
    outer loop
      vertex -20.2539 -36.0079 4.76105
      vertex -20.9552 -38.0995 3.54058
      vertex -19.7853 -36.0325 4.78857
    endloop
  endfacet
  facet normal -0.0766261 -0.483212 0.872143
    outer loop
      vertex -20.3375 -35.9758 4.77149
      vertex -20.9552 -38.0995 3.54058
      vertex -20.2539 -36.0079 4.76105
    endloop
  endfacet
  facet normal -0.0765375 -0.483235 0.872139
    outer loop
      vertex -20.9552 -38.0995 3.54058
      vertex -20.3375 -35.9758 4.77149
      vertex -21.5127 -38.0112 3.54058
    endloop
  endfacet
  facet normal -0.076541 -0.483231 0.87214
    outer loop
      vertex -18.8274 -33.537 6.25532
      vertex -1.98684 -5.24533 23.409
      vertex -2.54431 -5.15703 23.409
    endloop
  endfacet
  facet normal -0.0767313 -0.483141 0.872174
    outer loop
      vertex -1.98684 -5.24533 23.409
      vertex -18.5718 -33.9306 6.05968
      vertex -18.5643 -33.9584 6.04494
    endloop
  endfacet
  facet normal -0.0765627 -0.483221 0.872144
    outer loop
      vertex -1.98684 -5.24533 23.409
      vertex -18.8274 -33.537 6.25532
      vertex -18.5718 -33.9306 6.05968
    endloop
  endfacet
  facet normal -0.0767285 -0.483143 0.872173
    outer loop
      vertex -18.8274 -33.537 6.25532
      vertex -2.54431 -5.15703 23.409
      vertex -18.897 -33.4806 6.28044
    endloop
  endfacet
  facet normal -0.308663 -0.0488808 0.949915
    outer loop
      vertex -2.60846 -3.44131 23.7932
      vertex -3.70256 -3.99878 23.409
      vertex -2.57804 -3.6334 23.7932
    endloop
  endfacet
  facet normal -0.308663 0.0488808 0.949915
    outer loop
      vertex -2.57804 3.6334 23.7932
      vertex -3.70256 3.99878 23.409
      vertex -2.60846 3.44131 23.7932
    endloop
  endfacet
  facet normal -0.585273 0.0927038 0.805519
    outer loop
      vertex -3.70256 3.99878 23.409
      vertex -4.65914 4.30959 22.6782
      vertex -3.79086 3.44131 23.409
    endloop
  endfacet
  facet normal 0.308663 0.0488806 0.949915
    outer loop
      vertex 5.6894 0.55747 23.409
      vertex 4.56488 0.192091 23.7932
      vertex 4.5953 0 23.7932
    endloop
  endfacet
  facet normal 0.848414 -0.432233 0.305563
    outer loop
      vertex 45.6431 -1.21282 0.621621
      vertex 44.7749 -2.0811 1.80401
      vertex 45.0857 -2.30692 0.621621
    endloop
  endfacet
  facet normal 0.673282 -0.673291 0.305567
    outer loop
      vertex 43.9916 -2.86439 1.80401
      vertex 45.0857 -2.30692 0.621621
      vertex 44.7749 -2.0811 1.80401
    endloop
  endfacet
  facet normal 0.67328 -0.673295 0.305562
    outer loop
      vertex 45.0857 -2.30692 0.621621
      vertex 43.9916 -2.86439 1.80401
      vertex 44.2174 -3.1752 0.621621
    endloop
  endfacet
  facet normal 0.940478 0.148881 -0.30551
    outer loop
      vertex 45.451 0 -1.80401
      vertex 45.2778 1.0941 -1.80401
      vertex 45.6431 1.21282 -0.621621
    endloop
  endfacet
  facet normal 0.940478 -0.148881 -0.30551
    outer loop
      vertex 45.6431 -1.21282 -0.621621
      vertex 45.2778 -1.0941 -1.80401
      vertex 45.451 0 -1.80401
    endloop
  endfacet
  facet normal 0.368841 0.723893 -0.583039
    outer loop
      vertex -18.8741 39.1599 -1.80401
      vertex -20.087 38.9678 -2.80982
      vertex -19.8611 39.6628 -1.80401
    endloop
  endfacet
  facet normal 0.368835 0.7239 -0.583034
    outer loop
      vertex -19.3037 38.5687 -2.80982
      vertex -20.087 38.9678 -2.80982
      vertex -18.8741 39.1599 -1.80401
    endloop
  endfacet
  facet normal 0.141875 0.278446 -0.949915
    outer loop
      vertex -0.926468 4.90079 -23.409
      vertex -1.62146 3.94421 -23.7932
      vertex -1.42937 5.15703 -23.409
    endloop
  endfacet
  facet normal -0.308663 -0.0488808 -0.949915
    outer loop
      vertex -2.57804 -3.6334 -23.7932
      vertex -3.70256 -3.99878 -23.409
      vertex -2.60846 -3.44131 -23.7932
    endloop
  endfacet
  facet normal 0.308663 -0.0488806 -0.949915
    outer loop
      vertex 5.6894 -0.55747 -23.409
      vertex 4.56488 -0.192091 -23.7932
      vertex 4.5953 0 -23.7932
    endloop
  endfacet
  facet normal -0.308658 0.0488897 -0.949916
    outer loop
      vertex -2.60846 3.44131 -23.7932
      vertex -3.79086 3.44131 -23.409
      vertex -3.70256 3.99878 -23.409
    endloop
  endfacet
  facet normal -0.308658 -0.0488897 -0.949916
    outer loop
      vertex -3.70256 -3.99878 -23.409
      vertex -3.79086 -3.44131 -23.409
      vertex -2.60846 -3.44131 -23.7932
    endloop
  endfacet
  facet normal -0.309028 0 -0.951053
    outer loop
      vertex -3.79086 -3.44131 -23.409
      vertex -2.60846 3.44131 -23.7932
      vertex -2.60846 -3.44131 -23.7932
    endloop
  endfacet
  facet normal -0.309028 0 -0.951053
    outer loop
      vertex -2.60846 3.44131 -23.7932
      vertex -3.79086 -3.44131 -23.409
      vertex -3.79086 3.44131 -23.409
    endloop
  endfacet
  facet normal 0.278449 -0.141869 -0.949915
    outer loop
      vertex 5.6894 -0.55747 -23.409
      vertex 4.47659 -0.365379 -23.7932
      vertex 4.56488 -0.192091 -23.7932
    endloop
  endfacet
  facet normal -0.278446 0.141875 -0.949915
    outer loop
      vertex -2.48974 3.80669 -23.7932
      vertex -3.70256 3.99878 -23.409
      vertex -3.44632 4.50168 -23.409
    endloop
  endfacet
  facet normal 0.420849 -0.420903 -0.803572
    outer loop
      vertex 43.562 -2.27319 -2.80982
      vertex 6.24687 -1.65157 -22.6782
      vertex 44.1837 -1.65157 -2.80982
    endloop
  endfacet
  facet normal 0.420859 -0.420859 -0.803589
    outer loop
      vertex 6.24687 -1.65157 -22.6782
      vertex 43.562 -2.27319 -2.80982
      vertex 5.62525 -2.27319 -22.6782
    endloop
  endfacet
  facet normal 0.22098 -0.220974 -0.949915
    outer loop
      vertex 5.03406 -1.45948 -23.409
      vertex 4.47659 -0.365379 -23.7932
      vertex 5.43316 -1.06037 -23.409
    endloop
  endfacet
  facet normal 0.220969 -0.22098 -0.949916
    outer loop
      vertex 4.47659 -0.365379 -23.7932
      vertex 5.03406 -1.45948 -23.409
      vertex 4.33906 -0.502902 -23.7932
    endloop
  endfacet
  facet normal 0.451502 0.230105 0.862089
    outer loop
      vertex 43.3699 1.06037 3.54058
      vertex 41.2629 0.55747 4.77831
      vertex 43.6262 0.55747 3.54058
    endloop
  endfacet
  facet normal 0.451513 0.230068 0.862093
    outer loop
      vertex 43.3699 1.06037 3.54058
      vertex 41.0977 0.881678 4.77831
      vertex 41.2629 0.55747 4.77831
    endloop
  endfacet
  facet normal 0.451509 0.230088 0.86209
    outer loop
      vertex 41.0977 0.881678 4.77831
      vertex 43.3699 1.06037 3.54058
      vertex 40.919 1.06037 4.82421
    endloop
  endfacet
  facet normal 0.451506 0.230041 0.862104
    outer loop
      vertex 38.6706 0.881678 6.04941
      vertex 5.6894 0.55747 23.409
      vertex 38.5054 0.55747 6.22244
    endloop
  endfacet
  facet normal 0.451506 0.230036 0.862106
    outer loop
      vertex 5.43316 1.06037 23.409
      vertex 38.6706 0.881678 6.04941
      vertex 38.8493 1.06037 5.90814
    endloop
  endfacet
  facet normal 0.451504 0.230053 0.862102
    outer loop
      vertex 38.6706 0.881678 6.04941
      vertex 5.43316 1.06037 23.409
      vertex 5.6894 0.55747 23.409
    endloop
  endfacet
  facet normal 0.585257 0.0926807 0.805534
    outer loop
      vertex 44.5828 0.868281 2.80982
      vertex 43.7145 0 3.54058
      vertex 44.7203 0 2.80982
    endloop
  endfacet
  facet normal 0.585257 -0.0926807 0.805534
    outer loop
      vertex 44.7203 0 2.80982
      vertex 43.7145 0 3.54058
      vertex 44.5828 -0.868281 2.80982
    endloop
  endfacet
  facet normal 0.802469 0.127034 0.583015
    outer loop
      vertex 45.2778 1.0941 1.80401
      vertex 44.5828 0.868281 2.80982
      vertex 45.451 0 1.80401
    endloop
  endfacet
  facet normal 0.940478 0.148881 0.30551
    outer loop
      vertex 45.6431 1.21282 0.621621
      vertex 45.2778 1.0941 1.80401
      vertex 45.451 0 1.80401
    endloop
  endfacet
  facet normal 0 0 1
    outer loop
      vertex 4.56488 0.192091 23.7932
      vertex 4.56488 -0.192091 23.7932
      vertex 4.5953 0 23.7932
    endloop
  endfacet
  facet normal 0 0 1
    outer loop
      vertex 4.47659 0.365379 23.7932
      vertex 4.56488 -0.192091 23.7932
      vertex 4.56488 0.192091 23.7932
    endloop
  endfacet
  facet normal 0 0 1
    outer loop
      vertex 4.47659 0.365379 23.7932
      vertex 4.47659 -0.365379 23.7932
      vertex 4.56488 -0.192091 23.7932
    endloop
  endfacet
  facet normal 0 0 1
    outer loop
      vertex 4.33906 0.502902 23.7932
      vertex 4.47659 -0.365379 23.7932
      vertex 4.47659 0.365379 23.7932
    endloop
  endfacet
  facet normal 0 0 1
    outer loop
      vertex 4.33906 0.502902 23.7932
      vertex 4.33906 -0.502902 23.7932
      vertex 4.47659 -0.365379 23.7932
    endloop
  endfacet
  facet normal 0 0 1
    outer loop
      vertex 4.33906 0.502902 23.7932
      vertex 2.5 0 23.7932
      vertex 4.33906 -0.502902 23.7932
    endloop
  endfacet
  facet normal 0 0 1
    outer loop
      vertex 4.33906 0.502902 23.7932
      vertex 2.37764 0.772542 23.7932
      vertex 2.5 0 23.7932
    endloop
  endfacet
  facet normal 0 0 1
    outer loop
      vertex 4.33906 0.502902 23.7932
      vertex 2.02254 1.46946 23.7932
      vertex 2.37764 0.772542 23.7932
    endloop
  endfacet
  facet normal 0 0 1
    outer loop
      vertex 4.33906 0.502902 23.7932
      vertex 1.46946 2.02254 23.7932
      vertex 2.02254 1.46946 23.7932
    endloop
  endfacet
  facet normal 0 0 1
    outer loop
      vertex -1.62146 3.94421 23.7932
      vertex 1.46946 2.02254 23.7932
      vertex 4.33906 0.502902 23.7932
    endloop
  endfacet
  facet normal 0 0 1
    outer loop
      vertex -1.62146 3.94421 23.7932
      vertex 0.772542 2.37764 23.7932
      vertex 1.46946 2.02254 23.7932
    endloop
  endfacet
  facet normal 0 0 1
    outer loop
      vertex -1.62146 3.94421 23.7932
      vertex 0 2.5 23.7932
      vertex 0.772542 2.37764 23.7932
    endloop
  endfacet
  facet normal 0 0 1
    outer loop
      vertex -1.62146 3.94421 23.7932
      vertex -0.772542 2.37764 23.7932
      vertex 0 2.5 23.7932
    endloop
  endfacet
  facet normal 0 0 1
    outer loop
      vertex -1.62146 3.94421 23.7932
      vertex -1.46946 2.02254 23.7932
      vertex -0.772542 2.37764 23.7932
    endloop
  endfacet
  facet normal 0 0 1
    outer loop
      vertex -2.60846 3.44131 23.7932
      vertex -1.62146 3.94421 23.7932
      vertex -1.79475 4.03251 23.7932
    endloop
  endfacet
  facet normal 0 0 1
    outer loop
      vertex -2.60846 3.44131 23.7932
      vertex -1.79475 4.03251 23.7932
      vertex -1.98684 4.06293 23.7932
    endloop
  endfacet
  facet normal 0 0 1
    outer loop
      vertex -1.62146 3.94421 23.7932
      vertex -2.60846 3.44131 23.7932
      vertex -1.46946 2.02254 23.7932
    endloop
  endfacet
  facet normal 0 0 1
    outer loop
      vertex -2.60846 3.44131 23.7932
      vertex -1.98684 4.06293 23.7932
      vertex -2.17893 4.03251 23.7932
    endloop
  endfacet
  facet normal 0 0 1
    outer loop
      vertex -2.60846 3.44131 23.7932
      vertex -2.17893 4.03251 23.7932
      vertex -2.35222 3.94421 23.7932
    endloop
  endfacet
  facet normal 0 0 1
    outer loop
      vertex -1.46946 2.02254 23.7932
      vertex -2.60846 3.44131 23.7932
      vertex -2.02254 1.46946 23.7932
    endloop
  endfacet
  facet normal 0 0 1
    outer loop
      vertex -2.60846 3.44131 23.7932
      vertex -2.35222 3.94421 23.7932
      vertex -2.48974 3.80669 23.7932
    endloop
  endfacet
  facet normal 0 0 1
    outer loop
      vertex -2.02254 1.46946 23.7932
      vertex -2.60846 3.44131 23.7932
      vertex -2.37764 0.772542 23.7932
    endloop
  endfacet
  facet normal 0 0 1
    outer loop
      vertex -2.60846 3.44131 23.7932
      vertex -2.48974 3.80669 23.7932
      vertex -2.57804 3.6334 23.7932
    endloop
  endfacet
  facet normal 0 0 1
    outer loop
      vertex 2.37764 -0.772542 23.7932
      vertex 4.33906 -0.502902 23.7932
      vertex 2.5 0 23.7932
    endloop
  endfacet
  facet normal 0 0 1
    outer loop
      vertex 2.02254 -1.46946 23.7932
      vertex 4.33906 -0.502902 23.7932
      vertex 2.37764 -0.772542 23.7932
    endloop
  endfacet
  facet normal 0 0 1
    outer loop
      vertex 1.46946 -2.02254 23.7932
      vertex 4.33906 -0.502902 23.7932
      vertex 2.02254 -1.46946 23.7932
    endloop
  endfacet
  facet normal -0 0 1
    outer loop
      vertex 1.46946 -2.02254 23.7932
      vertex -1.62146 -3.94421 23.7932
      vertex 4.33906 -0.502902 23.7932
    endloop
  endfacet
  facet normal -0 0 1
    outer loop
      vertex 0.772542 -2.37764 23.7932
      vertex -1.62146 -3.94421 23.7932
      vertex 1.46946 -2.02254 23.7932
    endloop
  endfacet
  facet normal -0 0 1
    outer loop
      vertex 0 -2.5 23.7932
      vertex -1.62146 -3.94421 23.7932
      vertex 0.772542 -2.37764 23.7932
    endloop
  endfacet
  facet normal 0 0 1
    outer loop
      vertex -0.772542 -2.37764 23.7932
      vertex -1.62146 -3.94421 23.7932
      vertex 0 -2.5 23.7932
    endloop
  endfacet
  facet normal 0 0 1
    outer loop
      vertex -1.46946 -2.02254 23.7932
      vertex -1.62146 -3.94421 23.7932
      vertex -0.772542 -2.37764 23.7932
    endloop
  endfacet
  facet normal -0 0 1
    outer loop
      vertex -2.60846 -3.44131 23.7932
      vertex -1.62146 -3.94421 23.7932
      vertex -1.46946 -2.02254 23.7932
    endloop
  endfacet
  facet normal 0 0 1
    outer loop
      vertex -1.62146 -3.94421 23.7932
      vertex -2.60846 -3.44131 23.7932
      vertex -1.79475 -4.03251 23.7932
    endloop
  endfacet
  facet normal 0 0 1
    outer loop
      vertex -2.60846 -3.44131 23.7932
      vertex -1.46946 -2.02254 23.7932
      vertex -2.02254 -1.46946 23.7932
    endloop
  endfacet
  facet normal 0 0 1
    outer loop
      vertex -1.79475 -4.03251 23.7932
      vertex -2.60846 -3.44131 23.7932
      vertex -1.98684 -4.06293 23.7932
    endloop
  endfacet
  facet normal 0 0 1
    outer loop
      vertex -1.98684 -4.06293 23.7932
      vertex -2.60846 -3.44131 23.7932
      vertex -2.17893 -4.03251 23.7932
    endloop
  endfacet
  facet normal 0 0 1
    outer loop
      vertex -2.60846 -3.44131 23.7932
      vertex -2.02254 -1.46946 23.7932
      vertex -2.37764 -0.772542 23.7932
    endloop
  endfacet
  facet normal 0 0 1
    outer loop
      vertex -2.17893 -4.03251 23.7932
      vertex -2.60846 -3.44131 23.7932
      vertex -2.35222 -3.94421 23.7932
    endloop
  endfacet
  facet normal 0 0 1
    outer loop
      vertex -2.60846 -3.44131 23.7932
      vertex -2.37764 -0.772542 23.7932
      vertex -2.5 0 23.7932
    endloop
  endfacet
  facet normal 0 0 1
    outer loop
      vertex -2.37764 0.772542 23.7932
      vertex -2.60846 3.44131 23.7932
      vertex -2.5 0 23.7932
    endloop
  endfacet
  facet normal 0 0 1
    outer loop
      vertex -2.60846 -3.44131 23.7932
      vertex -2.5 0 23.7932
      vertex -2.60846 3.44131 23.7932
    endloop
  endfacet
  facet normal 0 0 1
    outer loop
      vertex -2.35222 -3.94421 23.7932
      vertex -2.60846 -3.44131 23.7932
      vertex -2.48974 -3.80669 23.7932
    endloop
  endfacet
  facet normal 0 0 1
    outer loop
      vertex -2.48974 -3.80669 23.7932
      vertex -2.60846 -3.44131 23.7932
      vertex -2.57804 -3.6334 23.7932
    endloop
  endfacet
  facet normal 0.0488808 0.308663 0.949915
    outer loop
      vertex -1.42937 5.15703 23.409
      vertex -1.98684 4.06293 23.7932
      vertex -1.79475 4.03251 23.7932
    endloop
  endfacet
  facet normal -0.0926787 -0.585257 -0.805534
    outer loop
      vertex -20.9552 -39.1053 -2.80982
      vertex -21.8235 -38.9678 -2.80982
      vertex -20.9552 -38.0995 -3.54058
    endloop
  endfacet
  facet normal -0.127072 -0.802445 -0.583039
    outer loop
      vertex -20.9552 -39.8361 -1.80401
      vertex -21.8235 -38.9678 -2.80982
      vertex -20.9552 -39.1053 -2.80982
    endloop
  endfacet
  facet normal -0.278445 0.141882 -0.949915
    outer loop
      vertex -2.57804 3.6334 -23.7932
      vertex -3.70256 3.99878 -23.409
      vertex -2.48974 3.80669 -23.7932
    endloop
  endfacet
  facet normal -0.0488897 0.308658 -0.949916
    outer loop
      vertex -1.98684 4.06293 -23.7932
      vertex -2.54431 5.15703 -23.409
      vertex -1.98684 5.24533 -23.409
    endloop
  endfacet
  facet normal -0.418998 0.418998 -0.805532
    outer loop
      vertex -22.4147 37.3559 -3.54058
      vertex -22.6068 38.5687 -2.80982
      vertex -22.0156 37.755 -3.54058
    endloop
  endfacet
  facet normal -0.418998 0.418998 -0.805532
    outer loop
      vertex -22.6068 38.5687 -2.80982
      vertex -22.4147 37.3559 -3.54058
      vertex -23.2284 37.9471 -2.80982
    endloop
  endfacet
  facet normal -0.802455 0.127105 -0.583019
    outer loop
      vertex -23.6275 37.1638 -2.80982
      vertex -24.4958 36.2955 -1.80401
      vertex -24.3225 37.3896 -1.80401
    endloop
  endfacet
  facet normal -0.940441 0.14896 -0.305583
    outer loop
      vertex -24.4958 36.2955 -1.80401
      vertex -24.88 36.2955 -0.621621
      vertex -24.6879 37.5083 -0.621621
    endloop
  endfacet
  facet normal 0.278449 0.141869 -0.949915
    outer loop
      vertex 4.56488 0.192091 -23.7932
      vertex 4.47659 0.365379 -23.7932
      vertex 5.6894 0.55747 -23.409
    endloop
  endfacet
  facet normal -0.141882 0.278445 -0.949915
    outer loop
      vertex -2.35222 3.94421 -23.7932
      vertex -2.54431 5.15703 -23.409
      vertex -2.17893 4.03251 -23.7932
    endloop
  endfacet
  facet normal -0.278446 -0.141875 -0.949915
    outer loop
      vertex -3.44632 -4.50168 -23.409
      vertex -3.70256 -3.99878 -23.409
      vertex -2.48974 -3.80669 -23.7932
    endloop
  endfacet
  facet normal -0.527973 -0.269008 -0.80553
    outer loop
      vertex -23.2284 -37.9471 -2.80982
      vertex -23.6275 -37.1638 -2.80982
      vertex -22.4147 -37.3559 -3.54058
    endloop
  endfacet
  facet normal -0.527971 -0.269077 -0.805509
    outer loop
      vertex -22.4147 -37.3559 -3.54058
      vertex -23.6275 -37.1638 -2.80982
      vertex -22.671 -36.853 -3.54058
    endloop
  endfacet
  facet normal 0.308663 0.0488806 -0.949915
    outer loop
      vertex 4.5953 0 -23.7932
      vertex 4.56488 0.192091 -23.7932
      vertex 5.6894 0.55747 -23.409
    endloop
  endfacet
  facet normal -0.141882 -0.278445 -0.949915
    outer loop
      vertex -2.17893 -4.03251 -23.7932
      vertex -2.54431 -5.15703 -23.409
      vertex -2.35222 -3.94421 -23.7932
    endloop
  endfacet
  facet normal -0.368849 0.723909 -0.583015
    outer loop
      vertex -21.8235 38.9678 -2.80982
      vertex -23.0363 39.1599 -1.80401
      vertex -22.0493 39.6628 -1.80401
    endloop
  endfacet
  facet normal -0.368843 0.723916 -0.58301
    outer loop
      vertex -22.6068 38.5687 -2.80982
      vertex -23.0363 39.1599 -1.80401
      vertex -21.8235 38.9678 -2.80982
    endloop
  endfacet
  facet normal -0.47192 0.240486 0.848209
    outer loop
      vertex -20.0989 33.0489 6.05018
      vertex -3.44632 4.50168 23.409
      vertex -19.9331 33.0576 6.13996
    endloop
  endfacet
  facet normal -0.471944 0.240467 0.848201
    outer loop
      vertex -3.44632 4.50168 23.409
      vertex -20.0989 33.0489 6.05018
      vertex -3.70256 3.99878 23.409
    endloop
  endfacet
  facet normal -0.472024 0.240406 0.848174
    outer loop
      vertex -3.70256 3.99878 23.409
      vertex -20.0989 33.0489 6.05018
      vertex -20.5434 33.168 5.76905
    endloop
  endfacet
  facet normal -0.471905 0.240503 0.848212
    outer loop
      vertex -22.671 36.853 3.54058
      vertex -21.222 35.29 4.78991
      vertex -22.4147 37.3559 3.54058
    endloop
  endfacet
  facet normal -0.471955 0.240447 0.8482
    outer loop
      vertex -21.222 35.29 4.78991
      vertex -22.671 36.853 3.54058
      vertex -21.3124 35.1508 4.77907
    endloop
  endfacet
  facet normal -0.471963 0.240439 0.848198
    outer loop
      vertex -21.3124 35.1508 4.77907
      vertex -22.671 36.853 3.54058
      vertex -21.4315 34.7062 4.83883
    endloop
  endfacet
  facet normal -0.63175 0.100114 0.76868
    outer loop
      vertex -23.7651 36.2955 2.80982
      vertex -4.65914 4.30959 22.6782
      vertex -23.6275 37.1638 2.80982
    endloop
  endfacet
  facet normal -0.631797 0.100065 0.768647
    outer loop
      vertex -4.65914 4.30959 22.6782
      vertex -23.7651 36.2955 2.80982
      vertex -4.79666 3.44131 22.6782
    endloop
  endfacet
  facet normal -0.585277 0.0926974 0.805517
    outer loop
      vertex -4.65914 4.30959 22.6782
      vertex -4.79666 3.44131 22.6782
      vertex -3.79086 3.44131 23.409
    endloop
  endfacet
  facet normal 0.89103 0.453944 0
    outer loop
      vertex 45.6431 1.21282 0.621621
      vertex 45.0857 2.30692 -0.621621
      vertex 45.0857 2.30692 0.621621
    endloop
  endfacet
  facet normal 0.89103 0.453944 0
    outer loop
      vertex 45.0857 2.30692 -0.621621
      vertex 45.6431 1.21282 0.621621
      vertex 45.6431 1.21282 -0.621621
    endloop
  endfacet
  facet normal 0.802482 -0.12708 -0.582986
    outer loop
      vertex 45.451 0 -1.80401
      vertex 44.5828 -0.868281 -2.80982
      vertex 44.7203 0 -2.80982
    endloop
  endfacet
  facet normal 0.802482 0.12708 -0.582986
    outer loop
      vertex 44.7203 0 -2.80982
      vertex 44.5828 0.868281 -2.80982
      vertex 45.451 0 -1.80401
    endloop
  endfacet
  facet normal 0.142648 0.57119 -0.808327
    outer loop
      vertex -18.4649 34.6635 -5.5651
      vertex -1.11856 6.11361 -22.6782
      vertex -1.42937 5.15703 -23.409
    endloop
  endfacet
  facet normal 0.142438 0.571116 -0.808417
    outer loop
      vertex -18.4749 34.8526 -5.43327
      vertex -1.11856 6.11361 -22.6782
      vertex -18.4649 34.6635 -5.5651
    endloop
  endfacet
  facet normal 0.142649 0.57119 -0.808327
    outer loop
      vertex -18.643 35.2907 -5.15336
      vertex -1.11856 6.11361 -22.6782
      vertex -18.4749 34.8526 -5.43327
    endloop
  endfacet
  facet normal 0.142663 0.571195 -0.808322
    outer loop
      vertex -18.643 35.2907 -5.15336
      vertex -20.087 38.9678 -2.80982
      vertex -1.11856 6.11361 -22.6782
    endloop
  endfacet
  facet normal 0.142495 0.571162 -0.808374
    outer loop
      vertex -18.9384 35.6554 -4.94775
      vertex -20.087 38.9678 -2.80982
      vertex -18.643 35.2907 -5.15336
    endloop
  endfacet
  facet normal 0.142691 0.571194 -0.808318
    outer loop
      vertex -19.0971 35.7585 -4.90291
      vertex -20.087 38.9678 -2.80982
      vertex -18.9384 35.6554 -4.94775
    endloop
  endfacet
  facet normal 0.142587 0.57118 -0.808346
    outer loop
      vertex -20.087 38.9678 -2.80982
      vertex -19.0971 35.7585 -4.90291
      vertex -20.3978 38.0112 -3.54058
    endloop
  endfacet
  facet normal -0.0926787 0.585257 -0.805534
    outer loop
      vertex -20.9552 38.0995 -3.54058
      vertex -21.8235 38.9678 -2.80982
      vertex -20.9552 39.1053 -2.80982
    endloop
  endfacet
  facet normal -0.127072 0.802445 -0.583039
    outer loop
      vertex -20.9552 39.1053 -2.80982
      vertex -21.8235 38.9678 -2.80982
      vertex -20.9552 39.8361 -1.80401
    endloop
  endfacet
  facet normal 0.269025 0.527984 -0.805518
    outer loop
      vertex -0.926468 4.90079 -23.409
      vertex -1.11856 6.11361 -22.6782
      vertex -0.335272 5.7145 -22.6782
    endloop
  endfacet
  facet normal -0.141875 0.278446 -0.949915
    outer loop
      vertex -2.35222 3.94421 -23.7932
      vertex -3.04721 4.90079 -23.409
      vertex -2.54431 5.15703 -23.409
    endloop
  endfacet
  facet normal -0.220976 0.220976 -0.949915
    outer loop
      vertex -2.48974 3.80669 -23.7932
      vertex -3.04721 4.90079 -23.409
      vertex -2.35222 3.94421 -23.7932
    endloop
  endfacet
  facet normal -0.220976 0.220976 -0.949915
    outer loop
      vertex -3.04721 4.90079 -23.409
      vertex -2.48974 3.80669 -23.7932
      vertex -3.44632 4.50168 -23.409
    endloop
  endfacet
  facet normal 0.36165 -0.626395 -0.690535
    outer loop
      vertex 43.562 -2.27319 -2.80982
      vertex -0.335272 -5.7145 -22.6782
      vertex 5.62525 -2.27319 -22.6782
    endloop
  endfacet
  facet normal -0.848388 0.432274 0.305578
    outer loop
      vertex -23.8196 38.3766 1.80401
      vertex -24.6879 37.5083 0.621621
      vertex -24.3225 37.3896 1.80401
    endloop
  endfacet
  facet normal -0.940441 0.148961 0.305584
    outer loop
      vertex -24.3225 37.3896 1.80401
      vertex -24.6879 37.5083 0.621621
      vertex -24.4958 36.2955 1.80401
    endloop
  endfacet
  facet normal -0.848384 0.432295 0.305559
    outer loop
      vertex -24.1304 38.6024 0.621621
      vertex -24.6879 37.5083 0.621621
      vertex -23.8196 38.3766 1.80401
    endloop
  endfacet
  facet normal -0.673289 0.673289 0.305557
    outer loop
      vertex -24.1304 38.6024 0.621621
      vertex -23.0363 39.1599 1.80401
      vertex -23.2621 39.4707 0.621621
    endloop
  endfacet
  facet normal -0.673289 0.673289 0.305557
    outer loop
      vertex -23.0363 39.1599 1.80401
      vertex -24.1304 38.6024 0.621621
      vertex -23.8196 38.3766 1.80401
    endloop
  endfacet
  facet normal -0.987687 0.156443 0
    outer loop
      vertex -24.88 36.2955 -0.621621
      vertex -24.6879 37.5083 0.621621
      vertex -24.6879 37.5083 -0.621621
    endloop
  endfacet
  facet normal -0.987687 0.156443 0
    outer loop
      vertex -24.6879 37.5083 0.621621
      vertex -24.88 36.2955 -0.621621
      vertex -24.88 36.2955 0.621621
    endloop
  endfacet
  facet normal 0.0488808 0.308663 -0.949915
    outer loop
      vertex -1.79475 4.03251 -23.7932
      vertex -1.98684 4.06293 -23.7932
      vertex -1.42937 5.15703 -23.409
    endloop
  endfacet
  facet normal -0.0488808 0.308663 -0.949915
    outer loop
      vertex -2.17893 4.03251 -23.7932
      vertex -2.54431 5.15703 -23.409
      vertex -1.98684 4.06293 -23.7932
    endloop
  endfacet
  facet normal -0.210813 0.413848 -0.8856
    outer loop
      vertex -20.6921 35.8397 -4.75068
      vertex -21.5127 38.0112 -3.54058
      vertex -20.3375 35.9758 -4.77149
    endloop
  endfacet
  facet normal -0.210768 0.413882 -0.885595
    outer loop
      vertex -22.0156 37.755 -3.54058
      vertex -20.6921 35.8397 -4.75068
      vertex -20.8405 35.7196 -4.77149
    endloop
  endfacet
  facet normal -0.21083 0.413842 -0.885599
    outer loop
      vertex -20.6921 35.8397 -4.75068
      vertex -22.0156 37.755 -3.54058
      vertex -21.5127 38.0112 -3.54058
    endloop
  endfacet
  facet normal -0.210854 0.413825 -0.885601
    outer loop
      vertex -19.1921 33.2417 -6.32185
      vertex -2.54431 5.15703 -23.409
      vertex -3.04721 4.90079 -23.409
    endloop
  endfacet
  facet normal -0.210778 0.413869 -0.885599
    outer loop
      vertex -2.54431 5.15703 -23.409
      vertex -19.1921 33.2417 -6.32185
      vertex -18.897 33.4806 -6.28044
    endloop
  endfacet
  facet normal -0.211063 0.413709 -0.885606
    outer loop
      vertex -19.1921 33.2417 -6.32185
      vertex -3.04721 4.90079 -23.409
      vertex -19.3703 33.1732 -6.31138
    endloop
  endfacet
  facet normal -0.0926946 0.585246 -0.80554
    outer loop
      vertex -21.5127 38.0112 -3.54058
      vertex -21.8235 38.9678 -2.80982
      vertex -20.9552 38.0995 -3.54058
    endloop
  endfacet
  facet normal -0.0752059 0.483864 -0.871906
    outer loop
      vertex -19.7853 36.0325 -4.78857
      vertex -20.9552 38.0995 -3.54058
      vertex -19.7575 36.025 -4.79513
    endloop
  endfacet
  facet normal -0.0765869 0.483224 -0.872141
    outer loop
      vertex -20.2539 36.0079 -4.76105
      vertex -20.9552 38.0995 -3.54058
      vertex -19.7853 36.0325 -4.78857
    endloop
  endfacet
  facet normal -0.0766261 0.483212 -0.872143
    outer loop
      vertex -20.3375 35.9758 -4.77149
      vertex -20.9552 38.0995 -3.54058
      vertex -20.2539 36.0079 -4.76105
    endloop
  endfacet
  facet normal -0.0765375 0.483235 -0.872139
    outer loop
      vertex -20.9552 38.0995 -3.54058
      vertex -20.3375 35.9758 -4.77149
      vertex -21.5127 38.0112 -3.54058
    endloop
  endfacet
  facet normal -0.076541 0.483231 -0.87214
    outer loop
      vertex -18.8274 33.537 -6.25532
      vertex -1.98684 5.24533 -23.409
      vertex -2.54431 5.15703 -23.409
    endloop
  endfacet
  facet normal -0.0767313 0.483141 -0.872174
    outer loop
      vertex -1.98684 5.24533 -23.409
      vertex -18.5718 33.9306 -6.05968
      vertex -18.5643 33.9584 -6.04494
    endloop
  endfacet
  facet normal -0.0765627 0.483221 -0.872144
    outer loop
      vertex -1.98684 5.24533 -23.409
      vertex -18.8274 33.537 -6.25532
      vertex -18.5718 33.9306 -6.05968
    endloop
  endfacet
  facet normal -0.0767285 0.483143 -0.872173
    outer loop
      vertex -18.8274 33.537 -6.25532
      vertex -2.54431 5.15703 -23.409
      vertex -18.897 33.4806 -6.28044
    endloop
  endfacet
  facet normal -0.809041 0 -0.587752
    outer loop
      vertex -23.7651 -36.2955 -2.80982
      vertex -24.4958 36.2955 -1.80401
      vertex -23.7651 36.2955 -2.80982
    endloop
  endfacet
  facet normal -0.809041 -0 -0.587752
    outer loop
      vertex -24.4958 36.2955 -1.80401
      vertex -23.7651 -36.2955 -2.80982
      vertex -24.4958 -36.2955 -1.80401
    endloop
  endfacet
  facet normal 0 0 -1
    outer loop
      vertex 4.56488 -0.192091 -23.7932
      vertex 4.56488 0.192091 -23.7932
      vertex 4.5953 0 -23.7932
    endloop
  endfacet
  facet normal 0 0 -1
    outer loop
      vertex 4.47659 -0.365379 -23.7932
      vertex 4.56488 0.192091 -23.7932
      vertex 4.56488 -0.192091 -23.7932
    endloop
  endfacet
  facet normal 0 0 -1
    outer loop
      vertex 4.47659 -0.365379 -23.7932
      vertex 4.47659 0.365379 -23.7932
      vertex 4.56488 0.192091 -23.7932
    endloop
  endfacet
  facet normal 0 0 -1
    outer loop
      vertex 4.33906 -0.502902 -23.7932
      vertex 4.47659 0.365379 -23.7932
      vertex 4.47659 -0.365379 -23.7932
    endloop
  endfacet
  facet normal 0 0 -1
    outer loop
      vertex 4.33906 -0.502902 -23.7932
      vertex 4.33906 0.502902 -23.7932
      vertex 4.47659 0.365379 -23.7932
    endloop
  endfacet
  facet normal 0 0 -1
    outer loop
      vertex 4.33906 -0.502902 -23.7932
      vertex 2.5 0 -23.7932
      vertex 4.33906 0.502902 -23.7932
    endloop
  endfacet
  facet normal -0 0 -1
    outer loop
      vertex 4.33906 -0.502902 -23.7932
      vertex 2.37764 -0.772542 -23.7932
      vertex 2.5 0 -23.7932
    endloop
  endfacet
  facet normal 0 0 -1
    outer loop
      vertex 4.33906 -0.502902 -23.7932
      vertex 2.02254 -1.46946 -23.7932
      vertex 2.37764 -0.772542 -23.7932
    endloop
  endfacet
  facet normal 0 0 -1
    outer loop
      vertex 4.33906 -0.502902 -23.7932
      vertex 1.46946 -2.02254 -23.7932
      vertex 2.02254 -1.46946 -23.7932
    endloop
  endfacet
  facet normal 0 0 -1
    outer loop
      vertex -1.62146 -3.94421 -23.7932
      vertex 1.46946 -2.02254 -23.7932
      vertex 4.33906 -0.502902 -23.7932
    endloop
  endfacet
  facet normal 0 0 -1
    outer loop
      vertex -1.62146 -3.94421 -23.7932
      vertex 0.772542 -2.37764 -23.7932
      vertex 1.46946 -2.02254 -23.7932
    endloop
  endfacet
  facet normal 0 0 -1
    outer loop
      vertex -1.62146 -3.94421 -23.7932
      vertex 0 -2.5 -23.7932
      vertex 0.772542 -2.37764 -23.7932
    endloop
  endfacet
  facet normal 0 0 -1
    outer loop
      vertex -1.62146 -3.94421 -23.7932
      vertex -0.772542 -2.37764 -23.7932
      vertex 0 -2.5 -23.7932
    endloop
  endfacet
  facet normal 0 0 -1
    outer loop
      vertex -1.62146 -3.94421 -23.7932
      vertex -1.46946 -2.02254 -23.7932
      vertex -0.772542 -2.37764 -23.7932
    endloop
  endfacet
  facet normal 0 0 -1
    outer loop
      vertex -2.60846 -3.44131 -23.7932
      vertex -1.62146 -3.94421 -23.7932
      vertex -1.79475 -4.03251 -23.7932
    endloop
  endfacet
  facet normal 0 0 -1
    outer loop
      vertex -2.60846 -3.44131 -23.7932
      vertex -1.79475 -4.03251 -23.7932
      vertex -1.98684 -4.06293 -23.7932
    endloop
  endfacet
  facet normal 0 0 -1
    outer loop
      vertex -1.62146 -3.94421 -23.7932
      vertex -2.60846 -3.44131 -23.7932
      vertex -1.46946 -2.02254 -23.7932
    endloop
  endfacet
  facet normal 0 0 -1
    outer loop
      vertex -2.60846 -3.44131 -23.7932
      vertex -1.98684 -4.06293 -23.7932
      vertex -2.17893 -4.03251 -23.7932
    endloop
  endfacet
  facet normal 0 0 -1
    outer loop
      vertex -2.60846 -3.44131 -23.7932
      vertex -2.17893 -4.03251 -23.7932
      vertex -2.35222 -3.94421 -23.7932
    endloop
  endfacet
  facet normal -0 0 -1
    outer loop
      vertex -1.46946 -2.02254 -23.7932
      vertex -2.60846 -3.44131 -23.7932
      vertex -2.02254 -1.46946 -23.7932
    endloop
  endfacet
  facet normal 0 0 -1
    outer loop
      vertex -2.60846 -3.44131 -23.7932
      vertex -2.35222 -3.94421 -23.7932
      vertex -2.48974 -3.80669 -23.7932
    endloop
  endfacet
  facet normal -0 0 -1
    outer loop
      vertex -2.02254 -1.46946 -23.7932
      vertex -2.60846 -3.44131 -23.7932
      vertex -2.37764 -0.772542 -23.7932
    endloop
  endfacet
  facet normal 0 0 -1
    outer loop
      vertex -2.60846 -3.44131 -23.7932
      vertex -2.48974 -3.80669 -23.7932
      vertex -2.57804 -3.6334 -23.7932
    endloop
  endfacet
  facet normal 0 0 -1
    outer loop
      vertex 2.37764 0.772542 -23.7932
      vertex 4.33906 0.502902 -23.7932
      vertex 2.5 0 -23.7932
    endloop
  endfacet
  facet normal 0 0 -1
    outer loop
      vertex 2.02254 1.46946 -23.7932
      vertex 4.33906 0.502902 -23.7932
      vertex 2.37764 0.772542 -23.7932
    endloop
  endfacet
  facet normal 0 0 -1
    outer loop
      vertex 1.46946 2.02254 -23.7932
      vertex 4.33906 0.502902 -23.7932
      vertex 2.02254 1.46946 -23.7932
    endloop
  endfacet
  facet normal 0 0 -1
    outer loop
      vertex 1.46946 2.02254 -23.7932
      vertex -1.62146 3.94421 -23.7932
      vertex 4.33906 0.502902 -23.7932
    endloop
  endfacet
  facet normal 0 0 -1
    outer loop
      vertex 0.772542 2.37764 -23.7932
      vertex -1.62146 3.94421 -23.7932
      vertex 1.46946 2.02254 -23.7932
    endloop
  endfacet
  facet normal 0 0 -1
    outer loop
      vertex 0 2.5 -23.7932
      vertex -1.62146 3.94421 -23.7932
      vertex 0.772542 2.37764 -23.7932
    endloop
  endfacet
  facet normal 0 0 -1
    outer loop
      vertex -0.772542 2.37764 -23.7932
      vertex -1.62146 3.94421 -23.7932
      vertex 0 2.5 -23.7932
    endloop
  endfacet
  facet normal 0 0 -1
    outer loop
      vertex -1.46946 2.02254 -23.7932
      vertex -1.62146 3.94421 -23.7932
      vertex -0.772542 2.37764 -23.7932
    endloop
  endfacet
  facet normal 0 0 -1
    outer loop
      vertex -2.60846 3.44131 -23.7932
      vertex -1.62146 3.94421 -23.7932
      vertex -1.46946 2.02254 -23.7932
    endloop
  endfacet
  facet normal -0 0 -1
    outer loop
      vertex -1.62146 3.94421 -23.7932
      vertex -2.60846 3.44131 -23.7932
      vertex -1.79475 4.03251 -23.7932
    endloop
  endfacet
  facet normal 0 0 -1
    outer loop
      vertex -2.60846 3.44131 -23.7932
      vertex -1.46946 2.02254 -23.7932
      vertex -2.02254 1.46946 -23.7932
    endloop
  endfacet
  facet normal -0 0 -1
    outer loop
      vertex -1.79475 4.03251 -23.7932
      vertex -2.60846 3.44131 -23.7932
      vertex -1.98684 4.06293 -23.7932
    endloop
  endfacet
  facet normal 0 0 -1
    outer loop
      vertex -1.98684 4.06293 -23.7932
      vertex -2.60846 3.44131 -23.7932
      vertex -2.17893 4.03251 -23.7932
    endloop
  endfacet
  facet normal 0 0 -1
    outer loop
      vertex -2.60846 3.44131 -23.7932
      vertex -2.02254 1.46946 -23.7932
      vertex -2.37764 0.772542 -23.7932
    endloop
  endfacet
  facet normal 0 0 -1
    outer loop
      vertex -2.17893 4.03251 -23.7932
      vertex -2.60846 3.44131 -23.7932
      vertex -2.35222 3.94421 -23.7932
    endloop
  endfacet
  facet normal 0 0 -1
    outer loop
      vertex -2.60846 3.44131 -23.7932
      vertex -2.37764 0.772542 -23.7932
      vertex -2.5 0 -23.7932
    endloop
  endfacet
  facet normal -0 0 -1
    outer loop
      vertex -2.37764 -0.772542 -23.7932
      vertex -2.60846 -3.44131 -23.7932
      vertex -2.5 0 -23.7932
    endloop
  endfacet
  facet normal 0 0 -1
    outer loop
      vertex -2.60846 3.44131 -23.7932
      vertex -2.5 0 -23.7932
      vertex -2.60846 -3.44131 -23.7932
    endloop
  endfacet
  facet normal 0 0 -1
    outer loop
      vertex -2.35222 3.94421 -23.7932
      vertex -2.60846 3.44131 -23.7932
      vertex -2.48974 3.80669 -23.7932
    endloop
  endfacet
  facet normal 0 0 -1
    outer loop
      vertex -2.48974 3.80669 -23.7932
      vertex -2.60846 3.44131 -23.7932
      vertex -2.57804 3.6334 -23.7932
    endloop
  endfacet
  facet normal 0.422074 -0.415163 -0.805912
    outer loop
      vertex 40.7658 -1.21352 -4.82551
      vertex 43.3699 -1.06037 -3.54058
      vertex 44.1837 -1.65157 -2.80982
    endloop
  endfacet
  facet normal 0.422046 -0.415343 -0.805833
    outer loop
      vertex 43.3699 -1.06037 -3.54058
      vertex 40.7658 -1.21352 -4.82551
      vertex 40.919 -1.06037 -4.82421
    endloop
  endfacet
  facet normal 0.422081 -0.41514 -0.80592
    outer loop
      vertex 44.1837 -1.65157 -2.80982
      vertex 40.3477 -1.42658 -4.93473
      vertex 40.7658 -1.21352 -4.82551
    endloop
  endfacet
  facet normal 0.422104 -0.415057 -0.805951
    outer loop
      vertex 44.1837 -1.65157 -2.80982
      vertex 39.8842 -1.5 -5.13967
      vertex 40.3477 -1.42658 -4.93473
    endloop
  endfacet
  facet normal 0.422052 -0.415265 -0.80587
    outer loop
      vertex 6.24687 -1.65157 -22.6782
      vertex 39.8842 -1.5 -5.13967
      vertex 44.1837 -1.65157 -2.80982
    endloop
  endfacet
  facet normal 0.422146 -0.414813 -0.806054
    outer loop
      vertex 6.24687 -1.65157 -22.6782
      vertex 39.4206 -1.42658 -5.42025
      vertex 39.8842 -1.5 -5.13967
    endloop
  endfacet
  facet normal 0.422047 -0.415299 -0.805856
    outer loop
      vertex 6.24687 -1.65157 -22.6782
      vertex 39.0025 -1.21352 -5.74902
      vertex 39.4206 -1.42658 -5.42025
    endloop
  endfacet
  facet normal 0.422081 -0.415125 -0.805927
    outer loop
      vertex 6.24687 -1.65157 -22.6782
      vertex 38.8493 -1.06037 -5.90814
      vertex 39.0025 -1.21352 -5.74902
    endloop
  endfacet
  facet normal 0.422055 -0.415258 -0.805872
    outer loop
      vertex 38.8493 -1.06037 -5.90814
      vertex 6.24687 -1.65157 -22.6782
      vertex 5.43316 -1.06037 -23.409
    endloop
  endfacet
  facet normal -0.891005 -0.453993 0
    outer loop
      vertex 2.37764 0.772542 -23.7932
      vertex 2.02254 1.46946 23.7932
      vertex 2.02254 1.46946 -23.7932
    endloop
  endfacet
  facet normal -0.891005 -0.453993 0
    outer loop
      vertex 2.02254 1.46946 23.7932
      vertex 2.37764 0.772542 -23.7932
      vertex 2.37764 0.772542 23.7932
    endloop
  endfacet
  facet normal -0.987688 -0.156436 0
    outer loop
      vertex 2.5 0 -23.7932
      vertex 2.37764 0.772542 23.7932
      vertex 2.37764 0.772542 -23.7932
    endloop
  endfacet
  facet normal -0.987688 -0.156436 0
    outer loop
      vertex 2.37764 0.772542 23.7932
      vertex 2.5 0 -23.7932
      vertex 2.5 0 23.7932
    endloop
  endfacet
  facet normal -0.707107 -0.707107 0
    outer loop
      vertex 2.02254 1.46946 -23.7932
      vertex 1.46946 2.02254 23.7932
      vertex 1.46946 2.02254 -23.7932
    endloop
  endfacet
  facet normal -0.707107 -0.707107 0
    outer loop
      vertex 1.46946 2.02254 23.7932
      vertex 2.02254 1.46946 -23.7932
      vertex 2.02254 1.46946 23.7932
    endloop
  endfacet
  facet normal -0.156436 -0.987688 0
    outer loop
      vertex 0 2.5 -23.7932
      vertex 0.772542 2.37764 23.7932
      vertex 0 2.5 23.7932
    endloop
  endfacet
  facet normal -0.156436 -0.987688 -0
    outer loop
      vertex 0.772542 2.37764 23.7932
      vertex 0 2.5 -23.7932
      vertex 0.772542 2.37764 -23.7932
    endloop
  endfacet
  facet normal 0.987688 -0.156436 0
    outer loop
      vertex -2.5 0 23.7932
      vertex -2.37764 0.772542 -23.7932
      vertex -2.37764 0.772542 23.7932
    endloop
  endfacet
  facet normal 0.987688 -0.156436 0
    outer loop
      vertex -2.37764 0.772542 -23.7932
      vertex -2.5 0 23.7932
      vertex -2.5 0 -23.7932
    endloop
  endfacet
  facet normal -0.891005 0.453993 0
    outer loop
      vertex 2.02254 -1.46946 -23.7932
      vertex 2.37764 -0.772542 23.7932
      vertex 2.37764 -0.772542 -23.7932
    endloop
  endfacet
  facet normal -0.891005 0.453993 0
    outer loop
      vertex 2.37764 -0.772542 23.7932
      vertex 2.02254 -1.46946 -23.7932
      vertex 2.02254 -1.46946 23.7932
    endloop
  endfacet
  facet normal -0.453993 -0.891005 0
    outer loop
      vertex 0.772542 2.37764 -23.7932
      vertex 1.46946 2.02254 23.7932
      vertex 0.772542 2.37764 23.7932
    endloop
  endfacet
  facet normal -0.453993 -0.891005 -0
    outer loop
      vertex 1.46946 2.02254 23.7932
      vertex 0.772542 2.37764 -23.7932
      vertex 1.46946 2.02254 -23.7932
    endloop
  endfacet
  facet normal 0.453993 -0.891005 0
    outer loop
      vertex -1.46946 2.02254 -23.7932
      vertex -0.772542 2.37764 23.7932
      vertex -1.46946 2.02254 23.7932
    endloop
  endfacet
  facet normal 0.453993 -0.891005 0
    outer loop
      vertex -0.772542 2.37764 23.7932
      vertex -1.46946 2.02254 -23.7932
      vertex -0.772542 2.37764 -23.7932
    endloop
  endfacet
  facet normal 0.156436 0.987688 -0
    outer loop
      vertex 0 -2.5 -23.7932
      vertex -0.772542 -2.37764 23.7932
      vertex 0 -2.5 23.7932
    endloop
  endfacet
  facet normal 0.156436 0.987688 0
    outer loop
      vertex -0.772542 -2.37764 23.7932
      vertex 0 -2.5 -23.7932
      vertex -0.772542 -2.37764 -23.7932
    endloop
  endfacet
  facet normal -0.707107 0.707107 0
    outer loop
      vertex 1.46946 -2.02254 -23.7932
      vertex 2.02254 -1.46946 23.7932
      vertex 2.02254 -1.46946 -23.7932
    endloop
  endfacet
  facet normal -0.707107 0.707107 0
    outer loop
      vertex 2.02254 -1.46946 23.7932
      vertex 1.46946 -2.02254 -23.7932
      vertex 1.46946 -2.02254 23.7932
    endloop
  endfacet
  facet normal 0.891005 0.453993 0
    outer loop
      vertex -2.02254 -1.46946 23.7932
      vertex -2.37764 -0.772542 -23.7932
      vertex -2.37764 -0.772542 23.7932
    endloop
  endfacet
  facet normal 0.891005 0.453993 0
    outer loop
      vertex -2.37764 -0.772542 -23.7932
      vertex -2.02254 -1.46946 23.7932
      vertex -2.02254 -1.46946 -23.7932
    endloop
  endfacet
  facet normal 0.156436 -0.987688 0
    outer loop
      vertex -0.772542 2.37764 -23.7932
      vertex 0 2.5 23.7932
      vertex -0.772542 2.37764 23.7932
    endloop
  endfacet
  facet normal 0.156436 -0.987688 0
    outer loop
      vertex 0 2.5 23.7932
      vertex -0.772542 2.37764 -23.7932
      vertex 0 2.5 -23.7932
    endloop
  endfacet
  facet normal -0.453993 0.891005 0
    outer loop
      vertex 1.46946 -2.02254 -23.7932
      vertex 0.772542 -2.37764 23.7932
      vertex 1.46946 -2.02254 23.7932
    endloop
  endfacet
  facet normal -0.453993 0.891005 0
    outer loop
      vertex 0.772542 -2.37764 23.7932
      vertex 1.46946 -2.02254 -23.7932
      vertex 0.772542 -2.37764 -23.7932
    endloop
  endfacet
  facet normal -0.156436 0.987688 0
    outer loop
      vertex 0.772542 -2.37764 -23.7932
      vertex 0 -2.5 23.7932
      vertex 0.772542 -2.37764 23.7932
    endloop
  endfacet
  facet normal -0.156436 0.987688 0
    outer loop
      vertex 0 -2.5 23.7932
      vertex 0.772542 -2.37764 -23.7932
      vertex 0 -2.5 -23.7932
    endloop
  endfacet
  facet normal 0.987688 0.156436 0
    outer loop
      vertex -2.37764 -0.772542 23.7932
      vertex -2.5 0 -23.7932
      vertex -2.5 0 23.7932
    endloop
  endfacet
  facet normal 0.987688 0.156436 0
    outer loop
      vertex -2.5 0 -23.7932
      vertex -2.37764 -0.772542 23.7932
      vertex -2.37764 -0.772542 -23.7932
    endloop
  endfacet
  facet normal 0.891005 -0.453993 0
    outer loop
      vertex -2.37764 0.772542 23.7932
      vertex -2.02254 1.46946 -23.7932
      vertex -2.02254 1.46946 23.7932
    endloop
  endfacet
  facet normal 0.891005 -0.453993 0
    outer loop
      vertex -2.02254 1.46946 -23.7932
      vertex -2.37764 0.772542 23.7932
      vertex -2.37764 0.772542 -23.7932
    endloop
  endfacet
  facet normal 0.707107 -0.707107 0
    outer loop
      vertex -2.02254 1.46946 23.7932
      vertex -1.46946 2.02254 -23.7932
      vertex -1.46946 2.02254 23.7932
    endloop
  endfacet
  facet normal 0.707107 -0.707107 0
    outer loop
      vertex -1.46946 2.02254 -23.7932
      vertex -2.02254 1.46946 23.7932
      vertex -2.02254 1.46946 -23.7932
    endloop
  endfacet
  facet normal -0.987688 0.156436 0
    outer loop
      vertex 2.37764 -0.772542 -23.7932
      vertex 2.5 0 23.7932
      vertex 2.5 0 -23.7932
    endloop
  endfacet
  facet normal -0.987688 0.156436 0
    outer loop
      vertex 2.5 0 23.7932
      vertex 2.37764 -0.772542 -23.7932
      vertex 2.37764 -0.772542 23.7932
    endloop
  endfacet
  facet normal 0.707107 0.707107 0
    outer loop
      vertex -1.46946 -2.02254 23.7932
      vertex -2.02254 -1.46946 -23.7932
      vertex -2.02254 -1.46946 23.7932
    endloop
  endfacet
  facet normal 0.707107 0.707107 0
    outer loop
      vertex -2.02254 -1.46946 -23.7932
      vertex -1.46946 -2.02254 23.7932
      vertex -1.46946 -2.02254 -23.7932
    endloop
  endfacet
  facet normal 0.453993 0.891005 -0
    outer loop
      vertex -0.772542 -2.37764 -23.7932
      vertex -1.46946 -2.02254 23.7932
      vertex -0.772542 -2.37764 23.7932
    endloop
  endfacet
  facet normal 0.453993 0.891005 0
    outer loop
      vertex -1.46946 -2.02254 23.7932
      vertex -0.772542 -2.37764 -23.7932
      vertex -1.46946 -2.02254 -23.7932
    endloop
  endfacet
endsolid OpenSCAD_Model
