solid OpenSCAD_Model
  facet normal 0.453951 -0.891027 0
    outer loop
      vertex 33.077 1.21352 5.39129
      vertex 33.4952 1.42658 -5.06252
      vertex 33.4952 1.42658 5.06252
    endloop
  endfacet
  facet normal 0.453951 -0.891027 0
    outer loop
      vertex 33.4952 1.42658 -5.06252
      vertex 33.077 1.21352 5.39129
      vertex 33.077 1.21352 -5.39129
    endloop
  endfacet
  facet normal -0.890979 -0.454036 0.00273654
    outer loop
      vertex 35.3853 0.463525 -4.45054
      vertex 35.1722 0.881678 -4.45458
      vertex 35.3741 0.485479 -4.45458
    endloop
  endfacet
  facet normal -0.890972 -0.454059 0
    outer loop
      vertex 35.1722 0.881678 -4.45458
      vertex 35.3853 0.463525 -4.45054
      vertex 35.1722 0.881678 4.45458
    endloop
  endfacet
  facet normal -0.890972 -0.454059 -0
    outer loop
      vertex 35.3853 0.463525 4.45054
      vertex 35.1722 0.881678 4.45458
      vertex 35.3853 0.463525 -4.45054
    endloop
  endfacet
  facet normal -0.890979 -0.454036 -0.00273654
    outer loop
      vertex 35.1722 0.881678 4.45458
      vertex 35.3853 0.463525 4.45054
      vertex 35.3741 0.485479 4.45458
    endloop
  endfacet
  facet normal -0.987693 -0.156403 0
    outer loop
      vertex 35.4587 0 -4.45054
      vertex 35.3853 0.463525 4.45054
      vertex 35.3853 0.463525 -4.45054
    endloop
  endfacet
  facet normal -0.987693 -0.156403 0
    outer loop
      vertex 35.3853 0.463525 4.45054
      vertex 35.4587 0 -4.45054
      vertex 35.4587 0 4.45054
    endloop
  endfacet
  facet normal -0.707062 -0.707139 0.00418731
    outer loop
      vertex 34.8404 1.21352 4.46777
      vertex 35.1722 0.881678 4.45458
      vertex 35.1305 0.923437 4.46531
    endloop
  endfacet
  facet normal -0.707152 -0.707062 0
    outer loop
      vertex 34.8404 1.21352 4.46777
      vertex 35.1722 0.881678 -4.45458
      vertex 35.1722 0.881678 4.45458
    endloop
  endfacet
  facet normal -0.707152 -0.707062 0
    outer loop
      vertex 34.8404 1.21352 -4.46777
      vertex 35.1722 0.881678 -4.45458
      vertex 34.8404 1.21352 4.46777
    endloop
  endfacet
  facet normal -0.707062 -0.707139 -0.00418731
    outer loop
      vertex 35.1722 0.881678 -4.45458
      vertex 34.8404 1.21352 -4.46777
      vertex 35.1305 0.923437 -4.46531
    endloop
  endfacet
  facet normal -0.987693 0.156403 0
    outer loop
      vertex 35.3853 -0.463525 -4.45054
      vertex 35.4587 0 4.45054
      vertex 35.4587 0 -4.45054
    endloop
  endfacet
  facet normal -0.987693 0.156403 0
    outer loop
      vertex 35.4587 0 4.45054
      vertex 35.3853 -0.463525 -4.45054
      vertex 35.3853 -0.463525 4.45054
    endloop
  endfacet
  facet normal -0.156404 -0.987693 0
    outer loop
      vertex 34.3484 1.43829 -4.60967
      vertex 34.3484 1.43829 4.60967
      vertex 33.9587 1.5 4.78141
    endloop
  endfacet
  facet normal -0.156712 -0.987644 -0
    outer loop
      vertex 34.3484 1.43829 4.60967
      vertex 34.3484 1.43829 -4.60967
      vertex 34.4222 1.42658 4.577
    endloop
  endfacet
  facet normal -0.156712 -0.987644 -0
    outer loop
      vertex 34.4222 1.42658 4.577
      vertex 34.3484 1.43829 -4.60967
      vertex 34.4222 1.42658 -4.577
    endloop
  endfacet
  facet normal -0.156404 -0.987693 0
    outer loop
      vertex 34.3484 1.43829 -4.60967
      vertex 33.9587 1.5 4.78141
      vertex 33.9587 1.5 -4.78141
    endloop
  endfacet
  facet normal -0.453951 -0.891027 0
    outer loop
      vertex 34.4222 1.42658 4.577
      vertex 34.8404 1.21352 -4.46777
      vertex 34.8404 1.21352 4.46777
    endloop
  endfacet
  facet normal -0.453951 -0.891027 0
    outer loop
      vertex 34.8404 1.21352 -4.46777
      vertex 34.4222 1.42658 4.577
      vertex 34.4222 1.42658 -4.577
    endloop
  endfacet
  facet normal 0.709261 -0.704934 0.00420463
    outer loop
      vertex 32.7452 0.881678 5.72569
      vertex 33.077 1.21352 5.39129
      vertex 32.7869 0.923437 5.69267
    endloop
  endfacet
  facet normal 0.707152 -0.707062 0
    outer loop
      vertex 32.7452 0.881678 5.72569
      vertex 33.077 1.21352 -5.39129
      vertex 33.077 1.21352 5.39129
    endloop
  endfacet
  facet normal 0.707152 -0.707062 0
    outer loop
      vertex 32.7452 0.881678 -5.72569
      vertex 33.077 1.21352 -5.39129
      vertex 32.7452 0.881678 5.72569
    endloop
  endfacet
  facet normal 0.709261 -0.704934 -0.00420463
    outer loop
      vertex 33.077 1.21352 -5.39129
      vertex 32.7452 0.881678 -5.72569
      vertex 32.7869 0.923437 -5.69267
    endloop
  endfacet
  facet normal 0.987693 -0.156403 0
    outer loop
      vertex 32.4587 0 6.02172
      vertex 32.5321 0.463525 -5.94482
      vertex 32.5321 0.463525 5.94482
    endloop
  endfacet
  facet normal 0.987693 -0.156403 0
    outer loop
      vertex 32.5321 0.463525 -5.94482
      vertex 32.4587 0 6.02172
      vertex 32.4587 0 -6.02172
    endloop
  endfacet
  facet normal 0.156443 0.987687 -0
    outer loop
      vertex 33.9587 -1.5 -4.78141
      vertex 33.5691 -1.43829 5.01779
      vertex 33.9587 -1.5 4.78141
    endloop
  endfacet
  facet normal 0.156443 0.987687 -0
    outer loop
      vertex 33.5691 -1.43829 -5.01779
      vertex 33.5691 -1.43829 5.01779
      vertex 33.9587 -1.5 -4.78141
    endloop
  endfacet
  facet normal 0.156505 0.987677 0
    outer loop
      vertex 33.5691 -1.43829 5.01779
      vertex 33.5691 -1.43829 -5.01779
      vertex 33.4952 -1.42658 5.06252
    endloop
  endfacet
  facet normal 0.156505 0.987677 0
    outer loop
      vertex 33.4952 -1.42658 5.06252
      vertex 33.5691 -1.43829 -5.01779
      vertex 33.4952 -1.42658 -5.06252
    endloop
  endfacet
  facet normal -0.453951 0.891027 0
    outer loop
      vertex 34.8404 -1.21352 -4.46777
      vertex 34.4222 -1.42658 4.577
      vertex 34.8404 -1.21352 4.46777
    endloop
  endfacet
  facet normal -0.453951 0.891027 0
    outer loop
      vertex 34.4222 -1.42658 4.577
      vertex 34.8404 -1.21352 -4.46777
      vertex 34.4222 -1.42658 -4.577
    endloop
  endfacet
  facet normal -0.156712 0.987644 0
    outer loop
      vertex 34.3484 -1.43829 -4.60967
      vertex 34.3484 -1.43829 4.60967
      vertex 34.4222 -1.42658 4.577
    endloop
  endfacet
  facet normal -0.156712 0.987644 0
    outer loop
      vertex 34.3484 -1.43829 -4.60967
      vertex 34.4222 -1.42658 4.577
      vertex 34.4222 -1.42658 -4.577
    endloop
  endfacet
  facet normal -0.156404 0.987693 0
    outer loop
      vertex 34.3484 -1.43829 4.60967
      vertex 34.3484 -1.43829 -4.60967
      vertex 33.9587 -1.5 4.78141
    endloop
  endfacet
  facet normal -0.156404 0.987693 0
    outer loop
      vertex 33.9587 -1.5 4.78141
      vertex 34.3484 -1.43829 -4.60967
      vertex 33.9587 -1.5 -4.78141
    endloop
  endfacet
  facet normal -0.890979 0.454036 0.00273654
    outer loop
      vertex 35.1722 -0.881678 -4.45458
      vertex 35.3853 -0.463525 -4.45054
      vertex 35.3741 -0.485479 -4.45458
    endloop
  endfacet
  facet normal -0.890972 0.454059 0
    outer loop
      vertex 35.3853 -0.463525 -4.45054
      vertex 35.1722 -0.881678 -4.45458
      vertex 35.3853 -0.463525 4.45054
    endloop
  endfacet
  facet normal -0.890972 0.454059 0
    outer loop
      vertex 35.1722 -0.881678 4.45458
      vertex 35.3853 -0.463525 4.45054
      vertex 35.1722 -0.881678 -4.45458
    endloop
  endfacet
  facet normal -0.890979 0.454036 -0.00273654
    outer loop
      vertex 35.3853 -0.463525 4.45054
      vertex 35.1722 -0.881678 4.45458
      vertex 35.3741 -0.485479 4.45458
    endloop
  endfacet
  facet normal 0.890387 -0.455195 -0.00273691
    outer loop
      vertex 32.5321 0.463525 5.94482
      vertex 32.7452 0.881678 5.72569
      vertex 32.5433 0.485479 5.93714
    endloop
  endfacet
  facet normal 0.890972 -0.454059 0
    outer loop
      vertex 32.7452 0.881678 5.72569
      vertex 32.5321 0.463525 5.94482
      vertex 32.7452 0.881678 -5.72569
    endloop
  endfacet
  facet normal 0.890972 -0.454059 0
    outer loop
      vertex 32.5321 0.463525 -5.94482
      vertex 32.7452 0.881678 -5.72569
      vertex 32.5321 0.463525 5.94482
    endloop
  endfacet
  facet normal 0.890387 -0.455195 0.00273691
    outer loop
      vertex 32.7452 0.881678 -5.72569
      vertex 32.5321 0.463525 -5.94482
      vertex 32.5433 0.485479 -5.93714
    endloop
  endfacet
  facet normal 0.890387 0.455195 -0.00273691
    outer loop
      vertex 32.7452 -0.881678 5.72569
      vertex 32.5321 -0.463525 5.94482
      vertex 32.5433 -0.485479 5.93714
    endloop
  endfacet
  facet normal 0.890972 0.454059 0
    outer loop
      vertex 32.5321 -0.463525 5.94482
      vertex 32.7452 -0.881678 5.72569
      vertex 32.5321 -0.463525 -5.94482
    endloop
  endfacet
  facet normal 0.890972 0.454059 -0
    outer loop
      vertex 32.7452 -0.881678 -5.72569
      vertex 32.5321 -0.463525 -5.94482
      vertex 32.7452 -0.881678 5.72569
    endloop
  endfacet
  facet normal 0.890387 0.455195 0.00273691
    outer loop
      vertex 32.5321 -0.463525 -5.94482
      vertex 32.7452 -0.881678 -5.72569
      vertex 32.5433 -0.485479 -5.93714
    endloop
  endfacet
  facet normal 0.156505 -0.987677 0
    outer loop
      vertex 33.5691 1.43829 -5.01779
      vertex 33.5691 1.43829 5.01779
      vertex 33.4952 1.42658 5.06252
    endloop
  endfacet
  facet normal 0.156443 -0.987687 0
    outer loop
      vertex 33.5691 1.43829 5.01779
      vertex 33.9587 1.5 -4.78141
      vertex 33.9587 1.5 4.78141
    endloop
  endfacet
  facet normal 0.156443 -0.987687 0
    outer loop
      vertex 33.5691 1.43829 5.01779
      vertex 33.5691 1.43829 -5.01779
      vertex 33.9587 1.5 -4.78141
    endloop
  endfacet
  facet normal 0.156505 -0.987677 0
    outer loop
      vertex 33.5691 1.43829 -5.01779
      vertex 33.4952 1.42658 5.06252
      vertex 33.4952 1.42658 -5.06252
    endloop
  endfacet
  facet normal -0.707062 0.707139 0.00418731
    outer loop
      vertex 35.1722 -0.881678 4.45458
      vertex 34.8404 -1.21352 4.46777
      vertex 35.1305 -0.923437 4.46531
    endloop
  endfacet
  facet normal -0.707152 0.707062 0
    outer loop
      vertex 35.1722 -0.881678 -4.45458
      vertex 34.8404 -1.21352 4.46777
      vertex 35.1722 -0.881678 4.45458
    endloop
  endfacet
  facet normal -0.707062 0.707139 -0.00418731
    outer loop
      vertex 34.8404 -1.21352 -4.46777
      vertex 35.1722 -0.881678 -4.45458
      vertex 35.1305 -0.923437 -4.46531
    endloop
  endfacet
  facet normal -0.707152 0.707062 0
    outer loop
      vertex 35.1722 -0.881678 -4.45458
      vertex 34.8404 -1.21352 -4.46777
      vertex 34.8404 -1.21352 4.46777
    endloop
  endfacet
  facet normal 0.453951 0.891027 -0
    outer loop
      vertex 33.4952 -1.42658 -5.06252
      vertex 33.077 -1.21352 5.39129
      vertex 33.4952 -1.42658 5.06252
    endloop
  endfacet
  facet normal 0.453951 0.891027 0
    outer loop
      vertex 33.077 -1.21352 5.39129
      vertex 33.4952 -1.42658 -5.06252
      vertex 33.077 -1.21352 -5.39129
    endloop
  endfacet
  facet normal 0.987693 0.156403 0
    outer loop
      vertex 32.5321 -0.463525 5.94482
      vertex 32.4587 0 -6.02172
      vertex 32.4587 0 6.02172
    endloop
  endfacet
  facet normal 0.987693 0.156403 0
    outer loop
      vertex 32.4587 0 -6.02172
      vertex 32.5321 -0.463525 5.94482
      vertex 32.5321 -0.463525 -5.94482
    endloop
  endfacet
  facet normal 0.709261 0.704934 0.00420463
    outer loop
      vertex 33.077 -1.21352 5.39129
      vertex 32.7452 -0.881678 5.72569
      vertex 32.7869 -0.923437 5.69267
    endloop
  endfacet
  facet normal 0.707152 0.707062 -0
    outer loop
      vertex 33.077 -1.21352 -5.39129
      vertex 32.7452 -0.881678 5.72569
      vertex 33.077 -1.21352 5.39129
    endloop
  endfacet
  facet normal 0.709261 0.704934 -0.00420463
    outer loop
      vertex 32.7452 -0.881678 -5.72569
      vertex 33.077 -1.21352 -5.39129
      vertex 32.7869 -0.923437 -5.69267
    endloop
  endfacet
  facet normal 0.707152 0.707062 0
    outer loop
      vertex 33.077 -1.21352 -5.39129
      vertex 32.7452 -0.881678 -5.72569
      vertex 32.7452 -0.881678 5.72569
    endloop
  endfacet
  facet normal -0.358533 0.933517 0.000732941
    outer loop
      vertex -16.2294 28.1101 6.0127
      vertex -16.6675 27.9419 5.93676
      vertex -16.3846 28.0505 6.00359
    endloop
  endfacet
  facet normal -0.358422 0.93356 0
    outer loop
      vertex -16.2294 28.1101 6.0127
      vertex -16.6675 27.9419 -5.93676
      vertex -16.6675 27.9419 5.93676
    endloop
  endfacet
  facet normal -0.358422 0.93356 0
    outer loop
      vertex -16.2294 28.1101 -6.0127
      vertex -16.6675 27.9419 -5.93676
      vertex -16.2294 28.1101 6.0127
    endloop
  endfacet
  facet normal -0.358533 0.933517 -0.000732941
    outer loop
      vertex -16.6675 27.9419 -5.93676
      vertex -16.2294 28.1101 -6.0127
      vertex -16.3846 28.0505 -6.00359
    endloop
  endfacet
  facet normal 0.838656 -0.544652 -0.00326827
    outer loop
      vertex -18.3497 30.0192 4.44691
      vertex -18.0941 30.4128 4.44248
      vertex -18.2013 30.2476 4.46468
    endloop
  endfacet
  facet normal 0.838677 -0.544629 0
    outer loop
      vertex -18.0941 30.4128 4.44248
      vertex -18.3497 30.0192 4.44691
      vertex -18.0941 30.4128 -4.44248
    endloop
  endfacet
  facet normal 0.838677 -0.544629 0
    outer loop
      vertex -18.3497 30.0192 -4.44691
      vertex -18.0941 30.4128 -4.44248
      vertex -18.3497 30.0192 4.44691
    endloop
  endfacet
  facet normal 0.838656 -0.544652 0.00326827
    outer loop
      vertex -18.0941 30.4128 -4.44248
      vertex -18.3497 30.0192 -4.44691
      vertex -18.2013 30.2476 -4.46468
    endloop
  endfacet
  facet normal 0.629285 -0.777174 0.000615582
    outer loop
      vertex -18.0941 30.4128 4.44248
      vertex -17.7294 30.7081 4.44153
      vertex -17.8586 30.6035 4.45966
    endloop
  endfacet
  facet normal 0.629284 -0.777175 0
    outer loop
      vertex -18.0941 30.4128 4.44248
      vertex -17.7294 30.7081 -4.44153
      vertex -17.7294 30.7081 4.44153
    endloop
  endfacet
  facet normal 0.629284 -0.777175 0
    outer loop
      vertex -18.0941 30.4128 -4.44248
      vertex -17.7294 30.7081 -4.44153
      vertex -18.0941 30.4128 4.44248
    endloop
  endfacet
  facet normal 0.629285 -0.777174 -0.000615582
    outer loop
      vertex -17.7294 30.7081 -4.44153
      vertex -18.0941 30.4128 -4.44248
      vertex -17.8586 30.6035 -4.45966
    endloop
  endfacet
  facet normal 0.965922 -0.258825 -0.00182373
    outer loop
      vertex -18.4711 29.5659 4.48122
      vertex -18.3497 30.0192 4.44691
      vertex -18.4117 29.7876 4.47804
    endloop
  endfacet
  facet normal 0.965959 -0.258697 0
    outer loop
      vertex -18.3497 30.0192 4.44691
      vertex -18.4711 29.5659 4.48122
      vertex -18.3497 30.0192 -4.44691
    endloop
  endfacet
  facet normal 0.965959 -0.258697 0
    outer loop
      vertex -18.4711 29.5659 -4.48122
      vertex -18.3497 30.0192 -4.44691
      vertex -18.4711 29.5659 4.48122
    endloop
  endfacet
  facet normal 0.965922 -0.258825 0.00182373
    outer loop
      vertex -18.3497 30.0192 -4.44691
      vertex -18.4711 29.5659 -4.48122
      vertex -18.4117 29.7876 -4.47804
    endloop
  endfacet
  facet normal 0.358333 -0.933586 0.00386189
    outer loop
      vertex -17.7294 30.7081 4.44153
      vertex -17.2912 30.8763 4.44349
      vertex -17.4206 30.8267 4.45966
    endloop
  endfacet
  facet normal 0.358351 -0.933587 0
    outer loop
      vertex -17.7294 30.7081 -4.44153
      vertex -17.2912 30.8763 4.44349
      vertex -17.7294 30.7081 4.44153
    endloop
  endfacet
  facet normal 0.358351 -0.933587 0
    outer loop
      vertex -17.7294 30.7081 -4.44153
      vertex -17.2912 30.8763 -4.44349
      vertex -17.2912 30.8763 4.44349
    endloop
  endfacet
  facet normal 0.358333 -0.933586 -0.00386189
    outer loop
      vertex -17.2912 30.8763 -4.44349
      vertex -17.7294 30.7081 -4.44153
      vertex -17.4206 30.8267 -4.45966
    endloop
  endfacet
  facet normal -0.260052 -0.965387 0.0200456
    outer loop
      vertex -16.8226 30.9009 4.44956
      vertex -16.3693 30.7794 4.47885
      vertex -16.4321 30.7963 4.47804
    endloop
  endfacet
  facet normal -0.258896 -0.965905 0
    outer loop
      vertex -16.8226 30.9009 -4.44956
      vertex -16.3693 30.7794 4.47885
      vertex -16.8226 30.9009 4.44956
    endloop
  endfacet
  facet normal -0.258741 -0.965947 -8.43817e-06
    outer loop
      vertex -16.4321 30.7963 -4.47804
      vertex -16.3693 30.7794 4.47885
      vertex -16.8226 30.9009 -4.44956
    endloop
  endfacet
  facet normal -0.259863 -0.965645 -0
    outer loop
      vertex -16.3693 30.7794 4.47885
      vertex -16.4321 30.7963 -4.47804
      vertex -16.3693 30.7794 -4.47885
    endloop
  endfacet
  facet normal -0.544629 -0.838677 0
    outer loop
      vertex -16.3693 30.7794 -4.47885
      vertex -15.9757 30.5238 4.59002
      vertex -16.3693 30.7794 4.47885
    endloop
  endfacet
  facet normal -0.544629 -0.838677 -0
    outer loop
      vertex -15.9757 30.5238 4.59002
      vertex -16.3693 30.7794 -4.47885
      vertex -15.9757 30.5238 -4.59002
    endloop
  endfacet
  facet normal 0.93356 0.358422 0
    outer loop
      vertex -18.2784 28.6591 4.79855
      vertex -18.4466 29.0972 -4.5928
      vertex -18.4466 29.0972 4.5928
    endloop
  endfacet
  facet normal 0.93356 0.358422 0
    outer loop
      vertex -18.4466 29.0972 -4.5928
      vertex -18.2784 28.6591 4.79855
      vertex -18.2784 28.6591 -4.79855
    endloop
  endfacet
  facet normal -0.93356 -0.358422 0
    outer loop
      vertex -15.5121 29.721 -5.07554
      vertex -15.6803 30.1591 4.79562
      vertex -15.6803 30.1591 -4.79562
    endloop
  endfacet
  facet normal -0.93356 -0.358422 0
    outer loop
      vertex -15.6803 30.1591 4.79562
      vertex -15.5121 29.721 -5.07554
      vertex -15.5121 29.721 5.07554
    endloop
  endfacet
  facet normal 0.0524604 -0.998619 -0.00278721
    outer loop
      vertex -17.2912 30.8763 4.44349
      vertex -16.8226 30.9009 4.44956
      vertex -16.9303 30.8952 4.46468
    endloop
  endfacet
  facet normal 0.0524246 -0.998625 0
    outer loop
      vertex -17.2912 30.8763 -4.44349
      vertex -16.8226 30.9009 4.44956
      vertex -17.2912 30.8763 4.44349
    endloop
  endfacet
  facet normal 0.0524246 -0.998625 0
    outer loop
      vertex -17.2912 30.8763 -4.44349
      vertex -16.8226 30.9009 -4.44956
      vertex -16.8226 30.9009 4.44956
    endloop
  endfacet
  facet normal 0.0524604 -0.998619 0.00278721
    outer loop
      vertex -16.8226 30.9009 -4.44956
      vertex -17.2912 30.8763 -4.44349
      vertex -16.9303 30.8952 -4.46468
    endloop
  endfacet
  facet normal 0.25996 0.965618 -0.00165043
    outer loop
      vertex -17.1362 27.9173 5.71801
      vertex -17.5895 28.0388 5.40473
      vertex -17.3678 27.9794 5.57154
    endloop
  endfacet
  facet normal 0.258896 0.965905 0
    outer loop
      vertex -17.1362 27.9173 5.71801
      vertex -17.5895 28.0388 -5.40473
      vertex -17.5895 28.0388 5.40473
    endloop
  endfacet
  facet normal 0.258896 0.965905 -0
    outer loop
      vertex -17.1362 27.9173 -5.71801
      vertex -17.5895 28.0388 -5.40473
      vertex -17.1362 27.9173 5.71801
    endloop
  endfacet
  facet normal 0.25996 0.965618 0.00165043
    outer loop
      vertex -17.5895 28.0388 -5.40473
      vertex -17.1362 27.9173 -5.71801
      vertex -17.3678 27.9794 -5.57154
    endloop
  endfacet
  facet normal 0.998637 0.052201 0
    outer loop
      vertex -18.4466 29.0972 4.5928
      vertex -18.4711 29.5659 -4.48122
      vertex -18.4711 29.5659 4.48122
    endloop
  endfacet
  facet normal 0.998637 0.052201 0
    outer loop
      vertex -18.4711 29.5659 -4.48122
      vertex -18.4466 29.0972 4.5928
      vertex -18.4466 29.0972 -4.5928
    endloop
  endfacet
  facet normal -0.777071 -0.629413 0
    outer loop
      vertex -15.6803 30.1591 -4.79562
      vertex -15.9757 30.5238 4.59002
      vertex -15.9757 30.5238 -4.59002
    endloop
  endfacet
  facet normal -0.777071 -0.629413 0
    outer loop
      vertex -15.9757 30.5238 4.59002
      vertex -15.6803 30.1591 -4.79562
      vertex -15.6803 30.1591 4.79562
    endloop
  endfacet
  facet normal -0.96603 0.258429 0
    outer loop
      vertex -15.5044 29.1895 -5.44975
      vertex -15.4876 29.2523 5.40236
      vertex -15.4876 29.2523 -5.40236
    endloop
  endfacet
  facet normal -0.96603 0.258429 0
    outer loop
      vertex -15.5044 29.1895 -5.44975
      vertex -15.5044 29.1895 5.44975
      vertex -15.4876 29.2523 5.40236
    endloop
  endfacet
  facet normal -0.965947 0.25874 0
    outer loop
      vertex -15.609 28.799 -5.72067
      vertex -15.5044 29.1895 5.44975
      vertex -15.5044 29.1895 -5.44975
    endloop
  endfacet
  facet normal -0.965947 0.25874 0
    outer loop
      vertex -15.5044 29.1895 5.44975
      vertex -15.609 28.799 -5.72067
      vertex -15.609 28.799 5.72067
    endloop
  endfacet
  facet normal 0.544629 0.838677 0
    outer loop
      vertex -17.5895 28.0388 5.40473
      vertex -17.9831 28.2944 -5.07832
      vertex -17.9831 28.2944 5.07832
    endloop
  endfacet
  facet normal 0.544629 0.838677 0
    outer loop
      vertex -17.9831 28.2944 -5.07832
      vertex -17.5895 28.0388 5.40473
      vertex -17.5895 28.0388 -5.40473
    endloop
  endfacet
  facet normal -0.0518672 0.998653 -0.00117353
    outer loop
      vertex -16.6675 27.9419 5.93676
      vertex -17.1362 27.9173 5.71801
      vertex -16.8642 27.9316 5.86531
    endloop
  endfacet
  facet normal -0.0524135 0.998625 0
    outer loop
      vertex -16.6675 27.9419 5.93676
      vertex -17.1362 27.9173 -5.71801
      vertex -17.1362 27.9173 5.71801
    endloop
  endfacet
  facet normal -0.0524135 0.998625 0
    outer loop
      vertex -16.6675 27.9419 -5.93676
      vertex -17.1362 27.9173 -5.71801
      vertex -16.6675 27.9419 5.93676
    endloop
  endfacet
  facet normal -0.0518672 0.998653 0.00117353
    outer loop
      vertex -17.1362 27.9173 -5.71801
      vertex -16.6675 27.9419 -5.93676
      vertex -16.8642 27.9316 -5.86531
    endloop
  endfacet
  facet normal 0.777175 0.629284 0
    outer loop
      vertex -17.9831 28.2944 5.07832
      vertex -18.2784 28.6591 -4.79855
      vertex -18.2784 28.6591 4.79855
    endloop
  endfacet
  facet normal 0.777175 0.629284 0
    outer loop
      vertex -18.2784 28.6591 -4.79855
      vertex -17.9831 28.2944 5.07832
      vertex -17.9831 28.2944 -5.07832
    endloop
  endfacet
  facet normal -0.629073 0.777346 0.000858796
    outer loop
      vertex -15.8646 28.4054 5.93777
      vertex -16.2294 28.1101 6.0127
      vertex -15.9723 28.3182 5.97664
    endloop
  endfacet
  facet normal -0.62918 0.77726 0
    outer loop
      vertex -15.8646 28.4054 -5.93777
      vertex -16.2294 28.1101 6.0127
      vertex -15.8646 28.4054 5.93777
    endloop
  endfacet
  facet normal -0.629073 0.777346 -0.000858796
    outer loop
      vertex -16.2294 28.1101 -6.0127
      vertex -15.8646 28.4054 -5.93777
      vertex -15.9723 28.3182 -5.97664
    endloop
  endfacet
  facet normal -0.62918 0.77726 0
    outer loop
      vertex -15.8646 28.4054 -5.93777
      vertex -16.2294 28.1101 -6.0127
      vertex -16.2294 28.1101 6.0127
    endloop
  endfacet
  facet normal -0.839062 0.544033 0.00153278
    outer loop
      vertex -15.8646 28.4054 -5.93777
      vertex -15.609 28.799 -5.72067
      vertex -15.6678 28.7085 -5.78711
    endloop
  endfacet
  facet normal -0.838677 0.544629 0
    outer loop
      vertex -15.609 28.799 -5.72067
      vertex -15.8646 28.4054 -5.93777
      vertex -15.609 28.799 5.72067
    endloop
  endfacet
  facet normal -0.838677 0.544629 0
    outer loop
      vertex -15.8646 28.4054 5.93777
      vertex -15.609 28.799 5.72067
      vertex -15.8646 28.4054 -5.93777
    endloop
  endfacet
  facet normal -0.839062 0.544033 -0.00153278
    outer loop
      vertex -15.609 28.799 5.72067
      vertex -15.8646 28.4054 5.93777
      vertex -15.6678 28.7085 5.78711
    endloop
  endfacet
  facet normal -0.998637 -0.052201 0
    outer loop
      vertex -15.4876 29.2523 -5.40236
      vertex -15.5121 29.721 5.07554
      vertex -15.5121 29.721 -5.07554
    endloop
  endfacet
  facet normal -0.998637 -0.052201 0
    outer loop
      vertex -15.5121 29.721 5.07554
      vertex -15.4876 29.2523 -5.40236
      vertex -15.4876 29.2523 5.40236
    endloop
  endfacet
  facet normal -0.629073 -0.777346 0.000858796
    outer loop
      vertex -16.2294 -28.1101 6.0127
      vertex -15.8646 -28.4054 5.93777
      vertex -15.9723 -28.3182 5.97664
    endloop
  endfacet
  facet normal -0.62918 -0.77726 0
    outer loop
      vertex -16.2294 -28.1101 6.0127
      vertex -15.8646 -28.4054 -5.93777
      vertex -15.8646 -28.4054 5.93777
    endloop
  endfacet
  facet normal -0.62918 -0.77726 0
    outer loop
      vertex -16.2294 -28.1101 -6.0127
      vertex -15.8646 -28.4054 -5.93777
      vertex -16.2294 -28.1101 6.0127
    endloop
  endfacet
  facet normal -0.629073 -0.777346 -0.000858796
    outer loop
      vertex -15.8646 -28.4054 -5.93777
      vertex -16.2294 -28.1101 -6.0127
      vertex -15.9723 -28.3182 -5.97664
    endloop
  endfacet
  facet normal -0.260052 0.965387 0.0200456
    outer loop
      vertex -16.3693 -30.7794 4.47885
      vertex -16.8226 -30.9009 4.44956
      vertex -16.4321 -30.7963 4.47804
    endloop
  endfacet
  facet normal -0.258896 0.965905 0
    outer loop
      vertex -16.3693 -30.7794 4.47885
      vertex -16.8226 -30.9009 -4.44956
      vertex -16.8226 -30.9009 4.44956
    endloop
  endfacet
  facet normal -0.258741 0.965947 -8.43817e-06
    outer loop
      vertex -16.3693 -30.7794 4.47885
      vertex -16.4321 -30.7963 -4.47804
      vertex -16.8226 -30.9009 -4.44956
    endloop
  endfacet
  facet normal -0.259863 0.965645 0
    outer loop
      vertex -16.4321 -30.7963 -4.47804
      vertex -16.3693 -30.7794 4.47885
      vertex -16.3693 -30.7794 -4.47885
    endloop
  endfacet
  facet normal 0.629285 0.777174 0.000615582
    outer loop
      vertex -17.7294 -30.7081 4.44153
      vertex -18.0941 -30.4128 4.44248
      vertex -17.8586 -30.6035 4.45966
    endloop
  endfacet
  facet normal 0.629284 0.777175 -0
    outer loop
      vertex -17.7294 -30.7081 -4.44153
      vertex -18.0941 -30.4128 4.44248
      vertex -17.7294 -30.7081 4.44153
    endloop
  endfacet
  facet normal 0.629284 0.777175 0
    outer loop
      vertex -17.7294 -30.7081 -4.44153
      vertex -18.0941 -30.4128 -4.44248
      vertex -18.0941 -30.4128 4.44248
    endloop
  endfacet
  facet normal 0.629285 0.777174 -0.000615582
    outer loop
      vertex -18.0941 -30.4128 -4.44248
      vertex -17.7294 -30.7081 -4.44153
      vertex -17.8586 -30.6035 -4.45966
    endloop
  endfacet
  facet normal 0.998637 -0.052201 0
    outer loop
      vertex -18.4711 -29.5659 4.48122
      vertex -18.4466 -29.0972 -4.5928
      vertex -18.4466 -29.0972 4.5928
    endloop
  endfacet
  facet normal 0.998637 -0.052201 0
    outer loop
      vertex -18.4466 -29.0972 -4.5928
      vertex -18.4711 -29.5659 4.48122
      vertex -18.4711 -29.5659 -4.48122
    endloop
  endfacet
  facet normal -0.839062 -0.544033 0.00153278
    outer loop
      vertex -15.609 -28.799 -5.72067
      vertex -15.8646 -28.4054 -5.93777
      vertex -15.6678 -28.7085 -5.78711
    endloop
  endfacet
  facet normal -0.838677 -0.544629 0
    outer loop
      vertex -15.8646 -28.4054 -5.93777
      vertex -15.609 -28.799 -5.72067
      vertex -15.8646 -28.4054 5.93777
    endloop
  endfacet
  facet normal -0.838677 -0.544629 -0
    outer loop
      vertex -15.609 -28.799 5.72067
      vertex -15.8646 -28.4054 5.93777
      vertex -15.609 -28.799 -5.72067
    endloop
  endfacet
  facet normal -0.839062 -0.544033 -0.00153278
    outer loop
      vertex -15.8646 -28.4054 5.93777
      vertex -15.609 -28.799 5.72067
      vertex -15.6678 -28.7085 5.78711
    endloop
  endfacet
  facet normal -0.965947 -0.25874 0
    outer loop
      vertex -15.5044 -29.1895 -5.44975
      vertex -15.609 -28.799 5.72067
      vertex -15.609 -28.799 -5.72067
    endloop
  endfacet
  facet normal -0.965947 -0.25874 0
    outer loop
      vertex -15.5044 -29.1895 -5.44975
      vertex -15.5044 -29.1895 5.44975
      vertex -15.609 -28.799 5.72067
    endloop
  endfacet
  facet normal -0.96603 -0.258429 0
    outer loop
      vertex -15.4876 -29.2523 -5.40236
      vertex -15.5044 -29.1895 5.44975
      vertex -15.5044 -29.1895 -5.44975
    endloop
  endfacet
  facet normal -0.96603 -0.258429 0
    outer loop
      vertex -15.5044 -29.1895 5.44975
      vertex -15.4876 -29.2523 -5.40236
      vertex -15.4876 -29.2523 5.40236
    endloop
  endfacet
  facet normal 0.358333 0.933586 0.00386189
    outer loop
      vertex -17.2912 -30.8763 4.44349
      vertex -17.7294 -30.7081 4.44153
      vertex -17.4206 -30.8267 4.45966
    endloop
  endfacet
  facet normal 0.358351 0.933587 0
    outer loop
      vertex -17.2912 -30.8763 4.44349
      vertex -17.7294 -30.7081 -4.44153
      vertex -17.7294 -30.7081 4.44153
    endloop
  endfacet
  facet normal 0.358351 0.933587 -0
    outer loop
      vertex -17.2912 -30.8763 -4.44349
      vertex -17.7294 -30.7081 -4.44153
      vertex -17.2912 -30.8763 4.44349
    endloop
  endfacet
  facet normal 0.358333 0.933586 -0.00386189
    outer loop
      vertex -17.7294 -30.7081 -4.44153
      vertex -17.2912 -30.8763 -4.44349
      vertex -17.4206 -30.8267 -4.45966
    endloop
  endfacet
  facet normal 0.777175 -0.629284 0
    outer loop
      vertex -18.2784 -28.6591 4.79855
      vertex -17.9831 -28.2944 -5.07832
      vertex -17.9831 -28.2944 5.07832
    endloop
  endfacet
  facet normal 0.777175 -0.629284 0
    outer loop
      vertex -17.9831 -28.2944 -5.07832
      vertex -18.2784 -28.6591 4.79855
      vertex -18.2784 -28.6591 -4.79855
    endloop
  endfacet
  facet normal 0.965922 0.258825 -0.00182373
    outer loop
      vertex -18.3497 -30.0192 4.44691
      vertex -18.4711 -29.5659 4.48122
      vertex -18.4117 -29.7876 4.47804
    endloop
  endfacet
  facet normal 0.965959 0.258697 0
    outer loop
      vertex -18.4711 -29.5659 4.48122
      vertex -18.3497 -30.0192 4.44691
      vertex -18.4711 -29.5659 -4.48122
    endloop
  endfacet
  facet normal 0.965959 0.258697 -0
    outer loop
      vertex -18.3497 -30.0192 -4.44691
      vertex -18.4711 -29.5659 -4.48122
      vertex -18.3497 -30.0192 4.44691
    endloop
  endfacet
  facet normal 0.965922 0.258825 0.00182373
    outer loop
      vertex -18.4711 -29.5659 -4.48122
      vertex -18.3497 -30.0192 -4.44691
      vertex -18.4117 -29.7876 -4.47804
    endloop
  endfacet
  facet normal 0.25996 -0.965618 -0.00165043
    outer loop
      vertex -17.5895 -28.0388 5.40473
      vertex -17.1362 -27.9173 5.71801
      vertex -17.3678 -27.9794 5.57154
    endloop
  endfacet
  facet normal 0.258896 -0.965905 0
    outer loop
      vertex -17.5895 -28.0388 -5.40473
      vertex -17.1362 -27.9173 5.71801
      vertex -17.5895 -28.0388 5.40473
    endloop
  endfacet
  facet normal 0.25996 -0.965618 0.00165043
    outer loop
      vertex -17.1362 -27.9173 -5.71801
      vertex -17.5895 -28.0388 -5.40473
      vertex -17.3678 -27.9794 -5.57154
    endloop
  endfacet
  facet normal 0.258896 -0.965905 0
    outer loop
      vertex -17.5895 -28.0388 -5.40473
      vertex -17.1362 -27.9173 -5.71801
      vertex -17.1362 -27.9173 5.71801
    endloop
  endfacet
  facet normal 0.838656 0.544652 -0.00326827
    outer loop
      vertex -18.0941 -30.4128 4.44248
      vertex -18.3497 -30.0192 4.44691
      vertex -18.2013 -30.2476 4.46468
    endloop
  endfacet
  facet normal 0.838677 0.544629 0
    outer loop
      vertex -18.3497 -30.0192 4.44691
      vertex -18.0941 -30.4128 4.44248
      vertex -18.3497 -30.0192 -4.44691
    endloop
  endfacet
  facet normal 0.838677 0.544629 -0
    outer loop
      vertex -18.0941 -30.4128 -4.44248
      vertex -18.3497 -30.0192 -4.44691
      vertex -18.0941 -30.4128 4.44248
    endloop
  endfacet
  facet normal 0.838656 0.544652 0.00326827
    outer loop
      vertex -18.3497 -30.0192 -4.44691
      vertex -18.0941 -30.4128 -4.44248
      vertex -18.2013 -30.2476 -4.46468
    endloop
  endfacet
  facet normal -0.544629 0.838677 0
    outer loop
      vertex -15.9757 -30.5238 4.59002
      vertex -16.3693 -30.7794 -4.47885
      vertex -16.3693 -30.7794 4.47885
    endloop
  endfacet
  facet normal -0.544629 0.838677 0
    outer loop
      vertex -16.3693 -30.7794 -4.47885
      vertex -15.9757 -30.5238 4.59002
      vertex -15.9757 -30.5238 -4.59002
    endloop
  endfacet
  facet normal 0.0524604 0.998619 -0.00278721
    outer loop
      vertex -16.8226 -30.9009 4.44956
      vertex -17.2912 -30.8763 4.44349
      vertex -16.9303 -30.8952 4.46468
    endloop
  endfacet
  facet normal 0.0524246 0.998625 0
    outer loop
      vertex -16.8226 -30.9009 4.44956
      vertex -17.2912 -30.8763 -4.44349
      vertex -17.2912 -30.8763 4.44349
    endloop
  endfacet
  facet normal 0.0524246 0.998625 -0
    outer loop
      vertex -16.8226 -30.9009 -4.44956
      vertex -17.2912 -30.8763 -4.44349
      vertex -16.8226 -30.9009 4.44956
    endloop
  endfacet
  facet normal 0.0524604 0.998619 0.00278721
    outer loop
      vertex -17.2912 -30.8763 -4.44349
      vertex -16.8226 -30.9009 -4.44956
      vertex -16.9303 -30.8952 -4.46468
    endloop
  endfacet
  facet normal -0.93356 0.358422 0
    outer loop
      vertex -15.6803 -30.1591 -4.79562
      vertex -15.5121 -29.721 5.07554
      vertex -15.5121 -29.721 -5.07554
    endloop
  endfacet
  facet normal -0.93356 0.358422 0
    outer loop
      vertex -15.5121 -29.721 5.07554
      vertex -15.6803 -30.1591 -4.79562
      vertex -15.6803 -30.1591 4.79562
    endloop
  endfacet
  facet normal -0.998637 0.052201 0
    outer loop
      vertex -15.5121 -29.721 -5.07554
      vertex -15.4876 -29.2523 5.40236
      vertex -15.4876 -29.2523 -5.40236
    endloop
  endfacet
  facet normal -0.998637 0.052201 0
    outer loop
      vertex -15.4876 -29.2523 5.40236
      vertex -15.5121 -29.721 -5.07554
      vertex -15.5121 -29.721 5.07554
    endloop
  endfacet
  facet normal -0.777071 0.629413 0
    outer loop
      vertex -15.9757 -30.5238 -4.59002
      vertex -15.6803 -30.1591 4.79562
      vertex -15.6803 -30.1591 -4.79562
    endloop
  endfacet
  facet normal -0.777071 0.629413 0
    outer loop
      vertex -15.6803 -30.1591 4.79562
      vertex -15.9757 -30.5238 -4.59002
      vertex -15.9757 -30.5238 4.59002
    endloop
  endfacet
  facet normal -0.358533 -0.933517 0.000732941
    outer loop
      vertex -16.6675 -27.9419 5.93676
      vertex -16.2294 -28.1101 6.0127
      vertex -16.3846 -28.0505 6.00359
    endloop
  endfacet
  facet normal -0.358422 -0.93356 0
    outer loop
      vertex -16.6675 -27.9419 -5.93676
      vertex -16.2294 -28.1101 6.0127
      vertex -16.6675 -27.9419 5.93676
    endloop
  endfacet
  facet normal -0.358533 -0.933517 -0.000732941
    outer loop
      vertex -16.2294 -28.1101 -6.0127
      vertex -16.6675 -27.9419 -5.93676
      vertex -16.3846 -28.0505 -6.00359
    endloop
  endfacet
  facet normal -0.358422 -0.93356 0
    outer loop
      vertex -16.6675 -27.9419 -5.93676
      vertex -16.2294 -28.1101 -6.0127
      vertex -16.2294 -28.1101 6.0127
    endloop
  endfacet
  facet normal 0.93356 -0.358422 0
    outer loop
      vertex -18.4466 -29.0972 4.5928
      vertex -18.2784 -28.6591 -4.79855
      vertex -18.2784 -28.6591 4.79855
    endloop
  endfacet
  facet normal 0.93356 -0.358422 0
    outer loop
      vertex -18.2784 -28.6591 -4.79855
      vertex -18.4466 -29.0972 4.5928
      vertex -18.4466 -29.0972 -4.5928
    endloop
  endfacet
  facet normal -0.0518672 -0.998653 -0.00117353
    outer loop
      vertex -17.1362 -27.9173 5.71801
      vertex -16.6675 -27.9419 5.93676
      vertex -16.8642 -27.9316 5.86531
    endloop
  endfacet
  facet normal -0.0524135 -0.998625 0
    outer loop
      vertex -17.1362 -27.9173 -5.71801
      vertex -16.6675 -27.9419 5.93676
      vertex -17.1362 -27.9173 5.71801
    endloop
  endfacet
  facet normal -0.0518672 -0.998653 0.00117353
    outer loop
      vertex -16.6675 -27.9419 -5.93676
      vertex -17.1362 -27.9173 -5.71801
      vertex -16.8642 -27.9316 -5.86531
    endloop
  endfacet
  facet normal -0.0524135 -0.998625 0
    outer loop
      vertex -17.1362 -27.9173 -5.71801
      vertex -16.6675 -27.9419 -5.93676
      vertex -16.6675 -27.9419 5.93676
    endloop
  endfacet
  facet normal 0.544629 -0.838677 0
    outer loop
      vertex -17.9831 -28.2944 -5.07832
      vertex -17.5895 -28.0388 5.40473
      vertex -17.9831 -28.2944 5.07832
    endloop
  endfacet
  facet normal 0.544629 -0.838677 0
    outer loop
      vertex -17.5895 -28.0388 5.40473
      vertex -17.9831 -28.2944 -5.07832
      vertex -17.5895 -28.0388 -5.40473
    endloop
  endfacet
  facet normal 0.418996 -0.419004 0.805529
    outer loop
      vertex 4.73153 -0.923437 20.386
      vertex 4.89881 -1.97963 19.7496
      vertex 5.44016 -1.43829 19.7496
    endloop
  endfacet
  facet normal 0.418996 -0.419004 0.80553
    outer loop
      vertex 4.89881 -1.97963 19.7496
      vertex 4.73153 -0.923437 20.386
      vertex 4.38396 -1.271 20.386
    endloop
  endfacet
  facet normal 0.0488871 0.308671 -0.949912
    outer loop
      vertex -1.56298 3.51175 -20.7206
      vertex -1.73026 4.56795 -20.386
      vertex -1.24478 4.49106 -20.386
    endloop
  endfacet
  facet normal -0.141877 0.278458 0.949912
    outer loop
      vertex -1.89755 3.51175 20.7206
      vertex -2.21574 4.49106 20.386
      vertex -2.04846 3.43486 20.7206
    endloop
  endfacet
  facet normal 0.0488871 0.308671 0.949912
    outer loop
      vertex -1.24478 4.49106 20.386
      vertex -1.73026 4.56795 20.386
      vertex -1.56298 3.51175 20.7206
    endloop
  endfacet
  facet normal -0.278458 0.141877 -0.949912
    outer loop
      vertex -2.24511 3.16419 -20.7206
      vertex -3.22442 3.48238 -20.386
      vertex -2.16822 3.3151 -20.7206
    endloop
  endfacet
  facet normal 0.269012 0.527975 -0.805528
    outer loop
      vertex -0.291975 4.97654 -19.7496
      vertex -1.24478 4.49106 -20.386
      vertex -0.974111 5.3241 -19.7496
    endloop
  endfacet
  facet normal 0.36165 -0.626396 -0.690534
    outer loop
      vertex 37.9365 -1.97963 -2.44696
      vertex -16.8108 -33.588 -2.44696
      vertex -0.291975 -4.97654 -19.7496
    endloop
  endfacet
  facet normal 0.314669 -0.617583 0.720815
    outer loop
      vertex -0.974111 -5.3241 19.7496
      vertex -16.8108 -33.588 2.44696
      vertex -0.291975 -4.97654 19.7496
    endloop
  endfacet
  facet normal 0.314728 -0.617595 0.720779
    outer loop
      vertex -16.8108 -33.588 2.44696
      vertex -0.974111 -5.3241 19.7496
      vertex -17.4929 -33.9356 2.44696
    endloop
  endfacet
  facet normal -0.0488872 -0.308671 0.949912
    outer loop
      vertex -1.89755 -3.51175 20.7206
      vertex -2.21574 -4.49106 20.386
      vertex -1.73026 -4.56795 20.386
    endloop
  endfacet
  facet normal -0.368853 0.723911 0.58301
    outer loop
      vertex -19.2019 34.5408 1.57105
      vertex -19.6874 33.588 2.44696
      vertex -19.0052 33.9356 2.44696
    endloop
  endfacet
  facet normal -0.418992 -0.418992 0.805538
    outer loop
      vertex -19.5201 -32.5318 3.08335
      vertex -19.6874 -33.588 2.44696
      vertex -19.1725 -32.8794 3.08335
    endloop
  endfacet
  facet normal -0.419049 -0.418971 0.805519
    outer loop
      vertex -19.6874 -33.588 2.44696
      vertex -19.5201 -32.5318 3.08335
      vertex -20.2287 -33.0466 2.44696
    endloop
  endfacet
  facet normal -0.940438 -0.148963 -0.305593
    outer loop
      vertex -21.4997 -32.6646 -0.541345
      vertex -21.667 -31.6084 -0.541345
      vertex -21.3324 -31.6084 -1.57105
    endloop
  endfacet
  facet normal 0.848397 -0.432301 -0.305513
    outer loop
      vertex 39.2633 -2.009 -0.541345
      vertex 38.9927 -1.81235 -1.57105
      vertex 39.7488 -1.0562 -0.541345
    endloop
  endfacet
  facet normal 0.148944 0.940447 0.305574
    outer loop
      vertex -17.1929 34.859 0.541345
      vertex -18.2491 34.6917 1.57105
      vertex -17.2963 34.5408 1.57105
    endloop
  endfacet
  facet normal 0.269016 -0.527971 0.805529
    outer loop
      vertex -0.806826 -4.26791 20.386
      vertex -1.24478 -4.49106 20.386
      vertex -0.291975 -4.97654 19.7496
    endloop
  endfacet
  facet normal 0.155291 -0.268972 -0.950547
    outer loop
      vertex 4.38396 -1.271 -20.386
      vertex 2.03523 -1.44456 -20.7206
      vertex 3.77872 -0.437958 -20.7206
    endloop
  endfacet
  facet normal 0.155323 -0.269974 -0.950257
    outer loop
      vertex 4.38396 -1.271 -20.386
      vertex 2.02254 -1.46946 -20.7156
      vertex 2.03523 -1.44456 -20.7206
    endloop
  endfacet
  facet normal 0.155283 -0.269055 -0.950524
    outer loop
      vertex 4.38396 -1.271 -20.386
      vertex 1.46946 -2.02254 -20.6494
      vertex 2.02254 -1.46946 -20.7156
    endloop
  endfacet
  facet normal 0.155247 -0.268894 -0.950576
    outer loop
      vertex -0.806826 -4.26791 -20.386
      vertex 1.46946 -2.02254 -20.6494
      vertex 4.38396 -1.271 -20.386
    endloop
  endfacet
  facet normal 0.155324 -0.268969 -0.950542
    outer loop
      vertex 1.46946 -2.02254 -20.6494
      vertex -0.806826 -4.26791 -20.386
      vertex 0.772542 -2.37764 -20.6628
    endloop
  endfacet
  facet normal 0.15541 -0.269036 -0.950509
    outer loop
      vertex -0.806826 -4.26791 -20.386
      vertex 0.285473 -2.45479 -20.7206
      vertex 0.772542 -2.37764 -20.6628
    endloop
  endfacet
  facet normal 0.155289 -0.26897 -0.950547
    outer loop
      vertex 0.285473 -2.45479 -20.7206
      vertex -0.806826 -4.26791 -20.386
      vertex -1.41207 -3.43486 -20.7206
    endloop
  endfacet
  facet normal 0.848411 -0.432229 0.305577
    outer loop
      vertex 39.4306 -0.952807 1.57105
      vertex 38.9927 -1.81235 1.57105
      vertex 39.7488 -1.0562 0.541345
    endloop
  endfacet
  facet normal -0.848402 0.432246 -0.305578
    outer loop
      vertex -21.1815 32.5612 -1.57105
      vertex -21.4997 32.6646 -0.541345
      vertex -20.7436 33.4207 -1.57105
    endloop
  endfacet
  facet normal 0.36165 0.626395 0.690535
    outer loop
      vertex 37.9365 1.97963 2.44696
      vertex -0.291975 4.97654 19.7496
      vertex 4.89881 1.97963 19.7496
    endloop
  endfacet
  facet normal 0.127088 -0.802451 -0.583028
    outer loop
      vertex -17.2963 -34.5408 -1.57105
      vertex -18.2491 -34.6917 -1.57105
      vertex -18.2491 -34.0553 -2.44696
    endloop
  endfacet
  facet normal -0.673241 -0.67334 0.305549
    outer loop
      vertex -21.0142 -33.6174 0.541345
      vertex -20.0614 -34.1028 1.57105
      vertex -20.7436 -33.4207 1.57105
    endloop
  endfacet
  facet normal -0.673276 -0.673276 0.305611
    outer loop
      vertex -20.0614 -34.1028 1.57105
      vertex -21.0142 -33.6174 0.541345
      vertex -20.2581 -34.3735 0.541345
    endloop
  endfacet
  facet normal 0.269012 -0.527975 0.805528
    outer loop
      vertex -0.291975 -4.97654 19.7496
      vertex -1.24478 -4.49106 20.386
      vertex -0.974111 -5.3241 19.7496
    endloop
  endfacet
  facet normal 0.36165 -0.626396 0.690534
    outer loop
      vertex -0.291975 -4.97654 19.7496
      vertex -16.8108 -33.588 2.44696
      vertex 37.9365 -1.97963 2.44696
    endloop
  endfacet
  facet normal 0.848411 0.432229 -0.305577
    outer loop
      vertex 39.4306 0.952807 -1.57105
      vertex 38.9927 1.81235 -1.57105
      vertex 39.7488 1.0562 -0.541345
    endloop
  endfacet
  facet normal -0.585263 -0.0926936 0.805528
    outer loop
      vertex -3.30131 -2.9969 20.386
      vertex -4.05746 -3.75306 19.7496
      vertex -3.22442 -3.48238 20.386
    endloop
  endfacet
  facet normal 0.308673 0.0488791 0.949912
    outer loop
      vertex 5.03157 0 20.386
      vertex 3.97538 0.167285 20.7206
      vertex 4.00187 0 20.7206
    endloop
  endfacet
  facet normal 0.42087 -0.420839 0.803594
    outer loop
      vertex 34.3484 -1.43829 4.60967
      vertex 37.9365 -1.97963 2.44696
      vertex 38.4778 -1.43829 2.44696
    endloop
  endfacet
  facet normal 0.420785 -0.421078 0.803513
    outer loop
      vertex 33.9587 -1.5 4.78141
      vertex 37.9365 -1.97963 2.44696
      vertex 34.3484 -1.43829 4.60967
    endloop
  endfacet
  facet normal 0.420858 -0.420865 0.803586
    outer loop
      vertex 4.89881 -1.97963 19.7496
      vertex 33.5691 -1.43829 5.01779
      vertex 5.44016 -1.43829 19.7496
    endloop
  endfacet
  facet normal 0.420825 -0.421031 0.803517
    outer loop
      vertex 33.5691 -1.43829 5.01779
      vertex 4.89881 -1.97963 19.7496
      vertex 33.9587 -1.5 4.78141
    endloop
  endfacet
  facet normal 0.420863 -0.420839 0.803597
    outer loop
      vertex 33.9587 -1.5 4.78141
      vertex 4.89881 -1.97963 19.7496
      vertex 37.9365 -1.97963 2.44696
    endloop
  endfacet
  facet normal 0.475777 -0.82407 -0.30748
    outer loop
      vertex 38.3105 -2.49448 -1.57105
      vertex -16.2401 -34.3735 -0.541345
      vertex -16.4367 -34.1028 -1.57105
    endloop
  endfacet
  facet normal 0.475773 -0.824063 -0.307507
    outer loop
      vertex -16.2401 -34.3735 -0.541345
      vertex 38.3105 -2.49448 -1.57105
      vertex 38.5072 -2.76516 -0.541345
    endloop
  endfacet
  facet normal -0.802494 -0.127095 -0.582967
    outer loop
      vertex -21.1815 -32.5612 -1.57105
      vertex -21.3324 -31.6084 -1.57105
      vertex -20.6961 -31.6084 -2.44696
    endloop
  endfacet
  facet normal 0.0873666 0.551956 0.829284
    outer loop
      vertex -17.7636 33.1025 3.08335
      vertex -16.8226 30.9009 4.44956
      vertex -16.4321 30.7963 4.47804
    endloop
  endfacet
  facet normal 0.0872186 0.551919 0.829324
    outer loop
      vertex -17.7636 33.1025 3.08335
      vertex -16.9303 30.8952 4.46468
      vertex -16.8226 30.9009 4.44956
    endloop
  endfacet
  facet normal 0.0874275 0.551965 0.829272
    outer loop
      vertex -16.9303 30.8952 4.46468
      vertex -17.7636 33.1025 3.08335
      vertex -18.2491 33.1794 3.08335
    endloop
  endfacet
  facet normal 0.0873557 0.551945 0.829292
    outer loop
      vertex -15.609 28.799 5.72067
      vertex -1.24478 4.49106 20.386
      vertex -15.5044 29.1895 5.44975
    endloop
  endfacet
  facet normal 0.0874205 0.551969 0.829269
    outer loop
      vertex -1.24478 4.49106 20.386
      vertex -15.609 28.799 5.72067
      vertex -1.73026 4.56795 20.386
    endloop
  endfacet
  facet normal 0.0874476 0.551979 0.82926
    outer loop
      vertex -1.73026 4.56795 20.386
      vertex -15.609 28.799 5.72067
      vertex -15.6678 28.7085 5.78711
    endloop
  endfacet
  facet normal -0.268994 0.52798 -0.805531
    outer loop
      vertex -19.1725 32.8794 -3.08335
      vertex -19.6874 33.588 -2.44696
      vertex -18.7346 33.1025 -3.08335
    endloop
  endfacet
  facet normal -0.148944 0.940447 0.305574
    outer loop
      vertex -18.2491 34.6917 1.57105
      vertex -19.3053 34.859 0.541345
      vertex -19.2019 34.5408 1.57105
    endloop
  endfacet
  facet normal -0.14188 0.278457 0.949911
    outer loop
      vertex -2.21574 4.49106 20.386
      vertex -2.6537 4.26791 20.386
      vertex -2.04846 3.43486 20.7206
    endloop
  endfacet
  facet normal -0.587794 0 0.809011
    outer loop
      vertex -4.17722 2.9969 19.7496
      vertex -3.30131 -2.9969 20.386
      vertex -3.30131 2.9969 20.386
    endloop
  endfacet
  facet normal -0.587794 0 0.809011
    outer loop
      vertex -3.30131 -2.9969 20.386
      vertex -4.17722 2.9969 19.7496
      vertex -4.17722 -2.9969 19.7496
    endloop
  endfacet
  facet normal -0.0488872 0.308671 0.949912
    outer loop
      vertex -1.73026 4.56795 20.386
      vertex -2.21574 4.49106 20.386
      vertex -1.89755 3.51175 20.7206
    endloop
  endfacet
  facet normal -0.309042 0 0.951048
    outer loop
      vertex -3.30131 2.9969 20.386
      vertex -2.27161 0.980644 20.7206
      vertex -2.27161 2.9969 20.7206
    endloop
  endfacet
  facet normal -0.309227 -0.000104441 0.950988
    outer loop
      vertex -2.27161 0.980644 20.7206
      vertex -3.30131 2.9969 20.386
      vertex -2.37764 0.772542 20.6861
    endloop
  endfacet
  facet normal -0.309088 -4.0357e-05 0.951034
    outer loop
      vertex -2.37764 0.772542 20.6861
      vertex -3.30131 2.9969 20.386
      vertex -2.5 0 20.6463
    endloop
  endfacet
  facet normal -0.309227 0.000104441 0.950988
    outer loop
      vertex -3.30131 -2.9969 20.386
      vertex -2.27161 -0.980644 20.7206
      vertex -2.37764 -0.772542 20.6861
    endloop
  endfacet
  facet normal -0.309088 4.0357e-05 0.951034
    outer loop
      vertex -3.30131 -2.9969 20.386
      vertex -2.37764 -0.772542 20.6861
      vertex -2.5 0 20.6463
    endloop
  endfacet
  facet normal -0.308951 0 0.951078
    outer loop
      vertex -3.30131 -2.9969 20.386
      vertex -2.5 0 20.6463
      vertex -3.30131 2.9969 20.386
    endloop
  endfacet
  facet normal -0.309042 0 0.951048
    outer loop
      vertex -2.27161 -0.980644 20.7206
      vertex -3.30131 -2.9969 20.386
      vertex -2.27161 -2.9969 20.7206
    endloop
  endfacet
  facet normal -0.673241 -0.67334 -0.305549
    outer loop
      vertex -20.0614 -34.1028 -1.57105
      vertex -21.0142 -33.6174 -0.541345
      vertex -20.7436 -33.4207 -1.57105
    endloop
  endfacet
  facet normal -0.673276 -0.673276 -0.305611
    outer loop
      vertex -21.0142 -33.6174 -0.541345
      vertex -20.0614 -34.1028 -1.57105
      vertex -20.2581 -34.3735 -0.541345
    endloop
  endfacet
  facet normal 0.36165 0.626396 -0.690534
    outer loop
      vertex -0.291975 4.97654 -19.7496
      vertex -16.8108 33.588 -2.44696
      vertex 37.9365 1.97963 -2.44696
    endloop
  endfacet
  facet normal -0.951049 0 0.309041
    outer loop
      vertex -21.667 -31.6084 0.541345
      vertex -21.3324 31.6084 1.57105
      vertex -21.667 31.6084 0.541345
    endloop
  endfacet
  facet normal -0.951049 0 0.309041
    outer loop
      vertex -21.3324 31.6084 1.57105
      vertex -21.667 -31.6084 0.541345
      vertex -21.3324 -31.6084 1.57105
    endloop
  endfacet
  facet normal -0.220985 -0.220985 -0.949911
    outer loop
      vertex -2.6537 -4.26791 -20.386
      vertex -2.16822 -3.3151 -20.7206
      vertex -2.04846 -3.43486 -20.7206
    endloop
  endfacet
  facet normal -0.220985 -0.220985 -0.949911
    outer loop
      vertex -2.16822 -3.3151 -20.7206
      vertex -2.6537 -4.26791 -20.386
      vertex -3.00127 -3.92034 -20.386
    endloop
  endfacet
  facet normal -0.940438 -0.148963 0.305593
    outer loop
      vertex -21.3324 -31.6084 1.57105
      vertex -21.667 -31.6084 0.541345
      vertex -21.4997 -32.6646 0.541345
    endloop
  endfacet
  facet normal 0.0926423 -0.585264 0.805533
    outer loop
      vertex -18.2491 -33.1794 3.08335
      vertex -18.2491 -34.0553 2.44696
      vertex -17.4929 -33.9356 2.44696
    endloop
  endfacet
  facet normal 0.141881 -0.278456 0.949912
    outer loop
      vertex -0.806826 -4.26791 20.386
      vertex -1.41207 -3.43486 20.7206
      vertex -1.24478 -4.49106 20.386
    endloop
  endfacet
  facet normal -0.368903 -0.723909 -0.58298
    outer loop
      vertex -19.2019 -34.5408 -1.57105
      vertex -20.0614 -34.1028 -1.57105
      vertex -19.6874 -33.588 -2.44696
    endloop
  endfacet
  facet normal -0.308673 -0.0488961 -0.949911
    outer loop
      vertex -2.24511 -3.16419 -20.7206
      vertex -3.30131 -2.9969 -20.386
      vertex -2.27161 -2.9969 -20.7206
    endloop
  endfacet
  facet normal 0.527938 0.269024 -0.805548
    outer loop
      vertex 38.8254 0.756152 -2.44696
      vertex 37.9923 0.485479 -3.08335
      vertex 38.4778 1.43829 -2.44696
    endloop
  endfacet
  facet normal 0.723907 -0.368884 0.582995
    outer loop
      vertex 38.8254 -0.756152 2.44696
      vertex 38.4778 -1.43829 2.44696
      vertex 39.4306 -0.952807 1.57105
    endloop
  endfacet
  facet normal -0.127043 0.802482 -0.582995
    outer loop
      vertex -19.0052 33.9356 -2.44696
      vertex -19.2019 34.5408 -1.57105
      vertex -18.2491 34.0553 -2.44696
    endloop
  endfacet
  facet normal 0.294953 0.510872 0.807473
    outer loop
      vertex -0.291975 4.97654 19.7496
      vertex 4.38396 1.271 20.386
      vertex 4.89881 1.97963 19.7496
    endloop
  endfacet
  facet normal 0.294953 0.510872 0.807473
    outer loop
      vertex 4.38396 1.271 20.386
      vertex -0.291975 4.97654 19.7496
      vertex -0.806826 4.26791 20.386
    endloop
  endfacet
  facet normal -0.278458 -0.141877 0.949912
    outer loop
      vertex -2.24511 -3.16419 20.7206
      vertex -3.22442 -3.48238 20.386
      vertex -2.16822 -3.3151 20.7206
    endloop
  endfacet
  facet normal 0.422059 0.41525 -0.805875
    outer loop
      vertex 34.8404 1.21352 -4.46777
      vertex 37.7692 0.923437 -3.08335
      vertex 35.1305 0.923437 -4.46531
    endloop
  endfacet
  facet normal 0.422061 0.415232 -0.805883
    outer loop
      vertex 37.7692 0.923437 -3.08335
      vertex 34.8404 1.21352 -4.46777
      vertex 38.4778 1.43829 -2.44696
    endloop
  endfacet
  facet normal 0.422051 0.415267 -0.80587
    outer loop
      vertex 34.4222 1.42658 -4.577
      vertex 38.4778 1.43829 -2.44696
      vertex 34.8404 1.21352 -4.46777
    endloop
  endfacet
  facet normal 0.422693 0.412264 -0.807074
    outer loop
      vertex 38.4778 1.43829 -2.44696
      vertex 34.4222 1.42658 -4.577
      vertex 34.3484 1.43829 -4.60967
    endloop
  endfacet
  facet normal 0.422143 0.414844 -0.80604
    outer loop
      vertex 33.4952 1.42658 -5.06252
      vertex 5.44016 1.43829 -19.7496
      vertex 33.5691 1.43829 -5.01779
    endloop
  endfacet
  facet normal 0.422081 0.415135 -0.805922
    outer loop
      vertex 33.077 1.21352 -5.39129
      vertex 5.44016 1.43829 -19.7496
      vertex 33.4952 1.42658 -5.06252
    endloop
  endfacet
  facet normal 0.42207 0.41519 -0.8059
    outer loop
      vertex 32.7869 0.923437 -5.69267
      vertex 5.44016 1.43829 -19.7496
      vertex 33.077 1.21352 -5.39129
    endloop
  endfacet
  facet normal 0.422063 0.415223 -0.805886
    outer loop
      vertex 5.44016 1.43829 -19.7496
      vertex 32.7869 0.923437 -5.69267
      vertex 4.73153 0.923437 -20.386
    endloop
  endfacet
  facet normal 0.673306 0.673253 0.305598
    outer loop
      vertex 38.3105 2.49448 1.57105
      vertex 39.2633 2.009 0.541345
      vertex 38.5072 2.76516 0.541345
    endloop
  endfacet
  facet normal 0.673262 0.673331 0.30552
    outer loop
      vertex 39.2633 2.009 0.541345
      vertex 38.3105 2.49448 1.57105
      vertex 38.9927 1.81235 1.57105
    endloop
  endfacet
  facet normal -0.809055 0 -0.587733
    outer loop
      vertex -20.6961 -31.6084 -2.44696
      vertex -21.3324 31.6084 -1.57105
      vertex -20.6961 31.6084 -2.44696
    endloop
  endfacet
  facet normal -0.809055 -0 -0.587733
    outer loop
      vertex -21.3324 31.6084 -1.57105
      vertex -20.6961 -31.6084 -2.44696
      vertex -21.3324 -31.6084 -1.57105
    endloop
  endfacet
  facet normal -0.337039 0.337039 -0.879096
    outer loop
      vertex -16.6675 27.9419 -5.93676
      vertex -2.6537 4.26791 -20.386
      vertex -3.00127 3.92034 -20.386
    endloop
  endfacet
  facet normal -0.33705 0.337032 -0.879094
    outer loop
      vertex -2.6537 4.26791 -20.386
      vertex -16.6675 27.9419 -5.93676
      vertex -16.3846 28.0505 -6.00359
    endloop
  endfacet
  facet normal -0.336979 0.337078 -0.879104
    outer loop
      vertex -16.6675 27.9419 -5.93676
      vertex -3.00127 3.92034 -20.386
      vertex -16.8642 27.9316 -5.86531
    endloop
  endfacet
  facet normal -0.337049 0.337033 -0.879094
    outer loop
      vertex -19.5201 32.5318 -3.08335
      vertex -17.8586 30.6035 -4.45966
      vertex -18.0941 30.4128 -4.44248
    endloop
  endfacet
  facet normal -0.337182 0.336934 -0.879081
    outer loop
      vertex -19.5201 32.5318 -3.08335
      vertex -18.0941 30.4128 -4.44248
      vertex -18.2013 30.2476 -4.46468
    endloop
  endfacet
  facet normal -0.33704 0.33704 -0.879095
    outer loop
      vertex -17.8586 30.6035 -4.45966
      vertex -19.5201 32.5318 -3.08335
      vertex -19.1725 32.8794 -3.08335
    endloop
  endfacet
  facet normal 0.278454 0.141894 0.94991
    outer loop
      vertex 4.95468 0.485479 20.386
      vertex 3.89848 0.318194 20.7206
      vertex 3.97538 0.167285 20.7206
    endloop
  endfacet
  facet normal 0.294953 -0.510872 0.807473
    outer loop
      vertex 4.38396 -1.271 20.386
      vertex -0.291975 -4.97654 19.7496
      vertex 4.89881 -1.97963 19.7496
    endloop
  endfacet
  facet normal 0.294953 -0.510872 0.807473
    outer loop
      vertex -0.291975 -4.97654 19.7496
      vertex 4.38396 -1.271 20.386
      vertex -0.806826 -4.26791 20.386
    endloop
  endfacet
  facet normal 0.527938 -0.269024 0.805548
    outer loop
      vertex 38.8254 -0.756152 2.44696
      vertex 37.9923 -0.485479 3.08335
      vertex 38.4778 -1.43829 2.44696
    endloop
  endfacet
  facet normal -0.308671 0.0488872 0.949912
    outer loop
      vertex -3.22442 3.48238 20.386
      vertex -3.30131 2.9969 20.386
      vertex -2.24511 3.16419 20.7206
    endloop
  endfacet
  facet normal -0.0488961 -0.308673 0.949911
    outer loop
      vertex -1.73026 -3.53825 20.7206
      vertex -1.89755 -3.51175 20.7206
      vertex -1.73026 -4.56795 20.386
    endloop
  endfacet
  facet normal 0.475777 -0.82407 0.30748
    outer loop
      vertex -16.2401 -34.3735 0.541345
      vertex 38.3105 -2.49448 1.57105
      vertex -16.4367 -34.1028 1.57105
    endloop
  endfacet
  facet normal 0.475773 -0.824063 0.307507
    outer loop
      vertex 38.3105 -2.49448 1.57105
      vertex -16.2401 -34.3735 0.541345
      vertex 38.5072 -2.76516 0.541345
    endloop
  endfacet
  facet normal 0.0874205 -0.551969 0.829269
    outer loop
      vertex -15.609 -28.799 5.72067
      vertex -1.24478 -4.49106 20.386
      vertex -1.73026 -4.56795 20.386
    endloop
  endfacet
  facet normal 0.0873557 -0.551945 0.829292
    outer loop
      vertex -1.24478 -4.49106 20.386
      vertex -15.609 -28.799 5.72067
      vertex -15.5044 -29.1895 5.44975
    endloop
  endfacet
  facet normal 0.0874476 -0.551979 0.82926
    outer loop
      vertex -15.609 -28.799 5.72067
      vertex -1.73026 -4.56795 20.386
      vertex -15.6678 -28.7085 5.78711
    endloop
  endfacet
  facet normal 0.0873666 -0.551956 0.829284
    outer loop
      vertex -16.8226 -30.9009 4.44956
      vertex -17.7636 -33.1025 3.08335
      vertex -16.4321 -30.7963 4.47804
    endloop
  endfacet
  facet normal 0.0872186 -0.551919 0.829324
    outer loop
      vertex -16.9303 -30.8952 4.46468
      vertex -17.7636 -33.1025 3.08335
      vertex -16.8226 -30.9009 4.44956
    endloop
  endfacet
  facet normal 0.0874275 -0.551965 0.829272
    outer loop
      vertex -17.7636 -33.1025 3.08335
      vertex -16.9303 -30.8952 4.46468
      vertex -18.2491 -33.1794 3.08335
    endloop
  endfacet
  facet normal -0.268994 -0.52798 0.805531
    outer loop
      vertex -19.1725 -32.8794 3.08335
      vertex -19.6874 -33.588 2.44696
      vertex -18.7346 -33.1025 3.08335
    endloop
  endfacet
  facet normal -0.527928 0.269034 0.805551
    outer loop
      vertex -20.2287 33.0466 2.44696
      vertex -20.5763 32.3645 2.44696
      vertex -19.7432 32.0938 3.08335
    endloop
  endfacet
  facet normal -0.127088 -0.802451 -0.583028
    outer loop
      vertex -18.2491 -34.6917 -1.57105
      vertex -19.2019 -34.5408 -1.57105
      vertex -18.2491 -34.0553 -2.44696
    endloop
  endfacet
  facet normal -1 0 0
    outer loop
      vertex -21.667 -31.6084 -0.541345
      vertex -21.667 31.6084 0.541345
      vertex -21.667 31.6084 -0.541345
    endloop
  endfacet
  facet normal -1 -0 0
    outer loop
      vertex -21.667 31.6084 0.541345
      vertex -21.667 -31.6084 -0.541345
      vertex -21.667 -31.6084 0.541345
    endloop
  endfacet
  facet normal -0.987686 -0.156448 0
    outer loop
      vertex -21.4997 -32.6646 -0.541345
      vertex -21.667 -31.6084 0.541345
      vertex -21.667 -31.6084 -0.541345
    endloop
  endfacet
  facet normal -0.987686 -0.156448 0
    outer loop
      vertex -21.667 -31.6084 0.541345
      vertex -21.4997 -32.6646 -0.541345
      vertex -21.4997 -32.6646 0.541345
    endloop
  endfacet
  facet normal 0.220983 -0.220987 -0.949911
    outer loop
      vertex 4.38396 -1.271 -20.386
      vertex 3.89848 -0.318194 -20.7206
      vertex 4.73153 -0.923437 -20.386
    endloop
  endfacet
  facet normal 0.22099 -0.220983 -0.94991
    outer loop
      vertex 3.89848 -0.318194 -20.7206
      vertex 4.38396 -1.271 -20.386
      vertex 3.77872 -0.437958 -20.7206
    endloop
  endfacet
  facet normal -0.80246 0.127145 -0.583003
    outer loop
      vertex -20.6961 31.6084 -2.44696
      vertex -21.1815 32.5612 -1.57105
      vertex -20.5763 32.3645 -2.44696
    endloop
  endfacet
  facet normal -0.940447 0.148944 0.305574
    outer loop
      vertex -21.1815 32.5612 1.57105
      vertex -21.4997 32.6646 0.541345
      vertex -21.3324 31.6084 1.57105
    endloop
  endfacet
  facet normal -0.585263 -0.0926935 -0.805528
    outer loop
      vertex -4.05746 -3.75306 -19.7496
      vertex -4.17722 -2.9969 -19.7496
      vertex -3.30131 -2.9969 -20.386
    endloop
  endfacet
  facet normal 0.314669 -0.617583 -0.720815
    outer loop
      vertex -16.8108 -33.588 -2.44696
      vertex -0.974111 -5.3241 -19.7496
      vertex -0.291975 -4.97654 -19.7496
    endloop
  endfacet
  facet normal 0.314728 -0.617595 -0.720779
    outer loop
      vertex -0.974111 -5.3241 -19.7496
      vertex -16.8108 -33.588 -2.44696
      vertex -17.4929 -33.9356 -2.44696
    endloop
  endfacet
  facet normal -0.940447 -0.148944 -0.305574
    outer loop
      vertex -21.1815 -32.5612 -1.57105
      vertex -21.4997 -32.6646 -0.541345
      vertex -21.3324 -31.6084 -1.57105
    endloop
  endfacet
  facet normal 0.141881 0.278456 -0.949912
    outer loop
      vertex -0.806826 4.26791 -20.386
      vertex -1.41207 3.43486 -20.7206
      vertex -1.24478 4.49106 -20.386
    endloop
  endfacet
  facet normal -0.156448 -0.987686 0
    outer loop
      vertex -19.3053 -34.859 -0.541345
      vertex -18.2491 -35.0263 0.541345
      vertex -19.3053 -34.859 0.541345
    endloop
  endfacet
  facet normal -0.156448 -0.987686 -0
    outer loop
      vertex -18.2491 -35.0263 0.541345
      vertex -19.3053 -34.859 -0.541345
      vertex -18.2491 -35.0263 -0.541345
    endloop
  endfacet
  facet normal -0.148963 -0.940438 -0.305593
    outer loop
      vertex -18.2491 -35.0263 -0.541345
      vertex -19.3053 -34.859 -0.541345
      vertex -18.2491 -34.6917 -1.57105
    endloop
  endfacet
  facet normal 0.802465 0.127137 0.582998
    outer loop
      vertex 39.4306 0.952807 1.57105
      vertex 38.8254 0.756152 2.44696
      vertex 38.9452 0 2.44696
    endloop
  endfacet
  facet normal 0.5 0.866026 -0
    outer loop
      vertex 38.5072 2.76516 -0.541345
      vertex -16.2401 34.3735 0.541345
      vertex 38.5072 2.76516 0.541345
    endloop
  endfacet
  facet normal 0.5 0.866026 0
    outer loop
      vertex -16.2401 34.3735 0.541345
      vertex 38.5072 2.76516 -0.541345
      vertex -16.2401 34.3735 -0.541345
    endloop
  endfacet
  facet normal -0.418992 0.418992 0.805538
    outer loop
      vertex -19.6874 33.588 2.44696
      vertex -19.5201 32.5318 3.08335
      vertex -19.1725 32.8794 3.08335
    endloop
  endfacet
  facet normal -0.419049 0.418971 0.805519
    outer loop
      vertex -19.5201 32.5318 3.08335
      vertex -19.6874 33.588 2.44696
      vertex -20.2287 33.0466 2.44696
    endloop
  endfacet
  facet normal -0.848391 0.432299 0.305532
    outer loop
      vertex -21.0142 33.6174 0.541345
      vertex -21.4997 32.6646 0.541345
      vertex -20.7436 33.4207 1.57105
    endloop
  endfacet
  facet normal 0.848411 0.432229 0.305577
    outer loop
      vertex 39.7488 1.0562 0.541345
      vertex 38.9927 1.81235 1.57105
      vertex 39.4306 0.952807 1.57105
    endloop
  endfacet
  facet normal 0.308673 -0.0488791 0.949912
    outer loop
      vertex 4.00187 0 20.7206
      vertex 3.97538 -0.167285 20.7206
      vertex 5.03157 0 20.386
    endloop
  endfacet
  facet normal 0.36165 0.626395 -0.690535
    outer loop
      vertex 4.89881 1.97963 -19.7496
      vertex -0.291975 4.97654 -19.7496
      vertex 37.9365 1.97963 -2.44696
    endloop
  endfacet
  facet normal -0.368853 -0.723911 -0.58301
    outer loop
      vertex -19.2019 -34.5408 -1.57105
      vertex -19.6874 -33.588 -2.44696
      vertex -19.0052 -33.9356 -2.44696
    endloop
  endfacet
  facet normal 0.278457 -0.14188 -0.949912
    outer loop
      vertex 4.73153 -0.923437 -20.386
      vertex 3.89848 -0.318194 -20.7206
      vertex 4.95468 -0.485479 -20.386
    endloop
  endfacet
  facet normal 0.294953 -0.510872 -0.807473
    outer loop
      vertex -0.291975 -4.97654 -19.7496
      vertex 4.38396 -1.271 -20.386
      vertex 4.89881 -1.97963 -19.7496
    endloop
  endfacet
  facet normal 0.294953 -0.510872 -0.807473
    outer loop
      vertex 4.38396 -1.271 -20.386
      vertex -0.291975 -4.97654 -19.7496
      vertex -0.806826 -4.26791 -20.386
    endloop
  endfacet
  facet normal 0.72391 -0.368801 -0.583045
    outer loop
      vertex 38.9927 -1.81235 -1.57105
      vertex 38.4778 -1.43829 -2.44696
      vertex 39.4306 -0.952807 -1.57105
    endloop
  endfacet
  facet normal 0.574455 -0.574514 -0.583039
    outer loop
      vertex 38.3105 -2.49448 -1.57105
      vertex 38.4778 -1.43829 -2.44696
      vertex 38.9927 -1.81235 -1.57105
    endloop
  endfacet
  facet normal 0.57453 -0.574487 -0.582992
    outer loop
      vertex 38.4778 -1.43829 -2.44696
      vertex 38.3105 -2.49448 -1.57105
      vertex 37.9365 -1.97963 -2.44696
    endloop
  endfacet
  facet normal 0.802494 -0.127094 0.582967
    outer loop
      vertex 39.5815 0 1.57105
      vertex 38.9452 0 2.44696
      vertex 39.4306 -0.952807 1.57105
    endloop
  endfacet
  facet normal 0.36165 -0.626395 0.690535
    outer loop
      vertex 4.89881 -1.97963 19.7496
      vertex -0.291975 -4.97654 19.7496
      vertex 37.9365 -1.97963 2.44696
    endloop
  endfacet
  facet normal -0.723894 -0.368811 0.583057
    outer loop
      vertex -20.2287 -33.0466 2.44696
      vertex -21.1815 -32.5612 1.57105
      vertex -20.7436 -33.4207 1.57105
    endloop
  endfacet
  facet normal 0.278457 -0.14188 0.949912
    outer loop
      vertex 4.95468 -0.485479 20.386
      vertex 3.89848 -0.318194 20.7206
      vertex 4.73153 -0.923437 20.386
    endloop
  endfacet
  facet normal -0.278457 0.14188 0.949911
    outer loop
      vertex -3.00127 3.92034 20.386
      vertex -3.22442 3.48238 20.386
      vertex -2.16822 3.3151 20.7206
    endloop
  endfacet
  facet normal 0.451513 -0.230005 0.86211
    outer loop
      vertex 35.3741 -0.485479 4.45458
      vertex 37.7692 -0.923437 3.08335
      vertex 37.9923 -0.485479 3.08335
    endloop
  endfacet
  facet normal 0.451494 -0.230078 0.8621
    outer loop
      vertex 35.1722 -0.881678 4.45458
      vertex 37.7692 -0.923437 3.08335
      vertex 35.3741 -0.485479 4.45458
    endloop
  endfacet
  facet normal 0.451579 -0.229388 0.86224
    outer loop
      vertex 37.7692 -0.923437 3.08335
      vertex 35.1722 -0.881678 4.45458
      vertex 35.1305 -0.923437 4.46531
    endloop
  endfacet
  facet normal 0.451508 -0.230019 0.862109
    outer loop
      vertex 4.95468 -0.485479 20.386
      vertex 32.7452 -0.881678 5.72569
      vertex 32.5433 -0.485479 5.93714
    endloop
  endfacet
  facet normal 0.451504 -0.230052 0.862102
    outer loop
      vertex 4.73153 -0.923437 20.386
      vertex 32.7452 -0.881678 5.72569
      vertex 4.95468 -0.485479 20.386
    endloop
  endfacet
  facet normal 0.451425 -0.23078 0.861949
    outer loop
      vertex 32.7452 -0.881678 5.72569
      vertex 4.73153 -0.923437 20.386
      vertex 32.7869 -0.923437 5.69267
    endloop
  endfacet
  facet normal -0.80246 -0.127145 0.583003
    outer loop
      vertex -20.6961 -31.6084 2.44696
      vertex -21.1815 -32.5612 1.57105
      vertex -20.5763 -32.3645 2.44696
    endloop
  endfacet
  facet normal 0.141876 0.278457 0.949912
    outer loop
      vertex -1.24478 4.49106 20.386
      vertex -1.56298 3.51175 20.7206
      vertex -1.41207 3.43486 20.7206
    endloop
  endfacet
  facet normal -0.368903 -0.723909 0.58298
    outer loop
      vertex -19.6874 -33.588 2.44696
      vertex -20.0614 -34.1028 1.57105
      vertex -19.2019 -34.5408 1.57105
    endloop
  endfacet
  facet normal -0.890997 -0.454008 0
    outer loop
      vertex -21.0142 -33.6174 -0.541345
      vertex -21.4997 -32.6646 0.541345
      vertex -21.4997 -32.6646 -0.541345
    endloop
  endfacet
  facet normal -0.890997 -0.454008 0
    outer loop
      vertex -21.4997 -32.6646 0.541345
      vertex -21.0142 -33.6174 -0.541345
      vertex -21.0142 -33.6174 0.541345
    endloop
  endfacet
  facet normal -0.848391 -0.432299 0.305532
    outer loop
      vertex -20.7436 -33.4207 1.57105
      vertex -21.4997 -32.6646 0.541345
      vertex -21.0142 -33.6174 0.541345
    endloop
  endfacet
  facet normal -0.940447 -0.148944 0.305574
    outer loop
      vertex -21.3324 -31.6084 1.57105
      vertex -21.4997 -32.6646 0.541345
      vertex -21.1815 -32.5612 1.57105
    endloop
  endfacet
  facet normal -0.802494 -0.127095 0.582967
    outer loop
      vertex -20.6961 -31.6084 2.44696
      vertex -21.3324 -31.6084 1.57105
      vertex -21.1815 -32.5612 1.57105
    endloop
  endfacet
  facet normal -0.987686 0.156448 0
    outer loop
      vertex -21.667 31.6084 -0.541345
      vertex -21.4997 32.6646 0.541345
      vertex -21.4997 32.6646 -0.541345
    endloop
  endfacet
  facet normal -0.987686 0.156448 0
    outer loop
      vertex -21.4997 32.6646 0.541345
      vertex -21.667 31.6084 -0.541345
      vertex -21.667 31.6084 0.541345
    endloop
  endfacet
  facet normal 0.148963 0.940438 0.305593
    outer loop
      vertex -18.2491 35.0263 0.541345
      vertex -18.2491 34.6917 1.57105
      vertex -17.1929 34.859 0.541345
    endloop
  endfacet
  facet normal 0.143314 0.571425 -0.808043
    outer loop
      vertex -0.974111 5.3241 -19.7496
      vertex -15.5044 29.1895 -5.44975
      vertex -15.4876 29.2523 -5.40236
    endloop
  endfacet
  facet normal 0.14263 0.571184 -0.808335
    outer loop
      vertex -15.5044 29.1895 -5.44975
      vertex -0.974111 5.3241 -19.7496
      vertex -1.24478 4.49106 -20.386
    endloop
  endfacet
  facet normal 0.142486 0.571134 -0.808395
    outer loop
      vertex -15.5121 29.721 -5.07554
      vertex -0.974111 5.3241 -19.7496
      vertex -15.4876 29.2523 -5.40236
    endloop
  endfacet
  facet normal 0.14287 0.571266 -0.808234
    outer loop
      vertex -15.6803 30.1591 -4.79562
      vertex -0.974111 5.3241 -19.7496
      vertex -15.5121 29.721 -5.07554
    endloop
  endfacet
  facet normal 0.142535 0.571152 -0.808375
    outer loop
      vertex -15.6803 30.1591 -4.79562
      vertex -17.4929 33.9356 -2.44696
      vertex -0.974111 5.3241 -19.7496
    endloop
  endfacet
  facet normal 0.142477 0.571137 -0.808395
    outer loop
      vertex -15.9757 30.5238 -4.59002
      vertex -17.4929 33.9356 -2.44696
      vertex -15.6803 30.1591 -4.79562
    endloop
  endfacet
  facet normal 0.142593 0.571164 -0.808356
    outer loop
      vertex -16.3693 30.7794 -4.47885
      vertex -17.4929 33.9356 -2.44696
      vertex -15.9757 30.5238 -4.59002
    endloop
  endfacet
  facet normal 0.143354 0.57143 -0.808033
    outer loop
      vertex -17.7636 33.1025 -3.08335
      vertex -16.3693 30.7794 -4.47885
      vertex -16.4321 30.7963 -4.47804
    endloop
  endfacet
  facet normal 0.142581 0.571162 -0.808359
    outer loop
      vertex -16.3693 30.7794 -4.47885
      vertex -17.7636 33.1025 -3.08335
      vertex -17.4929 33.9356 -2.44696
    endloop
  endfacet
  facet normal -0.432325 0.848363 -0.305574
    outer loop
      vertex -19.2019 34.5408 -1.57105
      vertex -20.0614 34.1028 -1.57105
      vertex -19.3053 34.859 -0.541345
    endloop
  endfacet
  facet normal 0.723907 -0.368884 -0.582995
    outer loop
      vertex 39.4306 -0.952807 -1.57105
      vertex 38.4778 -1.43829 -2.44696
      vertex 38.8254 -0.756152 -2.44696
    endloop
  endfacet
  facet normal 0.0488871 -0.308671 -0.949912
    outer loop
      vertex -1.24478 -4.49106 -20.386
      vertex -1.73026 -4.56795 -20.386
      vertex -1.56298 -3.51175 -20.7206
    endloop
  endfacet
  facet normal -0.527928 -0.269034 -0.805551
    outer loop
      vertex -20.2287 -33.0466 -2.44696
      vertex -20.5763 -32.3645 -2.44696
      vertex -19.7432 -32.0938 -3.08335
    endloop
  endfacet
  facet normal -0.278458 -0.141877 -0.949912
    outer loop
      vertex -2.16822 -3.3151 -20.7206
      vertex -3.22442 -3.48238 -20.386
      vertex -2.24511 -3.16419 -20.7206
    endloop
  endfacet
  facet normal -0.587794 0 -0.809011
    outer loop
      vertex -4.17722 -2.9969 -19.7496
      vertex -3.30131 2.9969 -20.386
      vertex -3.30131 -2.9969 -20.386
    endloop
  endfacet
  facet normal -0.587794 0 -0.809011
    outer loop
      vertex -3.30131 2.9969 -20.386
      vertex -4.17722 -2.9969 -19.7496
      vertex -4.17722 2.9969 -19.7496
    endloop
  endfacet
  facet normal -0.723894 0.368811 -0.583057
    outer loop
      vertex -20.2287 33.0466 -2.44696
      vertex -21.1815 32.5612 -1.57105
      vertex -20.7436 33.4207 -1.57105
    endloop
  endfacet
  facet normal -0.418992 -0.418992 -0.805538
    outer loop
      vertex -19.6874 -33.588 -2.44696
      vertex -19.5201 -32.5318 -3.08335
      vertex -19.1725 -32.8794 -3.08335
    endloop
  endfacet
  facet normal -0.419049 -0.418971 -0.805519
    outer loop
      vertex -19.5201 -32.5318 -3.08335
      vertex -19.6874 -33.588 -2.44696
      vertex -20.2287 -33.0466 -2.44696
    endloop
  endfacet
  facet normal -0.723299 0 -0.690535
    outer loop
      vertex -4.17722 -2.9969 -19.7496
      vertex -20.6961 31.6084 -2.44696
      vertex -4.17722 2.9969 -19.7496
    endloop
  endfacet
  facet normal -0.723299 -0 -0.690535
    outer loop
      vertex -20.6961 31.6084 -2.44696
      vertex -4.17722 -2.9969 -19.7496
      vertex -20.6961 -31.6084 -2.44696
    endloop
  endfacet
  facet normal -0.585263 -0.0926936 -0.805528
    outer loop
      vertex -3.22442 -3.48238 -20.386
      vertex -4.05746 -3.75306 -19.7496
      vertex -3.30131 -2.9969 -20.386
    endloop
  endfacet
  facet normal -0.723894 -0.368811 -0.583057
    outer loop
      vertex -20.7436 -33.4207 -1.57105
      vertex -21.1815 -32.5612 -1.57105
      vertex -20.2287 -33.0466 -2.44696
    endloop
  endfacet
  facet normal -0.127043 -0.802482 -0.582995
    outer loop
      vertex -18.2491 -34.0553 -2.44696
      vertex -19.2019 -34.5408 -1.57105
      vertex -19.0052 -33.9356 -2.44696
    endloop
  endfacet
  facet normal -0.432288 -0.84837 0.305607
    outer loop
      vertex -20.0614 -34.1028 1.57105
      vertex -20.2581 -34.3735 0.541345
      vertex -19.3053 -34.859 0.541345
    endloop
  endfacet
  facet normal 0.432284 -0.848383 -0.305576
    outer loop
      vertex -17.1929 -34.859 -0.541345
      vertex -17.2963 -34.5408 -1.57105
      vertex -16.4367 -34.1028 -1.57105
    endloop
  endfacet
  facet normal -0.148944 -0.940447 -0.305574
    outer loop
      vertex -18.2491 -34.6917 -1.57105
      vertex -19.3053 -34.859 -0.541345
      vertex -19.2019 -34.5408 -1.57105
    endloop
  endfacet
  facet normal -0.454008 -0.890997 0
    outer loop
      vertex -20.2581 -34.3735 -0.541345
      vertex -19.3053 -34.859 0.541345
      vertex -20.2581 -34.3735 0.541345
    endloop
  endfacet
  facet normal -0.454008 -0.890997 -0
    outer loop
      vertex -19.3053 -34.859 0.541345
      vertex -20.2581 -34.3735 -0.541345
      vertex -19.3053 -34.859 -0.541345
    endloop
  endfacet
  facet normal -0.127088 -0.802451 0.583028
    outer loop
      vertex -18.2491 -34.0553 2.44696
      vertex -19.2019 -34.5408 1.57105
      vertex -18.2491 -34.6917 1.57105
    endloop
  endfacet
  facet normal -0.0926545 -0.585264 0.805532
    outer loop
      vertex -18.2491 -33.1794 3.08335
      vertex -19.0052 -33.9356 2.44696
      vertex -18.2491 -34.0553 2.44696
    endloop
  endfacet
  facet normal 0.890997 -0.454008 0
    outer loop
      vertex 39.2633 -2.009 0.541345
      vertex 39.7488 -1.0562 -0.541345
      vertex 39.7488 -1.0562 0.541345
    endloop
  endfacet
  facet normal 0.890997 -0.454008 0
    outer loop
      vertex 39.7488 -1.0562 -0.541345
      vertex 39.2633 -2.009 0.541345
      vertex 39.2633 -2.009 -0.541345
    endloop
  endfacet
  facet normal 0.848411 -0.432229 -0.305577
    outer loop
      vertex 39.7488 -1.0562 -0.541345
      vertex 38.9927 -1.81235 -1.57105
      vertex 39.4306 -0.952807 -1.57105
    endloop
  endfacet
  facet normal -0.585263 0.0926935 0.805528
    outer loop
      vertex -4.05746 3.75306 19.7496
      vertex -4.17722 2.9969 19.7496
      vertex -3.30131 2.9969 20.386
    endloop
  endfacet
  facet normal -0.574574 0.574468 0.582967
    outer loop
      vertex -20.0614 34.1028 1.57105
      vertex -20.2287 33.0466 2.44696
      vertex -19.6874 33.588 2.44696
    endloop
  endfacet
  facet normal -0.574435 0.574519 0.583055
    outer loop
      vertex -20.2287 33.0466 2.44696
      vertex -20.0614 34.1028 1.57105
      vertex -20.7436 33.4207 1.57105
    endloop
  endfacet
  facet normal -0.432288 0.84837 0.305607
    outer loop
      vertex -19.3053 34.859 0.541345
      vertex -20.2581 34.3735 0.541345
      vertex -20.0614 34.1028 1.57105
    endloop
  endfacet
  facet normal -0.432325 0.848363 0.305574
    outer loop
      vertex -19.3053 34.859 0.541345
      vertex -20.0614 34.1028 1.57105
      vertex -19.2019 34.5408 1.57105
    endloop
  endfacet
  facet normal -0.148963 0.940438 -0.305593
    outer loop
      vertex -18.2491 34.6917 -1.57105
      vertex -19.3053 34.859 -0.541345
      vertex -18.2491 35.0263 -0.541345
    endloop
  endfacet
  facet normal 0.4627 0.0733021 0.883479
    outer loop
      vertex 32.5321 0.463525 5.94482
      vertex 5.03157 0 20.386
      vertex 32.4587 0 6.02172
    endloop
  endfacet
  facet normal 0.46271 0.0730122 0.883498
    outer loop
      vertex 4.95468 0.485479 20.386
      vertex 32.5321 0.463525 5.94482
      vertex 32.5433 0.485479 5.93714
    endloop
  endfacet
  facet normal 0.462701 0.0732825 0.88348
    outer loop
      vertex 32.5321 0.463525 5.94482
      vertex 4.95468 0.485479 20.386
      vertex 5.03157 0 20.386
    endloop
  endfacet
  facet normal 0.462702 0.0732921 0.883479
    outer loop
      vertex 37.9923 0.485479 3.08335
      vertex 35.4587 0 4.45054
      vertex 38.0692 0 3.08335
    endloop
  endfacet
  facet normal 0.462706 0.0732703 0.883479
    outer loop
      vertex 37.9923 0.485479 3.08335
      vertex 35.3853 0.463525 4.45054
      vertex 35.4587 0 4.45054
    endloop
  endfacet
  facet normal 0.462698 0.0734723 0.883466
    outer loop
      vertex 35.3853 0.463525 4.45054
      vertex 37.9923 0.485479 3.08335
      vertex 35.3741 0.485479 4.45458
    endloop
  endfacet
  facet normal 0.802465 -0.127137 0.582998
    outer loop
      vertex 38.9452 0 2.44696
      vertex 38.8254 -0.756152 2.44696
      vertex 39.4306 -0.952807 1.57105
    endloop
  endfacet
  facet normal 0.422143 0.414844 0.80604
    outer loop
      vertex 5.44016 1.43829 19.7496
      vertex 33.4952 1.42658 5.06252
      vertex 33.5691 1.43829 5.01779
    endloop
  endfacet
  facet normal 0.422081 0.415135 0.805922
    outer loop
      vertex 5.44016 1.43829 19.7496
      vertex 33.077 1.21352 5.39129
      vertex 33.4952 1.42658 5.06252
    endloop
  endfacet
  facet normal 0.42207 0.41519 0.8059
    outer loop
      vertex 5.44016 1.43829 19.7496
      vertex 32.7869 0.923437 5.69267
      vertex 33.077 1.21352 5.39129
    endloop
  endfacet
  facet normal 0.422063 0.415223 0.805886
    outer loop
      vertex 32.7869 0.923437 5.69267
      vertex 5.44016 1.43829 19.7496
      vertex 4.73153 0.923437 20.386
    endloop
  endfacet
  facet normal 0.422061 0.415232 0.805883
    outer loop
      vertex 34.8404 1.21352 4.46777
      vertex 37.7692 0.923437 3.08335
      vertex 38.4778 1.43829 2.44696
    endloop
  endfacet
  facet normal 0.422059 0.41525 0.805875
    outer loop
      vertex 37.7692 0.923437 3.08335
      vertex 34.8404 1.21352 4.46777
      vertex 35.1305 0.923437 4.46531
    endloop
  endfacet
  facet normal 0.422051 0.415267 0.80587
    outer loop
      vertex 38.4778 1.43829 2.44696
      vertex 34.4222 1.42658 4.577
      vertex 34.8404 1.21352 4.46777
    endloop
  endfacet
  facet normal 0.422693 0.412264 0.807074
    outer loop
      vertex 34.4222 1.42658 4.577
      vertex 38.4778 1.43829 2.44696
      vertex 34.3484 1.43829 4.60967
    endloop
  endfacet
  facet normal 0.269012 0.527975 0.805528
    outer loop
      vertex -0.974111 5.3241 19.7496
      vertex -1.24478 4.49106 20.386
      vertex -0.291975 4.97654 19.7496
    endloop
  endfacet
  facet normal 0.36165 0.626396 0.690534
    outer loop
      vertex 37.9365 1.97963 2.44696
      vertex -16.8108 33.588 2.44696
      vertex -0.291975 4.97654 19.7496
    endloop
  endfacet
  facet normal 0.278454 -0.141894 -0.94991
    outer loop
      vertex 4.95468 -0.485479 -20.386
      vertex 3.89848 -0.318194 -20.7206
      vertex 3.97538 -0.167285 -20.7206
    endloop
  endfacet
  facet normal 0.432284 0.848383 -0.305576
    outer loop
      vertex -16.4367 34.1028 -1.57105
      vertex -17.2963 34.5408 -1.57105
      vertex -17.1929 34.859 -0.541345
    endloop
  endfacet
  facet normal 0.314669 0.617583 -0.720815
    outer loop
      vertex -0.974111 5.3241 -19.7496
      vertex -16.8108 33.588 -2.44696
      vertex -0.291975 4.97654 -19.7496
    endloop
  endfacet
  facet normal 0.314728 0.617595 -0.720779
    outer loop
      vertex -16.8108 33.588 -2.44696
      vertex -0.974111 5.3241 -19.7496
      vertex -17.4929 33.9356 -2.44696
    endloop
  endfacet
  facet normal 0.405279 -0.701963 -0.58566
    outer loop
      vertex 37.9365 -1.97963 -2.44696
      vertex -16.4367 -34.1028 -1.57105
      vertex -16.8108 -33.588 -2.44696
    endloop
  endfacet
  facet normal 0.40528 -0.701965 -0.585656
    outer loop
      vertex -16.4367 -34.1028 -1.57105
      vertex 37.9365 -1.97963 -2.44696
      vertex 38.3105 -2.49448 -1.57105
    endloop
  endfacet
  facet normal 0.673262 -0.673331 -0.30552
    outer loop
      vertex 39.2633 -2.009 -0.541345
      vertex 38.3105 -2.49448 -1.57105
      vertex 38.9927 -1.81235 -1.57105
    endloop
  endfacet
  facet normal 0.673306 -0.673253 -0.305598
    outer loop
      vertex 38.3105 -2.49448 -1.57105
      vertex 39.2633 -2.009 -0.541345
      vertex 38.5072 -2.76516 -0.541345
    endloop
  endfacet
  facet normal 0.127028 -0.802492 -0.582984
    outer loop
      vertex -17.2963 -34.5408 -1.57105
      vertex -18.2491 -34.0553 -2.44696
      vertex -17.4929 -33.9356 -2.44696
    endloop
  endfacet
  facet normal 0.36165 -0.626395 -0.690535
    outer loop
      vertex 37.9365 -1.97963 -2.44696
      vertex -0.291975 -4.97654 -19.7496
      vertex 4.89881 -1.97963 -19.7496
    endloop
  endfacet
  facet normal 0.585228 0.0927003 -0.805552
    outer loop
      vertex 38.0692 0 -3.08335
      vertex 37.9923 0.485479 -3.08335
      vertex 38.8254 0.756152 -2.44696
    endloop
  endfacet
  facet normal 0.940447 0.148943 0.305573
    outer loop
      vertex 39.7488 1.0562 0.541345
      vertex 39.4306 0.952807 1.57105
      vertex 39.5815 0 1.57105
    endloop
  endfacet
  facet normal 0.802494 0.127094 -0.582967
    outer loop
      vertex 39.5815 0 -1.57105
      vertex 38.9452 0 -2.44696
      vertex 39.4306 0.952807 -1.57105
    endloop
  endfacet
  facet normal 0.723907 0.368884 -0.582995
    outer loop
      vertex 38.8254 0.756152 -2.44696
      vertex 38.4778 1.43829 -2.44696
      vertex 39.4306 0.952807 -1.57105
    endloop
  endfacet
  facet normal 0.940438 0.148963 0.305593
    outer loop
      vertex 39.7488 1.0562 0.541345
      vertex 39.5815 0 1.57105
      vertex 39.9161 0 0.541345
    endloop
  endfacet
  facet normal 0.155291 -0.268972 0.950547
    outer loop
      vertex 2.03523 -1.44456 20.7206
      vertex 4.38396 -1.271 20.386
      vertex 3.77872 -0.437958 20.7206
    endloop
  endfacet
  facet normal 0.155323 -0.269974 0.950257
    outer loop
      vertex 2.02254 -1.46946 20.7156
      vertex 4.38396 -1.271 20.386
      vertex 2.03523 -1.44456 20.7206
    endloop
  endfacet
  facet normal 0.155283 -0.269055 0.950524
    outer loop
      vertex 1.46946 -2.02254 20.6494
      vertex 4.38396 -1.271 20.386
      vertex 2.02254 -1.46946 20.7156
    endloop
  endfacet
  facet normal 0.155324 -0.268969 0.950542
    outer loop
      vertex -0.806826 -4.26791 20.386
      vertex 1.46946 -2.02254 20.6494
      vertex 0.772542 -2.37764 20.6628
    endloop
  endfacet
  facet normal 0.155247 -0.268894 0.950576
    outer loop
      vertex 1.46946 -2.02254 20.6494
      vertex -0.806826 -4.26791 20.386
      vertex 4.38396 -1.271 20.386
    endloop
  endfacet
  facet normal 0.15541 -0.269036 0.950509
    outer loop
      vertex 0.285473 -2.45479 20.7206
      vertex -0.806826 -4.26791 20.386
      vertex 0.772542 -2.37764 20.6628
    endloop
  endfacet
  facet normal 0.155289 -0.26897 0.950547
    outer loop
      vertex -0.806826 -4.26791 20.386
      vertex 0.285473 -2.45479 20.7206
      vertex -1.41207 -3.43486 20.7206
    endloop
  endfacet
  facet normal -0.141877 -0.278458 0.949912
    outer loop
      vertex -2.04846 -3.43486 20.7206
      vertex -2.21574 -4.49106 20.386
      vertex -1.89755 -3.51175 20.7206
    endloop
  endfacet
  facet normal -0.471974 0.240444 0.848191
    outer loop
      vertex -17.1362 27.9173 5.71801
      vertex -3.00127 3.92034 20.386
      vertex -16.8642 27.9316 5.86531
    endloop
  endfacet
  facet normal -0.471946 0.240467 0.8482
    outer loop
      vertex -3.00127 3.92034 20.386
      vertex -17.1362 27.9173 5.71801
      vertex -3.22442 3.48238 20.386
    endloop
  endfacet
  facet normal -0.471947 0.240466 0.8482
    outer loop
      vertex -3.22442 3.48238 20.386
      vertex -17.1362 27.9173 5.71801
      vertex -17.3678 27.9794 5.57154
    endloop
  endfacet
  facet normal -0.471995 0.240416 0.848187
    outer loop
      vertex -19.7432 32.0938 3.08335
      vertex -18.2013 30.2476 4.46468
      vertex -19.5201 32.5318 3.08335
    endloop
  endfacet
  facet normal -0.471839 0.240577 0.848228
    outer loop
      vertex -18.2013 30.2476 4.46468
      vertex -19.7432 32.0938 3.08335
      vertex -18.3497 30.0192 4.44691
    endloop
  endfacet
  facet normal -0.472068 0.240377 0.848157
    outer loop
      vertex -18.3497 30.0192 4.44691
      vertex -19.7432 32.0938 3.08335
      vertex -18.4117 29.7876 4.47804
    endloop
  endfacet
  facet normal 0.528006 -0.268971 0.805521
    outer loop
      vertex 37.9923 -0.485479 3.08335
      vertex 37.7692 -0.923437 3.08335
      vertex 38.4778 -1.43829 2.44696
    endloop
  endfacet
  facet normal 0.422059 -0.41525 0.805875
    outer loop
      vertex 34.8404 -1.21352 4.46777
      vertex 37.7692 -0.923437 3.08335
      vertex 35.1305 -0.923437 4.46531
    endloop
  endfacet
  facet normal 0.422061 -0.415232 0.805883
    outer loop
      vertex 37.7692 -0.923437 3.08335
      vertex 34.8404 -1.21352 4.46777
      vertex 38.4778 -1.43829 2.44696
    endloop
  endfacet
  facet normal 0.422051 -0.415267 0.80587
    outer loop
      vertex 34.4222 -1.42658 4.577
      vertex 38.4778 -1.43829 2.44696
      vertex 34.8404 -1.21352 4.46777
    endloop
  endfacet
  facet normal 0.422693 -0.412264 0.807074
    outer loop
      vertex 38.4778 -1.43829 2.44696
      vertex 34.4222 -1.42658 4.577
      vertex 34.3484 -1.43829 4.60967
    endloop
  endfacet
  facet normal 0.422143 -0.414844 0.80604
    outer loop
      vertex 33.4952 -1.42658 5.06252
      vertex 5.44016 -1.43829 19.7496
      vertex 33.5691 -1.43829 5.01779
    endloop
  endfacet
  facet normal 0.422081 -0.415135 0.805922
    outer loop
      vertex 33.077 -1.21352 5.39129
      vertex 5.44016 -1.43829 19.7496
      vertex 33.4952 -1.42658 5.06252
    endloop
  endfacet
  facet normal 0.42207 -0.41519 0.8059
    outer loop
      vertex 32.7869 -0.923437 5.69267
      vertex 5.44016 -1.43829 19.7496
      vertex 33.077 -1.21352 5.39129
    endloop
  endfacet
  facet normal 0.422063 -0.415223 0.805886
    outer loop
      vertex 5.44016 -1.43829 19.7496
      vertex 32.7869 -0.923437 5.69267
      vertex 4.73153 -0.923437 20.386
    endloop
  endfacet
  facet normal 0.42087 0.420839 0.803594
    outer loop
      vertex 37.9365 1.97963 2.44696
      vertex 34.3484 1.43829 4.60967
      vertex 38.4778 1.43829 2.44696
    endloop
  endfacet
  facet normal 0.420785 0.421078 0.803513
    outer loop
      vertex 37.9365 1.97963 2.44696
      vertex 33.9587 1.5 4.78141
      vertex 34.3484 1.43829 4.60967
    endloop
  endfacet
  facet normal 0.420825 0.421031 0.803517
    outer loop
      vertex 4.89881 1.97963 19.7496
      vertex 33.5691 1.43829 5.01779
      vertex 33.9587 1.5 4.78141
    endloop
  endfacet
  facet normal 0.420863 0.420839 0.803597
    outer loop
      vertex 4.89881 1.97963 19.7496
      vertex 33.9587 1.5 4.78141
      vertex 37.9365 1.97963 2.44696
    endloop
  endfacet
  facet normal 0.420858 0.420865 0.803586
    outer loop
      vertex 33.5691 1.43829 5.01779
      vertex 4.89881 1.97963 19.7496
      vertex 5.44016 1.43829 19.7496
    endloop
  endfacet
  facet normal -0.723299 0 0.690535
    outer loop
      vertex -20.6961 31.6084 2.44696
      vertex -4.17722 -2.9969 19.7496
      vertex -4.17722 2.9969 19.7496
    endloop
  endfacet
  facet normal -0.723299 0 0.690535
    outer loop
      vertex -4.17722 -2.9969 19.7496
      vertex -20.6961 31.6084 2.44696
      vertex -20.6961 -31.6084 2.44696
    endloop
  endfacet
  facet normal 0.278457 0.14188 0.949912
    outer loop
      vertex 4.73153 0.923437 20.386
      vertex 3.89848 0.318194 20.7206
      vertex 4.95468 0.485479 20.386
    endloop
  endfacet
  facet normal 0 0 1
    outer loop
      vertex 3.97538 0.167285 20.7206
      vertex 3.97538 -0.167285 20.7206
      vertex 4.00187 0 20.7206
    endloop
  endfacet
  facet normal 0 0 1
    outer loop
      vertex 3.89848 0.318194 20.7206
      vertex 3.97538 -0.167285 20.7206
      vertex 3.97538 0.167285 20.7206
    endloop
  endfacet
  facet normal 0 0 1
    outer loop
      vertex 3.89848 0.318194 20.7206
      vertex 3.89848 -0.318194 20.7206
      vertex 3.97538 -0.167285 20.7206
    endloop
  endfacet
  facet normal 0 0 1
    outer loop
      vertex 3.77872 0.437958 20.7206
      vertex 3.89848 -0.318194 20.7206
      vertex 3.89848 0.318194 20.7206
    endloop
  endfacet
  facet normal 0 0 1
    outer loop
      vertex 3.77872 0.437958 20.7206
      vertex 3.77872 -0.437958 20.7206
      vertex 3.89848 -0.318194 20.7206
    endloop
  endfacet
  facet normal 0 0 1
    outer loop
      vertex 3.77872 0.437958 20.7206
      vertex 2.5 0 20.7206
      vertex 3.77872 -0.437958 20.7206
    endloop
  endfacet
  facet normal 0 0 1
    outer loop
      vertex 3.77872 0.437958 20.7206
      vertex 2.37764 0.772542 20.7206
      vertex 2.5 0 20.7206
    endloop
  endfacet
  facet normal -0 -0 1
    outer loop
      vertex 2.37764 0.772542 20.7206
      vertex 3.77872 0.437958 20.7206
      vertex 2.03523 1.44456 20.7206
    endloop
  endfacet
  facet normal 0 0 1
    outer loop
      vertex 2.37764 -0.772542 20.7206
      vertex 3.77872 -0.437958 20.7206
      vertex 2.5 0 20.7206
    endloop
  endfacet
  facet normal 0 0 1
    outer loop
      vertex 3.77872 -0.437958 20.7206
      vertex 2.37764 -0.772542 20.7206
      vertex 2.03523 -1.44456 20.7206
    endloop
  endfacet
  facet normal 0 0 1
    outer loop
      vertex -1.41207 3.43486 20.7206
      vertex 0 2.5 20.7206
      vertex 0.285473 2.45479 20.7206
    endloop
  endfacet
  facet normal 0 0 1
    outer loop
      vertex -1.41207 3.43486 20.7206
      vertex -0.772542 2.37764 20.7206
      vertex 0 2.5 20.7206
    endloop
  endfacet
  facet normal 0 0 1
    outer loop
      vertex -1.41207 3.43486 20.7206
      vertex -1.46946 2.02254 20.7206
      vertex -0.772542 2.37764 20.7206
    endloop
  endfacet
  facet normal 0 0 1
    outer loop
      vertex -2.27161 2.9969 20.7206
      vertex -1.41207 3.43486 20.7206
      vertex -1.56298 3.51175 20.7206
    endloop
  endfacet
  facet normal 0 0 1
    outer loop
      vertex -2.27161 2.9969 20.7206
      vertex -1.56298 3.51175 20.7206
      vertex -1.73026 3.53825 20.7206
    endloop
  endfacet
  facet normal 0 0 1
    outer loop
      vertex -2.27161 2.9969 20.7206
      vertex -1.73026 3.53825 20.7206
      vertex -1.89755 3.51175 20.7206
    endloop
  endfacet
  facet normal 0 0 1
    outer loop
      vertex -1.41207 3.43486 20.7206
      vertex -2.27161 2.9969 20.7206
      vertex -1.46946 2.02254 20.7206
    endloop
  endfacet
  facet normal 0 0 1
    outer loop
      vertex -2.27161 2.9969 20.7206
      vertex -1.89755 3.51175 20.7206
      vertex -2.04846 3.43486 20.7206
    endloop
  endfacet
  facet normal 0 0 1
    outer loop
      vertex -2.27161 2.9969 20.7206
      vertex -2.04846 3.43486 20.7206
      vertex -2.16822 3.3151 20.7206
    endloop
  endfacet
  facet normal 0 0 1
    outer loop
      vertex -2.27161 2.9969 20.7206
      vertex -2.16822 3.3151 20.7206
      vertex -2.24511 3.16419 20.7206
    endloop
  endfacet
  facet normal 0 0 1
    outer loop
      vertex -1.46946 2.02254 20.7206
      vertex -2.27161 2.9969 20.7206
      vertex -2.02254 1.46946 20.7206
    endloop
  endfacet
  facet normal 0 0 1
    outer loop
      vertex -2.02254 1.46946 20.7206
      vertex -2.27161 2.9969 20.7206
      vertex -2.27161 0.980644 20.7206
    endloop
  endfacet
  facet normal -0 0 1
    outer loop
      vertex 0 -2.5 20.7206
      vertex -1.41207 -3.43486 20.7206
      vertex 0.285473 -2.45479 20.7206
    endloop
  endfacet
  facet normal 0 0 1
    outer loop
      vertex -0.772542 -2.37764 20.7206
      vertex -1.41207 -3.43486 20.7206
      vertex 0 -2.5 20.7206
    endloop
  endfacet
  facet normal 0 0 1
    outer loop
      vertex -1.46946 -2.02254 20.7206
      vertex -1.41207 -3.43486 20.7206
      vertex -0.772542 -2.37764 20.7206
    endloop
  endfacet
  facet normal -0 0 1
    outer loop
      vertex -2.27161 -2.9969 20.7206
      vertex -1.41207 -3.43486 20.7206
      vertex -1.46946 -2.02254 20.7206
    endloop
  endfacet
  facet normal 0 0 1
    outer loop
      vertex -1.41207 -3.43486 20.7206
      vertex -2.27161 -2.9969 20.7206
      vertex -1.56298 -3.51175 20.7206
    endloop
  endfacet
  facet normal 0 0 1
    outer loop
      vertex -1.56298 -3.51175 20.7206
      vertex -2.27161 -2.9969 20.7206
      vertex -1.73026 -3.53825 20.7206
    endloop
  endfacet
  facet normal 0 0 1
    outer loop
      vertex -2.27161 -2.9969 20.7206
      vertex -1.46946 -2.02254 20.7206
      vertex -2.02254 -1.46946 20.7206
    endloop
  endfacet
  facet normal 0 0 1
    outer loop
      vertex -1.73026 -3.53825 20.7206
      vertex -2.27161 -2.9969 20.7206
      vertex -1.89755 -3.51175 20.7206
    endloop
  endfacet
  facet normal 0 0 1
    outer loop
      vertex -1.89755 -3.51175 20.7206
      vertex -2.27161 -2.9969 20.7206
      vertex -2.04846 -3.43486 20.7206
    endloop
  endfacet
  facet normal 0 0 1
    outer loop
      vertex -2.04846 -3.43486 20.7206
      vertex -2.27161 -2.9969 20.7206
      vertex -2.16822 -3.3151 20.7206
    endloop
  endfacet
  facet normal 0 0 1
    outer loop
      vertex -2.27161 -2.9969 20.7206
      vertex -2.02254 -1.46946 20.7206
      vertex -2.27161 -0.980644 20.7206
    endloop
  endfacet
  facet normal 0 0 1
    outer loop
      vertex -2.16822 -3.3151 20.7206
      vertex -2.27161 -2.9969 20.7206
      vertex -2.24511 -3.16419 20.7206
    endloop
  endfacet
  facet normal 0.0488871 -0.308671 0.949912
    outer loop
      vertex -1.56298 -3.51175 20.7206
      vertex -1.73026 -4.56795 20.386
      vertex -1.24478 -4.49106 20.386
    endloop
  endfacet
  facet normal 0.141876 -0.278457 0.949912
    outer loop
      vertex -1.41207 -3.43486 20.7206
      vertex -1.56298 -3.51175 20.7206
      vertex -1.24478 -4.49106 20.386
    endloop
  endfacet
  facet normal -0.210919 -0.413794 0.8856
    outer loop
      vertex -17.7294 -30.7081 4.44153
      vertex -18.7346 -33.1025 3.08335
      vertex -17.4206 -30.8267 4.45966
    endloop
  endfacet
  facet normal -0.210789 -0.413861 0.8856
    outer loop
      vertex -19.1725 -32.8794 3.08335
      vertex -17.7294 -30.7081 4.44153
      vertex -17.8586 -30.6035 4.45966
    endloop
  endfacet
  facet normal -0.210837 -0.41383 0.885603
    outer loop
      vertex -17.7294 -30.7081 4.44153
      vertex -19.1725 -32.8794 3.08335
      vertex -18.7346 -33.1025 3.08335
    endloop
  endfacet
  facet normal -0.210853 -0.413826 0.885601
    outer loop
      vertex -16.2294 -28.1101 6.0127
      vertex -2.21574 -4.49106 20.386
      vertex -2.6537 -4.26791 20.386
    endloop
  endfacet
  facet normal -0.210779 -0.413869 0.885599
    outer loop
      vertex -2.21574 -4.49106 20.386
      vertex -16.2294 -28.1101 6.0127
      vertex -15.9723 -28.3182 5.97664
    endloop
  endfacet
  facet normal -0.210893 -0.413804 0.885602
    outer loop
      vertex -16.2294 -28.1101 6.0127
      vertex -2.6537 -4.26791 20.386
      vertex -16.3846 -28.0505 6.00359
    endloop
  endfacet
  facet normal -0.26901 -0.527959 0.805539
    outer loop
      vertex -18.7346 -33.1025 3.08335
      vertex -19.6874 -33.588 2.44696
      vertex -19.0052 -33.9356 2.44696
    endloop
  endfacet
  facet normal 0.143314 -0.571425 0.808043
    outer loop
      vertex -0.974111 -5.3241 19.7496
      vertex -15.5044 -29.1895 5.44975
      vertex -15.4876 -29.2523 5.40236
    endloop
  endfacet
  facet normal 0.14263 -0.571184 0.808335
    outer loop
      vertex -15.5044 -29.1895 5.44975
      vertex -0.974111 -5.3241 19.7496
      vertex -1.24478 -4.49106 20.386
    endloop
  endfacet
  facet normal 0.142486 -0.571134 0.808395
    outer loop
      vertex -15.5121 -29.721 5.07554
      vertex -0.974111 -5.3241 19.7496
      vertex -15.4876 -29.2523 5.40236
    endloop
  endfacet
  facet normal 0.14287 -0.571266 0.808234
    outer loop
      vertex -15.6803 -30.1591 4.79562
      vertex -0.974111 -5.3241 19.7496
      vertex -15.5121 -29.721 5.07554
    endloop
  endfacet
  facet normal 0.142535 -0.571152 0.808375
    outer loop
      vertex -15.6803 -30.1591 4.79562
      vertex -17.4929 -33.9356 2.44696
      vertex -0.974111 -5.3241 19.7496
    endloop
  endfacet
  facet normal 0.142477 -0.571137 0.808395
    outer loop
      vertex -15.9757 -30.5238 4.59002
      vertex -17.4929 -33.9356 2.44696
      vertex -15.6803 -30.1591 4.79562
    endloop
  endfacet
  facet normal 0.142593 -0.571164 0.808356
    outer loop
      vertex -16.3693 -30.7794 4.47885
      vertex -17.4929 -33.9356 2.44696
      vertex -15.9757 -30.5238 4.59002
    endloop
  endfacet
  facet normal 0.143354 -0.57143 0.808033
    outer loop
      vertex -17.7636 -33.1025 3.08335
      vertex -16.3693 -30.7794 4.47885
      vertex -16.4321 -30.7963 4.47804
    endloop
  endfacet
  facet normal 0.142581 -0.571162 0.808359
    outer loop
      vertex -16.3693 -30.7794 4.47885
      vertex -17.7636 -33.1025 3.08335
      vertex -17.4929 -33.9356 2.44696
    endloop
  endfacet
  facet normal -0.848402 -0.432246 0.305578
    outer loop
      vertex -21.1815 -32.5612 1.57105
      vertex -21.4997 -32.6646 0.541345
      vertex -20.7436 -33.4207 1.57105
    endloop
  endfacet
  facet normal -0.432288 -0.84837 -0.305607
    outer loop
      vertex -19.3053 -34.859 -0.541345
      vertex -20.2581 -34.3735 -0.541345
      vertex -20.0614 -34.1028 -1.57105
    endloop
  endfacet
  facet normal -0.528028 -0.268957 0.805512
    outer loop
      vertex -19.7432 -32.0938 3.08335
      vertex -20.2287 -33.0466 2.44696
      vertex -19.5201 -32.5318 3.08335
    endloop
  endfacet
  facet normal -0.574574 -0.574468 0.582967
    outer loop
      vertex -20.2287 -33.0466 2.44696
      vertex -20.0614 -34.1028 1.57105
      vertex -19.6874 -33.588 2.44696
    endloop
  endfacet
  facet normal -0.574435 -0.574519 0.583055
    outer loop
      vertex -20.0614 -34.1028 1.57105
      vertex -20.2287 -33.0466 2.44696
      vertex -20.7436 -33.4207 1.57105
    endloop
  endfacet
  facet normal -0.723894 0.368811 0.583057
    outer loop
      vertex -20.7436 33.4207 1.57105
      vertex -21.1815 32.5612 1.57105
      vertex -20.2287 33.0466 2.44696
    endloop
  endfacet
  facet normal 0.707135 0.707079 0
    outer loop
      vertex 39.2633 2.009 0.541345
      vertex 38.5072 2.76516 -0.541345
      vertex 38.5072 2.76516 0.541345
    endloop
  endfacet
  facet normal 0.707135 0.707079 0
    outer loop
      vertex 38.5072 2.76516 -0.541345
      vertex 39.2633 2.009 0.541345
      vertex 39.2633 2.009 -0.541345
    endloop
  endfacet
  facet normal -0.368853 0.723911 -0.58301
    outer loop
      vertex -19.0052 33.9356 -2.44696
      vertex -19.6874 33.588 -2.44696
      vertex -19.2019 34.5408 -1.57105
    endloop
  endfacet
  facet normal -0.940447 0.148944 -0.305574
    outer loop
      vertex -21.3324 31.6084 -1.57105
      vertex -21.4997 32.6646 -0.541345
      vertex -21.1815 32.5612 -1.57105
    endloop
  endfacet
  facet normal -0.802494 0.127095 -0.582967
    outer loop
      vertex -20.6961 31.6084 -2.44696
      vertex -21.3324 31.6084 -1.57105
      vertex -21.1815 32.5612 -1.57105
    endloop
  endfacet
  facet normal -0.0765345 0.483235 -0.872139
    outer loop
      vertex -15.8646 28.4054 -5.93777
      vertex -1.73026 4.56795 -20.386
      vertex -2.21574 4.49106 -20.386
    endloop
  endfacet
  facet normal -0.076562 0.483222 -0.872144
    outer loop
      vertex -1.73026 4.56795 -20.386
      vertex -15.8646 28.4054 -5.93777
      vertex -15.6678 28.7085 -5.78711
    endloop
  endfacet
  facet normal -0.0765043 0.483249 -0.872134
    outer loop
      vertex -15.8646 28.4054 -5.93777
      vertex -2.21574 4.49106 -20.386
      vertex -15.9723 28.3182 -5.97664
    endloop
  endfacet
  facet normal -0.0765137 0.483236 -0.87214
    outer loop
      vertex -17.2912 30.8763 -4.44349
      vertex -18.2491 33.1794 -3.08335
      vertex -16.9303 30.8952 -4.46468
    endloop
  endfacet
  facet normal -0.076279 0.483319 -0.872115
    outer loop
      vertex -17.4206 30.8267 -4.45966
      vertex -18.2491 33.1794 -3.08335
      vertex -17.2912 30.8763 -4.44349
    endloop
  endfacet
  facet normal -0.0765418 0.483238 -0.872136
    outer loop
      vertex -18.2491 33.1794 -3.08335
      vertex -17.4206 30.8267 -4.45966
      vertex -18.7346 33.1025 -3.08335
    endloop
  endfacet
  facet normal 0.141876 -0.278457 -0.949912
    outer loop
      vertex -1.24478 -4.49106 -20.386
      vertex -1.56298 -3.51175 -20.7206
      vertex -1.41207 -3.43486 -20.7206
    endloop
  endfacet
  facet normal 0.269012 -0.527975 -0.805528
    outer loop
      vertex -0.974111 -5.3241 -19.7496
      vertex -1.24478 -4.49106 -20.386
      vertex -0.291975 -4.97654 -19.7496
    endloop
  endfacet
  facet normal 0.143314 -0.571425 -0.808043
    outer loop
      vertex -15.5044 -29.1895 -5.44975
      vertex -0.974111 -5.3241 -19.7496
      vertex -15.4876 -29.2523 -5.40236
    endloop
  endfacet
  facet normal 0.142486 -0.571134 -0.808395
    outer loop
      vertex -0.974111 -5.3241 -19.7496
      vertex -15.5121 -29.721 -5.07554
      vertex -15.4876 -29.2523 -5.40236
    endloop
  endfacet
  facet normal 0.14287 -0.571266 -0.808234
    outer loop
      vertex -0.974111 -5.3241 -19.7496
      vertex -15.6803 -30.1591 -4.79562
      vertex -15.5121 -29.721 -5.07554
    endloop
  endfacet
  facet normal 0.142535 -0.571152 -0.808375
    outer loop
      vertex -17.4929 -33.9356 -2.44696
      vertex -15.6803 -30.1591 -4.79562
      vertex -0.974111 -5.3241 -19.7496
    endloop
  endfacet
  facet normal 0.142477 -0.571137 -0.808395
    outer loop
      vertex -17.4929 -33.9356 -2.44696
      vertex -15.9757 -30.5238 -4.59002
      vertex -15.6803 -30.1591 -4.79562
    endloop
  endfacet
  facet normal 0.142593 -0.571164 -0.808356
    outer loop
      vertex -17.4929 -33.9356 -2.44696
      vertex -16.3693 -30.7794 -4.47885
      vertex -15.9757 -30.5238 -4.59002
    endloop
  endfacet
  facet normal 0.142581 -0.571162 -0.808359
    outer loop
      vertex -17.7636 -33.1025 -3.08335
      vertex -16.3693 -30.7794 -4.47885
      vertex -17.4929 -33.9356 -2.44696
    endloop
  endfacet
  facet normal 0.143354 -0.57143 -0.808033
    outer loop
      vertex -16.3693 -30.7794 -4.47885
      vertex -17.7636 -33.1025 -3.08335
      vertex -16.4321 -30.7963 -4.47804
    endloop
  endfacet
  facet normal 0.14263 -0.571184 -0.808335
    outer loop
      vertex -0.974111 -5.3241 -19.7496
      vertex -15.5044 -29.1895 -5.44975
      vertex -1.24478 -4.49106 -20.386
    endloop
  endfacet
  facet normal 0.141876 0.278457 -0.949912
    outer loop
      vertex -1.41207 3.43486 -20.7206
      vertex -1.56298 3.51175 -20.7206
      vertex -1.24478 4.49106 -20.386
    endloop
  endfacet
  facet normal -0.309042 0 -0.951048
    outer loop
      vertex -3.30131 -2.9969 -20.386
      vertex -2.27161 -0.980644 -20.7206
      vertex -2.27161 -2.9969 -20.7206
    endloop
  endfacet
  facet normal -0.309227 0.000104441 -0.950988
    outer loop
      vertex -2.27161 -0.980644 -20.7206
      vertex -3.30131 -2.9969 -20.386
      vertex -2.37764 -0.772542 -20.6861
    endloop
  endfacet
  facet normal -0.309088 4.0357e-05 -0.951034
    outer loop
      vertex -2.37764 -0.772542 -20.6861
      vertex -3.30131 -2.9969 -20.386
      vertex -2.5 0 -20.6463
    endloop
  endfacet
  facet normal -0.309227 -0.000104441 -0.950988
    outer loop
      vertex -3.30131 2.9969 -20.386
      vertex -2.27161 0.980644 -20.7206
      vertex -2.37764 0.772542 -20.6861
    endloop
  endfacet
  facet normal -0.309088 -4.0357e-05 -0.951034
    outer loop
      vertex -3.30131 2.9969 -20.386
      vertex -2.37764 0.772542 -20.6861
      vertex -2.5 0 -20.6463
    endloop
  endfacet
  facet normal -0.308951 -0 -0.951078
    outer loop
      vertex -3.30131 2.9969 -20.386
      vertex -2.5 0 -20.6463
      vertex -3.30131 -2.9969 -20.386
    endloop
  endfacet
  facet normal -0.309042 0 -0.951048
    outer loop
      vertex -2.27161 0.980644 -20.7206
      vertex -3.30131 2.9969 -20.386
      vertex -2.27161 2.9969 -20.7206
    endloop
  endfacet
  facet normal -0.585263 0.0926935 -0.805528
    outer loop
      vertex -3.30131 2.9969 -20.386
      vertex -4.17722 2.9969 -19.7496
      vertex -4.05746 3.75306 -19.7496
    endloop
  endfacet
  facet normal -0.471946 0.240467 -0.8482
    outer loop
      vertex -17.1362 27.9173 -5.71801
      vertex -3.00127 3.92034 -20.386
      vertex -3.22442 3.48238 -20.386
    endloop
  endfacet
  facet normal -0.471974 0.240444 -0.848191
    outer loop
      vertex -3.00127 3.92034 -20.386
      vertex -17.1362 27.9173 -5.71801
      vertex -16.8642 27.9316 -5.86531
    endloop
  endfacet
  facet normal -0.471947 0.240466 -0.8482
    outer loop
      vertex -17.1362 27.9173 -5.71801
      vertex -3.22442 3.48238 -20.386
      vertex -17.3678 27.9794 -5.57154
    endloop
  endfacet
  facet normal -0.471839 0.240577 -0.848228
    outer loop
      vertex -19.7432 32.0938 -3.08335
      vertex -18.2013 30.2476 -4.46468
      vertex -18.3497 30.0192 -4.44691
    endloop
  endfacet
  facet normal -0.472068 0.240377 -0.848157
    outer loop
      vertex -19.7432 32.0938 -3.08335
      vertex -18.3497 30.0192 -4.44691
      vertex -18.4117 29.7876 -4.47804
    endloop
  endfacet
  facet normal -0.471995 0.240416 -0.848187
    outer loop
      vertex -18.2013 30.2476 -4.46468
      vertex -19.7432 32.0938 -3.08335
      vertex -19.5201 32.5318 -3.08335
    endloop
  endfacet
  facet normal -0.26901 0.527959 -0.805539
    outer loop
      vertex -18.7346 33.1025 -3.08335
      vertex -19.6874 33.588 -2.44696
      vertex -19.0052 33.9356 -2.44696
    endloop
  endfacet
  facet normal 0.308673 -0.0488791 -0.949912
    outer loop
      vertex 5.03157 0 -20.386
      vertex 3.97538 -0.167285 -20.7206
      vertex 4.00187 0 -20.7206
    endloop
  endfacet
  facet normal -0.723891 -0.368897 -0.583006
    outer loop
      vertex -20.2287 -33.0466 -2.44696
      vertex -21.1815 -32.5612 -1.57105
      vertex -20.5763 -32.3645 -2.44696
    endloop
  endfacet
  facet normal -0.80246 -0.127145 -0.583003
    outer loop
      vertex -20.5763 -32.3645 -2.44696
      vertex -21.1815 -32.5612 -1.57105
      vertex -20.6961 -31.6084 -2.44696
    endloop
  endfacet
  facet normal -0.432325 -0.848363 -0.305574
    outer loop
      vertex -19.3053 -34.859 -0.541345
      vertex -20.0614 -34.1028 -1.57105
      vertex -19.2019 -34.5408 -1.57105
    endloop
  endfacet
  facet normal -0.574574 -0.574468 -0.582967
    outer loop
      vertex -20.0614 -34.1028 -1.57105
      vertex -20.2287 -33.0466 -2.44696
      vertex -19.6874 -33.588 -2.44696
    endloop
  endfacet
  facet normal -0.574435 -0.574519 -0.583055
    outer loop
      vertex -20.2287 -33.0466 -2.44696
      vertex -20.0614 -34.1028 -1.57105
      vertex -20.7436 -33.4207 -1.57105
    endloop
  endfacet
  facet normal 0.368861 -0.723911 0.583005
    outer loop
      vertex -16.8108 -33.588 2.44696
      vertex -17.2963 -34.5408 1.57105
      vertex -16.4367 -34.1028 1.57105
    endloop
  endfacet
  facet normal 0.368906 -0.723909 -0.582979
    outer loop
      vertex -17.2963 -34.5408 -1.57105
      vertex -17.4929 -33.9356 -2.44696
      vertex -16.8108 -33.588 -2.44696
    endloop
  endfacet
  facet normal 0.368861 -0.723911 -0.583005
    outer loop
      vertex -16.4367 -34.1028 -1.57105
      vertex -17.2963 -34.5408 -1.57105
      vertex -16.8108 -33.588 -2.44696
    endloop
  endfacet
  facet normal 0.454008 -0.890997 0
    outer loop
      vertex -17.1929 -34.859 -0.541345
      vertex -16.2401 -34.3735 0.541345
      vertex -17.1929 -34.859 0.541345
    endloop
  endfacet
  facet normal 0.454008 -0.890997 0
    outer loop
      vertex -16.2401 -34.3735 0.541345
      vertex -17.1929 -34.859 -0.541345
      vertex -16.2401 -34.3735 -0.541345
    endloop
  endfacet
  facet normal 0.432293 -0.848381 -0.305569
    outer loop
      vertex -16.2401 -34.3735 -0.541345
      vertex -17.1929 -34.859 -0.541345
      vertex -16.4367 -34.1028 -1.57105
    endloop
  endfacet
  facet normal 0.72391 -0.368801 0.583045
    outer loop
      vertex 39.4306 -0.952807 1.57105
      vertex 38.4778 -1.43829 2.44696
      vertex 38.9927 -1.81235 1.57105
    endloop
  endfacet
  facet normal 0.574455 -0.574514 0.583039
    outer loop
      vertex 38.4778 -1.43829 2.44696
      vertex 38.3105 -2.49448 1.57105
      vertex 38.9927 -1.81235 1.57105
    endloop
  endfacet
  facet normal 0.57453 -0.574487 0.582992
    outer loop
      vertex 38.3105 -2.49448 1.57105
      vertex 38.4778 -1.43829 2.44696
      vertex 37.9365 -1.97963 2.44696
    endloop
  endfacet
  facet normal 0.72391 0.368801 0.583045
    outer loop
      vertex 38.9927 1.81235 1.57105
      vertex 38.4778 1.43829 2.44696
      vertex 39.4306 0.952807 1.57105
    endloop
  endfacet
  facet normal 0.528006 0.268971 -0.805521
    outer loop
      vertex 37.9923 0.485479 -3.08335
      vertex 37.7692 0.923437 -3.08335
      vertex 38.4778 1.43829 -2.44696
    endloop
  endfacet
  facet normal 0.451513 0.230005 -0.86211
    outer loop
      vertex 35.3741 0.485479 -4.45458
      vertex 37.7692 0.923437 -3.08335
      vertex 37.9923 0.485479 -3.08335
    endloop
  endfacet
  facet normal 0.451494 0.230078 -0.8621
    outer loop
      vertex 35.1722 0.881678 -4.45458
      vertex 37.7692 0.923437 -3.08335
      vertex 35.3741 0.485479 -4.45458
    endloop
  endfacet
  facet normal 0.451579 0.229388 -0.86224
    outer loop
      vertex 37.7692 0.923437 -3.08335
      vertex 35.1722 0.881678 -4.45458
      vertex 35.1305 0.923437 -4.46531
    endloop
  endfacet
  facet normal 0.451508 0.230019 -0.862109
    outer loop
      vertex 4.95468 0.485479 -20.386
      vertex 32.7452 0.881678 -5.72569
      vertex 32.5433 0.485479 -5.93714
    endloop
  endfacet
  facet normal 0.451504 0.230052 -0.862102
    outer loop
      vertex 4.73153 0.923437 -20.386
      vertex 32.7452 0.881678 -5.72569
      vertex 4.95468 0.485479 -20.386
    endloop
  endfacet
  facet normal 0.451425 0.23078 -0.861949
    outer loop
      vertex 32.7452 0.881678 -5.72569
      vertex 4.73153 0.923437 -20.386
      vertex 32.7869 0.923437 -5.69267
    endloop
  endfacet
  facet normal 0.40528 0.701965 -0.585656
    outer loop
      vertex 37.9365 1.97963 -2.44696
      vertex -16.4367 34.1028 -1.57105
      vertex 38.3105 2.49448 -1.57105
    endloop
  endfacet
  facet normal 0.405279 0.701963 -0.58566
    outer loop
      vertex -16.4367 34.1028 -1.57105
      vertex 37.9365 1.97963 -2.44696
      vertex -16.8108 33.588 -2.44696
    endloop
  endfacet
  facet normal -0.848391 0.432299 -0.305532
    outer loop
      vertex -20.7436 33.4207 -1.57105
      vertex -21.4997 32.6646 -0.541345
      vertex -21.0142 33.6174 -0.541345
    endloop
  endfacet
  facet normal -0.33705 0.337032 0.879094
    outer loop
      vertex -16.6675 27.9419 5.93676
      vertex -2.6537 4.26791 20.386
      vertex -16.3846 28.0505 6.00359
    endloop
  endfacet
  facet normal -0.337039 0.337039 0.879096
    outer loop
      vertex -2.6537 4.26791 20.386
      vertex -16.6675 27.9419 5.93676
      vertex -3.00127 3.92034 20.386
    endloop
  endfacet
  facet normal -0.336979 0.337078 0.879104
    outer loop
      vertex -3.00127 3.92034 20.386
      vertex -16.6675 27.9419 5.93676
      vertex -16.8642 27.9316 5.86531
    endloop
  endfacet
  facet normal -0.33704 0.33704 0.879095
    outer loop
      vertex -19.5201 32.5318 3.08335
      vertex -17.8586 30.6035 4.45966
      vertex -19.1725 32.8794 3.08335
    endloop
  endfacet
  facet normal -0.337049 0.337033 0.879094
    outer loop
      vertex -17.8586 30.6035 4.45966
      vertex -19.5201 32.5318 3.08335
      vertex -18.0941 30.4128 4.44248
    endloop
  endfacet
  facet normal -0.337182 0.336934 0.879081
    outer loop
      vertex -18.0941 30.4128 4.44248
      vertex -19.5201 32.5318 3.08335
      vertex -18.2013 30.2476 4.46468
    endloop
  endfacet
  facet normal -0.528028 0.268957 0.805512
    outer loop
      vertex -19.5201 32.5318 3.08335
      vertex -20.2287 33.0466 2.44696
      vertex -19.7432 32.0938 3.08335
    endloop
  endfacet
  facet normal -0.564968 0.162974 0.808857
    outer loop
      vertex -18.4117 29.7876 4.47804
      vertex -19.7432 32.0938 3.08335
      vertex -18.4711 29.5659 4.48122
    endloop
  endfacet
  facet normal -0.564973 0.162964 0.808856
    outer loop
      vertex -17.3678 27.9794 5.57154
      vertex -4.05746 3.75306 19.7496
      vertex -3.22442 3.48238 20.386
    endloop
  endfacet
  facet normal -0.564937 0.162995 0.808875
    outer loop
      vertex -17.5895 28.0388 5.40473
      vertex -4.05746 3.75306 19.7496
      vertex -17.3678 27.9794 5.57154
    endloop
  endfacet
  facet normal -0.564949 0.162985 0.808869
    outer loop
      vertex -17.9831 28.2944 5.07832
      vertex -4.05746 3.75306 19.7496
      vertex -17.5895 28.0388 5.40473
    endloop
  endfacet
  facet normal -0.565175 0.162786 0.808751
    outer loop
      vertex -18.2784 28.6591 4.79855
      vertex -4.05746 3.75306 19.7496
      vertex -17.9831 28.2944 5.07832
    endloop
  endfacet
  facet normal -0.564923 0.16301 0.808882
    outer loop
      vertex -20.5763 32.3645 2.44696
      vertex -18.4711 29.5659 4.48122
      vertex -19.7432 32.0938 3.08335
    endloop
  endfacet
  facet normal -0.564896 0.163039 0.808894
    outer loop
      vertex -18.4711 29.5659 4.48122
      vertex -20.5763 32.3645 2.44696
      vertex -18.4466 29.0972 4.5928
    endloop
  endfacet
  facet normal -0.564964 0.162973 0.808861
    outer loop
      vertex -18.2784 28.6591 4.79855
      vertex -20.5763 32.3645 2.44696
      vertex -4.05746 3.75306 19.7496
    endloop
  endfacet
  facet normal -0.564979 0.162959 0.808853
    outer loop
      vertex -18.4466 29.0972 4.5928
      vertex -20.5763 32.3645 2.44696
      vertex -18.2784 28.6591 4.79855
    endloop
  endfacet
  facet normal -0.220985 0.220985 0.949911
    outer loop
      vertex -2.6537 4.26791 20.386
      vertex -2.16822 3.3151 20.7206
      vertex -2.04846 3.43486 20.7206
    endloop
  endfacet
  facet normal -0.220985 0.220985 0.949911
    outer loop
      vertex -2.16822 3.3151 20.7206
      vertex -2.6537 4.26791 20.386
      vertex -3.00127 3.92034 20.386
    endloop
  endfacet
  facet normal -0.368903 0.723909 0.58298
    outer loop
      vertex -19.2019 34.5408 1.57105
      vertex -20.0614 34.1028 1.57105
      vertex -19.6874 33.588 2.44696
    endloop
  endfacet
  facet normal -0.0926545 0.585264 -0.805532
    outer loop
      vertex -18.2491 33.1794 -3.08335
      vertex -19.0052 33.9356 -2.44696
      vertex -18.2491 34.0553 -2.44696
    endloop
  endfacet
  facet normal -0.0926545 0.585264 0.805532
    outer loop
      vertex -18.2491 34.0553 2.44696
      vertex -19.0052 33.9356 2.44696
      vertex -18.2491 33.1794 3.08335
    endloop
  endfacet
  facet normal -0.127043 0.802482 0.582995
    outer loop
      vertex -18.2491 34.0553 2.44696
      vertex -19.2019 34.5408 1.57105
      vertex -19.0052 33.9356 2.44696
    endloop
  endfacet
  facet normal 0.368861 0.723911 0.583005
    outer loop
      vertex -16.4367 34.1028 1.57105
      vertex -17.2963 34.5408 1.57105
      vertex -16.8108 33.588 2.44696
    endloop
  endfacet
  facet normal -0.148944 0.940447 -0.305574
    outer loop
      vertex -19.2019 34.5408 -1.57105
      vertex -19.3053 34.859 -0.541345
      vertex -18.2491 34.6917 -1.57105
    endloop
  endfacet
  facet normal -0.0765137 0.483236 0.87214
    outer loop
      vertex -18.2491 33.1794 3.08335
      vertex -17.2912 30.8763 4.44349
      vertex -16.9303 30.8952 4.46468
    endloop
  endfacet
  facet normal -0.076279 0.483319 0.872115
    outer loop
      vertex -18.2491 33.1794 3.08335
      vertex -17.4206 30.8267 4.45966
      vertex -17.2912 30.8763 4.44349
    endloop
  endfacet
  facet normal -0.0765418 0.483238 0.872136
    outer loop
      vertex -17.4206 30.8267 4.45966
      vertex -18.2491 33.1794 3.08335
      vertex -18.7346 33.1025 3.08335
    endloop
  endfacet
  facet normal -0.076562 0.483222 0.872144
    outer loop
      vertex -15.8646 28.4054 5.93777
      vertex -1.73026 4.56795 20.386
      vertex -15.6678 28.7085 5.78711
    endloop
  endfacet
  facet normal -0.0765345 0.483235 0.872139
    outer loop
      vertex -1.73026 4.56795 20.386
      vertex -15.8646 28.4054 5.93777
      vertex -2.21574 4.49106 20.386
    endloop
  endfacet
  facet normal -0.0765043 0.483249 0.872134
    outer loop
      vertex -2.21574 4.49106 20.386
      vertex -15.8646 28.4054 5.93777
      vertex -15.9723 28.3182 5.97664
    endloop
  endfacet
  facet normal -0.308673 0.0488961 0.949911
    outer loop
      vertex -2.24511 3.16419 20.7206
      vertex -3.30131 2.9969 20.386
      vertex -2.27161 2.9969 20.7206
    endloop
  endfacet
  facet normal 0.269016 0.527971 0.805529
    outer loop
      vertex -0.291975 4.97654 19.7496
      vertex -1.24478 4.49106 20.386
      vertex -0.806826 4.26791 20.386
    endloop
  endfacet
  facet normal 0.0926962 0.585228 0.805553
    outer loop
      vertex -17.4929 33.9356 2.44696
      vertex -18.2491 33.1794 3.08335
      vertex -17.7636 33.1025 3.08335
    endloop
  endfacet
  facet normal 0.4627 0.0733021 -0.883479
    outer loop
      vertex 5.03157 0 -20.386
      vertex 32.5321 0.463525 -5.94482
      vertex 32.4587 0 -6.02172
    endloop
  endfacet
  facet normal 0.462701 0.0732825 -0.88348
    outer loop
      vertex 4.95468 0.485479 -20.386
      vertex 32.5321 0.463525 -5.94482
      vertex 5.03157 0 -20.386
    endloop
  endfacet
  facet normal 0.46271 0.0730122 -0.883498
    outer loop
      vertex 32.5321 0.463525 -5.94482
      vertex 4.95468 0.485479 -20.386
      vertex 32.5433 0.485479 -5.93714
    endloop
  endfacet
  facet normal 0.462702 0.0732921 -0.883479
    outer loop
      vertex 35.4587 0 -4.45054
      vertex 37.9923 0.485479 -3.08335
      vertex 38.0692 0 -3.08335
    endloop
  endfacet
  facet normal 0.462706 0.0732703 -0.883479
    outer loop
      vertex 35.3853 0.463525 -4.45054
      vertex 37.9923 0.485479 -3.08335
      vertex 35.4587 0 -4.45054
    endloop
  endfacet
  facet normal 0.462698 0.0734723 -0.883466
    outer loop
      vertex 37.9923 0.485479 -3.08335
      vertex 35.3853 0.463525 -4.45054
      vertex 35.3741 0.485479 -4.45458
    endloop
  endfacet
  facet normal 0.527938 -0.269024 -0.805548
    outer loop
      vertex 38.4778 -1.43829 -2.44696
      vertex 37.9923 -0.485479 -3.08335
      vertex 38.8254 -0.756152 -2.44696
    endloop
  endfacet
  facet normal 0.418996 -0.419004 -0.805529
    outer loop
      vertex 4.89881 -1.97963 -19.7496
      vertex 4.73153 -0.923437 -20.386
      vertex 5.44016 -1.43829 -19.7496
    endloop
  endfacet
  facet normal 0.418996 -0.419004 -0.80553
    outer loop
      vertex 4.73153 -0.923437 -20.386
      vertex 4.89881 -1.97963 -19.7496
      vertex 4.38396 -1.271 -20.386
    endloop
  endfacet
  facet normal 0.308674 -0.0488877 -0.949911
    outer loop
      vertex 4.95468 -0.485479 -20.386
      vertex 3.97538 -0.167285 -20.7206
      vertex 5.03157 0 -20.386
    endloop
  endfacet
  facet normal 0.940438 -0.148963 0.305593
    outer loop
      vertex 39.9161 0 0.541345
      vertex 39.5815 0 1.57105
      vertex 39.7488 -1.0562 0.541345
    endloop
  endfacet
  facet normal -0.308673 0.0488961 -0.949911
    outer loop
      vertex -2.27161 2.9969 -20.7206
      vertex -3.30131 2.9969 -20.386
      vertex -2.24511 3.16419 -20.7206
    endloop
  endfacet
  facet normal -0.278457 -0.14188 -0.949911
    outer loop
      vertex -3.00127 -3.92034 -20.386
      vertex -3.22442 -3.48238 -20.386
      vertex -2.16822 -3.3151 -20.7206
    endloop
  endfacet
  facet normal 0.220983 0.220987 -0.949911
    outer loop
      vertex 3.89848 0.318194 -20.7206
      vertex 4.38396 1.271 -20.386
      vertex 4.73153 0.923437 -20.386
    endloop
  endfacet
  facet normal 0.22099 0.220983 -0.94991
    outer loop
      vertex 4.38396 1.271 -20.386
      vertex 3.89848 0.318194 -20.7206
      vertex 3.77872 0.437958 -20.7206
    endloop
  endfacet
  facet normal 0.42087 0.420839 -0.803594
    outer loop
      vertex 34.3484 1.43829 -4.60967
      vertex 37.9365 1.97963 -2.44696
      vertex 38.4778 1.43829 -2.44696
    endloop
  endfacet
  facet normal 0.420785 0.421078 -0.803513
    outer loop
      vertex 33.9587 1.5 -4.78141
      vertex 37.9365 1.97963 -2.44696
      vertex 34.3484 1.43829 -4.60967
    endloop
  endfacet
  facet normal 0.420858 0.420865 -0.803586
    outer loop
      vertex 4.89881 1.97963 -19.7496
      vertex 33.5691 1.43829 -5.01779
      vertex 5.44016 1.43829 -19.7496
    endloop
  endfacet
  facet normal 0.420825 0.421031 -0.803517
    outer loop
      vertex 33.5691 1.43829 -5.01779
      vertex 4.89881 1.97963 -19.7496
      vertex 33.9587 1.5 -4.78141
    endloop
  endfacet
  facet normal 0.420863 0.420839 -0.803597
    outer loop
      vertex 33.9587 1.5 -4.78141
      vertex 4.89881 1.97963 -19.7496
      vertex 37.9365 1.97963 -2.44696
    endloop
  endfacet
  facet normal 0.220983 -0.220987 0.949911
    outer loop
      vertex 3.89848 -0.318194 20.7206
      vertex 4.38396 -1.271 20.386
      vertex 4.73153 -0.923437 20.386
    endloop
  endfacet
  facet normal 0.22099 -0.220983 0.94991
    outer loop
      vertex 4.38396 -1.271 20.386
      vertex 3.89848 -0.318194 20.7206
      vertex 3.77872 -0.437958 20.7206
    endloop
  endfacet
  facet normal 0.5 -0.866026 0
    outer loop
      vertex -16.2401 -34.3735 -0.541345
      vertex 38.5072 -2.76516 0.541345
      vertex -16.2401 -34.3735 0.541345
    endloop
  endfacet
  facet normal 0.5 -0.866026 0
    outer loop
      vertex 38.5072 -2.76516 0.541345
      vertex -16.2401 -34.3735 -0.541345
      vertex 38.5072 -2.76516 -0.541345
    endloop
  endfacet
  facet normal 0.802494 0.127094 0.582967
    outer loop
      vertex 39.4306 0.952807 1.57105
      vertex 38.9452 0 2.44696
      vertex 39.5815 0 1.57105
    endloop
  endfacet
  facet normal 0.585228 -0.0927003 0.805552
    outer loop
      vertex 38.0692 0 3.08335
      vertex 37.9923 -0.485479 3.08335
      vertex 38.8254 -0.756152 2.44696
    endloop
  endfacet
  facet normal -0.14188 -0.278457 0.949911
    outer loop
      vertex -2.04846 -3.43486 20.7206
      vertex -2.6537 -4.26791 20.386
      vertex -2.21574 -4.49106 20.386
    endloop
  endfacet
  facet normal 0.048899 -0.308673 0.949911
    outer loop
      vertex -1.73026 -3.53825 20.7206
      vertex -1.73026 -4.56795 20.386
      vertex -1.56298 -3.51175 20.7206
    endloop
  endfacet
  facet normal 0.220983 0.220987 0.949911
    outer loop
      vertex 4.38396 1.271 20.386
      vertex 3.89848 0.318194 20.7206
      vertex 4.73153 0.923437 20.386
    endloop
  endfacet
  facet normal 0.22099 0.220983 0.94991
    outer loop
      vertex 3.89848 0.318194 20.7206
      vertex 4.38396 1.271 20.386
      vertex 3.77872 0.437958 20.7206
    endloop
  endfacet
  facet normal -0.278457 -0.14188 0.949911
    outer loop
      vertex -2.16822 -3.3151 20.7206
      vertex -3.22442 -3.48238 20.386
      vertex -3.00127 -3.92034 20.386
    endloop
  endfacet
  facet normal -0.368853 -0.723911 0.58301
    outer loop
      vertex -19.0052 -33.9356 2.44696
      vertex -19.6874 -33.588 2.44696
      vertex -19.2019 -34.5408 1.57105
    endloop
  endfacet
  facet normal -0.127043 -0.802482 0.582995
    outer loop
      vertex -19.0052 -33.9356 2.44696
      vertex -19.2019 -34.5408 1.57105
      vertex -18.2491 -34.0553 2.44696
    endloop
  endfacet
  facet normal 0.0926962 -0.585228 0.805553
    outer loop
      vertex -17.7636 -33.1025 3.08335
      vertex -18.2491 -33.1794 3.08335
      vertex -17.4929 -33.9356 2.44696
    endloop
  endfacet
  facet normal -0.707107 -0.707107 0
    outer loop
      vertex -20.2581 -34.3735 -0.541345
      vertex -21.0142 -33.6174 0.541345
      vertex -21.0142 -33.6174 -0.541345
    endloop
  endfacet
  facet normal -0.707107 -0.707107 0
    outer loop
      vertex -21.0142 -33.6174 0.541345
      vertex -20.2581 -34.3735 -0.541345
      vertex -20.2581 -34.3735 0.541345
    endloop
  endfacet
  facet normal -0.848402 -0.432246 -0.305578
    outer loop
      vertex -20.7436 -33.4207 -1.57105
      vertex -21.4997 -32.6646 -0.541345
      vertex -21.1815 -32.5612 -1.57105
    endloop
  endfacet
  facet normal -0.848391 -0.432299 -0.305532
    outer loop
      vertex -21.0142 -33.6174 -0.541345
      vertex -21.4997 -32.6646 -0.541345
      vertex -20.7436 -33.4207 -1.57105
    endloop
  endfacet
  facet normal -0.802494 0.127095 0.582967
    outer loop
      vertex -21.1815 32.5612 1.57105
      vertex -21.3324 31.6084 1.57105
      vertex -20.6961 31.6084 2.44696
    endloop
  endfacet
  facet normal -0.940438 0.148963 0.305593
    outer loop
      vertex -21.4997 32.6646 0.541345
      vertex -21.667 31.6084 0.541345
      vertex -21.3324 31.6084 1.57105
    endloop
  endfacet
  facet normal -0.940438 0.148963 -0.305593
    outer loop
      vertex -21.3324 31.6084 -1.57105
      vertex -21.667 31.6084 -0.541345
      vertex -21.4997 32.6646 -0.541345
    endloop
  endfacet
  facet normal -0.0926973 0.585235 -0.805548
    outer loop
      vertex -18.7346 33.1025 -3.08335
      vertex -19.0052 33.9356 -2.44696
      vertex -18.2491 33.1794 -3.08335
    endloop
  endfacet
  facet normal 0.0926423 0.585264 -0.805533
    outer loop
      vertex -17.4929 33.9356 -2.44696
      vertex -18.2491 33.1794 -3.08335
      vertex -18.2491 34.0553 -2.44696
    endloop
  endfacet
  facet normal -0.220985 0.220985 -0.949911
    outer loop
      vertex -2.16822 3.3151 -20.7206
      vertex -2.6537 4.26791 -20.386
      vertex -2.04846 3.43486 -20.7206
    endloop
  endfacet
  facet normal -0.220985 0.220985 -0.949911
    outer loop
      vertex -2.6537 4.26791 -20.386
      vertex -2.16822 3.3151 -20.7206
      vertex -3.00127 3.92034 -20.386
    endloop
  endfacet
  facet normal -0.951049 0 -0.309041
    outer loop
      vertex -21.3324 -31.6084 -1.57105
      vertex -21.667 31.6084 -0.541345
      vertex -21.3324 31.6084 -1.57105
    endloop
  endfacet
  facet normal -0.951049 -0 -0.309041
    outer loop
      vertex -21.667 31.6084 -0.541345
      vertex -21.3324 -31.6084 -1.57105
      vertex -21.667 -31.6084 -0.541345
    endloop
  endfacet
  facet normal -0.26901 -0.527959 -0.805539
    outer loop
      vertex -19.0052 -33.9356 -2.44696
      vertex -19.6874 -33.588 -2.44696
      vertex -18.7346 -33.1025 -3.08335
    endloop
  endfacet
  facet normal -0.268994 -0.52798 -0.805531
    outer loop
      vertex -18.7346 -33.1025 -3.08335
      vertex -19.6874 -33.588 -2.44696
      vertex -19.1725 -32.8794 -3.08335
    endloop
  endfacet
  facet normal -0.210779 -0.413869 -0.885599
    outer loop
      vertex -16.2294 -28.1101 -6.0127
      vertex -2.21574 -4.49106 -20.386
      vertex -15.9723 -28.3182 -5.97664
    endloop
  endfacet
  facet normal -0.210853 -0.413826 -0.885601
    outer loop
      vertex -2.21574 -4.49106 -20.386
      vertex -16.2294 -28.1101 -6.0127
      vertex -2.6537 -4.26791 -20.386
    endloop
  endfacet
  facet normal -0.210893 -0.413804 -0.885602
    outer loop
      vertex -2.6537 -4.26791 -20.386
      vertex -16.2294 -28.1101 -6.0127
      vertex -16.3846 -28.0505 -6.00359
    endloop
  endfacet
  facet normal -0.210919 -0.413794 -0.8856
    outer loop
      vertex -18.7346 -33.1025 -3.08335
      vertex -17.7294 -30.7081 -4.44153
      vertex -17.4206 -30.8267 -4.45966
    endloop
  endfacet
  facet normal -0.210837 -0.41383 -0.885603
    outer loop
      vertex -19.1725 -32.8794 -3.08335
      vertex -17.7294 -30.7081 -4.44153
      vertex -18.7346 -33.1025 -3.08335
    endloop
  endfacet
  facet normal -0.210789 -0.413861 -0.8856
    outer loop
      vertex -17.7294 -30.7081 -4.44153
      vertex -19.1725 -32.8794 -3.08335
      vertex -17.8586 -30.6035 -4.45966
    endloop
  endfacet
  facet normal -0.14188 -0.278457 -0.949911
    outer loop
      vertex -2.21574 -4.49106 -20.386
      vertex -2.6537 -4.26791 -20.386
      vertex -2.04846 -3.43486 -20.7206
    endloop
  endfacet
  facet normal -0.585263 0.0926936 -0.805528
    outer loop
      vertex -3.30131 2.9969 -20.386
      vertex -4.05746 3.75306 -19.7496
      vertex -3.22442 3.48238 -20.386
    endloop
  endfacet
  facet normal -0.564973 0.162964 -0.808856
    outer loop
      vertex -4.05746 3.75306 -19.7496
      vertex -17.3678 27.9794 -5.57154
      vertex -3.22442 3.48238 -20.386
    endloop
  endfacet
  facet normal -0.564937 0.162995 -0.808875
    outer loop
      vertex -4.05746 3.75306 -19.7496
      vertex -17.5895 28.0388 -5.40473
      vertex -17.3678 27.9794 -5.57154
    endloop
  endfacet
  facet normal -0.564949 0.162985 -0.808869
    outer loop
      vertex -4.05746 3.75306 -19.7496
      vertex -17.9831 28.2944 -5.07832
      vertex -17.5895 28.0388 -5.40473
    endloop
  endfacet
  facet normal -0.565175 0.162786 -0.808751
    outer loop
      vertex -4.05746 3.75306 -19.7496
      vertex -18.2784 28.6591 -4.79855
      vertex -17.9831 28.2944 -5.07832
    endloop
  endfacet
  facet normal -0.564896 0.163039 -0.808894
    outer loop
      vertex -20.5763 32.3645 -2.44696
      vertex -18.4711 29.5659 -4.48122
      vertex -18.4466 29.0972 -4.5928
    endloop
  endfacet
  facet normal -0.564979 0.162959 -0.808853
    outer loop
      vertex -20.5763 32.3645 -2.44696
      vertex -18.4466 29.0972 -4.5928
      vertex -18.2784 28.6591 -4.79855
    endloop
  endfacet
  facet normal -0.564923 0.16301 -0.808882
    outer loop
      vertex -18.4711 29.5659 -4.48122
      vertex -20.5763 32.3645 -2.44696
      vertex -19.7432 32.0938 -3.08335
    endloop
  endfacet
  facet normal -0.564964 0.162973 -0.808861
    outer loop
      vertex -20.5763 32.3645 -2.44696
      vertex -18.2784 28.6591 -4.79855
      vertex -4.05746 3.75306 -19.7496
    endloop
  endfacet
  facet normal -0.564968 0.162974 -0.808857
    outer loop
      vertex -18.4117 29.7876 -4.47804
      vertex -18.4711 29.5659 -4.48122
      vertex -19.7432 32.0938 -3.08335
    endloop
  endfacet
  facet normal -0.308671 0.0488872 -0.949912
    outer loop
      vertex -2.24511 3.16419 -20.7206
      vertex -3.30131 2.9969 -20.386
      vertex -3.22442 3.48238 -20.386
    endloop
  endfacet
  facet normal -0.527928 0.269034 -0.805551
    outer loop
      vertex -19.7432 32.0938 -3.08335
      vertex -20.5763 32.3645 -2.44696
      vertex -20.2287 33.0466 -2.44696
    endloop
  endfacet
  facet normal -0.564968 -0.162974 -0.808857
    outer loop
      vertex -18.4117 -29.7876 -4.47804
      vertex -19.7432 -32.0938 -3.08335
      vertex -18.4711 -29.5659 -4.48122
    endloop
  endfacet
  facet normal -0.564973 -0.162964 -0.808856
    outer loop
      vertex -17.3678 -27.9794 -5.57154
      vertex -4.05746 -3.75306 -19.7496
      vertex -3.22442 -3.48238 -20.386
    endloop
  endfacet
  facet normal -0.564937 -0.162995 -0.808875
    outer loop
      vertex -17.5895 -28.0388 -5.40473
      vertex -4.05746 -3.75306 -19.7496
      vertex -17.3678 -27.9794 -5.57154
    endloop
  endfacet
  facet normal -0.564949 -0.162985 -0.808869
    outer loop
      vertex -17.9831 -28.2944 -5.07832
      vertex -4.05746 -3.75306 -19.7496
      vertex -17.5895 -28.0388 -5.40473
    endloop
  endfacet
  facet normal -0.565175 -0.162786 -0.808751
    outer loop
      vertex -18.2784 -28.6591 -4.79855
      vertex -4.05746 -3.75306 -19.7496
      vertex -17.9831 -28.2944 -5.07832
    endloop
  endfacet
  facet normal -0.564923 -0.16301 -0.808882
    outer loop
      vertex -20.5763 -32.3645 -2.44696
      vertex -18.4711 -29.5659 -4.48122
      vertex -19.7432 -32.0938 -3.08335
    endloop
  endfacet
  facet normal -0.564896 -0.163039 -0.808894
    outer loop
      vertex -18.4711 -29.5659 -4.48122
      vertex -20.5763 -32.3645 -2.44696
      vertex -18.4466 -29.0972 -4.5928
    endloop
  endfacet
  facet normal -0.564964 -0.162973 -0.808861
    outer loop
      vertex -18.2784 -28.6591 -4.79855
      vertex -20.5763 -32.3645 -2.44696
      vertex -4.05746 -3.75306 -19.7496
    endloop
  endfacet
  facet normal -0.564979 -0.162959 -0.808853
    outer loop
      vertex -18.4466 -29.0972 -4.5928
      vertex -20.5763 -32.3645 -2.44696
      vertex -18.2784 -28.6591 -4.79855
    endloop
  endfacet
  facet normal -0.631765 -0.1001 -0.76867
    outer loop
      vertex -20.6961 -31.6084 -2.44696
      vertex -4.05746 -3.75306 -19.7496
      vertex -20.5763 -32.3645 -2.44696
    endloop
  endfacet
  facet normal -0.6318 -0.100064 -0.768646
    outer loop
      vertex -4.05746 -3.75306 -19.7496
      vertex -20.6961 -31.6084 -2.44696
      vertex -4.17722 -2.9969 -19.7496
    endloop
  endfacet
  facet normal 0.127028 -0.802492 0.582984
    outer loop
      vertex -17.4929 -33.9356 2.44696
      vertex -18.2491 -34.0553 2.44696
      vertex -17.2963 -34.5408 1.57105
    endloop
  endfacet
  facet normal 0.368906 -0.723909 0.582979
    outer loop
      vertex -16.8108 -33.588 2.44696
      vertex -17.4929 -33.9356 2.44696
      vertex -17.2963 -34.5408 1.57105
    endloop
  endfacet
  facet normal 0.156448 -0.987686 0
    outer loop
      vertex -18.2491 -35.0263 -0.541345
      vertex -17.1929 -34.859 0.541345
      vertex -18.2491 -35.0263 0.541345
    endloop
  endfacet
  facet normal 0.156448 -0.987686 0
    outer loop
      vertex -17.1929 -34.859 0.541345
      vertex -18.2491 -35.0263 -0.541345
      vertex -17.1929 -34.859 -0.541345
    endloop
  endfacet
  facet normal 0.127088 -0.802451 0.583028
    outer loop
      vertex -18.2491 -34.0553 2.44696
      vertex -18.2491 -34.6917 1.57105
      vertex -17.2963 -34.5408 1.57105
    endloop
  endfacet
  facet normal 0.148944 -0.940447 -0.305574
    outer loop
      vertex -17.1929 -34.859 -0.541345
      vertex -18.2491 -34.6917 -1.57105
      vertex -17.2963 -34.5408 -1.57105
    endloop
  endfacet
  facet normal 0.148963 -0.940438 -0.305593
    outer loop
      vertex -17.1929 -34.859 -0.541345
      vertex -18.2491 -35.0263 -0.541345
      vertex -18.2491 -34.6917 -1.57105
    endloop
  endfacet
  facet normal 0.940447 -0.148943 -0.305573
    outer loop
      vertex 39.7488 -1.0562 -0.541345
      vertex 39.4306 -0.952807 -1.57105
      vertex 39.5815 0 -1.57105
    endloop
  endfacet
  facet normal 0.848397 -0.432301 0.305513
    outer loop
      vertex 39.7488 -1.0562 0.541345
      vertex 38.9927 -1.81235 1.57105
      vertex 39.2633 -2.009 0.541345
    endloop
  endfacet
  facet normal -0.278458 0.141877 0.949912
    outer loop
      vertex -2.16822 3.3151 20.7206
      vertex -3.22442 3.48238 20.386
      vertex -2.24511 3.16419 20.7206
    endloop
  endfacet
  facet normal -0.631765 0.1001 0.76867
    outer loop
      vertex -20.6961 31.6084 2.44696
      vertex -4.05746 3.75306 19.7496
      vertex -20.5763 32.3645 2.44696
    endloop
  endfacet
  facet normal -0.6318 0.100064 0.768646
    outer loop
      vertex -4.05746 3.75306 19.7496
      vertex -20.6961 31.6084 2.44696
      vertex -4.17722 2.9969 19.7496
    endloop
  endfacet
  facet normal 0.143314 0.571425 0.808043
    outer loop
      vertex -15.5044 29.1895 5.44975
      vertex -0.974111 5.3241 19.7496
      vertex -15.4876 29.2523 5.40236
    endloop
  endfacet
  facet normal 0.142486 0.571134 0.808395
    outer loop
      vertex -0.974111 5.3241 19.7496
      vertex -15.5121 29.721 5.07554
      vertex -15.4876 29.2523 5.40236
    endloop
  endfacet
  facet normal 0.14287 0.571266 0.808234
    outer loop
      vertex -0.974111 5.3241 19.7496
      vertex -15.6803 30.1591 4.79562
      vertex -15.5121 29.721 5.07554
    endloop
  endfacet
  facet normal 0.142535 0.571152 0.808375
    outer loop
      vertex -17.4929 33.9356 2.44696
      vertex -15.6803 30.1591 4.79562
      vertex -0.974111 5.3241 19.7496
    endloop
  endfacet
  facet normal 0.142477 0.571137 0.808395
    outer loop
      vertex -17.4929 33.9356 2.44696
      vertex -15.9757 30.5238 4.59002
      vertex -15.6803 30.1591 4.79562
    endloop
  endfacet
  facet normal 0.142593 0.571164 0.808356
    outer loop
      vertex -17.4929 33.9356 2.44696
      vertex -16.3693 30.7794 4.47885
      vertex -15.9757 30.5238 4.59002
    endloop
  endfacet
  facet normal 0.142581 0.571162 0.808359
    outer loop
      vertex -17.7636 33.1025 3.08335
      vertex -16.3693 30.7794 4.47885
      vertex -17.4929 33.9356 2.44696
    endloop
  endfacet
  facet normal 0.143354 0.57143 0.808033
    outer loop
      vertex -16.3693 30.7794 4.47885
      vertex -17.7636 33.1025 3.08335
      vertex -16.4321 30.7963 4.47804
    endloop
  endfacet
  facet normal 0.14263 0.571184 0.808335
    outer loop
      vertex -0.974111 5.3241 19.7496
      vertex -15.5044 29.1895 5.44975
      vertex -1.24478 4.49106 20.386
    endloop
  endfacet
  facet normal -0.26901 0.527959 0.805539
    outer loop
      vertex -19.0052 33.9356 2.44696
      vertex -19.6874 33.588 2.44696
      vertex -18.7346 33.1025 3.08335
    endloop
  endfacet
  facet normal -0.0926973 0.585235 0.805548
    outer loop
      vertex -18.2491 33.1794 3.08335
      vertex -19.0052 33.9356 2.44696
      vertex -18.7346 33.1025 3.08335
    endloop
  endfacet
  facet normal -0.148963 0.940438 0.305593
    outer loop
      vertex -18.2491 35.0263 0.541345
      vertex -19.3053 34.859 0.541345
      vertex -18.2491 34.6917 1.57105
    endloop
  endfacet
  facet normal 0.127088 0.802451 -0.583028
    outer loop
      vertex -17.2963 34.5408 -1.57105
      vertex -18.2491 34.0553 -2.44696
      vertex -18.2491 34.6917 -1.57105
    endloop
  endfacet
  facet normal 0.308674 -0.0488877 0.949911
    outer loop
      vertex 5.03157 0 20.386
      vertex 3.97538 -0.167285 20.7206
      vertex 4.95468 -0.485479 20.386
    endloop
  endfacet
  facet normal 0.141881 0.278456 0.949912
    outer loop
      vertex -1.24478 4.49106 20.386
      vertex -1.41207 3.43486 20.7206
      vertex -0.806826 4.26791 20.386
    endloop
  endfacet
  facet normal 0.155291 0.268972 0.950547
    outer loop
      vertex 4.38396 1.271 20.386
      vertex 2.03523 1.44456 20.7206
      vertex 3.77872 0.437958 20.7206
    endloop
  endfacet
  facet normal 0.155323 0.269974 0.950257
    outer loop
      vertex 4.38396 1.271 20.386
      vertex 2.02254 1.46946 20.7156
      vertex 2.03523 1.44456 20.7206
    endloop
  endfacet
  facet normal 0.155283 0.269055 0.950524
    outer loop
      vertex 4.38396 1.271 20.386
      vertex 1.46946 2.02254 20.6494
      vertex 2.02254 1.46946 20.7156
    endloop
  endfacet
  facet normal 0.155247 0.268894 0.950576
    outer loop
      vertex -0.806826 4.26791 20.386
      vertex 1.46946 2.02254 20.6494
      vertex 4.38396 1.271 20.386
    endloop
  endfacet
  facet normal 0.155324 0.268969 0.950542
    outer loop
      vertex 1.46946 2.02254 20.6494
      vertex -0.806826 4.26791 20.386
      vertex 0.772542 2.37764 20.6628
    endloop
  endfacet
  facet normal 0.15541 0.269036 0.950509
    outer loop
      vertex -0.806826 4.26791 20.386
      vertex 0.285473 2.45479 20.7206
      vertex 0.772542 2.37764 20.6628
    endloop
  endfacet
  facet normal 0.155289 0.26897 0.950547
    outer loop
      vertex 0.285473 2.45479 20.7206
      vertex -0.806826 4.26791 20.386
      vertex -1.41207 3.43486 20.7206
    endloop
  endfacet
  facet normal 0.40528 0.701965 0.585656
    outer loop
      vertex -16.4367 34.1028 1.57105
      vertex 37.9365 1.97963 2.44696
      vertex 38.3105 2.49448 1.57105
    endloop
  endfacet
  facet normal 0.405279 0.701963 0.58566
    outer loop
      vertex 37.9365 1.97963 2.44696
      vertex -16.4367 34.1028 1.57105
      vertex -16.8108 33.588 2.44696
    endloop
  endfacet
  facet normal -0.156448 0.987686 0
    outer loop
      vertex -18.2491 35.0263 -0.541345
      vertex -19.3053 34.859 0.541345
      vertex -18.2491 35.0263 0.541345
    endloop
  endfacet
  facet normal -0.156448 0.987686 0
    outer loop
      vertex -19.3053 34.859 0.541345
      vertex -18.2491 35.0263 -0.541345
      vertex -19.3053 34.859 -0.541345
    endloop
  endfacet
  facet normal 0.368906 0.723909 0.582979
    outer loop
      vertex -17.2963 34.5408 1.57105
      vertex -17.4929 33.9356 2.44696
      vertex -16.8108 33.588 2.44696
    endloop
  endfacet
  facet normal 0.432293 0.848381 0.305569
    outer loop
      vertex -16.2401 34.3735 0.541345
      vertex -17.1929 34.859 0.541345
      vertex -16.4367 34.1028 1.57105
    endloop
  endfacet
  facet normal 0.0926423 0.585264 0.805533
    outer loop
      vertex -18.2491 34.0553 2.44696
      vertex -18.2491 33.1794 3.08335
      vertex -17.4929 33.9356 2.44696
    endloop
  endfacet
  facet normal -0.308671 -0.0488872 -0.949912
    outer loop
      vertex -3.22442 -3.48238 -20.386
      vertex -3.30131 -2.9969 -20.386
      vertex -2.24511 -3.16419 -20.7206
    endloop
  endfacet
  facet normal 0.278454 0.141894 -0.94991
    outer loop
      vertex 3.97538 0.167285 -20.7206
      vertex 3.89848 0.318194 -20.7206
      vertex 4.95468 0.485479 -20.386
    endloop
  endfacet
  facet normal 0.269016 0.527971 -0.805529
    outer loop
      vertex -0.806826 4.26791 -20.386
      vertex -1.24478 4.49106 -20.386
      vertex -0.291975 4.97654 -19.7496
    endloop
  endfacet
  facet normal 0.42087 -0.420839 -0.803594
    outer loop
      vertex 37.9365 -1.97963 -2.44696
      vertex 34.3484 -1.43829 -4.60967
      vertex 38.4778 -1.43829 -2.44696
    endloop
  endfacet
  facet normal 0.420785 -0.421078 -0.803513
    outer loop
      vertex 37.9365 -1.97963 -2.44696
      vertex 33.9587 -1.5 -4.78141
      vertex 34.3484 -1.43829 -4.60967
    endloop
  endfacet
  facet normal 0.420825 -0.421031 -0.803517
    outer loop
      vertex 4.89881 -1.97963 -19.7496
      vertex 33.5691 -1.43829 -5.01779
      vertex 33.9587 -1.5 -4.78141
    endloop
  endfacet
  facet normal 0.420863 -0.420839 -0.803597
    outer loop
      vertex 4.89881 -1.97963 -19.7496
      vertex 33.9587 -1.5 -4.78141
      vertex 37.9365 -1.97963 -2.44696
    endloop
  endfacet
  facet normal 0.420858 -0.420865 -0.803586
    outer loop
      vertex 33.5691 -1.43829 -5.01779
      vertex 4.89881 -1.97963 -19.7496
      vertex 5.44016 -1.43829 -19.7496
    endloop
  endfacet
  facet normal 0.422143 -0.414844 -0.80604
    outer loop
      vertex 5.44016 -1.43829 -19.7496
      vertex 33.4952 -1.42658 -5.06252
      vertex 33.5691 -1.43829 -5.01779
    endloop
  endfacet
  facet normal 0.422081 -0.415135 -0.805922
    outer loop
      vertex 5.44016 -1.43829 -19.7496
      vertex 33.077 -1.21352 -5.39129
      vertex 33.4952 -1.42658 -5.06252
    endloop
  endfacet
  facet normal 0.42207 -0.41519 -0.8059
    outer loop
      vertex 5.44016 -1.43829 -19.7496
      vertex 32.7869 -0.923437 -5.69267
      vertex 33.077 -1.21352 -5.39129
    endloop
  endfacet
  facet normal 0.422063 -0.415223 -0.805886
    outer loop
      vertex 32.7869 -0.923437 -5.69267
      vertex 5.44016 -1.43829 -19.7496
      vertex 4.73153 -0.923437 -20.386
    endloop
  endfacet
  facet normal 0.422061 -0.415232 -0.805883
    outer loop
      vertex 34.8404 -1.21352 -4.46777
      vertex 37.7692 -0.923437 -3.08335
      vertex 38.4778 -1.43829 -2.44696
    endloop
  endfacet
  facet normal 0.422059 -0.41525 -0.805875
    outer loop
      vertex 37.7692 -0.923437 -3.08335
      vertex 34.8404 -1.21352 -4.46777
      vertex 35.1305 -0.923437 -4.46531
    endloop
  endfacet
  facet normal 0.422051 -0.415267 -0.80587
    outer loop
      vertex 38.4778 -1.43829 -2.44696
      vertex 34.4222 -1.42658 -4.577
      vertex 34.8404 -1.21352 -4.46777
    endloop
  endfacet
  facet normal 0.422693 -0.412264 -0.807074
    outer loop
      vertex 34.4222 -1.42658 -4.577
      vertex 38.4778 -1.43829 -2.44696
      vertex 34.3484 -1.43829 -4.60967
    endloop
  endfacet
  facet normal 0.585228 -0.0927003 -0.805552
    outer loop
      vertex 38.8254 -0.756152 -2.44696
      vertex 37.9923 -0.485479 -3.08335
      vertex 38.0692 0 -3.08335
    endloop
  endfacet
  facet normal 0.4627 -0.0733021 -0.883479
    outer loop
      vertex 32.5321 -0.463525 -5.94482
      vertex 5.03157 0 -20.386
      vertex 32.4587 0 -6.02172
    endloop
  endfacet
  facet normal 0.46271 -0.0730122 -0.883498
    outer loop
      vertex 4.95468 -0.485479 -20.386
      vertex 32.5321 -0.463525 -5.94482
      vertex 32.5433 -0.485479 -5.93714
    endloop
  endfacet
  facet normal 0.462701 -0.0732825 -0.88348
    outer loop
      vertex 32.5321 -0.463525 -5.94482
      vertex 4.95468 -0.485479 -20.386
      vertex 5.03157 0 -20.386
    endloop
  endfacet
  facet normal 0.462702 -0.0732921 -0.883479
    outer loop
      vertex 37.9923 -0.485479 -3.08335
      vertex 35.4587 0 -4.45054
      vertex 38.0692 0 -3.08335
    endloop
  endfacet
  facet normal 0.462706 -0.0732703 -0.883479
    outer loop
      vertex 37.9923 -0.485479 -3.08335
      vertex 35.3853 -0.463525 -4.45054
      vertex 35.4587 0 -4.45054
    endloop
  endfacet
  facet normal 0.462698 -0.0734723 -0.883466
    outer loop
      vertex 35.3853 -0.463525 -4.45054
      vertex 37.9923 -0.485479 -3.08335
      vertex 35.3741 -0.485479 -4.45458
    endloop
  endfacet
  facet normal 0.673306 0.673253 -0.305598
    outer loop
      vertex 39.2633 2.009 -0.541345
      vertex 38.3105 2.49448 -1.57105
      vertex 38.5072 2.76516 -0.541345
    endloop
  endfacet
  facet normal 0.673262 0.673331 -0.30552
    outer loop
      vertex 38.3105 2.49448 -1.57105
      vertex 39.2633 2.009 -0.541345
      vertex 38.9927 1.81235 -1.57105
    endloop
  endfacet
  facet normal 0.940447 0.148943 -0.305573
    outer loop
      vertex 39.5815 0 -1.57105
      vertex 39.4306 0.952807 -1.57105
      vertex 39.7488 1.0562 -0.541345
    endloop
  endfacet
  facet normal 0.048899 0.308673 0.949911
    outer loop
      vertex -1.73026 4.56795 20.386
      vertex -1.73026 3.53825 20.7206
      vertex -1.56298 3.51175 20.7206
    endloop
  endfacet
  facet normal 0.673262 -0.673331 0.30552
    outer loop
      vertex 38.3105 -2.49448 1.57105
      vertex 39.2633 -2.009 0.541345
      vertex 38.9927 -1.81235 1.57105
    endloop
  endfacet
  facet normal 0.673306 -0.673253 0.305598
    outer loop
      vertex 39.2633 -2.009 0.541345
      vertex 38.3105 -2.49448 1.57105
      vertex 38.5072 -2.76516 0.541345
    endloop
  endfacet
  facet normal 0.432293 -0.848381 0.305569
    outer loop
      vertex -16.4367 -34.1028 1.57105
      vertex -17.1929 -34.859 0.541345
      vertex -16.2401 -34.3735 0.541345
    endloop
  endfacet
  facet normal 0.940447 -0.148943 0.305573
    outer loop
      vertex 39.5815 0 1.57105
      vertex 39.4306 -0.952807 1.57105
      vertex 39.7488 -1.0562 0.541345
    endloop
  endfacet
  facet normal 0.987686 -0.156448 0
    outer loop
      vertex 39.7488 -1.0562 0.541345
      vertex 39.9161 0 -0.541345
      vertex 39.9161 0 0.541345
    endloop
  endfacet
  facet normal 0.987686 -0.156448 0
    outer loop
      vertex 39.9161 0 -0.541345
      vertex 39.7488 -1.0562 0.541345
      vertex 39.7488 -1.0562 -0.541345
    endloop
  endfacet
  facet normal -0.0926973 -0.585235 0.805548
    outer loop
      vertex -18.7346 -33.1025 3.08335
      vertex -19.0052 -33.9356 2.44696
      vertex -18.2491 -33.1794 3.08335
    endloop
  endfacet
  facet normal -0.0765345 -0.483235 0.872139
    outer loop
      vertex -15.8646 -28.4054 5.93777
      vertex -1.73026 -4.56795 20.386
      vertex -2.21574 -4.49106 20.386
    endloop
  endfacet
  facet normal -0.076562 -0.483222 0.872144
    outer loop
      vertex -1.73026 -4.56795 20.386
      vertex -15.8646 -28.4054 5.93777
      vertex -15.6678 -28.7085 5.78711
    endloop
  endfacet
  facet normal -0.0765043 -0.483249 0.872134
    outer loop
      vertex -15.8646 -28.4054 5.93777
      vertex -2.21574 -4.49106 20.386
      vertex -15.9723 -28.3182 5.97664
    endloop
  endfacet
  facet normal -0.0765137 -0.483236 0.87214
    outer loop
      vertex -17.2912 -30.8763 4.44349
      vertex -18.2491 -33.1794 3.08335
      vertex -16.9303 -30.8952 4.46468
    endloop
  endfacet
  facet normal -0.076279 -0.483319 0.872115
    outer loop
      vertex -17.4206 -30.8267 4.45966
      vertex -18.2491 -33.1794 3.08335
      vertex -17.2912 -30.8763 4.44349
    endloop
  endfacet
  facet normal -0.0765418 -0.483238 0.872136
    outer loop
      vertex -18.2491 -33.1794 3.08335
      vertex -17.4206 -30.8267 4.45966
      vertex -18.7346 -33.1025 3.08335
    endloop
  endfacet
  facet normal -0.527928 -0.269034 0.805551
    outer loop
      vertex -19.7432 -32.0938 3.08335
      vertex -20.5763 -32.3645 2.44696
      vertex -20.2287 -33.0466 2.44696
    endloop
  endfacet
  facet normal -0.308671 -0.0488872 0.949912
    outer loop
      vertex -2.24511 -3.16419 20.7206
      vertex -3.30131 -2.9969 20.386
      vertex -3.22442 -3.48238 20.386
    endloop
  endfacet
  facet normal -0.308673 -0.0488961 0.949911
    outer loop
      vertex -2.27161 -2.9969 20.7206
      vertex -3.30131 -2.9969 20.386
      vertex -2.24511 -3.16419 20.7206
    endloop
  endfacet
  facet normal -0.148963 -0.940438 0.305593
    outer loop
      vertex -18.2491 -34.6917 1.57105
      vertex -19.3053 -34.859 0.541345
      vertex -18.2491 -35.0263 0.541345
    endloop
  endfacet
  facet normal -0.848402 0.432246 0.305578
    outer loop
      vertex -20.7436 33.4207 1.57105
      vertex -21.4997 32.6646 0.541345
      vertex -21.1815 32.5612 1.57105
    endloop
  endfacet
  facet normal -0.707107 0.707107 0
    outer loop
      vertex -21.0142 33.6174 -0.541345
      vertex -20.2581 34.3735 0.541345
      vertex -20.2581 34.3735 -0.541345
    endloop
  endfacet
  facet normal -0.707107 0.707107 0
    outer loop
      vertex -20.2581 34.3735 0.541345
      vertex -21.0142 33.6174 -0.541345
      vertex -21.0142 33.6174 0.541345
    endloop
  endfacet
  facet normal -0.809055 0 0.587733
    outer loop
      vertex -21.3324 -31.6084 1.57105
      vertex -20.6961 31.6084 2.44696
      vertex -21.3324 31.6084 1.57105
    endloop
  endfacet
  facet normal -0.809055 0 0.587733
    outer loop
      vertex -20.6961 31.6084 2.44696
      vertex -21.3324 -31.6084 1.57105
      vertex -20.6961 -31.6084 2.44696
    endloop
  endfacet
  facet normal 0.0874205 0.551969 -0.829269
    outer loop
      vertex -15.609 28.799 -5.72067
      vertex -1.24478 4.49106 -20.386
      vertex -1.73026 4.56795 -20.386
    endloop
  endfacet
  facet normal 0.0873557 0.551945 -0.829292
    outer loop
      vertex -1.24478 4.49106 -20.386
      vertex -15.609 28.799 -5.72067
      vertex -15.5044 29.1895 -5.44975
    endloop
  endfacet
  facet normal 0.0874476 0.551979 -0.82926
    outer loop
      vertex -15.609 28.799 -5.72067
      vertex -1.73026 4.56795 -20.386
      vertex -15.6678 28.7085 -5.78711
    endloop
  endfacet
  facet normal 0.0873666 0.551956 -0.829284
    outer loop
      vertex -16.8226 30.9009 -4.44956
      vertex -17.7636 33.1025 -3.08335
      vertex -16.4321 30.7963 -4.47804
    endloop
  endfacet
  facet normal 0.0872186 0.551919 -0.829324
    outer loop
      vertex -16.9303 30.8952 -4.46468
      vertex -17.7636 33.1025 -3.08335
      vertex -16.8226 30.9009 -4.44956
    endloop
  endfacet
  facet normal 0.0874275 0.551965 -0.829272
    outer loop
      vertex -17.7636 33.1025 -3.08335
      vertex -16.9303 30.8952 -4.46468
      vertex -18.2491 33.1794 -3.08335
    endloop
  endfacet
  facet normal 0.0926962 0.585228 -0.805553
    outer loop
      vertex -17.7636 33.1025 -3.08335
      vertex -18.2491 33.1794 -3.08335
      vertex -17.4929 33.9356 -2.44696
    endloop
  endfacet
  facet normal -0.14188 0.278457 -0.949911
    outer loop
      vertex -2.04846 3.43486 -20.7206
      vertex -2.6537 4.26791 -20.386
      vertex -2.21574 4.49106 -20.386
    endloop
  endfacet
  facet normal -0.210919 0.413794 -0.8856
    outer loop
      vertex -17.7294 30.7081 -4.44153
      vertex -18.7346 33.1025 -3.08335
      vertex -17.4206 30.8267 -4.45966
    endloop
  endfacet
  facet normal -0.210789 0.413861 -0.8856
    outer loop
      vertex -19.1725 32.8794 -3.08335
      vertex -17.7294 30.7081 -4.44153
      vertex -17.8586 30.6035 -4.45966
    endloop
  endfacet
  facet normal -0.210837 0.41383 -0.885603
    outer loop
      vertex -17.7294 30.7081 -4.44153
      vertex -19.1725 32.8794 -3.08335
      vertex -18.7346 33.1025 -3.08335
    endloop
  endfacet
  facet normal -0.210853 0.413826 -0.885601
    outer loop
      vertex -16.2294 28.1101 -6.0127
      vertex -2.21574 4.49106 -20.386
      vertex -2.6537 4.26791 -20.386
    endloop
  endfacet
  facet normal -0.210779 0.413869 -0.885599
    outer loop
      vertex -2.21574 4.49106 -20.386
      vertex -16.2294 28.1101 -6.0127
      vertex -15.9723 28.3182 -5.97664
    endloop
  endfacet
  facet normal -0.210893 0.413804 -0.885602
    outer loop
      vertex -16.2294 28.1101 -6.0127
      vertex -2.6537 4.26791 -20.386
      vertex -16.3846 28.0505 -6.00359
    endloop
  endfacet
  facet normal -0.127088 0.802451 -0.583028
    outer loop
      vertex -18.2491 34.0553 -2.44696
      vertex -19.2019 34.5408 -1.57105
      vertex -18.2491 34.6917 -1.57105
    endloop
  endfacet
  facet normal 0.148944 0.940447 -0.305574
    outer loop
      vertex -17.2963 34.5408 -1.57105
      vertex -18.2491 34.6917 -1.57105
      vertex -17.1929 34.859 -0.541345
    endloop
  endfacet
  facet normal -0.432288 0.84837 -0.305607
    outer loop
      vertex -20.0614 34.1028 -1.57105
      vertex -20.2581 34.3735 -0.541345
      vertex -19.3053 34.859 -0.541345
    endloop
  endfacet
  facet normal 0.141881 -0.278456 -0.949912
    outer loop
      vertex -1.24478 -4.49106 -20.386
      vertex -1.41207 -3.43486 -20.7206
      vertex -0.806826 -4.26791 -20.386
    endloop
  endfacet
  facet normal 0.269016 -0.527971 -0.805529
    outer loop
      vertex -0.291975 -4.97654 -19.7496
      vertex -1.24478 -4.49106 -20.386
      vertex -0.806826 -4.26791 -20.386
    endloop
  endfacet
  facet normal -0.33704 -0.33704 -0.879095
    outer loop
      vertex -19.5201 -32.5318 -3.08335
      vertex -17.8586 -30.6035 -4.45966
      vertex -19.1725 -32.8794 -3.08335
    endloop
  endfacet
  facet normal -0.337049 -0.337033 -0.879094
    outer loop
      vertex -17.8586 -30.6035 -4.45966
      vertex -19.5201 -32.5318 -3.08335
      vertex -18.0941 -30.4128 -4.44248
    endloop
  endfacet
  facet normal -0.337182 -0.336934 -0.879081
    outer loop
      vertex -18.0941 -30.4128 -4.44248
      vertex -19.5201 -32.5318 -3.08335
      vertex -18.2013 -30.2476 -4.46468
    endloop
  endfacet
  facet normal -0.33705 -0.337032 -0.879094
    outer loop
      vertex -16.6675 -27.9419 -5.93676
      vertex -2.6537 -4.26791 -20.386
      vertex -16.3846 -28.0505 -6.00359
    endloop
  endfacet
  facet normal -0.337039 -0.337039 -0.879096
    outer loop
      vertex -2.6537 -4.26791 -20.386
      vertex -16.6675 -27.9419 -5.93676
      vertex -3.00127 -3.92034 -20.386
    endloop
  endfacet
  facet normal -0.336979 -0.337078 -0.879104
    outer loop
      vertex -3.00127 -3.92034 -20.386
      vertex -16.6675 -27.9419 -5.93676
      vertex -16.8642 -27.9316 -5.86531
    endloop
  endfacet
  facet normal -0.528028 -0.268957 -0.805512
    outer loop
      vertex -19.5201 -32.5318 -3.08335
      vertex -20.2287 -33.0466 -2.44696
      vertex -19.7432 -32.0938 -3.08335
    endloop
  endfacet
  facet normal -0.471995 -0.240416 -0.848187
    outer loop
      vertex -19.7432 -32.0938 -3.08335
      vertex -18.2013 -30.2476 -4.46468
      vertex -19.5201 -32.5318 -3.08335
    endloop
  endfacet
  facet normal -0.471839 -0.240577 -0.848228
    outer loop
      vertex -18.2013 -30.2476 -4.46468
      vertex -19.7432 -32.0938 -3.08335
      vertex -18.3497 -30.0192 -4.44691
    endloop
  endfacet
  facet normal -0.472068 -0.240377 -0.848157
    outer loop
      vertex -18.3497 -30.0192 -4.44691
      vertex -19.7432 -32.0938 -3.08335
      vertex -18.4117 -29.7876 -4.47804
    endloop
  endfacet
  facet normal -0.471974 -0.240444 -0.848191
    outer loop
      vertex -17.1362 -27.9173 -5.71801
      vertex -3.00127 -3.92034 -20.386
      vertex -16.8642 -27.9316 -5.86531
    endloop
  endfacet
  facet normal -0.471946 -0.240467 -0.8482
    outer loop
      vertex -3.00127 -3.92034 -20.386
      vertex -17.1362 -27.9173 -5.71801
      vertex -3.22442 -3.48238 -20.386
    endloop
  endfacet
  facet normal -0.471947 -0.240466 -0.8482
    outer loop
      vertex -3.22442 -3.48238 -20.386
      vertex -17.1362 -27.9173 -5.71801
      vertex -17.3678 -27.9794 -5.57154
    endloop
  endfacet
  facet normal -0.0926973 -0.585235 -0.805548
    outer loop
      vertex -18.2491 -33.1794 -3.08335
      vertex -19.0052 -33.9356 -2.44696
      vertex -18.7346 -33.1025 -3.08335
    endloop
  endfacet
  facet normal -0.076562 -0.483222 -0.872144
    outer loop
      vertex -15.8646 -28.4054 -5.93777
      vertex -1.73026 -4.56795 -20.386
      vertex -15.6678 -28.7085 -5.78711
    endloop
  endfacet
  facet normal -0.0765345 -0.483235 -0.872139
    outer loop
      vertex -1.73026 -4.56795 -20.386
      vertex -15.8646 -28.4054 -5.93777
      vertex -2.21574 -4.49106 -20.386
    endloop
  endfacet
  facet normal -0.0765043 -0.483249 -0.872134
    outer loop
      vertex -2.21574 -4.49106 -20.386
      vertex -15.8646 -28.4054 -5.93777
      vertex -15.9723 -28.3182 -5.97664
    endloop
  endfacet
  facet normal -0.0765137 -0.483236 -0.87214
    outer loop
      vertex -18.2491 -33.1794 -3.08335
      vertex -17.2912 -30.8763 -4.44349
      vertex -16.9303 -30.8952 -4.46468
    endloop
  endfacet
  facet normal -0.076279 -0.483319 -0.872115
    outer loop
      vertex -18.2491 -33.1794 -3.08335
      vertex -17.4206 -30.8267 -4.45966
      vertex -17.2912 -30.8763 -4.44349
    endloop
  endfacet
  facet normal -0.0765418 -0.483238 -0.872136
    outer loop
      vertex -17.4206 -30.8267 -4.45966
      vertex -18.2491 -33.1794 -3.08335
      vertex -18.7346 -33.1025 -3.08335
    endloop
  endfacet
  facet normal -0.0488961 -0.308673 -0.949911
    outer loop
      vertex -1.73026 -4.56795 -20.386
      vertex -1.89755 -3.51175 -20.7206
      vertex -1.73026 -3.53825 -20.7206
    endloop
  endfacet
  facet normal 0.048899 -0.308673 -0.949911
    outer loop
      vertex -1.56298 -3.51175 -20.7206
      vertex -1.73026 -4.56795 -20.386
      vertex -1.73026 -3.53825 -20.7206
    endloop
  endfacet
  facet normal -0.0488961 0.308673 -0.949911
    outer loop
      vertex -1.73026 3.53825 -20.7206
      vertex -1.89755 3.51175 -20.7206
      vertex -1.73026 4.56795 -20.386
    endloop
  endfacet
  facet normal -0.723891 0.368897 -0.583006
    outer loop
      vertex -20.5763 32.3645 -2.44696
      vertex -21.1815 32.5612 -1.57105
      vertex -20.2287 33.0466 -2.44696
    endloop
  endfacet
  facet normal -0.528028 0.268957 -0.805512
    outer loop
      vertex -19.7432 32.0938 -3.08335
      vertex -20.2287 33.0466 -2.44696
      vertex -19.5201 32.5318 -3.08335
    endloop
  endfacet
  facet normal 0.432284 -0.848383 0.305576
    outer loop
      vertex -16.4367 -34.1028 1.57105
      vertex -17.2963 -34.5408 1.57105
      vertex -17.1929 -34.859 0.541345
    endloop
  endfacet
  facet normal 0.148944 -0.940447 0.305574
    outer loop
      vertex -17.2963 -34.5408 1.57105
      vertex -18.2491 -34.6917 1.57105
      vertex -17.1929 -34.859 0.541345
    endloop
  endfacet
  facet normal 0.707135 -0.707079 0
    outer loop
      vertex 38.5072 -2.76516 0.541345
      vertex 39.2633 -2.009 -0.541345
      vertex 39.2633 -2.009 0.541345
    endloop
  endfacet
  facet normal 0.707135 -0.707079 0
    outer loop
      vertex 39.2633 -2.009 -0.541345
      vertex 38.5072 -2.76516 0.541345
      vertex 38.5072 -2.76516 -0.541345
    endloop
  endfacet
  facet normal 0.405279 -0.701963 0.58566
    outer loop
      vertex -16.4367 -34.1028 1.57105
      vertex 37.9365 -1.97963 2.44696
      vertex -16.8108 -33.588 2.44696
    endloop
  endfacet
  facet normal 0.40528 -0.701965 0.585656
    outer loop
      vertex 37.9365 -1.97963 2.44696
      vertex -16.4367 -34.1028 1.57105
      vertex 38.3105 -2.49448 1.57105
    endloop
  endfacet
  facet normal -0.585263 0.0926936 0.805528
    outer loop
      vertex -3.22442 3.48238 20.386
      vertex -4.05746 3.75306 19.7496
      vertex -3.30131 2.9969 20.386
    endloop
  endfacet
  facet normal -0.723891 0.368897 0.583006
    outer loop
      vertex -20.2287 33.0466 2.44696
      vertex -21.1815 32.5612 1.57105
      vertex -20.5763 32.3645 2.44696
    endloop
  endfacet
  facet normal -0.80246 0.127145 0.583003
    outer loop
      vertex -20.5763 32.3645 2.44696
      vertex -21.1815 32.5612 1.57105
      vertex -20.6961 31.6084 2.44696
    endloop
  endfacet
  facet normal -0.368903 0.723909 -0.58298
    outer loop
      vertex -19.6874 33.588 -2.44696
      vertex -20.0614 34.1028 -1.57105
      vertex -19.2019 34.5408 -1.57105
    endloop
  endfacet
  facet normal -0.454008 0.890997 0
    outer loop
      vertex -19.3053 34.859 -0.541345
      vertex -20.2581 34.3735 0.541345
      vertex -19.3053 34.859 0.541345
    endloop
  endfacet
  facet normal -0.454008 0.890997 0
    outer loop
      vertex -20.2581 34.3735 0.541345
      vertex -19.3053 34.859 -0.541345
      vertex -20.2581 34.3735 -0.541345
    endloop
  endfacet
  facet normal -0.268994 0.52798 0.805531
    outer loop
      vertex -18.7346 33.1025 3.08335
      vertex -19.6874 33.588 2.44696
      vertex -19.1725 32.8794 3.08335
    endloop
  endfacet
  facet normal -0.210919 0.413794 0.8856
    outer loop
      vertex -18.7346 33.1025 3.08335
      vertex -17.7294 30.7081 4.44153
      vertex -17.4206 30.8267 4.45966
    endloop
  endfacet
  facet normal -0.210837 0.41383 0.885603
    outer loop
      vertex -19.1725 32.8794 3.08335
      vertex -17.7294 30.7081 4.44153
      vertex -18.7346 33.1025 3.08335
    endloop
  endfacet
  facet normal -0.210789 0.413861 0.8856
    outer loop
      vertex -17.7294 30.7081 4.44153
      vertex -19.1725 32.8794 3.08335
      vertex -17.8586 30.6035 4.45966
    endloop
  endfacet
  facet normal -0.210779 0.413869 0.885599
    outer loop
      vertex -16.2294 28.1101 6.0127
      vertex -2.21574 4.49106 20.386
      vertex -15.9723 28.3182 5.97664
    endloop
  endfacet
  facet normal -0.210853 0.413826 0.885601
    outer loop
      vertex -2.21574 4.49106 20.386
      vertex -16.2294 28.1101 6.0127
      vertex -2.6537 4.26791 20.386
    endloop
  endfacet
  facet normal -0.210893 0.413804 0.885602
    outer loop
      vertex -2.6537 4.26791 20.386
      vertex -16.2294 28.1101 6.0127
      vertex -16.3846 28.0505 6.00359
    endloop
  endfacet
  facet normal -0.0488961 0.308673 0.949911
    outer loop
      vertex -1.73026 4.56795 20.386
      vertex -1.89755 3.51175 20.7206
      vertex -1.73026 3.53825 20.7206
    endloop
  endfacet
  facet normal 0.278454 -0.141894 0.94991
    outer loop
      vertex 3.97538 -0.167285 20.7206
      vertex 3.89848 -0.318194 20.7206
      vertex 4.95468 -0.485479 20.386
    endloop
  endfacet
  facet normal 0.4627 -0.0733021 0.883479
    outer loop
      vertex 5.03157 0 20.386
      vertex 32.5321 -0.463525 5.94482
      vertex 32.4587 0 6.02172
    endloop
  endfacet
  facet normal 0.462701 -0.0732825 0.88348
    outer loop
      vertex 4.95468 -0.485479 20.386
      vertex 32.5321 -0.463525 5.94482
      vertex 5.03157 0 20.386
    endloop
  endfacet
  facet normal 0.46271 -0.0730122 0.883498
    outer loop
      vertex 32.5321 -0.463525 5.94482
      vertex 4.95468 -0.485479 20.386
      vertex 32.5433 -0.485479 5.93714
    endloop
  endfacet
  facet normal 0.462702 -0.0732921 0.883479
    outer loop
      vertex 35.4587 0 4.45054
      vertex 37.9923 -0.485479 3.08335
      vertex 38.0692 0 3.08335
    endloop
  endfacet
  facet normal 0.462706 -0.0732703 0.883479
    outer loop
      vertex 35.3853 -0.463525 4.45054
      vertex 37.9923 -0.485479 3.08335
      vertex 35.4587 0 4.45054
    endloop
  endfacet
  facet normal 0.462698 -0.0734723 0.883466
    outer loop
      vertex 37.9923 -0.485479 3.08335
      vertex 35.3853 -0.463525 4.45054
      vertex 35.3741 -0.485479 4.45458
    endloop
  endfacet
  facet normal 0.527938 0.269024 0.805548
    outer loop
      vertex 38.4778 1.43829 2.44696
      vertex 37.9923 0.485479 3.08335
      vertex 38.8254 0.756152 2.44696
    endloop
  endfacet
  facet normal 0.418996 0.419004 0.805529
    outer loop
      vertex 4.89881 1.97963 19.7496
      vertex 4.73153 0.923437 20.386
      vertex 5.44016 1.43829 19.7496
    endloop
  endfacet
  facet normal 0.418996 0.419004 0.80553
    outer loop
      vertex 4.73153 0.923437 20.386
      vertex 4.89881 1.97963 19.7496
      vertex 4.38396 1.271 20.386
    endloop
  endfacet
  facet normal 0.574455 0.574514 0.583039
    outer loop
      vertex 38.3105 2.49448 1.57105
      vertex 38.4778 1.43829 2.44696
      vertex 38.9927 1.81235 1.57105
    endloop
  endfacet
  facet normal 0.57453 0.574487 0.582992
    outer loop
      vertex 38.4778 1.43829 2.44696
      vertex 38.3105 2.49448 1.57105
      vertex 37.9365 1.97963 2.44696
    endloop
  endfacet
  facet normal 0.475773 0.824063 -0.307507
    outer loop
      vertex 38.3105 2.49448 -1.57105
      vertex -16.2401 34.3735 -0.541345
      vertex 38.5072 2.76516 -0.541345
    endloop
  endfacet
  facet normal 0.475777 0.82407 -0.30748
    outer loop
      vertex -16.2401 34.3735 -0.541345
      vertex 38.3105 2.49448 -1.57105
      vertex -16.4367 34.1028 -1.57105
    endloop
  endfacet
  facet normal 0.454008 0.890997 -0
    outer loop
      vertex -16.2401 34.3735 -0.541345
      vertex -17.1929 34.859 0.541345
      vertex -16.2401 34.3735 0.541345
    endloop
  endfacet
  facet normal 0.454008 0.890997 0
    outer loop
      vertex -17.1929 34.859 0.541345
      vertex -16.2401 34.3735 -0.541345
      vertex -17.1929 34.859 -0.541345
    endloop
  endfacet
  facet normal 0.314669 0.617583 0.720815
    outer loop
      vertex -16.8108 33.588 2.44696
      vertex -0.974111 5.3241 19.7496
      vertex -0.291975 4.97654 19.7496
    endloop
  endfacet
  facet normal 0.314728 0.617595 0.720779
    outer loop
      vertex -0.974111 5.3241 19.7496
      vertex -16.8108 33.588 2.44696
      vertex -17.4929 33.9356 2.44696
    endloop
  endfacet
  facet normal 0.308674 0.0488877 -0.949911
    outer loop
      vertex 5.03157 0 -20.386
      vertex 3.97538 0.167285 -20.7206
      vertex 4.95468 0.485479 -20.386
    endloop
  endfacet
  facet normal 0.294953 0.510872 -0.807473
    outer loop
      vertex 4.38396 1.271 -20.386
      vertex -0.291975 4.97654 -19.7496
      vertex 4.89881 1.97963 -19.7496
    endloop
  endfacet
  facet normal 0.294953 0.510872 -0.807473
    outer loop
      vertex -0.291975 4.97654 -19.7496
      vertex 4.38396 1.271 -20.386
      vertex -0.806826 4.26791 -20.386
    endloop
  endfacet
  facet normal 0.528006 -0.268971 -0.805521
    outer loop
      vertex 38.4778 -1.43829 -2.44696
      vertex 37.7692 -0.923437 -3.08335
      vertex 37.9923 -0.485479 -3.08335
    endloop
  endfacet
  facet normal 0.451508 -0.230019 -0.862109
    outer loop
      vertex 32.7452 -0.881678 -5.72569
      vertex 4.95468 -0.485479 -20.386
      vertex 32.5433 -0.485479 -5.93714
    endloop
  endfacet
  facet normal 0.451425 -0.23078 -0.861949
    outer loop
      vertex 4.73153 -0.923437 -20.386
      vertex 32.7452 -0.881678 -5.72569
      vertex 32.7869 -0.923437 -5.69267
    endloop
  endfacet
  facet normal 0.451504 -0.230052 -0.862102
    outer loop
      vertex 32.7452 -0.881678 -5.72569
      vertex 4.73153 -0.923437 -20.386
      vertex 4.95468 -0.485479 -20.386
    endloop
  endfacet
  facet normal 0.451513 -0.230005 -0.86211
    outer loop
      vertex 37.7692 -0.923437 -3.08335
      vertex 35.3741 -0.485479 -4.45458
      vertex 37.9923 -0.485479 -3.08335
    endloop
  endfacet
  facet normal 0.451494 -0.230078 -0.8621
    outer loop
      vertex 37.7692 -0.923437 -3.08335
      vertex 35.1722 -0.881678 -4.45458
      vertex 35.3741 -0.485479 -4.45458
    endloop
  endfacet
  facet normal 0.451579 -0.229388 -0.86224
    outer loop
      vertex 35.1722 -0.881678 -4.45458
      vertex 37.7692 -0.923437 -3.08335
      vertex 35.1305 -0.923437 -4.46531
    endloop
  endfacet
  facet normal 0.802494 -0.127094 -0.582967
    outer loop
      vertex 39.4306 -0.952807 -1.57105
      vertex 38.9452 0 -2.44696
      vertex 39.5815 0 -1.57105
    endloop
  endfacet
  facet normal 0.987686 0.156448 0
    outer loop
      vertex 39.9161 0 0.541345
      vertex 39.7488 1.0562 -0.541345
      vertex 39.7488 1.0562 0.541345
    endloop
  endfacet
  facet normal 0.987686 0.156448 0
    outer loop
      vertex 39.7488 1.0562 -0.541345
      vertex 39.9161 0 0.541345
      vertex 39.9161 0 -0.541345
    endloop
  endfacet
  facet normal 0.802465 -0.127137 -0.582998
    outer loop
      vertex 39.4306 -0.952807 -1.57105
      vertex 38.8254 -0.756152 -2.44696
      vertex 38.9452 0 -2.44696
    endloop
  endfacet
  facet normal 0.585216 -0.092718 -0.805559
    outer loop
      vertex 38.8254 -0.756152 -2.44696
      vertex 38.0692 0 -3.08335
      vertex 38.9452 0 -2.44696
    endloop
  endfacet
  facet normal 0.72391 0.368801 -0.583045
    outer loop
      vertex 39.4306 0.952807 -1.57105
      vertex 38.4778 1.43829 -2.44696
      vertex 38.9927 1.81235 -1.57105
    endloop
  endfacet
  facet normal 0.574455 0.574514 -0.583039
    outer loop
      vertex 38.4778 1.43829 -2.44696
      vertex 38.3105 2.49448 -1.57105
      vertex 38.9927 1.81235 -1.57105
    endloop
  endfacet
  facet normal 0.57453 0.574487 -0.582992
    outer loop
      vertex 38.3105 2.49448 -1.57105
      vertex 38.4778 1.43829 -2.44696
      vertex 37.9365 1.97963 -2.44696
    endloop
  endfacet
  facet normal 0.723907 0.368884 0.582995
    outer loop
      vertex 39.4306 0.952807 1.57105
      vertex 38.4778 1.43829 2.44696
      vertex 38.8254 0.756152 2.44696
    endloop
  endfacet
  facet normal 0.585216 -0.092718 0.805559
    outer loop
      vertex 38.9452 0 2.44696
      vertex 38.0692 0 3.08335
      vertex 38.8254 -0.756152 2.44696
    endloop
  endfacet
  facet normal -0.471946 -0.240467 0.8482
    outer loop
      vertex -17.1362 -27.9173 5.71801
      vertex -3.00127 -3.92034 20.386
      vertex -3.22442 -3.48238 20.386
    endloop
  endfacet
  facet normal -0.471974 -0.240444 0.848191
    outer loop
      vertex -3.00127 -3.92034 20.386
      vertex -17.1362 -27.9173 5.71801
      vertex -16.8642 -27.9316 5.86531
    endloop
  endfacet
  facet normal -0.471947 -0.240466 0.8482
    outer loop
      vertex -17.1362 -27.9173 5.71801
      vertex -3.22442 -3.48238 20.386
      vertex -17.3678 -27.9794 5.57154
    endloop
  endfacet
  facet normal -0.471839 -0.240577 0.848228
    outer loop
      vertex -19.7432 -32.0938 3.08335
      vertex -18.2013 -30.2476 4.46468
      vertex -18.3497 -30.0192 4.44691
    endloop
  endfacet
  facet normal -0.472068 -0.240377 0.848157
    outer loop
      vertex -19.7432 -32.0938 3.08335
      vertex -18.3497 -30.0192 4.44691
      vertex -18.4117 -29.7876 4.47804
    endloop
  endfacet
  facet normal -0.471995 -0.240416 0.848187
    outer loop
      vertex -18.2013 -30.2476 4.46468
      vertex -19.7432 -32.0938 3.08335
      vertex -19.5201 -32.5318 3.08335
    endloop
  endfacet
  facet normal -0.723891 -0.368897 0.583006
    outer loop
      vertex -20.5763 -32.3645 2.44696
      vertex -21.1815 -32.5612 1.57105
      vertex -20.2287 -33.0466 2.44696
    endloop
  endfacet
  facet normal -0.220985 -0.220985 0.949911
    outer loop
      vertex -2.16822 -3.3151 20.7206
      vertex -2.6537 -4.26791 20.386
      vertex -2.04846 -3.43486 20.7206
    endloop
  endfacet
  facet normal -0.220985 -0.220985 0.949911
    outer loop
      vertex -2.6537 -4.26791 20.386
      vertex -2.16822 -3.3151 20.7206
      vertex -3.00127 -3.92034 20.386
    endloop
  endfacet
  facet normal -0.585263 -0.0926935 0.805528
    outer loop
      vertex -3.30131 -2.9969 20.386
      vertex -4.17722 -2.9969 19.7496
      vertex -4.05746 -3.75306 19.7496
    endloop
  endfacet
  facet normal -0.564973 -0.162964 0.808856
    outer loop
      vertex -4.05746 -3.75306 19.7496
      vertex -17.3678 -27.9794 5.57154
      vertex -3.22442 -3.48238 20.386
    endloop
  endfacet
  facet normal -0.564937 -0.162995 0.808875
    outer loop
      vertex -4.05746 -3.75306 19.7496
      vertex -17.5895 -28.0388 5.40473
      vertex -17.3678 -27.9794 5.57154
    endloop
  endfacet
  facet normal -0.564949 -0.162985 0.808869
    outer loop
      vertex -4.05746 -3.75306 19.7496
      vertex -17.9831 -28.2944 5.07832
      vertex -17.5895 -28.0388 5.40473
    endloop
  endfacet
  facet normal -0.565175 -0.162786 0.808751
    outer loop
      vertex -4.05746 -3.75306 19.7496
      vertex -18.2784 -28.6591 4.79855
      vertex -17.9831 -28.2944 5.07832
    endloop
  endfacet
  facet normal -0.564896 -0.163039 0.808894
    outer loop
      vertex -20.5763 -32.3645 2.44696
      vertex -18.4711 -29.5659 4.48122
      vertex -18.4466 -29.0972 4.5928
    endloop
  endfacet
  facet normal -0.564979 -0.162959 0.808853
    outer loop
      vertex -20.5763 -32.3645 2.44696
      vertex -18.4466 -29.0972 4.5928
      vertex -18.2784 -28.6591 4.79855
    endloop
  endfacet
  facet normal -0.564923 -0.16301 0.808882
    outer loop
      vertex -18.4711 -29.5659 4.48122
      vertex -20.5763 -32.3645 2.44696
      vertex -19.7432 -32.0938 3.08335
    endloop
  endfacet
  facet normal -0.564964 -0.162973 0.808861
    outer loop
      vertex -20.5763 -32.3645 2.44696
      vertex -18.2784 -28.6591 4.79855
      vertex -4.05746 -3.75306 19.7496
    endloop
  endfacet
  facet normal -0.564968 -0.162974 0.808857
    outer loop
      vertex -18.4117 -29.7876 4.47804
      vertex -18.4711 -29.5659 4.48122
      vertex -19.7432 -32.0938 3.08335
    endloop
  endfacet
  facet normal -0.148944 -0.940447 0.305574
    outer loop
      vertex -19.2019 -34.5408 1.57105
      vertex -19.3053 -34.859 0.541345
      vertex -18.2491 -34.6917 1.57105
    endloop
  endfacet
  facet normal -0.432325 -0.848363 0.305574
    outer loop
      vertex -19.2019 -34.5408 1.57105
      vertex -20.0614 -34.1028 1.57105
      vertex -19.3053 -34.859 0.541345
    endloop
  endfacet
  facet normal -0.673276 0.673276 0.305611
    outer loop
      vertex -21.0142 33.6174 0.541345
      vertex -20.0614 34.1028 1.57105
      vertex -20.2581 34.3735 0.541345
    endloop
  endfacet
  facet normal -0.673241 0.67334 0.305549
    outer loop
      vertex -20.0614 34.1028 1.57105
      vertex -21.0142 33.6174 0.541345
      vertex -20.7436 33.4207 1.57105
    endloop
  endfacet
  facet normal -0.890997 0.454008 0
    outer loop
      vertex -21.4997 32.6646 -0.541345
      vertex -21.0142 33.6174 0.541345
      vertex -21.0142 33.6174 -0.541345
    endloop
  endfacet
  facet normal -0.890997 0.454008 0
    outer loop
      vertex -21.0142 33.6174 0.541345
      vertex -21.4997 32.6646 -0.541345
      vertex -21.4997 32.6646 0.541345
    endloop
  endfacet
  facet normal -0.0488872 0.308671 -0.949912
    outer loop
      vertex -1.89755 3.51175 -20.7206
      vertex -2.21574 4.49106 -20.386
      vertex -1.73026 4.56795 -20.386
    endloop
  endfacet
  facet normal -0.141877 0.278458 -0.949912
    outer loop
      vertex -2.04846 3.43486 -20.7206
      vertex -2.21574 4.49106 -20.386
      vertex -1.89755 3.51175 -20.7206
    endloop
  endfacet
  facet normal -0.574574 0.574468 -0.582967
    outer loop
      vertex -20.2287 33.0466 -2.44696
      vertex -20.0614 34.1028 -1.57105
      vertex -19.6874 33.588 -2.44696
    endloop
  endfacet
  facet normal -0.574435 0.574519 -0.583055
    outer loop
      vertex -20.0614 34.1028 -1.57105
      vertex -20.2287 33.0466 -2.44696
      vertex -20.7436 33.4207 -1.57105
    endloop
  endfacet
  facet normal -0.673276 0.673276 -0.305611
    outer loop
      vertex -20.0614 34.1028 -1.57105
      vertex -21.0142 33.6174 -0.541345
      vertex -20.2581 34.3735 -0.541345
    endloop
  endfacet
  facet normal -0.673241 0.67334 -0.305549
    outer loop
      vertex -21.0142 33.6174 -0.541345
      vertex -20.0614 34.1028 -1.57105
      vertex -20.7436 33.4207 -1.57105
    endloop
  endfacet
  facet normal 0.048899 0.308673 -0.949911
    outer loop
      vertex -1.56298 3.51175 -20.7206
      vertex -1.73026 3.53825 -20.7206
      vertex -1.73026 4.56795 -20.386
    endloop
  endfacet
  facet normal -0.0488872 -0.308671 -0.949912
    outer loop
      vertex -1.73026 -4.56795 -20.386
      vertex -2.21574 -4.49106 -20.386
      vertex -1.89755 -3.51175 -20.7206
    endloop
  endfacet
  facet normal 0.0926423 -0.585264 -0.805533
    outer loop
      vertex -17.4929 -33.9356 -2.44696
      vertex -18.2491 -34.0553 -2.44696
      vertex -18.2491 -33.1794 -3.08335
    endloop
  endfacet
  facet normal -0.0926545 -0.585264 -0.805532
    outer loop
      vertex -18.2491 -34.0553 -2.44696
      vertex -19.0052 -33.9356 -2.44696
      vertex -18.2491 -33.1794 -3.08335
    endloop
  endfacet
  facet normal -0.141877 -0.278458 -0.949912
    outer loop
      vertex -1.89755 -3.51175 -20.7206
      vertex -2.21574 -4.49106 -20.386
      vertex -2.04846 -3.43486 -20.7206
    endloop
  endfacet
  facet normal -0.6318 0.100064 -0.768646
    outer loop
      vertex -20.6961 31.6084 -2.44696
      vertex -4.05746 3.75306 -19.7496
      vertex -4.17722 2.9969 -19.7496
    endloop
  endfacet
  facet normal -0.631765 0.1001 -0.76867
    outer loop
      vertex -4.05746 3.75306 -19.7496
      vertex -20.6961 31.6084 -2.44696
      vertex -20.5763 32.3645 -2.44696
    endloop
  endfacet
  facet normal -0.418992 0.418992 -0.805538
    outer loop
      vertex -19.5201 32.5318 -3.08335
      vertex -19.6874 33.588 -2.44696
      vertex -19.1725 32.8794 -3.08335
    endloop
  endfacet
  facet normal -0.419049 0.418971 -0.805519
    outer loop
      vertex -19.6874 33.588 -2.44696
      vertex -19.5201 32.5318 -3.08335
      vertex -20.2287 33.0466 -2.44696
    endloop
  endfacet
  facet normal -0.278457 0.14188 -0.949911
    outer loop
      vertex -2.16822 3.3151 -20.7206
      vertex -3.22442 3.48238 -20.386
      vertex -3.00127 3.92034 -20.386
    endloop
  endfacet
  facet normal 0.528006 0.268971 0.805521
    outer loop
      vertex 38.4778 1.43829 2.44696
      vertex 37.7692 0.923437 3.08335
      vertex 37.9923 0.485479 3.08335
    endloop
  endfacet
  facet normal 0.308674 0.0488877 0.949911
    outer loop
      vertex 4.95468 0.485479 20.386
      vertex 3.97538 0.167285 20.7206
      vertex 5.03157 0 20.386
    endloop
  endfacet
  facet normal 0.848397 0.432301 0.305513
    outer loop
      vertex 39.2633 2.009 0.541345
      vertex 38.9927 1.81235 1.57105
      vertex 39.7488 1.0562 0.541345
    endloop
  endfacet
  facet normal 0.148963 0.940438 -0.305593
    outer loop
      vertex -17.1929 34.859 -0.541345
      vertex -18.2491 34.6917 -1.57105
      vertex -18.2491 35.0263 -0.541345
    endloop
  endfacet
  facet normal 0.156448 0.987686 -0
    outer loop
      vertex -17.1929 34.859 -0.541345
      vertex -18.2491 35.0263 0.541345
      vertex -17.1929 34.859 0.541345
    endloop
  endfacet
  facet normal 0.156448 0.987686 0
    outer loop
      vertex -18.2491 35.0263 0.541345
      vertex -17.1929 34.859 -0.541345
      vertex -18.2491 35.0263 -0.541345
    endloop
  endfacet
  facet normal -0.127088 0.802451 0.583028
    outer loop
      vertex -18.2491 34.6917 1.57105
      vertex -19.2019 34.5408 1.57105
      vertex -18.2491 34.0553 2.44696
    endloop
  endfacet
  facet normal 0.432284 0.848383 0.305576
    outer loop
      vertex -17.1929 34.859 0.541345
      vertex -17.2963 34.5408 1.57105
      vertex -16.4367 34.1028 1.57105
    endloop
  endfacet
  facet normal 0 0 -1
    outer loop
      vertex 0 2.5 -20.7206
      vertex -1.41207 3.43486 -20.7206
      vertex 0.285473 2.45479 -20.7206
    endloop
  endfacet
  facet normal 0 0 -1
    outer loop
      vertex -0.772542 2.37764 -20.7206
      vertex -1.41207 3.43486 -20.7206
      vertex 0 2.5 -20.7206
    endloop
  endfacet
  facet normal 0 0 -1
    outer loop
      vertex -1.46946 2.02254 -20.7206
      vertex -1.41207 3.43486 -20.7206
      vertex -0.772542 2.37764 -20.7206
    endloop
  endfacet
  facet normal 0 0 -1
    outer loop
      vertex -2.27161 2.9969 -20.7206
      vertex -1.41207 3.43486 -20.7206
      vertex -1.46946 2.02254 -20.7206
    endloop
  endfacet
  facet normal -0 0 -1
    outer loop
      vertex -1.41207 3.43486 -20.7206
      vertex -2.27161 2.9969 -20.7206
      vertex -1.56298 3.51175 -20.7206
    endloop
  endfacet
  facet normal -0 0 -1
    outer loop
      vertex -1.56298 3.51175 -20.7206
      vertex -2.27161 2.9969 -20.7206
      vertex -1.73026 3.53825 -20.7206
    endloop
  endfacet
  facet normal 0 0 -1
    outer loop
      vertex -2.27161 2.9969 -20.7206
      vertex -1.46946 2.02254 -20.7206
      vertex -2.02254 1.46946 -20.7206
    endloop
  endfacet
  facet normal 0 0 -1
    outer loop
      vertex -1.73026 3.53825 -20.7206
      vertex -2.27161 2.9969 -20.7206
      vertex -1.89755 3.51175 -20.7206
    endloop
  endfacet
  facet normal 0 0 -1
    outer loop
      vertex -1.89755 3.51175 -20.7206
      vertex -2.27161 2.9969 -20.7206
      vertex -2.04846 3.43486 -20.7206
    endloop
  endfacet
  facet normal 0 0 -1
    outer loop
      vertex -2.04846 3.43486 -20.7206
      vertex -2.27161 2.9969 -20.7206
      vertex -2.16822 3.3151 -20.7206
    endloop
  endfacet
  facet normal 0 0 -1
    outer loop
      vertex -2.27161 2.9969 -20.7206
      vertex -2.02254 1.46946 -20.7206
      vertex -2.27161 0.980644 -20.7206
    endloop
  endfacet
  facet normal 0 0 -1
    outer loop
      vertex -2.16822 3.3151 -20.7206
      vertex -2.27161 2.9969 -20.7206
      vertex -2.24511 3.16419 -20.7206
    endloop
  endfacet
  facet normal 0 0 -1
    outer loop
      vertex 3.97538 -0.167285 -20.7206
      vertex 3.97538 0.167285 -20.7206
      vertex 4.00187 0 -20.7206
    endloop
  endfacet
  facet normal 0 0 -1
    outer loop
      vertex 3.89848 -0.318194 -20.7206
      vertex 3.97538 0.167285 -20.7206
      vertex 3.97538 -0.167285 -20.7206
    endloop
  endfacet
  facet normal 0 0 -1
    outer loop
      vertex 3.89848 -0.318194 -20.7206
      vertex 3.89848 0.318194 -20.7206
      vertex 3.97538 0.167285 -20.7206
    endloop
  endfacet
  facet normal 0 0 -1
    outer loop
      vertex 3.77872 -0.437958 -20.7206
      vertex 3.89848 0.318194 -20.7206
      vertex 3.89848 -0.318194 -20.7206
    endloop
  endfacet
  facet normal 0 0 -1
    outer loop
      vertex 3.77872 -0.437958 -20.7206
      vertex 3.77872 0.437958 -20.7206
      vertex 3.89848 0.318194 -20.7206
    endloop
  endfacet
  facet normal 0 0 -1
    outer loop
      vertex 3.77872 -0.437958 -20.7206
      vertex 2.5 0 -20.7206
      vertex 3.77872 0.437958 -20.7206
    endloop
  endfacet
  facet normal -0 0 -1
    outer loop
      vertex 3.77872 -0.437958 -20.7206
      vertex 2.37764 -0.772542 -20.7206
      vertex 2.5 0 -20.7206
    endloop
  endfacet
  facet normal 0 -0 -1
    outer loop
      vertex 2.37764 -0.772542 -20.7206
      vertex 3.77872 -0.437958 -20.7206
      vertex 2.03523 -1.44456 -20.7206
    endloop
  endfacet
  facet normal 0 0 -1
    outer loop
      vertex 2.37764 0.772542 -20.7206
      vertex 3.77872 0.437958 -20.7206
      vertex 2.5 0 -20.7206
    endloop
  endfacet
  facet normal 0 0 -1
    outer loop
      vertex 3.77872 0.437958 -20.7206
      vertex 2.37764 0.772542 -20.7206
      vertex 2.03523 1.44456 -20.7206
    endloop
  endfacet
  facet normal 0 0 -1
    outer loop
      vertex -1.41207 -3.43486 -20.7206
      vertex 0 -2.5 -20.7206
      vertex 0.285473 -2.45479 -20.7206
    endloop
  endfacet
  facet normal 0 0 -1
    outer loop
      vertex -1.41207 -3.43486 -20.7206
      vertex -0.772542 -2.37764 -20.7206
      vertex 0 -2.5 -20.7206
    endloop
  endfacet
  facet normal 0 0 -1
    outer loop
      vertex -1.41207 -3.43486 -20.7206
      vertex -1.46946 -2.02254 -20.7206
      vertex -0.772542 -2.37764 -20.7206
    endloop
  endfacet
  facet normal 0 0 -1
    outer loop
      vertex -2.27161 -2.9969 -20.7206
      vertex -1.41207 -3.43486 -20.7206
      vertex -1.56298 -3.51175 -20.7206
    endloop
  endfacet
  facet normal 0 0 -1
    outer loop
      vertex -2.27161 -2.9969 -20.7206
      vertex -1.56298 -3.51175 -20.7206
      vertex -1.73026 -3.53825 -20.7206
    endloop
  endfacet
  facet normal 0 0 -1
    outer loop
      vertex -2.27161 -2.9969 -20.7206
      vertex -1.73026 -3.53825 -20.7206
      vertex -1.89755 -3.51175 -20.7206
    endloop
  endfacet
  facet normal 0 0 -1
    outer loop
      vertex -1.41207 -3.43486 -20.7206
      vertex -2.27161 -2.9969 -20.7206
      vertex -1.46946 -2.02254 -20.7206
    endloop
  endfacet
  facet normal 0 0 -1
    outer loop
      vertex -2.27161 -2.9969 -20.7206
      vertex -1.89755 -3.51175 -20.7206
      vertex -2.04846 -3.43486 -20.7206
    endloop
  endfacet
  facet normal 0 0 -1
    outer loop
      vertex -2.27161 -2.9969 -20.7206
      vertex -2.04846 -3.43486 -20.7206
      vertex -2.16822 -3.3151 -20.7206
    endloop
  endfacet
  facet normal 0 0 -1
    outer loop
      vertex -2.27161 -2.9969 -20.7206
      vertex -2.16822 -3.3151 -20.7206
      vertex -2.24511 -3.16419 -20.7206
    endloop
  endfacet
  facet normal -0 0 -1
    outer loop
      vertex -1.46946 -2.02254 -20.7206
      vertex -2.27161 -2.9969 -20.7206
      vertex -2.02254 -1.46946 -20.7206
    endloop
  endfacet
  facet normal -0 0 -1
    outer loop
      vertex -2.02254 -1.46946 -20.7206
      vertex -2.27161 -2.9969 -20.7206
      vertex -2.27161 -0.980644 -20.7206
    endloop
  endfacet
  facet normal 0.155291 0.268972 -0.950547
    outer loop
      vertex 2.03523 1.44456 -20.7206
      vertex 4.38396 1.271 -20.386
      vertex 3.77872 0.437958 -20.7206
    endloop
  endfacet
  facet normal 0.155323 0.269974 -0.950257
    outer loop
      vertex 2.02254 1.46946 -20.7156
      vertex 4.38396 1.271 -20.386
      vertex 2.03523 1.44456 -20.7206
    endloop
  endfacet
  facet normal 0.155283 0.269055 -0.950524
    outer loop
      vertex 1.46946 2.02254 -20.6494
      vertex 4.38396 1.271 -20.386
      vertex 2.02254 1.46946 -20.7156
    endloop
  endfacet
  facet normal 0.155324 0.268969 -0.950542
    outer loop
      vertex -0.806826 4.26791 -20.386
      vertex 1.46946 2.02254 -20.6494
      vertex 0.772542 2.37764 -20.6628
    endloop
  endfacet
  facet normal 0.155247 0.268894 -0.950576
    outer loop
      vertex 1.46946 2.02254 -20.6494
      vertex -0.806826 4.26791 -20.386
      vertex 4.38396 1.271 -20.386
    endloop
  endfacet
  facet normal 0.15541 0.269036 -0.950509
    outer loop
      vertex 0.285473 2.45479 -20.7206
      vertex -0.806826 4.26791 -20.386
      vertex 0.772542 2.37764 -20.6628
    endloop
  endfacet
  facet normal 0.155289 0.26897 -0.950547
    outer loop
      vertex -0.806826 4.26791 -20.386
      vertex 0.285473 2.45479 -20.7206
      vertex -1.41207 3.43486 -20.7206
    endloop
  endfacet
  facet normal 0.418996 0.419004 -0.805529
    outer loop
      vertex 4.73153 0.923437 -20.386
      vertex 4.89881 1.97963 -19.7496
      vertex 5.44016 1.43829 -19.7496
    endloop
  endfacet
  facet normal 0.418996 0.419004 -0.80553
    outer loop
      vertex 4.89881 1.97963 -19.7496
      vertex 4.73153 0.923437 -20.386
      vertex 4.38396 1.271 -20.386
    endloop
  endfacet
  facet normal 0.308673 0.0488791 -0.949912
    outer loop
      vertex 4.00187 0 -20.7206
      vertex 3.97538 0.167285 -20.7206
      vertex 5.03157 0 -20.386
    endloop
  endfacet
  facet normal 0.940438 0.148963 -0.305593
    outer loop
      vertex 39.9161 0 -0.541345
      vertex 39.5815 0 -1.57105
      vertex 39.7488 1.0562 -0.541345
    endloop
  endfacet
  facet normal 0.940438 -0.148963 -0.305593
    outer loop
      vertex 39.7488 -1.0562 -0.541345
      vertex 39.5815 0 -1.57105
      vertex 39.9161 0 -0.541345
    endloop
  endfacet
  facet normal 0.848397 0.432301 -0.305513
    outer loop
      vertex 39.7488 1.0562 -0.541345
      vertex 38.9927 1.81235 -1.57105
      vertex 39.2633 2.009 -0.541345
    endloop
  endfacet
  facet normal 0.802465 0.127137 -0.582998
    outer loop
      vertex 38.9452 0 -2.44696
      vertex 38.8254 0.756152 -2.44696
      vertex 39.4306 0.952807 -1.57105
    endloop
  endfacet
  facet normal 0.585216 0.092718 -0.805559
    outer loop
      vertex 38.9452 0 -2.44696
      vertex 38.0692 0 -3.08335
      vertex 38.8254 0.756152 -2.44696
    endloop
  endfacet
  facet normal 0.585228 0.0927003 0.805552
    outer loop
      vertex 38.8254 0.756152 2.44696
      vertex 37.9923 0.485479 3.08335
      vertex 38.0692 0 3.08335
    endloop
  endfacet
  facet normal 0.585216 0.092718 0.805559
    outer loop
      vertex 38.8254 0.756152 2.44696
      vertex 38.0692 0 3.08335
      vertex 38.9452 0 2.44696
    endloop
  endfacet
  facet normal -0.6318 -0.100064 0.768646
    outer loop
      vertex -20.6961 -31.6084 2.44696
      vertex -4.05746 -3.75306 19.7496
      vertex -4.17722 -2.9969 19.7496
    endloop
  endfacet
  facet normal -0.631765 -0.1001 0.76867
    outer loop
      vertex -4.05746 -3.75306 19.7496
      vertex -20.6961 -31.6084 2.44696
      vertex -20.5763 -32.3645 2.44696
    endloop
  endfacet
  facet normal -0.337049 -0.337033 0.879094
    outer loop
      vertex -19.5201 -32.5318 3.08335
      vertex -17.8586 -30.6035 4.45966
      vertex -18.0941 -30.4128 4.44248
    endloop
  endfacet
  facet normal -0.337182 -0.336934 0.879081
    outer loop
      vertex -19.5201 -32.5318 3.08335
      vertex -18.0941 -30.4128 4.44248
      vertex -18.2013 -30.2476 4.46468
    endloop
  endfacet
  facet normal -0.33704 -0.33704 0.879095
    outer loop
      vertex -17.8586 -30.6035 4.45966
      vertex -19.5201 -32.5318 3.08335
      vertex -19.1725 -32.8794 3.08335
    endloop
  endfacet
  facet normal -0.337039 -0.337039 0.879096
    outer loop
      vertex -16.6675 -27.9419 5.93676
      vertex -2.6537 -4.26791 20.386
      vertex -3.00127 -3.92034 20.386
    endloop
  endfacet
  facet normal -0.33705 -0.337032 0.879094
    outer loop
      vertex -2.6537 -4.26791 20.386
      vertex -16.6675 -27.9419 5.93676
      vertex -16.3846 -28.0505 6.00359
    endloop
  endfacet
  facet normal -0.336979 -0.337078 0.879104
    outer loop
      vertex -16.6675 -27.9419 5.93676
      vertex -3.00127 -3.92034 20.386
      vertex -16.8642 -27.9316 5.86531
    endloop
  endfacet
  facet normal 0.148963 -0.940438 0.305593
    outer loop
      vertex -18.2491 -34.6917 1.57105
      vertex -18.2491 -35.0263 0.541345
      vertex -17.1929 -34.859 0.541345
    endloop
  endfacet
  facet normal 0.0926962 -0.585228 -0.805553
    outer loop
      vertex -17.4929 -33.9356 -2.44696
      vertex -18.2491 -33.1794 -3.08335
      vertex -17.7636 -33.1025 -3.08335
    endloop
  endfacet
  facet normal 0.0873557 -0.551945 -0.829292
    outer loop
      vertex -15.609 -28.799 -5.72067
      vertex -1.24478 -4.49106 -20.386
      vertex -15.5044 -29.1895 -5.44975
    endloop
  endfacet
  facet normal 0.0874205 -0.551969 -0.829269
    outer loop
      vertex -1.24478 -4.49106 -20.386
      vertex -15.609 -28.799 -5.72067
      vertex -1.73026 -4.56795 -20.386
    endloop
  endfacet
  facet normal 0.0874476 -0.551979 -0.82926
    outer loop
      vertex -1.73026 -4.56795 -20.386
      vertex -15.609 -28.799 -5.72067
      vertex -15.6678 -28.7085 -5.78711
    endloop
  endfacet
  facet normal 0.0873666 -0.551956 -0.829284
    outer loop
      vertex -17.7636 -33.1025 -3.08335
      vertex -16.8226 -30.9009 -4.44956
      vertex -16.4321 -30.7963 -4.47804
    endloop
  endfacet
  facet normal 0.0872186 -0.551919 -0.829324
    outer loop
      vertex -17.7636 -33.1025 -3.08335
      vertex -16.9303 -30.8952 -4.46468
      vertex -16.8226 -30.9009 -4.44956
    endloop
  endfacet
  facet normal 0.0874275 -0.551965 -0.829272
    outer loop
      vertex -16.9303 -30.8952 -4.46468
      vertex -17.7636 -33.1025 -3.08335
      vertex -18.2491 -33.1794 -3.08335
    endloop
  endfacet
  facet normal 0.451508 0.230019 0.862109
    outer loop
      vertex 32.7452 0.881678 5.72569
      vertex 4.95468 0.485479 20.386
      vertex 32.5433 0.485479 5.93714
    endloop
  endfacet
  facet normal 0.451425 0.23078 0.861949
    outer loop
      vertex 4.73153 0.923437 20.386
      vertex 32.7452 0.881678 5.72569
      vertex 32.7869 0.923437 5.69267
    endloop
  endfacet
  facet normal 0.451504 0.230052 0.862102
    outer loop
      vertex 32.7452 0.881678 5.72569
      vertex 4.73153 0.923437 20.386
      vertex 4.95468 0.485479 20.386
    endloop
  endfacet
  facet normal 0.451513 0.230005 0.86211
    outer loop
      vertex 37.7692 0.923437 3.08335
      vertex 35.3741 0.485479 4.45458
      vertex 37.9923 0.485479 3.08335
    endloop
  endfacet
  facet normal 0.451494 0.230078 0.8621
    outer loop
      vertex 37.7692 0.923437 3.08335
      vertex 35.1722 0.881678 4.45458
      vertex 35.3741 0.485479 4.45458
    endloop
  endfacet
  facet normal 0.451579 0.229388 0.86224
    outer loop
      vertex 35.1722 0.881678 4.45458
      vertex 37.7692 0.923437 3.08335
      vertex 35.1305 0.923437 4.46531
    endloop
  endfacet
  facet normal 0.475773 0.824063 0.307507
    outer loop
      vertex -16.2401 34.3735 0.541345
      vertex 38.3105 2.49448 1.57105
      vertex 38.5072 2.76516 0.541345
    endloop
  endfacet
  facet normal 0.475777 0.82407 0.30748
    outer loop
      vertex 38.3105 2.49448 1.57105
      vertex -16.2401 34.3735 0.541345
      vertex -16.4367 34.1028 1.57105
    endloop
  endfacet
  facet normal 0.432293 0.848381 -0.305569
    outer loop
      vertex -16.4367 34.1028 -1.57105
      vertex -17.1929 34.859 -0.541345
      vertex -16.2401 34.3735 -0.541345
    endloop
  endfacet
  facet normal 0.127028 0.802492 -0.582984
    outer loop
      vertex -17.4929 33.9356 -2.44696
      vertex -18.2491 34.0553 -2.44696
      vertex -17.2963 34.5408 -1.57105
    endloop
  endfacet
  facet normal 0.127088 0.802451 0.583028
    outer loop
      vertex -18.2491 34.6917 1.57105
      vertex -18.2491 34.0553 2.44696
      vertex -17.2963 34.5408 1.57105
    endloop
  endfacet
  facet normal 0.127028 0.802492 0.582984
    outer loop
      vertex -17.2963 34.5408 1.57105
      vertex -18.2491 34.0553 2.44696
      vertex -17.4929 33.9356 2.44696
    endloop
  endfacet
  facet normal 0.890997 0.454008 0
    outer loop
      vertex 39.7488 1.0562 0.541345
      vertex 39.2633 2.009 -0.541345
      vertex 39.2633 2.009 0.541345
    endloop
  endfacet
  facet normal 0.890997 0.454008 0
    outer loop
      vertex 39.2633 2.009 -0.541345
      vertex 39.7488 1.0562 0.541345
      vertex 39.7488 1.0562 -0.541345
    endloop
  endfacet
  facet normal 0.368861 0.723911 -0.583005
    outer loop
      vertex -16.8108 33.588 -2.44696
      vertex -17.2963 34.5408 -1.57105
      vertex -16.4367 34.1028 -1.57105
    endloop
  endfacet
  facet normal 0.368906 0.723909 -0.582979
    outer loop
      vertex -16.8108 33.588 -2.44696
      vertex -17.4929 33.9356 -2.44696
      vertex -17.2963 34.5408 -1.57105
    endloop
  endfacet
  facet normal 0.278457 0.14188 -0.949912
    outer loop
      vertex 4.95468 0.485479 -20.386
      vertex 3.89848 0.318194 -20.7206
      vertex 4.73153 0.923437 -20.386
    endloop
  endfacet
  facet normal -0.891007 -0.45399 -0.000503676
    outer loop
      vertex 2.37764 0.772542 -20.7206
      vertex 2.02254 1.46946 -20.7156
      vertex 2.03523 1.44456 -20.7206
    endloop
  endfacet
  facet normal -0.891005 -0.453993 0
    outer loop
      vertex 2.02254 1.46946 -20.7156
      vertex 2.37764 0.772542 -20.7206
      vertex 2.02254 1.46946 20.7156
    endloop
  endfacet
  facet normal -0.891005 -0.453993 -0
    outer loop
      vertex 2.37764 0.772542 20.7206
      vertex 2.02254 1.46946 20.7156
      vertex 2.37764 0.772542 -20.7206
    endloop
  endfacet
  facet normal -0.891007 -0.45399 0.000503676
    outer loop
      vertex 2.02254 1.46946 20.7156
      vertex 2.37764 0.772542 20.7206
      vertex 2.03523 1.44456 20.7206
    endloop
  endfacet
  facet normal -0.987688 -0.156436 0
    outer loop
      vertex 2.5 0 -20.7206
      vertex 2.37764 0.772542 20.7206
      vertex 2.37764 0.772542 -20.7206
    endloop
  endfacet
  facet normal -0.987688 -0.156436 0
    outer loop
      vertex 2.37764 0.772542 20.7206
      vertex 2.5 0 -20.7206
      vertex 2.5 0 20.7206
    endloop
  endfacet
  facet normal -0.707107 -0.707107 0
    outer loop
      vertex 2.02254 1.46946 -20.7156
      vertex 1.46946 2.02254 20.6494
      vertex 1.46946 2.02254 -20.6494
    endloop
  endfacet
  facet normal -0.707107 -0.707107 0
    outer loop
      vertex 1.46946 2.02254 20.6494
      vertex 2.02254 1.46946 -20.7156
      vertex 2.02254 1.46946 20.7156
    endloop
  endfacet
  facet normal -0.156419 -0.987691 0.000230604
    outer loop
      vertex 0 2.5 20.7206
      vertex 0.772542 2.37764 20.6628
      vertex 0.285473 2.45479 20.7206
    endloop
  endfacet
  facet normal -0.156436 -0.987688 0
    outer loop
      vertex 0 2.5 20.7206
      vertex 0.772542 2.37764 -20.6628
      vertex 0.772542 2.37764 20.6628
    endloop
  endfacet
  facet normal -0.156436 -0.987688 0
    outer loop
      vertex 0 2.5 -20.7206
      vertex 0.772542 2.37764 -20.6628
      vertex 0 2.5 20.7206
    endloop
  endfacet
  facet normal -0.156419 -0.987691 -0.000230604
    outer loop
      vertex 0.772542 2.37764 -20.6628
      vertex 0 2.5 -20.7206
      vertex 0.285473 2.45479 -20.7206
    endloop
  endfacet
  facet normal 0.987688 -0.156436 0
    outer loop
      vertex -2.5 0 20.6463
      vertex -2.37764 0.772542 -20.6861
      vertex -2.37764 0.772542 20.6861
    endloop
  endfacet
  facet normal 0.987688 -0.156436 0
    outer loop
      vertex -2.37764 0.772542 -20.6861
      vertex -2.5 0 20.6463
      vertex -2.5 0 -20.6463
    endloop
  endfacet
  facet normal -0.891007 0.45399 -0.000503676
    outer loop
      vertex 2.02254 -1.46946 -20.7156
      vertex 2.37764 -0.772542 -20.7206
      vertex 2.03523 -1.44456 -20.7206
    endloop
  endfacet
  facet normal -0.891005 0.453993 0
    outer loop
      vertex 2.37764 -0.772542 -20.7206
      vertex 2.02254 -1.46946 -20.7156
      vertex 2.37764 -0.772542 20.7206
    endloop
  endfacet
  facet normal -0.891005 0.453993 0
    outer loop
      vertex 2.02254 -1.46946 20.7156
      vertex 2.37764 -0.772542 20.7206
      vertex 2.02254 -1.46946 -20.7156
    endloop
  endfacet
  facet normal -0.891007 0.45399 0.000503676
    outer loop
      vertex 2.37764 -0.772542 20.7206
      vertex 2.02254 -1.46946 20.7156
      vertex 2.03523 -1.44456 20.7206
    endloop
  endfacet
  facet normal -0.453993 -0.891005 0
    outer loop
      vertex 0.772542 2.37764 20.6628
      vertex 1.46946 2.02254 -20.6494
      vertex 1.46946 2.02254 20.6494
    endloop
  endfacet
  facet normal -0.453993 -0.891005 0
    outer loop
      vertex 1.46946 2.02254 -20.6494
      vertex 0.772542 2.37764 20.6628
      vertex 0.772542 2.37764 -20.6628
    endloop
  endfacet
  facet normal 0.453993 -0.891005 0
    outer loop
      vertex -1.46946 2.02254 -20.7206
      vertex -0.772542 2.37764 20.7206
      vertex -1.46946 2.02254 20.7206
    endloop
  endfacet
  facet normal 0.453993 -0.891005 0
    outer loop
      vertex -0.772542 2.37764 20.7206
      vertex -1.46946 2.02254 -20.7206
      vertex -0.772542 2.37764 -20.7206
    endloop
  endfacet
  facet normal 0.156436 0.987688 -0
    outer loop
      vertex 0 -2.5 -20.7206
      vertex -0.772542 -2.37764 20.7206
      vertex 0 -2.5 20.7206
    endloop
  endfacet
  facet normal 0.156436 0.987688 0
    outer loop
      vertex -0.772542 -2.37764 20.7206
      vertex 0 -2.5 -20.7206
      vertex -0.772542 -2.37764 -20.7206
    endloop
  endfacet
  facet normal -0.707107 0.707107 0
    outer loop
      vertex 1.46946 -2.02254 -20.6494
      vertex 2.02254 -1.46946 20.7156
      vertex 2.02254 -1.46946 -20.7156
    endloop
  endfacet
  facet normal -0.707107 0.707107 0
    outer loop
      vertex 2.02254 -1.46946 20.7156
      vertex 1.46946 -2.02254 -20.6494
      vertex 1.46946 -2.02254 20.6494
    endloop
  endfacet
  facet normal 0.891002 0.453999 0.000148182
    outer loop
      vertex -2.02254 -1.46946 20.7206
      vertex -2.37764 -0.772542 20.6861
      vertex -2.27161 -0.980644 20.7206
    endloop
  endfacet
  facet normal 0.891005 0.453993 0
    outer loop
      vertex -2.37764 -0.772542 20.6861
      vertex -2.02254 -1.46946 20.7206
      vertex -2.37764 -0.772542 -20.6861
    endloop
  endfacet
  facet normal 0.891005 0.453993 -0
    outer loop
      vertex -2.02254 -1.46946 -20.7206
      vertex -2.37764 -0.772542 -20.6861
      vertex -2.02254 -1.46946 20.7206
    endloop
  endfacet
  facet normal 0.891002 0.453999 -0.000148182
    outer loop
      vertex -2.37764 -0.772542 -20.6861
      vertex -2.02254 -1.46946 -20.7206
      vertex -2.27161 -0.980644 -20.7206
    endloop
  endfacet
  facet normal 0.156436 -0.987688 0
    outer loop
      vertex -0.772542 2.37764 -20.7206
      vertex 0 2.5 20.7206
      vertex -0.772542 2.37764 20.7206
    endloop
  endfacet
  facet normal 0.156436 -0.987688 0
    outer loop
      vertex 0 2.5 20.7206
      vertex -0.772542 2.37764 -20.7206
      vertex 0 2.5 -20.7206
    endloop
  endfacet
  facet normal -0.453993 0.891005 0
    outer loop
      vertex 1.46946 -2.02254 -20.6494
      vertex 0.772542 -2.37764 20.6628
      vertex 1.46946 -2.02254 20.6494
    endloop
  endfacet
  facet normal -0.453993 0.891005 0
    outer loop
      vertex 0.772542 -2.37764 20.6628
      vertex 1.46946 -2.02254 -20.6494
      vertex 0.772542 -2.37764 -20.6628
    endloop
  endfacet
  facet normal -0.156419 0.987691 0.000230604
    outer loop
      vertex 0.772542 -2.37764 20.6628
      vertex 0 -2.5 20.7206
      vertex 0.285473 -2.45479 20.7206
    endloop
  endfacet
  facet normal -0.156436 0.987688 0
    outer loop
      vertex 0.772542 -2.37764 -20.6628
      vertex 0 -2.5 20.7206
      vertex 0.772542 -2.37764 20.6628
    endloop
  endfacet
  facet normal -0.156419 0.987691 -0.000230604
    outer loop
      vertex 0 -2.5 -20.7206
      vertex 0.772542 -2.37764 -20.6628
      vertex 0.285473 -2.45479 -20.7206
    endloop
  endfacet
  facet normal -0.156436 0.987688 0
    outer loop
      vertex 0.772542 -2.37764 -20.6628
      vertex 0 -2.5 -20.7206
      vertex 0 -2.5 20.7206
    endloop
  endfacet
  facet normal 0.987688 0.156436 0
    outer loop
      vertex -2.37764 -0.772542 20.6861
      vertex -2.5 0 -20.6463
      vertex -2.5 0 20.6463
    endloop
  endfacet
  facet normal 0.987688 0.156436 0
    outer loop
      vertex -2.5 0 -20.6463
      vertex -2.37764 -0.772542 20.6861
      vertex -2.37764 -0.772542 -20.6861
    endloop
  endfacet
  facet normal 0.891002 -0.453999 0.000148182
    outer loop
      vertex -2.37764 0.772542 20.6861
      vertex -2.02254 1.46946 20.7206
      vertex -2.27161 0.980644 20.7206
    endloop
  endfacet
  facet normal 0.891005 -0.453993 0
    outer loop
      vertex -2.02254 1.46946 20.7206
      vertex -2.37764 0.772542 20.6861
      vertex -2.02254 1.46946 -20.7206
    endloop
  endfacet
  facet normal 0.891005 -0.453993 0
    outer loop
      vertex -2.37764 0.772542 -20.6861
      vertex -2.02254 1.46946 -20.7206
      vertex -2.37764 0.772542 20.6861
    endloop
  endfacet
  facet normal 0.891002 -0.453999 -0.000148182
    outer loop
      vertex -2.02254 1.46946 -20.7206
      vertex -2.37764 0.772542 -20.6861
      vertex -2.27161 0.980644 -20.7206
    endloop
  endfacet
  facet normal 0.707107 -0.707107 0
    outer loop
      vertex -2.02254 1.46946 20.7206
      vertex -1.46946 2.02254 -20.7206
      vertex -1.46946 2.02254 20.7206
    endloop
  endfacet
  facet normal 0.707107 -0.707107 0
    outer loop
      vertex -1.46946 2.02254 -20.7206
      vertex -2.02254 1.46946 20.7206
      vertex -2.02254 1.46946 -20.7206
    endloop
  endfacet
  facet normal -0.987688 0.156436 0
    outer loop
      vertex 2.37764 -0.772542 -20.7206
      vertex 2.5 0 20.7206
      vertex 2.5 0 -20.7206
    endloop
  endfacet
  facet normal -0.987688 0.156436 0
    outer loop
      vertex 2.5 0 20.7206
      vertex 2.37764 -0.772542 -20.7206
      vertex 2.37764 -0.772542 20.7206
    endloop
  endfacet
  facet normal 0.707107 0.707107 0
    outer loop
      vertex -1.46946 -2.02254 20.7206
      vertex -2.02254 -1.46946 -20.7206
      vertex -2.02254 -1.46946 20.7206
    endloop
  endfacet
  facet normal 0.707107 0.707107 0
    outer loop
      vertex -2.02254 -1.46946 -20.7206
      vertex -1.46946 -2.02254 20.7206
      vertex -1.46946 -2.02254 -20.7206
    endloop
  endfacet
  facet normal 0.453993 0.891005 -0
    outer loop
      vertex -0.772542 -2.37764 -20.7206
      vertex -1.46946 -2.02254 20.7206
      vertex -0.772542 -2.37764 20.7206
    endloop
  endfacet
  facet normal 0.453993 0.891005 0
    outer loop
      vertex -1.46946 -2.02254 20.7206
      vertex -0.772542 -2.37764 -20.7206
      vertex -1.46946 -2.02254 -20.7206
    endloop
  endfacet
endsolid OpenSCAD_Model
