solid OpenSCAD_Model
  facet normal -0.454105 -0.890948 0
    outer loop
      vertex 30.728 1.2961 -4.27162
      vertex 30.728 1.2961 4.27162
      vertex 30.472 1.42658 4.3374
    endloop
  endfacet
  facet normal -0.453929 -0.891038 -0
    outer loop
      vertex 30.728 1.2961 4.27162
      vertex 30.728 1.2961 -4.27162
      vertex 30.8901 1.21352 4.22928
    endloop
  endfacet
  facet normal -0.453929 -0.891038 -0
    outer loop
      vertex 30.8901 1.21352 4.22928
      vertex 30.728 1.2961 -4.27162
      vertex 30.8901 1.21352 -4.22928
    endloop
  endfacet
  facet normal -0.454105 -0.890948 0
    outer loop
      vertex 30.728 1.2961 -4.27162
      vertex 30.472 1.42658 4.3374
      vertex 30.472 1.42658 -4.3374
    endloop
  endfacet
  facet normal -0.891026 -0.453946 0.00248343
    outer loop
      vertex 31.435 0.463525 -4.23877
      vertex 31.222 0.881678 -4.22646
      vertex 31.2472 0.832147 -4.23877
    endloop
  endfacet
  facet normal -0.891058 -0.45389 0
    outer loop
      vertex 31.222 0.881678 -4.22646
      vertex 31.435 0.463525 -4.23877
      vertex 31.222 0.881678 4.22646
    endloop
  endfacet
  facet normal -0.891058 -0.45389 -0
    outer loop
      vertex 31.435 0.463525 4.23877
      vertex 31.222 0.881678 4.22646
      vertex 31.435 0.463525 -4.23877
    endloop
  endfacet
  facet normal -0.891026 -0.453946 -0.00248343
    outer loop
      vertex 31.222 0.881678 4.22646
      vertex 31.435 0.463525 4.23877
      vertex 31.2472 0.832147 4.23877
    endloop
  endfacet
  facet normal -0.987672 -0.156452 0.00510564
    outer loop
      vertex 31.5084 0 -4.24355
      vertex 31.435 0.463525 -4.23877
      vertex 31.4391 0.437486 -4.24355
    endloop
  endfacet
  facet normal -0.987693 -0.156403 0
    outer loop
      vertex 31.435 0.463525 -4.23877
      vertex 31.5084 0 -4.24355
      vertex 31.435 0.463525 4.23877
    endloop
  endfacet
  facet normal -0.987693 -0.156403 -0
    outer loop
      vertex 31.5084 0 4.24355
      vertex 31.435 0.463525 4.23877
      vertex 31.5084 0 -4.24355
    endloop
  endfacet
  facet normal -0.987672 -0.156452 -0.00510564
    outer loop
      vertex 31.435 0.463525 4.23877
      vertex 31.5084 0 4.24355
      vertex 31.4391 0.437486 4.24355
    endloop
  endfacet
  facet normal -0.707045 -0.707169 0
    outer loop
      vertex 30.8901 1.21352 4.22928
      vertex 31.222 0.881678 -4.22646
      vertex 31.222 0.881678 4.22646
    endloop
  endfacet
  facet normal -0.707045 -0.707169 0
    outer loop
      vertex 31.222 0.881678 -4.22646
      vertex 30.8901 1.21352 4.22928
      vertex 30.8901 1.21352 -4.22928
    endloop
  endfacet
  facet normal 0.453929 -0.891038 0
    outer loop
      vertex 29.2888 1.2961 -5.02538
      vertex 29.2888 1.2961 5.02538
      vertex 29.1267 1.21352 5.1528
    endloop
  endfacet
  facet normal 0.453964 -0.89102 0
    outer loop
      vertex 29.2888 1.2961 5.02538
      vertex 29.2888 1.2961 -5.02538
      vertex 29.5449 1.42658 4.82292
    endloop
  endfacet
  facet normal 0.453964 -0.89102 0
    outer loop
      vertex 29.5449 1.42658 4.82292
      vertex 29.2888 1.2961 -5.02538
      vertex 29.5449 1.42658 -4.82292
    endloop
  endfacet
  facet normal 0.453929 -0.891038 0
    outer loop
      vertex 29.2888 1.2961 -5.02538
      vertex 29.1267 1.21352 5.1528
      vertex 29.1267 1.21352 -5.1528
    endloop
  endfacet
  facet normal 0.890178 -0.455599 -0.00345391
    outer loop
      vertex 28.5818 0.463525 5.73304
      vertex 28.7949 0.881678 5.49757
      vertex 28.7697 0.832147 5.53631
    endloop
  endfacet
  facet normal 0.890972 -0.454059 0
    outer loop
      vertex 28.7949 0.881678 5.49757
      vertex 28.5818 0.463525 5.73304
      vertex 28.7949 0.881678 -5.49757
    endloop
  endfacet
  facet normal 0.890972 -0.454059 0
    outer loop
      vertex 28.5818 0.463525 -5.73304
      vertex 28.7949 0.881678 -5.49757
      vertex 28.5818 0.463525 5.73304
    endloop
  endfacet
  facet normal 0.890178 -0.455599 0.00345391
    outer loop
      vertex 28.7949 0.881678 -5.49757
      vertex 28.5818 0.463525 -5.73304
      vertex 28.7697 0.832147 -5.53631
    endloop
  endfacet
  facet normal -0.987672 0.156452 0.00510564
    outer loop
      vertex 31.435 -0.463525 -4.23877
      vertex 31.5084 0 -4.24355
      vertex 31.4391 -0.437486 -4.24355
    endloop
  endfacet
  facet normal -0.987693 0.156403 0
    outer loop
      vertex 31.5084 0 -4.24355
      vertex 31.435 -0.463525 -4.23877
      vertex 31.5084 0 4.24355
    endloop
  endfacet
  facet normal -0.987693 0.156403 0
    outer loop
      vertex 31.435 -0.463525 4.23877
      vertex 31.5084 0 4.24355
      vertex 31.435 -0.463525 -4.23877
    endloop
  endfacet
  facet normal -0.987672 0.156452 -0.00510564
    outer loop
      vertex 31.5084 0 4.24355
      vertex 31.435 -0.463525 4.23877
      vertex 31.4391 -0.437486 4.24355
    endloop
  endfacet
  facet normal -0.15642 -0.987691 0
    outer loop
      vertex 30.0084 1.5 4.54171
      vertex 30.472 1.42658 -4.3374
      vertex 30.472 1.42658 4.3374
    endloop
  endfacet
  facet normal -0.15642 -0.987691 0
    outer loop
      vertex 30.472 1.42658 -4.3374
      vertex 30.0084 1.5 4.54171
      vertex 30.0084 1.5 -4.54171
    endloop
  endfacet
  facet normal -0.15642 0.987691 0
    outer loop
      vertex 30.472 -1.42658 -4.3374
      vertex 30.0084 -1.5 4.54171
      vertex 30.472 -1.42658 4.3374
    endloop
  endfacet
  facet normal -0.15642 0.987691 0
    outer loop
      vertex 30.0084 -1.5 4.54171
      vertex 30.472 -1.42658 -4.3374
      vertex 30.0084 -1.5 -4.54171
    endloop
  endfacet
  facet normal 0.890178 0.455599 -0.00345391
    outer loop
      vertex 28.7949 -0.881678 5.49757
      vertex 28.5818 -0.463525 5.73304
      vertex 28.7697 -0.832147 5.53631
    endloop
  endfacet
  facet normal 0.890972 0.454059 0
    outer loop
      vertex 28.5818 -0.463525 5.73304
      vertex 28.7949 -0.881678 5.49757
      vertex 28.5818 -0.463525 -5.73304
    endloop
  endfacet
  facet normal 0.890972 0.454059 -0
    outer loop
      vertex 28.7949 -0.881678 -5.49757
      vertex 28.5818 -0.463525 -5.73304
      vertex 28.7949 -0.881678 5.49757
    endloop
  endfacet
  facet normal 0.890178 0.455599 0.00345391
    outer loop
      vertex 28.5818 -0.463525 -5.73304
      vertex 28.7949 -0.881678 -5.49757
      vertex 28.7697 -0.832147 -5.53631
    endloop
  endfacet
  facet normal -0.891026 0.453946 0.00248343
    outer loop
      vertex 31.222 -0.881678 -4.22646
      vertex 31.435 -0.463525 -4.23877
      vertex 31.2472 -0.832147 -4.23877
    endloop
  endfacet
  facet normal -0.891058 0.45389 0
    outer loop
      vertex 31.435 -0.463525 -4.23877
      vertex 31.222 -0.881678 -4.22646
      vertex 31.435 -0.463525 4.23877
    endloop
  endfacet
  facet normal -0.891058 0.45389 0
    outer loop
      vertex 31.222 -0.881678 4.22646
      vertex 31.435 -0.463525 4.23877
      vertex 31.222 -0.881678 -4.22646
    endloop
  endfacet
  facet normal -0.891026 0.453946 -0.00248343
    outer loop
      vertex 31.435 -0.463525 4.23877
      vertex 31.222 -0.881678 4.22646
      vertex 31.2472 -0.832147 4.23877
    endloop
  endfacet
  facet normal 0.707152 -0.707062 0
    outer loop
      vertex 28.7949 0.881678 5.49757
      vertex 29.1267 1.21352 -5.1528
      vertex 29.1267 1.21352 5.1528
    endloop
  endfacet
  facet normal 0.707152 -0.707062 0
    outer loop
      vertex 29.1267 1.21352 -5.1528
      vertex 28.7949 0.881678 5.49757
      vertex 28.7949 0.881678 -5.49757
    endloop
  endfacet
  facet normal -0.453929 0.891038 0
    outer loop
      vertex 30.728 -1.2961 -4.27162
      vertex 30.728 -1.2961 4.27162
      vertex 30.8901 -1.21352 4.22928
    endloop
  endfacet
  facet normal -0.453929 0.891038 0
    outer loop
      vertex 30.728 -1.2961 -4.27162
      vertex 30.8901 -1.21352 4.22928
      vertex 30.8901 -1.21352 -4.22928
    endloop
  endfacet
  facet normal -0.454105 0.890948 0
    outer loop
      vertex 30.728 -1.2961 4.27162
      vertex 30.728 -1.2961 -4.27162
      vertex 30.472 -1.42658 4.3374
    endloop
  endfacet
  facet normal -0.454105 0.890948 0
    outer loop
      vertex 30.472 -1.42658 4.3374
      vertex 30.728 -1.2961 -4.27162
      vertex 30.472 -1.42658 -4.3374
    endloop
  endfacet
  facet normal 0.156453 -0.987685 0
    outer loop
      vertex 29.5449 1.42658 4.82292
      vertex 30.0084 1.5 -4.54171
      vertex 30.0084 1.5 4.54171
    endloop
  endfacet
  facet normal 0.156453 -0.987685 0
    outer loop
      vertex 30.0084 1.5 -4.54171
      vertex 29.5449 1.42658 4.82292
      vertex 29.5449 1.42658 -4.82292
    endloop
  endfacet
  facet normal 0.987541 -0.157277 -0.00509424
    outer loop
      vertex 28.5084 0 5.81473
      vertex 28.5818 0.463525 5.73304
      vertex 28.5777 0.437486 5.74215
    endloop
  endfacet
  facet normal 0.987693 -0.156403 0
    outer loop
      vertex 28.5818 0.463525 5.73304
      vertex 28.5084 0 5.81473
      vertex 28.5818 0.463525 -5.73304
    endloop
  endfacet
  facet normal 0.987693 -0.156403 0
    outer loop
      vertex 28.5084 0 -5.81473
      vertex 28.5818 0.463525 -5.73304
      vertex 28.5084 0 5.81473
    endloop
  endfacet
  facet normal 0.987541 -0.157277 0.00509424
    outer loop
      vertex 28.5818 0.463525 -5.73304
      vertex 28.5084 0 -5.81473
      vertex 28.5777 0.437486 -5.74215
    endloop
  endfacet
  facet normal 0.156453 0.987685 -0
    outer loop
      vertex 30.0084 -1.5 -4.54171
      vertex 29.5449 -1.42658 4.82292
      vertex 30.0084 -1.5 4.54171
    endloop
  endfacet
  facet normal 0.156453 0.987685 0
    outer loop
      vertex 29.5449 -1.42658 4.82292
      vertex 30.0084 -1.5 -4.54171
      vertex 29.5449 -1.42658 -4.82292
    endloop
  endfacet
  facet normal 0.987541 0.157277 -0.00509424
    outer loop
      vertex 28.5818 -0.463525 5.73304
      vertex 28.5084 0 5.81473
      vertex 28.5777 -0.437486 5.74215
    endloop
  endfacet
  facet normal 0.987693 0.156403 0
    outer loop
      vertex 28.5084 0 5.81473
      vertex 28.5818 -0.463525 5.73304
      vertex 28.5084 0 -5.81473
    endloop
  endfacet
  facet normal 0.987693 0.156403 -0
    outer loop
      vertex 28.5818 -0.463525 -5.73304
      vertex 28.5084 0 -5.81473
      vertex 28.5818 -0.463525 5.73304
    endloop
  endfacet
  facet normal 0.987541 0.157277 0.00509424
    outer loop
      vertex 28.5084 0 -5.81473
      vertex 28.5818 -0.463525 -5.73304
      vertex 28.5777 -0.437486 -5.74215
    endloop
  endfacet
  facet normal -0.707045 0.707169 0
    outer loop
      vertex 31.222 -0.881678 -4.22646
      vertex 30.8901 -1.21352 4.22928
      vertex 31.222 -0.881678 4.22646
    endloop
  endfacet
  facet normal -0.707045 0.707169 0
    outer loop
      vertex 30.8901 -1.21352 4.22928
      vertex 31.222 -0.881678 -4.22646
      vertex 30.8901 -1.21352 -4.22928
    endloop
  endfacet
  facet normal 0.707152 0.707062 -0
    outer loop
      vertex 29.1267 -1.21352 -5.1528
      vertex 28.7949 -0.881678 5.49757
      vertex 29.1267 -1.21352 5.1528
    endloop
  endfacet
  facet normal 0.707152 0.707062 0
    outer loop
      vertex 28.7949 -0.881678 5.49757
      vertex 29.1267 -1.21352 -5.1528
      vertex 28.7949 -0.881678 -5.49757
    endloop
  endfacet
  facet normal 0.453964 0.89102 -0
    outer loop
      vertex 29.2888 -1.2961 -5.02538
      vertex 29.2888 -1.2961 5.02538
      vertex 29.5449 -1.42658 4.82292
    endloop
  endfacet
  facet normal 0.453964 0.89102 0
    outer loop
      vertex 29.2888 -1.2961 -5.02538
      vertex 29.5449 -1.42658 4.82292
      vertex 29.5449 -1.42658 -4.82292
    endloop
  endfacet
  facet normal 0.453929 0.891038 0
    outer loop
      vertex 29.2888 -1.2961 5.02538
      vertex 29.2888 -1.2961 -5.02538
      vertex 29.1267 -1.21352 5.1528
    endloop
  endfacet
  facet normal 0.453929 0.891038 0
    outer loop
      vertex 29.1267 -1.21352 5.1528
      vertex 29.2888 -1.2961 -5.02538
      vertex 29.1267 -1.21352 -5.1528
    endloop
  endfacet
  facet normal 0.83868 -0.544625 -0.000280399
    outer loop
      vertex -16.3745 26.5982 4.22546
      vertex -16.1189 26.9918 4.23366
      vertex -16.1876 26.886 4.24787
    endloop
  endfacet
  facet normal 0.838677 -0.544629 0
    outer loop
      vertex -16.1189 26.9918 4.23366
      vertex -16.3745 26.5982 4.22546
      vertex -16.1189 26.9918 -4.23366
    endloop
  endfacet
  facet normal 0.838677 -0.544629 0
    outer loop
      vertex -16.3745 26.5982 -4.22546
      vertex -16.1189 26.9918 -4.23366
      vertex -16.3745 26.5982 4.22546
    endloop
  endfacet
  facet normal 0.83868 -0.544625 0.000280399
    outer loop
      vertex -16.1189 26.9918 -4.23366
      vertex -16.3745 26.5982 -4.22546
      vertex -16.1876 26.886 -4.24787
    endloop
  endfacet
  facet normal 0.629279 -0.777178 0.00141685
    outer loop
      vertex -16.1189 26.9918 4.23366
      vertex -15.7542 27.2871 4.23543
      vertex -15.8707 27.1928 4.25177
    endloop
  endfacet
  facet normal 0.629284 -0.777175 0
    outer loop
      vertex -16.1189 26.9918 -4.23366
      vertex -15.7542 27.2871 4.23543
      vertex -16.1189 26.9918 4.23366
    endloop
  endfacet
  facet normal 0.629284 -0.777175 0
    outer loop
      vertex -16.1189 26.9918 -4.23366
      vertex -15.7542 27.2871 -4.23543
      vertex -15.7542 27.2871 4.23543
    endloop
  endfacet
  facet normal 0.629279 -0.777178 -0.00141685
    outer loop
      vertex -15.7542 27.2871 -4.23543
      vertex -16.1189 26.9918 -4.23366
      vertex -15.8707 27.1928 -4.25177
    endloop
  endfacet
  facet normal 0.965946 -0.258663 0.00641307
    outer loop
      vertex -16.496 26.1449 4.24273
      vertex -16.3745 26.5982 4.22546
      vertex -16.3986 26.5085 4.23751
    endloop
  endfacet
  facet normal 0.965905 -0.258896 0
    outer loop
      vertex -16.3745 26.5982 4.22546
      vertex -16.496 26.1449 4.24273
      vertex -16.3745 26.5982 -4.22546
    endloop
  endfacet
  facet normal 0.965905 -0.258896 0
    outer loop
      vertex -16.496 26.1449 -4.24273
      vertex -16.3745 26.5982 -4.22546
      vertex -16.496 26.1449 4.24273
    endloop
  endfacet
  facet normal 0.965946 -0.258663 -0.00641307
    outer loop
      vertex -16.3745 26.5982 -4.22546
      vertex -16.496 26.1449 -4.24273
      vertex -16.3986 26.5085 -4.23751
    endloop
  endfacet
  facet normal 0.358419 -0.933561 -0.000475281
    outer loop
      vertex -15.7542 27.2871 4.23543
      vertex -15.3161 27.4553 4.23179
      vertex -15.476 27.3939 4.25177
    endloop
  endfacet
  facet normal 0.358422 -0.93356 0
    outer loop
      vertex -15.7542 27.2871 4.23543
      vertex -15.3161 27.4553 -4.23179
      vertex -15.3161 27.4553 4.23179
    endloop
  endfacet
  facet normal 0.358422 -0.93356 0
    outer loop
      vertex -15.7542 27.2871 -4.23543
      vertex -15.3161 27.4553 -4.23179
      vertex -15.7542 27.2871 4.23543
    endloop
  endfacet
  facet normal 0.358419 -0.933561 0.000475281
    outer loop
      vertex -15.3161 27.4553 -4.23179
      vertex -15.7542 27.2871 -4.23543
      vertex -15.476 27.3939 -4.25177
    endloop
  endfacet
  facet normal -0.544629 -0.838677 0
    outer loop
      vertex -14.3941 27.3584 -4.24036
      vertex -14.0005 27.1028 4.35153
      vertex -14.3941 27.3584 4.24036
    endloop
  endfacet
  facet normal -0.544629 -0.838677 -0
    outer loop
      vertex -14.0005 27.1028 4.35153
      vertex -14.3941 27.3584 -4.24036
      vertex -14.0005 27.1028 -4.35153
    endloop
  endfacet
  facet normal -0.0527675 0.998606 0.00115097
    outer loop
      vertex -14.6923 24.5208 5.72794
      vertex -15.161 24.4963 5.49657
      vertex -14.8182 24.5142 5.68221
    endloop
  endfacet
  facet normal -0.052201 0.998637 0
    outer loop
      vertex -14.6923 24.5208 5.72794
      vertex -15.161 24.4963 -5.49657
      vertex -15.161 24.4963 5.49657
    endloop
  endfacet
  facet normal -0.052201 0.998637 0
    outer loop
      vertex -14.6923 24.5208 -5.72794
      vertex -15.161 24.4963 -5.49657
      vertex -14.6923 24.5208 5.72794
    endloop
  endfacet
  facet normal -0.0527675 0.998606 -0.00115097
    outer loop
      vertex -15.161 24.4963 -5.49657
      vertex -14.6923 24.5208 -5.72794
      vertex -14.8182 24.5142 -5.68221
    endloop
  endfacet
  facet normal 0.998625 0.0524135 0
    outer loop
      vertex -16.4714 25.6762 4.35431
      vertex -16.496 26.1449 -4.24273
      vertex -16.496 26.1449 4.24273
    endloop
  endfacet
  facet normal 0.998625 0.0524135 0
    outer loop
      vertex -16.496 26.1449 -4.24273
      vertex -16.4714 25.6762 4.35431
      vertex -16.4714 25.6762 -4.35431
    endloop
  endfacet
  facet normal -0.998625 -0.0524246 0
    outer loop
      vertex -13.5124 25.8313 -5.16387
      vertex -13.537 26.2999 4.83705
      vertex -13.537 26.2999 -4.83705
    endloop
  endfacet
  facet normal -0.998625 -0.0524246 0
    outer loop
      vertex -13.537 26.2999 4.83705
      vertex -13.5124 25.8313 -5.16387
      vertex -13.5124 25.8313 5.16387
    endloop
  endfacet
  facet normal -0.777175 -0.629284 0
    outer loop
      vertex -13.7052 26.7381 -4.55713
      vertex -14.0005 27.1028 4.35153
      vertex -14.0005 27.1028 -4.35153
    endloop
  endfacet
  facet normal -0.777175 -0.629284 0
    outer loop
      vertex -14.0005 27.1028 4.35153
      vertex -13.7052 26.7381 -4.55713
      vertex -13.7052 26.7381 4.55713
    endloop
  endfacet
  facet normal 0.544629 0.838677 0
    outer loop
      vertex -15.6143 24.6177 5.16624
      vertex -16.0079 24.8733 -4.83983
      vertex -16.0079 24.8733 4.83983
    endloop
  endfacet
  facet normal 0.544629 0.838677 0
    outer loop
      vertex -16.0079 24.8733 -4.83983
      vertex -15.6143 24.6177 5.16624
      vertex -15.6143 24.6177 -5.16624
    endloop
  endfacet
  facet normal -0.933587 -0.358351 0
    outer loop
      vertex -13.537 26.2999 -4.83705
      vertex -13.7052 26.7381 4.55713
      vertex -13.7052 26.7381 -4.55713
    endloop
  endfacet
  facet normal -0.933587 -0.358351 0
    outer loop
      vertex -13.7052 26.7381 4.55713
      vertex -13.537 26.2999 -4.83705
      vertex -13.537 26.2999 4.83705
    endloop
  endfacet
  facet normal 0.0521826 -0.998637 -0.000765573
    outer loop
      vertex -15.3161 27.4553 4.23179
      vertex -14.8474 27.4798 4.22054
      vertex -15.0422 27.4696 4.24787
    endloop
  endfacet
  facet normal 0.052201 -0.998637 0
    outer loop
      vertex -15.3161 27.4553 4.23179
      vertex -14.8474 27.4798 -4.22054
      vertex -14.8474 27.4798 4.22054
    endloop
  endfacet
  facet normal 0.052201 -0.998637 0
    outer loop
      vertex -15.3161 27.4553 -4.23179
      vertex -14.8474 27.4798 -4.22054
      vertex -15.3161 27.4553 4.23179
    endloop
  endfacet
  facet normal 0.0521826 -0.998637 0.000765573
    outer loop
      vertex -14.8474 27.4798 -4.22054
      vertex -15.3161 27.4553 -4.23179
      vertex -15.0422 27.4696 -4.24787
    endloop
  endfacet
  facet normal -0.258964 -0.965864 0.00669239
    outer loop
      vertex -14.8474 27.4798 4.22054
      vertex -14.3941 27.3584 4.24036
      vertex -14.6146 27.4175 4.23751
    endloop
  endfacet
  facet normal -0.258697 -0.965959 0
    outer loop
      vertex -14.8474 27.4798 -4.22054
      vertex -14.3941 27.3584 4.24036
      vertex -14.8474 27.4798 4.22054
    endloop
  endfacet
  facet normal -0.258516 -0.966007 -1.04203e-05
    outer loop
      vertex -14.6146 27.4175 -4.23751
      vertex -14.3941 27.3584 4.24036
      vertex -14.8474 27.4798 -4.22054
    endloop
  endfacet
  facet normal -0.258889 -0.965907 -0
    outer loop
      vertex -14.3941 27.3584 4.24036
      vertex -14.6146 27.4175 -4.23751
      vertex -14.3941 27.3584 -4.24036
    endloop
  endfacet
  facet normal 0.25696 0.966419 0.00255351
    outer loop
      vertex -15.161 24.4963 5.49657
      vertex -15.6143 24.6177 5.16624
      vertex -15.2507 24.5203 5.43987
    endloop
  endfacet
  facet normal 0.258697 0.965959 0
    outer loop
      vertex -15.161 24.4963 5.49657
      vertex -15.6143 24.6177 -5.16624
      vertex -15.6143 24.6177 5.16624
    endloop
  endfacet
  facet normal 0.258697 0.965959 -0
    outer loop
      vertex -15.161 24.4963 -5.49657
      vertex -15.6143 24.6177 -5.16624
      vertex -15.161 24.4963 5.49657
    endloop
  endfacet
  facet normal 0.25696 0.966419 -0.00255351
    outer loop
      vertex -15.6143 24.6177 -5.16624
      vertex -15.161 24.4963 -5.49657
      vertex -15.2507 24.5203 -5.43987
    endloop
  endfacet
  facet normal -0.965936 0.25878 0
    outer loop
      vertex -13.5715 25.6107 -5.33012
      vertex -13.5124 25.8313 5.16387
      vertex -13.5124 25.8313 -5.16387
    endloop
  endfacet
  facet normal -0.965936 0.25878 0
    outer loop
      vertex -13.5715 25.6107 -5.33012
      vertex -13.5715 25.6107 5.33012
      vertex -13.5124 25.8313 5.16387
    endloop
  endfacet
  facet normal -0.965876 0.259006 0
    outer loop
      vertex -13.6339 25.378 -5.49164
      vertex -13.5715 25.6107 5.33012
      vertex -13.5715 25.6107 -5.33012
    endloop
  endfacet
  facet normal -0.965876 0.259006 0
    outer loop
      vertex -13.5715 25.6107 5.33012
      vertex -13.6339 25.378 -5.49164
      vertex -13.6339 25.378 5.49164
    endloop
  endfacet
  facet normal 0.933593 0.358336 0
    outer loop
      vertex -16.3594 25.3844 4.49131
      vertex -16.4714 25.6762 -4.35431
      vertex -16.4714 25.6762 4.35431
    endloop
  endfacet
  facet normal 0.933593 0.358336 0
    outer loop
      vertex -16.3594 25.3844 4.49131
      vertex -16.3594 25.3844 -4.49131
      vertex -16.4714 25.6762 -4.35431
    endloop
  endfacet
  facet normal 0.933494 0.358594 0
    outer loop
      vertex -16.3032 25.2381 4.55656
      vertex -16.3594 25.3844 -4.49131
      vertex -16.3594 25.3844 4.49131
    endloop
  endfacet
  facet normal 0.933494 0.358594 0
    outer loop
      vertex -16.3594 25.3844 -4.49131
      vertex -16.3032 25.2381 4.55656
      vertex -16.3032 25.2381 -4.55656
    endloop
  endfacet
  facet normal 0.777497 0.628886 0
    outer loop
      vertex -16.2046 25.1162 4.65353
      vertex -16.3032 25.2381 -4.55656
      vertex -16.3032 25.2381 4.55656
    endloop
  endfacet
  facet normal 0.777497 0.628886 0
    outer loop
      vertex -16.2046 25.1162 4.65353
      vertex -16.2046 25.1162 -4.65353
      vertex -16.3032 25.2381 -4.55656
    endloop
  endfacet
  facet normal 0.777141 0.629327 0
    outer loop
      vertex -16.0079 24.8733 4.83983
      vertex -16.2046 25.1162 -4.65353
      vertex -16.2046 25.1162 4.65353
    endloop
  endfacet
  facet normal 0.777141 0.629327 0
    outer loop
      vertex -16.2046 25.1162 -4.65353
      vertex -16.0079 24.8733 4.83983
      vertex -16.0079 24.8733 -4.83983
    endloop
  endfacet
  facet normal -0.358319 0.933599 -0.000656618
    outer loop
      vertex -14.2542 24.689 5.8066
      vertex -14.6923 24.5208 5.72794
      vertex -14.3941 24.6353 5.79839
    endloop
  endfacet
  facet normal -0.358422 0.93356 0
    outer loop
      vertex -14.2542 24.689 5.8066
      vertex -14.6923 24.5208 -5.72794
      vertex -14.6923 24.5208 5.72794
    endloop
  endfacet
  facet normal -0.358422 0.93356 0
    outer loop
      vertex -14.2542 24.689 -5.8066
      vertex -14.6923 24.5208 -5.72794
      vertex -14.2542 24.689 5.8066
    endloop
  endfacet
  facet normal -0.358319 0.933599 0.000656618
    outer loop
      vertex -14.6923 24.5208 -5.72794
      vertex -14.2542 24.689 -5.8066
      vertex -14.3941 24.6353 -5.79839
    endloop
  endfacet
  facet normal -0.62946 0.777033 -0.000351745
    outer loop
      vertex -13.8895 24.9844 5.72606
      vertex -14.2542 24.689 5.8066
      vertex -14.0226 24.8766 5.77411
    endloop
  endfacet
  facet normal -0.629413 0.777071 0
    outer loop
      vertex -13.8895 24.9844 -5.72606
      vertex -14.2542 24.689 5.8066
      vertex -13.8895 24.9844 5.72606
    endloop
  endfacet
  facet normal -0.62946 0.777033 0.000351745
    outer loop
      vertex -14.2542 24.689 -5.8066
      vertex -13.8895 24.9844 -5.72606
      vertex -14.0226 24.8766 -5.77411
    endloop
  endfacet
  facet normal -0.629413 0.777071 0
    outer loop
      vertex -13.8895 24.9844 -5.72606
      vertex -14.2542 24.689 -5.8066
      vertex -14.2542 24.689 5.8066
    endloop
  endfacet
  facet normal -0.837609 0.546256 -0.00389769
    outer loop
      vertex -13.8895 24.9844 -5.72606
      vertex -13.6339 25.378 -5.49164
      vertex -13.7401 25.2143 -5.61174
    endloop
  endfacet
  facet normal -0.838677 0.544629 0
    outer loop
      vertex -13.6339 25.378 -5.49164
      vertex -13.8895 24.9844 -5.72606
      vertex -13.6339 25.378 5.49164
    endloop
  endfacet
  facet normal -0.838677 0.544629 0
    outer loop
      vertex -13.8895 24.9844 5.72606
      vertex -13.6339 25.378 5.49164
      vertex -13.8895 24.9844 -5.72606
    endloop
  endfacet
  facet normal -0.837609 0.546256 0.00389769
    outer loop
      vertex -13.6339 25.378 5.49164
      vertex -13.8895 24.9844 5.72606
      vertex -13.7401 25.2143 5.61174
    endloop
  endfacet
  facet normal 0.83868 0.544625 -0.000280399
    outer loop
      vertex -16.1189 -26.9918 4.23366
      vertex -16.3745 -26.5982 4.22546
      vertex -16.1876 -26.886 4.24787
    endloop
  endfacet
  facet normal 0.838677 0.544629 0
    outer loop
      vertex -16.3745 -26.5982 4.22546
      vertex -16.1189 -26.9918 4.23366
      vertex -16.3745 -26.5982 -4.22546
    endloop
  endfacet
  facet normal 0.838677 0.544629 -0
    outer loop
      vertex -16.1189 -26.9918 -4.23366
      vertex -16.3745 -26.5982 -4.22546
      vertex -16.1189 -26.9918 4.23366
    endloop
  endfacet
  facet normal 0.83868 0.544625 0.000280399
    outer loop
      vertex -16.3745 -26.5982 -4.22546
      vertex -16.1189 -26.9918 -4.23366
      vertex -16.1876 -26.886 -4.24787
    endloop
  endfacet
  facet normal -0.258964 0.965864 0.00669239
    outer loop
      vertex -14.3941 -27.3584 4.24036
      vertex -14.8474 -27.4798 4.22054
      vertex -14.6146 -27.4175 4.23751
    endloop
  endfacet
  facet normal -0.258697 0.965959 0
    outer loop
      vertex -14.3941 -27.3584 4.24036
      vertex -14.8474 -27.4798 -4.22054
      vertex -14.8474 -27.4798 4.22054
    endloop
  endfacet
  facet normal -0.258516 0.966007 -1.04203e-05
    outer loop
      vertex -14.3941 -27.3584 4.24036
      vertex -14.6146 -27.4175 -4.23751
      vertex -14.8474 -27.4798 -4.22054
    endloop
  endfacet
  facet normal -0.258889 0.965907 0
    outer loop
      vertex -14.6146 -27.4175 -4.23751
      vertex -14.3941 -27.3584 4.24036
      vertex -14.3941 -27.3584 -4.24036
    endloop
  endfacet
  facet normal -0.777175 0.629284 0
    outer loop
      vertex -14.0005 -27.1028 -4.35153
      vertex -13.7052 -26.7381 4.55713
      vertex -13.7052 -26.7381 -4.55713
    endloop
  endfacet
  facet normal -0.777175 0.629284 0
    outer loop
      vertex -13.7052 -26.7381 4.55713
      vertex -14.0005 -27.1028 -4.35153
      vertex -14.0005 -27.1028 4.35153
    endloop
  endfacet
  facet normal -0.965876 -0.259006 0
    outer loop
      vertex -13.5715 -25.6107 -5.33012
      vertex -13.6339 -25.378 5.49164
      vertex -13.6339 -25.378 -5.49164
    endloop
  endfacet
  facet normal -0.965876 -0.259006 0
    outer loop
      vertex -13.5715 -25.6107 -5.33012
      vertex -13.5715 -25.6107 5.33012
      vertex -13.6339 -25.378 5.49164
    endloop
  endfacet
  facet normal -0.965936 -0.25878 0
    outer loop
      vertex -13.5124 -25.8313 -5.16387
      vertex -13.5715 -25.6107 5.33012
      vertex -13.5715 -25.6107 -5.33012
    endloop
  endfacet
  facet normal -0.965936 -0.25878 0
    outer loop
      vertex -13.5715 -25.6107 5.33012
      vertex -13.5124 -25.8313 -5.16387
      vertex -13.5124 -25.8313 5.16387
    endloop
  endfacet
  facet normal 0.358419 0.933561 -0.000475281
    outer loop
      vertex -15.3161 -27.4553 4.23179
      vertex -15.7542 -27.2871 4.23543
      vertex -15.476 -27.3939 4.25177
    endloop
  endfacet
  facet normal 0.358422 0.93356 -0
    outer loop
      vertex -15.3161 -27.4553 -4.23179
      vertex -15.7542 -27.2871 4.23543
      vertex -15.3161 -27.4553 4.23179
    endloop
  endfacet
  facet normal 0.358422 0.93356 0
    outer loop
      vertex -15.3161 -27.4553 -4.23179
      vertex -15.7542 -27.2871 -4.23543
      vertex -15.7542 -27.2871 4.23543
    endloop
  endfacet
  facet normal 0.358419 0.933561 0.000475281
    outer loop
      vertex -15.7542 -27.2871 -4.23543
      vertex -15.3161 -27.4553 -4.23179
      vertex -15.476 -27.3939 -4.25177
    endloop
  endfacet
  facet normal -0.998625 0.0524246 0
    outer loop
      vertex -13.537 -26.2999 -4.83705
      vertex -13.5124 -25.8313 5.16387
      vertex -13.5124 -25.8313 -5.16387
    endloop
  endfacet
  facet normal -0.998625 0.0524246 0
    outer loop
      vertex -13.5124 -25.8313 5.16387
      vertex -13.537 -26.2999 -4.83705
      vertex -13.537 -26.2999 4.83705
    endloop
  endfacet
  facet normal -0.544629 0.838677 0
    outer loop
      vertex -14.0005 -27.1028 4.35153
      vertex -14.3941 -27.3584 -4.24036
      vertex -14.3941 -27.3584 4.24036
    endloop
  endfacet
  facet normal -0.544629 0.838677 0
    outer loop
      vertex -14.3941 -27.3584 -4.24036
      vertex -14.0005 -27.1028 4.35153
      vertex -14.0005 -27.1028 -4.35153
    endloop
  endfacet
  facet normal -0.62946 -0.777033 -0.000351745
    outer loop
      vertex -14.2542 -24.689 5.8066
      vertex -13.8895 -24.9844 5.72606
      vertex -14.0226 -24.8766 5.77411
    endloop
  endfacet
  facet normal -0.629413 -0.777071 0
    outer loop
      vertex -14.2542 -24.689 5.8066
      vertex -13.8895 -24.9844 -5.72606
      vertex -13.8895 -24.9844 5.72606
    endloop
  endfacet
  facet normal -0.629413 -0.777071 0
    outer loop
      vertex -14.2542 -24.689 -5.8066
      vertex -13.8895 -24.9844 -5.72606
      vertex -14.2542 -24.689 5.8066
    endloop
  endfacet
  facet normal -0.62946 -0.777033 0.000351745
    outer loop
      vertex -13.8895 -24.9844 -5.72606
      vertex -14.2542 -24.689 -5.8066
      vertex -14.0226 -24.8766 -5.77411
    endloop
  endfacet
  facet normal 0.629279 0.777178 0.00141685
    outer loop
      vertex -15.7542 -27.2871 4.23543
      vertex -16.1189 -26.9918 4.23366
      vertex -15.8707 -27.1928 4.25177
    endloop
  endfacet
  facet normal 0.629284 0.777175 0
    outer loop
      vertex -15.7542 -27.2871 4.23543
      vertex -16.1189 -26.9918 -4.23366
      vertex -16.1189 -26.9918 4.23366
    endloop
  endfacet
  facet normal 0.629284 0.777175 -0
    outer loop
      vertex -15.7542 -27.2871 -4.23543
      vertex -16.1189 -26.9918 -4.23366
      vertex -15.7542 -27.2871 4.23543
    endloop
  endfacet
  facet normal 0.629279 0.777178 -0.00141685
    outer loop
      vertex -16.1189 -26.9918 -4.23366
      vertex -15.7542 -27.2871 -4.23543
      vertex -15.8707 -27.1928 -4.25177
    endloop
  endfacet
  facet normal 0.544629 -0.838677 0
    outer loop
      vertex -16.0079 -24.8733 -4.83983
      vertex -15.6143 -24.6177 5.16624
      vertex -16.0079 -24.8733 4.83983
    endloop
  endfacet
  facet normal 0.544629 -0.838677 0
    outer loop
      vertex -15.6143 -24.6177 5.16624
      vertex -16.0079 -24.8733 -4.83983
      vertex -15.6143 -24.6177 -5.16624
    endloop
  endfacet
  facet normal 0.0521826 0.998637 -0.000765573
    outer loop
      vertex -14.8474 -27.4798 4.22054
      vertex -15.3161 -27.4553 4.23179
      vertex -15.0422 -27.4696 4.24787
    endloop
  endfacet
  facet normal 0.052201 0.998637 -0
    outer loop
      vertex -14.8474 -27.4798 -4.22054
      vertex -15.3161 -27.4553 4.23179
      vertex -14.8474 -27.4798 4.22054
    endloop
  endfacet
  facet normal 0.052201 0.998637 0
    outer loop
      vertex -14.8474 -27.4798 -4.22054
      vertex -15.3161 -27.4553 -4.23179
      vertex -15.3161 -27.4553 4.23179
    endloop
  endfacet
  facet normal 0.0521826 0.998637 0.000765573
    outer loop
      vertex -15.3161 -27.4553 -4.23179
      vertex -14.8474 -27.4798 -4.22054
      vertex -15.0422 -27.4696 -4.24787
    endloop
  endfacet
  facet normal 0.965946 0.258663 0.00641307
    outer loop
      vertex -16.3745 -26.5982 4.22546
      vertex -16.496 -26.1449 4.24273
      vertex -16.3986 -26.5085 4.23751
    endloop
  endfacet
  facet normal 0.965905 0.258896 0
    outer loop
      vertex -16.496 -26.1449 4.24273
      vertex -16.3745 -26.5982 4.22546
      vertex -16.496 -26.1449 -4.24273
    endloop
  endfacet
  facet normal 0.965905 0.258896 -0
    outer loop
      vertex -16.3745 -26.5982 -4.22546
      vertex -16.496 -26.1449 -4.24273
      vertex -16.3745 -26.5982 4.22546
    endloop
  endfacet
  facet normal 0.965946 0.258663 -0.00641307
    outer loop
      vertex -16.496 -26.1449 -4.24273
      vertex -16.3745 -26.5982 -4.22546
      vertex -16.3986 -26.5085 -4.23751
    endloop
  endfacet
  facet normal 0.998625 -0.0524135 0
    outer loop
      vertex -16.496 -26.1449 4.24273
      vertex -16.4714 -25.6762 -4.35431
      vertex -16.4714 -25.6762 4.35431
    endloop
  endfacet
  facet normal 0.998625 -0.0524135 0
    outer loop
      vertex -16.4714 -25.6762 -4.35431
      vertex -16.496 -26.1449 4.24273
      vertex -16.496 -26.1449 -4.24273
    endloop
  endfacet
  facet normal -0.933587 0.358351 0
    outer loop
      vertex -13.7052 -26.7381 -4.55713
      vertex -13.537 -26.2999 4.83705
      vertex -13.537 -26.2999 -4.83705
    endloop
  endfacet
  facet normal -0.933587 0.358351 0
    outer loop
      vertex -13.537 -26.2999 4.83705
      vertex -13.7052 -26.7381 -4.55713
      vertex -13.7052 -26.7381 4.55713
    endloop
  endfacet
  facet normal -0.837609 -0.546256 -0.00389769
    outer loop
      vertex -13.6339 -25.378 -5.49164
      vertex -13.8895 -24.9844 -5.72606
      vertex -13.7401 -25.2143 -5.61174
    endloop
  endfacet
  facet normal -0.838677 -0.544629 0
    outer loop
      vertex -13.8895 -24.9844 -5.72606
      vertex -13.6339 -25.378 -5.49164
      vertex -13.8895 -24.9844 5.72606
    endloop
  endfacet
  facet normal -0.838677 -0.544629 -0
    outer loop
      vertex -13.6339 -25.378 5.49164
      vertex -13.8895 -24.9844 5.72606
      vertex -13.6339 -25.378 -5.49164
    endloop
  endfacet
  facet normal -0.837609 -0.546256 0.00389769
    outer loop
      vertex -13.8895 -24.9844 5.72606
      vertex -13.6339 -25.378 5.49164
      vertex -13.7401 -25.2143 5.61174
    endloop
  endfacet
  facet normal -0.358319 -0.933599 -0.000656618
    outer loop
      vertex -14.6923 -24.5208 5.72794
      vertex -14.2542 -24.689 5.8066
      vertex -14.3941 -24.6353 5.79839
    endloop
  endfacet
  facet normal -0.358422 -0.93356 0
    outer loop
      vertex -14.6923 -24.5208 -5.72794
      vertex -14.2542 -24.689 5.8066
      vertex -14.6923 -24.5208 5.72794
    endloop
  endfacet
  facet normal -0.358319 -0.933599 0.000656618
    outer loop
      vertex -14.2542 -24.689 -5.8066
      vertex -14.6923 -24.5208 -5.72794
      vertex -14.3941 -24.6353 -5.79839
    endloop
  endfacet
  facet normal -0.358422 -0.93356 0
    outer loop
      vertex -14.6923 -24.5208 -5.72794
      vertex -14.2542 -24.689 -5.8066
      vertex -14.2542 -24.689 5.8066
    endloop
  endfacet
  facet normal 0.777141 -0.629327 0
    outer loop
      vertex -16.2046 -25.1162 4.65353
      vertex -16.0079 -24.8733 -4.83983
      vertex -16.0079 -24.8733 4.83983
    endloop
  endfacet
  facet normal 0.777141 -0.629327 0
    outer loop
      vertex -16.2046 -25.1162 4.65353
      vertex -16.2046 -25.1162 -4.65353
      vertex -16.0079 -24.8733 -4.83983
    endloop
  endfacet
  facet normal 0.777497 -0.628886 0
    outer loop
      vertex -16.3032 -25.2381 4.55656
      vertex -16.2046 -25.1162 -4.65353
      vertex -16.2046 -25.1162 4.65353
    endloop
  endfacet
  facet normal 0.777497 -0.628886 0
    outer loop
      vertex -16.2046 -25.1162 -4.65353
      vertex -16.3032 -25.2381 4.55656
      vertex -16.3032 -25.2381 -4.55656
    endloop
  endfacet
  facet normal -0.0527675 -0.998606 0.00115097
    outer loop
      vertex -15.161 -24.4963 5.49657
      vertex -14.6923 -24.5208 5.72794
      vertex -14.8182 -24.5142 5.68221
    endloop
  endfacet
  facet normal -0.052201 -0.998637 0
    outer loop
      vertex -15.161 -24.4963 -5.49657
      vertex -14.6923 -24.5208 5.72794
      vertex -15.161 -24.4963 5.49657
    endloop
  endfacet
  facet normal -0.0527675 -0.998606 -0.00115097
    outer loop
      vertex -14.6923 -24.5208 -5.72794
      vertex -15.161 -24.4963 -5.49657
      vertex -14.8182 -24.5142 -5.68221
    endloop
  endfacet
  facet normal -0.052201 -0.998637 0
    outer loop
      vertex -15.161 -24.4963 -5.49657
      vertex -14.6923 -24.5208 -5.72794
      vertex -14.6923 -24.5208 5.72794
    endloop
  endfacet
  facet normal 0.933494 -0.358594 0
    outer loop
      vertex -16.3594 -25.3844 4.49131
      vertex -16.3032 -25.2381 -4.55656
      vertex -16.3032 -25.2381 4.55656
    endloop
  endfacet
  facet normal 0.933494 -0.358594 0
    outer loop
      vertex -16.3594 -25.3844 4.49131
      vertex -16.3594 -25.3844 -4.49131
      vertex -16.3032 -25.2381 -4.55656
    endloop
  endfacet
  facet normal 0.933593 -0.358336 0
    outer loop
      vertex -16.4714 -25.6762 4.35431
      vertex -16.3594 -25.3844 -4.49131
      vertex -16.3594 -25.3844 4.49131
    endloop
  endfacet
  facet normal 0.933593 -0.358336 0
    outer loop
      vertex -16.3594 -25.3844 -4.49131
      vertex -16.4714 -25.6762 4.35431
      vertex -16.4714 -25.6762 -4.35431
    endloop
  endfacet
  facet normal 0.25696 -0.966419 0.00255351
    outer loop
      vertex -15.6143 -24.6177 5.16624
      vertex -15.161 -24.4963 5.49657
      vertex -15.2507 -24.5203 5.43987
    endloop
  endfacet
  facet normal 0.258697 -0.965959 0
    outer loop
      vertex -15.6143 -24.6177 -5.16624
      vertex -15.161 -24.4963 5.49657
      vertex -15.6143 -24.6177 5.16624
    endloop
  endfacet
  facet normal 0.25696 -0.966419 -0.00255351
    outer loop
      vertex -15.161 -24.4963 -5.49657
      vertex -15.6143 -24.6177 -5.16624
      vertex -15.2507 -24.5203 -5.43987
    endloop
  endfacet
  facet normal 0.258697 -0.965959 0
    outer loop
      vertex -15.6143 -24.6177 -5.16624
      vertex -15.161 -24.4963 -5.49657
      vertex -15.161 -24.4963 5.49657
    endloop
  endfacet
  facet normal -0.527962 -0.269006 0.805538
    outer loop
      vertex -17.7914 -28.9211 2.77853
      vertex -18.5421 -29.165 2.20506
      vertex -18.2289 -29.7797 2.20506
    endloop
  endfacet
  facet normal -0.52802 -0.268961 0.805515
    outer loop
      vertex -17.7914 -28.9211 2.77853
      vertex -18.2289 -29.7797 2.20506
      vertex -17.5904 -29.3157 2.77853
    endloop
  endfacet
  facet normal 0.451454 -0.230498 -0.862009
    outer loop
      vertex 28.5818 -0.463525 -5.73304
      vertex 4.46486 -0.437486 -18.3706
      vertex 28.5777 -0.437486 -5.74215
    endloop
  endfacet
  facet normal 0.451514 -0.229954 -0.862123
    outer loop
      vertex 28.7697 -0.832147 -5.53631
      vertex 4.46486 -0.437486 -18.3706
      vertex 28.5818 -0.463525 -5.73304
    endloop
  endfacet
  facet normal 0.451502 -0.230052 -0.862103
    outer loop
      vertex 4.46486 -0.437486 -18.3706
      vertex 28.7697 -0.832147 -5.53631
      vertex 4.26377 -0.832147 -18.3706
    endloop
  endfacet
  facet normal 0.451516 -0.229956 -0.862122
    outer loop
      vertex 34.0354 -0.832147 -2.77853
      vertex 31.4391 -0.437486 -4.24355
      vertex 34.2364 -0.437486 -2.77853
    endloop
  endfacet
  facet normal 0.451648 -0.22939 -0.862203
    outer loop
      vertex 34.0354 -0.832147 -2.77853
      vertex 31.435 -0.463525 -4.23877
      vertex 31.4391 -0.437486 -4.24355
    endloop
  endfacet
  facet normal 0.451505 -0.230026 -0.862109
    outer loop
      vertex 31.435 -0.463525 -4.23877
      vertex 34.0354 -0.832147 -2.77853
      vertex 31.2472 -0.832147 -4.23877
    endloop
  endfacet
  facet normal -0.987696 0.156384 0
    outer loop
      vertex -19.525 28.4836 -0.487828
      vertex -19.3743 29.4354 0.487828
      vertex -19.3743 29.4354 -0.487828
    endloop
  endfacet
  facet normal -0.987696 0.156384 0
    outer loop
      vertex -19.3743 29.4354 0.487828
      vertex -19.525 28.4836 -0.487828
      vertex -19.525 28.4836 0.487828
    endloop
  endfacet
  facet normal 0.36165 0.626397 -0.690534
    outer loop
      vertex -0.26311 4.48456 -17.7972
      vertex -15.1489 30.2675 -2.20506
      vertex 34.1861 1.78393 -2.20506
    endloop
  endfacet
  facet normal 0.220972 0.22097 -0.949918
    outer loop
      vertex 3.51308 0.286738 -18.6721
      vertex 3.95057 1.14535 -18.3706
      vertex 4.26377 0.832147 -18.3706
    endloop
  endfacet
  facet normal 0.220974 0.220968 -0.949918
    outer loop
      vertex 3.95057 1.14535 -18.3706
      vertex 3.51308 0.286738 -18.6721
      vertex 3.40516 0.394661 -18.6721
    endloop
  endfacet
  facet normal -0.848362 0.432283 0.305635
    outer loop
      vertex -18.9368 30.294 0.487828
      vertex -19.3743 29.4354 0.487828
      vertex -19.0875 29.3422 1.41573
    endloop
  endfacet
  facet normal -0.52802 -0.268961 -0.805515
    outer loop
      vertex -17.5904 -29.3157 -2.77853
      vertex -18.2289 -29.7797 -2.20506
      vertex -17.7914 -28.9211 -2.77853
    endloop
  endfacet
  facet normal -0.802445 -0.127185 0.583014
    outer loop
      vertex -18.6501 -28.4836 2.20506
      vertex -19.0875 -29.3422 1.41573
      vertex -18.5421 -29.165 2.20506
    endloop
  endfacet
  facet normal 0.52796 0.269004 -0.80554
    outer loop
      vertex 34.9871 0.681399 -2.20506
      vertex 34.2364 0.437486 -2.77853
      vertex 34.6739 1.2961 -2.20506
    endloop
  endfacet
  facet normal 0.31467 -0.617584 0.720814
    outer loop
      vertex -0.87781 -4.79776 17.7972
      vertex -15.1489 -30.2675 2.20506
      vertex -0.26311 -4.48456 17.7972
    endloop
  endfacet
  facet normal 0.31467 -0.617584 0.720814
    outer loop
      vertex -15.1489 -30.2675 2.20506
      vertex -0.87781 -4.79776 17.7972
      vertex -15.7636 -30.5807 2.20506
    endloop
  endfacet
  facet normal -0.951055 0 0.309023
    outer loop
      vertex -19.525 -28.4836 0.487828
      vertex -19.2235 28.4836 1.41573
      vertex -19.525 28.4836 0.487828
    endloop
  endfacet
  facet normal -0.951055 0 0.309023
    outer loop
      vertex -19.2235 28.4836 1.41573
      vertex -19.525 -28.4836 0.487828
      vertex -19.2235 -28.4836 1.41573
    endloop
  endfacet
  facet normal 0.802494 -0.127111 -0.582963
    outer loop
      vertex 35.5325 -0.858614 -1.41573
      vertex 35.0951 0 -2.20506
      vertex 35.6685 0 -1.41573
    endloop
  endfacet
  facet normal 0.940444 0.148961 0.305575
    outer loop
      vertex 35.97 0 0.487828
      vertex 35.5325 0.858614 1.41573
      vertex 35.6685 0 1.41573
    endloop
  endfacet
  facet normal 0.940437 -0.148904 -0.305625
    outer loop
      vertex 35.8193 -0.95178 -0.487828
      vertex 35.5325 -0.858614 -1.41573
      vertex 35.97 0 -0.487828
    endloop
  endfacet
  facet normal -0.890998 0.454008 0
    outer loop
      vertex -19.3743 29.4354 -0.487828
      vertex -18.9368 30.294 0.487828
      vertex -18.9368 30.294 -0.487828
    endloop
  endfacet
  facet normal -0.890998 0.454008 0
    outer loop
      vertex -18.9368 30.294 0.487828
      vertex -19.3743 29.4354 -0.487828
      vertex -19.3743 29.4354 0.487828
    endloop
  endfacet
  facet normal -1 0 0
    outer loop
      vertex -19.525 -28.4836 -0.487828
      vertex -19.525 28.4836 0.487828
      vertex -19.525 28.4836 -0.487828
    endloop
  endfacet
  facet normal -1 -0 0
    outer loop
      vertex -19.525 28.4836 0.487828
      vertex -19.525 -28.4836 -0.487828
      vertex -19.525 -28.4836 0.487828
    endloop
  endfacet
  facet normal -0.0764317 0.48328 -0.872123
    outer loop
      vertex -15.3161 27.4553 -4.23179
      vertex -16.445 29.8993 -2.77853
      vertex -15.0422 27.4696 -4.24787
    endloop
  endfacet
  facet normal -0.0765766 0.483224 -0.872141
    outer loop
      vertex -15.476 27.3939 -4.25177
      vertex -16.445 29.8993 -2.77853
      vertex -15.3161 27.4553 -4.23179
    endloop
  endfacet
  facet normal -0.0765444 0.483235 -0.872138
    outer loop
      vertex -16.445 29.8993 -2.77853
      vertex -15.476 27.3939 -4.25177
      vertex -16.8825 29.83 -2.77853
    endloop
  endfacet
  facet normal -0.0765347 0.483233 -0.87214
    outer loop
      vertex -13.8895 24.9844 -5.72606
      vertex -1.55921 4.11636 -18.3706
      vertex -1.9967 4.04707 -18.3706
    endloop
  endfacet
  facet normal -0.0763845 0.483305 -0.872113
    outer loop
      vertex -1.55921 4.11636 -18.3706
      vertex -13.8895 24.9844 -5.72606
      vertex -13.7401 25.2143 -5.61174
    endloop
  endfacet
  facet normal -0.0765314 0.483234 -0.87214
    outer loop
      vertex -13.8895 24.9844 -5.72606
      vertex -1.9967 4.04707 -18.3706
      vertex -14.0226 24.8766 -5.77411
    endloop
  endfacet
  facet normal -0.33707 -0.337017 0.879092
    outer loop
      vertex -17.5904 -29.3157 2.77853
      vertex -15.8707 -27.1928 4.25177
      vertex -16.1189 -26.9918 4.23366
    endloop
  endfacet
  facet normal -0.337125 -0.336978 0.879086
    outer loop
      vertex -17.5904 -29.3157 2.77853
      vertex -16.1189 -26.9918 4.23366
      vertex -16.1876 -26.886 4.24787
    endloop
  endfacet
  facet normal -0.336983 -0.337091 0.879097
    outer loop
      vertex -15.8707 -27.1928 4.25177
      vertex -17.5904 -29.3157 2.77853
      vertex -17.2771 -29.6289 2.77853
    endloop
  endfacet
  facet normal -0.337039 -0.337039 0.879096
    outer loop
      vertex -14.6923 -24.5208 5.72794
      vertex -2.39136 -3.84598 18.3706
      vertex -2.70456 -3.53278 18.3706
    endloop
  endfacet
  facet normal -0.337086 -0.337007 0.87909
    outer loop
      vertex -2.39136 -3.84598 18.3706
      vertex -14.6923 -24.5208 5.72794
      vertex -14.3941 -24.6353 5.79839
    endloop
  endfacet
  facet normal -0.336983 -0.337075 0.879103
    outer loop
      vertex -14.6923 -24.5208 5.72794
      vertex -2.70456 -3.53278 18.3706
      vertex -14.8182 -24.5142 5.68221
    endloop
  endfacet
  facet normal 0.0926749 -0.585252 0.805538
    outer loop
      vertex -16.0075 -29.83 2.77853
      vertex -16.445 -30.6886 2.20506
      vertex -15.7636 -30.5807 2.20506
    endloop
  endfacet
  facet normal -0.723919 -0.368782 0.583045
    outer loop
      vertex -18.2289 -29.7797 2.20506
      vertex -19.0875 -29.3422 1.41573
      vertex -18.6929 -30.1168 1.41573
    endloop
  endfacet
  facet normal 0.454008 -0.890998 0
    outer loop
      vertex -15.4932 -31.4129 -0.487828
      vertex -14.6346 -30.9754 0.487828
      vertex -15.4932 -31.4129 0.487828
    endloop
  endfacet
  facet normal 0.454008 -0.890998 0
    outer loop
      vertex -14.6346 -30.9754 0.487828
      vertex -15.4932 -31.4129 -0.487828
      vertex -14.6346 -30.9754 -0.487828
    endloop
  endfacet
  facet normal 0.802444 -0.127185 -0.583016
    outer loop
      vertex 35.5325 -0.858614 -1.41573
      vertex 34.9871 -0.681399 -2.20506
      vertex 35.0951 0 -2.20506
    endloop
  endfacet
  facet normal -0.0488927 0.30865 -0.949918
    outer loop
      vertex -1.70996 3.16458 -18.6721
      vertex -1.9967 4.04707 -18.3706
      vertex -1.55921 3.18846 -18.6721
    endloop
  endfacet
  facet normal -0.368848 -0.723917 -0.583006
    outer loop
      vertex -17.3036 -31.1261 -1.41573
      vertex -17.7411 -30.2675 -2.20506
      vertex -17.1264 -30.5807 -2.20506
    endloop
  endfacet
  facet normal 0.4627 0.0732778 0.883481
    outer loop
      vertex 28.5777 0.437486 5.74215
      vertex 4.53415 0 18.3706
      vertex 28.5084 0 5.81473
    endloop
  endfacet
  facet normal 0.462699 0.0732834 0.883481
    outer loop
      vertex 4.53415 0 18.3706
      vertex 28.5777 0.437486 5.74215
      vertex 4.46486 0.437486 18.3706
    endloop
  endfacet
  facet normal 0.462701 0.0732942 0.883479
    outer loop
      vertex 34.2364 0.437486 2.77853
      vertex 31.5084 0 4.24355
      vertex 34.3057 0 2.77853
    endloop
  endfacet
  facet normal 0.462701 0.0732942 0.883479
    outer loop
      vertex 31.5084 0 4.24355
      vertex 34.2364 0.437486 2.77853
      vertex 31.4391 0.437486 4.24355
    endloop
  endfacet
  facet normal 0.802494 0.127111 0.582963
    outer loop
      vertex 35.5325 0.858614 1.41573
      vertex 35.0951 0 2.20506
      vertex 35.6685 0 1.41573
    endloop
  endfacet
  facet normal -0.574481 0.574481 -0.583047
    outer loop
      vertex -18.2289 29.7797 -2.20506
      vertex -18.0782 30.7315 -1.41573
      vertex -17.7411 30.2675 -2.20506
    endloop
  endfacet
  facet normal -0.574481 0.574481 -0.583047
    outer loop
      vertex -18.0782 30.7315 -1.41573
      vertex -18.2289 29.7797 -2.20506
      vertex -18.6929 30.1168 -1.41573
    endloop
  endfacet
  facet normal -0.631793 0.100072 -0.768651
    outer loop
      vertex -3.76427 2.70063 -17.7972
      vertex -16.2046 25.1162 -4.65353
      vertex -3.65634 3.38203 -17.7972
    endloop
  endfacet
  facet normal -0.632664 0.0992324 -0.768043
    outer loop
      vertex -3.76427 2.70063 -17.7972
      vertex -16.3032 25.2381 -4.55656
      vertex -16.2046 25.1162 -4.65353
    endloop
  endfacet
  facet normal -0.631667 0.100207 -0.768736
    outer loop
      vertex -18.6501 28.4836 -2.20506
      vertex -16.3594 25.3844 -4.49131
      vertex -16.3032 25.2381 -4.55656
    endloop
  endfacet
  facet normal -0.631718 0.100146 -0.768702
    outer loop
      vertex -18.6501 28.4836 -2.20506
      vertex -16.3032 25.2381 -4.55656
      vertex -3.76427 2.70063 -17.7972
    endloop
  endfacet
  facet normal -0.631732 0.100128 -0.768693
    outer loop
      vertex -16.3594 25.3844 -4.49131
      vertex -18.6501 28.4836 -2.20506
      vertex -18.5421 29.165 -2.20506
    endloop
  endfacet
  facet normal -0.432283 -0.848362 0.305635
    outer loop
      vertex -17.3036 -31.1261 1.41573
      vertex -18.2554 -30.9754 0.487828
      vertex -17.3968 -31.4129 0.487828
    endloop
  endfacet
  facet normal 0.142401 0.571105 -0.808431
    outer loop
      vertex -0.87781 4.79776 -17.7972
      vertex -13.5715 25.6107 -5.33012
      vertex -13.5124 25.8313 -5.16387
    endloop
  endfacet
  facet normal 0.142532 0.571151 -0.808375
    outer loop
      vertex -13.5715 25.6107 -5.33012
      vertex -0.87781 4.79776 -17.7972
      vertex -1.12172 4.04707 -18.3706
    endloop
  endfacet
  facet normal 0.142745 0.571224 -0.808286
    outer loop
      vertex -13.537 26.2999 -4.83705
      vertex -0.87781 4.79776 -17.7972
      vertex -13.5124 25.8313 -5.16387
    endloop
  endfacet
  facet normal 0.142274 0.571065 -0.808482
    outer loop
      vertex -13.7052 26.7381 -4.55713
      vertex -0.87781 4.79776 -17.7972
      vertex -13.537 26.2999 -4.83705
    endloop
  endfacet
  facet normal 0.142711 0.571212 -0.808301
    outer loop
      vertex -13.7052 26.7381 -4.55713
      vertex -15.7636 30.5807 -2.20506
      vertex -0.87781 4.79776 -17.7972
    endloop
  endfacet
  facet normal 0.142632 0.571188 -0.808332
    outer loop
      vertex -14.0005 27.1028 -4.35153
      vertex -15.7636 30.5807 -2.20506
      vertex -13.7052 26.7381 -4.55713
    endloop
  endfacet
  facet normal 0.142609 0.571181 -0.808341
    outer loop
      vertex -14.3941 27.3584 -4.24036
      vertex -15.7636 30.5807 -2.20506
      vertex -14.0005 27.1028 -4.35153
    endloop
  endfacet
  facet normal 0.142649 0.5712 -0.80832
    outer loop
      vertex -16.0075 29.83 -2.77853
      vertex -14.3941 27.3584 -4.24036
      vertex -14.6146 27.4175 -4.23751
    endloop
  endfacet
  facet normal 0.142593 0.571178 -0.808346
    outer loop
      vertex -14.3941 27.3584 -4.24036
      vertex -16.0075 29.83 -2.77853
      vertex -15.7636 30.5807 -2.20506
    endloop
  endfacet
  facet normal 0.0488849 0.308654 -0.949917
    outer loop
      vertex -1.12172 4.04707 -18.3706
      vertex -1.55921 3.18846 -18.6721
      vertex -1.55921 4.11636 -18.3706
    endloop
  endfacet
  facet normal 0.148964 -0.940443 -0.305575
    outer loop
      vertex -15.5864 -31.1261 -1.41573
      vertex -16.445 -31.5636 -0.487828
      vertex -16.445 -31.2621 -1.41573
    endloop
  endfacet
  facet normal -0.0488849 0.308654 -0.949917
    outer loop
      vertex -1.55921 3.18846 -18.6721
      vertex -1.9967 4.04707 -18.3706
      vertex -1.55921 4.11636 -18.3706
    endloop
  endfacet
  facet normal -0.848362 -0.432283 0.305635
    outer loop
      vertex -19.0875 -29.3422 1.41573
      vertex -19.3743 -29.4354 0.487828
      vertex -18.9368 -30.294 0.487828
    endloop
  endfacet
  facet normal 0.848421 -0.432225 0.305554
    outer loop
      vertex 35.5325 -0.858614 1.41573
      vertex 35.1379 -1.63318 1.41573
      vertex 35.3818 -1.81039 0.487828
    endloop
  endfacet
  facet normal 0.848368 -0.432281 -0.305621
    outer loop
      vertex 35.8193 -0.95178 -0.487828
      vertex 35.3818 -1.81039 -0.487828
      vertex 35.5325 -0.858614 -1.41573
    endloop
  endfacet
  facet normal -0.210932 -0.41378 -0.885604
    outer loop
      vertex -14.2542 -24.689 -5.8066
      vertex -1.9967 -4.04707 -18.3706
      vertex -14.0226 -24.8766 -5.77411
    endloop
  endfacet
  facet normal -0.210855 -0.413825 -0.885601
    outer loop
      vertex -1.9967 -4.04707 -18.3706
      vertex -14.2542 -24.689 -5.8066
      vertex -2.39136 -3.84598 -18.3706
    endloop
  endfacet
  facet normal -0.210823 -0.413842 -0.8856
    outer loop
      vertex -2.39136 -3.84598 -18.3706
      vertex -14.2542 -24.689 -5.8066
      vertex -14.3941 -24.6353 -5.79839
    endloop
  endfacet
  facet normal -0.210878 -0.413817 -0.885599
    outer loop
      vertex -16.8825 -29.83 -2.77853
      vertex -15.7542 -27.2871 -4.23543
      vertex -15.476 -27.3939 -4.25177
    endloop
  endfacet
  facet normal -0.210891 -0.413811 -0.885599
    outer loop
      vertex -17.2771 -29.6289 -2.77853
      vertex -15.7542 -27.2871 -4.23543
      vertex -16.8825 -29.83 -2.77853
    endloop
  endfacet
  facet normal -0.210794 -0.413871 -0.885594
    outer loop
      vertex -15.7542 -27.2871 -4.23543
      vertex -17.2771 -29.6289 -2.77853
      vertex -15.8707 -27.1928 -4.25177
    endloop
  endfacet
  facet normal -0.141872 -0.278439 0.949918
    outer loop
      vertex -1.70996 -3.16458 18.6721
      vertex -2.39136 -3.84598 18.3706
      vertex -1.9967 -4.04707 18.3706
    endloop
  endfacet
  facet normal -0.890998 -0.454008 0
    outer loop
      vertex -18.9368 -30.294 -0.487828
      vertex -19.3743 -29.4354 0.487828
      vertex -19.3743 -29.4354 -0.487828
    endloop
  endfacet
  facet normal -0.890998 -0.454008 0
    outer loop
      vertex -19.3743 -29.4354 0.487828
      vertex -18.9368 -30.294 -0.487828
      vertex -18.9368 -30.294 0.487828
    endloop
  endfacet
  facet normal 0.802494 -0.127111 0.582963
    outer loop
      vertex 35.6685 0 1.41573
      vertex 35.0951 0 2.20506
      vertex 35.5325 -0.858614 1.41573
    endloop
  endfacet
  facet normal 0.940437 0.148904 0.305625
    outer loop
      vertex 35.8193 0.95178 0.487828
      vertex 35.5325 0.858614 1.41573
      vertex 35.97 0 0.487828
    endloop
  endfacet
  facet normal -0.368848 0.723917 0.583006
    outer loop
      vertex -17.3036 31.1261 1.41573
      vertex -17.7411 30.2675 2.20506
      vertex -17.1264 30.5807 2.20506
    endloop
  endfacet
  facet normal -0.84843 0.432211 -0.305549
    outer loop
      vertex -18.6929 30.1168 -1.41573
      vertex -19.0875 29.3422 -1.41573
      vertex -18.9368 30.294 -0.487828
    endloop
  endfacet
  facet normal -0.127105 -0.802446 0.58303
    outer loop
      vertex -16.445 -30.6886 2.20506
      vertex -17.3036 -31.1261 1.41573
      vertex -16.445 -31.2621 1.41573
    endloop
  endfacet
  facet normal -0.723917 -0.368848 0.583006
    outer loop
      vertex -18.5421 -29.165 2.20506
      vertex -19.0875 -29.3422 1.41573
      vertex -18.2289 -29.7797 2.20506
    endloop
  endfacet
  facet normal 0.155281 0.268953 -0.950554
    outer loop
      vertex 2.22218 1.07766 -18.6721
      vertex 3.95057 1.14535 -18.3706
      vertex 3.40516 0.394661 -18.6721
    endloop
  endfacet
  facet normal 0.15529 0.268855 -0.95058
    outer loop
      vertex 2.02254 1.46946 -18.5939
      vertex 3.95057 1.14535 -18.3706
      vertex 2.22218 1.07766 -18.6721
    endloop
  endfacet
  facet normal 0.155321 0.26909 -0.950508
    outer loop
      vertex 1.46946 2.02254 -18.5277
      vertex 3.95057 1.14535 -18.3706
      vertex 2.02254 1.46946 -18.5939
    endloop
  endfacet
  facet normal 0.155359 0.269039 -0.950517
    outer loop
      vertex -0.727063 3.84598 -18.3706
      vertex 1.46946 2.02254 -18.5277
      vertex 0.772542 2.37764 -18.5411
    endloop
  endfacet
  facet normal 0.155269 0.268934 -0.950561
    outer loop
      vertex 1.46946 2.02254 -18.5277
      vertex -0.727063 3.84598 -18.3706
      vertex 3.95057 1.14535 -18.3706
    endloop
  endfacet
  facet normal 0.155309 0.26899 -0.950538
    outer loop
      vertex 0 2.5 -18.6327
      vertex -0.727063 3.84598 -18.3706
      vertex 0.772542 2.37764 -18.5411
    endloop
  endfacet
  facet normal 0.15513 0.268904 -0.950592
    outer loop
      vertex -0.189429 2.47 -18.6721
      vertex -0.727063 3.84598 -18.3706
      vertex 0 2.5 -18.6327
    endloop
  endfacet
  facet normal 0.15528 0.268954 -0.950553
    outer loop
      vertex -0.727063 3.84598 -18.3706
      vertex -0.189429 2.47 -18.6721
      vertex -1.27247 3.09529 -18.6721
    endloop
  endfacet
  facet normal -0.269006 -0.527962 0.805538
    outer loop
      vertex -16.8825 -29.83 2.77853
      vertex -17.7411 -30.2675 2.20506
      vertex -17.1264 -30.5807 2.20506
    endloop
  endfacet
  facet normal 0.673288 0.673288 -0.305559
    outer loop
      vertex 35.3818 1.81039 -0.487828
      vertex 34.5232 2.24788 -1.41573
      vertex 34.7004 2.49179 -0.487828
    endloop
  endfacet
  facet normal 0.673288 0.673288 -0.305559
    outer loop
      vertex 34.5232 2.24788 -1.41573
      vertex 35.3818 1.81039 -0.487828
      vertex 35.1379 1.63318 -1.41573
    endloop
  endfacet
  facet normal 0.405274 0.701954 -0.585673
    outer loop
      vertex 34.1861 1.78393 -2.20506
      vertex -14.8118 30.7315 -1.41573
      vertex 34.5232 2.24788 -1.41573
    endloop
  endfacet
  facet normal 0.405263 0.701936 -0.585703
    outer loop
      vertex -14.8118 30.7315 -1.41573
      vertex 34.1861 1.78393 -2.20506
      vertex -15.1489 30.2675 -2.20506
    endloop
  endfacet
  facet normal 0.707107 0.707107 0
    outer loop
      vertex 35.3818 1.81039 0.487828
      vertex 34.7004 2.49179 -0.487828
      vertex 34.7004 2.49179 0.487828
    endloop
  endfacet
  facet normal 0.707107 0.707107 0
    outer loop
      vertex 34.7004 2.49179 -0.487828
      vertex 35.3818 1.81039 0.487828
      vertex 35.3818 1.81039 -0.487828
    endloop
  endfacet
  facet normal -0.432283 0.848362 0.305635
    outer loop
      vertex -17.3968 31.4129 0.487828
      vertex -18.2554 30.9754 0.487828
      vertex -17.3036 31.1261 1.41573
    endloop
  endfacet
  facet normal -0.418901 0.419035 0.805563
    outer loop
      vertex -17.7411 30.2675 2.20506
      vertex -17.5904 29.3157 2.77853
      vertex -17.2771 29.6289 2.77853
    endloop
  endfacet
  facet normal -0.419 0.419 0.80553
    outer loop
      vertex -17.5904 29.3157 2.77853
      vertex -17.7411 30.2675 2.20506
      vertex -18.2289 29.7797 2.20506
    endloop
  endfacet
  facet normal -0.940436 0.148901 0.30563
    outer loop
      vertex -19.3743 29.4354 0.487828
      vertex -19.525 28.4836 0.487828
      vertex -19.0875 29.3422 1.41573
    endloop
  endfacet
  facet normal -0.585203 -0.0926929 0.805572
    outer loop
      vertex -2.90565 -3.13812 18.3706
      vertex -3.76427 -2.70063 17.7972
      vertex -3.65634 -3.38203 17.7972
    endloop
  endfacet
  facet normal -0.723299 0 0.690535
    outer loop
      vertex -18.6501 28.4836 2.20506
      vertex -3.76427 -2.70063 17.7972
      vertex -3.76427 2.70063 17.7972
    endloop
  endfacet
  facet normal -0.723299 0 0.690535
    outer loop
      vertex -3.76427 -2.70063 17.7972
      vertex -18.6501 28.4836 2.20506
      vertex -18.6501 -28.4836 2.20506
    endloop
  endfacet
  facet normal 0.127105 -0.802446 -0.58303
    outer loop
      vertex -15.5864 -31.1261 -1.41573
      vertex -16.445 -31.2621 -1.41573
      vertex -16.445 -30.6886 -2.20506
    endloop
  endfacet
  facet normal 0.418958 -0.418958 -0.805573
    outer loop
      vertex 4.41452 -1.78393 -17.7972
      vertex 4.26377 -0.832147 -18.3706
      vertex 4.90235 -1.2961 -17.7972
    endloop
  endfacet
  facet normal 0.418961 -0.418957 -0.805572
    outer loop
      vertex 4.26377 -0.832147 -18.3706
      vertex 4.41452 -1.78393 -17.7972
      vertex 3.95057 -1.14535 -18.3706
    endloop
  endfacet
  facet normal -0.987696 -0.156384 0
    outer loop
      vertex -19.3743 -29.4354 -0.487828
      vertex -19.525 -28.4836 0.487828
      vertex -19.525 -28.4836 -0.487828
    endloop
  endfacet
  facet normal -0.987696 -0.156384 0
    outer loop
      vertex -19.525 -28.4836 0.487828
      vertex -19.3743 -29.4354 -0.487828
      vertex -19.3743 -29.4354 0.487828
    endloop
  endfacet
  facet normal -0.0488927 -0.30865 -0.949918
    outer loop
      vertex -1.55921 -3.18846 -18.6721
      vertex -1.9967 -4.04707 -18.3706
      vertex -1.70996 -3.16458 -18.6721
    endloop
  endfacet
  facet normal 0.0927053 -0.585261 -0.805528
    outer loop
      vertex -16.0075 -29.83 -2.77853
      vertex -16.445 -30.6886 -2.20506
      vertex -16.445 -29.8993 -2.77853
    endloop
  endfacet
  facet normal 0.405263 -0.701936 0.585703
    outer loop
      vertex -14.8118 -30.7315 1.41573
      vertex 34.1861 -1.78393 2.20506
      vertex -15.1489 -30.2675 2.20506
    endloop
  endfacet
  facet normal 0.405274 -0.701954 0.585673
    outer loop
      vertex 34.1861 -1.78393 2.20506
      vertex -14.8118 -30.7315 1.41573
      vertex 34.5232 -2.24788 1.41573
    endloop
  endfacet
  facet normal 0.848421 -0.432225 -0.305554
    outer loop
      vertex 35.3818 -1.81039 -0.487828
      vertex 35.1379 -1.63318 -1.41573
      vertex 35.5325 -0.858614 -1.41573
    endloop
  endfacet
  facet normal 0.940444 -0.148961 0.305575
    outer loop
      vertex 35.6685 0 1.41573
      vertex 35.5325 -0.858614 1.41573
      vertex 35.97 0 0.487828
    endloop
  endfacet
  facet normal -0.418901 -0.419035 0.805563
    outer loop
      vertex -17.5904 -29.3157 2.77853
      vertex -17.7411 -30.2675 2.20506
      vertex -17.2771 -29.6289 2.77853
    endloop
  endfacet
  facet normal -0.419 -0.419 0.80553
    outer loop
      vertex -17.7411 -30.2675 2.20506
      vertex -17.5904 -29.3157 2.77853
      vertex -18.2289 -29.7797 2.20506
    endloop
  endfacet
  facet normal 0.308654 -0.0488853 -0.949917
    outer loop
      vertex 4.46486 -0.437486 -18.3706
      vertex 3.60625 0 -18.6721
      vertex 4.53415 0 -18.3706
    endloop
  endfacet
  facet normal 0.802444 0.127185 -0.583016
    outer loop
      vertex 35.0951 0 -2.20506
      vertex 34.9871 0.681399 -2.20506
      vertex 35.5325 0.858614 -1.41573
    endloop
  endfacet
  facet normal 0.940437 0.148904 -0.305625
    outer loop
      vertex 35.97 0 -0.487828
      vertex 35.5325 0.858614 -1.41573
      vertex 35.8193 0.95178 -0.487828
    endloop
  endfacet
  facet normal 0.891 0.454004 0
    outer loop
      vertex 35.8193 0.95178 0.487828
      vertex 35.3818 1.81039 -0.487828
      vertex 35.3818 1.81039 0.487828
    endloop
  endfacet
  facet normal 0.891 0.454004 0
    outer loop
      vertex 35.3818 1.81039 -0.487828
      vertex 35.8193 0.95178 0.487828
      vertex 35.8193 0.95178 -0.487828
    endloop
  endfacet
  facet normal 0.432283 0.848362 0.305635
    outer loop
      vertex -15.4932 31.4129 0.487828
      vertex -15.5864 31.1261 1.41573
      vertex -14.6346 30.9754 0.487828
    endloop
  endfacet
  facet normal 0.36165 -0.626397 0.690534
    outer loop
      vertex 4.41452 -1.78393 17.7972
      vertex -0.26311 -4.48456 17.7972
      vertex 34.1861 -1.78393 2.20506
    endloop
  endfacet
  facet normal 0.462701 -0.0732942 0.883479
    outer loop
      vertex 31.5084 0 4.24355
      vertex 34.2364 -0.437486 2.77853
      vertex 34.3057 0 2.77853
    endloop
  endfacet
  facet normal 0.462701 -0.0732942 0.883479
    outer loop
      vertex 34.2364 -0.437486 2.77853
      vertex 31.5084 0 4.24355
      vertex 31.4391 -0.437486 4.24355
    endloop
  endfacet
  facet normal 0.4627 -0.0732778 0.883481
    outer loop
      vertex 4.53415 0 18.3706
      vertex 28.5777 -0.437486 5.74215
      vertex 28.5084 0 5.81473
    endloop
  endfacet
  facet normal 0.462699 -0.0732834 0.883481
    outer loop
      vertex 28.5777 -0.437486 5.74215
      vertex 4.53415 0 18.3706
      vertex 4.46486 -0.437486 18.3706
    endloop
  endfacet
  facet normal -0.471995 0.240423 0.848185
    outer loop
      vertex -17.7914 28.9211 2.77853
      vertex -16.1876 26.886 4.24787
      vertex -17.5904 29.3157 2.77853
    endloop
  endfacet
  facet normal -0.471965 0.240453 0.848193
    outer loop
      vertex -16.1876 26.886 4.24787
      vertex -17.7914 28.9211 2.77853
      vertex -16.3745 26.5982 4.22546
    endloop
  endfacet
  facet normal -0.471681 0.240684 0.848285
    outer loop
      vertex -16.3745 26.5982 4.22546
      vertex -17.7914 28.9211 2.77853
      vertex -16.3986 26.5085 4.23751
    endloop
  endfacet
  facet normal -0.471901 0.240501 0.848215
    outer loop
      vertex -15.161 24.4963 5.49657
      vertex -2.70456 3.53278 18.3706
      vertex -14.8182 24.5142 5.68221
    endloop
  endfacet
  facet normal -0.471943 0.240468 0.848201
    outer loop
      vertex -2.70456 3.53278 18.3706
      vertex -15.161 24.4963 5.49657
      vertex -2.90565 3.13812 18.3706
    endloop
  endfacet
  facet normal -0.471816 0.240566 0.848244
    outer loop
      vertex -2.90565 3.13812 18.3706
      vertex -15.161 24.4963 5.49657
      vertex -15.2507 24.5203 5.43987
    endloop
  endfacet
  facet normal -0.802445 -0.127185 -0.583014
    outer loop
      vertex -18.5421 -29.165 -2.20506
      vertex -19.0875 -29.3422 -1.41573
      vertex -18.6501 -28.4836 -2.20506
    endloop
  endfacet
  facet normal -0.723299 0 -0.690535
    outer loop
      vertex -3.76427 -2.70063 -17.7972
      vertex -18.6501 28.4836 -2.20506
      vertex -3.76427 2.70063 -17.7972
    endloop
  endfacet
  facet normal -0.723299 -0 -0.690535
    outer loop
      vertex -18.6501 28.4836 -2.20506
      vertex -3.76427 -2.70063 -17.7972
      vertex -18.6501 -28.4836 -2.20506
    endloop
  endfacet
  facet normal 0.268985 0.527923 -0.805571
    outer loop
      vertex -0.26311 4.48456 -17.7972
      vertex -1.12172 4.04707 -18.3706
      vertex -0.87781 4.79776 -17.7972
    endloop
  endfacet
  facet normal -0.527962 -0.269006 -0.805538
    outer loop
      vertex -18.2289 -29.7797 -2.20506
      vertex -18.5421 -29.165 -2.20506
      vertex -17.7914 -28.9211 -2.77853
    endloop
  endfacet
  facet normal -0.141872 0.278439 -0.949918
    outer loop
      vertex -1.70996 3.16458 -18.6721
      vertex -2.39136 3.84598 -18.3706
      vertex -1.9967 4.04707 -18.3706
    endloop
  endfacet
  facet normal -0.84843 -0.432211 0.305549
    outer loop
      vertex -18.6929 -30.1168 1.41573
      vertex -19.0875 -29.3422 1.41573
      vertex -18.9368 -30.294 0.487828
    endloop
  endfacet
  facet normal -0.802494 -0.127113 0.582963
    outer loop
      vertex -18.6501 -28.4836 2.20506
      vertex -19.2235 -28.4836 1.41573
      vertex -19.0875 -29.3422 1.41573
    endloop
  endfacet
  facet normal -0.454008 -0.890998 0
    outer loop
      vertex -18.2554 -30.9754 -0.487828
      vertex -17.3968 -31.4129 0.487828
      vertex -18.2554 -30.9754 0.487828
    endloop
  endfacet
  facet normal -0.454008 -0.890998 -0
    outer loop
      vertex -17.3968 -31.4129 0.487828
      vertex -18.2554 -30.9754 -0.487828
      vertex -17.3968 -31.4129 -0.487828
    endloop
  endfacet
  facet normal -0.940443 -0.148964 0.305575
    outer loop
      vertex -19.2235 -28.4836 1.41573
      vertex -19.525 -28.4836 0.487828
      vertex -19.0875 -29.3422 1.41573
    endloop
  endfacet
  facet normal 0.0926749 0.585252 0.805538
    outer loop
      vertex -15.7636 30.5807 2.20506
      vertex -16.445 30.6886 2.20506
      vertex -16.0075 29.83 2.77853
    endloop
  endfacet
  facet normal 0.127071 0.802469 0.583006
    outer loop
      vertex -15.5864 31.1261 1.41573
      vertex -16.445 30.6886 2.20506
      vertex -15.7636 30.5807 2.20506
    endloop
  endfacet
  facet normal -0.631793 0.100072 0.768651
    outer loop
      vertex -16.2046 25.1162 4.65353
      vertex -3.76427 2.70063 17.7972
      vertex -3.65634 3.38203 17.7972
    endloop
  endfacet
  facet normal -0.632664 0.0992324 0.768043
    outer loop
      vertex -16.3032 25.2381 4.55656
      vertex -3.76427 2.70063 17.7972
      vertex -16.2046 25.1162 4.65353
    endloop
  endfacet
  facet normal -0.631732 0.100128 0.768693
    outer loop
      vertex -18.6501 28.4836 2.20506
      vertex -16.3594 25.3844 4.49131
      vertex -18.5421 29.165 2.20506
    endloop
  endfacet
  facet normal -0.631667 0.100207 0.768736
    outer loop
      vertex -16.3594 25.3844 4.49131
      vertex -18.6501 28.4836 2.20506
      vertex -16.3032 25.2381 4.55656
    endloop
  endfacet
  facet normal -0.631718 0.100146 0.768702
    outer loop
      vertex -16.3032 25.2381 4.55656
      vertex -18.6501 28.4836 2.20506
      vertex -3.76427 2.70063 17.7972
    endloop
  endfacet
  facet normal -0.707107 0.707107 0
    outer loop
      vertex -18.9368 30.294 -0.487828
      vertex -18.2554 30.9754 0.487828
      vertex -18.2554 30.9754 -0.487828
    endloop
  endfacet
  facet normal -0.707107 0.707107 0
    outer loop
      vertex -18.2554 30.9754 0.487828
      vertex -18.9368 30.294 -0.487828
      vertex -18.9368 30.294 0.487828
    endloop
  endfacet
  facet normal -0.278439 -0.141872 0.949918
    outer loop
      vertex -2.02316 -2.85138 18.6721
      vertex -2.90565 -3.13812 18.3706
      vertex -2.70456 -3.53278 18.3706
    endloop
  endfacet
  facet normal -0.527962 0.269006 0.805538
    outer loop
      vertex -18.2289 29.7797 2.20506
      vertex -18.5421 29.165 2.20506
      vertex -17.7914 28.9211 2.77853
    endloop
  endfacet
  facet normal 0.141873 -0.278439 -0.949918
    outer loop
      vertex -1.12172 -4.04707 -18.3706
      vertex -1.40846 -3.16458 -18.6721
      vertex -0.727063 -3.84598 -18.3706
    endloop
  endfacet
  facet normal -0.432211 0.84843 -0.305549
    outer loop
      vertex -18.0782 30.7315 -1.41573
      vertex -18.2554 30.9754 -0.487828
      vertex -17.3036 31.1261 -1.41573
    endloop
  endfacet
  facet normal -0.723917 0.368848 -0.583006
    outer loop
      vertex -18.5421 29.165 -2.20506
      vertex -19.0875 29.3422 -1.41573
      vertex -18.2289 29.7797 -2.20506
    endloop
  endfacet
  facet normal 0.31467 0.617584 -0.720814
    outer loop
      vertex -0.87781 4.79776 -17.7972
      vertex -15.1489 30.2675 -2.20506
      vertex -0.26311 4.48456 -17.7972
    endloop
  endfacet
  facet normal 0.31467 0.617584 -0.720814
    outer loop
      vertex -15.1489 30.2675 -2.20506
      vertex -0.87781 4.79776 -17.7972
      vertex -15.7636 30.5807 -2.20506
    endloop
  endfacet
  facet normal 0.148901 0.940436 0.30563
    outer loop
      vertex -15.4932 31.4129 0.487828
      vertex -16.445 31.5636 0.487828
      vertex -15.5864 31.1261 1.41573
    endloop
  endfacet
  facet normal -0.148901 0.940436 -0.30563
    outer loop
      vertex -17.3036 31.1261 -1.41573
      vertex -17.3968 31.4129 -0.487828
      vertex -16.445 31.5636 -0.487828
    endloop
  endfacet
  facet normal -0.156384 0.987696 0
    outer loop
      vertex -16.445 31.5636 -0.487828
      vertex -17.3968 31.4129 0.487828
      vertex -16.445 31.5636 0.487828
    endloop
  endfacet
  facet normal -0.156384 0.987696 0
    outer loop
      vertex -17.3968 31.4129 0.487828
      vertex -16.445 31.5636 -0.487828
      vertex -17.3968 31.4129 -0.487828
    endloop
  endfacet
  facet normal 0.155281 0.268953 0.950554
    outer loop
      vertex 3.95057 1.14535 18.3706
      vertex 2.22218 1.07766 18.6721
      vertex 3.40516 0.394661 18.6721
    endloop
  endfacet
  facet normal 0.15529 0.268855 0.95058
    outer loop
      vertex 3.95057 1.14535 18.3706
      vertex 2.02254 1.46946 18.5939
      vertex 2.22218 1.07766 18.6721
    endloop
  endfacet
  facet normal 0.155321 0.26909 0.950508
    outer loop
      vertex 3.95057 1.14535 18.3706
      vertex 1.46946 2.02254 18.5277
      vertex 2.02254 1.46946 18.5939
    endloop
  endfacet
  facet normal 0.155269 0.268934 0.950561
    outer loop
      vertex -0.727063 3.84598 18.3706
      vertex 1.46946 2.02254 18.5277
      vertex 3.95057 1.14535 18.3706
    endloop
  endfacet
  facet normal 0.155359 0.269039 0.950517
    outer loop
      vertex 1.46946 2.02254 18.5277
      vertex -0.727063 3.84598 18.3706
      vertex 0.772542 2.37764 18.5411
    endloop
  endfacet
  facet normal 0.155309 0.26899 0.950538
    outer loop
      vertex -0.727063 3.84598 18.3706
      vertex 0 2.5 18.6327
      vertex 0.772542 2.37764 18.5411
    endloop
  endfacet
  facet normal 0.15513 0.268904 0.950592
    outer loop
      vertex -0.727063 3.84598 18.3706
      vertex -0.189429 2.47 18.6721
      vertex 0 2.5 18.6327
    endloop
  endfacet
  facet normal 0.15528 0.268954 0.950553
    outer loop
      vertex -0.189429 2.47 18.6721
      vertex -0.727063 3.84598 18.3706
      vertex -1.27247 3.09529 18.6721
    endloop
  endfacet
  facet normal 0.142401 0.571105 0.808431
    outer loop
      vertex -13.5715 25.6107 5.33012
      vertex -0.87781 4.79776 17.7972
      vertex -13.5124 25.8313 5.16387
    endloop
  endfacet
  facet normal 0.142745 0.571224 0.808286
    outer loop
      vertex -0.87781 4.79776 17.7972
      vertex -13.537 26.2999 4.83705
      vertex -13.5124 25.8313 5.16387
    endloop
  endfacet
  facet normal 0.142274 0.571065 0.808482
    outer loop
      vertex -0.87781 4.79776 17.7972
      vertex -13.7052 26.7381 4.55713
      vertex -13.537 26.2999 4.83705
    endloop
  endfacet
  facet normal 0.142711 0.571212 0.808301
    outer loop
      vertex -15.7636 30.5807 2.20506
      vertex -13.7052 26.7381 4.55713
      vertex -0.87781 4.79776 17.7972
    endloop
  endfacet
  facet normal 0.142632 0.571188 0.808332
    outer loop
      vertex -15.7636 30.5807 2.20506
      vertex -14.0005 27.1028 4.35153
      vertex -13.7052 26.7381 4.55713
    endloop
  endfacet
  facet normal 0.142609 0.571181 0.808341
    outer loop
      vertex -15.7636 30.5807 2.20506
      vertex -14.3941 27.3584 4.24036
      vertex -14.0005 27.1028 4.35153
    endloop
  endfacet
  facet normal 0.142593 0.571178 0.808346
    outer loop
      vertex -16.0075 29.83 2.77853
      vertex -14.3941 27.3584 4.24036
      vertex -15.7636 30.5807 2.20506
    endloop
  endfacet
  facet normal 0.142649 0.5712 0.80832
    outer loop
      vertex -14.3941 27.3584 4.24036
      vertex -16.0075 29.83 2.77853
      vertex -14.6146 27.4175 4.23751
    endloop
  endfacet
  facet normal 0.142532 0.571151 0.808375
    outer loop
      vertex -0.87781 4.79776 17.7972
      vertex -13.5715 25.6107 5.33012
      vertex -1.12172 4.04707 18.3706
    endloop
  endfacet
  facet normal 0.36165 0.626397 0.690534
    outer loop
      vertex 34.1861 1.78393 2.20506
      vertex -15.1489 30.2675 2.20506
      vertex -0.26311 4.48456 17.7972
    endloop
  endfacet
  facet normal -0.148964 0.940443 0.305575
    outer loop
      vertex -16.445 31.5636 0.487828
      vertex -17.3036 31.1261 1.41573
      vertex -16.445 31.2621 1.41573
    endloop
  endfacet
  facet normal -0.127105 0.802446 0.58303
    outer loop
      vertex -16.445 31.2621 1.41573
      vertex -17.3036 31.1261 1.41573
      vertex -16.445 30.6886 2.20506
    endloop
  endfacet
  facet normal 0.0488849 -0.308654 0.949917
    outer loop
      vertex -1.55921 -3.18846 18.6721
      vertex -1.55921 -4.11636 18.3706
      vertex -1.12172 -4.04707 18.3706
    endloop
  endfacet
  facet normal -0.30865 -0.0488927 0.949918
    outer loop
      vertex -2.04704 -2.70063 18.6721
      vertex -2.90565 -3.13812 18.3706
      vertex -2.02316 -2.85138 18.6721
    endloop
  endfacet
  facet normal 0.4627 -0.0732778 -0.883481
    outer loop
      vertex 28.5777 -0.437486 -5.74215
      vertex 4.53415 0 -18.3706
      vertex 28.5084 0 -5.81473
    endloop
  endfacet
  facet normal 0.462699 -0.0732834 -0.883481
    outer loop
      vertex 4.53415 0 -18.3706
      vertex 28.5777 -0.437486 -5.74215
      vertex 4.46486 -0.437486 -18.3706
    endloop
  endfacet
  facet normal 0.462701 -0.0732942 -0.883479
    outer loop
      vertex 34.2364 -0.437486 -2.77853
      vertex 31.5084 0 -4.24355
      vertex 34.3057 0 -2.77853
    endloop
  endfacet
  facet normal 0.462701 -0.0732942 -0.883479
    outer loop
      vertex 31.5084 0 -4.24355
      vertex 34.2364 -0.437486 -2.77853
      vertex 31.4391 -0.437486 -4.24355
    endloop
  endfacet
  facet normal 0.574486 -0.574486 -0.583037
    outer loop
      vertex 34.5232 -2.24788 -1.41573
      vertex 34.6739 -1.2961 -2.20506
      vertex 35.1379 -1.63318 -1.41573
    endloop
  endfacet
  facet normal 0.574512 -0.574476 -0.583021
    outer loop
      vertex 34.6739 -1.2961 -2.20506
      vertex 34.5232 -2.24788 -1.41573
      vertex 34.1861 -1.78393 -2.20506
    endloop
  endfacet
  facet normal 0.148964 -0.940443 0.305575
    outer loop
      vertex -16.445 -31.2621 1.41573
      vertex -16.445 -31.5636 0.487828
      vertex -15.5864 -31.1261 1.41573
    endloop
  endfacet
  facet normal 0.26899 -0.527917 -0.805573
    outer loop
      vertex -0.26311 -4.48456 -17.7972
      vertex -1.12172 -4.04707 -18.3706
      vertex -0.727063 -3.84598 -18.3706
    endloop
  endfacet
  facet normal 0.268985 -0.527923 -0.805571
    outer loop
      vertex -0.87781 -4.79776 -17.7972
      vertex -1.12172 -4.04707 -18.3706
      vertex -0.26311 -4.48456 -17.7972
    endloop
  endfacet
  facet normal -0.574481 -0.574481 -0.583047
    outer loop
      vertex -18.0782 -30.7315 -1.41573
      vertex -18.2289 -29.7797 -2.20506
      vertex -17.7411 -30.2675 -2.20506
    endloop
  endfacet
  facet normal -0.574481 -0.574481 -0.583047
    outer loop
      vertex -18.2289 -29.7797 -2.20506
      vertex -18.0782 -30.7315 -1.41573
      vertex -18.6929 -30.1168 -1.41573
    endloop
  endfacet
  facet normal -0.418901 -0.419035 -0.805563
    outer loop
      vertex -17.7411 -30.2675 -2.20506
      vertex -17.5904 -29.3157 -2.77853
      vertex -17.2771 -29.6289 -2.77853
    endloop
  endfacet
  facet normal -0.419 -0.419 -0.80553
    outer loop
      vertex -17.5904 -29.3157 -2.77853
      vertex -17.7411 -30.2675 -2.20506
      vertex -18.2289 -29.7797 -2.20506
    endloop
  endfacet
  facet normal 0.127105 -0.802446 0.58303
    outer loop
      vertex -16.445 -30.6886 2.20506
      vertex -16.445 -31.2621 1.41573
      vertex -15.5864 -31.1261 1.41573
    endloop
  endfacet
  facet normal 0.574486 -0.574486 0.583037
    outer loop
      vertex 34.6739 -1.2961 2.20506
      vertex 34.5232 -2.24788 1.41573
      vertex 35.1379 -1.63318 1.41573
    endloop
  endfacet
  facet normal 0.574512 -0.574476 0.583021
    outer loop
      vertex 34.5232 -2.24788 1.41573
      vertex 34.6739 -1.2961 2.20506
      vertex 34.1861 -1.78393 2.20506
    endloop
  endfacet
  facet normal 0.47578 -0.824074 0.307468
    outer loop
      vertex -14.6346 -30.9754 0.487828
      vertex 34.5232 -2.24788 1.41573
      vertex -14.8118 -30.7315 1.41573
    endloop
  endfacet
  facet normal 0.475778 -0.824071 0.307476
    outer loop
      vertex 34.5232 -2.24788 1.41573
      vertex -14.6346 -30.9754 0.487828
      vertex 34.7004 -2.49179 0.487828
    endloop
  endfacet
  facet normal -0.127071 -0.802469 0.583006
    outer loop
      vertex -17.1264 -30.5807 2.20506
      vertex -17.3036 -31.1261 1.41573
      vertex -16.445 -30.6886 2.20506
    endloop
  endfacet
  facet normal -0.67329 -0.67329 -0.305552
    outer loop
      vertex -18.0782 -30.7315 -1.41573
      vertex -18.9368 -30.294 -0.487828
      vertex -18.6929 -30.1168 -1.41573
    endloop
  endfacet
  facet normal -0.67329 -0.67329 -0.305552
    outer loop
      vertex -18.9368 -30.294 -0.487828
      vertex -18.0782 -30.7315 -1.41573
      vertex -18.2554 -30.9754 -0.487828
    endloop
  endfacet
  facet normal 0.368782 -0.723919 -0.583045
    outer loop
      vertex -14.8118 -30.7315 -1.41573
      vertex -15.5864 -31.1261 -1.41573
      vertex -15.1489 -30.2675 -2.20506
    endloop
  endfacet
  facet normal 0.0488849 0.308654 0.949917
    outer loop
      vertex -1.55921 4.11636 18.3706
      vertex -1.55921 3.18846 18.6721
      vertex -1.12172 4.04707 18.3706
    endloop
  endfacet
  facet normal 0.802494 0.127111 -0.582963
    outer loop
      vertex 35.6685 0 -1.41573
      vertex 35.0951 0 -2.20506
      vertex 35.5325 0.858614 -1.41573
    endloop
  endfacet
  facet normal 0.723914 0.368846 -0.583011
    outer loop
      vertex 34.9871 0.681399 -2.20506
      vertex 34.6739 1.2961 -2.20506
      vertex 35.5325 0.858614 -1.41573
    endloop
  endfacet
  facet normal 0.723916 0.368796 0.58304
    outer loop
      vertex 35.1379 1.63318 1.41573
      vertex 34.6739 1.2961 2.20506
      vertex 35.5325 0.858614 1.41573
    endloop
  endfacet
  facet normal 0.848368 0.432281 0.305621
    outer loop
      vertex 35.8193 0.95178 0.487828
      vertex 35.3818 1.81039 0.487828
      vertex 35.5325 0.858614 1.41573
    endloop
  endfacet
  facet normal 0.420863 0.420837 0.803598
    outer loop
      vertex 34.1861 1.78393 2.20506
      vertex 30.728 1.2961 4.27162
      vertex 34.6739 1.2961 2.20506
    endloop
  endfacet
  facet normal 0.420917 0.420682 0.803652
    outer loop
      vertex 34.1861 1.78393 2.20506
      vertex 30.472 1.42658 4.3374
      vertex 30.728 1.2961 4.27162
    endloop
  endfacet
  facet normal 0.420794 0.421085 0.803505
    outer loop
      vertex 34.1861 1.78393 2.20506
      vertex 30.0084 1.5 4.54171
      vertex 30.472 1.42658 4.3374
    endloop
  endfacet
  facet normal 0.420862 0.42085 0.803592
    outer loop
      vertex 4.41452 1.78393 17.7972
      vertex 29.2888 1.2961 5.02538
      vertex 29.5449 1.42658 4.82292
    endloop
  endfacet
  facet normal 0.420842 0.420951 0.80355
    outer loop
      vertex 4.41452 1.78393 17.7972
      vertex 29.5449 1.42658 4.82292
      vertex 30.0084 1.5 4.54171
    endloop
  endfacet
  facet normal 0.42087 0.420813 0.803607
    outer loop
      vertex 4.41452 1.78393 17.7972
      vertex 30.0084 1.5 4.54171
      vertex 34.1861 1.78393 2.20506
    endloop
  endfacet
  facet normal 0.42086 0.42086 0.803588
    outer loop
      vertex 29.2888 1.2961 5.02538
      vertex 4.41452 1.78393 17.7972
      vertex 4.90235 1.2961 17.7972
    endloop
  endfacet
  facet normal 0.52805 0.268935 0.805505
    outer loop
      vertex 34.6739 1.2961 2.20506
      vertex 34.0354 0.832147 2.77853
      vertex 34.2364 0.437486 2.77853
    endloop
  endfacet
  facet normal 0.585229 0.0927573 0.805545
    outer loop
      vertex 34.9871 0.681399 2.20506
      vertex 34.2364 0.437486 2.77853
      vertex 35.0951 0 2.20506
    endloop
  endfacet
  facet normal -0.0488849 -0.308654 0.949917
    outer loop
      vertex -1.55921 -3.18846 18.6721
      vertex -1.9967 -4.04707 18.3706
      vertex -1.55921 -4.11636 18.3706
    endloop
  endfacet
  facet normal 0.52805 -0.268935 0.805505
    outer loop
      vertex 34.2364 -0.437486 2.77853
      vertex 34.0354 -0.832147 2.77853
      vertex 34.6739 -1.2961 2.20506
    endloop
  endfacet
  facet normal 0.0927053 -0.585261 0.805528
    outer loop
      vertex -16.445 -29.8993 2.77853
      vertex -16.445 -30.6886 2.20506
      vertex -16.0075 -29.83 2.77853
    endloop
  endfacet
  facet normal 0.155281 -0.268953 0.950554
    outer loop
      vertex 2.22218 -1.07766 18.6721
      vertex 3.95057 -1.14535 18.3706
      vertex 3.40516 -0.394661 18.6721
    endloop
  endfacet
  facet normal 0.15529 -0.268855 0.95058
    outer loop
      vertex 2.02254 -1.46946 18.5939
      vertex 3.95057 -1.14535 18.3706
      vertex 2.22218 -1.07766 18.6721
    endloop
  endfacet
  facet normal 0.155321 -0.26909 0.950508
    outer loop
      vertex 1.46946 -2.02254 18.5277
      vertex 3.95057 -1.14535 18.3706
      vertex 2.02254 -1.46946 18.5939
    endloop
  endfacet
  facet normal 0.155359 -0.269039 0.950517
    outer loop
      vertex -0.727063 -3.84598 18.3706
      vertex 1.46946 -2.02254 18.5277
      vertex 0.772542 -2.37764 18.5411
    endloop
  endfacet
  facet normal 0.155269 -0.268934 0.950561
    outer loop
      vertex 1.46946 -2.02254 18.5277
      vertex -0.727063 -3.84598 18.3706
      vertex 3.95057 -1.14535 18.3706
    endloop
  endfacet
  facet normal 0.155309 -0.26899 0.950538
    outer loop
      vertex 0 -2.5 18.6327
      vertex -0.727063 -3.84598 18.3706
      vertex 0.772542 -2.37764 18.5411
    endloop
  endfacet
  facet normal 0.15513 -0.268904 0.950592
    outer loop
      vertex -0.189429 -2.47 18.6721
      vertex -0.727063 -3.84598 18.3706
      vertex 0 -2.5 18.6327
    endloop
  endfacet
  facet normal 0.15528 -0.268954 0.950553
    outer loop
      vertex -0.727063 -3.84598 18.3706
      vertex -0.189429 -2.47 18.6721
      vertex -1.27247 -3.09529 18.6721
    endloop
  endfacet
  facet normal -0.940443 -0.148964 -0.305575
    outer loop
      vertex -19.0875 -29.3422 -1.41573
      vertex -19.525 -28.4836 -0.487828
      vertex -19.2235 -28.4836 -1.41573
    endloop
  endfacet
  facet normal -0.723917 -0.368848 -0.583006
    outer loop
      vertex -18.2289 -29.7797 -2.20506
      vertex -19.0875 -29.3422 -1.41573
      vertex -18.5421 -29.165 -2.20506
    endloop
  endfacet
  facet normal -0.809057 0 -0.58773
    outer loop
      vertex -18.6501 -28.4836 -2.20506
      vertex -19.2235 28.4836 -1.41573
      vertex -18.6501 28.4836 -2.20506
    endloop
  endfacet
  facet normal -0.809057 -0 -0.58773
    outer loop
      vertex -19.2235 28.4836 -1.41573
      vertex -18.6501 -28.4836 -2.20506
      vertex -19.2235 -28.4836 -1.41573
    endloop
  endfacet
  facet normal -0.802494 -0.127113 -0.582963
    outer loop
      vertex -19.0875 -29.3422 -1.41573
      vertex -19.2235 -28.4836 -1.41573
      vertex -18.6501 -28.4836 -2.20506
    endloop
  endfacet
  facet normal -0.368782 0.723919 -0.583045
    outer loop
      vertex -17.7411 30.2675 -2.20506
      vertex -18.0782 30.7315 -1.41573
      vertex -17.3036 31.1261 -1.41573
    endloop
  endfacet
  facet normal -0.631793 -0.100072 -0.768651
    outer loop
      vertex -16.2046 -25.1162 -4.65353
      vertex -3.76427 -2.70063 -17.7972
      vertex -3.65634 -3.38203 -17.7972
    endloop
  endfacet
  facet normal -0.632664 -0.0992324 -0.768043
    outer loop
      vertex -16.3032 -25.2381 -4.55656
      vertex -3.76427 -2.70063 -17.7972
      vertex -16.2046 -25.1162 -4.65353
    endloop
  endfacet
  facet normal -0.631732 -0.100128 -0.768693
    outer loop
      vertex -18.6501 -28.4836 -2.20506
      vertex -16.3594 -25.3844 -4.49131
      vertex -18.5421 -29.165 -2.20506
    endloop
  endfacet
  facet normal -0.631667 -0.100207 -0.768736
    outer loop
      vertex -16.3594 -25.3844 -4.49131
      vertex -18.6501 -28.4836 -2.20506
      vertex -16.3032 -25.2381 -4.55656
    endloop
  endfacet
  facet normal -0.631718 -0.100146 -0.768702
    outer loop
      vertex -16.3032 -25.2381 -4.55656
      vertex -18.6501 -28.4836 -2.20506
      vertex -3.76427 -2.70063 -17.7972
    endloop
  endfacet
  facet normal -0.940436 0.148901 -0.30563
    outer loop
      vertex -19.0875 29.3422 -1.41573
      vertex -19.525 28.4836 -0.487828
      vertex -19.3743 29.4354 -0.487828
    endloop
  endfacet
  facet normal -0.848362 0.432283 -0.305635
    outer loop
      vertex -19.0875 29.3422 -1.41573
      vertex -19.3743 29.4354 -0.487828
      vertex -18.9368 30.294 -0.487828
    endloop
  endfacet
  facet normal -0.269042 0.527916 -0.805557
    outer loop
      vertex -17.2771 29.6289 -2.77853
      vertex -17.7411 30.2675 -2.20506
      vertex -16.8825 29.83 -2.77853
    endloop
  endfacet
  facet normal -0.210878 0.413817 -0.885599
    outer loop
      vertex -15.7542 27.2871 -4.23543
      vertex -16.8825 29.83 -2.77853
      vertex -15.476 27.3939 -4.25177
    endloop
  endfacet
  facet normal -0.210794 0.413871 -0.885594
    outer loop
      vertex -17.2771 29.6289 -2.77853
      vertex -15.7542 27.2871 -4.23543
      vertex -15.8707 27.1928 -4.25177
    endloop
  endfacet
  facet normal -0.210891 0.413811 -0.885599
    outer loop
      vertex -15.7542 27.2871 -4.23543
      vertex -17.2771 29.6289 -2.77853
      vertex -16.8825 29.83 -2.77853
    endloop
  endfacet
  facet normal -0.210855 0.413825 -0.885601
    outer loop
      vertex -14.2542 24.689 -5.8066
      vertex -1.9967 4.04707 -18.3706
      vertex -2.39136 3.84598 -18.3706
    endloop
  endfacet
  facet normal -0.210932 0.41378 -0.885604
    outer loop
      vertex -1.9967 4.04707 -18.3706
      vertex -14.2542 24.689 -5.8066
      vertex -14.0226 24.8766 -5.77411
    endloop
  endfacet
  facet normal -0.210823 0.413842 -0.8856
    outer loop
      vertex -14.2542 24.689 -5.8066
      vertex -2.39136 3.84598 -18.3706
      vertex -14.3941 24.6353 -5.79839
    endloop
  endfacet
  facet normal 0.0872447 -0.551914 -0.829325
    outer loop
      vertex -16.0075 -29.83 -2.77853
      vertex -14.8474 -27.4798 -4.22054
      vertex -14.6146 -27.4175 -4.23751
    endloop
  endfacet
  facet normal 0.0874418 -0.551974 -0.829264
    outer loop
      vertex -16.0075 -29.83 -2.77853
      vertex -15.0422 -27.4696 -4.24787
      vertex -14.8474 -27.4798 -4.22054
    endloop
  endfacet
  facet normal 0.0874323 -0.551971 -0.829267
    outer loop
      vertex -15.0422 -27.4696 -4.24787
      vertex -16.0075 -29.83 -2.77853
      vertex -16.445 -29.8993 -2.77853
    endloop
  endfacet
  facet normal 0.0876439 -0.55205 -0.829192
    outer loop
      vertex -13.6339 -25.378 -5.49164
      vertex -1.12172 -4.04707 -18.3706
      vertex -13.5715 -25.6107 -5.33012
    endloop
  endfacet
  facet normal 0.087421 -0.551967 -0.829271
    outer loop
      vertex -1.12172 -4.04707 -18.3706
      vertex -13.6339 -25.378 -5.49164
      vertex -1.55921 -4.11636 -18.3706
    endloop
  endfacet
  facet normal 0.0871995 -0.551888 -0.829347
    outer loop
      vertex -1.55921 -4.11636 -18.3706
      vertex -13.6339 -25.378 -5.49164
      vertex -13.7401 -25.2143 -5.61174
    endloop
  endfacet
  facet normal -0.723919 -0.368782 -0.583045
    outer loop
      vertex -18.6929 -30.1168 -1.41573
      vertex -19.0875 -29.3422 -1.41573
      vertex -18.2289 -29.7797 -2.20506
    endloop
  endfacet
  facet normal -0.951055 0 -0.309023
    outer loop
      vertex -19.2235 -28.4836 -1.41573
      vertex -19.525 28.4836 -0.487828
      vertex -19.2235 28.4836 -1.41573
    endloop
  endfacet
  facet normal -0.951055 -0 -0.309023
    outer loop
      vertex -19.525 28.4836 -0.487828
      vertex -19.2235 -28.4836 -1.41573
      vertex -19.525 -28.4836 -0.487828
    endloop
  endfacet
  facet normal -0.723919 0.368782 0.583045
    outer loop
      vertex -18.6929 30.1168 1.41573
      vertex -19.0875 29.3422 1.41573
      vertex -18.2289 29.7797 2.20506
    endloop
  endfacet
  facet normal -0.809057 0 0.58773
    outer loop
      vertex -19.2235 -28.4836 1.41573
      vertex -18.6501 28.4836 2.20506
      vertex -19.2235 28.4836 1.41573
    endloop
  endfacet
  facet normal -0.809057 0 0.58773
    outer loop
      vertex -18.6501 28.4836 2.20506
      vertex -19.2235 -28.4836 1.41573
      vertex -18.6501 -28.4836 2.20506
    endloop
  endfacet
  facet normal 0.294923 0.510821 -0.807516
    outer loop
      vertex 3.95057 1.14535 -18.3706
      vertex -0.26311 4.48456 -17.7972
      vertex 4.41452 1.78393 -17.7972
    endloop
  endfacet
  facet normal 0.294922 0.510821 -0.807517
    outer loop
      vertex -0.26311 4.48456 -17.7972
      vertex 3.95057 1.14535 -18.3706
      vertex -0.727063 3.84598 -18.3706
    endloop
  endfacet
  facet normal 0.422105 0.415026 -0.805965
    outer loop
      vertex 29.1267 1.21352 -5.1528
      vertex 4.90235 1.2961 -17.7972
      vertex 29.2888 1.2961 -5.02538
    endloop
  endfacet
  facet normal 0.422056 0.415262 -0.80587
    outer loop
      vertex 28.7949 0.881678 -5.49757
      vertex 4.90235 1.2961 -17.7972
      vertex 29.1267 1.21352 -5.1528
    endloop
  endfacet
  facet normal 0.422007 0.415513 -0.805766
    outer loop
      vertex 28.7697 0.832147 -5.53631
      vertex 4.90235 1.2961 -17.7972
      vertex 28.7949 0.881678 -5.49757
    endloop
  endfacet
  facet normal 0.422086 0.415102 -0.805936
    outer loop
      vertex 4.90235 1.2961 -17.7972
      vertex 28.7697 0.832147 -5.53631
      vertex 4.26377 0.832147 -18.3706
    endloop
  endfacet
  facet normal 0.422096 0.415056 -0.805955
    outer loop
      vertex 31.222 0.881678 -4.22646
      vertex 34.0354 0.832147 -2.77853
      vertex 31.2472 0.832147 -4.23877
    endloop
  endfacet
  facet normal 0.422053 0.415278 -0.805863
    outer loop
      vertex 30.8901 1.21352 -4.22928
      vertex 34.0354 0.832147 -2.77853
      vertex 31.222 0.881678 -4.22646
    endloop
  endfacet
  facet normal 0.422054 0.415261 -0.805871
    outer loop
      vertex 34.0354 0.832147 -2.77853
      vertex 30.8901 1.21352 -4.22928
      vertex 34.6739 1.2961 -2.20506
    endloop
  endfacet
  facet normal 0.422049 0.415282 -0.805863
    outer loop
      vertex 34.6739 1.2961 -2.20506
      vertex 30.8901 1.21352 -4.22928
      vertex 30.728 1.2961 -4.27162
    endloop
  endfacet
  facet normal 0.26899 0.527917 -0.805573
    outer loop
      vertex -0.727063 3.84598 -18.3706
      vertex -1.12172 4.04707 -18.3706
      vertex -0.26311 4.48456 -17.7972
    endloop
  endfacet
  facet normal 0.432211 0.84843 -0.305549
    outer loop
      vertex -14.8118 30.7315 -1.41573
      vertex -15.5864 31.1261 -1.41573
      vertex -14.6346 30.9754 -0.487828
    endloop
  endfacet
  facet normal 0.368848 0.723917 -0.583006
    outer loop
      vertex -15.1489 30.2675 -2.20506
      vertex -15.7636 30.5807 -2.20506
      vertex -15.5864 31.1261 -1.41573
    endloop
  endfacet
  facet normal 0.848368 0.432281 -0.305621
    outer loop
      vertex 35.5325 0.858614 -1.41573
      vertex 35.3818 1.81039 -0.487828
      vertex 35.8193 0.95178 -0.487828
    endloop
  endfacet
  facet normal -0.432283 0.848362 -0.305635
    outer loop
      vertex -17.3036 31.1261 -1.41573
      vertex -18.2554 30.9754 -0.487828
      vertex -17.3968 31.4129 -0.487828
    endloop
  endfacet
  facet normal -0.432211 0.84843 0.305549
    outer loop
      vertex -17.3036 31.1261 1.41573
      vertex -18.2554 30.9754 0.487828
      vertex -18.0782 30.7315 1.41573
    endloop
  endfacet
  facet normal -0.368782 0.723919 0.583045
    outer loop
      vertex -17.3036 31.1261 1.41573
      vertex -18.0782 30.7315 1.41573
      vertex -17.7411 30.2675 2.20506
    endloop
  endfacet
  facet normal -0.84843 0.432211 0.305549
    outer loop
      vertex -18.9368 30.294 0.487828
      vertex -19.0875 29.3422 1.41573
      vertex -18.6929 30.1168 1.41573
    endloop
  endfacet
  facet normal 0.36165 0.626397 0.690534
    outer loop
      vertex 34.1861 1.78393 2.20506
      vertex -0.26311 4.48456 17.7972
      vertex 4.41452 1.78393 17.7972
    endloop
  endfacet
  facet normal -0.58773 0 0.809057
    outer loop
      vertex -3.76427 2.70063 17.7972
      vertex -2.97494 -2.70063 18.3706
      vertex -2.97494 2.70063 18.3706
    endloop
  endfacet
  facet normal -0.58773 0 0.809057
    outer loop
      vertex -2.97494 -2.70063 18.3706
      vertex -3.76427 2.70063 17.7972
      vertex -3.76427 -2.70063 17.7972
    endloop
  endfacet
  facet normal -0.0927053 0.585261 0.805528
    outer loop
      vertex -16.445 30.6886 2.20506
      vertex -16.8825 29.83 2.77853
      vertex -16.445 29.8993 2.77853
    endloop
  endfacet
  facet normal -0.269006 0.527962 0.805538
    outer loop
      vertex -17.1264 30.5807 2.20506
      vertex -17.7411 30.2675 2.20506
      vertex -16.8825 29.83 2.77853
    endloop
  endfacet
  facet normal -0.127071 0.802469 0.583006
    outer loop
      vertex -16.445 30.6886 2.20506
      vertex -17.3036 31.1261 1.41573
      vertex -17.1264 30.5807 2.20506
    endloop
  endfacet
  facet normal 0.148964 0.940443 0.305575
    outer loop
      vertex -16.445 31.5636 0.487828
      vertex -16.445 31.2621 1.41573
      vertex -15.5864 31.1261 1.41573
    endloop
  endfacet
  facet normal 0.475778 0.824071 0.307476
    outer loop
      vertex -14.6346 30.9754 0.487828
      vertex 34.5232 2.24788 1.41573
      vertex 34.7004 2.49179 0.487828
    endloop
  endfacet
  facet normal 0.47578 0.824074 0.307468
    outer loop
      vertex 34.5232 2.24788 1.41573
      vertex -14.6346 30.9754 0.487828
      vertex -14.8118 30.7315 1.41573
    endloop
  endfacet
  facet normal -0.269042 -0.527916 0.805557
    outer loop
      vertex -17.2771 -29.6289 2.77853
      vertex -17.7411 -30.2675 2.20506
      vertex -16.8825 -29.83 2.77853
    endloop
  endfacet
  facet normal -0.30865 0.0488927 0.949918
    outer loop
      vertex -2.02316 2.85138 18.6721
      vertex -2.90565 3.13812 18.3706
      vertex -2.04704 2.70063 18.6721
    endloop
  endfacet
  facet normal -0.210855 -0.413825 0.885601
    outer loop
      vertex -14.2542 -24.689 5.8066
      vertex -1.9967 -4.04707 18.3706
      vertex -2.39136 -3.84598 18.3706
    endloop
  endfacet
  facet normal -0.210932 -0.41378 0.885604
    outer loop
      vertex -1.9967 -4.04707 18.3706
      vertex -14.2542 -24.689 5.8066
      vertex -14.0226 -24.8766 5.77411
    endloop
  endfacet
  facet normal -0.210823 -0.413842 0.8856
    outer loop
      vertex -14.2542 -24.689 5.8066
      vertex -2.39136 -3.84598 18.3706
      vertex -14.3941 -24.6353 5.79839
    endloop
  endfacet
  facet normal -0.210878 -0.413817 0.885599
    outer loop
      vertex -15.7542 -27.2871 4.23543
      vertex -16.8825 -29.83 2.77853
      vertex -15.476 -27.3939 4.25177
    endloop
  endfacet
  facet normal -0.210794 -0.413871 0.885594
    outer loop
      vertex -17.2771 -29.6289 2.77853
      vertex -15.7542 -27.2871 4.23543
      vertex -15.8707 -27.1928 4.25177
    endloop
  endfacet
  facet normal -0.210891 -0.413811 0.885599
    outer loop
      vertex -15.7542 -27.2871 4.23543
      vertex -17.2771 -29.6289 2.77853
      vertex -16.8825 -29.83 2.77853
    endloop
  endfacet
  facet normal -0.631793 -0.100072 0.768651
    outer loop
      vertex -3.76427 -2.70063 17.7972
      vertex -16.2046 -25.1162 4.65353
      vertex -3.65634 -3.38203 17.7972
    endloop
  endfacet
  facet normal -0.632664 -0.0992324 0.768043
    outer loop
      vertex -3.76427 -2.70063 17.7972
      vertex -16.3032 -25.2381 4.55656
      vertex -16.2046 -25.1162 4.65353
    endloop
  endfacet
  facet normal -0.631667 -0.100207 0.768736
    outer loop
      vertex -18.6501 -28.4836 2.20506
      vertex -16.3594 -25.3844 4.49131
      vertex -16.3032 -25.2381 4.55656
    endloop
  endfacet
  facet normal -0.631718 -0.100146 0.768702
    outer loop
      vertex -18.6501 -28.4836 2.20506
      vertex -16.3032 -25.2381 4.55656
      vertex -3.76427 -2.70063 17.7972
    endloop
  endfacet
  facet normal -0.631732 -0.100128 0.768693
    outer loop
      vertex -16.3594 -25.3844 4.49131
      vertex -18.6501 -28.4836 2.20506
      vertex -18.5421 -29.165 2.20506
    endloop
  endfacet
  facet normal -0.5852 -0.0926845 0.805574
    outer loop
      vertex -2.97494 -2.70063 18.3706
      vertex -3.76427 -2.70063 17.7972
      vertex -2.90565 -3.13812 18.3706
    endloop
  endfacet
  facet normal 0.723914 -0.368846 -0.583011
    outer loop
      vertex 35.5325 -0.858614 -1.41573
      vertex 34.6739 -1.2961 -2.20506
      vertex 34.9871 -0.681399 -2.20506
    endloop
  endfacet
  facet normal 0.405263 -0.701936 -0.585703
    outer loop
      vertex 34.1861 -1.78393 -2.20506
      vertex -14.8118 -30.7315 -1.41573
      vertex -15.1489 -30.2675 -2.20506
    endloop
  endfacet
  facet normal 0.405274 -0.701954 -0.585673
    outer loop
      vertex -14.8118 -30.7315 -1.41573
      vertex 34.1861 -1.78393 -2.20506
      vertex 34.5232 -2.24788 -1.41573
    endloop
  endfacet
  facet normal 0.47578 -0.824074 -0.307468
    outer loop
      vertex 34.5232 -2.24788 -1.41573
      vertex -14.6346 -30.9754 -0.487828
      vertex -14.8118 -30.7315 -1.41573
    endloop
  endfacet
  facet normal 0.475778 -0.824071 -0.307476
    outer loop
      vertex -14.6346 -30.9754 -0.487828
      vertex 34.5232 -2.24788 -1.41573
      vertex 34.7004 -2.49179 -0.487828
    endloop
  endfacet
  facet normal 0.432211 -0.84843 0.305549
    outer loop
      vertex -14.8118 -30.7315 1.41573
      vertex -15.5864 -31.1261 1.41573
      vertex -14.6346 -30.9754 0.487828
    endloop
  endfacet
  facet normal 0.368782 -0.723919 0.583045
    outer loop
      vertex -15.1489 -30.2675 2.20506
      vertex -15.5864 -31.1261 1.41573
      vertex -14.8118 -30.7315 1.41573
    endloop
  endfacet
  facet normal 0.723916 -0.368796 0.58304
    outer loop
      vertex 35.5325 -0.858614 1.41573
      vertex 34.6739 -1.2961 2.20506
      vertex 35.1379 -1.63318 1.41573
    endloop
  endfacet
  facet normal 0.673288 -0.673288 -0.305559
    outer loop
      vertex 35.3818 -1.81039 -0.487828
      vertex 34.5232 -2.24788 -1.41573
      vertex 35.1379 -1.63318 -1.41573
    endloop
  endfacet
  facet normal 0.673288 -0.673288 -0.305559
    outer loop
      vertex 34.5232 -2.24788 -1.41573
      vertex 35.3818 -1.81039 -0.487828
      vertex 34.7004 -2.49179 -0.487828
    endloop
  endfacet
  facet normal 0.673288 -0.673288 0.305559
    outer loop
      vertex 34.5232 -2.24788 1.41573
      vertex 35.3818 -1.81039 0.487828
      vertex 35.1379 -1.63318 1.41573
    endloop
  endfacet
  facet normal 0.673288 -0.673288 0.305559
    outer loop
      vertex 35.3818 -1.81039 0.487828
      vertex 34.5232 -2.24788 1.41573
      vertex 34.7004 -2.49179 0.487828
    endloop
  endfacet
  facet normal -0.84843 -0.432211 -0.305549
    outer loop
      vertex -18.9368 -30.294 -0.487828
      vertex -19.0875 -29.3422 -1.41573
      vertex -18.6929 -30.1168 -1.41573
    endloop
  endfacet
  facet normal -0.0926749 -0.585252 0.805538
    outer loop
      vertex -16.8825 -29.83 2.77853
      vertex -17.1264 -30.5807 2.20506
      vertex -16.445 -30.6886 2.20506
    endloop
  endfacet
  facet normal -0.0927053 -0.585261 0.805528
    outer loop
      vertex -16.445 -29.8993 2.77853
      vertex -16.8825 -29.83 2.77853
      vertex -16.445 -30.6886 2.20506
    endloop
  endfacet
  facet normal 0.987696 0.156387 0
    outer loop
      vertex 35.97 0 0.487828
      vertex 35.8193 0.95178 -0.487828
      vertex 35.8193 0.95178 0.487828
    endloop
  endfacet
  facet normal 0.987696 0.156387 0
    outer loop
      vertex 35.8193 0.95178 -0.487828
      vertex 35.97 0 0.487828
      vertex 35.97 0 -0.487828
    endloop
  endfacet
  facet normal 0.585229 0.0927573 -0.805545
    outer loop
      vertex 35.0951 0 -2.20506
      vertex 34.2364 0.437486 -2.77853
      vertex 34.9871 0.681399 -2.20506
    endloop
  endfacet
  facet normal 0.585212 0.0927006 -0.805564
    outer loop
      vertex 34.3057 0 -2.77853
      vertex 34.2364 0.437486 -2.77853
      vertex 35.0951 0 -2.20506
    endloop
  endfacet
  facet normal 0.475778 0.824071 -0.307476
    outer loop
      vertex 34.5232 2.24788 -1.41573
      vertex -14.6346 30.9754 -0.487828
      vertex 34.7004 2.49179 -0.487828
    endloop
  endfacet
  facet normal 0.47578 0.824074 -0.307468
    outer loop
      vertex -14.6346 30.9754 -0.487828
      vertex 34.5232 2.24788 -1.41573
      vertex -14.8118 30.7315 -1.41573
    endloop
  endfacet
  facet normal 0.848421 0.432225 0.305554
    outer loop
      vertex 35.3818 1.81039 0.487828
      vertex 35.1379 1.63318 1.41573
      vertex 35.5325 0.858614 1.41573
    endloop
  endfacet
  facet normal 0.802444 0.127185 0.583016
    outer loop
      vertex 35.5325 0.858614 1.41573
      vertex 34.9871 0.681399 2.20506
      vertex 35.0951 0 2.20506
    endloop
  endfacet
  facet normal 0.451454 0.230498 0.862009
    outer loop
      vertex 28.5818 0.463525 5.73304
      vertex 4.46486 0.437486 18.3706
      vertex 28.5777 0.437486 5.74215
    endloop
  endfacet
  facet normal 0.451514 0.229954 0.862123
    outer loop
      vertex 28.7697 0.832147 5.53631
      vertex 4.46486 0.437486 18.3706
      vertex 28.5818 0.463525 5.73304
    endloop
  endfacet
  facet normal 0.451502 0.230052 0.862103
    outer loop
      vertex 4.46486 0.437486 18.3706
      vertex 28.7697 0.832147 5.53631
      vertex 4.26377 0.832147 18.3706
    endloop
  endfacet
  facet normal 0.451516 0.229956 0.862122
    outer loop
      vertex 34.0354 0.832147 2.77853
      vertex 31.4391 0.437486 4.24355
      vertex 34.2364 0.437486 2.77853
    endloop
  endfacet
  facet normal 0.451648 0.22939 0.862203
    outer loop
      vertex 34.0354 0.832147 2.77853
      vertex 31.435 0.463525 4.23877
      vertex 31.4391 0.437486 4.24355
    endloop
  endfacet
  facet normal 0.451505 0.230026 0.862109
    outer loop
      vertex 31.435 0.463525 4.23877
      vertex 34.0354 0.832147 2.77853
      vertex 31.2472 0.832147 4.23877
    endloop
  endfacet
  facet normal 0.52796 0.269004 0.80554
    outer loop
      vertex 34.6739 1.2961 2.20506
      vertex 34.2364 0.437486 2.77853
      vertex 34.9871 0.681399 2.20506
    endloop
  endfacet
  facet normal 0.308654 0.0488853 0.949917
    outer loop
      vertex 4.46486 0.437486 18.3706
      vertex 3.60625 0 18.6721
      vertex 4.53415 0 18.3706
    endloop
  endfacet
  facet normal 0.802444 -0.127185 0.583016
    outer loop
      vertex 35.0951 0 2.20506
      vertex 34.9871 -0.681399 2.20506
      vertex 35.5325 -0.858614 1.41573
    endloop
  endfacet
  facet normal 0.30865 0.0488936 0.949918
    outer loop
      vertex 4.46486 0.437486 18.3706
      vertex 3.58237 0.150747 18.6721
      vertex 3.60625 0 18.6721
    endloop
  endfacet
  facet normal 0.142401 -0.571105 0.808431
    outer loop
      vertex -0.87781 -4.79776 17.7972
      vertex -13.5715 -25.6107 5.33012
      vertex -13.5124 -25.8313 5.16387
    endloop
  endfacet
  facet normal 0.142532 -0.571151 0.808375
    outer loop
      vertex -13.5715 -25.6107 5.33012
      vertex -0.87781 -4.79776 17.7972
      vertex -1.12172 -4.04707 18.3706
    endloop
  endfacet
  facet normal 0.142745 -0.571224 0.808286
    outer loop
      vertex -13.537 -26.2999 4.83705
      vertex -0.87781 -4.79776 17.7972
      vertex -13.5124 -25.8313 5.16387
    endloop
  endfacet
  facet normal 0.142274 -0.571065 0.808482
    outer loop
      vertex -13.7052 -26.7381 4.55713
      vertex -0.87781 -4.79776 17.7972
      vertex -13.537 -26.2999 4.83705
    endloop
  endfacet
  facet normal 0.142711 -0.571212 0.808301
    outer loop
      vertex -13.7052 -26.7381 4.55713
      vertex -15.7636 -30.5807 2.20506
      vertex -0.87781 -4.79776 17.7972
    endloop
  endfacet
  facet normal 0.142632 -0.571188 0.808332
    outer loop
      vertex -14.0005 -27.1028 4.35153
      vertex -15.7636 -30.5807 2.20506
      vertex -13.7052 -26.7381 4.55713
    endloop
  endfacet
  facet normal 0.142609 -0.571181 0.808341
    outer loop
      vertex -14.3941 -27.3584 4.24036
      vertex -15.7636 -30.5807 2.20506
      vertex -14.0005 -27.1028 4.35153
    endloop
  endfacet
  facet normal 0.142649 -0.5712 0.80832
    outer loop
      vertex -16.0075 -29.83 2.77853
      vertex -14.3941 -27.3584 4.24036
      vertex -14.6146 -27.4175 4.23751
    endloop
  endfacet
  facet normal 0.142593 -0.571178 0.808346
    outer loop
      vertex -14.3941 -27.3584 4.24036
      vertex -16.0075 -29.83 2.77853
      vertex -15.7636 -30.5807 2.20506
    endloop
  endfacet
  facet normal 0.268985 -0.527923 0.805571
    outer loop
      vertex -0.26311 -4.48456 17.7972
      vertex -1.12172 -4.04707 18.3706
      vertex -0.87781 -4.79776 17.7972
    endloop
  endfacet
  facet normal 0.36165 -0.626397 -0.690534
    outer loop
      vertex 34.1861 -1.78393 -2.20506
      vertex -15.1489 -30.2675 -2.20506
      vertex -0.26311 -4.48456 -17.7972
    endloop
  endfacet
  facet normal -0.148901 -0.940436 0.30563
    outer loop
      vertex -17.3036 -31.1261 1.41573
      vertex -17.3968 -31.4129 0.487828
      vertex -16.445 -31.5636 0.487828
    endloop
  endfacet
  facet normal -0.585203 -0.0926929 -0.805572
    outer loop
      vertex -3.65634 -3.38203 -17.7972
      vertex -3.76427 -2.70063 -17.7972
      vertex -2.90565 -3.13812 -18.3706
    endloop
  endfacet
  facet normal -0.802494 0.127113 -0.582963
    outer loop
      vertex -18.6501 28.4836 -2.20506
      vertex -19.2235 28.4836 -1.41573
      vertex -19.0875 29.3422 -1.41573
    endloop
  endfacet
  facet normal -0.940443 0.148964 -0.305575
    outer loop
      vertex -19.2235 28.4836 -1.41573
      vertex -19.525 28.4836 -0.487828
      vertex -19.0875 29.3422 -1.41573
    endloop
  endfacet
  facet normal -0.585203 0.0926929 -0.805572
    outer loop
      vertex -2.90565 3.13812 -18.3706
      vertex -3.76427 2.70063 -17.7972
      vertex -3.65634 3.38203 -17.7972
    endloop
  endfacet
  facet normal -0.802445 0.127185 -0.583014
    outer loop
      vertex -18.6501 28.4836 -2.20506
      vertex -19.0875 29.3422 -1.41573
      vertex -18.5421 29.165 -2.20506
    endloop
  endfacet
  facet normal -0.471965 0.240453 -0.848193
    outer loop
      vertex -17.7914 28.9211 -2.77853
      vertex -16.1876 26.886 -4.24787
      vertex -16.3745 26.5982 -4.22546
    endloop
  endfacet
  facet normal -0.471681 0.240684 -0.848285
    outer loop
      vertex -17.7914 28.9211 -2.77853
      vertex -16.3745 26.5982 -4.22546
      vertex -16.3986 26.5085 -4.23751
    endloop
  endfacet
  facet normal -0.471995 0.240423 -0.848185
    outer loop
      vertex -16.1876 26.886 -4.24787
      vertex -17.7914 28.9211 -2.77853
      vertex -17.5904 29.3157 -2.77853
    endloop
  endfacet
  facet normal -0.471943 0.240468 -0.848201
    outer loop
      vertex -15.161 24.4963 -5.49657
      vertex -2.70456 3.53278 -18.3706
      vertex -2.90565 3.13812 -18.3706
    endloop
  endfacet
  facet normal -0.471901 0.240501 -0.848215
    outer loop
      vertex -2.70456 3.53278 -18.3706
      vertex -15.161 24.4963 -5.49657
      vertex -14.8182 24.5142 -5.68221
    endloop
  endfacet
  facet normal -0.471816 0.240566 -0.848244
    outer loop
      vertex -15.161 24.4963 -5.49657
      vertex -2.90565 3.13812 -18.3706
      vertex -15.2507 24.5203 -5.43987
    endloop
  endfacet
  facet normal 0.141873 0.278439 -0.949918
    outer loop
      vertex -0.727063 3.84598 -18.3706
      vertex -1.40846 3.16458 -18.6721
      vertex -1.12172 4.04707 -18.3706
    endloop
  endfacet
  facet normal -0.848362 -0.432283 -0.305635
    outer loop
      vertex -18.9368 -30.294 -0.487828
      vertex -19.3743 -29.4354 -0.487828
      vertex -19.0875 -29.3422 -1.41573
    endloop
  endfacet
  facet normal -0.940436 -0.148901 -0.30563
    outer loop
      vertex -19.3743 -29.4354 -0.487828
      vertex -19.525 -28.4836 -0.487828
      vertex -19.0875 -29.3422 -1.41573
    endloop
  endfacet
  facet normal -0.940443 0.148964 0.305575
    outer loop
      vertex -19.0875 29.3422 1.41573
      vertex -19.525 28.4836 0.487828
      vertex -19.2235 28.4836 1.41573
    endloop
  endfacet
  facet normal -0.802494 0.127113 0.582963
    outer loop
      vertex -19.0875 29.3422 1.41573
      vertex -19.2235 28.4836 1.41573
      vertex -18.6501 28.4836 2.20506
    endloop
  endfacet
  facet normal 0.141872 0.27844 -0.949918
    outer loop
      vertex -1.27247 3.09529 -18.6721
      vertex -1.40846 3.16458 -18.6721
      vertex -0.727063 3.84598 -18.3706
    endloop
  endfacet
  facet normal -0.418901 0.419035 -0.805563
    outer loop
      vertex -17.5904 29.3157 -2.77853
      vertex -17.7411 30.2675 -2.20506
      vertex -17.2771 29.6289 -2.77853
    endloop
  endfacet
  facet normal -0.419 0.419 -0.80553
    outer loop
      vertex -17.7411 30.2675 -2.20506
      vertex -17.5904 29.3157 -2.77853
      vertex -18.2289 29.7797 -2.20506
    endloop
  endfacet
  facet normal 0.585212 -0.0927006 -0.805564
    outer loop
      vertex 35.0951 0 -2.20506
      vertex 34.2364 -0.437486 -2.77853
      vertex 34.3057 0 -2.77853
    endloop
  endfacet
  facet normal 0.585229 -0.0927573 -0.805545
    outer loop
      vertex 34.9871 -0.681399 -2.20506
      vertex 34.2364 -0.437486 -2.77853
      vertex 35.0951 0 -2.20506
    endloop
  endfacet
  facet normal 0.422105 -0.415026 -0.805965
    outer loop
      vertex 4.90235 -1.2961 -17.7972
      vertex 29.1267 -1.21352 -5.1528
      vertex 29.2888 -1.2961 -5.02538
    endloop
  endfacet
  facet normal 0.422056 -0.415262 -0.80587
    outer loop
      vertex 4.90235 -1.2961 -17.7972
      vertex 28.7949 -0.881678 -5.49757
      vertex 29.1267 -1.21352 -5.1528
    endloop
  endfacet
  facet normal 0.422007 -0.415513 -0.805766
    outer loop
      vertex 4.90235 -1.2961 -17.7972
      vertex 28.7697 -0.832147 -5.53631
      vertex 28.7949 -0.881678 -5.49757
    endloop
  endfacet
  facet normal 0.422086 -0.415102 -0.805936
    outer loop
      vertex 28.7697 -0.832147 -5.53631
      vertex 4.90235 -1.2961 -17.7972
      vertex 4.26377 -0.832147 -18.3706
    endloop
  endfacet
  facet normal 0.422054 -0.415261 -0.805871
    outer loop
      vertex 30.8901 -1.21352 -4.22928
      vertex 34.0354 -0.832147 -2.77853
      vertex 34.6739 -1.2961 -2.20506
    endloop
  endfacet
  facet normal 0.422096 -0.415056 -0.805955
    outer loop
      vertex 34.0354 -0.832147 -2.77853
      vertex 31.222 -0.881678 -4.22646
      vertex 31.2472 -0.832147 -4.23877
    endloop
  endfacet
  facet normal 0.422053 -0.415278 -0.805863
    outer loop
      vertex 34.0354 -0.832147 -2.77853
      vertex 30.8901 -1.21352 -4.22928
      vertex 31.222 -0.881678 -4.22646
    endloop
  endfacet
  facet normal 0.422049 -0.415282 -0.805863
    outer loop
      vertex 30.8901 -1.21352 -4.22928
      vertex 34.6739 -1.2961 -2.20506
      vertex 30.728 -1.2961 -4.27162
    endloop
  endfacet
  facet normal 0.36165 0.626397 -0.690534
    outer loop
      vertex 4.41452 1.78393 -17.7972
      vertex -0.26311 4.48456 -17.7972
      vertex 34.1861 1.78393 -2.20506
    endloop
  endfacet
  facet normal 0.418958 0.418958 -0.805573
    outer loop
      vertex 4.26377 0.832147 -18.3706
      vertex 4.41452 1.78393 -17.7972
      vertex 4.90235 1.2961 -17.7972
    endloop
  endfacet
  facet normal 0.418961 0.418957 -0.805572
    outer loop
      vertex 4.41452 1.78393 -17.7972
      vertex 4.26377 0.832147 -18.3706
      vertex 3.95057 1.14535 -18.3706
    endloop
  endfacet
  facet normal 0.462701 0.0732942 -0.883479
    outer loop
      vertex 31.5084 0 -4.24355
      vertex 34.2364 0.437486 -2.77853
      vertex 34.3057 0 -2.77853
    endloop
  endfacet
  facet normal 0.462701 0.0732942 -0.883479
    outer loop
      vertex 34.2364 0.437486 -2.77853
      vertex 31.5084 0 -4.24355
      vertex 31.4391 0.437486 -4.24355
    endloop
  endfacet
  facet normal 0.4627 0.0732778 -0.883481
    outer loop
      vertex 4.53415 0 -18.3706
      vertex 28.5777 0.437486 -5.74215
      vertex 28.5084 0 -5.81473
    endloop
  endfacet
  facet normal 0.462699 0.0732834 -0.883481
    outer loop
      vertex 28.5777 0.437486 -5.74215
      vertex 4.53415 0 -18.3706
      vertex 4.46486 0.437486 -18.3706
    endloop
  endfacet
  facet normal -0.148964 0.940443 -0.305575
    outer loop
      vertex -16.445 31.2621 -1.41573
      vertex -17.3036 31.1261 -1.41573
      vertex -16.445 31.5636 -0.487828
    endloop
  endfacet
  facet normal -0.0927053 0.585261 -0.805528
    outer loop
      vertex -16.445 29.8993 -2.77853
      vertex -16.8825 29.83 -2.77853
      vertex -16.445 30.6886 -2.20506
    endloop
  endfacet
  facet normal 0.368782 0.723919 -0.583045
    outer loop
      vertex -15.1489 30.2675 -2.20506
      vertex -15.5864 31.1261 -1.41573
      vertex -14.8118 30.7315 -1.41573
    endloop
  endfacet
  facet normal 0.574486 0.574486 -0.583037
    outer loop
      vertex 34.6739 1.2961 -2.20506
      vertex 34.5232 2.24788 -1.41573
      vertex 35.1379 1.63318 -1.41573
    endloop
  endfacet
  facet normal 0.574512 0.574476 -0.583021
    outer loop
      vertex 34.5232 2.24788 -1.41573
      vertex 34.6739 1.2961 -2.20506
      vertex 34.1861 1.78393 -2.20506
    endloop
  endfacet
  facet normal -0.33707 0.337017 -0.879092
    outer loop
      vertex -17.5904 29.3157 -2.77853
      vertex -15.8707 27.1928 -4.25177
      vertex -16.1189 26.9918 -4.23366
    endloop
  endfacet
  facet normal -0.337125 0.336978 -0.879086
    outer loop
      vertex -17.5904 29.3157 -2.77853
      vertex -16.1189 26.9918 -4.23366
      vertex -16.1876 26.886 -4.24787
    endloop
  endfacet
  facet normal -0.336983 0.337091 -0.879097
    outer loop
      vertex -15.8707 27.1928 -4.25177
      vertex -17.5904 29.3157 -2.77853
      vertex -17.2771 29.6289 -2.77853
    endloop
  endfacet
  facet normal -0.337039 0.337039 -0.879096
    outer loop
      vertex -14.6923 24.5208 -5.72794
      vertex -2.39136 3.84598 -18.3706
      vertex -2.70456 3.53278 -18.3706
    endloop
  endfacet
  facet normal -0.337086 0.337007 -0.87909
    outer loop
      vertex -2.39136 3.84598 -18.3706
      vertex -14.6923 24.5208 -5.72794
      vertex -14.3941 24.6353 -5.79839
    endloop
  endfacet
  facet normal -0.336983 0.337075 -0.879103
    outer loop
      vertex -14.6923 24.5208 -5.72794
      vertex -2.70456 3.53278 -18.3706
      vertex -14.8182 24.5142 -5.68221
    endloop
  endfacet
  facet normal 0.0926749 0.585252 -0.805538
    outer loop
      vertex -16.0075 29.83 -2.77853
      vertex -16.445 30.6886 -2.20506
      vertex -15.7636 30.5807 -2.20506
    endloop
  endfacet
  facet normal 0.127105 0.802446 0.58303
    outer loop
      vertex -16.445 31.2621 1.41573
      vertex -16.445 30.6886 2.20506
      vertex -15.5864 31.1261 1.41573
    endloop
  endfacet
  facet normal 0.156384 0.987696 -0
    outer loop
      vertex -15.4932 31.4129 -0.487828
      vertex -16.445 31.5636 0.487828
      vertex -15.4932 31.4129 0.487828
    endloop
  endfacet
  facet normal 0.156384 0.987696 0
    outer loop
      vertex -16.445 31.5636 0.487828
      vertex -15.4932 31.4129 -0.487828
      vertex -16.445 31.5636 -0.487828
    endloop
  endfacet
  facet normal 0.405274 0.701954 0.585673
    outer loop
      vertex -14.8118 30.7315 1.41573
      vertex 34.1861 1.78393 2.20506
      vertex 34.5232 2.24788 1.41573
    endloop
  endfacet
  facet normal 0.405263 0.701936 0.585703
    outer loop
      vertex 34.1861 1.78393 2.20506
      vertex -14.8118 30.7315 1.41573
      vertex -15.1489 30.2675 2.20506
    endloop
  endfacet
  facet normal -0.308654 -0.0488849 0.949917
    outer loop
      vertex -2.04704 -2.70063 18.6721
      vertex -2.97494 -2.70063 18.3706
      vertex -2.90565 -3.13812 18.3706
    endloop
  endfacet
  facet normal 0.368848 0.723917 0.583006
    outer loop
      vertex -15.5864 31.1261 1.41573
      vertex -15.7636 30.5807 2.20506
      vertex -15.1489 30.2675 2.20506
    endloop
  endfacet
  facet normal 0.0927053 0.585261 0.805528
    outer loop
      vertex -16.445 30.6886 2.20506
      vertex -16.445 29.8993 2.77853
      vertex -16.0075 29.83 2.77853
    endloop
  endfacet
  facet normal 0.432283 0.848362 -0.305635
    outer loop
      vertex -14.6346 30.9754 -0.487828
      vertex -15.5864 31.1261 -1.41573
      vertex -15.4932 31.4129 -0.487828
    endloop
  endfacet
  facet normal 0.148901 0.940436 -0.30563
    outer loop
      vertex -15.5864 31.1261 -1.41573
      vertex -16.445 31.5636 -0.487828
      vertex -15.4932 31.4129 -0.487828
    endloop
  endfacet
  facet normal -0.148901 0.940436 0.30563
    outer loop
      vertex -16.445 31.5636 0.487828
      vertex -17.3968 31.4129 0.487828
      vertex -17.3036 31.1261 1.41573
    endloop
  endfacet
  facet normal 0.26899 -0.527917 0.805573
    outer loop
      vertex -0.727063 -3.84598 18.3706
      vertex -1.12172 -4.04707 18.3706
      vertex -0.26311 -4.48456 17.7972
    endloop
  endfacet
  facet normal 0.294923 -0.510821 0.807516
    outer loop
      vertex 3.95057 -1.14535 18.3706
      vertex -0.26311 -4.48456 17.7972
      vertex 4.41452 -1.78393 17.7972
    endloop
  endfacet
  facet normal 0.294922 -0.510821 0.807517
    outer loop
      vertex -0.26311 -4.48456 17.7972
      vertex 3.95057 -1.14535 18.3706
      vertex -0.727063 -3.84598 18.3706
    endloop
  endfacet
  facet normal -0.141871 0.27844 0.949918
    outer loop
      vertex -1.70996 3.16458 18.6721
      vertex -2.39136 3.84598 18.3706
      vertex -1.84595 3.09529 18.6721
    endloop
  endfacet
  facet normal 0.891 -0.454004 0
    outer loop
      vertex 35.3818 -1.81039 0.487828
      vertex 35.8193 -0.95178 -0.487828
      vertex 35.8193 -0.95178 0.487828
    endloop
  endfacet
  facet normal 0.891 -0.454004 0
    outer loop
      vertex 35.8193 -0.95178 -0.487828
      vertex 35.3818 -1.81039 0.487828
      vertex 35.3818 -1.81039 -0.487828
    endloop
  endfacet
  facet normal 0.723916 -0.368796 -0.58304
    outer loop
      vertex 35.1379 -1.63318 -1.41573
      vertex 34.6739 -1.2961 -2.20506
      vertex 35.5325 -0.858614 -1.41573
    endloop
  endfacet
  facet normal 0.52805 -0.268935 -0.805505
    outer loop
      vertex 34.6739 -1.2961 -2.20506
      vertex 34.0354 -0.832147 -2.77853
      vertex 34.2364 -0.437486 -2.77853
    endloop
  endfacet
  facet normal 0.52796 -0.269004 -0.80554
    outer loop
      vertex 34.6739 -1.2961 -2.20506
      vertex 34.2364 -0.437486 -2.77853
      vertex 34.9871 -0.681399 -2.20506
    endloop
  endfacet
  facet normal 0.5 -0.866025 0
    outer loop
      vertex -14.6346 -30.9754 -0.487828
      vertex 34.7004 -2.49179 0.487828
      vertex -14.6346 -30.9754 0.487828
    endloop
  endfacet
  facet normal 0.5 -0.866025 0
    outer loop
      vertex 34.7004 -2.49179 0.487828
      vertex -14.6346 -30.9754 -0.487828
      vertex 34.7004 -2.49179 -0.487828
    endloop
  endfacet
  facet normal 0.432283 -0.848362 0.305635
    outer loop
      vertex -14.6346 -30.9754 0.487828
      vertex -15.5864 -31.1261 1.41573
      vertex -15.4932 -31.4129 0.487828
    endloop
  endfacet
  facet normal 0.127071 -0.802469 0.583006
    outer loop
      vertex -15.7636 -30.5807 2.20506
      vertex -16.445 -30.6886 2.20506
      vertex -15.5864 -31.1261 1.41573
    endloop
  endfacet
  facet normal 0.368848 -0.723917 0.583006
    outer loop
      vertex -15.1489 -30.2675 2.20506
      vertex -15.7636 -30.5807 2.20506
      vertex -15.5864 -31.1261 1.41573
    endloop
  endfacet
  facet normal -0.368848 -0.723917 0.583006
    outer loop
      vertex -17.1264 -30.5807 2.20506
      vertex -17.7411 -30.2675 2.20506
      vertex -17.3036 -31.1261 1.41573
    endloop
  endfacet
  facet normal -0.574481 -0.574481 0.583047
    outer loop
      vertex -18.2289 -29.7797 2.20506
      vertex -18.0782 -30.7315 1.41573
      vertex -17.7411 -30.2675 2.20506
    endloop
  endfacet
  facet normal -0.574481 -0.574481 0.583047
    outer loop
      vertex -18.0782 -30.7315 1.41573
      vertex -18.2289 -29.7797 2.20506
      vertex -18.6929 -30.1168 1.41573
    endloop
  endfacet
  facet normal 0.148901 -0.940436 0.30563
    outer loop
      vertex -15.5864 -31.1261 1.41573
      vertex -16.445 -31.5636 0.487828
      vertex -15.4932 -31.4129 0.487828
    endloop
  endfacet
  facet normal 0.987696 -0.156387 0
    outer loop
      vertex 35.8193 -0.95178 0.487828
      vertex 35.97 0 -0.487828
      vertex 35.97 0 0.487828
    endloop
  endfacet
  facet normal 0.987696 -0.156387 0
    outer loop
      vertex 35.97 0 -0.487828
      vertex 35.8193 -0.95178 0.487828
      vertex 35.8193 -0.95178 -0.487828
    endloop
  endfacet
  facet normal 0.707107 -0.707107 0
    outer loop
      vertex 34.7004 -2.49179 0.487828
      vertex 35.3818 -1.81039 -0.487828
      vertex 35.3818 -1.81039 0.487828
    endloop
  endfacet
  facet normal 0.707107 -0.707107 0
    outer loop
      vertex 35.3818 -1.81039 -0.487828
      vertex 34.7004 -2.49179 0.487828
      vertex 34.7004 -2.49179 -0.487828
    endloop
  endfacet
  facet normal -0.940436 -0.148901 0.30563
    outer loop
      vertex -19.0875 -29.3422 1.41573
      vertex -19.525 -28.4836 0.487828
      vertex -19.3743 -29.4354 0.487828
    endloop
  endfacet
  facet normal -0.707107 -0.707107 0
    outer loop
      vertex -18.2554 -30.9754 -0.487828
      vertex -18.9368 -30.294 0.487828
      vertex -18.9368 -30.294 -0.487828
    endloop
  endfacet
  facet normal -0.707107 -0.707107 0
    outer loop
      vertex -18.9368 -30.294 0.487828
      vertex -18.2554 -30.9754 -0.487828
      vertex -18.2554 -30.9754 0.487828
    endloop
  endfacet
  facet normal -0.0765347 -0.483233 0.87214
    outer loop
      vertex -13.8895 -24.9844 5.72606
      vertex -1.55921 -4.11636 18.3706
      vertex -1.9967 -4.04707 18.3706
    endloop
  endfacet
  facet normal -0.0763845 -0.483305 0.872113
    outer loop
      vertex -1.55921 -4.11636 18.3706
      vertex -13.8895 -24.9844 5.72606
      vertex -13.7401 -25.2143 5.61174
    endloop
  endfacet
  facet normal -0.0765314 -0.483234 0.87214
    outer loop
      vertex -13.8895 -24.9844 5.72606
      vertex -1.9967 -4.04707 18.3706
      vertex -14.0226 -24.8766 5.77411
    endloop
  endfacet
  facet normal -0.0764317 -0.48328 0.872123
    outer loop
      vertex -15.3161 -27.4553 4.23179
      vertex -16.445 -29.8993 2.77853
      vertex -15.0422 -27.4696 4.24787
    endloop
  endfacet
  facet normal -0.0765766 -0.483224 0.872141
    outer loop
      vertex -15.476 -27.3939 4.25177
      vertex -16.445 -29.8993 2.77853
      vertex -15.3161 -27.4553 4.23179
    endloop
  endfacet
  facet normal -0.0765444 -0.483235 0.872138
    outer loop
      vertex -16.445 -29.8993 2.77853
      vertex -15.476 -27.3939 4.25177
      vertex -16.8825 -29.83 2.77853
    endloop
  endfacet
  facet normal 0.451454 0.230498 -0.862009
    outer loop
      vertex 4.46486 0.437486 -18.3706
      vertex 28.5818 0.463525 -5.73304
      vertex 28.5777 0.437486 -5.74215
    endloop
  endfacet
  facet normal 0.451514 0.229954 -0.862123
    outer loop
      vertex 4.46486 0.437486 -18.3706
      vertex 28.7697 0.832147 -5.53631
      vertex 28.5818 0.463525 -5.73304
    endloop
  endfacet
  facet normal 0.451502 0.230052 -0.862103
    outer loop
      vertex 28.7697 0.832147 -5.53631
      vertex 4.46486 0.437486 -18.3706
      vertex 4.26377 0.832147 -18.3706
    endloop
  endfacet
  facet normal 0.451516 0.229956 -0.862122
    outer loop
      vertex 31.4391 0.437486 -4.24355
      vertex 34.0354 0.832147 -2.77853
      vertex 34.2364 0.437486 -2.77853
    endloop
  endfacet
  facet normal 0.451648 0.22939 -0.862203
    outer loop
      vertex 31.435 0.463525 -4.23877
      vertex 34.0354 0.832147 -2.77853
      vertex 31.4391 0.437486 -4.24355
    endloop
  endfacet
  facet normal 0.451505 0.230026 -0.862109
    outer loop
      vertex 34.0354 0.832147 -2.77853
      vertex 31.435 0.463525 -4.23877
      vertex 31.2472 0.832147 -4.23877
    endloop
  endfacet
  facet normal 0.52805 0.268935 -0.805505
    outer loop
      vertex 34.2364 0.437486 -2.77853
      vertex 34.0354 0.832147 -2.77853
      vertex 34.6739 1.2961 -2.20506
    endloop
  endfacet
  facet normal 0.0488927 -0.30865 0.949918
    outer loop
      vertex -1.40846 -3.16458 18.6721
      vertex -1.55921 -3.18846 18.6721
      vertex -1.12172 -4.04707 18.3706
    endloop
  endfacet
  facet normal 0.723914 0.368846 0.583011
    outer loop
      vertex 35.5325 0.858614 1.41573
      vertex 34.6739 1.2961 2.20506
      vertex 34.9871 0.681399 2.20506
    endloop
  endfacet
  facet normal 0.574486 0.574486 0.583037
    outer loop
      vertex 34.5232 2.24788 1.41573
      vertex 34.6739 1.2961 2.20506
      vertex 35.1379 1.63318 1.41573
    endloop
  endfacet
  facet normal 0.574512 0.574476 0.583021
    outer loop
      vertex 34.6739 1.2961 2.20506
      vertex 34.5232 2.24788 1.41573
      vertex 34.1861 1.78393 2.20506
    endloop
  endfacet
  facet normal 0.585212 -0.0927006 0.805564
    outer loop
      vertex 34.3057 0 2.77853
      vertex 34.2364 -0.437486 2.77853
      vertex 35.0951 0 2.20506
    endloop
  endfacet
  facet normal 0.585212 0.0927006 0.805564
    outer loop
      vertex 35.0951 0 2.20506
      vertex 34.2364 0.437486 2.77853
      vertex 34.3057 0 2.77853
    endloop
  endfacet
  facet normal 0.422054 0.415261 0.805871
    outer loop
      vertex 30.8901 1.21352 4.22928
      vertex 34.0354 0.832147 2.77853
      vertex 34.6739 1.2961 2.20506
    endloop
  endfacet
  facet normal 0.422096 0.415056 0.805955
    outer loop
      vertex 34.0354 0.832147 2.77853
      vertex 31.222 0.881678 4.22646
      vertex 31.2472 0.832147 4.23877
    endloop
  endfacet
  facet normal 0.422053 0.415278 0.805863
    outer loop
      vertex 34.0354 0.832147 2.77853
      vertex 30.8901 1.21352 4.22928
      vertex 31.222 0.881678 4.22646
    endloop
  endfacet
  facet normal 0.422049 0.415282 0.805863
    outer loop
      vertex 30.8901 1.21352 4.22928
      vertex 34.6739 1.2961 2.20506
      vertex 30.728 1.2961 4.27162
    endloop
  endfacet
  facet normal 0.422105 0.415026 0.805965
    outer loop
      vertex 4.90235 1.2961 17.7972
      vertex 29.1267 1.21352 5.1528
      vertex 29.2888 1.2961 5.02538
    endloop
  endfacet
  facet normal 0.422056 0.415262 0.80587
    outer loop
      vertex 4.90235 1.2961 17.7972
      vertex 28.7949 0.881678 5.49757
      vertex 29.1267 1.21352 5.1528
    endloop
  endfacet
  facet normal 0.422007 0.415513 0.805766
    outer loop
      vertex 4.90235 1.2961 17.7972
      vertex 28.7697 0.832147 5.53631
      vertex 28.7949 0.881678 5.49757
    endloop
  endfacet
  facet normal 0.422086 0.415102 0.805936
    outer loop
      vertex 28.7697 0.832147 5.53631
      vertex 4.90235 1.2961 17.7972
      vertex 4.26377 0.832147 18.3706
    endloop
  endfacet
  facet normal 0.278439 0.141872 0.949918
    outer loop
      vertex 4.26377 0.832147 18.3706
      vertex 3.58237 0.150747 18.6721
      vertex 4.46486 0.437486 18.3706
    endloop
  endfacet
  facet normal 0.26899 0.527917 0.805573
    outer loop
      vertex -0.26311 4.48456 17.7972
      vertex -1.12172 4.04707 18.3706
      vertex -0.727063 3.84598 18.3706
    endloop
  endfacet
  facet normal 0.0872447 -0.551914 0.829325
    outer loop
      vertex -14.8474 -27.4798 4.22054
      vertex -16.0075 -29.83 2.77853
      vertex -14.6146 -27.4175 4.23751
    endloop
  endfacet
  facet normal 0.0874418 -0.551974 0.829264
    outer loop
      vertex -15.0422 -27.4696 4.24787
      vertex -16.0075 -29.83 2.77853
      vertex -14.8474 -27.4798 4.22054
    endloop
  endfacet
  facet normal 0.0874323 -0.551971 0.829267
    outer loop
      vertex -16.0075 -29.83 2.77853
      vertex -15.0422 -27.4696 4.24787
      vertex -16.445 -29.8993 2.77853
    endloop
  endfacet
  facet normal 0.087421 -0.551967 0.829271
    outer loop
      vertex -13.6339 -25.378 5.49164
      vertex -1.12172 -4.04707 18.3706
      vertex -1.55921 -4.11636 18.3706
    endloop
  endfacet
  facet normal 0.0876439 -0.55205 0.829192
    outer loop
      vertex -1.12172 -4.04707 18.3706
      vertex -13.6339 -25.378 5.49164
      vertex -13.5715 -25.6107 5.33012
    endloop
  endfacet
  facet normal 0.0871995 -0.551888 0.829347
    outer loop
      vertex -13.6339 -25.378 5.49164
      vertex -1.55921 -4.11636 18.3706
      vertex -13.7401 -25.2143 5.61174
    endloop
  endfacet
  facet normal 0.418958 -0.418958 0.805573
    outer loop
      vertex 4.26377 -0.832147 18.3706
      vertex 4.41452 -1.78393 17.7972
      vertex 4.90235 -1.2961 17.7972
    endloop
  endfacet
  facet normal 0.418961 -0.418957 0.805572
    outer loop
      vertex 4.41452 -1.78393 17.7972
      vertex 4.26377 -0.832147 18.3706
      vertex 3.95057 -1.14535 18.3706
    endloop
  endfacet
  facet normal 0.36165 -0.626397 0.690534
    outer loop
      vertex -0.26311 -4.48456 17.7972
      vertex -15.1489 -30.2675 2.20506
      vertex 34.1861 -1.78393 2.20506
    endloop
  endfacet
  facet normal 0.432211 -0.84843 -0.305549
    outer loop
      vertex -14.6346 -30.9754 -0.487828
      vertex -15.5864 -31.1261 -1.41573
      vertex -14.8118 -30.7315 -1.41573
    endloop
  endfacet
  facet normal -0.5852 -0.0926845 -0.805574
    outer loop
      vertex -2.90565 -3.13812 -18.3706
      vertex -3.76427 -2.70063 -17.7972
      vertex -2.97494 -2.70063 -18.3706
    endloop
  endfacet
  facet normal -0.58773 0 -0.809057
    outer loop
      vertex -3.76427 -2.70063 -17.7972
      vertex -2.97494 2.70063 -18.3706
      vertex -2.97494 -2.70063 -18.3706
    endloop
  endfacet
  facet normal -0.58773 0 -0.809057
    outer loop
      vertex -2.97494 2.70063 -18.3706
      vertex -3.76427 -2.70063 -17.7972
      vertex -3.76427 2.70063 -17.7972
    endloop
  endfacet
  facet normal -0.30865 0.0488927 -0.949918
    outer loop
      vertex -2.04704 2.70063 -18.6721
      vertex -2.90565 3.13812 -18.3706
      vertex -2.02316 2.85138 -18.6721
    endloop
  endfacet
  facet normal -0.27844 0.141871 -0.949918
    outer loop
      vertex -2.02316 2.85138 -18.6721
      vertex -2.70456 3.53278 -18.3706
      vertex -1.95387 2.98737 -18.6721
    endloop
  endfacet
  facet normal -0.308654 0.0488849 -0.949917
    outer loop
      vertex -2.04704 2.70063 -18.6721
      vertex -2.97494 2.70063 -18.3706
      vertex -2.90565 3.13812 -18.3706
    endloop
  endfacet
  facet normal -0.5852 0.0926845 -0.805574
    outer loop
      vertex -2.97494 2.70063 -18.3706
      vertex -3.76427 2.70063 -17.7972
      vertex -2.90565 3.13812 -18.3706
    endloop
  endfacet
  facet normal -0.564994 -0.162961 -0.808842
    outer loop
      vertex -16.3986 -26.5085 -4.23751
      vertex -17.7914 -28.9211 -2.77853
      vertex -16.496 -26.1449 -4.24273
    endloop
  endfacet
  facet normal -0.564948 -0.162996 -0.808867
    outer loop
      vertex -18.5421 -29.165 -2.20506
      vertex -16.496 -26.1449 -4.24273
      vertex -17.7914 -28.9211 -2.77853
    endloop
  endfacet
  facet normal -0.565051 -0.162892 -0.808816
    outer loop
      vertex -16.496 -26.1449 -4.24273
      vertex -18.5421 -29.165 -2.20506
      vertex -16.4714 -25.6762 -4.35431
    endloop
  endfacet
  facet normal -0.565168 -0.162785 -0.808756
    outer loop
      vertex -16.4714 -25.6762 -4.35431
      vertex -18.5421 -29.165 -2.20506
      vertex -16.3594 -25.3844 -4.49131
    endloop
  endfacet
  facet normal -0.56489 -0.163036 -0.8089
    outer loop
      vertex -15.2507 -24.5203 -5.43987
      vertex -3.65634 -3.38203 -17.7972
      vertex -2.90565 -3.13812 -18.3706
    endloop
  endfacet
  facet normal -0.565044 -0.162904 -0.808818
    outer loop
      vertex -15.6143 -24.6177 -5.16624
      vertex -3.65634 -3.38203 -17.7972
      vertex -15.2507 -24.5203 -5.43987
    endloop
  endfacet
  facet normal -0.564947 -0.162989 -0.808869
    outer loop
      vertex -16.0079 -24.8733 -4.83983
      vertex -3.65634 -3.38203 -17.7972
      vertex -15.6143 -24.6177 -5.16624
    endloop
  endfacet
  facet normal -0.564654 -0.163249 -0.809021
    outer loop
      vertex -3.65634 -3.38203 -17.7972
      vertex -16.0079 -24.8733 -4.83983
      vertex -16.2046 -25.1162 -4.65353
    endloop
  endfacet
  facet normal -0.67329 0.67329 0.305552
    outer loop
      vertex -18.9368 30.294 0.487828
      vertex -18.0782 30.7315 1.41573
      vertex -18.2554 30.9754 0.487828
    endloop
  endfacet
  facet normal -0.67329 0.67329 0.305552
    outer loop
      vertex -18.0782 30.7315 1.41573
      vertex -18.9368 30.294 0.487828
      vertex -18.6929 30.1168 1.41573
    endloop
  endfacet
  facet normal 0.308654 0.0488853 -0.949917
    outer loop
      vertex 4.53415 0 -18.3706
      vertex 3.60625 0 -18.6721
      vertex 4.46486 0.437486 -18.3706
    endloop
  endfacet
  facet normal -0.278439 0.141872 -0.949918
    outer loop
      vertex -2.02316 2.85138 -18.6721
      vertex -2.90565 3.13812 -18.3706
      vertex -2.70456 3.53278 -18.3706
    endloop
  endfacet
  facet normal 0.30865 0.0488936 -0.949918
    outer loop
      vertex 3.60625 0 -18.6721
      vertex 3.58237 0.150747 -18.6721
      vertex 4.46486 0.437486 -18.3706
    endloop
  endfacet
  facet normal 0.278439 0.141872 -0.949918
    outer loop
      vertex 4.46486 0.437486 -18.3706
      vertex 3.58237 0.150747 -18.6721
      vertex 4.26377 0.832147 -18.3706
    endloop
  endfacet
  facet normal 0.294923 -0.510821 -0.807516
    outer loop
      vertex -0.26311 -4.48456 -17.7972
      vertex 3.95057 -1.14535 -18.3706
      vertex 4.41452 -1.78393 -17.7972
    endloop
  endfacet
  facet normal 0.294922 -0.510821 -0.807517
    outer loop
      vertex 3.95057 -1.14535 -18.3706
      vertex -0.26311 -4.48456 -17.7972
      vertex -0.727063 -3.84598 -18.3706
    endloop
  endfacet
  facet normal 0.420863 0.420837 -0.803598
    outer loop
      vertex 30.728 1.2961 -4.27162
      vertex 34.1861 1.78393 -2.20506
      vertex 34.6739 1.2961 -2.20506
    endloop
  endfacet
  facet normal 0.420917 0.420682 -0.803652
    outer loop
      vertex 30.472 1.42658 -4.3374
      vertex 34.1861 1.78393 -2.20506
      vertex 30.728 1.2961 -4.27162
    endloop
  endfacet
  facet normal 0.420794 0.421085 -0.803505
    outer loop
      vertex 30.0084 1.5 -4.54171
      vertex 34.1861 1.78393 -2.20506
      vertex 30.472 1.42658 -4.3374
    endloop
  endfacet
  facet normal 0.42086 0.42086 -0.803588
    outer loop
      vertex 4.41452 1.78393 -17.7972
      vertex 29.2888 1.2961 -5.02538
      vertex 4.90235 1.2961 -17.7972
    endloop
  endfacet
  facet normal 0.420862 0.42085 -0.803592
    outer loop
      vertex 29.2888 1.2961 -5.02538
      vertex 4.41452 1.78393 -17.7972
      vertex 29.5449 1.42658 -4.82292
    endloop
  endfacet
  facet normal 0.420842 0.420951 -0.80355
    outer loop
      vertex 29.5449 1.42658 -4.82292
      vertex 4.41452 1.78393 -17.7972
      vertex 30.0084 1.5 -4.54171
    endloop
  endfacet
  facet normal 0.42087 0.420813 -0.803607
    outer loop
      vertex 30.0084 1.5 -4.54171
      vertex 4.41452 1.78393 -17.7972
      vertex 34.1861 1.78393 -2.20506
    endloop
  endfacet
  facet normal 0.0927053 0.585261 -0.805528
    outer loop
      vertex -16.0075 29.83 -2.77853
      vertex -16.445 29.8993 -2.77853
      vertex -16.445 30.6886 -2.20506
    endloop
  endfacet
  facet normal -0.368848 0.723917 -0.583006
    outer loop
      vertex -17.1264 30.5807 -2.20506
      vertex -17.7411 30.2675 -2.20506
      vertex -17.3036 31.1261 -1.41573
    endloop
  endfacet
  facet normal 0.848421 0.432225 -0.305554
    outer loop
      vertex 35.5325 0.858614 -1.41573
      vertex 35.1379 1.63318 -1.41573
      vertex 35.3818 1.81039 -0.487828
    endloop
  endfacet
  facet normal 0.723916 0.368796 -0.58304
    outer loop
      vertex 35.5325 0.858614 -1.41573
      vertex 34.6739 1.2961 -2.20506
      vertex 35.1379 1.63318 -1.41573
    endloop
  endfacet
  facet normal -0.723919 0.368782 -0.583045
    outer loop
      vertex -18.2289 29.7797 -2.20506
      vertex -19.0875 29.3422 -1.41573
      vertex -18.6929 30.1168 -1.41573
    endloop
  endfacet
  facet normal -0.269042 0.527916 0.805557
    outer loop
      vertex -16.8825 29.83 2.77853
      vertex -17.7411 30.2675 2.20506
      vertex -17.2771 29.6289 2.77853
    endloop
  endfacet
  facet normal -0.0926749 0.585252 0.805538
    outer loop
      vertex -16.445 30.6886 2.20506
      vertex -17.1264 30.5807 2.20506
      vertex -16.8825 29.83 2.77853
    endloop
  endfacet
  facet normal 0.368782 0.723919 0.583045
    outer loop
      vertex -14.8118 30.7315 1.41573
      vertex -15.5864 31.1261 1.41573
      vertex -15.1489 30.2675 2.20506
    endloop
  endfacet
  facet normal 0.432211 0.84843 0.305549
    outer loop
      vertex -14.6346 30.9754 0.487828
      vertex -15.5864 31.1261 1.41573
      vertex -14.8118 30.7315 1.41573
    endloop
  endfacet
  facet normal -0.0764317 0.48328 0.872123
    outer loop
      vertex -16.445 29.8993 2.77853
      vertex -15.3161 27.4553 4.23179
      vertex -15.0422 27.4696 4.24787
    endloop
  endfacet
  facet normal -0.0765766 0.483224 0.872141
    outer loop
      vertex -16.445 29.8993 2.77853
      vertex -15.476 27.3939 4.25177
      vertex -15.3161 27.4553 4.23179
    endloop
  endfacet
  facet normal -0.0765444 0.483235 0.872138
    outer loop
      vertex -15.476 27.3939 4.25177
      vertex -16.445 29.8993 2.77853
      vertex -16.8825 29.83 2.77853
    endloop
  endfacet
  facet normal -0.0763845 0.483305 0.872113
    outer loop
      vertex -13.8895 24.9844 5.72606
      vertex -1.55921 4.11636 18.3706
      vertex -13.7401 25.2143 5.61174
    endloop
  endfacet
  facet normal -0.0765347 0.483233 0.87214
    outer loop
      vertex -1.55921 4.11636 18.3706
      vertex -13.8895 24.9844 5.72606
      vertex -1.9967 4.04707 18.3706
    endloop
  endfacet
  facet normal -0.0765314 0.483234 0.87214
    outer loop
      vertex -1.9967 4.04707 18.3706
      vertex -13.8895 24.9844 5.72606
      vertex -14.0226 24.8766 5.77411
    endloop
  endfacet
  facet normal 0.5 0.866025 -0
    outer loop
      vertex 34.7004 2.49179 -0.487828
      vertex -14.6346 30.9754 0.487828
      vertex 34.7004 2.49179 0.487828
    endloop
  endfacet
  facet normal 0.5 0.866025 0
    outer loop
      vertex -14.6346 30.9754 0.487828
      vertex 34.7004 2.49179 -0.487828
      vertex -14.6346 30.9754 -0.487828
    endloop
  endfacet
  facet normal 0.454008 0.890998 -0
    outer loop
      vertex -14.6346 30.9754 -0.487828
      vertex -15.4932 31.4129 0.487828
      vertex -14.6346 30.9754 0.487828
    endloop
  endfacet
  facet normal 0.454008 0.890998 0
    outer loop
      vertex -15.4932 31.4129 0.487828
      vertex -14.6346 30.9754 -0.487828
      vertex -15.4932 31.4129 -0.487828
    endloop
  endfacet
  facet normal -0.454008 0.890998 0
    outer loop
      vertex -17.3968 31.4129 -0.487828
      vertex -18.2554 30.9754 0.487828
      vertex -17.3968 31.4129 0.487828
    endloop
  endfacet
  facet normal -0.454008 0.890998 0
    outer loop
      vertex -18.2554 30.9754 0.487828
      vertex -17.3968 31.4129 -0.487828
      vertex -18.2554 30.9754 -0.487828
    endloop
  endfacet
  facet normal -0.27844 -0.141871 0.949918
    outer loop
      vertex -2.02316 -2.85138 18.6721
      vertex -2.70456 -3.53278 18.3706
      vertex -1.95387 -2.98737 18.6721
    endloop
  endfacet
  facet normal 0.141872 -0.27844 0.949918
    outer loop
      vertex -1.27247 -3.09529 18.6721
      vertex -1.40846 -3.16458 18.6721
      vertex -0.727063 -3.84598 18.3706
    endloop
  endfacet
  facet normal -0.336983 0.337091 0.879097
    outer loop
      vertex -17.5904 29.3157 2.77853
      vertex -15.8707 27.1928 4.25177
      vertex -17.2771 29.6289 2.77853
    endloop
  endfacet
  facet normal -0.33707 0.337017 0.879092
    outer loop
      vertex -15.8707 27.1928 4.25177
      vertex -17.5904 29.3157 2.77853
      vertex -16.1189 26.9918 4.23366
    endloop
  endfacet
  facet normal -0.337125 0.336978 0.879086
    outer loop
      vertex -16.1189 26.9918 4.23366
      vertex -17.5904 29.3157 2.77853
      vertex -16.1876 26.886 4.24787
    endloop
  endfacet
  facet normal -0.337086 0.337007 0.87909
    outer loop
      vertex -14.6923 24.5208 5.72794
      vertex -2.39136 3.84598 18.3706
      vertex -14.3941 24.6353 5.79839
    endloop
  endfacet
  facet normal -0.337039 0.337039 0.879096
    outer loop
      vertex -2.39136 3.84598 18.3706
      vertex -14.6923 24.5208 5.72794
      vertex -2.70456 3.53278 18.3706
    endloop
  endfacet
  facet normal -0.336983 0.337075 0.879103
    outer loop
      vertex -2.70456 3.53278 18.3706
      vertex -14.6923 24.5208 5.72794
      vertex -14.8182 24.5142 5.68221
    endloop
  endfacet
  facet normal -0.220971 0.220971 0.949918
    outer loop
      vertex -2.39136 3.84598 18.3706
      vertex -1.95387 2.98737 18.6721
      vertex -1.84595 3.09529 18.6721
    endloop
  endfacet
  facet normal -0.220971 0.220971 0.949918
    outer loop
      vertex -1.95387 2.98737 18.6721
      vertex -2.39136 3.84598 18.3706
      vertex -2.70456 3.53278 18.3706
    endloop
  endfacet
  facet normal -0.52802 0.268961 0.805515
    outer loop
      vertex -17.5904 29.3157 2.77853
      vertex -18.2289 29.7797 2.20506
      vertex -17.7914 28.9211 2.77853
    endloop
  endfacet
  facet normal -0.471965 -0.240453 0.848193
    outer loop
      vertex -17.7914 -28.9211 2.77853
      vertex -16.1876 -26.886 4.24787
      vertex -16.3745 -26.5982 4.22546
    endloop
  endfacet
  facet normal -0.471681 -0.240684 0.848285
    outer loop
      vertex -17.7914 -28.9211 2.77853
      vertex -16.3745 -26.5982 4.22546
      vertex -16.3986 -26.5085 4.23751
    endloop
  endfacet
  facet normal -0.471995 -0.240423 0.848185
    outer loop
      vertex -16.1876 -26.886 4.24787
      vertex -17.7914 -28.9211 2.77853
      vertex -17.5904 -29.3157 2.77853
    endloop
  endfacet
  facet normal -0.471943 -0.240468 0.848201
    outer loop
      vertex -15.161 -24.4963 5.49657
      vertex -2.70456 -3.53278 18.3706
      vertex -2.90565 -3.13812 18.3706
    endloop
  endfacet
  facet normal -0.471901 -0.240501 0.848215
    outer loop
      vertex -2.70456 -3.53278 18.3706
      vertex -15.161 -24.4963 5.49657
      vertex -14.8182 -24.5142 5.68221
    endloop
  endfacet
  facet normal -0.471816 -0.240566 0.848244
    outer loop
      vertex -15.161 -24.4963 5.49657
      vertex -2.90565 -3.13812 18.3706
      vertex -15.2507 -24.5203 5.43987
    endloop
  endfacet
  facet normal -0.564994 0.162961 0.808842
    outer loop
      vertex -16.3986 26.5085 4.23751
      vertex -17.7914 28.9211 2.77853
      vertex -16.496 26.1449 4.24273
    endloop
  endfacet
  facet normal -0.564948 0.162996 0.808867
    outer loop
      vertex -18.5421 29.165 2.20506
      vertex -16.496 26.1449 4.24273
      vertex -17.7914 28.9211 2.77853
    endloop
  endfacet
  facet normal -0.565051 0.162892 0.808816
    outer loop
      vertex -16.496 26.1449 4.24273
      vertex -18.5421 29.165 2.20506
      vertex -16.4714 25.6762 4.35431
    endloop
  endfacet
  facet normal -0.565168 0.162785 0.808756
    outer loop
      vertex -16.4714 25.6762 4.35431
      vertex -18.5421 29.165 2.20506
      vertex -16.3594 25.3844 4.49131
    endloop
  endfacet
  facet normal -0.56489 0.163036 0.8089
    outer loop
      vertex -15.2507 24.5203 5.43987
      vertex -3.65634 3.38203 17.7972
      vertex -2.90565 3.13812 18.3706
    endloop
  endfacet
  facet normal -0.565044 0.162904 0.808818
    outer loop
      vertex -15.6143 24.6177 5.16624
      vertex -3.65634 3.38203 17.7972
      vertex -15.2507 24.5203 5.43987
    endloop
  endfacet
  facet normal -0.564947 0.162989 0.808869
    outer loop
      vertex -16.0079 24.8733 4.83983
      vertex -3.65634 3.38203 17.7972
      vertex -15.6143 24.6177 5.16624
    endloop
  endfacet
  facet normal -0.564654 0.163249 0.809021
    outer loop
      vertex -3.65634 3.38203 17.7972
      vertex -16.0079 24.8733 4.83983
      vertex -16.2046 25.1162 4.65353
    endloop
  endfacet
  facet normal -0.585203 0.0926929 0.805572
    outer loop
      vertex -3.65634 3.38203 17.7972
      vertex -3.76427 2.70063 17.7972
      vertex -2.90565 3.13812 18.3706
    endloop
  endfacet
  facet normal 0.141873 -0.278439 0.949918
    outer loop
      vertex -0.727063 -3.84598 18.3706
      vertex -1.40846 -3.16458 18.6721
      vertex -1.12172 -4.04707 18.3706
    endloop
  endfacet
  facet normal 0.940444 0.148961 -0.305575
    outer loop
      vertex 35.6685 0 -1.41573
      vertex 35.5325 0.858614 -1.41573
      vertex 35.97 0 -0.487828
    endloop
  endfacet
  facet normal 0.940444 -0.148961 -0.305575
    outer loop
      vertex 35.97 0 -0.487828
      vertex 35.5325 -0.858614 -1.41573
      vertex 35.6685 0 -1.41573
    endloop
  endfacet
  facet normal -0.368782 -0.723919 -0.583045
    outer loop
      vertex -17.3036 -31.1261 -1.41573
      vertex -18.0782 -30.7315 -1.41573
      vertex -17.7411 -30.2675 -2.20506
    endloop
  endfacet
  facet normal -0.156384 -0.987696 0
    outer loop
      vertex -17.3968 -31.4129 -0.487828
      vertex -16.445 -31.5636 0.487828
      vertex -17.3968 -31.4129 0.487828
    endloop
  endfacet
  facet normal -0.156384 -0.987696 -0
    outer loop
      vertex -16.445 -31.5636 0.487828
      vertex -17.3968 -31.4129 -0.487828
      vertex -16.445 -31.5636 -0.487828
    endloop
  endfacet
  facet normal -0.148964 -0.940443 0.305575
    outer loop
      vertex -16.445 -31.2621 1.41573
      vertex -17.3036 -31.1261 1.41573
      vertex -16.445 -31.5636 0.487828
    endloop
  endfacet
  facet normal -0.432211 -0.84843 0.305549
    outer loop
      vertex -18.0782 -30.7315 1.41573
      vertex -18.2554 -30.9754 0.487828
      vertex -17.3036 -31.1261 1.41573
    endloop
  endfacet
  facet normal 0.723914 -0.368846 0.583011
    outer loop
      vertex 34.9871 -0.681399 2.20506
      vertex 34.6739 -1.2961 2.20506
      vertex 35.5325 -0.858614 1.41573
    endloop
  endfacet
  facet normal 0.451516 -0.229956 0.862122
    outer loop
      vertex 31.4391 -0.437486 4.24355
      vertex 34.0354 -0.832147 2.77853
      vertex 34.2364 -0.437486 2.77853
    endloop
  endfacet
  facet normal 0.451648 -0.22939 0.862203
    outer loop
      vertex 31.435 -0.463525 4.23877
      vertex 34.0354 -0.832147 2.77853
      vertex 31.4391 -0.437486 4.24355
    endloop
  endfacet
  facet normal 0.451505 -0.230026 0.862109
    outer loop
      vertex 34.0354 -0.832147 2.77853
      vertex 31.435 -0.463525 4.23877
      vertex 31.2472 -0.832147 4.23877
    endloop
  endfacet
  facet normal 0.451454 -0.230498 0.862009
    outer loop
      vertex 4.46486 -0.437486 18.3706
      vertex 28.5818 -0.463525 5.73304
      vertex 28.5777 -0.437486 5.74215
    endloop
  endfacet
  facet normal 0.451514 -0.229954 0.862123
    outer loop
      vertex 4.46486 -0.437486 18.3706
      vertex 28.7697 -0.832147 5.53631
      vertex 28.5818 -0.463525 5.73304
    endloop
  endfacet
  facet normal 0.451502 -0.230052 0.862103
    outer loop
      vertex 28.7697 -0.832147 5.53631
      vertex 4.46486 -0.437486 18.3706
      vertex 4.26377 -0.832147 18.3706
    endloop
  endfacet
  facet normal 0.422105 -0.415026 0.805965
    outer loop
      vertex 29.1267 -1.21352 5.1528
      vertex 4.90235 -1.2961 17.7972
      vertex 29.2888 -1.2961 5.02538
    endloop
  endfacet
  facet normal 0.422056 -0.415262 0.80587
    outer loop
      vertex 28.7949 -0.881678 5.49757
      vertex 4.90235 -1.2961 17.7972
      vertex 29.1267 -1.21352 5.1528
    endloop
  endfacet
  facet normal 0.422007 -0.415513 0.805766
    outer loop
      vertex 28.7697 -0.832147 5.53631
      vertex 4.90235 -1.2961 17.7972
      vertex 28.7949 -0.881678 5.49757
    endloop
  endfacet
  facet normal 0.422086 -0.415102 0.805936
    outer loop
      vertex 4.90235 -1.2961 17.7972
      vertex 28.7697 -0.832147 5.53631
      vertex 4.26377 -0.832147 18.3706
    endloop
  endfacet
  facet normal 0.422096 -0.415056 0.805955
    outer loop
      vertex 31.222 -0.881678 4.22646
      vertex 34.0354 -0.832147 2.77853
      vertex 31.2472 -0.832147 4.23877
    endloop
  endfacet
  facet normal 0.422053 -0.415278 0.805863
    outer loop
      vertex 30.8901 -1.21352 4.22928
      vertex 34.0354 -0.832147 2.77853
      vertex 31.222 -0.881678 4.22646
    endloop
  endfacet
  facet normal 0.422054 -0.415261 0.805871
    outer loop
      vertex 34.0354 -0.832147 2.77853
      vertex 30.8901 -1.21352 4.22928
      vertex 34.6739 -1.2961 2.20506
    endloop
  endfacet
  facet normal 0.422049 -0.415282 0.805863
    outer loop
      vertex 34.6739 -1.2961 2.20506
      vertex 30.8901 -1.21352 4.22928
      vertex 30.728 -1.2961 4.27162
    endloop
  endfacet
  facet normal 0.420863 -0.420837 0.803598
    outer loop
      vertex 30.728 -1.2961 4.27162
      vertex 34.1861 -1.78393 2.20506
      vertex 34.6739 -1.2961 2.20506
    endloop
  endfacet
  facet normal 0.420917 -0.420682 0.803652
    outer loop
      vertex 30.472 -1.42658 4.3374
      vertex 34.1861 -1.78393 2.20506
      vertex 30.728 -1.2961 4.27162
    endloop
  endfacet
  facet normal 0.420794 -0.421085 0.803505
    outer loop
      vertex 30.0084 -1.5 4.54171
      vertex 34.1861 -1.78393 2.20506
      vertex 30.472 -1.42658 4.3374
    endloop
  endfacet
  facet normal 0.42086 -0.42086 0.803588
    outer loop
      vertex 4.41452 -1.78393 17.7972
      vertex 29.2888 -1.2961 5.02538
      vertex 4.90235 -1.2961 17.7972
    endloop
  endfacet
  facet normal 0.420862 -0.42085 0.803592
    outer loop
      vertex 29.2888 -1.2961 5.02538
      vertex 4.41452 -1.78393 17.7972
      vertex 29.5449 -1.42658 4.82292
    endloop
  endfacet
  facet normal 0.420842 -0.420951 0.80355
    outer loop
      vertex 29.5449 -1.42658 4.82292
      vertex 4.41452 -1.78393 17.7972
      vertex 30.0084 -1.5 4.54171
    endloop
  endfacet
  facet normal 0.42087 -0.420813 0.803607
    outer loop
      vertex 30.0084 -1.5 4.54171
      vertex 4.41452 -1.78393 17.7972
      vertex 34.1861 -1.78393 2.20506
    endloop
  endfacet
  facet normal 0.848368 -0.432281 0.305621
    outer loop
      vertex 35.5325 -0.858614 1.41573
      vertex 35.3818 -1.81039 0.487828
      vertex 35.8193 -0.95178 0.487828
    endloop
  endfacet
  facet normal 0.940437 -0.148904 0.305625
    outer loop
      vertex 35.97 0 0.487828
      vertex 35.5325 -0.858614 1.41573
      vertex 35.8193 -0.95178 0.487828
    endloop
  endfacet
  facet normal 0.268985 0.527923 0.805571
    outer loop
      vertex -0.87781 4.79776 17.7972
      vertex -1.12172 4.04707 18.3706
      vertex -0.26311 4.48456 17.7972
    endloop
  endfacet
  facet normal 0.30865 -0.0488936 0.949918
    outer loop
      vertex 3.60625 0 18.6721
      vertex 3.58237 -0.150747 18.6721
      vertex 4.46486 -0.437486 18.3706
    endloop
  endfacet
  facet normal 0.0872447 0.551914 0.829325
    outer loop
      vertex -16.0075 29.83 2.77853
      vertex -14.8474 27.4798 4.22054
      vertex -14.6146 27.4175 4.23751
    endloop
  endfacet
  facet normal 0.0874418 0.551974 0.829264
    outer loop
      vertex -16.0075 29.83 2.77853
      vertex -15.0422 27.4696 4.24787
      vertex -14.8474 27.4798 4.22054
    endloop
  endfacet
  facet normal 0.0874323 0.551971 0.829267
    outer loop
      vertex -15.0422 27.4696 4.24787
      vertex -16.0075 29.83 2.77853
      vertex -16.445 29.8993 2.77853
    endloop
  endfacet
  facet normal 0.0876439 0.55205 0.829192
    outer loop
      vertex -13.6339 25.378 5.49164
      vertex -1.12172 4.04707 18.3706
      vertex -13.5715 25.6107 5.33012
    endloop
  endfacet
  facet normal 0.087421 0.551967 0.829271
    outer loop
      vertex -1.12172 4.04707 18.3706
      vertex -13.6339 25.378 5.49164
      vertex -1.55921 4.11636 18.3706
    endloop
  endfacet
  facet normal 0.0871995 0.551888 0.829347
    outer loop
      vertex -1.55921 4.11636 18.3706
      vertex -13.6339 25.378 5.49164
      vertex -13.7401 25.2143 5.61174
    endloop
  endfacet
  facet normal 0.278439 -0.141872 0.949918
    outer loop
      vertex 4.46486 -0.437486 18.3706
      vertex 3.58237 -0.150747 18.6721
      vertex 4.26377 -0.832147 18.3706
    endloop
  endfacet
  facet normal 0.673288 0.673288 0.305559
    outer loop
      vertex 34.5232 2.24788 1.41573
      vertex 35.3818 1.81039 0.487828
      vertex 34.7004 2.49179 0.487828
    endloop
  endfacet
  facet normal 0.673288 0.673288 0.305559
    outer loop
      vertex 35.3818 1.81039 0.487828
      vertex 34.5232 2.24788 1.41573
      vertex 35.1379 1.63318 1.41573
    endloop
  endfacet
  facet normal 0.308654 -0.0488853 0.949917
    outer loop
      vertex 4.53415 0 18.3706
      vertex 3.60625 0 18.6721
      vertex 4.46486 -0.437486 18.3706
    endloop
  endfacet
  facet normal -0.27844 0.141871 0.949918
    outer loop
      vertex -1.95387 2.98737 18.6721
      vertex -2.70456 3.53278 18.3706
      vertex -2.02316 2.85138 18.6721
    endloop
  endfacet
  facet normal -0.127105 -0.802446 -0.58303
    outer loop
      vertex -16.445 -31.2621 -1.41573
      vertex -17.3036 -31.1261 -1.41573
      vertex -16.445 -30.6886 -2.20506
    endloop
  endfacet
  facet normal -0.148964 -0.940443 -0.305575
    outer loop
      vertex -16.445 -31.5636 -0.487828
      vertex -17.3036 -31.1261 -1.41573
      vertex -16.445 -31.2621 -1.41573
    endloop
  endfacet
  facet normal -0.0926749 -0.585252 -0.805538
    outer loop
      vertex -16.445 -30.6886 -2.20506
      vertex -17.1264 -30.5807 -2.20506
      vertex -16.8825 -29.83 -2.77853
    endloop
  endfacet
  facet normal 0.156384 -0.987696 0
    outer loop
      vertex -16.445 -31.5636 -0.487828
      vertex -15.4932 -31.4129 0.487828
      vertex -16.445 -31.5636 0.487828
    endloop
  endfacet
  facet normal 0.156384 -0.987696 0
    outer loop
      vertex -15.4932 -31.4129 0.487828
      vertex -16.445 -31.5636 -0.487828
      vertex -15.4932 -31.4129 -0.487828
    endloop
  endfacet
  facet normal -0.220971 0.220971 -0.949918
    outer loop
      vertex -1.95387 2.98737 -18.6721
      vertex -2.39136 3.84598 -18.3706
      vertex -1.84595 3.09529 -18.6721
    endloop
  endfacet
  facet normal -0.220971 0.220971 -0.949918
    outer loop
      vertex -2.39136 3.84598 -18.3706
      vertex -1.95387 2.98737 -18.6721
      vertex -2.70456 3.53278 -18.3706
    endloop
  endfacet
  facet normal -0.141871 0.27844 -0.949918
    outer loop
      vertex -1.84595 3.09529 -18.6721
      vertex -2.39136 3.84598 -18.3706
      vertex -1.70996 3.16458 -18.6721
    endloop
  endfacet
  facet normal -0.565051 0.162892 -0.808816
    outer loop
      vertex -18.5421 29.165 -2.20506
      vertex -16.496 26.1449 -4.24273
      vertex -16.4714 25.6762 -4.35431
    endloop
  endfacet
  facet normal -0.565168 0.162785 -0.808756
    outer loop
      vertex -18.5421 29.165 -2.20506
      vertex -16.4714 25.6762 -4.35431
      vertex -16.3594 25.3844 -4.49131
    endloop
  endfacet
  facet normal -0.564948 0.162996 -0.808867
    outer loop
      vertex -16.496 26.1449 -4.24273
      vertex -18.5421 29.165 -2.20506
      vertex -17.7914 28.9211 -2.77853
    endloop
  endfacet
  facet normal -0.564994 0.162961 -0.808842
    outer loop
      vertex -16.3986 26.5085 -4.23751
      vertex -16.496 26.1449 -4.24273
      vertex -17.7914 28.9211 -2.77853
    endloop
  endfacet
  facet normal -0.56489 0.163036 -0.8089
    outer loop
      vertex -3.65634 3.38203 -17.7972
      vertex -15.2507 24.5203 -5.43987
      vertex -2.90565 3.13812 -18.3706
    endloop
  endfacet
  facet normal -0.565044 0.162904 -0.808818
    outer loop
      vertex -3.65634 3.38203 -17.7972
      vertex -15.6143 24.6177 -5.16624
      vertex -15.2507 24.5203 -5.43987
    endloop
  endfacet
  facet normal -0.564947 0.162989 -0.808869
    outer loop
      vertex -3.65634 3.38203 -17.7972
      vertex -16.0079 24.8733 -4.83983
      vertex -15.6143 24.6177 -5.16624
    endloop
  endfacet
  facet normal -0.564654 0.163249 -0.809021
    outer loop
      vertex -16.0079 24.8733 -4.83983
      vertex -3.65634 3.38203 -17.7972
      vertex -16.2046 25.1162 -4.65353
    endloop
  endfacet
  facet normal 0.0488927 0.30865 -0.949918
    outer loop
      vertex -1.40846 3.16458 -18.6721
      vertex -1.55921 3.18846 -18.6721
      vertex -1.12172 4.04707 -18.3706
    endloop
  endfacet
  facet normal 0.278439 -0.141872 -0.949918
    outer loop
      vertex 4.26377 -0.832147 -18.3706
      vertex 3.58237 -0.150747 -18.6721
      vertex 4.46486 -0.437486 -18.3706
    endloop
  endfacet
  facet normal -0.723917 0.368848 0.583006
    outer loop
      vertex -18.2289 29.7797 2.20506
      vertex -19.0875 29.3422 1.41573
      vertex -18.5421 29.165 2.20506
    endloop
  endfacet
  facet normal -0.802445 0.127185 0.583014
    outer loop
      vertex -18.5421 29.165 2.20506
      vertex -19.0875 29.3422 1.41573
      vertex -18.6501 28.4836 2.20506
    endloop
  endfacet
  facet normal -0.574481 0.574481 0.583047
    outer loop
      vertex -18.0782 30.7315 1.41573
      vertex -18.2289 29.7797 2.20506
      vertex -17.7411 30.2675 2.20506
    endloop
  endfacet
  facet normal -0.574481 0.574481 0.583047
    outer loop
      vertex -18.2289 29.7797 2.20506
      vertex -18.0782 30.7315 1.41573
      vertex -18.6929 30.1168 1.41573
    endloop
  endfacet
  facet normal 0.220972 -0.22097 -0.949918
    outer loop
      vertex 3.95057 -1.14535 -18.3706
      vertex 3.51308 -0.286738 -18.6721
      vertex 4.26377 -0.832147 -18.3706
    endloop
  endfacet
  facet normal 0.220974 -0.220968 -0.949918
    outer loop
      vertex 3.51308 -0.286738 -18.6721
      vertex 3.95057 -1.14535 -18.3706
      vertex 3.40516 -0.394661 -18.6721
    endloop
  endfacet
  facet normal 0.30865 -0.0488936 -0.949918
    outer loop
      vertex 4.46486 -0.437486 -18.3706
      vertex 3.58237 -0.150747 -18.6721
      vertex 3.60625 0 -18.6721
    endloop
  endfacet
  facet normal 0.278441 0.141871 -0.949918
    outer loop
      vertex 3.58237 0.150747 -18.6721
      vertex 3.51308 0.286738 -18.6721
      vertex 4.26377 0.832147 -18.3706
    endloop
  endfacet
  facet normal -0.141871 -0.27844 -0.949918
    outer loop
      vertex -1.70996 -3.16458 -18.6721
      vertex -2.39136 -3.84598 -18.3706
      vertex -1.84595 -3.09529 -18.6721
    endloop
  endfacet
  facet normal 0.420863 -0.420837 -0.803598
    outer loop
      vertex 34.1861 -1.78393 -2.20506
      vertex 30.728 -1.2961 -4.27162
      vertex 34.6739 -1.2961 -2.20506
    endloop
  endfacet
  facet normal 0.420917 -0.420682 -0.803652
    outer loop
      vertex 34.1861 -1.78393 -2.20506
      vertex 30.472 -1.42658 -4.3374
      vertex 30.728 -1.2961 -4.27162
    endloop
  endfacet
  facet normal 0.420794 -0.421085 -0.803505
    outer loop
      vertex 34.1861 -1.78393 -2.20506
      vertex 30.0084 -1.5 -4.54171
      vertex 30.472 -1.42658 -4.3374
    endloop
  endfacet
  facet normal 0.420862 -0.42085 -0.803592
    outer loop
      vertex 4.41452 -1.78393 -17.7972
      vertex 29.2888 -1.2961 -5.02538
      vertex 29.5449 -1.42658 -4.82292
    endloop
  endfacet
  facet normal 0.420842 -0.420951 -0.80355
    outer loop
      vertex 4.41452 -1.78393 -17.7972
      vertex 29.5449 -1.42658 -4.82292
      vertex 30.0084 -1.5 -4.54171
    endloop
  endfacet
  facet normal 0.42087 -0.420813 -0.803607
    outer loop
      vertex 4.41452 -1.78393 -17.7972
      vertex 30.0084 -1.5 -4.54171
      vertex 34.1861 -1.78393 -2.20506
    endloop
  endfacet
  facet normal 0.42086 -0.42086 -0.803588
    outer loop
      vertex 29.2888 -1.2961 -5.02538
      vertex 4.41452 -1.78393 -17.7972
      vertex 4.90235 -1.2961 -17.7972
    endloop
  endfacet
  facet normal 0.36165 -0.626397 -0.690534
    outer loop
      vertex 34.1861 -1.78393 -2.20506
      vertex -0.26311 -4.48456 -17.7972
      vertex 4.41452 -1.78393 -17.7972
    endloop
  endfacet
  facet normal 0.0872447 0.551914 -0.829325
    outer loop
      vertex -14.8474 27.4798 -4.22054
      vertex -16.0075 29.83 -2.77853
      vertex -14.6146 27.4175 -4.23751
    endloop
  endfacet
  facet normal 0.0874418 0.551974 -0.829264
    outer loop
      vertex -15.0422 27.4696 -4.24787
      vertex -16.0075 29.83 -2.77853
      vertex -14.8474 27.4798 -4.22054
    endloop
  endfacet
  facet normal 0.0874323 0.551971 -0.829267
    outer loop
      vertex -16.0075 29.83 -2.77853
      vertex -15.0422 27.4696 -4.24787
      vertex -16.445 29.8993 -2.77853
    endloop
  endfacet
  facet normal 0.087421 0.551967 -0.829271
    outer loop
      vertex -13.6339 25.378 -5.49164
      vertex -1.12172 4.04707 -18.3706
      vertex -1.55921 4.11636 -18.3706
    endloop
  endfacet
  facet normal 0.0876439 0.55205 -0.829192
    outer loop
      vertex -1.12172 4.04707 -18.3706
      vertex -13.6339 25.378 -5.49164
      vertex -13.5715 25.6107 -5.33012
    endloop
  endfacet
  facet normal 0.0871995 0.551888 -0.829347
    outer loop
      vertex -13.6339 25.378 -5.49164
      vertex -1.55921 4.11636 -18.3706
      vertex -13.7401 25.2143 -5.61174
    endloop
  endfacet
  facet normal -0.127105 0.802446 -0.58303
    outer loop
      vertex -16.445 30.6886 -2.20506
      vertex -17.3036 31.1261 -1.41573
      vertex -16.445 31.2621 -1.41573
    endloop
  endfacet
  facet normal 0.148964 0.940443 -0.305575
    outer loop
      vertex -15.5864 31.1261 -1.41573
      vertex -16.445 31.2621 -1.41573
      vertex -16.445 31.5636 -0.487828
    endloop
  endfacet
  facet normal -0.127071 0.802469 -0.583006
    outer loop
      vertex -17.1264 30.5807 -2.20506
      vertex -17.3036 31.1261 -1.41573
      vertex -16.445 30.6886 -2.20506
    endloop
  endfacet
  facet normal -0.52802 0.268961 -0.805515
    outer loop
      vertex -17.7914 28.9211 -2.77853
      vertex -18.2289 29.7797 -2.20506
      vertex -17.5904 29.3157 -2.77853
    endloop
  endfacet
  facet normal -0.527962 0.269006 -0.805538
    outer loop
      vertex -17.7914 28.9211 -2.77853
      vertex -18.5421 29.165 -2.20506
      vertex -18.2289 29.7797 -2.20506
    endloop
  endfacet
  facet normal -0.67329 0.67329 -0.305552
    outer loop
      vertex -18.0782 30.7315 -1.41573
      vertex -18.9368 30.294 -0.487828
      vertex -18.2554 30.9754 -0.487828
    endloop
  endfacet
  facet normal -0.67329 0.67329 -0.305552
    outer loop
      vertex -18.9368 30.294 -0.487828
      vertex -18.0782 30.7315 -1.41573
      vertex -18.6929 30.1168 -1.41573
    endloop
  endfacet
  facet normal 0.127105 0.802446 -0.58303
    outer loop
      vertex -15.5864 31.1261 -1.41573
      vertex -16.445 30.6886 -2.20506
      vertex -16.445 31.2621 -1.41573
    endloop
  endfacet
  facet normal 0.127071 0.802469 -0.583006
    outer loop
      vertex -15.7636 30.5807 -2.20506
      vertex -16.445 30.6886 -2.20506
      vertex -15.5864 31.1261 -1.41573
    endloop
  endfacet
  facet normal 0.31467 0.617584 0.720814
    outer loop
      vertex -15.1489 30.2675 2.20506
      vertex -0.87781 4.79776 17.7972
      vertex -0.26311 4.48456 17.7972
    endloop
  endfacet
  facet normal 0.31467 0.617584 0.720814
    outer loop
      vertex -0.87781 4.79776 17.7972
      vertex -15.1489 30.2675 2.20506
      vertex -15.7636 30.5807 2.20506
    endloop
  endfacet
  facet normal 0.220972 0.22097 0.949918
    outer loop
      vertex 3.95057 1.14535 18.3706
      vertex 3.51308 0.286738 18.6721
      vertex 4.26377 0.832147 18.3706
    endloop
  endfacet
  facet normal 0.220974 0.220968 0.949918
    outer loop
      vertex 3.51308 0.286738 18.6721
      vertex 3.95057 1.14535 18.3706
      vertex 3.40516 0.394661 18.6721
    endloop
  endfacet
  facet normal -0.278439 0.141872 0.949918
    outer loop
      vertex -2.70456 3.53278 18.3706
      vertex -2.90565 3.13812 18.3706
      vertex -2.02316 2.85138 18.6721
    endloop
  endfacet
  facet normal -0.210878 0.413817 0.885599
    outer loop
      vertex -16.8825 29.83 2.77853
      vertex -15.7542 27.2871 4.23543
      vertex -15.476 27.3939 4.25177
    endloop
  endfacet
  facet normal -0.210891 0.413811 0.885599
    outer loop
      vertex -17.2771 29.6289 2.77853
      vertex -15.7542 27.2871 4.23543
      vertex -16.8825 29.83 2.77853
    endloop
  endfacet
  facet normal -0.210794 0.413871 0.885594
    outer loop
      vertex -15.7542 27.2871 4.23543
      vertex -17.2771 29.6289 2.77853
      vertex -15.8707 27.1928 4.25177
    endloop
  endfacet
  facet normal -0.210932 0.41378 0.885604
    outer loop
      vertex -14.2542 24.689 5.8066
      vertex -1.9967 4.04707 18.3706
      vertex -14.0226 24.8766 5.77411
    endloop
  endfacet
  facet normal -0.210855 0.413825 0.885601
    outer loop
      vertex -1.9967 4.04707 18.3706
      vertex -14.2542 24.689 5.8066
      vertex -2.39136 3.84598 18.3706
    endloop
  endfacet
  facet normal -0.210823 0.413842 0.8856
    outer loop
      vertex -2.39136 3.84598 18.3706
      vertex -14.2542 24.689 5.8066
      vertex -14.3941 24.6353 5.79839
    endloop
  endfacet
  facet normal -0.141872 0.278439 0.949918
    outer loop
      vertex -1.9967 4.04707 18.3706
      vertex -2.39136 3.84598 18.3706
      vertex -1.70996 3.16458 18.6721
    endloop
  endfacet
  facet normal -0.308654 0.0488849 0.949917
    outer loop
      vertex -2.90565 3.13812 18.3706
      vertex -2.97494 2.70063 18.3706
      vertex -2.04704 2.70063 18.6721
    endloop
  endfacet
  facet normal -0.5852 0.0926845 0.805574
    outer loop
      vertex -2.90565 3.13812 18.3706
      vertex -3.76427 2.70063 17.7972
      vertex -2.97494 2.70063 18.3706
    endloop
  endfacet
  facet normal 0.141872 0.27844 0.949918
    outer loop
      vertex -0.727063 3.84598 18.3706
      vertex -1.40846 3.16458 18.6721
      vertex -1.27247 3.09529 18.6721
    endloop
  endfacet
  facet normal -0.0488927 -0.30865 0.949918
    outer loop
      vertex -1.70996 -3.16458 18.6721
      vertex -1.9967 -4.04707 18.3706
      vertex -1.55921 -3.18846 18.6721
    endloop
  endfacet
  facet normal -0.368782 -0.723919 0.583045
    outer loop
      vertex -17.7411 -30.2675 2.20506
      vertex -18.0782 -30.7315 1.41573
      vertex -17.3036 -31.1261 1.41573
    endloop
  endfacet
  facet normal 0.585229 -0.0927573 0.805545
    outer loop
      vertex 35.0951 0 2.20506
      vertex 34.2364 -0.437486 2.77853
      vertex 34.9871 -0.681399 2.20506
    endloop
  endfacet
  facet normal 0.52796 -0.269004 0.80554
    outer loop
      vertex 34.9871 -0.681399 2.20506
      vertex 34.2364 -0.437486 2.77853
      vertex 34.6739 -1.2961 2.20506
    endloop
  endfacet
  facet normal 0.418958 0.418958 0.805573
    outer loop
      vertex 4.41452 1.78393 17.7972
      vertex 4.26377 0.832147 18.3706
      vertex 4.90235 1.2961 17.7972
    endloop
  endfacet
  facet normal 0.418961 0.418957 0.805572
    outer loop
      vertex 4.26377 0.832147 18.3706
      vertex 4.41452 1.78393 17.7972
      vertex 3.95057 1.14535 18.3706
    endloop
  endfacet
  facet normal 0.142401 -0.571105 -0.808431
    outer loop
      vertex -13.5715 -25.6107 -5.33012
      vertex -0.87781 -4.79776 -17.7972
      vertex -13.5124 -25.8313 -5.16387
    endloop
  endfacet
  facet normal 0.142745 -0.571224 -0.808286
    outer loop
      vertex -0.87781 -4.79776 -17.7972
      vertex -13.537 -26.2999 -4.83705
      vertex -13.5124 -25.8313 -5.16387
    endloop
  endfacet
  facet normal 0.142274 -0.571065 -0.808482
    outer loop
      vertex -0.87781 -4.79776 -17.7972
      vertex -13.7052 -26.7381 -4.55713
      vertex -13.537 -26.2999 -4.83705
    endloop
  endfacet
  facet normal 0.142711 -0.571212 -0.808301
    outer loop
      vertex -15.7636 -30.5807 -2.20506
      vertex -13.7052 -26.7381 -4.55713
      vertex -0.87781 -4.79776 -17.7972
    endloop
  endfacet
  facet normal 0.142632 -0.571188 -0.808332
    outer loop
      vertex -15.7636 -30.5807 -2.20506
      vertex -14.0005 -27.1028 -4.35153
      vertex -13.7052 -26.7381 -4.55713
    endloop
  endfacet
  facet normal 0.142609 -0.571181 -0.808341
    outer loop
      vertex -15.7636 -30.5807 -2.20506
      vertex -14.3941 -27.3584 -4.24036
      vertex -14.0005 -27.1028 -4.35153
    endloop
  endfacet
  facet normal 0.142593 -0.571178 -0.808346
    outer loop
      vertex -16.0075 -29.83 -2.77853
      vertex -14.3941 -27.3584 -4.24036
      vertex -15.7636 -30.5807 -2.20506
    endloop
  endfacet
  facet normal 0.142649 -0.5712 -0.80832
    outer loop
      vertex -14.3941 -27.3584 -4.24036
      vertex -16.0075 -29.83 -2.77853
      vertex -14.6146 -27.4175 -4.23751
    endloop
  endfacet
  facet normal 0.142532 -0.571151 -0.808375
    outer loop
      vertex -0.87781 -4.79776 -17.7972
      vertex -13.5715 -25.6107 -5.33012
      vertex -1.12172 -4.04707 -18.3706
    endloop
  endfacet
  facet normal -0.127071 -0.802469 -0.583006
    outer loop
      vertex -16.445 -30.6886 -2.20506
      vertex -17.3036 -31.1261 -1.41573
      vertex -17.1264 -30.5807 -2.20506
    endloop
  endfacet
  facet normal -0.0488849 -0.308654 -0.949917
    outer loop
      vertex -1.55921 -4.11636 -18.3706
      vertex -1.9967 -4.04707 -18.3706
      vertex -1.55921 -3.18846 -18.6721
    endloop
  endfacet
  facet normal -0.220971 -0.220971 -0.949918
    outer loop
      vertex -2.39136 -3.84598 -18.3706
      vertex -1.95387 -2.98737 -18.6721
      vertex -1.84595 -3.09529 -18.6721
    endloop
  endfacet
  facet normal -0.220971 -0.220971 -0.949918
    outer loop
      vertex -1.95387 -2.98737 -18.6721
      vertex -2.39136 -3.84598 -18.3706
      vertex -2.70456 -3.53278 -18.3706
    endloop
  endfacet
  facet normal -0.308654 -0.0488849 -0.949917
    outer loop
      vertex -2.90565 -3.13812 -18.3706
      vertex -2.97494 -2.70063 -18.3706
      vertex -2.04704 -2.70063 -18.6721
    endloop
  endfacet
  facet normal -0.309023 0 -0.951054
    outer loop
      vertex -2.97494 -2.70063 -18.3706
      vertex -2.04704 -1.42139 -18.6721
      vertex -2.04704 -2.70063 -18.6721
    endloop
  endfacet
  facet normal -0.308905 -5.08251e-05 -0.951093
    outer loop
      vertex -2.37764 -0.772542 -18.5647
      vertex -2.97494 -2.70063 -18.3706
      vertex -2.5 0 -18.525
    endloop
  endfacet
  facet normal -0.309001 -1.8038e-05 -0.951062
    outer loop
      vertex -2.04704 -1.42139 -18.6721
      vertex -2.97494 -2.70063 -18.3706
      vertex -2.37764 -0.772542 -18.5647
    endloop
  endfacet
  facet normal -0.309001 1.8038e-05 -0.951062
    outer loop
      vertex -2.97494 2.70063 -18.3706
      vertex -2.04704 1.42139 -18.6721
      vertex -2.37764 0.772542 -18.5647
    endloop
  endfacet
  facet normal -0.309167 -0 -0.951008
    outer loop
      vertex -2.97494 2.70063 -18.3706
      vertex -2.5 0 -18.525
      vertex -2.97494 -2.70063 -18.3706
    endloop
  endfacet
  facet normal -0.308905 5.08251e-05 -0.951093
    outer loop
      vertex -2.5 0 -18.525
      vertex -2.97494 2.70063 -18.3706
      vertex -2.37764 0.772542 -18.5647
    endloop
  endfacet
  facet normal -0.309023 0 -0.951054
    outer loop
      vertex -2.04704 1.42139 -18.6721
      vertex -2.97494 2.70063 -18.3706
      vertex -2.04704 2.70063 -18.6721
    endloop
  endfacet
  facet normal 0.0926749 -0.585252 -0.805538
    outer loop
      vertex -15.7636 -30.5807 -2.20506
      vertex -16.445 -30.6886 -2.20506
      vertex -16.0075 -29.83 -2.77853
    endloop
  endfacet
  facet normal -0.269006 -0.527962 -0.805538
    outer loop
      vertex -17.1264 -30.5807 -2.20506
      vertex -17.7411 -30.2675 -2.20506
      vertex -16.8825 -29.83 -2.77853
    endloop
  endfacet
  facet normal -0.337086 -0.337007 -0.87909
    outer loop
      vertex -14.6923 -24.5208 -5.72794
      vertex -2.39136 -3.84598 -18.3706
      vertex -14.3941 -24.6353 -5.79839
    endloop
  endfacet
  facet normal -0.337039 -0.337039 -0.879096
    outer loop
      vertex -2.39136 -3.84598 -18.3706
      vertex -14.6923 -24.5208 -5.72794
      vertex -2.70456 -3.53278 -18.3706
    endloop
  endfacet
  facet normal -0.336983 -0.337075 -0.879103
    outer loop
      vertex -2.70456 -3.53278 -18.3706
      vertex -14.6923 -24.5208 -5.72794
      vertex -14.8182 -24.5142 -5.68221
    endloop
  endfacet
  facet normal -0.336983 -0.337091 -0.879097
    outer loop
      vertex -17.5904 -29.3157 -2.77853
      vertex -15.8707 -27.1928 -4.25177
      vertex -17.2771 -29.6289 -2.77853
    endloop
  endfacet
  facet normal -0.33707 -0.337017 -0.879092
    outer loop
      vertex -15.8707 -27.1928 -4.25177
      vertex -17.5904 -29.3157 -2.77853
      vertex -16.1189 -26.9918 -4.23366
    endloop
  endfacet
  facet normal -0.337125 -0.336978 -0.879086
    outer loop
      vertex -16.1189 -26.9918 -4.23366
      vertex -17.5904 -29.3157 -2.77853
      vertex -16.1876 -26.886 -4.24787
    endloop
  endfacet
  facet normal -0.471995 -0.240423 -0.848185
    outer loop
      vertex -17.7914 -28.9211 -2.77853
      vertex -16.1876 -26.886 -4.24787
      vertex -17.5904 -29.3157 -2.77853
    endloop
  endfacet
  facet normal -0.471965 -0.240453 -0.848193
    outer loop
      vertex -16.1876 -26.886 -4.24787
      vertex -17.7914 -28.9211 -2.77853
      vertex -16.3745 -26.5982 -4.22546
    endloop
  endfacet
  facet normal -0.471681 -0.240684 -0.848285
    outer loop
      vertex -16.3745 -26.5982 -4.22546
      vertex -17.7914 -28.9211 -2.77853
      vertex -16.3986 -26.5085 -4.23751
    endloop
  endfacet
  facet normal -0.471901 -0.240501 -0.848215
    outer loop
      vertex -15.161 -24.4963 -5.49657
      vertex -2.70456 -3.53278 -18.3706
      vertex -14.8182 -24.5142 -5.68221
    endloop
  endfacet
  facet normal -0.471943 -0.240468 -0.848201
    outer loop
      vertex -2.70456 -3.53278 -18.3706
      vertex -15.161 -24.4963 -5.49657
      vertex -2.90565 -3.13812 -18.3706
    endloop
  endfacet
  facet normal -0.471816 -0.240566 -0.848244
    outer loop
      vertex -2.90565 -3.13812 -18.3706
      vertex -15.161 -24.4963 -5.49657
      vertex -15.2507 -24.5203 -5.43987
    endloop
  endfacet
  facet normal -0.278439 -0.141872 -0.949918
    outer loop
      vertex -2.70456 -3.53278 -18.3706
      vertex -2.90565 -3.13812 -18.3706
      vertex -2.02316 -2.85138 -18.6721
    endloop
  endfacet
  facet normal -0.0926749 0.585252 -0.805538
    outer loop
      vertex -16.8825 29.83 -2.77853
      vertex -17.1264 30.5807 -2.20506
      vertex -16.445 30.6886 -2.20506
    endloop
  endfacet
  facet normal -0.269006 0.527962 -0.805538
    outer loop
      vertex -16.8825 29.83 -2.77853
      vertex -17.7411 30.2675 -2.20506
      vertex -17.1264 30.5807 -2.20506
    endloop
  endfacet
  facet normal -0.220971 -0.220971 0.949918
    outer loop
      vertex -1.95387 -2.98737 18.6721
      vertex -2.39136 -3.84598 18.3706
      vertex -1.84595 -3.09529 18.6721
    endloop
  endfacet
  facet normal -0.220971 -0.220971 0.949918
    outer loop
      vertex -2.39136 -3.84598 18.3706
      vertex -1.95387 -2.98737 18.6721
      vertex -2.70456 -3.53278 18.3706
    endloop
  endfacet
  facet normal -0.141871 -0.27844 0.949918
    outer loop
      vertex -1.84595 -3.09529 18.6721
      vertex -2.39136 -3.84598 18.3706
      vertex -1.70996 -3.16458 18.6721
    endloop
  endfacet
  facet normal 0.278441 0.141871 0.949918
    outer loop
      vertex 4.26377 0.832147 18.3706
      vertex 3.51308 0.286738 18.6721
      vertex 3.58237 0.150747 18.6721
    endloop
  endfacet
  facet normal -0.309023 0 0.951054
    outer loop
      vertex -2.97494 2.70063 18.3706
      vertex -2.04704 1.42139 18.6721
      vertex -2.04704 2.70063 18.6721
    endloop
  endfacet
  facet normal -0.308905 5.08251e-05 0.951093
    outer loop
      vertex -2.37764 0.772542 18.5647
      vertex -2.97494 2.70063 18.3706
      vertex -2.5 0 18.525
    endloop
  endfacet
  facet normal -0.309001 1.8038e-05 0.951062
    outer loop
      vertex -2.04704 1.42139 18.6721
      vertex -2.97494 2.70063 18.3706
      vertex -2.37764 0.772542 18.5647
    endloop
  endfacet
  facet normal -0.309001 -1.8038e-05 0.951062
    outer loop
      vertex -2.97494 -2.70063 18.3706
      vertex -2.04704 -1.42139 18.6721
      vertex -2.37764 -0.772542 18.5647
    endloop
  endfacet
  facet normal -0.309167 0 0.951008
    outer loop
      vertex -2.97494 -2.70063 18.3706
      vertex -2.5 0 18.525
      vertex -2.97494 2.70063 18.3706
    endloop
  endfacet
  facet normal -0.308905 -5.08251e-05 0.951093
    outer loop
      vertex -2.5 0 18.525
      vertex -2.97494 -2.70063 18.3706
      vertex -2.37764 -0.772542 18.5647
    endloop
  endfacet
  facet normal -0.309023 0 0.951054
    outer loop
      vertex -2.04704 -1.42139 18.6721
      vertex -2.97494 -2.70063 18.3706
      vertex -2.04704 -2.70063 18.6721
    endloop
  endfacet
  facet normal 0.220972 -0.22097 0.949918
    outer loop
      vertex 3.51308 -0.286738 18.6721
      vertex 3.95057 -1.14535 18.3706
      vertex 4.26377 -0.832147 18.3706
    endloop
  endfacet
  facet normal 0.220974 -0.220968 0.949918
    outer loop
      vertex 3.95057 -1.14535 18.3706
      vertex 3.51308 -0.286738 18.6721
      vertex 3.40516 -0.394661 18.6721
    endloop
  endfacet
  facet normal 0 0 1
    outer loop
      vertex -1.27247 3.09529 18.6721
      vertex -0.772542 2.37764 18.6721
      vertex -0.189429 2.47 18.6721
    endloop
  endfacet
  facet normal 0 0 1
    outer loop
      vertex -2.04704 2.70063 18.6721
      vertex -1.27247 3.09529 18.6721
      vertex -1.40846 3.16458 18.6721
    endloop
  endfacet
  facet normal 0 0 1
    outer loop
      vertex -1.27247 3.09529 18.6721
      vertex -1.46946 2.02254 18.6721
      vertex -0.772542 2.37764 18.6721
    endloop
  endfacet
  facet normal 0 0 1
    outer loop
      vertex -2.04704 2.70063 18.6721
      vertex -1.40846 3.16458 18.6721
      vertex -1.55921 3.18846 18.6721
    endloop
  endfacet
  facet normal 0 0 1
    outer loop
      vertex -2.04704 2.70063 18.6721
      vertex -1.55921 3.18846 18.6721
      vertex -1.70996 3.16458 18.6721
    endloop
  endfacet
  facet normal 0 0 1
    outer loop
      vertex -2.04704 2.70063 18.6721
      vertex -1.70996 3.16458 18.6721
      vertex -1.84595 3.09529 18.6721
    endloop
  endfacet
  facet normal 0 0 1
    outer loop
      vertex -2.04704 2.70063 18.6721
      vertex -1.84595 3.09529 18.6721
      vertex -1.95387 2.98737 18.6721
    endloop
  endfacet
  facet normal 0 0 1
    outer loop
      vertex -1.27247 3.09529 18.6721
      vertex -2.04704 2.70063 18.6721
      vertex -1.46946 2.02254 18.6721
    endloop
  endfacet
  facet normal 0 0 1
    outer loop
      vertex -2.04704 2.70063 18.6721
      vertex -1.95387 2.98737 18.6721
      vertex -2.02316 2.85138 18.6721
    endloop
  endfacet
  facet normal 0 0 1
    outer loop
      vertex -1.46946 2.02254 18.6721
      vertex -2.04704 2.70063 18.6721
      vertex -2.02254 1.46946 18.6721
    endloop
  endfacet
  facet normal 0 0 1
    outer loop
      vertex -2.02254 1.46946 18.6721
      vertex -2.04704 2.70063 18.6721
      vertex -2.04704 1.42139 18.6721
    endloop
  endfacet
  facet normal 0 0 1
    outer loop
      vertex -0.772542 -2.37764 18.6721
      vertex -1.27247 -3.09529 18.6721
      vertex -0.189429 -2.47 18.6721
    endloop
  endfacet
  facet normal 0 0 1
    outer loop
      vertex -1.46946 -2.02254 18.6721
      vertex -1.27247 -3.09529 18.6721
      vertex -0.772542 -2.37764 18.6721
    endloop
  endfacet
  facet normal -0 0 1
    outer loop
      vertex -2.04704 -2.70063 18.6721
      vertex -1.27247 -3.09529 18.6721
      vertex -1.46946 -2.02254 18.6721
    endloop
  endfacet
  facet normal 0 0 1
    outer loop
      vertex -1.27247 -3.09529 18.6721
      vertex -2.04704 -2.70063 18.6721
      vertex -1.40846 -3.16458 18.6721
    endloop
  endfacet
  facet normal 0 0 1
    outer loop
      vertex -1.40846 -3.16458 18.6721
      vertex -2.04704 -2.70063 18.6721
      vertex -1.55921 -3.18846 18.6721
    endloop
  endfacet
  facet normal 0 0 1
    outer loop
      vertex -1.55921 -3.18846 18.6721
      vertex -2.04704 -2.70063 18.6721
      vertex -1.70996 -3.16458 18.6721
    endloop
  endfacet
  facet normal 0 0 1
    outer loop
      vertex -1.70996 -3.16458 18.6721
      vertex -2.04704 -2.70063 18.6721
      vertex -1.84595 -3.09529 18.6721
    endloop
  endfacet
  facet normal 0 0 1
    outer loop
      vertex -2.04704 -2.70063 18.6721
      vertex -1.46946 -2.02254 18.6721
      vertex -2.02254 -1.46946 18.6721
    endloop
  endfacet
  facet normal 0 0 1
    outer loop
      vertex -1.84595 -3.09529 18.6721
      vertex -2.04704 -2.70063 18.6721
      vertex -1.95387 -2.98737 18.6721
    endloop
  endfacet
  facet normal 0 0 1
    outer loop
      vertex -2.04704 -2.70063 18.6721
      vertex -2.02254 -1.46946 18.6721
      vertex -2.04704 -1.42139 18.6721
    endloop
  endfacet
  facet normal 0 0 1
    outer loop
      vertex -1.95387 -2.98737 18.6721
      vertex -2.04704 -2.70063 18.6721
      vertex -2.02316 -2.85138 18.6721
    endloop
  endfacet
  facet normal 0 0 1
    outer loop
      vertex 3.58237 0.150747 18.6721
      vertex 3.58237 -0.150747 18.6721
      vertex 3.60625 0 18.6721
    endloop
  endfacet
  facet normal 0 0 1
    outer loop
      vertex 3.51308 0.286738 18.6721
      vertex 3.58237 -0.150747 18.6721
      vertex 3.58237 0.150747 18.6721
    endloop
  endfacet
  facet normal 0 0 1
    outer loop
      vertex 3.51308 0.286738 18.6721
      vertex 3.51308 -0.286738 18.6721
      vertex 3.58237 -0.150747 18.6721
    endloop
  endfacet
  facet normal 0 0 1
    outer loop
      vertex 3.40516 0.394661 18.6721
      vertex 3.51308 -0.286738 18.6721
      vertex 3.51308 0.286738 18.6721
    endloop
  endfacet
  facet normal 0 0 1
    outer loop
      vertex 3.40516 0.394661 18.6721
      vertex 3.40516 -0.394661 18.6721
      vertex 3.51308 -0.286738 18.6721
    endloop
  endfacet
  facet normal 0 0 1
    outer loop
      vertex 3.40516 0.394661 18.6721
      vertex 2.5 0 18.6721
      vertex 3.40516 -0.394661 18.6721
    endloop
  endfacet
  facet normal 0 0 1
    outer loop
      vertex 3.40516 0.394661 18.6721
      vertex 2.37764 0.772542 18.6721
      vertex 2.5 0 18.6721
    endloop
  endfacet
  facet normal -0 -0 1
    outer loop
      vertex 2.37764 0.772542 18.6721
      vertex 3.40516 0.394661 18.6721
      vertex 2.22218 1.07766 18.6721
    endloop
  endfacet
  facet normal 0 0 1
    outer loop
      vertex 2.37764 -0.772542 18.6721
      vertex 3.40516 -0.394661 18.6721
      vertex 2.5 0 18.6721
    endloop
  endfacet
  facet normal 0 0 1
    outer loop
      vertex 3.40516 -0.394661 18.6721
      vertex 2.37764 -0.772542 18.6721
      vertex 2.22218 -1.07766 18.6721
    endloop
  endfacet
  facet normal 0.141873 0.278439 0.949918
    outer loop
      vertex -1.12172 4.04707 18.3706
      vertex -1.40846 3.16458 18.6721
      vertex -0.727063 3.84598 18.3706
    endloop
  endfacet
  facet normal -0.67329 -0.67329 0.305552
    outer loop
      vertex -18.9368 -30.294 0.487828
      vertex -18.0782 -30.7315 1.41573
      vertex -18.6929 -30.1168 1.41573
    endloop
  endfacet
  facet normal -0.67329 -0.67329 0.305552
    outer loop
      vertex -18.0782 -30.7315 1.41573
      vertex -18.9368 -30.294 0.487828
      vertex -18.2554 -30.9754 0.487828
    endloop
  endfacet
  facet normal 0.432283 -0.848362 -0.305635
    outer loop
      vertex -15.4932 -31.4129 -0.487828
      vertex -15.5864 -31.1261 -1.41573
      vertex -14.6346 -30.9754 -0.487828
    endloop
  endfacet
  facet normal 0.148901 -0.940436 -0.30563
    outer loop
      vertex -15.4932 -31.4129 -0.487828
      vertex -16.445 -31.5636 -0.487828
      vertex -15.5864 -31.1261 -1.41573
    endloop
  endfacet
  facet normal 0.127071 -0.802469 -0.583006
    outer loop
      vertex -15.5864 -31.1261 -1.41573
      vertex -16.445 -30.6886 -2.20506
      vertex -15.7636 -30.5807 -2.20506
    endloop
  endfacet
  facet normal 0.368848 -0.723917 -0.583006
    outer loop
      vertex -15.5864 -31.1261 -1.41573
      vertex -15.7636 -30.5807 -2.20506
      vertex -15.1489 -30.2675 -2.20506
    endloop
  endfacet
  facet normal -0.269042 -0.527916 -0.805557
    outer loop
      vertex -16.8825 -29.83 -2.77853
      vertex -17.7411 -30.2675 -2.20506
      vertex -17.2771 -29.6289 -2.77853
    endloop
  endfacet
  facet normal -0.30865 -0.0488927 -0.949918
    outer loop
      vertex -2.02316 -2.85138 -18.6721
      vertex -2.90565 -3.13812 -18.3706
      vertex -2.04704 -2.70063 -18.6721
    endloop
  endfacet
  facet normal -0.141872 -0.278439 -0.949918
    outer loop
      vertex -1.9967 -4.04707 -18.3706
      vertex -2.39136 -3.84598 -18.3706
      vertex -1.70996 -3.16458 -18.6721
    endloop
  endfacet
  facet normal 0.155281 -0.268953 -0.950554
    outer loop
      vertex 3.95057 -1.14535 -18.3706
      vertex 2.22218 -1.07766 -18.6721
      vertex 3.40516 -0.394661 -18.6721
    endloop
  endfacet
  facet normal 0.15529 -0.268855 -0.95058
    outer loop
      vertex 3.95057 -1.14535 -18.3706
      vertex 2.02254 -1.46946 -18.5939
      vertex 2.22218 -1.07766 -18.6721
    endloop
  endfacet
  facet normal 0.155321 -0.26909 -0.950508
    outer loop
      vertex 3.95057 -1.14535 -18.3706
      vertex 1.46946 -2.02254 -18.5277
      vertex 2.02254 -1.46946 -18.5939
    endloop
  endfacet
  facet normal 0.155269 -0.268934 -0.950561
    outer loop
      vertex -0.727063 -3.84598 -18.3706
      vertex 1.46946 -2.02254 -18.5277
      vertex 3.95057 -1.14535 -18.3706
    endloop
  endfacet
  facet normal 0.155359 -0.269039 -0.950517
    outer loop
      vertex 1.46946 -2.02254 -18.5277
      vertex -0.727063 -3.84598 -18.3706
      vertex 0.772542 -2.37764 -18.5411
    endloop
  endfacet
  facet normal 0.155309 -0.26899 -0.950538
    outer loop
      vertex -0.727063 -3.84598 -18.3706
      vertex 0 -2.5 -18.6327
      vertex 0.772542 -2.37764 -18.5411
    endloop
  endfacet
  facet normal 0.15513 -0.268904 -0.950592
    outer loop
      vertex -0.727063 -3.84598 -18.3706
      vertex -0.189429 -2.47 -18.6721
      vertex 0 -2.5 -18.6327
    endloop
  endfacet
  facet normal 0.15528 -0.268954 -0.950553
    outer loop
      vertex -0.189429 -2.47 -18.6721
      vertex -0.727063 -3.84598 -18.3706
      vertex -1.27247 -3.09529 -18.6721
    endloop
  endfacet
  facet normal -0.27844 -0.141871 -0.949918
    outer loop
      vertex -1.95387 -2.98737 -18.6721
      vertex -2.70456 -3.53278 -18.3706
      vertex -2.02316 -2.85138 -18.6721
    endloop
  endfacet
  facet normal 0.0488927 -0.30865 -0.949918
    outer loop
      vertex -1.12172 -4.04707 -18.3706
      vertex -1.55921 -3.18846 -18.6721
      vertex -1.40846 -3.16458 -18.6721
    endloop
  endfacet
  facet normal 0.0488849 -0.308654 -0.949917
    outer loop
      vertex -1.12172 -4.04707 -18.3706
      vertex -1.55921 -4.11636 -18.3706
      vertex -1.55921 -3.18846 -18.6721
    endloop
  endfacet
  facet normal 0.278441 -0.141871 -0.949918
    outer loop
      vertex 4.26377 -0.832147 -18.3706
      vertex 3.51308 -0.286738 -18.6721
      vertex 3.58237 -0.150747 -18.6721
    endloop
  endfacet
  facet normal -0.565051 -0.162892 0.808816
    outer loop
      vertex -18.5421 -29.165 2.20506
      vertex -16.496 -26.1449 4.24273
      vertex -16.4714 -25.6762 4.35431
    endloop
  endfacet
  facet normal -0.565168 -0.162785 0.808756
    outer loop
      vertex -18.5421 -29.165 2.20506
      vertex -16.4714 -25.6762 4.35431
      vertex -16.3594 -25.3844 4.49131
    endloop
  endfacet
  facet normal -0.564948 -0.162996 0.808867
    outer loop
      vertex -16.496 -26.1449 4.24273
      vertex -18.5421 -29.165 2.20506
      vertex -17.7914 -28.9211 2.77853
    endloop
  endfacet
  facet normal -0.564994 -0.162961 0.808842
    outer loop
      vertex -16.3986 -26.5085 4.23751
      vertex -16.496 -26.1449 4.24273
      vertex -17.7914 -28.9211 2.77853
    endloop
  endfacet
  facet normal -0.56489 -0.163036 0.8089
    outer loop
      vertex -3.65634 -3.38203 17.7972
      vertex -15.2507 -24.5203 5.43987
      vertex -2.90565 -3.13812 18.3706
    endloop
  endfacet
  facet normal -0.565044 -0.162904 0.808818
    outer loop
      vertex -3.65634 -3.38203 17.7972
      vertex -15.6143 -24.6177 5.16624
      vertex -15.2507 -24.5203 5.43987
    endloop
  endfacet
  facet normal -0.564947 -0.162989 0.808869
    outer loop
      vertex -3.65634 -3.38203 17.7972
      vertex -16.0079 -24.8733 4.83983
      vertex -15.6143 -24.6177 5.16624
    endloop
  endfacet
  facet normal -0.564654 -0.163249 0.809021
    outer loop
      vertex -16.0079 -24.8733 4.83983
      vertex -3.65634 -3.38203 17.7972
      vertex -16.2046 -25.1162 4.65353
    endloop
  endfacet
  facet normal 0.278441 -0.141871 0.949918
    outer loop
      vertex 3.58237 -0.150747 18.6721
      vertex 3.51308 -0.286738 18.6721
      vertex 4.26377 -0.832147 18.3706
    endloop
  endfacet
  facet normal 0.294923 0.510821 0.807516
    outer loop
      vertex -0.26311 4.48456 17.7972
      vertex 3.95057 1.14535 18.3706
      vertex 4.41452 1.78393 17.7972
    endloop
  endfacet
  facet normal 0.294922 0.510821 0.807517
    outer loop
      vertex 3.95057 1.14535 18.3706
      vertex -0.26311 4.48456 17.7972
      vertex -0.727063 3.84598 18.3706
    endloop
  endfacet
  facet normal -0.0488849 0.308654 0.949917
    outer loop
      vertex -1.55921 4.11636 18.3706
      vertex -1.9967 4.04707 18.3706
      vertex -1.55921 3.18846 18.6721
    endloop
  endfacet
  facet normal -0.0488927 0.30865 0.949918
    outer loop
      vertex -1.55921 3.18846 18.6721
      vertex -1.9967 4.04707 18.3706
      vertex -1.70996 3.16458 18.6721
    endloop
  endfacet
  facet normal -0.432211 -0.84843 -0.305549
    outer loop
      vertex -17.3036 -31.1261 -1.41573
      vertex -18.2554 -30.9754 -0.487828
      vertex -18.0782 -30.7315 -1.41573
    endloop
  endfacet
  facet normal 0.31467 -0.617584 -0.720814
    outer loop
      vertex -15.1489 -30.2675 -2.20506
      vertex -0.87781 -4.79776 -17.7972
      vertex -0.26311 -4.48456 -17.7972
    endloop
  endfacet
  facet normal 0.31467 -0.617584 -0.720814
    outer loop
      vertex -0.87781 -4.79776 -17.7972
      vertex -15.1489 -30.2675 -2.20506
      vertex -15.7636 -30.5807 -2.20506
    endloop
  endfacet
  facet normal -0.0927053 -0.585261 -0.805528
    outer loop
      vertex -16.445 -30.6886 -2.20506
      vertex -16.8825 -29.83 -2.77853
      vertex -16.445 -29.8993 -2.77853
    endloop
  endfacet
  facet normal -0.0763845 -0.483305 -0.872113
    outer loop
      vertex -13.8895 -24.9844 -5.72606
      vertex -1.55921 -4.11636 -18.3706
      vertex -13.7401 -25.2143 -5.61174
    endloop
  endfacet
  facet normal -0.0765347 -0.483233 -0.87214
    outer loop
      vertex -1.55921 -4.11636 -18.3706
      vertex -13.8895 -24.9844 -5.72606
      vertex -1.9967 -4.04707 -18.3706
    endloop
  endfacet
  facet normal -0.0765314 -0.483234 -0.87214
    outer loop
      vertex -1.9967 -4.04707 -18.3706
      vertex -13.8895 -24.9844 -5.72606
      vertex -14.0226 -24.8766 -5.77411
    endloop
  endfacet
  facet normal -0.0764317 -0.48328 -0.872123
    outer loop
      vertex -16.445 -29.8993 -2.77853
      vertex -15.3161 -27.4553 -4.23179
      vertex -15.0422 -27.4696 -4.24787
    endloop
  endfacet
  facet normal -0.0765766 -0.483224 -0.872141
    outer loop
      vertex -16.445 -29.8993 -2.77853
      vertex -15.476 -27.3939 -4.25177
      vertex -15.3161 -27.4553 -4.23179
    endloop
  endfacet
  facet normal -0.0765444 -0.483235 -0.872138
    outer loop
      vertex -15.476 -27.3939 -4.25177
      vertex -16.445 -29.8993 -2.77853
      vertex -16.8825 -29.83 -2.77853
    endloop
  endfacet
  facet normal 0 0 -1
    outer loop
      vertex 3.58237 -0.150747 -18.6721
      vertex 3.58237 0.150747 -18.6721
      vertex 3.60625 0 -18.6721
    endloop
  endfacet
  facet normal 0 0 -1
    outer loop
      vertex 3.51308 -0.286738 -18.6721
      vertex 3.58237 0.150747 -18.6721
      vertex 3.58237 -0.150747 -18.6721
    endloop
  endfacet
  facet normal 0 0 -1
    outer loop
      vertex 3.51308 -0.286738 -18.6721
      vertex 3.51308 0.286738 -18.6721
      vertex 3.58237 0.150747 -18.6721
    endloop
  endfacet
  facet normal 0 0 -1
    outer loop
      vertex 3.40516 -0.394661 -18.6721
      vertex 3.51308 0.286738 -18.6721
      vertex 3.51308 -0.286738 -18.6721
    endloop
  endfacet
  facet normal 0 0 -1
    outer loop
      vertex 3.40516 -0.394661 -18.6721
      vertex 3.40516 0.394661 -18.6721
      vertex 3.51308 0.286738 -18.6721
    endloop
  endfacet
  facet normal 0 0 -1
    outer loop
      vertex 3.40516 -0.394661 -18.6721
      vertex 2.5 0 -18.6721
      vertex 3.40516 0.394661 -18.6721
    endloop
  endfacet
  facet normal -0 0 -1
    outer loop
      vertex 3.40516 -0.394661 -18.6721
      vertex 2.37764 -0.772542 -18.6721
      vertex 2.5 0 -18.6721
    endloop
  endfacet
  facet normal 0 -0 -1
    outer loop
      vertex 2.37764 -0.772542 -18.6721
      vertex 3.40516 -0.394661 -18.6721
      vertex 2.22218 -1.07766 -18.6721
    endloop
  endfacet
  facet normal 0 0 -1
    outer loop
      vertex 2.37764 0.772542 -18.6721
      vertex 3.40516 0.394661 -18.6721
      vertex 2.5 0 -18.6721
    endloop
  endfacet
  facet normal 0 0 -1
    outer loop
      vertex 3.40516 0.394661 -18.6721
      vertex 2.37764 0.772542 -18.6721
      vertex 2.22218 1.07766 -18.6721
    endloop
  endfacet
  facet normal 0 0 -1
    outer loop
      vertex -0.772542 2.37764 -18.6721
      vertex -1.27247 3.09529 -18.6721
      vertex -0.189429 2.47 -18.6721
    endloop
  endfacet
  facet normal 0 0 -1
    outer loop
      vertex -1.46946 2.02254 -18.6721
      vertex -1.27247 3.09529 -18.6721
      vertex -0.772542 2.37764 -18.6721
    endloop
  endfacet
  facet normal 0 0 -1
    outer loop
      vertex -2.04704 2.70063 -18.6721
      vertex -1.27247 3.09529 -18.6721
      vertex -1.46946 2.02254 -18.6721
    endloop
  endfacet
  facet normal -0 0 -1
    outer loop
      vertex -1.27247 3.09529 -18.6721
      vertex -2.04704 2.70063 -18.6721
      vertex -1.40846 3.16458 -18.6721
    endloop
  endfacet
  facet normal -0 0 -1
    outer loop
      vertex -1.40846 3.16458 -18.6721
      vertex -2.04704 2.70063 -18.6721
      vertex -1.55921 3.18846 -18.6721
    endloop
  endfacet
  facet normal 0 0 -1
    outer loop
      vertex -1.55921 3.18846 -18.6721
      vertex -2.04704 2.70063 -18.6721
      vertex -1.70996 3.16458 -18.6721
    endloop
  endfacet
  facet normal 0 0 -1
    outer loop
      vertex -1.70996 3.16458 -18.6721
      vertex -2.04704 2.70063 -18.6721
      vertex -1.84595 3.09529 -18.6721
    endloop
  endfacet
  facet normal 0 0 -1
    outer loop
      vertex -2.04704 2.70063 -18.6721
      vertex -1.46946 2.02254 -18.6721
      vertex -2.02254 1.46946 -18.6721
    endloop
  endfacet
  facet normal 0 0 -1
    outer loop
      vertex -1.84595 3.09529 -18.6721
      vertex -2.04704 2.70063 -18.6721
      vertex -1.95387 2.98737 -18.6721
    endloop
  endfacet
  facet normal 0 0 -1
    outer loop
      vertex -2.04704 2.70063 -18.6721
      vertex -2.02254 1.46946 -18.6721
      vertex -2.04704 1.42139 -18.6721
    endloop
  endfacet
  facet normal 0 0 -1
    outer loop
      vertex -1.95387 2.98737 -18.6721
      vertex -2.04704 2.70063 -18.6721
      vertex -2.02316 2.85138 -18.6721
    endloop
  endfacet
  facet normal 0 0 -1
    outer loop
      vertex -1.27247 -3.09529 -18.6721
      vertex -0.772542 -2.37764 -18.6721
      vertex -0.189429 -2.47 -18.6721
    endloop
  endfacet
  facet normal 0 0 -1
    outer loop
      vertex -2.04704 -2.70063 -18.6721
      vertex -1.27247 -3.09529 -18.6721
      vertex -1.40846 -3.16458 -18.6721
    endloop
  endfacet
  facet normal 0 0 -1
    outer loop
      vertex -1.27247 -3.09529 -18.6721
      vertex -1.46946 -2.02254 -18.6721
      vertex -0.772542 -2.37764 -18.6721
    endloop
  endfacet
  facet normal 0 0 -1
    outer loop
      vertex -2.04704 -2.70063 -18.6721
      vertex -1.40846 -3.16458 -18.6721
      vertex -1.55921 -3.18846 -18.6721
    endloop
  endfacet
  facet normal 0 0 -1
    outer loop
      vertex -2.04704 -2.70063 -18.6721
      vertex -1.55921 -3.18846 -18.6721
      vertex -1.70996 -3.16458 -18.6721
    endloop
  endfacet
  facet normal 0 0 -1
    outer loop
      vertex -2.04704 -2.70063 -18.6721
      vertex -1.70996 -3.16458 -18.6721
      vertex -1.84595 -3.09529 -18.6721
    endloop
  endfacet
  facet normal 0 0 -1
    outer loop
      vertex -2.04704 -2.70063 -18.6721
      vertex -1.84595 -3.09529 -18.6721
      vertex -1.95387 -2.98737 -18.6721
    endloop
  endfacet
  facet normal 0 0 -1
    outer loop
      vertex -1.27247 -3.09529 -18.6721
      vertex -2.04704 -2.70063 -18.6721
      vertex -1.46946 -2.02254 -18.6721
    endloop
  endfacet
  facet normal 0 0 -1
    outer loop
      vertex -2.04704 -2.70063 -18.6721
      vertex -1.95387 -2.98737 -18.6721
      vertex -2.02316 -2.85138 -18.6721
    endloop
  endfacet
  facet normal -0 0 -1
    outer loop
      vertex -1.46946 -2.02254 -18.6721
      vertex -2.04704 -2.70063 -18.6721
      vertex -2.02254 -1.46946 -18.6721
    endloop
  endfacet
  facet normal -0 0 -1
    outer loop
      vertex -2.02254 -1.46946 -18.6721
      vertex -2.04704 -2.70063 -18.6721
      vertex -2.04704 -1.42139 -18.6721
    endloop
  endfacet
  facet normal 0.141872 -0.27844 -0.949918
    outer loop
      vertex -0.727063 -3.84598 -18.3706
      vertex -1.40846 -3.16458 -18.6721
      vertex -1.27247 -3.09529 -18.6721
    endloop
  endfacet
  facet normal 0.0488927 0.30865 0.949918
    outer loop
      vertex -1.12172 4.04707 18.3706
      vertex -1.55921 3.18846 18.6721
      vertex -1.40846 3.16458 18.6721
    endloop
  endfacet
  facet normal -0.432283 -0.848362 -0.305635
    outer loop
      vertex -17.3968 -31.4129 -0.487828
      vertex -18.2554 -30.9754 -0.487828
      vertex -17.3036 -31.1261 -1.41573
    endloop
  endfacet
  facet normal -0.148901 -0.940436 -0.30563
    outer loop
      vertex -16.445 -31.5636 -0.487828
      vertex -17.3968 -31.4129 -0.487828
      vertex -17.3036 -31.1261 -1.41573
    endloop
  endfacet
  facet normal -0.891013 -0.453978 -0.000169146
    outer loop
      vertex 2.37764 0.772542 -18.6721
      vertex 2.02254 1.46946 -18.5939
      vertex 2.22218 1.07766 -18.6721
    endloop
  endfacet
  facet normal -0.891005 -0.453993 0
    outer loop
      vertex 2.02254 1.46946 -18.5939
      vertex 2.37764 0.772542 -18.6721
      vertex 2.02254 1.46946 18.5939
    endloop
  endfacet
  facet normal -0.891005 -0.453993 -0
    outer loop
      vertex 2.37764 0.772542 18.6721
      vertex 2.02254 1.46946 18.5939
      vertex 2.37764 0.772542 -18.6721
    endloop
  endfacet
  facet normal -0.891013 -0.453978 0.000169146
    outer loop
      vertex 2.02254 1.46946 18.5939
      vertex 2.37764 0.772542 18.6721
      vertex 2.22218 1.07766 18.6721
    endloop
  endfacet
  facet normal -0.987688 -0.156436 0
    outer loop
      vertex 2.5 0 -18.6721
      vertex 2.37764 0.772542 18.6721
      vertex 2.37764 0.772542 -18.6721
    endloop
  endfacet
  facet normal -0.987688 -0.156436 0
    outer loop
      vertex 2.37764 0.772542 18.6721
      vertex 2.5 0 -18.6721
      vertex 2.5 0 18.6721
    endloop
  endfacet
  facet normal -0.707107 -0.707107 0
    outer loop
      vertex 2.02254 1.46946 -18.5939
      vertex 1.46946 2.02254 18.5277
      vertex 1.46946 2.02254 -18.5277
    endloop
  endfacet
  facet normal -0.707107 -0.707107 0
    outer loop
      vertex 1.46946 2.02254 18.5277
      vertex 2.02254 1.46946 -18.5939
      vertex 2.02254 1.46946 18.5939
    endloop
  endfacet
  facet normal -0.156436 -0.987688 0
    outer loop
      vertex 0 2.5 18.6327
      vertex 0.772542 2.37764 -18.5411
      vertex 0.772542 2.37764 18.5411
    endloop
  endfacet
  facet normal -0.156436 -0.987688 0
    outer loop
      vertex 0.772542 2.37764 -18.5411
      vertex 0 2.5 18.6327
      vertex 0 2.5 -18.6327
    endloop
  endfacet
  facet normal -0.453993 -0.891005 0
    outer loop
      vertex 0.772542 2.37764 18.5411
      vertex 1.46946 2.02254 -18.5277
      vertex 1.46946 2.02254 18.5277
    endloop
  endfacet
  facet normal -0.453993 -0.891005 0
    outer loop
      vertex 1.46946 2.02254 -18.5277
      vertex 0.772542 2.37764 18.5411
      vertex 0.772542 2.37764 -18.5411
    endloop
  endfacet
  facet normal 0.453993 -0.891005 0
    outer loop
      vertex -1.46946 2.02254 -18.6721
      vertex -0.772542 2.37764 18.6721
      vertex -1.46946 2.02254 18.6721
    endloop
  endfacet
  facet normal 0.453993 -0.891005 0
    outer loop
      vertex -0.772542 2.37764 18.6721
      vertex -1.46946 2.02254 -18.6721
      vertex -0.772542 2.37764 -18.6721
    endloop
  endfacet
  facet normal 0.156441 0.987687 9.76929e-05
    outer loop
      vertex 0 -2.5 18.6327
      vertex -0.772542 -2.37764 18.6721
      vertex -0.189429 -2.47 18.6721
    endloop
  endfacet
  facet normal 0.156436 0.987688 -0
    outer loop
      vertex 0 -2.5 -18.6327
      vertex -0.772542 -2.37764 18.6721
      vertex 0 -2.5 18.6327
    endloop
  endfacet
  facet normal 0.156441 0.987687 -9.76929e-05
    outer loop
      vertex -0.772542 -2.37764 -18.6721
      vertex 0 -2.5 -18.6327
      vertex -0.189429 -2.47 -18.6721
    endloop
  endfacet
  facet normal 0.156436 0.987688 0
    outer loop
      vertex 0 -2.5 -18.6327
      vertex -0.772542 -2.37764 -18.6721
      vertex -0.772542 -2.37764 18.6721
    endloop
  endfacet
  facet normal -0.707107 0.707107 0
    outer loop
      vertex 1.46946 -2.02254 -18.5277
      vertex 2.02254 -1.46946 18.5939
      vertex 2.02254 -1.46946 -18.5939
    endloop
  endfacet
  facet normal -0.707107 0.707107 0
    outer loop
      vertex 2.02254 -1.46946 18.5939
      vertex 1.46946 -2.02254 -18.5277
      vertex 1.46946 -2.02254 18.5277
    endloop
  endfacet
  facet normal 0.890953 0.454095 0.000834225
    outer loop
      vertex -2.02254 -1.46946 18.6721
      vertex -2.37764 -0.772542 18.5647
      vertex -2.04704 -1.42139 18.6721
    endloop
  endfacet
  facet normal 0.891005 0.453993 0
    outer loop
      vertex -2.37764 -0.772542 18.5647
      vertex -2.02254 -1.46946 18.6721
      vertex -2.37764 -0.772542 -18.5647
    endloop
  endfacet
  facet normal 0.891005 0.453993 -0
    outer loop
      vertex -2.02254 -1.46946 -18.6721
      vertex -2.37764 -0.772542 -18.5647
      vertex -2.02254 -1.46946 18.6721
    endloop
  endfacet
  facet normal 0.890953 0.454095 -0.000834225
    outer loop
      vertex -2.37764 -0.772542 -18.5647
      vertex -2.02254 -1.46946 -18.6721
      vertex -2.04704 -1.42139 -18.6721
    endloop
  endfacet
  facet normal 0.156441 -0.987687 9.76929e-05
    outer loop
      vertex -0.772542 2.37764 18.6721
      vertex 0 2.5 18.6327
      vertex -0.189429 2.47 18.6721
    endloop
  endfacet
  facet normal 0.156436 -0.987688 0
    outer loop
      vertex -0.772542 2.37764 18.6721
      vertex 0 2.5 -18.6327
      vertex 0 2.5 18.6327
    endloop
  endfacet
  facet normal 0.156436 -0.987688 0
    outer loop
      vertex -0.772542 2.37764 -18.6721
      vertex 0 2.5 -18.6327
      vertex -0.772542 2.37764 18.6721
    endloop
  endfacet
  facet normal 0.156441 -0.987687 -9.76929e-05
    outer loop
      vertex 0 2.5 -18.6327
      vertex -0.772542 2.37764 -18.6721
      vertex -0.189429 2.47 -18.6721
    endloop
  endfacet
  facet normal -0.453993 0.891005 0
    outer loop
      vertex 1.46946 -2.02254 -18.5277
      vertex 0.772542 -2.37764 18.5411
      vertex 1.46946 -2.02254 18.5277
    endloop
  endfacet
  facet normal -0.453993 0.891005 0
    outer loop
      vertex 0.772542 -2.37764 18.5411
      vertex 1.46946 -2.02254 -18.5277
      vertex 0.772542 -2.37764 -18.5411
    endloop
  endfacet
  facet normal -0.156436 0.987688 0
    outer loop
      vertex 0.772542 -2.37764 -18.5411
      vertex 0 -2.5 18.6327
      vertex 0.772542 -2.37764 18.5411
    endloop
  endfacet
  facet normal -0.156436 0.987688 0
    outer loop
      vertex 0 -2.5 18.6327
      vertex 0.772542 -2.37764 -18.5411
      vertex 0 -2.5 -18.6327
    endloop
  endfacet
  facet normal 0.987688 0.156436 0
    outer loop
      vertex -2.37764 -0.772542 18.5647
      vertex -2.5 0 -18.525
      vertex -2.5 0 18.525
    endloop
  endfacet
  facet normal 0.987688 0.156436 0
    outer loop
      vertex -2.5 0 -18.525
      vertex -2.37764 -0.772542 18.5647
      vertex -2.37764 -0.772542 -18.5647
    endloop
  endfacet
  facet normal 0.890953 -0.454095 0.000834225
    outer loop
      vertex -2.37764 0.772542 18.5647
      vertex -2.02254 1.46946 18.6721
      vertex -2.04704 1.42139 18.6721
    endloop
  endfacet
  facet normal 0.891005 -0.453993 0
    outer loop
      vertex -2.02254 1.46946 18.6721
      vertex -2.37764 0.772542 18.5647
      vertex -2.02254 1.46946 -18.6721
    endloop
  endfacet
  facet normal 0.891005 -0.453993 0
    outer loop
      vertex -2.37764 0.772542 -18.5647
      vertex -2.02254 1.46946 -18.6721
      vertex -2.37764 0.772542 18.5647
    endloop
  endfacet
  facet normal 0.890953 -0.454095 -0.000834225
    outer loop
      vertex -2.02254 1.46946 -18.6721
      vertex -2.37764 0.772542 -18.5647
      vertex -2.04704 1.42139 -18.6721
    endloop
  endfacet
  facet normal 0.707107 -0.707107 0
    outer loop
      vertex -2.02254 1.46946 18.6721
      vertex -1.46946 2.02254 -18.6721
      vertex -1.46946 2.02254 18.6721
    endloop
  endfacet
  facet normal 0.707107 -0.707107 0
    outer loop
      vertex -1.46946 2.02254 -18.6721
      vertex -2.02254 1.46946 18.6721
      vertex -2.02254 1.46946 -18.6721
    endloop
  endfacet
  facet normal -0.891013 0.453978 -0.000169146
    outer loop
      vertex 2.02254 -1.46946 -18.5939
      vertex 2.37764 -0.772542 -18.6721
      vertex 2.22218 -1.07766 -18.6721
    endloop
  endfacet
  facet normal -0.891005 0.453993 0
    outer loop
      vertex 2.37764 -0.772542 -18.6721
      vertex 2.02254 -1.46946 -18.5939
      vertex 2.37764 -0.772542 18.6721
    endloop
  endfacet
  facet normal -0.891005 0.453993 0
    outer loop
      vertex 2.02254 -1.46946 18.5939
      vertex 2.37764 -0.772542 18.6721
      vertex 2.02254 -1.46946 -18.5939
    endloop
  endfacet
  facet normal -0.891013 0.453978 0.000169146
    outer loop
      vertex 2.37764 -0.772542 18.6721
      vertex 2.02254 -1.46946 18.5939
      vertex 2.22218 -1.07766 18.6721
    endloop
  endfacet
  facet normal -0.987688 0.156436 0
    outer loop
      vertex 2.37764 -0.772542 -18.6721
      vertex 2.5 0 18.6721
      vertex 2.5 0 -18.6721
    endloop
  endfacet
  facet normal -0.987688 0.156436 0
    outer loop
      vertex 2.5 0 18.6721
      vertex 2.37764 -0.772542 -18.6721
      vertex 2.37764 -0.772542 18.6721
    endloop
  endfacet
  facet normal 0.707107 0.707107 0
    outer loop
      vertex -1.46946 -2.02254 18.6721
      vertex -2.02254 -1.46946 -18.6721
      vertex -2.02254 -1.46946 18.6721
    endloop
  endfacet
  facet normal 0.707107 0.707107 0
    outer loop
      vertex -2.02254 -1.46946 -18.6721
      vertex -1.46946 -2.02254 18.6721
      vertex -1.46946 -2.02254 -18.6721
    endloop
  endfacet
  facet normal 0.987688 -0.156436 0
    outer loop
      vertex -2.5 0 18.525
      vertex -2.37764 0.772542 -18.5647
      vertex -2.37764 0.772542 18.5647
    endloop
  endfacet
  facet normal 0.987688 -0.156436 0
    outer loop
      vertex -2.37764 0.772542 -18.5647
      vertex -2.5 0 18.525
      vertex -2.5 0 -18.525
    endloop
  endfacet
  facet normal 0.453993 0.891005 -0
    outer loop
      vertex -0.772542 -2.37764 -18.6721
      vertex -1.46946 -2.02254 18.6721
      vertex -0.772542 -2.37764 18.6721
    endloop
  endfacet
  facet normal 0.453993 0.891005 0
    outer loop
      vertex -1.46946 -2.02254 18.6721
      vertex -0.772542 -2.37764 -18.6721
      vertex -1.46946 -2.02254 -18.6721
    endloop
  endfacet
endsolid OpenSCAD_Model
