solid OpenSCAD_Model
  facet normal 0.453951 -0.891027 0
    outer loop
      vertex 44.9279 1.21352 6.10676
      vertex 45.3461 1.42658 -5.77799
      vertex 45.3461 1.42658 5.77799
    endloop
  endfacet
  facet normal 0.453951 -0.891027 0
    outer loop
      vertex 45.3461 1.42658 -5.77799
      vertex 44.9279 1.21352 6.10676
      vertex 44.9279 1.21352 -6.10676
    endloop
  endfacet
  facet normal -0.89102 -0.45396 0.00168641
    outer loop
      vertex 47.2362 0.463525 -5.07151
      vertex 47.0231 0.881678 -5.10203
      vertex 47.1516 0.629462 -5.10203
    endloop
  endfacet
  facet normal -0.890972 -0.454059 0
    outer loop
      vertex 47.0231 0.881678 -5.10203
      vertex 47.2362 0.463525 -5.07151
      vertex 47.0231 0.881678 5.10203
    endloop
  endfacet
  facet normal -0.890972 -0.454059 -0
    outer loop
      vertex 47.2362 0.463525 5.07151
      vertex 47.0231 0.881678 5.10203
      vertex 47.2362 0.463525 -5.07151
    endloop
  endfacet
  facet normal -0.89102 -0.45396 -0.00168641
    outer loop
      vertex 47.0231 0.881678 5.10203
      vertex 47.2362 0.463525 5.07151
      vertex 47.1516 0.629462 5.10203
    endloop
  endfacet
  facet normal -0.987693 -0.156403 0
    outer loop
      vertex 47.3096 0 -5.07151
      vertex 47.2362 0.463525 5.07151
      vertex 47.2362 0.463525 -5.07151
    endloop
  endfacet
  facet normal -0.987693 -0.156403 0
    outer loop
      vertex 47.2362 0.463525 5.07151
      vertex 47.3096 0 -5.07151
      vertex 47.3096 0 5.07151
    endloop
  endfacet
  facet normal -0.707331 -0.706881 -0.00146888
    outer loop
      vertex 46.6913 1.21352 5.18325
      vertex 47.0231 0.881678 5.10203
      vertex 46.7075 1.19731 5.18311
    endloop
  endfacet
  facet normal -0.707152 -0.707062 0
    outer loop
      vertex 46.6913 1.21352 5.18325
      vertex 47.0231 0.881678 -5.10203
      vertex 47.0231 0.881678 5.10203
    endloop
  endfacet
  facet normal -0.707152 -0.707062 0
    outer loop
      vertex 46.6913 1.21352 -5.18325
      vertex 47.0231 0.881678 -5.10203
      vertex 46.6913 1.21352 5.18325
    endloop
  endfacet
  facet normal -0.707331 -0.706881 0.00146888
    outer loop
      vertex 47.0231 0.881678 -5.10203
      vertex 46.6913 1.21352 -5.18325
      vertex 46.7075 1.19731 -5.18311
    endloop
  endfacet
  facet normal -0.987693 0.156403 0
    outer loop
      vertex 47.2362 -0.463525 -5.07151
      vertex 47.3096 0 5.07151
      vertex 47.3096 0 -5.07151
    endloop
  endfacet
  facet normal -0.987693 0.156403 0
    outer loop
      vertex 47.3096 0 5.07151
      vertex 47.2362 -0.463525 -5.07151
      vertex 47.2362 -0.463525 5.07151
    endloop
  endfacet
  facet normal -0.156453 -0.987685 0
    outer loop
      vertex 45.8096 1.5 5.4974
      vertex 46.2731 1.42658 -5.29247
      vertex 46.2731 1.42658 5.29247
    endloop
  endfacet
  facet normal -0.156453 -0.987685 0
    outer loop
      vertex 46.2731 1.42658 -5.29247
      vertex 45.8096 1.5 5.4974
      vertex 45.8096 1.5 -5.4974
    endloop
  endfacet
  facet normal -0.156453 0.987685 0
    outer loop
      vertex 46.2731 -1.42658 -5.29247
      vertex 45.8096 -1.5 5.4974
      vertex 46.2731 -1.42658 5.29247
    endloop
  endfacet
  facet normal -0.156453 0.987685 0
    outer loop
      vertex 45.8096 -1.5 5.4974
      vertex 46.2731 -1.42658 -5.29247
      vertex 45.8096 -1.5 -5.4974
    endloop
  endfacet
  facet normal -0.89102 0.45396 0.00168641
    outer loop
      vertex 47.0231 -0.881678 -5.10203
      vertex 47.2362 -0.463525 -5.07151
      vertex 47.1516 -0.629462 -5.10203
    endloop
  endfacet
  facet normal -0.890972 0.454059 0
    outer loop
      vertex 47.2362 -0.463525 -5.07151
      vertex 47.0231 -0.881678 -5.10203
      vertex 47.2362 -0.463525 5.07151
    endloop
  endfacet
  facet normal -0.890972 0.454059 0
    outer loop
      vertex 47.0231 -0.881678 5.10203
      vertex 47.2362 -0.463525 5.07151
      vertex 47.0231 -0.881678 -5.10203
    endloop
  endfacet
  facet normal -0.89102 0.45396 -0.00168641
    outer loop
      vertex 47.2362 -0.463525 5.07151
      vertex 47.0231 -0.881678 5.10203
      vertex 47.1516 -0.629462 5.10203
    endloop
  endfacet
  facet normal -0.453951 -0.891027 0
    outer loop
      vertex 46.2731 1.42658 5.29247
      vertex 46.6913 1.21352 -5.18325
      vertex 46.6913 1.21352 5.18325
    endloop
  endfacet
  facet normal -0.453951 -0.891027 0
    outer loop
      vertex 46.6913 1.21352 -5.18325
      vertex 46.2731 1.42658 5.29247
      vertex 46.2731 1.42658 -5.29247
    endloop
  endfacet
  facet normal 0.706563 -0.707648 -0.00146337
    outer loop
      vertex 44.5961 0.881678 6.37314
      vertex 44.9279 1.21352 6.10676
      vertex 44.9117 1.19731 6.12361
    endloop
  endfacet
  facet normal 0.707152 -0.707062 0
    outer loop
      vertex 44.5961 0.881678 6.37314
      vertex 44.9279 1.21352 -6.10676
      vertex 44.9279 1.21352 6.10676
    endloop
  endfacet
  facet normal 0.707152 -0.707062 0
    outer loop
      vertex 44.5961 0.881678 -6.37314
      vertex 44.9279 1.21352 -6.10676
      vertex 44.5961 0.881678 6.37314
    endloop
  endfacet
  facet normal 0.706563 -0.707648 0.00146337
    outer loop
      vertex 44.9279 1.21352 -6.10676
      vertex 44.5961 0.881678 -6.37314
      vertex 44.9117 1.19731 -6.12361
    endloop
  endfacet
  facet normal 0.987693 -0.156403 0
    outer loop
      vertex 44.3096 0 6.64269
      vertex 44.383 0.463525 -6.56579
      vertex 44.383 0.463525 6.56579
    endloop
  endfacet
  facet normal 0.987693 -0.156403 0
    outer loop
      vertex 44.383 0.463525 -6.56579
      vertex 44.3096 0 6.64269
      vertex 44.3096 0 -6.64269
    endloop
  endfacet
  facet normal 0.156453 0.987685 -0
    outer loop
      vertex 45.8096 -1.5 -5.4974
      vertex 45.3461 -1.42658 5.77799
      vertex 45.8096 -1.5 5.4974
    endloop
  endfacet
  facet normal 0.156453 0.987685 0
    outer loop
      vertex 45.3461 -1.42658 5.77799
      vertex 45.8096 -1.5 -5.4974
      vertex 45.3461 -1.42658 -5.77799
    endloop
  endfacet
  facet normal -0.453951 0.891027 0
    outer loop
      vertex 46.6913 -1.21352 -5.18325
      vertex 46.2731 -1.42658 5.29247
      vertex 46.6913 -1.21352 5.18325
    endloop
  endfacet
  facet normal -0.453951 0.891027 0
    outer loop
      vertex 46.2731 -1.42658 5.29247
      vertex 46.6913 -1.21352 -5.18325
      vertex 46.2731 -1.42658 -5.29247
    endloop
  endfacet
  facet normal 0.890656 -0.454675 -0.00168652
    outer loop
      vertex 44.383 0.463525 6.56579
      vertex 44.5961 0.881678 6.37314
      vertex 44.4676 0.629462 6.50774
    endloop
  endfacet
  facet normal 0.890972 -0.454059 0
    outer loop
      vertex 44.5961 0.881678 6.37314
      vertex 44.383 0.463525 6.56579
      vertex 44.5961 0.881678 -6.37314
    endloop
  endfacet
  facet normal 0.890972 -0.454059 0
    outer loop
      vertex 44.383 0.463525 -6.56579
      vertex 44.5961 0.881678 -6.37314
      vertex 44.383 0.463525 6.56579
    endloop
  endfacet
  facet normal 0.890656 -0.454675 0.00168652
    outer loop
      vertex 44.5961 0.881678 -6.37314
      vertex 44.383 0.463525 -6.56579
      vertex 44.4676 0.629462 -6.50774
    endloop
  endfacet
  facet normal 0.890656 0.454675 -0.00168652
    outer loop
      vertex 44.5961 -0.881678 6.37314
      vertex 44.383 -0.463525 6.56579
      vertex 44.4676 -0.629462 6.50774
    endloop
  endfacet
  facet normal 0.890972 0.454059 0
    outer loop
      vertex 44.383 -0.463525 6.56579
      vertex 44.5961 -0.881678 6.37314
      vertex 44.383 -0.463525 -6.56579
    endloop
  endfacet
  facet normal 0.890972 0.454059 -0
    outer loop
      vertex 44.5961 -0.881678 -6.37314
      vertex 44.383 -0.463525 -6.56579
      vertex 44.5961 -0.881678 6.37314
    endloop
  endfacet
  facet normal 0.890656 0.454675 0.00168652
    outer loop
      vertex 44.383 -0.463525 -6.56579
      vertex 44.5961 -0.881678 -6.37314
      vertex 44.4676 -0.629462 -6.50774
    endloop
  endfacet
  facet normal 0.156453 -0.987685 0
    outer loop
      vertex 45.3461 1.42658 5.77799
      vertex 45.8096 1.5 -5.4974
      vertex 45.8096 1.5 5.4974
    endloop
  endfacet
  facet normal 0.156453 -0.987685 0
    outer loop
      vertex 45.8096 1.5 -5.4974
      vertex 45.3461 1.42658 5.77799
      vertex 45.3461 1.42658 -5.77799
    endloop
  endfacet
  facet normal -0.707331 0.706881 -0.00146888
    outer loop
      vertex 47.0231 -0.881678 5.10203
      vertex 46.6913 -1.21352 5.18325
      vertex 46.7075 -1.19731 5.18311
    endloop
  endfacet
  facet normal -0.707152 0.707062 0
    outer loop
      vertex 47.0231 -0.881678 -5.10203
      vertex 46.6913 -1.21352 5.18325
      vertex 47.0231 -0.881678 5.10203
    endloop
  endfacet
  facet normal -0.707331 0.706881 0.00146888
    outer loop
      vertex 46.6913 -1.21352 -5.18325
      vertex 47.0231 -0.881678 -5.10203
      vertex 46.7075 -1.19731 -5.18311
    endloop
  endfacet
  facet normal -0.707152 0.707062 0
    outer loop
      vertex 47.0231 -0.881678 -5.10203
      vertex 46.6913 -1.21352 -5.18325
      vertex 46.6913 -1.21352 5.18325
    endloop
  endfacet
  facet normal 0.453951 0.891027 -0
    outer loop
      vertex 45.3461 -1.42658 -5.77799
      vertex 44.9279 -1.21352 6.10676
      vertex 45.3461 -1.42658 5.77799
    endloop
  endfacet
  facet normal 0.453951 0.891027 0
    outer loop
      vertex 44.9279 -1.21352 6.10676
      vertex 45.3461 -1.42658 -5.77799
      vertex 44.9279 -1.21352 -6.10676
    endloop
  endfacet
  facet normal 0.987693 0.156403 0
    outer loop
      vertex 44.383 -0.463525 6.56579
      vertex 44.3096 0 -6.64269
      vertex 44.3096 0 6.64269
    endloop
  endfacet
  facet normal 0.987693 0.156403 0
    outer loop
      vertex 44.3096 0 -6.64269
      vertex 44.383 -0.463525 6.56579
      vertex 44.383 -0.463525 -6.56579
    endloop
  endfacet
  facet normal 0.706563 0.707648 -0.00146337
    outer loop
      vertex 44.9279 -1.21352 6.10676
      vertex 44.5961 -0.881678 6.37314
      vertex 44.9117 -1.19731 6.12361
    endloop
  endfacet
  facet normal 0.707152 0.707062 -0
    outer loop
      vertex 44.9279 -1.21352 -6.10676
      vertex 44.5961 -0.881678 6.37314
      vertex 44.9279 -1.21352 6.10676
    endloop
  endfacet
  facet normal 0.706563 0.707648 0.00146337
    outer loop
      vertex 44.5961 -0.881678 -6.37314
      vertex 44.9279 -1.21352 -6.10676
      vertex 44.9117 -1.19731 -6.12361
    endloop
  endfacet
  facet normal 0.707152 0.707062 0
    outer loop
      vertex 44.9279 -1.21352 -6.10676
      vertex 44.5961 -0.881678 -6.37314
      vertex 44.5961 -0.881678 6.37314
    endloop
  endfacet
  facet normal -0.357864 0.933765 -0.00411954
    outer loop
      vertex -22.1548 38.3732 6.631
      vertex -22.5929 38.205 6.56323
      vertex -22.3561 38.296 6.61918
    endloop
  endfacet
  facet normal -0.358422 0.93356 0
    outer loop
      vertex -22.1548 38.3732 6.631
      vertex -22.5929 38.205 -6.56323
      vertex -22.5929 38.205 6.56323
    endloop
  endfacet
  facet normal -0.358422 0.93356 0
    outer loop
      vertex -22.1548 38.3732 -6.631
      vertex -22.5929 38.205 -6.56323
      vertex -22.1548 38.3732 6.631
    endloop
  endfacet
  facet normal -0.357864 0.933765 0.00411954
    outer loop
      vertex -22.5929 38.205 -6.56323
      vertex -22.1548 38.3732 -6.631
      vertex -22.3561 38.296 -6.61918
    endloop
  endfacet
  facet normal 0.838539 -0.544835 -0.00275756
    outer loop
      vertex -24.2751 40.2824 5.11123
      vertex -24.0195 40.676 5.06895
      vertex -24.2426 40.3324 5.11513
    endloop
  endfacet
  facet normal 0.838677 -0.544629 0
    outer loop
      vertex -24.0195 40.676 5.06895
      vertex -24.2751 40.2824 5.11123
      vertex -24.0195 40.676 -5.06895
    endloop
  endfacet
  facet normal 0.838677 -0.544629 0
    outer loop
      vertex -24.2751 40.2824 -5.11123
      vertex -24.0195 40.676 -5.06895
      vertex -24.2751 40.2824 5.11123
    endloop
  endfacet
  facet normal 0.838539 -0.544835 0.00275756
    outer loop
      vertex -24.0195 40.676 -5.06895
      vertex -24.2751 40.2824 -5.11123
      vertex -24.2426 40.3324 -5.11513
    endloop
  endfacet
  facet normal 0.629236 -0.777208 -0.00298398
    outer loop
      vertex -24.0195 40.676 5.06895
      vertex -23.6548 40.9713 5.05983
      vertex -23.8223 40.8356 5.08333
    endloop
  endfacet
  facet normal 0.629284 -0.777175 0
    outer loop
      vertex -24.0195 40.676 5.06895
      vertex -23.6548 40.9713 -5.05983
      vertex -23.6548 40.9713 5.05983
    endloop
  endfacet
  facet normal 0.629284 -0.777175 0
    outer loop
      vertex -24.0195 40.676 -5.06895
      vertex -23.6548 40.9713 -5.05983
      vertex -24.0195 40.676 5.06895
    endloop
  endfacet
  facet normal 0.629236 -0.777208 0.00298398
    outer loop
      vertex -23.6548 40.9713 -5.05983
      vertex -24.0195 40.676 -5.06895
      vertex -23.8223 40.8356 -5.08333
    endloop
  endfacet
  facet normal 0.965905 -0.258896 0
    outer loop
      vertex -24.3966 39.8291 5.17217
      vertex -24.2751 40.2824 -5.11123
      vertex -24.2751 40.2824 5.11123
    endloop
  endfacet
  facet normal 0.965905 -0.258896 0
    outer loop
      vertex -24.2751 40.2824 -5.11123
      vertex -24.3966 39.8291 5.17217
      vertex -24.3966 39.8291 -5.17217
    endloop
  endfacet
  facet normal 0.358352 -0.933585 0.0018519
    outer loop
      vertex -23.6548 40.9713 5.05983
      vertex -23.2167 41.1395 5.07861
      vertex -23.2545 41.125 5.08333
    endloop
  endfacet
  facet normal 0.358422 -0.93356 0
    outer loop
      vertex -23.6548 40.9713 -5.05983
      vertex -23.2167 41.1395 5.07861
      vertex -23.6548 40.9713 5.05983
    endloop
  endfacet
  facet normal 0.358422 -0.93356 0
    outer loop
      vertex -23.6548 40.9713 -5.05983
      vertex -23.2167 41.1395 -5.07861
      vertex -23.2167 41.1395 5.07861
    endloop
  endfacet
  facet normal 0.358352 -0.933585 -0.0018519
    outer loop
      vertex -23.2167 41.1395 -5.07861
      vertex -23.6548 40.9713 -5.05983
      vertex -23.2545 41.125 -5.08333
    endloop
  endfacet
  facet normal -0.258865 -0.965913 -0.000235315
    outer loop
      vertex -22.748 41.1641 5.10613
      vertex -22.2947 41.0426 5.1697
      vertex -22.5611 41.114 5.15027
    endloop
  endfacet
  facet normal -0.258896 -0.965905 0
    outer loop
      vertex -22.748 41.1641 -5.10613
      vertex -22.2947 41.0426 5.1697
      vertex -22.748 41.1641 5.10613
    endloop
  endfacet
  facet normal -0.258865 -0.965913 0.000235315
    outer loop
      vertex -22.2947 41.0426 -5.1697
      vertex -22.748 41.1641 -5.10613
      vertex -22.5611 41.114 -5.15027
    endloop
  endfacet
  facet normal -0.258896 -0.965905 0
    outer loop
      vertex -22.748 41.1641 -5.10613
      vertex -22.2947 41.0426 -5.1697
      vertex -22.2947 41.0426 5.1697
    endloop
  endfacet
  facet normal -0.544629 -0.838677 0
    outer loop
      vertex -22.2947 41.0426 -5.1697
      vertex -21.9011 40.787 5.29834
      vertex -22.2947 41.0426 5.1697
    endloop
  endfacet
  facet normal -0.544629 -0.838677 -0
    outer loop
      vertex -21.9011 40.787 5.29834
      vertex -22.2947 41.0426 -5.1697
      vertex -21.9011 40.787 -5.29834
    endloop
  endfacet
  facet normal 0.93356 0.358422 0
    outer loop
      vertex -24.2038 38.9223 5.51402
      vertex -24.372 39.3604 -5.30827
      vertex -24.372 39.3604 5.30827
    endloop
  endfacet
  facet normal 0.93356 0.358422 0
    outer loop
      vertex -24.372 39.3604 -5.30827
      vertex -24.2038 38.9223 5.51402
      vertex -24.2038 38.9223 -5.51402
    endloop
  endfacet
  facet normal -0.933587 -0.358351 0
    outer loop
      vertex -21.4376 39.9841 -5.78386
      vertex -21.6058 40.4223 5.50996
      vertex -21.6058 40.4223 -5.50996
    endloop
  endfacet
  facet normal -0.933587 -0.358351 0
    outer loop
      vertex -21.6058 40.4223 5.50996
      vertex -21.4376 39.9841 -5.78386
      vertex -21.4376 39.9841 5.78386
    endloop
  endfacet
  facet normal 0.0524135 -0.998625 0
    outer loop
      vertex -23.2167 41.1395 -5.07861
      vertex -22.748 41.1641 5.10613
      vertex -23.2167 41.1395 5.07861
    endloop
  endfacet
  facet normal 0.0524135 -0.998625 0
    outer loop
      vertex -22.748 41.1641 5.10613
      vertex -23.2167 41.1395 -5.07861
      vertex -22.748 41.1641 -5.10613
    endloop
  endfacet
  facet normal 0.258697 0.965959 0
    outer loop
      vertex -23.0616 38.1805 6.38234
      vertex -23.5149 38.3019 -6.09568
      vertex -23.5149 38.3019 6.09568
    endloop
  endfacet
  facet normal 0.258697 0.965959 0
    outer loop
      vertex -23.5149 38.3019 -6.09568
      vertex -23.0616 38.1805 6.38234
      vertex -23.0616 38.1805 -6.38234
    endloop
  endfacet
  facet normal 0.998689 0.0509266 -0.00513209
    outer loop
      vertex -24.372 39.3604 5.30827
      vertex -24.3966 39.8291 5.17217
      vertex -24.3793 39.5002 5.27497
    endloop
  endfacet
  facet normal 0.998625 0.0524135 0
    outer loop
      vertex -24.3966 39.8291 5.17217
      vertex -24.372 39.3604 5.30827
      vertex -24.3966 39.8291 -5.17217
    endloop
  endfacet
  facet normal 0.998625 0.0524135 -0
    outer loop
      vertex -24.372 39.3604 -5.30827
      vertex -24.3966 39.8291 -5.17217
      vertex -24.372 39.3604 5.30827
    endloop
  endfacet
  facet normal 0.998689 0.0509266 0.00513209
    outer loop
      vertex -24.3966 39.8291 -5.17217
      vertex -24.372 39.3604 -5.30827
      vertex -24.3793 39.5002 -5.27497
    endloop
  endfacet
  facet normal -0.777175 -0.629284 0
    outer loop
      vertex -21.6058 40.4223 -5.50996
      vertex -21.9011 40.787 5.29834
      vertex -21.9011 40.787 -5.29834
    endloop
  endfacet
  facet normal -0.777175 -0.629284 0
    outer loop
      vertex -21.9011 40.787 5.29834
      vertex -21.6058 40.4223 -5.50996
      vertex -21.6058 40.4223 5.50996
    endloop
  endfacet
  facet normal -0.965868 0.259033 -0.000235165
    outer loop
      vertex -21.5345 39.0622 -6.37723
      vertex -21.413 39.5155 -6.09322
      vertex -21.4844 39.2491 -6.27807
    endloop
  endfacet
  facet normal -0.965905 0.258896 0
    outer loop
      vertex -21.413 39.5155 -6.09322
      vertex -21.5345 39.0622 -6.37723
      vertex -21.413 39.5155 6.09322
    endloop
  endfacet
  facet normal -0.965905 0.258896 0
    outer loop
      vertex -21.5345 39.0622 6.37723
      vertex -21.413 39.5155 6.09322
      vertex -21.5345 39.0622 -6.37723
    endloop
  endfacet
  facet normal -0.965868 0.259033 0.000235165
    outer loop
      vertex -21.413 39.5155 6.09322
      vertex -21.5345 39.0622 6.37723
      vertex -21.4844 39.2491 6.27807
    endloop
  endfacet
  facet normal 0.546833 0.837233 -0.00382
    outer loop
      vertex -23.5149 38.3019 6.09568
      vertex -23.9085 38.5576 5.79379
      vertex -23.791 38.4813 5.89119
    endloop
  endfacet
  facet normal 0.544779 0.83858 0
    outer loop
      vertex -23.5149 38.3019 6.09568
      vertex -23.9085 38.5576 -5.79379
      vertex -23.9085 38.5576 5.79379
    endloop
  endfacet
  facet normal 0.544779 0.83858 -0
    outer loop
      vertex -23.5149 38.3019 -6.09568
      vertex -23.9085 38.5576 -5.79379
      vertex -23.5149 38.3019 6.09568
    endloop
  endfacet
  facet normal 0.546833 0.837233 0.00382
    outer loop
      vertex -23.9085 38.5576 -5.79379
      vertex -23.5149 38.3019 -6.09568
      vertex -23.791 38.4813 -5.89119
    endloop
  endfacet
  facet normal -0.0528406 0.998602 0.00166207
    outer loop
      vertex -22.5929 38.205 6.56323
      vertex -23.0616 38.1805 6.38234
      vertex -23.002 38.1836 6.41461
    endloop
  endfacet
  facet normal -0.052201 0.998637 0
    outer loop
      vertex -22.5929 38.205 6.56323
      vertex -23.0616 38.1805 -6.38234
      vertex -23.0616 38.1805 6.38234
    endloop
  endfacet
  facet normal -0.052201 0.998637 0
    outer loop
      vertex -22.5929 38.205 -6.56323
      vertex -23.0616 38.1805 -6.38234
      vertex -22.5929 38.205 6.56323
    endloop
  endfacet
  facet normal -0.0528406 0.998602 -0.00166207
    outer loop
      vertex -23.0616 38.1805 -6.38234
      vertex -22.5929 38.205 -6.56323
      vertex -23.002 38.1836 -6.41461
    endloop
  endfacet
  facet normal 0.777175 0.629284 0
    outer loop
      vertex -23.9085 38.5576 5.79379
      vertex -24.2038 38.9223 -5.51402
      vertex -24.2038 38.9223 5.51402
    endloop
  endfacet
  facet normal 0.777175 0.629284 0
    outer loop
      vertex -24.2038 38.9223 -5.51402
      vertex -23.9085 38.5576 5.79379
      vertex -23.9085 38.5576 -5.79379
    endloop
  endfacet
  facet normal -0.629581 0.776932 -0.00176407
    outer loop
      vertex -21.7901 38.6686 6.57288
      vertex -22.1548 38.3732 6.631
      vertex -21.8216 38.6431 6.58424
    endloop
  endfacet
  facet normal -0.629413 0.777071 0
    outer loop
      vertex -21.7901 38.6686 -6.57288
      vertex -22.1548 38.3732 6.631
      vertex -21.7901 38.6686 6.57288
    endloop
  endfacet
  facet normal -0.629581 0.776932 0.00176407
    outer loop
      vertex -22.1548 38.3732 -6.631
      vertex -21.7901 38.6686 -6.57288
      vertex -21.8216 38.6431 -6.58424
    endloop
  endfacet
  facet normal -0.629413 0.777071 0
    outer loop
      vertex -21.7901 38.6686 -6.57288
      vertex -22.1548 38.3732 -6.631
      vertex -22.1548 38.3732 6.631
    endloop
  endfacet
  facet normal -0.838677 0.544629 0
    outer loop
      vertex -21.7901 38.6686 -6.57288
      vertex -21.5345 39.0622 6.37723
      vertex -21.5345 39.0622 -6.37723
    endloop
  endfacet
  facet normal -0.838677 0.544629 0
    outer loop
      vertex -21.5345 39.0622 6.37723
      vertex -21.7901 38.6686 -6.57288
      vertex -21.7901 38.6686 6.57288
    endloop
  endfacet
  facet normal -0.998625 -0.0524246 0
    outer loop
      vertex -21.413 39.5155 -6.09322
      vertex -21.4376 39.9841 5.78386
      vertex -21.4376 39.9841 -5.78386
    endloop
  endfacet
  facet normal -0.998625 -0.0524246 0
    outer loop
      vertex -21.4376 39.9841 5.78386
      vertex -21.413 39.5155 -6.09322
      vertex -21.413 39.5155 6.09322
    endloop
  endfacet
  facet normal -0.629581 -0.776932 -0.00176407
    outer loop
      vertex -22.1548 -38.3732 6.631
      vertex -21.7901 -38.6686 6.57288
      vertex -21.8216 -38.6431 6.58424
    endloop
  endfacet
  facet normal -0.629413 -0.777071 0
    outer loop
      vertex -22.1548 -38.3732 6.631
      vertex -21.7901 -38.6686 -6.57288
      vertex -21.7901 -38.6686 6.57288
    endloop
  endfacet
  facet normal -0.629413 -0.777071 0
    outer loop
      vertex -22.1548 -38.3732 -6.631
      vertex -21.7901 -38.6686 -6.57288
      vertex -22.1548 -38.3732 6.631
    endloop
  endfacet
  facet normal -0.629581 -0.776932 0.00176407
    outer loop
      vertex -21.7901 -38.6686 -6.57288
      vertex -22.1548 -38.3732 -6.631
      vertex -21.8216 -38.6431 -6.58424
    endloop
  endfacet
  facet normal -0.258865 0.965913 -0.000235315
    outer loop
      vertex -22.2947 -41.0426 5.1697
      vertex -22.748 -41.1641 5.10613
      vertex -22.5611 -41.114 5.15027
    endloop
  endfacet
  facet normal -0.258896 0.965905 0
    outer loop
      vertex -22.2947 -41.0426 5.1697
      vertex -22.748 -41.1641 -5.10613
      vertex -22.748 -41.1641 5.10613
    endloop
  endfacet
  facet normal -0.258896 0.965905 0
    outer loop
      vertex -22.2947 -41.0426 -5.1697
      vertex -22.748 -41.1641 -5.10613
      vertex -22.2947 -41.0426 5.1697
    endloop
  endfacet
  facet normal -0.258865 0.965913 0.000235315
    outer loop
      vertex -22.748 -41.1641 -5.10613
      vertex -22.2947 -41.0426 -5.1697
      vertex -22.5611 -41.114 -5.15027
    endloop
  endfacet
  facet normal 0.629236 0.777208 -0.00298398
    outer loop
      vertex -23.6548 -40.9713 5.05983
      vertex -24.0195 -40.676 5.06895
      vertex -23.8223 -40.8356 5.08333
    endloop
  endfacet
  facet normal 0.629284 0.777175 -0
    outer loop
      vertex -23.6548 -40.9713 -5.05983
      vertex -24.0195 -40.676 5.06895
      vertex -23.6548 -40.9713 5.05983
    endloop
  endfacet
  facet normal 0.629284 0.777175 0
    outer loop
      vertex -23.6548 -40.9713 -5.05983
      vertex -24.0195 -40.676 -5.06895
      vertex -24.0195 -40.676 5.06895
    endloop
  endfacet
  facet normal 0.629236 0.777208 0.00298398
    outer loop
      vertex -24.0195 -40.676 -5.06895
      vertex -23.6548 -40.9713 -5.05983
      vertex -23.8223 -40.8356 -5.08333
    endloop
  endfacet
  facet normal 0.998689 -0.0509266 -0.00513209
    outer loop
      vertex -24.3966 -39.8291 5.17217
      vertex -24.372 -39.3604 5.30827
      vertex -24.3793 -39.5002 5.27497
    endloop
  endfacet
  facet normal 0.998625 -0.0524135 0
    outer loop
      vertex -24.372 -39.3604 5.30827
      vertex -24.3966 -39.8291 5.17217
      vertex -24.372 -39.3604 -5.30827
    endloop
  endfacet
  facet normal 0.998625 -0.0524135 0
    outer loop
      vertex -24.3966 -39.8291 -5.17217
      vertex -24.372 -39.3604 -5.30827
      vertex -24.3966 -39.8291 5.17217
    endloop
  endfacet
  facet normal 0.998689 -0.0509266 0.00513209
    outer loop
      vertex -24.372 -39.3604 -5.30827
      vertex -24.3966 -39.8291 -5.17217
      vertex -24.3793 -39.5002 -5.27497
    endloop
  endfacet
  facet normal -0.838677 -0.544629 0
    outer loop
      vertex -21.5345 -39.0622 -6.37723
      vertex -21.7901 -38.6686 6.57288
      vertex -21.7901 -38.6686 -6.57288
    endloop
  endfacet
  facet normal -0.838677 -0.544629 0
    outer loop
      vertex -21.7901 -38.6686 6.57288
      vertex -21.5345 -39.0622 -6.37723
      vertex -21.5345 -39.0622 6.37723
    endloop
  endfacet
  facet normal -0.965868 -0.259033 -0.000235165
    outer loop
      vertex -21.413 -39.5155 -6.09322
      vertex -21.5345 -39.0622 -6.37723
      vertex -21.4844 -39.2491 -6.27807
    endloop
  endfacet
  facet normal -0.965905 -0.258896 0
    outer loop
      vertex -21.5345 -39.0622 -6.37723
      vertex -21.413 -39.5155 -6.09322
      vertex -21.5345 -39.0622 6.37723
    endloop
  endfacet
  facet normal -0.965905 -0.258896 -0
    outer loop
      vertex -21.413 -39.5155 6.09322
      vertex -21.5345 -39.0622 6.37723
      vertex -21.413 -39.5155 -6.09322
    endloop
  endfacet
  facet normal -0.965868 -0.259033 0.000235165
    outer loop
      vertex -21.5345 -39.0622 6.37723
      vertex -21.413 -39.5155 6.09322
      vertex -21.4844 -39.2491 6.27807
    endloop
  endfacet
  facet normal 0.358352 0.933585 0.0018519
    outer loop
      vertex -23.2167 -41.1395 5.07861
      vertex -23.6548 -40.9713 5.05983
      vertex -23.2545 -41.125 5.08333
    endloop
  endfacet
  facet normal 0.358422 0.93356 0
    outer loop
      vertex -23.2167 -41.1395 5.07861
      vertex -23.6548 -40.9713 -5.05983
      vertex -23.6548 -40.9713 5.05983
    endloop
  endfacet
  facet normal 0.358422 0.93356 -0
    outer loop
      vertex -23.2167 -41.1395 -5.07861
      vertex -23.6548 -40.9713 -5.05983
      vertex -23.2167 -41.1395 5.07861
    endloop
  endfacet
  facet normal 0.358352 0.933585 -0.0018519
    outer loop
      vertex -23.6548 -40.9713 -5.05983
      vertex -23.2167 -41.1395 -5.07861
      vertex -23.2545 -41.125 -5.08333
    endloop
  endfacet
  facet normal 0.965905 0.258896 0
    outer loop
      vertex -24.2751 -40.2824 5.11123
      vertex -24.3966 -39.8291 -5.17217
      vertex -24.3966 -39.8291 5.17217
    endloop
  endfacet
  facet normal 0.965905 0.258896 0
    outer loop
      vertex -24.3966 -39.8291 -5.17217
      vertex -24.2751 -40.2824 5.11123
      vertex -24.2751 -40.2824 -5.11123
    endloop
  endfacet
  facet normal -0.933587 0.358351 0
    outer loop
      vertex -21.6058 -40.4223 -5.50996
      vertex -21.4376 -39.9841 5.78386
      vertex -21.4376 -39.9841 -5.78386
    endloop
  endfacet
  facet normal -0.933587 0.358351 0
    outer loop
      vertex -21.4376 -39.9841 5.78386
      vertex -21.6058 -40.4223 -5.50996
      vertex -21.6058 -40.4223 5.50996
    endloop
  endfacet
  facet normal 0.838539 0.544835 -0.00275756
    outer loop
      vertex -24.0195 -40.676 5.06895
      vertex -24.2751 -40.2824 5.11123
      vertex -24.2426 -40.3324 5.11513
    endloop
  endfacet
  facet normal 0.838677 0.544629 0
    outer loop
      vertex -24.2751 -40.2824 5.11123
      vertex -24.0195 -40.676 5.06895
      vertex -24.2751 -40.2824 -5.11123
    endloop
  endfacet
  facet normal 0.838677 0.544629 -0
    outer loop
      vertex -24.0195 -40.676 -5.06895
      vertex -24.2751 -40.2824 -5.11123
      vertex -24.0195 -40.676 5.06895
    endloop
  endfacet
  facet normal 0.838539 0.544835 0.00275756
    outer loop
      vertex -24.2751 -40.2824 -5.11123
      vertex -24.0195 -40.676 -5.06895
      vertex -24.2426 -40.3324 -5.11513
    endloop
  endfacet
  facet normal -0.544629 0.838677 0
    outer loop
      vertex -21.9011 -40.787 5.29834
      vertex -22.2947 -41.0426 -5.1697
      vertex -22.2947 -41.0426 5.1697
    endloop
  endfacet
  facet normal -0.544629 0.838677 0
    outer loop
      vertex -22.2947 -41.0426 -5.1697
      vertex -21.9011 -40.787 5.29834
      vertex -21.9011 -40.787 -5.29834
    endloop
  endfacet
  facet normal 0.0524135 0.998625 0
    outer loop
      vertex -22.748 -41.1641 5.10613
      vertex -23.2167 -41.1395 -5.07861
      vertex -23.2167 -41.1395 5.07861
    endloop
  endfacet
  facet normal 0.0524135 0.998625 0
    outer loop
      vertex -23.2167 -41.1395 -5.07861
      vertex -22.748 -41.1641 5.10613
      vertex -22.748 -41.1641 -5.10613
    endloop
  endfacet
  facet normal -0.777175 0.629284 0
    outer loop
      vertex -21.9011 -40.787 -5.29834
      vertex -21.6058 -40.4223 5.50996
      vertex -21.6058 -40.4223 -5.50996
    endloop
  endfacet
  facet normal -0.777175 0.629284 0
    outer loop
      vertex -21.6058 -40.4223 5.50996
      vertex -21.9011 -40.787 -5.29834
      vertex -21.9011 -40.787 5.29834
    endloop
  endfacet
  facet normal 0.258697 -0.965959 0
    outer loop
      vertex -23.5149 -38.3019 -6.09568
      vertex -23.0616 -38.1805 6.38234
      vertex -23.5149 -38.3019 6.09568
    endloop
  endfacet
  facet normal 0.258697 -0.965959 0
    outer loop
      vertex -23.0616 -38.1805 6.38234
      vertex -23.5149 -38.3019 -6.09568
      vertex -23.0616 -38.1805 -6.38234
    endloop
  endfacet
  facet normal -0.998625 0.0524246 0
    outer loop
      vertex -21.4376 -39.9841 -5.78386
      vertex -21.413 -39.5155 6.09322
      vertex -21.413 -39.5155 -6.09322
    endloop
  endfacet
  facet normal -0.998625 0.0524246 0
    outer loop
      vertex -21.413 -39.5155 6.09322
      vertex -21.4376 -39.9841 -5.78386
      vertex -21.4376 -39.9841 5.78386
    endloop
  endfacet
  facet normal 0.93356 -0.358422 0
    outer loop
      vertex -24.372 -39.3604 5.30827
      vertex -24.2038 -38.9223 -5.51402
      vertex -24.2038 -38.9223 5.51402
    endloop
  endfacet
  facet normal 0.93356 -0.358422 0
    outer loop
      vertex -24.2038 -38.9223 -5.51402
      vertex -24.372 -39.3604 5.30827
      vertex -24.372 -39.3604 -5.30827
    endloop
  endfacet
  facet normal -0.0528406 -0.998602 0.00166207
    outer loop
      vertex -23.0616 -38.1805 6.38234
      vertex -22.5929 -38.205 6.56323
      vertex -23.002 -38.1836 6.41461
    endloop
  endfacet
  facet normal -0.052201 -0.998637 0
    outer loop
      vertex -23.0616 -38.1805 -6.38234
      vertex -22.5929 -38.205 6.56323
      vertex -23.0616 -38.1805 6.38234
    endloop
  endfacet
  facet normal -0.0528406 -0.998602 -0.00166207
    outer loop
      vertex -22.5929 -38.205 -6.56323
      vertex -23.0616 -38.1805 -6.38234
      vertex -23.002 -38.1836 -6.41461
    endloop
  endfacet
  facet normal -0.052201 -0.998637 0
    outer loop
      vertex -23.0616 -38.1805 -6.38234
      vertex -22.5929 -38.205 -6.56323
      vertex -22.5929 -38.205 6.56323
    endloop
  endfacet
  facet normal -0.357864 -0.933765 -0.00411954
    outer loop
      vertex -22.5929 -38.205 6.56323
      vertex -22.1548 -38.3732 6.631
      vertex -22.3561 -38.296 6.61918
    endloop
  endfacet
  facet normal -0.358422 -0.93356 0
    outer loop
      vertex -22.5929 -38.205 -6.56323
      vertex -22.1548 -38.3732 6.631
      vertex -22.5929 -38.205 6.56323
    endloop
  endfacet
  facet normal -0.357864 -0.933765 0.00411954
    outer loop
      vertex -22.1548 -38.3732 -6.631
      vertex -22.5929 -38.205 -6.56323
      vertex -22.3561 -38.296 -6.61918
    endloop
  endfacet
  facet normal -0.358422 -0.93356 0
    outer loop
      vertex -22.5929 -38.205 -6.56323
      vertex -22.1548 -38.3732 -6.631
      vertex -22.1548 -38.3732 6.631
    endloop
  endfacet
  facet normal 0.546833 -0.837233 -0.00382
    outer loop
      vertex -23.9085 -38.5576 5.79379
      vertex -23.5149 -38.3019 6.09568
      vertex -23.791 -38.4813 5.89119
    endloop
  endfacet
  facet normal 0.544779 -0.83858 0
    outer loop
      vertex -23.9085 -38.5576 -5.79379
      vertex -23.5149 -38.3019 6.09568
      vertex -23.9085 -38.5576 5.79379
    endloop
  endfacet
  facet normal 0.546833 -0.837233 0.00382
    outer loop
      vertex -23.5149 -38.3019 -6.09568
      vertex -23.9085 -38.5576 -5.79379
      vertex -23.791 -38.4813 -5.89119
    endloop
  endfacet
  facet normal 0.544779 -0.83858 0
    outer loop
      vertex -23.9085 -38.5576 -5.79379
      vertex -23.5149 -38.3019 -6.09568
      vertex -23.5149 -38.3019 6.09568
    endloop
  endfacet
  facet normal 0.777175 -0.629284 0
    outer loop
      vertex -24.2038 -38.9223 5.51402
      vertex -23.9085 -38.5576 -5.79379
      vertex -23.9085 -38.5576 5.79379
    endloop
  endfacet
  facet normal 0.777175 -0.629284 0
    outer loop
      vertex -23.9085 -38.5576 -5.79379
      vertex -24.2038 -38.9223 5.51402
      vertex -24.2038 -38.9223 -5.51402
    endloop
  endfacet
  facet normal -0.527966 -0.269027 0.805529
    outer loop
      vertex -25.5987 -41.6122 3.9978
      vertex -26.6788 -41.9631 3.17268
      vertex -26.2281 -42.8476 3.17268
    endloop
  endfacet
  facet normal 0.432296 -0.848386 0.30555
    outer loop
      vertex -21.3115 -44.217 2.03698
      vertex -22.2919 -45.1974 0.701897
      vertex -21.0565 -44.5679 0.701897
    endloop
  endfacet
  facet normal 0.987699 0.156366 0
    outer loop
      vertex 51.7543 0 0.701897
      vertex 51.5375 1.36944 -0.701897
      vertex 51.5375 1.36944 0.701897
    endloop
  endfacet
  facet normal 0.987699 0.156366 0
    outer loop
      vertex 51.5375 1.36944 -0.701897
      vertex 51.7543 0 0.701897
      vertex 51.7543 0 -0.701897
    endloop
  endfacet
  facet normal 0.527976 0.268986 0.805536
    outer loop
      vertex 49.8895 1.86485 3.17268
      vertex 48.9707 1.19731 3.9978
      vertex 49.26 0.629462 3.9978
    endloop
  endfacet
  facet normal 0.723906 0.368812 -0.583042
    outer loop
      vertex 50.3401 0.980411 -3.17268
      vertex 49.8895 1.86485 -3.17268
      vertex 51.1249 1.23539 -2.03698
    endloop
  endfacet
  facet normal 0.84837 -0.432292 -0.305602
    outer loop
      vertex 50.908 -2.60483 -0.701897
      vertex 50.557 -2.34985 -2.03698
      vertex 51.5375 -1.36944 -0.701897
    endloop
  endfacet
  facet normal 0.574516 0.57449 -0.583003
    outer loop
      vertex 49.8895 1.86485 -3.17268
      vertex 49.6726 3.23429 -2.03698
      vertex 50.557 2.34985 -2.03698
    endloop
  endfacet
  facet normal 0.574497 0.574497 -0.583015
    outer loop
      vertex 49.6726 3.23429 -2.03698
      vertex 49.8895 1.86485 -3.17268
      vertex 49.1876 2.56675 -3.17268
    endloop
  endfacet
  facet normal 0.58525 0.0927054 -0.805536
    outer loop
      vertex 50.4954 0 -3.17268
      vertex 49.26 0.629462 -3.9978
      vertex 50.3401 0.980411 -3.17268
    endloop
  endfacet
  facet normal 0.723903 0.368882 -0.583
    outer loop
      vertex 51.1249 1.23539 -2.03698
      vertex 49.8895 1.86485 -3.17268
      vertex 50.557 2.34985 -2.03698
    endloop
  endfacet
  facet normal -0.268985 -0.528021 -0.805507
    outer loop
      vertex -24.2908 -42.92 -3.9978
      vertex -25.5262 -43.5494 -3.17268
      vertex -24.8587 -42.6307 -3.9978
    endloop
  endfacet
  facet normal -0.564946 -0.162989 -0.80887
    outer loop
      vertex -23.791 -38.4813 -5.89119
      vertex -5.26081 -4.86613 -25.6069
      vertex -4.18071 -4.51518 -26.432
    endloop
  endfacet
  facet normal -0.564623 -0.163266 -0.809039
    outer loop
      vertex -23.9085 -38.5576 -5.79379
      vertex -5.26081 -4.86613 -25.6069
      vertex -23.791 -38.4813 -5.89119
    endloop
  endfacet
  facet normal -0.565161 -0.162803 -0.808757
    outer loop
      vertex -24.2038 -38.9223 -5.51402
      vertex -5.26081 -4.86613 -25.6069
      vertex -23.9085 -38.5576 -5.79379
    endloop
  endfacet
  facet normal -0.564977 -0.162934 -0.808859
    outer loop
      vertex -26.6788 -41.9631 -3.17268
      vertex -24.3793 -39.5002 -5.27497
      vertex -25.5987 -41.6122 -3.9978
    endloop
  endfacet
  facet normal -0.564775 -0.163198 -0.808947
    outer loop
      vertex -24.3793 -39.5002 -5.27497
      vertex -26.6788 -41.9631 -3.17268
      vertex -24.372 -39.3604 -5.30827
    endloop
  endfacet
  facet normal -0.56493 -0.163002 -0.808878
    outer loop
      vertex -24.2038 -38.9223 -5.51402
      vertex -26.6788 -41.9631 -3.17268
      vertex -5.26081 -4.86613 -25.6069
    endloop
  endfacet
  facet normal -0.564953 -0.162975 -0.808868
    outer loop
      vertex -24.372 -39.3604 -5.30827
      vertex -26.6788 -41.9631 -3.17268
      vertex -24.2038 -38.9223 -5.51402
    endloop
  endfacet
  facet normal 0.422076 -0.415192 -0.805896
    outer loop
      vertex 46.6913 -1.21352 -5.18325
      vertex 48.9707 -1.19731 -3.9978
      vertex 49.8895 -1.86485 -3.17268
    endloop
  endfacet
  facet normal 0.422133 -0.414911 -0.80601
    outer loop
      vertex 48.9707 -1.19731 -3.9978
      vertex 46.6913 -1.21352 -5.18325
      vertex 46.7075 -1.19731 -5.18311
    endloop
  endfacet
  facet normal 0.42204 -0.415283 -0.805868
    outer loop
      vertex 49.8895 -1.86485 -3.17268
      vertex 46.2731 -1.42658 -5.29247
      vertex 46.6913 -1.21352 -5.18325
    endloop
  endfacet
  facet normal 0.422085 -0.415144 -0.805916
    outer loop
      vertex 49.8895 -1.86485 -3.17268
      vertex 45.8096 -1.5 -5.4974
      vertex 46.2731 -1.42658 -5.29247
    endloop
  endfacet
  facet normal 0.422066 -0.415208 -0.805893
    outer loop
      vertex 7.05359 -1.86485 -25.6069
      vertex 45.8096 -1.5 -5.4974
      vertex 49.8895 -1.86485 -3.17268
    endloop
  endfacet
  facet normal 0.422037 -0.41535 -0.805835
    outer loop
      vertex 7.05359 -1.86485 -25.6069
      vertex 45.3461 -1.42658 -5.77799
      vertex 45.8096 -1.5 -5.4974
    endloop
  endfacet
  facet normal 0.42208 -0.415137 -0.805922
    outer loop
      vertex 7.05359 -1.86485 -25.6069
      vertex 44.9279 -1.21352 -6.10676
      vertex 45.3461 -1.42658 -5.77799
    endloop
  endfacet
  facet normal 0.421955 -0.415773 -0.805659
    outer loop
      vertex 7.05359 -1.86485 -25.6069
      vertex 44.9117 -1.19731 -6.12361
      vertex 44.9279 -1.21352 -6.10676
    endloop
  endfacet
  facet normal 0.422069 -0.415189 -0.8059
    outer loop
      vertex 44.9117 -1.19731 -6.12361
      vertex 7.05359 -1.86485 -25.6069
      vertex 6.1348 -1.19731 -26.432
    endloop
  endfacet
  facet normal -0.368834 0.723897 0.583039
    outer loop
      vertex -24.8968 44.7848 2.03698
      vertex -26.0112 44.217 2.03698
      vertex -25.5262 43.5494 3.17268
    endloop
  endfacet
  facet normal 0.368871 -0.723909 0.583001
    outer loop
      vertex -21.7965 -43.5494 3.17268
      vertex -22.681 -44.0001 3.17268
      vertex -22.426 -44.7848 2.03698
    endloop
  endfacet
  facet normal 0.30865 -0.0488819 -0.949919
    outer loop
      vertex 6.42413 -0.629462 -26.432
      vertex 5.15438 -0.216898 -26.8658
      vertex 6.52382 0 -26.432
    endloop
  endfacet
  facet normal 0.36165 0.626396 -0.690534
    outer loop
      vertex 6.35169 2.56675 -25.6069
      vertex -21.7965 43.5494 -3.17268
      vertex 49.1876 2.56675 -3.17268
    endloop
  endfacet
  facet normal -0.278436 -0.141873 -0.949919
    outer loop
      vertex -3.89137 -5.08303 -26.432
      vertex -4.18071 -4.51518 -26.432
      vertex -2.91096 -4.10262 -26.8658
    endloop
  endfacet
  facet normal 0.802436 0.127108 -0.583043
    outer loop
      vertex 50.4954 0 -3.17268
      vertex 50.3401 0.980411 -3.17268
      vertex 51.1249 1.23539 -2.03698
    endloop
  endfacet
  facet normal -0.574443 -0.574525 -0.58304
    outer loop
      vertex -26.0112 -44.217 -2.03698
      vertex -26.2281 -42.8476 -3.17268
      vertex -25.5262 -43.5494 -3.17268
    endloop
  endfacet
  facet normal -0.574456 -0.574521 -0.583032
    outer loop
      vertex -26.2281 -42.8476 -3.17268
      vertex -26.0112 -44.217 -2.03698
      vertex -26.8957 -43.3326 -2.03698
    endloop
  endfacet
  facet normal 0.278442 -0.141863 -0.949918
    outer loop
      vertex 6.1348 -1.19731 -26.432
      vertex 5.05469 -0.412564 -26.8658
      vertex 5.15438 -0.216898 -26.8658
    endloop
  endfacet
  facet normal 0.462699 -0.0733023 -0.88348
    outer loop
      vertex 44.383 -0.463525 -6.56579
      vertex 6.52382 0 -26.432
      vertex 44.3096 0 -6.64269
    endloop
  endfacet
  facet normal 0.462704 -0.073171 -0.883488
    outer loop
      vertex 6.42413 -0.629462 -26.432
      vertex 44.383 -0.463525 -6.56579
      vertex 44.4676 -0.629462 -6.50774
    endloop
  endfacet
  facet normal 0.4627 -0.0732794 -0.883481
    outer loop
      vertex 44.383 -0.463525 -6.56579
      vertex 6.42413 -0.629462 -26.432
      vertex 6.52382 0 -26.432
    endloop
  endfacet
  facet normal 0.462708 -0.0732879 -0.883476
    outer loop
      vertex 49.26 -0.629462 -3.9978
      vertex 47.3096 0 -5.07151
      vertex 49.3597 0 -3.9978
    endloop
  endfacet
  facet normal 0.462713 -0.0732714 -0.883475
    outer loop
      vertex 49.26 -0.629462 -3.9978
      vertex 47.2362 -0.463525 -5.07151
      vertex 47.3096 0 -5.07151
    endloop
  endfacet
  facet normal 0.462699 -0.0734063 -0.883471
    outer loop
      vertex 47.2362 -0.463525 -5.07151
      vertex 49.26 -0.629462 -3.9978
      vertex 47.1516 -0.629462 -5.10203
    endloop
  endfacet
  facet normal -0.723301 0 -0.690533
    outer loop
      vertex -5.4161 -3.88572 -25.6069
      vertex -26.834 40.9827 -3.17268
      vertex -5.4161 3.88572 -25.6069
    endloop
  endfacet
  facet normal -0.723301 -0 -0.690533
    outer loop
      vertex -26.834 40.9827 -3.17268
      vertex -5.4161 -3.88572 -25.6069
      vertex -26.834 -40.9827 -3.17268
    endloop
  endfacet
  facet normal 0.848367 -0.432306 -0.305589
    outer loop
      vertex 51.5375 -1.36944 -0.701897
      vertex 50.557 -2.34985 -2.03698
      vertex 51.1249 -1.23539 -2.03698
    endloop
  endfacet
  facet normal 0.36165 0.626396 0.690533
    outer loop
      vertex 6.35169 2.56675 25.6069
      vertex -21.7965 43.5494 3.17268
      vertex -0.378569 6.45247 25.6069
    endloop
  endfacet
  facet normal -0.723912 -0.368808 -0.583037
    outer loop
      vertex -26.8957 -43.3326 -2.03698
      vertex -27.4635 -42.2181 -2.03698
      vertex -26.2281 -42.8476 -3.17268
    endloop
  endfacet
  facet normal 0.420859 0.420859 -0.803589
    outer loop
      vertex 7.05359 1.86485 -25.6069
      vertex 49.1876 2.56675 -3.17268
      vertex 49.8895 1.86485 -3.17268
    endloop
  endfacet
  facet normal 0.420859 0.420859 -0.803589
    outer loop
      vertex 49.1876 2.56675 -3.17268
      vertex 7.05359 1.86485 -25.6069
      vertex 6.35169 2.56675 -25.6069
    endloop
  endfacet
  facet normal 0.475775 0.824067 -0.307493
    outer loop
      vertex 49.6726 3.23429 -2.03698
      vertex -21.0565 44.5679 -0.701897
      vertex 49.9276 3.58524 -0.701897
    endloop
  endfacet
  facet normal 0.47578 0.824074 -0.307465
    outer loop
      vertex -21.0565 44.5679 -0.701897
      vertex 49.6726 3.23429 -2.03698
      vertex -21.3115 44.217 -2.03698
    endloop
  endfacet
  facet normal -0.802432 0.127113 -0.583048
    outer loop
      vertex -26.834 40.9827 -3.17268
      vertex -27.6592 40.9827 -2.03698
      vertex -27.4635 42.2181 -2.03698
    endloop
  endfacet
  facet normal 0.451509 0.230029 -0.862105
    outer loop
      vertex 47.1516 0.629462 -5.10203
      vertex 48.9707 1.19731 -3.9978
      vertex 49.26 0.629462 -3.9978
    endloop
  endfacet
  facet normal 0.451507 0.230036 -0.862105
    outer loop
      vertex 47.0231 0.881678 -5.10203
      vertex 48.9707 1.19731 -3.9978
      vertex 47.1516 0.629462 -5.10203
    endloop
  endfacet
  facet normal 0.451514 0.230008 -0.862109
    outer loop
      vertex 48.9707 1.19731 -3.9978
      vertex 47.0231 0.881678 -5.10203
      vertex 46.7075 1.19731 -5.18311
    endloop
  endfacet
  facet normal 0.451504 0.230045 -0.862104
    outer loop
      vertex 6.42413 0.629462 -26.432
      vertex 44.5961 0.881678 -6.37314
      vertex 44.4676 0.629462 -6.50774
    endloop
  endfacet
  facet normal 0.451504 0.23005 -0.862103
    outer loop
      vertex 6.1348 1.19731 -26.432
      vertex 44.5961 0.881678 -6.37314
      vertex 6.42413 0.629462 -26.432
    endloop
  endfacet
  facet normal 0.451499 0.230094 -0.862094
    outer loop
      vertex 44.5961 0.881678 -6.37314
      vertex 6.1348 1.19731 -26.432
      vertex 44.9117 1.19731 -6.12361
    endloop
  endfacet
  facet normal 0.36165 -0.626396 0.690533
    outer loop
      vertex -0.378569 -6.45247 25.6069
      vertex -21.7965 -43.5494 3.17268
      vertex 6.35169 -2.56675 25.6069
    endloop
  endfacet
  facet normal -0.631842 -0.100022 -0.768616
    outer loop
      vertex -26.834 -40.9827 -3.17268
      vertex -5.26081 -4.86613 -25.6069
      vertex -26.6788 -41.9631 -3.17268
    endloop
  endfacet
  facet normal -0.631794 -0.100072 -0.76865
    outer loop
      vertex -5.26081 -4.86613 -25.6069
      vertex -26.834 -40.9827 -3.17268
      vertex -5.4161 -3.88572 -25.6069
    endloop
  endfacet
  facet normal -0.308651 -0.0488947 0.949918
    outer loop
      vertex -2.94532 -3.88572 26.8658
      vertex -4.2804 -3.88572 26.432
      vertex -2.91096 -4.10262 26.8658
    endloop
  endfacet
  facet normal -0.148957 -0.94044 0.305588
    outer loop
      vertex -24.8968 -44.7848 2.03698
      vertex -25.0308 -45.1974 0.701897
      vertex -23.6614 -45.4143 0.701897
    endloop
  endfacet
  facet normal 0.723906 -0.368812 -0.583042
    outer loop
      vertex 51.1249 -1.23539 -2.03698
      vertex 49.8895 -1.86485 -3.17268
      vertex 50.3401 -0.980411 -3.17268
    endloop
  endfacet
  facet normal 0.0488871 -0.30865 -0.949918
    outer loop
      vertex -1.61396 -5.823 -26.432
      vertex -2.24342 -5.9227 -26.432
      vertex -2.02652 -4.55326 -26.8658
    endloop
  endfacet
  facet normal 0.47578 -0.824074 -0.307465
    outer loop
      vertex 49.6726 -3.23429 -2.03698
      vertex -21.0565 -44.5679 -0.701897
      vertex -21.3115 -44.217 -2.03698
    endloop
  endfacet
  facet normal 0.475775 -0.824067 -0.307493
    outer loop
      vertex -21.0565 -44.5679 -0.701897
      vertex 49.6726 -3.23429 -2.03698
      vertex 49.9276 -3.58524 -0.701897
    endloop
  endfacet
  facet normal 0.14187 -0.278439 -0.949918
    outer loop
      vertex -1.61396 -5.823 -26.432
      vertex -2.02652 -4.55326 -26.8658
      vertex -1.04611 -5.53367 -26.432
    endloop
  endfacet
  facet normal 0.418988 0.418988 -0.805542
    outer loop
      vertex 6.1348 1.19731 -26.432
      vertex 6.35169 2.56675 -25.6069
      vertex 7.05359 1.86485 -25.6069
    endloop
  endfacet
  facet normal 0.418981 0.41899 -0.805545
    outer loop
      vertex 6.35169 2.56675 -25.6069
      vertex 6.1348 1.19731 -26.432
      vertex 5.68415 1.64795 -26.432
    endloop
  endfacet
  facet normal 0.127115 0.802468 0.582998
    outer loop
      vertex -22.426 44.7848 2.03698
      vertex -23.6614 44.1554 3.17268
      vertex -22.681 44.0001 3.17268
    endloop
  endfacet
  facet normal 0.527973 0.268989 0.805537
    outer loop
      vertex 49.8895 1.86485 3.17268
      vertex 49.26 0.629462 3.9978
      vertex 50.3401 0.980411 3.17268
    endloop
  endfacet
  facet normal 0.368808 0.723912 0.583037
    outer loop
      vertex -21.3115 44.217 2.03698
      vertex -22.426 44.7848 2.03698
      vertex -21.7965 43.5494 3.17268
    endloop
  endfacet
  facet normal 0.70711 -0.707103 0
    outer loop
      vertex 49.9276 -3.58524 -0.701897
      vertex 50.908 -2.60483 0.701897
      vertex 49.9276 -3.58524 0.701897
    endloop
  endfacet
  facet normal 0.70711 -0.707103 0
    outer loop
      vertex 50.908 -2.60483 0.701897
      vertex 49.9276 -3.58524 -0.701897
      vertex 50.908 -2.60483 -0.701897
    endloop
  endfacet
  facet normal 0.802432 -0.127115 0.583048
    outer loop
      vertex 51.3206 0 2.03698
      vertex 50.4954 0 3.17268
      vertex 51.1249 -1.23539 2.03698
    endloop
  endfacet
  facet normal -0.527911 0.269069 0.80555
    outer loop
      vertex -25.3093 42.18 3.9978
      vertex -26.2281 42.8476 3.17268
      vertex -25.5987 41.6122 3.9978
    endloop
  endfacet
  facet normal 0.314671 -0.617584 0.720813
    outer loop
      vertex -1.26301 -6.90311 25.6069
      vertex -21.7965 -43.5494 3.17268
      vertex -0.378569 -6.45247 25.6069
    endloop
  endfacet
  facet normal 0.314695 -0.617589 0.720799
    outer loop
      vertex -21.7965 -43.5494 3.17268
      vertex -1.26301 -6.90311 25.6069
      vertex -22.681 -44.0001 3.17268
    endloop
  endfacet
  facet normal -0.585242 -0.0926983 0.805542
    outer loop
      vertex -4.18071 -4.51518 26.432
      vertex -5.4161 -3.88572 25.6069
      vertex -5.26081 -4.86613 25.6069
    endloop
  endfacet
  facet normal -0.268985 -0.528021 0.805507
    outer loop
      vertex -24.8587 -42.6307 3.9978
      vertex -25.5262 -43.5494 3.17268
      vertex -24.2908 -42.92 3.9978
    endloop
  endfacet
  facet normal -0.848395 0.432301 0.30552
    outer loop
      vertex -27.2466 43.5875 0.701897
      vertex -27.8761 42.3521 0.701897
      vertex -26.8957 43.3326 2.03698
    endloop
  endfacet
  facet normal -0.723912 -0.368808 0.583037
    outer loop
      vertex -26.2281 -42.8476 3.17268
      vertex -27.4635 -42.2181 2.03698
      vertex -26.8957 -43.3326 2.03698
    endloop
  endfacet
  facet normal 0.142592 0.571171 -0.808351
    outer loop
      vertex -23.0319 42.92 -3.9978
      vertex -1.26301 6.90311 -25.6069
      vertex -1.61396 5.823 -26.432
    endloop
  endfacet
  facet normal 0.142619 0.57118 -0.808339
    outer loop
      vertex -1.26301 6.90311 -25.6069
      vertex -23.0319 42.92 -3.9978
      vertex -22.681 44.0001 -3.17268
    endloop
  endfacet
  facet normal 0.432296 0.848386 -0.30555
    outer loop
      vertex -21.3115 44.217 -2.03698
      vertex -22.2919 45.1974 -0.701897
      vertex -21.0565 44.5679 -0.701897
    endloop
  endfacet
  facet normal 0.368871 0.723909 0.583001
    outer loop
      vertex -22.426 44.7848 2.03698
      vertex -22.681 44.0001 3.17268
      vertex -21.7965 43.5494 3.17268
    endloop
  endfacet
  facet normal 0.422133 0.414911 -0.80601
    outer loop
      vertex 46.6913 1.21352 -5.18325
      vertex 48.9707 1.19731 -3.9978
      vertex 46.7075 1.19731 -5.18311
    endloop
  endfacet
  facet normal 0.422076 0.415192 -0.805896
    outer loop
      vertex 48.9707 1.19731 -3.9978
      vertex 46.6913 1.21352 -5.18325
      vertex 49.8895 1.86485 -3.17268
    endloop
  endfacet
  facet normal 0.42204 0.415283 -0.805868
    outer loop
      vertex 46.2731 1.42658 -5.29247
      vertex 49.8895 1.86485 -3.17268
      vertex 46.6913 1.21352 -5.18325
    endloop
  endfacet
  facet normal 0.422085 0.415144 -0.805916
    outer loop
      vertex 45.8096 1.5 -5.4974
      vertex 49.8895 1.86485 -3.17268
      vertex 46.2731 1.42658 -5.29247
    endloop
  endfacet
  facet normal 0.422066 0.415208 -0.805893
    outer loop
      vertex 45.8096 1.5 -5.4974
      vertex 7.05359 1.86485 -25.6069
      vertex 49.8895 1.86485 -3.17268
    endloop
  endfacet
  facet normal 0.422037 0.41535 -0.805835
    outer loop
      vertex 45.3461 1.42658 -5.77799
      vertex 7.05359 1.86485 -25.6069
      vertex 45.8096 1.5 -5.4974
    endloop
  endfacet
  facet normal 0.42208 0.415137 -0.805922
    outer loop
      vertex 44.9279 1.21352 -6.10676
      vertex 7.05359 1.86485 -25.6069
      vertex 45.3461 1.42658 -5.77799
    endloop
  endfacet
  facet normal 0.421955 0.415773 -0.805659
    outer loop
      vertex 44.9117 1.19731 -6.12361
      vertex 7.05359 1.86485 -25.6069
      vertex 44.9279 1.21352 -6.10676
    endloop
  endfacet
  facet normal 0.422069 0.415189 -0.8059
    outer loop
      vertex 7.05359 1.86485 -25.6069
      vertex 44.9117 1.19731 -6.12361
      vertex 6.1348 1.19731 -26.432
    endloop
  endfacet
  facet normal 0.940451 0.148885 -0.30559
    outer loop
      vertex 51.7543 0 -0.701897
      vertex 51.1249 1.23539 -2.03698
      vertex 51.5375 1.36944 -0.701897
    endloop
  endfacet
  facet normal 0.527973 0.268989 -0.805537
    outer loop
      vertex 50.3401 0.980411 -3.17268
      vertex 49.26 0.629462 -3.9978
      vertex 49.8895 1.86485 -3.17268
    endloop
  endfacet
  facet normal 0.940451 -0.148885 -0.30559
    outer loop
      vertex 51.5375 -1.36944 -0.701897
      vertex 51.1249 -1.23539 -2.03698
      vertex 51.7543 0 -0.701897
    endloop
  endfacet
  facet normal 0.673283 0.673277 -0.305595
    outer loop
      vertex 50.557 2.34985 -2.03698
      vertex 49.9276 3.58524 -0.701897
      vertex 50.908 2.60483 -0.701897
    endloop
  endfacet
  facet normal 0.673299 0.673268 -0.30558
    outer loop
      vertex 49.9276 3.58524 -0.701897
      vertex 50.557 2.34985 -2.03698
      vertex 49.6726 3.23429 -2.03698
    endloop
  endfacet
  facet normal -0.94044 0.148957 0.305588
    outer loop
      vertex -27.8761 42.3521 0.701897
      vertex -28.093 40.9827 0.701897
      vertex -27.4635 42.2181 2.03698
    endloop
  endfacet
  facet normal -0.723909 -0.368871 0.583001
    outer loop
      vertex -26.6788 -41.9631 3.17268
      vertex -27.4635 -42.2181 2.03698
      vertex -26.2281 -42.8476 3.17268
    endloop
  endfacet
  facet normal -0.30865 0.048882 -0.949919
    outer loop
      vertex -2.91096 4.10262 -26.8658
      vertex -4.2804 3.88572 -26.432
      vertex -4.18071 4.51518 -26.432
    endloop
  endfacet
  facet normal -0.368834 -0.723897 0.583039
    outer loop
      vertex -25.5262 -43.5494 3.17268
      vertex -26.0112 -44.217 2.03698
      vertex -24.8968 -44.7848 2.03698
    endloop
  endfacet
  facet normal 0.0926914 -0.585248 -0.805539
    outer loop
      vertex -23.0319 -42.92 -3.9978
      vertex -23.6614 -44.1554 -3.17268
      vertex -23.6614 -43.0197 -3.9978
    endloop
  endfacet
  facet normal 0.220967 -0.220971 -0.949919
    outer loop
      vertex 5.68415 -1.64795 -26.432
      vertex 5.05469 -0.412564 -26.8658
      vertex 6.1348 -1.19731 -26.432
    endloop
  endfacet
  facet normal 0.220972 -0.220969 -0.949918
    outer loop
      vertex 5.05469 -0.412564 -26.8658
      vertex 5.68415 -1.64795 -26.432
      vertex 4.89941 -0.567846 -26.8658
    endloop
  endfacet
  facet normal 0.278437 -0.141869 -0.949919
    outer loop
      vertex 6.1348 -1.19731 -26.432
      vertex 5.15438 -0.216898 -26.8658
      vertex 6.42413 -0.629462 -26.432
    endloop
  endfacet
  facet normal 0.141877 -0.278432 -0.949919
    outer loop
      vertex -1.04611 -5.53367 -26.432
      vertex -2.02652 -4.55326 -26.8658
      vertex -1.83086 -4.45356 -26.8658
    endloop
  endfacet
  facet normal 0.15528 -0.268952 -0.950554
    outer loop
      vertex -1.04611 -5.53367 -26.432
      vertex 4.89941 -0.567846 -26.8658
      vertex 5.68415 -1.64795 -26.432
    endloop
  endfacet
  facet normal 0.155278 -0.26895 -0.950555
    outer loop
      vertex 4.89941 -0.567846 -26.8658
      vertex -1.04611 -5.53367 -26.432
      vertex -1.83086 -4.45356 -26.8658
    endloop
  endfacet
  facet normal 0.269002 -0.527954 -0.805544
    outer loop
      vertex -0.378569 -6.45247 -25.6069
      vertex -1.61396 -5.823 -26.432
      vertex -1.04611 -5.53367 -26.432
    endloop
  endfacet
  facet normal 0.0926914 0.585248 -0.805539
    outer loop
      vertex -23.0319 42.92 -3.9978
      vertex -23.6614 43.0197 -3.9978
      vertex -23.6614 44.1554 -3.17268
    endloop
  endfacet
  facet normal -0.723912 0.368808 0.583037
    outer loop
      vertex -26.8957 43.3326 2.03698
      vertex -27.4635 42.2181 2.03698
      vertex -26.2281 42.8476 3.17268
    endloop
  endfacet
  facet normal 0.454009 0.890997 -0
    outer loop
      vertex -21.0565 44.5679 -0.701897
      vertex -22.2919 45.1974 0.701897
      vertex -21.0565 44.5679 0.701897
    endloop
  endfacet
  facet normal 0.454009 0.890997 0
    outer loop
      vertex -22.2919 45.1974 0.701897
      vertex -21.0565 44.5679 -0.701897
      vertex -22.2919 45.1974 -0.701897
    endloop
  endfacet
  facet normal -0.148957 0.94044 0.305588
    outer loop
      vertex -23.6614 45.4143 0.701897
      vertex -25.0308 45.1974 0.701897
      vertex -24.8968 44.7848 2.03698
    endloop
  endfacet
  facet normal 0.673283 0.673277 0.305595
    outer loop
      vertex 49.9276 3.58524 0.701897
      vertex 50.557 2.34985 2.03698
      vertex 50.908 2.60483 0.701897
    endloop
  endfacet
  facet normal 0.673299 0.673268 0.30558
    outer loop
      vertex 50.557 2.34985 2.03698
      vertex 49.9276 3.58524 0.701897
      vertex 49.6726 3.23429 2.03698
    endloop
  endfacet
  facet normal 0.220967 -0.220971 0.949919
    outer loop
      vertex 5.05469 -0.412564 26.8658
      vertex 5.68415 -1.64795 26.432
      vertex 6.1348 -1.19731 26.432
    endloop
  endfacet
  facet normal 0.220972 -0.220969 0.949918
    outer loop
      vertex 5.68415 -1.64795 26.432
      vertex 5.05469 -0.412564 26.8658
      vertex 4.89941 -0.567846 26.8658
    endloop
  endfacet
  facet normal 0.30865 0.0488819 0.949919
    outer loop
      vertex 6.42413 0.629462 26.432
      vertex 5.15438 0.216898 26.8658
      vertex 6.52382 0 26.432
    endloop
  endfacet
  facet normal 0.451509 0.230029 0.862105
    outer loop
      vertex 48.9707 1.19731 3.9978
      vertex 47.1516 0.629462 5.10203
      vertex 49.26 0.629462 3.9978
    endloop
  endfacet
  facet normal 0.451507 0.230036 0.862105
    outer loop
      vertex 48.9707 1.19731 3.9978
      vertex 47.0231 0.881678 5.10203
      vertex 47.1516 0.629462 5.10203
    endloop
  endfacet
  facet normal 0.451514 0.230008 0.862109
    outer loop
      vertex 47.0231 0.881678 5.10203
      vertex 48.9707 1.19731 3.9978
      vertex 46.7075 1.19731 5.18311
    endloop
  endfacet
  facet normal 0.451504 0.230045 0.862104
    outer loop
      vertex 44.5961 0.881678 6.37314
      vertex 6.42413 0.629462 26.432
      vertex 44.4676 0.629462 6.50774
    endloop
  endfacet
  facet normal 0.451499 0.230094 0.862094
    outer loop
      vertex 6.1348 1.19731 26.432
      vertex 44.5961 0.881678 6.37314
      vertex 44.9117 1.19731 6.12361
    endloop
  endfacet
  facet normal 0.451504 0.23005 0.862103
    outer loop
      vertex 44.5961 0.881678 6.37314
      vertex 6.1348 1.19731 26.432
      vertex 6.42413 0.629462 26.432
    endloop
  endfacet
  facet normal 0.269002 -0.527954 0.805544
    outer loop
      vertex -1.04611 -5.53367 26.432
      vertex -1.61396 -5.823 26.432
      vertex -0.378569 -6.45247 25.6069
    endloop
  endfacet
  facet normal -0.278436 -0.141873 0.949919
    outer loop
      vertex -2.91096 -4.10262 26.8658
      vertex -4.18071 -4.51518 26.432
      vertex -3.89137 -5.08303 26.432
    endloop
  endfacet
  facet normal 0.141877 0.278432 0.949919
    outer loop
      vertex -1.04611 5.53367 26.432
      vertex -2.02652 4.55326 26.8658
      vertex -1.83086 4.45356 26.8658
    endloop
  endfacet
  facet normal -0.278441 -0.141867 0.949918
    outer loop
      vertex -2.91096 -4.10262 26.8658
      vertex -3.89137 -5.08303 26.432
      vertex -2.81127 -4.29828 26.8658
    endloop
  endfacet
  facet normal -0.564946 -0.162989 0.80887
    outer loop
      vertex -5.26081 -4.86613 25.6069
      vertex -23.791 -38.4813 5.89119
      vertex -4.18071 -4.51518 26.432
    endloop
  endfacet
  facet normal -0.564623 -0.163266 0.809039
    outer loop
      vertex -5.26081 -4.86613 25.6069
      vertex -23.9085 -38.5576 5.79379
      vertex -23.791 -38.4813 5.89119
    endloop
  endfacet
  facet normal -0.565161 -0.162803 0.808757
    outer loop
      vertex -5.26081 -4.86613 25.6069
      vertex -24.2038 -38.9223 5.51402
      vertex -23.9085 -38.5576 5.79379
    endloop
  endfacet
  facet normal -0.564775 -0.163198 0.808947
    outer loop
      vertex -26.6788 -41.9631 3.17268
      vertex -24.3793 -39.5002 5.27497
      vertex -24.372 -39.3604 5.30827
    endloop
  endfacet
  facet normal -0.564953 -0.162975 0.808868
    outer loop
      vertex -26.6788 -41.9631 3.17268
      vertex -24.372 -39.3604 5.30827
      vertex -24.2038 -38.9223 5.51402
    endloop
  endfacet
  facet normal -0.564977 -0.162934 0.808859
    outer loop
      vertex -24.3793 -39.5002 5.27497
      vertex -26.6788 -41.9631 3.17268
      vertex -25.5987 -41.6122 3.9978
    endloop
  endfacet
  facet normal -0.56493 -0.163002 0.808878
    outer loop
      vertex -26.6788 -41.9631 3.17268
      vertex -24.2038 -38.9223 5.51402
      vertex -5.26081 -4.86613 25.6069
    endloop
  endfacet
  facet normal -0.585242 0.0926983 0.805542
    outer loop
      vertex -5.26081 4.86613 25.6069
      vertex -5.4161 3.88572 25.6069
      vertex -4.18071 4.51518 26.432
    endloop
  endfacet
  facet normal 0.405276 0.701958 -0.585668
    outer loop
      vertex 49.1876 2.56675 -3.17268
      vertex -21.3115 44.217 -2.03698
      vertex 49.6726 3.23429 -2.03698
    endloop
  endfacet
  facet normal 0.405266 0.701943 -0.585693
    outer loop
      vertex -21.3115 44.217 -2.03698
      vertex 49.1876 2.56675 -3.17268
      vertex -21.7965 43.5494 -3.17268
    endloop
  endfacet
  facet normal 0 0 -1
    outer loop
      vertex 5.15438 -0.216898 -26.8658
      vertex 5.15438 0.216898 -26.8658
      vertex 5.18874 0 -26.8658
    endloop
  endfacet
  facet normal 0 0 -1
    outer loop
      vertex 5.05469 -0.412564 -26.8658
      vertex 5.15438 0.216898 -26.8658
      vertex 5.15438 -0.216898 -26.8658
    endloop
  endfacet
  facet normal 0 0 -1
    outer loop
      vertex 5.05469 -0.412564 -26.8658
      vertex 5.05469 0.412564 -26.8658
      vertex 5.15438 0.216898 -26.8658
    endloop
  endfacet
  facet normal 0 0 -1
    outer loop
      vertex 4.89941 -0.567846 -26.8658
      vertex 5.05469 0.412564 -26.8658
      vertex 5.05469 -0.412564 -26.8658
    endloop
  endfacet
  facet normal 0 0 -1
    outer loop
      vertex 4.89941 -0.567846 -26.8658
      vertex 4.89941 0.567846 -26.8658
      vertex 5.05469 0.412564 -26.8658
    endloop
  endfacet
  facet normal 0 0 -1
    outer loop
      vertex 4.89941 -0.567846 -26.8658
      vertex 2.5 0 -26.8658
      vertex 4.89941 0.567846 -26.8658
    endloop
  endfacet
  facet normal -0 0 -1
    outer loop
      vertex 4.89941 -0.567846 -26.8658
      vertex 2.37764 -0.772542 -26.8658
      vertex 2.5 0 -26.8658
    endloop
  endfacet
  facet normal 0 0 -1
    outer loop
      vertex 4.89941 -0.567846 -26.8658
      vertex 2.02254 -1.46946 -26.8658
      vertex 2.37764 -0.772542 -26.8658
    endloop
  endfacet
  facet normal 0 0 -1
    outer loop
      vertex 4.89941 -0.567846 -26.8658
      vertex 1.46946 -2.02254 -26.8658
      vertex 2.02254 -1.46946 -26.8658
    endloop
  endfacet
  facet normal 0 0 -1
    outer loop
      vertex -1.83086 -4.45356 -26.8658
      vertex 1.46946 -2.02254 -26.8658
      vertex 4.89941 -0.567846 -26.8658
    endloop
  endfacet
  facet normal 0 0 -1
    outer loop
      vertex 1.46946 -2.02254 -26.8658
      vertex -1.83086 -4.45356 -26.8658
      vertex 0.772542 -2.37764 -26.8658
    endloop
  endfacet
  facet normal 0 0 -1
    outer loop
      vertex -1.83086 -4.45356 -26.8658
      vertex 0 -2.5 -26.8658
      vertex 0.772542 -2.37764 -26.8658
    endloop
  endfacet
  facet normal 0 0 -1
    outer loop
      vertex -1.83086 -4.45356 -26.8658
      vertex -0.772542 -2.37764 -26.8658
      vertex 0 -2.5 -26.8658
    endloop
  endfacet
  facet normal 0 0 -1
    outer loop
      vertex -1.83086 -4.45356 -26.8658
      vertex -1.46946 -2.02254 -26.8658
      vertex -0.772542 -2.37764 -26.8658
    endloop
  endfacet
  facet normal 0 0 -1
    outer loop
      vertex -2.94532 -3.88572 -26.8658
      vertex -1.46946 -2.02254 -26.8658
      vertex -1.83086 -4.45356 -26.8658
    endloop
  endfacet
  facet normal 0 0 -1
    outer loop
      vertex -2.94532 -3.88572 -26.8658
      vertex -1.83086 -4.45356 -26.8658
      vertex -2.02652 -4.55326 -26.8658
    endloop
  endfacet
  facet normal 0 0 -1
    outer loop
      vertex -2.94532 -3.88572 -26.8658
      vertex -2.02652 -4.55326 -26.8658
      vertex -2.24342 -4.58762 -26.8658
    endloop
  endfacet
  facet normal -0 0 -1
    outer loop
      vertex -1.46946 -2.02254 -26.8658
      vertex -2.94532 -3.88572 -26.8658
      vertex -2.02254 -1.46946 -26.8658
    endloop
  endfacet
  facet normal 0 0 -1
    outer loop
      vertex -2.94532 -3.88572 -26.8658
      vertex -2.24342 -4.58762 -26.8658
      vertex -2.46032 -4.55326 -26.8658
    endloop
  endfacet
  facet normal -0 0 -1
    outer loop
      vertex -2.02254 -1.46946 -26.8658
      vertex -2.94532 -3.88572 -26.8658
      vertex -2.37764 -0.772542 -26.8658
    endloop
  endfacet
  facet normal 0 0 -1
    outer loop
      vertex -2.94532 -3.88572 -26.8658
      vertex -2.46032 -4.55326 -26.8658
      vertex -2.65598 -4.45356 -26.8658
    endloop
  endfacet
  facet normal 0 0 -1
    outer loop
      vertex 2.37764 0.772542 -26.8658
      vertex 4.89941 0.567846 -26.8658
      vertex 2.5 0 -26.8658
    endloop
  endfacet
  facet normal 0 0 -1
    outer loop
      vertex 2.02254 1.46946 -26.8658
      vertex 4.89941 0.567846 -26.8658
      vertex 2.37764 0.772542 -26.8658
    endloop
  endfacet
  facet normal 0 0 -1
    outer loop
      vertex 1.46946 2.02254 -26.8658
      vertex 4.89941 0.567846 -26.8658
      vertex 2.02254 1.46946 -26.8658
    endloop
  endfacet
  facet normal 0 0 -1
    outer loop
      vertex -1.83086 4.45356 -26.8658
      vertex 1.46946 2.02254 -26.8658
      vertex 0.772542 2.37764 -26.8658
    endloop
  endfacet
  facet normal 0 0 -1
    outer loop
      vertex 1.46946 2.02254 -26.8658
      vertex -1.83086 4.45356 -26.8658
      vertex 4.89941 0.567846 -26.8658
    endloop
  endfacet
  facet normal 0 0 -1
    outer loop
      vertex 0 2.5 -26.8658
      vertex -1.83086 4.45356 -26.8658
      vertex 0.772542 2.37764 -26.8658
    endloop
  endfacet
  facet normal 0 0 -1
    outer loop
      vertex -0.772542 2.37764 -26.8658
      vertex -1.83086 4.45356 -26.8658
      vertex 0 2.5 -26.8658
    endloop
  endfacet
  facet normal 0 0 -1
    outer loop
      vertex -1.46946 2.02254 -26.8658
      vertex -1.83086 4.45356 -26.8658
      vertex -0.772542 2.37764 -26.8658
    endloop
  endfacet
  facet normal 0 0 -1
    outer loop
      vertex -2.94532 3.88572 -26.8658
      vertex -1.46946 2.02254 -26.8658
      vertex -2.02254 1.46946 -26.8658
    endloop
  endfacet
  facet normal 0 0 -1
    outer loop
      vertex -1.46946 2.02254 -26.8658
      vertex -2.94532 3.88572 -26.8658
      vertex -1.83086 4.45356 -26.8658
    endloop
  endfacet
  facet normal -0 0 -1
    outer loop
      vertex -1.83086 4.45356 -26.8658
      vertex -2.94532 3.88572 -26.8658
      vertex -2.02652 4.55326 -26.8658
    endloop
  endfacet
  facet normal 0 0 -1
    outer loop
      vertex -2.94532 3.88572 -26.8658
      vertex -2.02254 1.46946 -26.8658
      vertex -2.37764 0.772542 -26.8658
    endloop
  endfacet
  facet normal -0 0 -1
    outer loop
      vertex -2.02652 4.55326 -26.8658
      vertex -2.94532 3.88572 -26.8658
      vertex -2.24342 4.58762 -26.8658
    endloop
  endfacet
  facet normal 0 0 -1
    outer loop
      vertex -2.94532 3.88572 -26.8658
      vertex -2.37764 0.772542 -26.8658
      vertex -2.5 0 -26.8658
    endloop
  endfacet
  facet normal -0 0 -1
    outer loop
      vertex -2.37764 -0.772542 -26.8658
      vertex -2.94532 -3.88572 -26.8658
      vertex -2.5 0 -26.8658
    endloop
  endfacet
  facet normal 0 0 -1
    outer loop
      vertex -2.94532 3.88572 -26.8658
      vertex -2.5 0 -26.8658
      vertex -2.94532 -3.88572 -26.8658
    endloop
  endfacet
  facet normal 0 0 -1
    outer loop
      vertex -2.94532 -3.88572 -26.8658
      vertex -2.65598 -4.45356 -26.8658
      vertex -2.81127 -4.29828 -26.8658
    endloop
  endfacet
  facet normal 0 0 -1
    outer loop
      vertex -2.24342 4.58762 -26.8658
      vertex -2.94532 3.88572 -26.8658
      vertex -2.46032 4.55326 -26.8658
    endloop
  endfacet
  facet normal 0 0 -1
    outer loop
      vertex -2.94532 -3.88572 -26.8658
      vertex -2.81127 -4.29828 -26.8658
      vertex -2.91096 -4.10262 -26.8658
    endloop
  endfacet
  facet normal 0 0 -1
    outer loop
      vertex -2.46032 4.55326 -26.8658
      vertex -2.94532 3.88572 -26.8658
      vertex -2.65598 4.45356 -26.8658
    endloop
  endfacet
  facet normal 0 0 -1
    outer loop
      vertex -2.65598 4.45356 -26.8658
      vertex -2.94532 3.88572 -26.8658
      vertex -2.81127 4.29828 -26.8658
    endloop
  endfacet
  facet normal 0 0 -1
    outer loop
      vertex -2.81127 4.29828 -26.8658
      vertex -2.94532 3.88572 -26.8658
      vertex -2.91096 4.10262 -26.8658
    endloop
  endfacet
  facet normal -0.278441 0.141867 -0.949918
    outer loop
      vertex -2.91096 4.10262 -26.8658
      vertex -3.89137 5.08303 -26.432
      vertex -2.81127 4.29828 -26.8658
    endloop
  endfacet
  facet normal -0.0927059 0.585247 0.805538
    outer loop
      vertex -23.6614 44.1554 3.17268
      vertex -24.6418 44.0001 3.17268
      vertex -24.2908 42.92 3.9978
    endloop
  endfacet
  facet normal -0.127115 0.802468 0.582998
    outer loop
      vertex -23.6614 44.1554 3.17268
      vertex -24.8968 44.7848 2.03698
      vertex -24.6418 44.0001 3.17268
    endloop
  endfacet
  facet normal 0.36165 0.626396 0.690534
    outer loop
      vertex 49.1876 2.56675 3.17268
      vertex -21.7965 43.5494 3.17268
      vertex 6.35169 2.56675 25.6069
    endloop
  endfacet
  facet normal 0.5 0.866026 -0
    outer loop
      vertex 49.9276 3.58524 -0.701897
      vertex -21.0565 44.5679 0.701897
      vertex 49.9276 3.58524 0.701897
    endloop
  endfacet
  facet normal 0.5 0.866026 0
    outer loop
      vertex -21.0565 44.5679 0.701897
      vertex 49.9276 3.58524 -0.701897
      vertex -21.0565 44.5679 -0.701897
    endloop
  endfacet
  facet normal 0.454009 -0.890997 0
    outer loop
      vertex -22.2919 -45.1974 -0.701897
      vertex -21.0565 -44.5679 0.701897
      vertex -22.2919 -45.1974 0.701897
    endloop
  endfacet
  facet normal 0.454009 -0.890997 0
    outer loop
      vertex -21.0565 -44.5679 0.701897
      vertex -22.2919 -45.1974 -0.701897
      vertex -21.0565 -44.5679 -0.701897
    endloop
  endfacet
  facet normal 0.142619 -0.57118 -0.808339
    outer loop
      vertex -23.0319 -42.92 -3.9978
      vertex -1.26301 -6.90311 -25.6069
      vertex -22.681 -44.0001 -3.17268
    endloop
  endfacet
  facet normal 0.142592 -0.571171 -0.808351
    outer loop
      vertex -1.26301 -6.90311 -25.6069
      vertex -23.0319 -42.92 -3.9978
      vertex -1.61396 -5.823 -26.432
    endloop
  endfacet
  facet normal 0.802436 -0.127108 -0.583043
    outer loop
      vertex 51.1249 -1.23539 -2.03698
      vertex 50.3401 -0.980411 -3.17268
      vertex 50.4954 0 -3.17268
    endloop
  endfacet
  facet normal 0.84837 0.432292 0.305602
    outer loop
      vertex 50.908 2.60483 0.701897
      vertex 50.557 2.34985 2.03698
      vertex 51.5375 1.36944 0.701897
    endloop
  endfacet
  facet normal 0.527973 -0.268989 0.805537
    outer loop
      vertex 50.3401 -0.980411 3.17268
      vertex 49.26 -0.629462 3.9978
      vertex 49.8895 -1.86485 3.17268
    endloop
  endfacet
  facet normal 0.802432 -0.127115 -0.583048
    outer loop
      vertex 51.1249 -1.23539 -2.03698
      vertex 50.4954 0 -3.17268
      vertex 51.3206 0 -2.03698
    endloop
  endfacet
  facet normal 0.802432 0.127115 -0.583048
    outer loop
      vertex 51.3206 0 -2.03698
      vertex 50.4954 0 -3.17268
      vertex 51.1249 1.23539 -2.03698
    endloop
  endfacet
  facet normal -0.951055 0 0.30902
    outer loop
      vertex -28.093 -40.9827 0.701897
      vertex -27.6592 40.9827 2.03698
      vertex -28.093 40.9827 0.701897
    endloop
  endfacet
  facet normal -0.951055 0 0.30902
    outer loop
      vertex -27.6592 40.9827 2.03698
      vertex -28.093 -40.9827 0.701897
      vertex -27.6592 -40.9827 2.03698
    endloop
  endfacet
  facet normal -0.631794 -0.100072 0.76865
    outer loop
      vertex -26.834 -40.9827 3.17268
      vertex -5.26081 -4.86613 25.6069
      vertex -5.4161 -3.88572 25.6069
    endloop
  endfacet
  facet normal -0.631842 -0.100022 0.768616
    outer loop
      vertex -5.26081 -4.86613 25.6069
      vertex -26.834 -40.9827 3.17268
      vertex -26.6788 -41.9631 3.17268
    endloop
  endfacet
  facet normal -0.802485 -0.127036 0.582992
    outer loop
      vertex -26.834 -40.9827 3.17268
      vertex -27.4635 -42.2181 2.03698
      vertex -26.6788 -41.9631 3.17268
    endloop
  endfacet
  facet normal -1 0 0
    outer loop
      vertex -28.093 -40.9827 -0.701897
      vertex -28.093 40.9827 0.701897
      vertex -28.093 40.9827 -0.701897
    endloop
  endfacet
  facet normal -1 -0 0
    outer loop
      vertex -28.093 40.9827 0.701897
      vertex -28.093 -40.9827 -0.701897
      vertex -28.093 -40.9827 0.701897
    endloop
  endfacet
  facet normal -0.308651 -0.0488947 -0.949918
    outer loop
      vertex -2.91096 -4.10262 -26.8658
      vertex -4.2804 -3.88572 -26.432
      vertex -2.94532 -3.88572 -26.8658
    endloop
  endfacet
  facet normal -0.419068 -0.418975 -0.805507
    outer loop
      vertex -25.5262 -43.5494 -3.17268
      vertex -25.3093 -42.18 -3.9978
      vertex -24.8587 -42.6307 -3.9978
    endloop
  endfacet
  facet normal -0.418956 -0.419015 -0.805545
    outer loop
      vertex -25.3093 -42.18 -3.9978
      vertex -25.5262 -43.5494 -3.17268
      vertex -26.2281 -42.8476 -3.17268
    endloop
  endfacet
  facet normal 0.269003 -0.527954 -0.805545
    outer loop
      vertex -1.26301 -6.90311 -25.6069
      vertex -1.61396 -5.823 -26.432
      vertex -0.378569 -6.45247 -25.6069
    endloop
  endfacet
  facet normal 0.36165 -0.626396 -0.690533
    outer loop
      vertex 6.35169 -2.56675 -25.6069
      vertex -21.7965 -43.5494 -3.17268
      vertex -0.378569 -6.45247 -25.6069
    endloop
  endfacet
  facet normal 0.36165 -0.626396 -0.690534
    outer loop
      vertex 49.1876 -2.56675 -3.17268
      vertex -21.7965 -43.5494 -3.17268
      vertex 6.35169 -2.56675 -25.6069
    endloop
  endfacet
  facet normal 0.5 -0.866026 0
    outer loop
      vertex -21.0565 -44.5679 -0.701897
      vertex 49.9276 -3.58524 0.701897
      vertex -21.0565 -44.5679 0.701897
    endloop
  endfacet
  facet normal 0.5 -0.866026 0
    outer loop
      vertex 49.9276 -3.58524 0.701897
      vertex -21.0565 -44.5679 -0.701897
      vertex 49.9276 -3.58524 -0.701897
    endloop
  endfacet
  facet normal 0.0927068 -0.585253 0.805534
    outer loop
      vertex -23.0319 -42.92 3.9978
      vertex -23.6614 -44.1554 3.17268
      vertex -22.681 -44.0001 3.17268
    endloop
  endfacet
  facet normal 0.127115 -0.802468 0.582998
    outer loop
      vertex -22.681 -44.0001 3.17268
      vertex -23.6614 -44.1554 3.17268
      vertex -22.426 -44.7848 2.03698
    endloop
  endfacet
  facet normal 0.15528 0.268952 -0.950554
    outer loop
      vertex 4.89941 0.567846 -26.8658
      vertex -1.04611 5.53367 -26.432
      vertex 5.68415 1.64795 -26.432
    endloop
  endfacet
  facet normal 0.155278 0.26895 -0.950555
    outer loop
      vertex -1.04611 5.53367 -26.432
      vertex 4.89941 0.567846 -26.8658
      vertex -1.83086 4.45356 -26.8658
    endloop
  endfacet
  facet normal 0.58525 -0.0927054 -0.805536
    outer loop
      vertex 50.3401 -0.980411 -3.17268
      vertex 49.26 -0.629462 -3.9978
      vertex 50.4954 0 -3.17268
    endloop
  endfacet
  facet normal 0.294942 -0.510854 -0.807488
    outer loop
      vertex -0.378569 -6.45247 -25.6069
      vertex 5.68415 -1.64795 -26.432
      vertex 6.35169 -2.56675 -25.6069
    endloop
  endfacet
  facet normal 0.294942 -0.510854 -0.807488
    outer loop
      vertex 5.68415 -1.64795 -26.432
      vertex -0.378569 -6.45247 -25.6069
      vertex -1.04611 -5.53367 -26.432
    endloop
  endfacet
  facet normal 0.0927068 -0.585253 -0.805534
    outer loop
      vertex -22.681 -44.0001 -3.17268
      vertex -23.6614 -44.1554 -3.17268
      vertex -23.0319 -42.92 -3.9978
    endloop
  endfacet
  facet normal -0.148976 -0.940442 -0.305572
    outer loop
      vertex -23.6614 -45.4143 -0.701897
      vertex -24.8968 -44.7848 -2.03698
      vertex -23.6614 -44.9805 -2.03698
    endloop
  endfacet
  facet normal 0.30865 0.0488819 -0.949919
    outer loop
      vertex 6.52382 0 -26.432
      vertex 5.15438 0.216898 -26.8658
      vertex 6.42413 0.629462 -26.432
    endloop
  endfacet
  facet normal -0.210881 -0.41382 -0.885597
    outer loop
      vertex -24.2908 -42.92 -3.9978
      vertex -23.6548 -40.9713 -5.05983
      vertex -23.2545 -41.125 -5.08333
    endloop
  endfacet
  facet normal -0.21082 -0.413842 -0.885601
    outer loop
      vertex -24.8587 -42.6307 -3.9978
      vertex -23.6548 -40.9713 -5.05983
      vertex -24.2908 -42.92 -3.9978
    endloop
  endfacet
  facet normal -0.210952 -0.413753 -0.885612
    outer loop
      vertex -23.6548 -40.9713 -5.05983
      vertex -24.8587 -42.6307 -3.9978
      vertex -23.8223 -40.8356 -5.08333
    endloop
  endfacet
  facet normal -0.210904 -0.413797 -0.885602
    outer loop
      vertex -22.1548 -38.3732 -6.631
      vertex -2.87288 -5.823 -26.432
      vertex -21.8216 -38.6431 -6.58424
    endloop
  endfacet
  facet normal -0.210852 -0.413827 -0.885601
    outer loop
      vertex -2.87288 -5.823 -26.432
      vertex -22.1548 -38.3732 -6.631
      vertex -3.44073 -5.53367 -26.432
    endloop
  endfacet
  facet normal -0.210732 -0.413894 -0.885598
    outer loop
      vertex -3.44073 -5.53367 -26.432
      vertex -22.1548 -38.3732 -6.631
      vertex -22.3561 -38.296 -6.61918
    endloop
  endfacet
  facet normal 0.278437 0.141869 -0.949919
    outer loop
      vertex 6.42413 0.629462 -26.432
      vertex 5.15438 0.216898 -26.8658
      vertex 6.1348 1.19731 -26.432
    endloop
  endfacet
  facet normal -0.0488871 -0.30865 -0.949918
    outer loop
      vertex -2.24342 -5.9227 -26.432
      vertex -2.87288 -5.823 -26.432
      vertex -2.46032 -4.55326 -26.8658
    endloop
  endfacet
  facet normal -0.67325 0.673326 -0.305561
    outer loop
      vertex -26.8957 43.3326 -2.03698
      vertex -26.2662 44.5679 -0.701897
      vertex -26.0112 44.217 -2.03698
    endloop
  endfacet
  facet normal -0.673299 0.673299 -0.305512
    outer loop
      vertex -26.2662 44.5679 -0.701897
      vertex -26.8957 43.3326 -2.03698
      vertex -27.2466 43.5875 -0.701897
    endloop
  endfacet
  facet normal -0.848407 0.432235 0.305578
    outer loop
      vertex -26.8957 43.3326 2.03698
      vertex -27.8761 42.3521 0.701897
      vertex -27.4635 42.2181 2.03698
    endloop
  endfacet
  facet normal -0.15644 0.987687 0
    outer loop
      vertex -23.6614 45.4143 -0.701897
      vertex -25.0308 45.1974 0.701897
      vertex -23.6614 45.4143 0.701897
    endloop
  endfacet
  facet normal -0.15644 0.987687 0
    outer loop
      vertex -25.0308 45.1974 0.701897
      vertex -23.6614 45.4143 -0.701897
      vertex -25.0308 45.1974 -0.701897
    endloop
  endfacet
  facet normal -0.951055 0 -0.30902
    outer loop
      vertex -27.6592 -40.9827 -2.03698
      vertex -28.093 40.9827 -0.701897
      vertex -27.6592 40.9827 -2.03698
    endloop
  endfacet
  facet normal -0.951055 -0 -0.30902
    outer loop
      vertex -28.093 40.9827 -0.701897
      vertex -27.6592 -40.9827 -2.03698
      vertex -28.093 -40.9827 -0.701897
    endloop
  endfacet
  facet normal -0.67325 0.673326 0.305561
    outer loop
      vertex -26.2662 44.5679 0.701897
      vertex -26.8957 43.3326 2.03698
      vertex -26.0112 44.217 2.03698
    endloop
  endfacet
  facet normal -0.673299 0.673299 0.305512
    outer loop
      vertex -26.8957 43.3326 2.03698
      vertex -26.2662 44.5679 0.701897
      vertex -27.2466 43.5875 0.701897
    endloop
  endfacet
  facet normal -0.848395 0.432301 -0.30552
    outer loop
      vertex -26.8957 43.3326 -2.03698
      vertex -27.8761 42.3521 -0.701897
      vertex -27.2466 43.5875 -0.701897
    endloop
  endfacet
  facet normal 0.475775 0.824067 0.307493
    outer loop
      vertex -21.0565 44.5679 0.701897
      vertex 49.6726 3.23429 2.03698
      vertex 49.9276 3.58524 0.701897
    endloop
  endfacet
  facet normal 0.47578 0.824074 0.307465
    outer loop
      vertex 49.6726 3.23429 2.03698
      vertex -21.0565 44.5679 0.701897
      vertex -21.3115 44.217 2.03698
    endloop
  endfacet
  facet normal 0.422076 0.415192 0.805896
    outer loop
      vertex 46.6913 1.21352 5.18325
      vertex 48.9707 1.19731 3.9978
      vertex 49.8895 1.86485 3.17268
    endloop
  endfacet
  facet normal 0.422133 0.414911 0.80601
    outer loop
      vertex 48.9707 1.19731 3.9978
      vertex 46.6913 1.21352 5.18325
      vertex 46.7075 1.19731 5.18311
    endloop
  endfacet
  facet normal 0.42204 0.415283 0.805868
    outer loop
      vertex 49.8895 1.86485 3.17268
      vertex 46.2731 1.42658 5.29247
      vertex 46.6913 1.21352 5.18325
    endloop
  endfacet
  facet normal 0.422085 0.415144 0.805916
    outer loop
      vertex 49.8895 1.86485 3.17268
      vertex 45.8096 1.5 5.4974
      vertex 46.2731 1.42658 5.29247
    endloop
  endfacet
  facet normal 0.422066 0.415208 0.805893
    outer loop
      vertex 7.05359 1.86485 25.6069
      vertex 45.8096 1.5 5.4974
      vertex 49.8895 1.86485 3.17268
    endloop
  endfacet
  facet normal 0.422037 0.41535 0.805835
    outer loop
      vertex 7.05359 1.86485 25.6069
      vertex 45.3461 1.42658 5.77799
      vertex 45.8096 1.5 5.4974
    endloop
  endfacet
  facet normal 0.42208 0.415137 0.805922
    outer loop
      vertex 7.05359 1.86485 25.6069
      vertex 44.9279 1.21352 6.10676
      vertex 45.3461 1.42658 5.77799
    endloop
  endfacet
  facet normal 0.421955 0.415773 0.805659
    outer loop
      vertex 7.05359 1.86485 25.6069
      vertex 44.9117 1.19731 6.12361
      vertex 44.9279 1.21352 6.10676
    endloop
  endfacet
  facet normal 0.422069 0.415189 0.8059
    outer loop
      vertex 44.9117 1.19731 6.12361
      vertex 7.05359 1.86485 25.6069
      vertex 6.1348 1.19731 26.432
    endloop
  endfacet
  facet normal 0.987699 -0.156366 0
    outer loop
      vertex 51.5375 -1.36944 0.701897
      vertex 51.7543 0 -0.701897
      vertex 51.7543 0 0.701897
    endloop
  endfacet
  facet normal 0.987699 -0.156366 0
    outer loop
      vertex 51.7543 0 -0.701897
      vertex 51.5375 -1.36944 0.701897
      vertex 51.5375 -1.36944 -0.701897
    endloop
  endfacet
  facet normal 0.848367 0.432306 -0.305589
    outer loop
      vertex 51.1249 1.23539 -2.03698
      vertex 50.557 2.34985 -2.03698
      vertex 51.5375 1.36944 -0.701897
    endloop
  endfacet
  facet normal 0.84837 -0.432292 0.305602
    outer loop
      vertex 51.5375 -1.36944 0.701897
      vertex 50.557 -2.34985 2.03698
      vertex 50.908 -2.60483 0.701897
    endloop
  endfacet
  facet normal -0.278441 0.141867 0.949918
    outer loop
      vertex -2.81127 4.29828 26.8658
      vertex -3.89137 5.08303 26.432
      vertex -2.91096 4.10262 26.8658
    endloop
  endfacet
  facet normal 0.278437 0.141869 0.949919
    outer loop
      vertex 6.1348 1.19731 26.432
      vertex 5.15438 0.216898 26.8658
      vertex 6.42413 0.629462 26.432
    endloop
  endfacet
  facet normal 0.420859 -0.420859 0.803589
    outer loop
      vertex 7.05359 -1.86485 25.6069
      vertex 49.1876 -2.56675 3.17268
      vertex 49.8895 -1.86485 3.17268
    endloop
  endfacet
  facet normal 0.420859 -0.420859 0.803589
    outer loop
      vertex 49.1876 -2.56675 3.17268
      vertex 7.05359 -1.86485 25.6069
      vertex 6.35169 -2.56675 25.6069
    endloop
  endfacet
  facet normal -0.0765389 -0.483232 0.87214
    outer loop
      vertex -21.7901 -38.6686 6.57288
      vertex -2.24342 -5.9227 26.432
      vertex -2.87288 -5.823 26.432
    endloop
  endfacet
  facet normal -0.0765387 -0.483232 0.87214
    outer loop
      vertex -2.24342 -5.9227 26.432
      vertex -21.5345 -39.0622 6.37723
      vertex -21.4844 -39.2491 6.27807
    endloop
  endfacet
  facet normal -0.0765439 -0.483229 0.872141
    outer loop
      vertex -2.24342 -5.9227 26.432
      vertex -21.7901 -38.6686 6.57288
      vertex -21.5345 -39.0622 6.37723
    endloop
  endfacet
  facet normal -0.0766251 -0.483191 0.872155
    outer loop
      vertex -21.7901 -38.6686 6.57288
      vertex -2.87288 -5.823 26.432
      vertex -21.8216 -38.6431 6.58424
    endloop
  endfacet
  facet normal -0.0764174 -0.483291 0.872118
    outer loop
      vertex -22.748 -41.1641 5.10613
      vertex -23.6614 -43.0197 3.9978
      vertex -22.5611 -41.114 5.15027
    endloop
  endfacet
  facet normal -0.0765707 -0.483228 0.872139
    outer loop
      vertex -23.2167 -41.1395 5.07861
      vertex -23.6614 -43.0197 3.9978
      vertex -22.748 -41.1641 5.10613
    endloop
  endfacet
  facet normal -0.076472 -0.48325 0.872136
    outer loop
      vertex -23.2545 -41.125 5.08333
      vertex -23.6614 -43.0197 3.9978
      vertex -23.2167 -41.1395 5.07861
    endloop
  endfacet
  facet normal -0.0765467 -0.483235 0.872138
    outer loop
      vertex -23.6614 -43.0197 3.9978
      vertex -23.2545 -41.125 5.08333
      vertex -24.2908 -42.92 3.9978
    endloop
  endfacet
  facet normal 0.15528 -0.268952 0.950554
    outer loop
      vertex 4.89941 -0.567846 26.8658
      vertex -1.04611 -5.53367 26.432
      vertex 5.68415 -1.64795 26.432
    endloop
  endfacet
  facet normal 0.155278 -0.26895 0.950555
    outer loop
      vertex -1.04611 -5.53367 26.432
      vertex 4.89941 -0.567846 26.8658
      vertex -1.83086 -4.45356 26.8658
    endloop
  endfacet
  facet normal 0.142592 -0.571171 0.808351
    outer loop
      vertex -23.0319 -42.92 3.9978
      vertex -1.26301 -6.90311 25.6069
      vertex -1.61396 -5.823 26.432
    endloop
  endfacet
  facet normal 0.142619 -0.57118 0.808339
    outer loop
      vertex -1.26301 -6.90311 25.6069
      vertex -23.0319 -42.92 3.9978
      vertex -22.681 -44.0001 3.17268
    endloop
  endfacet
  facet normal -0.564946 0.162989 0.80887
    outer loop
      vertex -23.791 38.4813 5.89119
      vertex -5.26081 4.86613 25.6069
      vertex -4.18071 4.51518 26.432
    endloop
  endfacet
  facet normal -0.564623 0.163266 0.809039
    outer loop
      vertex -23.9085 38.5576 5.79379
      vertex -5.26081 4.86613 25.6069
      vertex -23.791 38.4813 5.89119
    endloop
  endfacet
  facet normal -0.565161 0.162803 0.808757
    outer loop
      vertex -24.2038 38.9223 5.51402
      vertex -5.26081 4.86613 25.6069
      vertex -23.9085 38.5576 5.79379
    endloop
  endfacet
  facet normal -0.564977 0.162934 0.808859
    outer loop
      vertex -26.6788 41.9631 3.17268
      vertex -24.3793 39.5002 5.27497
      vertex -25.5987 41.6122 3.9978
    endloop
  endfacet
  facet normal -0.564775 0.163198 0.808947
    outer loop
      vertex -24.3793 39.5002 5.27497
      vertex -26.6788 41.9631 3.17268
      vertex -24.372 39.3604 5.30827
    endloop
  endfacet
  facet normal -0.56493 0.163002 0.808878
    outer loop
      vertex -24.2038 38.9223 5.51402
      vertex -26.6788 41.9631 3.17268
      vertex -5.26081 4.86613 25.6069
    endloop
  endfacet
  facet normal -0.564953 0.162975 0.808868
    outer loop
      vertex -24.372 39.3604 5.30827
      vertex -26.6788 41.9631 3.17268
      vertex -24.2038 38.9223 5.51402
    endloop
  endfacet
  facet normal -0.337187 0.336941 0.879077
    outer loop
      vertex -22.5929 38.205 6.56323
      vertex -3.44073 5.53367 26.432
      vertex -22.3561 38.296 6.61918
    endloop
  endfacet
  facet normal -0.337039 0.337039 0.879096
    outer loop
      vertex -3.44073 5.53367 26.432
      vertex -22.5929 38.205 6.56323
      vertex -3.89137 5.08303 26.432
    endloop
  endfacet
  facet normal -0.336997 0.337067 0.879101
    outer loop
      vertex -3.89137 5.08303 26.432
      vertex -22.5929 38.205 6.56323
      vertex -23.002 38.1836 6.41461
    endloop
  endfacet
  facet normal -0.337073 0.336998 0.879098
    outer loop
      vertex -25.3093 42.18 3.9978
      vertex -23.8223 40.8356 5.08333
      vertex -24.8587 42.6307 3.9978
    endloop
  endfacet
  facet normal -0.336953 0.337128 0.879095
    outer loop
      vertex -23.8223 40.8356 5.08333
      vertex -25.3093 42.18 3.9978
      vertex -24.0195 40.676 5.06895
    endloop
  endfacet
  facet normal -0.337079 0.337016 0.879089
    outer loop
      vertex -24.0195 40.676 5.06895
      vertex -25.3093 42.18 3.9978
      vertex -24.2426 40.3324 5.11513
    endloop
  endfacet
  facet normal -0.723301 0 0.690533
    outer loop
      vertex -26.834 40.9827 3.17268
      vertex -5.4161 -3.88572 25.6069
      vertex -5.4161 3.88572 25.6069
    endloop
  endfacet
  facet normal -0.723301 0 0.690533
    outer loop
      vertex -5.4161 -3.88572 25.6069
      vertex -26.834 40.9827 3.17268
      vertex -26.834 -40.9827 3.17268
    endloop
  endfacet
  facet normal 0.462708 -0.0732879 0.883476
    outer loop
      vertex 47.3096 0 5.07151
      vertex 49.26 -0.629462 3.9978
      vertex 49.3597 0 3.9978
    endloop
  endfacet
  facet normal 0.462713 -0.0732714 0.883475
    outer loop
      vertex 47.2362 -0.463525 5.07151
      vertex 49.26 -0.629462 3.9978
      vertex 47.3096 0 5.07151
    endloop
  endfacet
  facet normal 0.462699 -0.0734063 0.883471
    outer loop
      vertex 49.26 -0.629462 3.9978
      vertex 47.2362 -0.463525 5.07151
      vertex 47.1516 -0.629462 5.10203
    endloop
  endfacet
  facet normal 0.462699 -0.0733023 0.88348
    outer loop
      vertex 6.52382 0 26.432
      vertex 44.383 -0.463525 6.56579
      vertex 44.3096 0 6.64269
    endloop
  endfacet
  facet normal 0.4627 -0.0732794 0.883481
    outer loop
      vertex 6.42413 -0.629462 26.432
      vertex 44.383 -0.463525 6.56579
      vertex 6.52382 0 26.432
    endloop
  endfacet
  facet normal 0.462704 -0.073171 0.883488
    outer loop
      vertex 44.383 -0.463525 6.56579
      vertex 6.42413 -0.629462 26.432
      vertex 44.4676 -0.629462 6.50774
    endloop
  endfacet
  facet normal 0.308651 -0.0488952 0.949918
    outer loop
      vertex 5.18874 0 26.8658
      vertex 5.15438 -0.216898 26.8658
      vertex 6.52382 0 26.432
    endloop
  endfacet
  facet normal 0.314671 0.617584 0.720813
    outer loop
      vertex -21.7965 43.5494 3.17268
      vertex -1.26301 6.90311 25.6069
      vertex -0.378569 6.45247 25.6069
    endloop
  endfacet
  facet normal 0.314695 0.617589 0.720799
    outer loop
      vertex -1.26301 6.90311 25.6069
      vertex -21.7965 43.5494 3.17268
      vertex -22.681 44.0001 3.17268
    endloop
  endfacet
  facet normal 0.0874394 0.551975 0.829263
    outer loop
      vertex -21.4844 39.2491 6.27807
      vertex -1.61396 5.823 26.432
      vertex -21.413 39.5155 6.09322
    endloop
  endfacet
  facet normal 0.0875793 0.552027 0.829214
    outer loop
      vertex -1.61396 5.823 26.432
      vertex -21.4376 39.9841 5.78386
      vertex -21.413 39.5155 6.09322
    endloop
  endfacet
  facet normal 0.087065 0.551838 0.829394
    outer loop
      vertex -1.61396 5.823 26.432
      vertex -21.6058 40.4223 5.50996
      vertex -21.4376 39.9841 5.78386
    endloop
  endfacet
  facet normal 0.0878761 0.552135 0.829111
    outer loop
      vertex -23.0319 42.92 3.9978
      vertex -21.6058 40.4223 5.50996
      vertex -1.61396 5.823 26.432
    endloop
  endfacet
  facet normal 0.0874051 0.551965 0.829274
    outer loop
      vertex -23.0319 42.92 3.9978
      vertex -21.9011 40.787 5.29834
      vertex -21.6058 40.4223 5.50996
    endloop
  endfacet
  facet normal 0.087412 0.551967 0.829272
    outer loop
      vertex -23.0319 42.92 3.9978
      vertex -22.2947 41.0426 5.1697
      vertex -21.9011 40.787 5.29834
    endloop
  endfacet
  facet normal 0.0874576 0.551978 0.82926
    outer loop
      vertex -23.0319 42.92 3.9978
      vertex -22.5611 41.114 5.15027
      vertex -22.2947 41.0426 5.1697
    endloop
  endfacet
  facet normal 0.0874213 0.551973 0.829267
    outer loop
      vertex -22.5611 41.114 5.15027
      vertex -23.0319 42.92 3.9978
      vertex -23.6614 43.0197 3.9978
    endloop
  endfacet
  facet normal 0.0874264 0.55197 0.829268
    outer loop
      vertex -1.61396 5.823 26.432
      vertex -21.4844 39.2491 6.27807
      vertex -2.24342 5.9227 26.432
    endloop
  endfacet
  facet normal 0.368871 0.723909 -0.583001
    outer loop
      vertex -21.7965 43.5494 -3.17268
      vertex -22.681 44.0001 -3.17268
      vertex -22.426 44.7848 -2.03698
    endloop
  endfacet
  facet normal 0.36165 0.626396 -0.690533
    outer loop
      vertex -0.378569 6.45247 -25.6069
      vertex -21.7965 43.5494 -3.17268
      vertex 6.35169 2.56675 -25.6069
    endloop
  endfacet
  facet normal -0.092706 0.585247 -0.805538
    outer loop
      vertex -23.6614 43.0197 -3.9978
      vertex -24.2908 42.92 -3.9978
      vertex -23.6614 44.1554 -3.17268
    endloop
  endfacet
  facet normal -0.940442 0.148976 -0.305572
    outer loop
      vertex -27.6592 40.9827 -2.03698
      vertex -28.093 40.9827 -0.701897
      vertex -27.4635 42.2181 -2.03698
    endloop
  endfacet
  facet normal 0.14187 0.278439 -0.949918
    outer loop
      vertex -1.04611 5.53367 -26.432
      vertex -2.02652 4.55326 -26.8658
      vertex -1.61396 5.823 -26.432
    endloop
  endfacet
  facet normal -0.723912 0.368808 -0.583037
    outer loop
      vertex -26.2281 42.8476 -3.17268
      vertex -27.4635 42.2181 -2.03698
      vertex -26.8957 43.3326 -2.03698
    endloop
  endfacet
  facet normal 0.890996 0.454012 0
    outer loop
      vertex 51.5375 1.36944 0.701897
      vertex 50.908 2.60483 -0.701897
      vertex 50.908 2.60483 0.701897
    endloop
  endfacet
  facet normal 0.890996 0.454012 0
    outer loop
      vertex 50.908 2.60483 -0.701897
      vertex 51.5375 1.36944 0.701897
      vertex 51.5375 1.36944 -0.701897
    endloop
  endfacet
  facet normal 0.422133 -0.414911 0.80601
    outer loop
      vertex 46.6913 -1.21352 5.18325
      vertex 48.9707 -1.19731 3.9978
      vertex 46.7075 -1.19731 5.18311
    endloop
  endfacet
  facet normal 0.422076 -0.415192 0.805896
    outer loop
      vertex 48.9707 -1.19731 3.9978
      vertex 46.6913 -1.21352 5.18325
      vertex 49.8895 -1.86485 3.17268
    endloop
  endfacet
  facet normal 0.42204 -0.415283 0.805868
    outer loop
      vertex 46.2731 -1.42658 5.29247
      vertex 49.8895 -1.86485 3.17268
      vertex 46.6913 -1.21352 5.18325
    endloop
  endfacet
  facet normal 0.422085 -0.415144 0.805916
    outer loop
      vertex 45.8096 -1.5 5.4974
      vertex 49.8895 -1.86485 3.17268
      vertex 46.2731 -1.42658 5.29247
    endloop
  endfacet
  facet normal 0.422066 -0.415208 0.805893
    outer loop
      vertex 45.8096 -1.5 5.4974
      vertex 7.05359 -1.86485 25.6069
      vertex 49.8895 -1.86485 3.17268
    endloop
  endfacet
  facet normal 0.422037 -0.41535 0.805835
    outer loop
      vertex 45.3461 -1.42658 5.77799
      vertex 7.05359 -1.86485 25.6069
      vertex 45.8096 -1.5 5.4974
    endloop
  endfacet
  facet normal 0.42208 -0.415137 0.805922
    outer loop
      vertex 44.9279 -1.21352 6.10676
      vertex 7.05359 -1.86485 25.6069
      vertex 45.3461 -1.42658 5.77799
    endloop
  endfacet
  facet normal 0.421955 -0.415773 0.805659
    outer loop
      vertex 44.9117 -1.19731 6.12361
      vertex 7.05359 -1.86485 25.6069
      vertex 44.9279 -1.21352 6.10676
    endloop
  endfacet
  facet normal 0.422069 -0.415189 0.8059
    outer loop
      vertex 7.05359 -1.86485 25.6069
      vertex 44.9117 -1.19731 6.12361
      vertex 6.1348 -1.19731 26.432
    endloop
  endfacet
  facet normal 0.673299 -0.673268 -0.30558
    outer loop
      vertex 50.557 -2.34985 -2.03698
      vertex 49.9276 -3.58524 -0.701897
      vertex 49.6726 -3.23429 -2.03698
    endloop
  endfacet
  facet normal 0.673283 -0.673277 -0.305595
    outer loop
      vertex 49.9276 -3.58524 -0.701897
      vertex 50.557 -2.34985 -2.03698
      vertex 50.908 -2.60483 -0.701897
    endloop
  endfacet
  facet normal 0.527976 -0.268986 -0.805536
    outer loop
      vertex 49.8895 -1.86485 -3.17268
      vertex 48.9707 -1.19731 -3.9978
      vertex 49.26 -0.629462 -3.9978
    endloop
  endfacet
  facet normal 0.940463 -0.14898 0.305508
    outer loop
      vertex 51.3206 0 2.03698
      vertex 51.1249 -1.23539 2.03698
      vertex 51.7543 0 0.701897
    endloop
  endfacet
  facet normal 0.890996 -0.454012 0
    outer loop
      vertex 50.908 -2.60483 0.701897
      vertex 51.5375 -1.36944 -0.701897
      vertex 51.5375 -1.36944 0.701897
    endloop
  endfacet
  facet normal 0.890996 -0.454012 0
    outer loop
      vertex 51.5375 -1.36944 -0.701897
      vertex 50.908 -2.60483 0.701897
      vertex 50.908 -2.60483 -0.701897
    endloop
  endfacet
  facet normal 0.314671 -0.617584 -0.720813
    outer loop
      vertex -21.7965 -43.5494 -3.17268
      vertex -1.26301 -6.90311 -25.6069
      vertex -0.378569 -6.45247 -25.6069
    endloop
  endfacet
  facet normal 0.314695 -0.617589 -0.720799
    outer loop
      vertex -1.26301 -6.90311 -25.6069
      vertex -21.7965 -43.5494 -3.17268
      vertex -22.681 -44.0001 -3.17268
    endloop
  endfacet
  facet normal 0.432231 -0.848399 0.305608
    outer loop
      vertex -21.3115 -44.217 2.03698
      vertex -22.426 -44.7848 2.03698
      vertex -22.2919 -45.1974 0.701897
    endloop
  endfacet
  facet normal 0.127119 -0.802465 0.583001
    outer loop
      vertex -23.6614 -44.1554 3.17268
      vertex -23.6614 -44.9805 2.03698
      vertex -22.426 -44.7848 2.03698
    endloop
  endfacet
  facet normal -0.432296 -0.848386 0.30555
    outer loop
      vertex -26.0112 -44.217 2.03698
      vertex -26.2662 -44.5679 0.701897
      vertex -25.0308 -45.1974 0.701897
    endloop
  endfacet
  facet normal 0.308651 -0.0488952 -0.949918
    outer loop
      vertex 6.52382 0 -26.432
      vertex 5.15438 -0.216898 -26.8658
      vertex 5.18874 0 -26.8658
    endloop
  endfacet
  facet normal 0.368808 -0.723912 -0.583037
    outer loop
      vertex -21.3115 -44.217 -2.03698
      vertex -22.426 -44.7848 -2.03698
      vertex -21.7965 -43.5494 -3.17268
    endloop
  endfacet
  facet normal 0.405266 -0.701943 -0.585693
    outer loop
      vertex 49.1876 -2.56675 -3.17268
      vertex -21.3115 -44.217 -2.03698
      vertex -21.7965 -43.5494 -3.17268
    endloop
  endfacet
  facet normal 0.405276 -0.701958 -0.585668
    outer loop
      vertex -21.3115 -44.217 -2.03698
      vertex 49.1876 -2.56675 -3.17268
      vertex 49.6726 -3.23429 -2.03698
    endloop
  endfacet
  facet normal -0.148957 -0.94044 -0.305588
    outer loop
      vertex -23.6614 -45.4143 -0.701897
      vertex -25.0308 -45.1974 -0.701897
      vertex -24.8968 -44.7848 -2.03698
    endloop
  endfacet
  facet normal 0.0874394 -0.551975 -0.829263
    outer loop
      vertex -21.4844 -39.2491 -6.27807
      vertex -1.61396 -5.823 -26.432
      vertex -21.413 -39.5155 -6.09322
    endloop
  endfacet
  facet normal 0.0875793 -0.552027 -0.829214
    outer loop
      vertex -1.61396 -5.823 -26.432
      vertex -21.4376 -39.9841 -5.78386
      vertex -21.413 -39.5155 -6.09322
    endloop
  endfacet
  facet normal 0.087065 -0.551838 -0.829394
    outer loop
      vertex -1.61396 -5.823 -26.432
      vertex -21.6058 -40.4223 -5.50996
      vertex -21.4376 -39.9841 -5.78386
    endloop
  endfacet
  facet normal 0.0878761 -0.552135 -0.829111
    outer loop
      vertex -23.0319 -42.92 -3.9978
      vertex -21.6058 -40.4223 -5.50996
      vertex -1.61396 -5.823 -26.432
    endloop
  endfacet
  facet normal 0.0874051 -0.551965 -0.829274
    outer loop
      vertex -23.0319 -42.92 -3.9978
      vertex -21.9011 -40.787 -5.29834
      vertex -21.6058 -40.4223 -5.50996
    endloop
  endfacet
  facet normal 0.087412 -0.551967 -0.829272
    outer loop
      vertex -23.0319 -42.92 -3.9978
      vertex -22.2947 -41.0426 -5.1697
      vertex -21.9011 -40.787 -5.29834
    endloop
  endfacet
  facet normal 0.0874576 -0.551978 -0.82926
    outer loop
      vertex -23.0319 -42.92 -3.9978
      vertex -22.5611 -41.114 -5.15027
      vertex -22.2947 -41.0426 -5.1697
    endloop
  endfacet
  facet normal 0.0874213 -0.551973 -0.829267
    outer loop
      vertex -22.5611 -41.114 -5.15027
      vertex -23.0319 -42.92 -3.9978
      vertex -23.6614 -43.0197 -3.9978
    endloop
  endfacet
  facet normal 0.0874264 -0.55197 -0.829268
    outer loop
      vertex -1.61396 -5.823 -26.432
      vertex -21.4844 -39.2491 -6.27807
      vertex -2.24342 -5.9227 -26.432
    endloop
  endfacet
  facet normal -0.673299 -0.673299 -0.305512
    outer loop
      vertex -26.8957 -43.3326 -2.03698
      vertex -26.2662 -44.5679 -0.701897
      vertex -27.2466 -43.5875 -0.701897
    endloop
  endfacet
  facet normal -0.67325 -0.673326 -0.305561
    outer loop
      vertex -26.2662 -44.5679 -0.701897
      vertex -26.8957 -43.3326 -2.03698
      vertex -26.0112 -44.217 -2.03698
    endloop
  endfacet
  facet normal -0.148976 -0.940442 0.305572
    outer loop
      vertex -23.6614 -44.9805 2.03698
      vertex -24.8968 -44.7848 2.03698
      vertex -23.6614 -45.4143 0.701897
    endloop
  endfacet
  facet normal -0.127115 -0.802468 0.582998
    outer loop
      vertex -24.6418 -44.0001 3.17268
      vertex -24.8968 -44.7848 2.03698
      vertex -23.6614 -44.1554 3.17268
    endloop
  endfacet
  facet normal 0.368808 -0.723912 0.583037
    outer loop
      vertex -21.7965 -43.5494 3.17268
      vertex -22.426 -44.7848 2.03698
      vertex -21.3115 -44.217 2.03698
    endloop
  endfacet
  facet normal 0.723903 -0.368882 -0.583
    outer loop
      vertex 50.557 -2.34985 -2.03698
      vertex 49.8895 -1.86485 -3.17268
      vertex 51.1249 -1.23539 -2.03698
    endloop
  endfacet
  facet normal 0.527973 -0.268989 -0.805537
    outer loop
      vertex 49.8895 -1.86485 -3.17268
      vertex 49.26 -0.629462 -3.9978
      vertex 50.3401 -0.980411 -3.17268
    endloop
  endfacet
  facet normal 0.585248 -0.0926969 -0.805539
    outer loop
      vertex 50.4954 0 -3.17268
      vertex 49.26 -0.629462 -3.9978
      vertex 49.3597 0 -3.9978
    endloop
  endfacet
  facet normal 0.462708 0.0732879 -0.883476
    outer loop
      vertex 47.3096 0 -5.07151
      vertex 49.26 0.629462 -3.9978
      vertex 49.3597 0 -3.9978
    endloop
  endfacet
  facet normal 0.462713 0.0732714 -0.883475
    outer loop
      vertex 47.2362 0.463525 -5.07151
      vertex 49.26 0.629462 -3.9978
      vertex 47.3096 0 -5.07151
    endloop
  endfacet
  facet normal 0.462699 0.0734063 -0.883471
    outer loop
      vertex 49.26 0.629462 -3.9978
      vertex 47.2362 0.463525 -5.07151
      vertex 47.1516 0.629462 -5.10203
    endloop
  endfacet
  facet normal 0.462699 0.0733023 -0.88348
    outer loop
      vertex 6.52382 0 -26.432
      vertex 44.383 0.463525 -6.56579
      vertex 44.3096 0 -6.64269
    endloop
  endfacet
  facet normal 0.4627 0.0732794 -0.883481
    outer loop
      vertex 6.42413 0.629462 -26.432
      vertex 44.383 0.463525 -6.56579
      vertex 6.52382 0 -26.432
    endloop
  endfacet
  facet normal 0.462704 0.073171 -0.883488
    outer loop
      vertex 44.383 0.463525 -6.56579
      vertex 6.42413 0.629462 -26.432
      vertex 44.4676 0.629462 -6.50774
    endloop
  endfacet
  facet normal 0.527976 0.268986 -0.805536
    outer loop
      vertex 49.26 0.629462 -3.9978
      vertex 48.9707 1.19731 -3.9978
      vertex 49.8895 1.86485 -3.17268
    endloop
  endfacet
  facet normal 0.451504 -0.230045 -0.862104
    outer loop
      vertex 44.5961 -0.881678 -6.37314
      vertex 6.42413 -0.629462 -26.432
      vertex 44.4676 -0.629462 -6.50774
    endloop
  endfacet
  facet normal 0.451499 -0.230094 -0.862094
    outer loop
      vertex 6.1348 -1.19731 -26.432
      vertex 44.5961 -0.881678 -6.37314
      vertex 44.9117 -1.19731 -6.12361
    endloop
  endfacet
  facet normal 0.451504 -0.23005 -0.862103
    outer loop
      vertex 44.5961 -0.881678 -6.37314
      vertex 6.1348 -1.19731 -26.432
      vertex 6.42413 -0.629462 -26.432
    endloop
  endfacet
  facet normal 0.451509 -0.230029 -0.862105
    outer loop
      vertex 48.9707 -1.19731 -3.9978
      vertex 47.1516 -0.629462 -5.10203
      vertex 49.26 -0.629462 -3.9978
    endloop
  endfacet
  facet normal 0.451507 -0.230036 -0.862105
    outer loop
      vertex 48.9707 -1.19731 -3.9978
      vertex 47.0231 -0.881678 -5.10203
      vertex 47.1516 -0.629462 -5.10203
    endloop
  endfacet
  facet normal 0.451514 -0.230008 -0.862109
    outer loop
      vertex 47.0231 -0.881678 -5.10203
      vertex 48.9707 -1.19731 -3.9978
      vertex 46.7075 -1.19731 -5.18311
    endloop
  endfacet
  facet normal 0.0927068 0.585253 -0.805534
    outer loop
      vertex -23.0319 42.92 -3.9978
      vertex -23.6614 44.1554 -3.17268
      vertex -22.681 44.0001 -3.17268
    endloop
  endfacet
  facet normal 0.0874394 0.551975 -0.829263
    outer loop
      vertex -1.61396 5.823 -26.432
      vertex -21.4844 39.2491 -6.27807
      vertex -21.413 39.5155 -6.09322
    endloop
  endfacet
  facet normal 0.0874264 0.55197 -0.829268
    outer loop
      vertex -21.4844 39.2491 -6.27807
      vertex -1.61396 5.823 -26.432
      vertex -2.24342 5.9227 -26.432
    endloop
  endfacet
  facet normal 0.0875793 0.552027 -0.829214
    outer loop
      vertex -21.4376 39.9841 -5.78386
      vertex -1.61396 5.823 -26.432
      vertex -21.413 39.5155 -6.09322
    endloop
  endfacet
  facet normal 0.087065 0.551838 -0.829394
    outer loop
      vertex -21.6058 40.4223 -5.50996
      vertex -1.61396 5.823 -26.432
      vertex -21.4376 39.9841 -5.78386
    endloop
  endfacet
  facet normal 0.0878761 0.552135 -0.829111
    outer loop
      vertex -21.6058 40.4223 -5.50996
      vertex -23.0319 42.92 -3.9978
      vertex -1.61396 5.823 -26.432
    endloop
  endfacet
  facet normal 0.0874051 0.551965 -0.829274
    outer loop
      vertex -21.9011 40.787 -5.29834
      vertex -23.0319 42.92 -3.9978
      vertex -21.6058 40.4223 -5.50996
    endloop
  endfacet
  facet normal 0.087412 0.551967 -0.829272
    outer loop
      vertex -22.2947 41.0426 -5.1697
      vertex -23.0319 42.92 -3.9978
      vertex -21.9011 40.787 -5.29834
    endloop
  endfacet
  facet normal 0.0874576 0.551978 -0.82926
    outer loop
      vertex -22.5611 41.114 -5.15027
      vertex -23.0319 42.92 -3.9978
      vertex -22.2947 41.0426 -5.1697
    endloop
  endfacet
  facet normal 0.0874213 0.551973 -0.829267
    outer loop
      vertex -23.0319 42.92 -3.9978
      vertex -22.5611 41.114 -5.15027
      vertex -23.6614 43.0197 -3.9978
    endloop
  endfacet
  facet normal 0.127119 0.802465 -0.583001
    outer loop
      vertex -22.426 44.7848 -2.03698
      vertex -23.6614 44.1554 -3.17268
      vertex -23.6614 44.9805 -2.03698
    endloop
  endfacet
  facet normal 0.156429 0.987689 -0
    outer loop
      vertex -22.2919 45.1974 -0.701897
      vertex -23.6614 45.4143 0.701897
      vertex -22.2919 45.1974 0.701897
    endloop
  endfacet
  facet normal 0.156429 0.987689 0
    outer loop
      vertex -23.6614 45.4143 0.701897
      vertex -22.2919 45.1974 -0.701897
      vertex -23.6614 45.4143 -0.701897
    endloop
  endfacet
  facet normal -0.631842 0.100022 0.768616
    outer loop
      vertex -26.834 40.9827 3.17268
      vertex -5.26081 4.86613 25.6069
      vertex -26.6788 41.9631 3.17268
    endloop
  endfacet
  facet normal -0.631794 0.100072 0.76865
    outer loop
      vertex -5.26081 4.86613 25.6069
      vertex -26.834 40.9827 3.17268
      vertex -5.4161 3.88572 25.6069
    endloop
  endfacet
  facet normal -0.574443 0.574525 0.58304
    outer loop
      vertex -26.0112 44.217 2.03698
      vertex -26.2281 42.8476 3.17268
      vertex -25.5262 43.5494 3.17268
    endloop
  endfacet
  facet normal -0.574456 0.574521 0.583032
    outer loop
      vertex -26.2281 42.8476 3.17268
      vertex -26.0112 44.217 2.03698
      vertex -26.8957 43.3326 2.03698
    endloop
  endfacet
  facet normal -0.802432 0.127113 0.583048
    outer loop
      vertex -27.4635 42.2181 2.03698
      vertex -27.6592 40.9827 2.03698
      vertex -26.834 40.9827 3.17268
    endloop
  endfacet
  facet normal -0.940442 0.148976 0.305572
    outer loop
      vertex -27.4635 42.2181 2.03698
      vertex -28.093 40.9827 0.701897
      vertex -27.6592 40.9827 2.03698
    endloop
  endfacet
  facet normal -0.940442 -0.148976 -0.305572
    outer loop
      vertex -27.4635 -42.2181 -2.03698
      vertex -28.093 -40.9827 -0.701897
      vertex -27.6592 -40.9827 -2.03698
    endloop
  endfacet
  facet normal -0.723909 -0.368871 -0.583001
    outer loop
      vertex -26.2281 -42.8476 -3.17268
      vertex -27.4635 -42.2181 -2.03698
      vertex -26.6788 -41.9631 -3.17268
    endloop
  endfacet
  facet normal -0.848407 -0.432235 -0.305578
    outer loop
      vertex -26.8957 -43.3326 -2.03698
      vertex -27.8761 -42.3521 -0.701897
      vertex -27.4635 -42.2181 -2.03698
    endloop
  endfacet
  facet normal -0.987687 0.15644 0
    outer loop
      vertex -28.093 40.9827 -0.701897
      vertex -27.8761 42.3521 0.701897
      vertex -27.8761 42.3521 -0.701897
    endloop
  endfacet
  facet normal -0.987687 0.15644 0
    outer loop
      vertex -27.8761 42.3521 0.701897
      vertex -28.093 40.9827 -0.701897
      vertex -28.093 40.9827 0.701897
    endloop
  endfacet
  facet normal -0.808995 0 -0.587816
    outer loop
      vertex -26.834 -40.9827 -3.17268
      vertex -27.6592 40.9827 -2.03698
      vertex -26.834 40.9827 -3.17268
    endloop
  endfacet
  facet normal -0.808995 -0 -0.587816
    outer loop
      vertex -27.6592 40.9827 -2.03698
      vertex -26.834 -40.9827 -3.17268
      vertex -27.6592 -40.9827 -2.03698
    endloop
  endfacet
  facet normal 0.84837 0.432292 -0.305602
    outer loop
      vertex 51.5375 1.36944 -0.701897
      vertex 50.557 2.34985 -2.03698
      vertex 50.908 2.60483 -0.701897
    endloop
  endfacet
  facet normal -0.141877 0.278432 0.949919
    outer loop
      vertex -2.46032 4.55326 26.8658
      vertex -3.44073 5.53367 26.432
      vertex -2.65598 4.45356 26.8658
    endloop
  endfacet
  facet normal 0.723903 -0.368882 0.583
    outer loop
      vertex 51.1249 -1.23539 2.03698
      vertex 49.8895 -1.86485 3.17268
      vertex 50.557 -2.34985 2.03698
    endloop
  endfacet
  facet normal -0.527911 -0.269069 0.80555
    outer loop
      vertex -25.5987 -41.6122 3.9978
      vertex -26.2281 -42.8476 3.17268
      vertex -25.3093 -42.18 3.9978
    endloop
  endfacet
  facet normal -0.419068 -0.418975 0.805507
    outer loop
      vertex -25.3093 -42.18 3.9978
      vertex -25.5262 -43.5494 3.17268
      vertex -24.8587 -42.6307 3.9978
    endloop
  endfacet
  facet normal -0.418956 -0.419015 0.805545
    outer loop
      vertex -25.5262 -43.5494 3.17268
      vertex -25.3093 -42.18 3.9978
      vertex -26.2281 -42.8476 3.17268
    endloop
  endfacet
  facet normal 0.269003 -0.527954 0.805545
    outer loop
      vertex -0.378569 -6.45247 25.6069
      vertex -1.61396 -5.823 26.432
      vertex -1.26301 -6.90311 25.6069
    endloop
  endfacet
  facet normal -0.419068 0.418975 0.805507
    outer loop
      vertex -25.5262 43.5494 3.17268
      vertex -25.3093 42.18 3.9978
      vertex -24.8587 42.6307 3.9978
    endloop
  endfacet
  facet normal -0.418956 0.419015 0.805545
    outer loop
      vertex -25.3093 42.18 3.9978
      vertex -25.5262 43.5494 3.17268
      vertex -26.2281 42.8476 3.17268
    endloop
  endfacet
  facet normal -0.0764174 0.483291 0.872118
    outer loop
      vertex -23.6614 43.0197 3.9978
      vertex -22.748 41.1641 5.10613
      vertex -22.5611 41.114 5.15027
    endloop
  endfacet
  facet normal -0.0765707 0.483228 0.872139
    outer loop
      vertex -23.6614 43.0197 3.9978
      vertex -23.2167 41.1395 5.07861
      vertex -22.748 41.1641 5.10613
    endloop
  endfacet
  facet normal -0.076472 0.48325 0.872136
    outer loop
      vertex -23.6614 43.0197 3.9978
      vertex -23.2545 41.125 5.08333
      vertex -23.2167 41.1395 5.07861
    endloop
  endfacet
  facet normal -0.0765467 0.483235 0.872138
    outer loop
      vertex -23.2545 41.125 5.08333
      vertex -23.6614 43.0197 3.9978
      vertex -24.2908 42.92 3.9978
    endloop
  endfacet
  facet normal -0.0765387 0.483232 0.87214
    outer loop
      vertex -21.5345 39.0622 6.37723
      vertex -2.24342 5.9227 26.432
      vertex -21.4844 39.2491 6.27807
    endloop
  endfacet
  facet normal -0.0765439 0.483229 0.872141
    outer loop
      vertex -21.7901 38.6686 6.57288
      vertex -2.24342 5.9227 26.432
      vertex -21.5345 39.0622 6.37723
    endloop
  endfacet
  facet normal -0.0765389 0.483232 0.87214
    outer loop
      vertex -2.24342 5.9227 26.432
      vertex -21.7901 38.6686 6.57288
      vertex -2.87288 5.823 26.432
    endloop
  endfacet
  facet normal -0.0766251 0.483191 0.872155
    outer loop
      vertex -2.87288 5.823 26.432
      vertex -21.7901 38.6686 6.57288
      vertex -21.8216 38.6431 6.58424
    endloop
  endfacet
  facet normal 0.0926914 0.585248 0.805539
    outer loop
      vertex -23.6614 44.1554 3.17268
      vertex -23.6614 43.0197 3.9978
      vertex -23.0319 42.92 3.9978
    endloop
  endfacet
  facet normal -0.527966 0.269027 0.805529
    outer loop
      vertex -26.2281 42.8476 3.17268
      vertex -26.6788 41.9631 3.17268
      vertex -25.5987 41.6122 3.9978
    endloop
  endfacet
  facet normal -0.30865 -0.048882 0.949919
    outer loop
      vertex -2.91096 -4.10262 26.8658
      vertex -4.2804 -3.88572 26.432
      vertex -4.18071 -4.51518 26.432
    endloop
  endfacet
  facet normal -0.585239 -0.0926866 0.805546
    outer loop
      vertex -4.2804 -3.88572 26.432
      vertex -5.4161 -3.88572 25.6069
      vertex -4.18071 -4.51518 26.432
    endloop
  endfacet
  facet normal -0.585239 0.0926866 0.805546
    outer loop
      vertex -4.18071 4.51518 26.432
      vertex -5.4161 3.88572 25.6069
      vertex -4.2804 3.88572 26.432
    endloop
  endfacet
  facet normal -0.587769 0 0.809029
    outer loop
      vertex -5.4161 3.88572 25.6069
      vertex -4.2804 -3.88572 26.432
      vertex -4.2804 3.88572 26.432
    endloop
  endfacet
  facet normal -0.587769 0 0.809029
    outer loop
      vertex -4.2804 -3.88572 26.432
      vertex -5.4161 3.88572 25.6069
      vertex -5.4161 -3.88572 25.6069
    endloop
  endfacet
  facet normal -0.141877 -0.278432 0.949919
    outer loop
      vertex -2.65598 -4.45356 26.8658
      vertex -3.44073 -5.53367 26.432
      vertex -2.46032 -4.55326 26.8658
    endloop
  endfacet
  facet normal -0.268985 0.528021 0.805507
    outer loop
      vertex -24.2908 42.92 3.9978
      vertex -25.5262 43.5494 3.17268
      vertex -24.8587 42.6307 3.9978
    endloop
  endfacet
  facet normal -0.527911 0.269069 -0.80555
    outer loop
      vertex -25.5987 41.6122 -3.9978
      vertex -26.2281 42.8476 -3.17268
      vertex -25.3093 42.18 -3.9978
    endloop
  endfacet
  facet normal -0.890997 0.454009 0
    outer loop
      vertex -27.8761 42.3521 -0.701897
      vertex -27.2466 43.5875 0.701897
      vertex -27.2466 43.5875 -0.701897
    endloop
  endfacet
  facet normal -0.890997 0.454009 0
    outer loop
      vertex -27.2466 43.5875 0.701897
      vertex -27.8761 42.3521 -0.701897
      vertex -27.8761 42.3521 0.701897
    endloop
  endfacet
  facet normal 0.420859 0.420859 0.803589
    outer loop
      vertex 49.1876 2.56675 3.17268
      vertex 7.05359 1.86485 25.6069
      vertex 49.8895 1.86485 3.17268
    endloop
  endfacet
  facet normal 0.420859 0.420859 0.803589
    outer loop
      vertex 7.05359 1.86485 25.6069
      vertex 49.1876 2.56675 3.17268
      vertex 6.35169 2.56675 25.6069
    endloop
  endfacet
  facet normal 0.14187 0.278439 0.949918
    outer loop
      vertex -1.61396 5.823 26.432
      vertex -2.02652 4.55326 26.8658
      vertex -1.04611 5.53367 26.432
    endloop
  endfacet
  facet normal 0.294942 0.510854 0.807488
    outer loop
      vertex -0.378569 6.45247 25.6069
      vertex 5.68415 1.64795 26.432
      vertex 6.35169 2.56675 25.6069
    endloop
  endfacet
  facet normal 0.294942 0.510854 0.807488
    outer loop
      vertex 5.68415 1.64795 26.432
      vertex -0.378569 6.45247 25.6069
      vertex -1.04611 5.53367 26.432
    endloop
  endfacet
  facet normal -0.148976 0.940442 0.305572
    outer loop
      vertex -23.6614 45.4143 0.701897
      vertex -24.8968 44.7848 2.03698
      vertex -23.6614 44.9805 2.03698
    endloop
  endfacet
  facet normal 0.148976 0.940442 0.305572
    outer loop
      vertex -23.6614 45.4143 0.701897
      vertex -23.6614 44.9805 2.03698
      vertex -22.426 44.7848 2.03698
    endloop
  endfacet
  facet normal 0.723906 0.368812 0.583042
    outer loop
      vertex 51.1249 1.23539 2.03698
      vertex 49.8895 1.86485 3.17268
      vertex 50.3401 0.980411 3.17268
    endloop
  endfacet
  facet normal 0.58525 0.0927054 0.805536
    outer loop
      vertex 50.3401 0.980411 3.17268
      vertex 49.26 0.629462 3.9978
      vertex 50.4954 0 3.17268
    endloop
  endfacet
  facet normal 0.574516 -0.57449 -0.583003
    outer loop
      vertex 49.6726 -3.23429 -2.03698
      vertex 49.8895 -1.86485 -3.17268
      vertex 50.557 -2.34985 -2.03698
    endloop
  endfacet
  facet normal 0.574497 -0.574497 -0.583015
    outer loop
      vertex 49.8895 -1.86485 -3.17268
      vertex 49.6726 -3.23429 -2.03698
      vertex 49.1876 -2.56675 -3.17268
    endloop
  endfacet
  facet normal 0.47578 -0.824074 0.307465
    outer loop
      vertex -21.0565 -44.5679 0.701897
      vertex 49.6726 -3.23429 2.03698
      vertex -21.3115 -44.217 2.03698
    endloop
  endfacet
  facet normal 0.475775 -0.824067 0.307493
    outer loop
      vertex 49.6726 -3.23429 2.03698
      vertex -21.0565 -44.5679 0.701897
      vertex 49.9276 -3.58524 0.701897
    endloop
  endfacet
  facet normal 0.940463 -0.14898 -0.305508
    outer loop
      vertex 51.7543 0 -0.701897
      vertex 51.1249 -1.23539 -2.03698
      vertex 51.3206 0 -2.03698
    endloop
  endfacet
  facet normal 0.940463 0.14898 -0.305508
    outer loop
      vertex 51.3206 0 -2.03698
      vertex 51.1249 1.23539 -2.03698
      vertex 51.7543 0 -0.701897
    endloop
  endfacet
  facet normal -0.432266 -0.848392 0.305577
    outer loop
      vertex -24.8968 -44.7848 2.03698
      vertex -26.0112 -44.217 2.03698
      vertex -25.0308 -45.1974 0.701897
    endloop
  endfacet
  facet normal -0.585242 -0.0926983 -0.805542
    outer loop
      vertex -5.26081 -4.86613 -25.6069
      vertex -5.4161 -3.88572 -25.6069
      vertex -4.18071 -4.51518 -26.432
    endloop
  endfacet
  facet normal -0.471793 -0.240585 -0.848251
    outer loop
      vertex -23.0616 -38.1805 -6.38234
      vertex -3.89137 -5.08303 -26.432
      vertex -23.002 -38.1836 -6.41461
    endloop
  endfacet
  facet normal -0.47194 -0.24047 -0.848202
    outer loop
      vertex -3.89137 -5.08303 -26.432
      vertex -23.0616 -38.1805 -6.38234
      vertex -4.18071 -4.51518 -26.432
    endloop
  endfacet
  facet normal -0.471988 -0.240434 -0.848186
    outer loop
      vertex -23.5149 -38.3019 -6.09568
      vertex -4.18071 -4.51518 -26.432
      vertex -23.0616 -38.1805 -6.38234
    endloop
  endfacet
  facet normal -0.471967 -0.24045 -0.848193
    outer loop
      vertex -4.18071 -4.51518 -26.432
      vertex -23.5149 -38.3019 -6.09568
      vertex -23.791 -38.4813 -5.89119
    endloop
  endfacet
  facet normal -0.471862 -0.240549 -0.848223
    outer loop
      vertex -24.2426 -40.3324 -5.11513
      vertex -25.5987 -41.6122 -3.9978
      vertex -24.2751 -40.2824 -5.11123
    endloop
  endfacet
  facet normal -0.471889 -0.240515 -0.848218
    outer loop
      vertex -25.5987 -41.6122 -3.9978
      vertex -24.2426 -40.3324 -5.11513
      vertex -25.3093 -42.18 -3.9978
    endloop
  endfacet
  facet normal -0.471891 -0.240514 -0.848217
    outer loop
      vertex -24.2751 -40.2824 -5.11123
      vertex -25.5987 -41.6122 -3.9978
      vertex -24.3966 -39.8291 -5.17217
    endloop
  endfacet
  facet normal -0.472192 -0.24025 -0.848124
    outer loop
      vertex -24.3966 -39.8291 -5.17217
      vertex -25.5987 -41.6122 -3.9978
      vertex -24.3793 -39.5002 -5.27497
    endloop
  endfacet
  facet normal -0.308651 0.0488947 -0.949918
    outer loop
      vertex -2.94532 3.88572 -26.8658
      vertex -4.2804 3.88572 -26.432
      vertex -2.91096 4.10262 -26.8658
    endloop
  endfacet
  facet normal -0.585239 0.0926866 -0.805546
    outer loop
      vertex -4.2804 3.88572 -26.432
      vertex -5.4161 3.88572 -25.6069
      vertex -4.18071 4.51518 -26.432
    endloop
  endfacet
  facet normal -0.22096 0.220974 -0.949919
    outer loop
      vertex -2.81127 4.29828 -26.8658
      vertex -3.44073 5.53367 -26.432
      vertex -2.65598 4.45356 -26.8658
    endloop
  endfacet
  facet normal -0.220969 0.220969 -0.949918
    outer loop
      vertex -3.44073 5.53367 -26.432
      vertex -2.81127 4.29828 -26.8658
      vertex -3.89137 5.08303 -26.432
    endloop
  endfacet
  facet normal 0.148946 -0.940439 -0.305598
    outer loop
      vertex -22.2919 -45.1974 -0.701897
      vertex -23.6614 -45.4143 -0.701897
      vertex -22.426 -44.7848 -2.03698
    endloop
  endfacet
  facet normal 0.156429 -0.987689 0
    outer loop
      vertex -23.6614 -45.4143 -0.701897
      vertex -22.2919 -45.1974 0.701897
      vertex -23.6614 -45.4143 0.701897
    endloop
  endfacet
  facet normal 0.156429 -0.987689 0
    outer loop
      vertex -22.2919 -45.1974 0.701897
      vertex -23.6614 -45.4143 -0.701897
      vertex -22.2919 -45.1974 -0.701897
    endloop
  endfacet
  facet normal -0.092706 -0.585247 0.805538
    outer loop
      vertex -23.6614 -43.0197 3.9978
      vertex -24.2908 -42.92 3.9978
      vertex -23.6614 -44.1554 3.17268
    endloop
  endfacet
  facet normal 0.0926914 -0.585248 0.805539
    outer loop
      vertex -23.6614 -43.0197 3.9978
      vertex -23.6614 -44.1554 3.17268
      vertex -23.0319 -42.92 3.9978
    endloop
  endfacet
  facet normal 0.420859 -0.420859 -0.803589
    outer loop
      vertex 49.1876 -2.56675 -3.17268
      vertex 7.05359 -1.86485 -25.6069
      vertex 49.8895 -1.86485 -3.17268
    endloop
  endfacet
  facet normal 0.420859 -0.420859 -0.803589
    outer loop
      vertex 7.05359 -1.86485 -25.6069
      vertex 49.1876 -2.56675 -3.17268
      vertex 6.35169 -2.56675 -25.6069
    endloop
  endfacet
  facet normal 0.294942 0.510854 -0.807488
    outer loop
      vertex 5.68415 1.64795 -26.432
      vertex -0.378569 6.45247 -25.6069
      vertex 6.35169 2.56675 -25.6069
    endloop
  endfacet
  facet normal 0.294942 0.510854 -0.807488
    outer loop
      vertex -0.378569 6.45247 -25.6069
      vertex 5.68415 1.64795 -26.432
      vertex -1.04611 5.53367 -26.432
    endloop
  endfacet
  facet normal 0.278442 0.141863 -0.949918
    outer loop
      vertex 5.15438 0.216898 -26.8658
      vertex 5.05469 0.412564 -26.8658
      vertex 6.1348 1.19731 -26.432
    endloop
  endfacet
  facet normal 0.585248 0.0926969 -0.805539
    outer loop
      vertex 49.3597 0 -3.9978
      vertex 49.26 0.629462 -3.9978
      vertex 50.4954 0 -3.17268
    endloop
  endfacet
  facet normal 0.0488871 0.30865 -0.949918
    outer loop
      vertex -2.02652 4.55326 -26.8658
      vertex -2.24342 5.9227 -26.432
      vertex -1.61396 5.823 -26.432
    endloop
  endfacet
  facet normal 0.269003 0.527954 -0.805545
    outer loop
      vertex -0.378569 6.45247 -25.6069
      vertex -1.61396 5.823 -26.432
      vertex -1.26301 6.90311 -25.6069
    endloop
  endfacet
  facet normal -0.309021 0 -0.951055
    outer loop
      vertex -4.2804 -3.88572 -26.432
      vertex -2.94532 3.88572 -26.8658
      vertex -2.94532 -3.88572 -26.8658
    endloop
  endfacet
  facet normal -0.309021 0 -0.951055
    outer loop
      vertex -2.94532 3.88572 -26.8658
      vertex -4.2804 -3.88572 -26.432
      vertex -4.2804 3.88572 -26.432
    endloop
  endfacet
  facet normal 0.148946 0.940439 0.305598
    outer loop
      vertex -22.2919 45.1974 0.701897
      vertex -23.6614 45.4143 0.701897
      vertex -22.426 44.7848 2.03698
    endloop
  endfacet
  facet normal 0.432231 0.848399 0.305608
    outer loop
      vertex -22.2919 45.1974 0.701897
      vertex -22.426 44.7848 2.03698
      vertex -21.3115 44.217 2.03698
    endloop
  endfacet
  facet normal -0.419068 0.418975 -0.805507
    outer loop
      vertex -25.3093 42.18 -3.9978
      vertex -25.5262 43.5494 -3.17268
      vertex -24.8587 42.6307 -3.9978
    endloop
  endfacet
  facet normal -0.418956 0.419015 -0.805545
    outer loop
      vertex -25.5262 43.5494 -3.17268
      vertex -25.3093 42.18 -3.9978
      vertex -26.2281 42.8476 -3.17268
    endloop
  endfacet
  facet normal 0.314671 0.617584 -0.720813
    outer loop
      vertex -1.26301 6.90311 -25.6069
      vertex -21.7965 43.5494 -3.17268
      vertex -0.378569 6.45247 -25.6069
    endloop
  endfacet
  facet normal 0.314695 0.617589 -0.720799
    outer loop
      vertex -21.7965 43.5494 -3.17268
      vertex -1.26301 6.90311 -25.6069
      vertex -22.681 44.0001 -3.17268
    endloop
  endfacet
  facet normal -0.808995 0 0.587816
    outer loop
      vertex -27.6592 -40.9827 2.03698
      vertex -26.834 40.9827 3.17268
      vertex -27.6592 40.9827 2.03698
    endloop
  endfacet
  facet normal -0.808995 0 0.587816
    outer loop
      vertex -26.834 40.9827 3.17268
      vertex -27.6592 -40.9827 2.03698
      vertex -26.834 -40.9827 3.17268
    endloop
  endfacet
  facet normal -0.269045 -0.527942 -0.805538
    outer loop
      vertex -24.6418 -44.0001 -3.17268
      vertex -25.5262 -43.5494 -3.17268
      vertex -24.2908 -42.92 -3.9978
    endloop
  endfacet
  facet normal -0.94044 -0.148957 -0.305588
    outer loop
      vertex -27.8761 -42.3521 -0.701897
      vertex -28.093 -40.9827 -0.701897
      vertex -27.4635 -42.2181 -2.03698
    endloop
  endfacet
  facet normal -0.94044 0.148957 -0.305588
    outer loop
      vertex -27.4635 42.2181 -2.03698
      vertex -28.093 40.9827 -0.701897
      vertex -27.8761 42.3521 -0.701897
    endloop
  endfacet
  facet normal -0.848407 0.432235 -0.305578
    outer loop
      vertex -27.4635 42.2181 -2.03698
      vertex -27.8761 42.3521 -0.701897
      vertex -26.8957 43.3326 -2.03698
    endloop
  endfacet
  facet normal 0.70711 0.707103 -0
    outer loop
      vertex 50.908 2.60483 -0.701897
      vertex 49.9276 3.58524 0.701897
      vertex 50.908 2.60483 0.701897
    endloop
  endfacet
  facet normal 0.70711 0.707103 0
    outer loop
      vertex 49.9276 3.58524 0.701897
      vertex 50.908 2.60483 -0.701897
      vertex 49.9276 3.58524 -0.701897
    endloop
  endfacet
  facet normal -0.574443 -0.574525 0.58304
    outer loop
      vertex -26.2281 -42.8476 3.17268
      vertex -26.0112 -44.217 2.03698
      vertex -25.5262 -43.5494 3.17268
    endloop
  endfacet
  facet normal -0.574456 -0.574521 0.583032
    outer loop
      vertex -26.0112 -44.217 2.03698
      vertex -26.2281 -42.8476 3.17268
      vertex -26.8957 -43.3326 2.03698
    endloop
  endfacet
  facet normal 0.30865 -0.0488819 0.949919
    outer loop
      vertex 6.52382 0 26.432
      vertex 5.15438 -0.216898 26.8658
      vertex 6.42413 -0.629462 26.432
    endloop
  endfacet
  facet normal 0.0488947 -0.308651 0.949918
    outer loop
      vertex -2.24342 -4.58762 26.8658
      vertex -2.24342 -5.9227 26.432
      vertex -2.02652 -4.55326 26.8658
    endloop
  endfacet
  facet normal 0.418988 -0.418988 0.805542
    outer loop
      vertex 6.1348 -1.19731 26.432
      vertex 6.35169 -2.56675 25.6069
      vertex 7.05359 -1.86485 25.6069
    endloop
  endfacet
  facet normal 0.418981 -0.41899 0.805545
    outer loop
      vertex 6.35169 -2.56675 25.6069
      vertex 6.1348 -1.19731 26.432
      vertex 5.68415 -1.64795 26.432
    endloop
  endfacet
  facet normal -0.723909 0.368871 0.583001
    outer loop
      vertex -26.2281 42.8476 3.17268
      vertex -27.4635 42.2181 2.03698
      vertex -26.6788 41.9631 3.17268
    endloop
  endfacet
  facet normal -0.802485 0.127036 0.582992
    outer loop
      vertex -26.6788 41.9631 3.17268
      vertex -27.4635 42.2181 2.03698
      vertex -26.834 40.9827 3.17268
    endloop
  endfacet
  facet normal -0.472192 -0.24025 0.848124
    outer loop
      vertex -25.5987 -41.6122 3.9978
      vertex -24.3966 -39.8291 5.17217
      vertex -24.3793 -39.5002 5.27497
    endloop
  endfacet
  facet normal -0.471889 -0.240516 0.848217
    outer loop
      vertex -24.3966 -39.8291 5.17217
      vertex -25.5987 -41.6122 3.9978
      vertex -25.3093 -42.18 3.9978
    endloop
  endfacet
  facet normal -0.471853 -0.240543 0.84823
    outer loop
      vertex -24.2751 -40.2824 5.11123
      vertex -25.3093 -42.18 3.9978
      vertex -24.2426 -40.3324 5.11513
    endloop
  endfacet
  facet normal -0.471891 -0.240514 0.848217
    outer loop
      vertex -25.3093 -42.18 3.9978
      vertex -24.2751 -40.2824 5.11123
      vertex -24.3966 -39.8291 5.17217
    endloop
  endfacet
  facet normal -0.47194 -0.24047 0.848202
    outer loop
      vertex -23.0616 -38.1805 6.38234
      vertex -3.89137 -5.08303 26.432
      vertex -4.18071 -4.51518 26.432
    endloop
  endfacet
  facet normal -0.471793 -0.240585 0.848251
    outer loop
      vertex -3.89137 -5.08303 26.432
      vertex -23.0616 -38.1805 6.38234
      vertex -23.002 -38.1836 6.41461
    endloop
  endfacet
  facet normal -0.471988 -0.240434 0.848186
    outer loop
      vertex -4.18071 -4.51518 26.432
      vertex -23.5149 -38.3019 6.09568
      vertex -23.0616 -38.1805 6.38234
    endloop
  endfacet
  facet normal -0.471967 -0.24045 0.848193
    outer loop
      vertex -23.5149 -38.3019 6.09568
      vertex -4.18071 -4.51518 26.432
      vertex -23.791 -38.4813 5.89119
    endloop
  endfacet
  facet normal -0.336953 -0.337128 0.879095
    outer loop
      vertex -25.3093 -42.18 3.9978
      vertex -23.8223 -40.8356 5.08333
      vertex -24.0195 -40.676 5.06895
    endloop
  endfacet
  facet normal -0.337079 -0.337016 0.879089
    outer loop
      vertex -25.3093 -42.18 3.9978
      vertex -24.0195 -40.676 5.06895
      vertex -24.2426 -40.3324 5.11513
    endloop
  endfacet
  facet normal -0.337073 -0.336998 0.879098
    outer loop
      vertex -23.8223 -40.8356 5.08333
      vertex -25.3093 -42.18 3.9978
      vertex -24.8587 -42.6307 3.9978
    endloop
  endfacet
  facet normal -0.337039 -0.337039 0.879096
    outer loop
      vertex -22.5929 -38.205 6.56323
      vertex -3.44073 -5.53367 26.432
      vertex -3.89137 -5.08303 26.432
    endloop
  endfacet
  facet normal -0.337187 -0.336941 0.879077
    outer loop
      vertex -3.44073 -5.53367 26.432
      vertex -22.5929 -38.205 6.56323
      vertex -22.3561 -38.296 6.61918
    endloop
  endfacet
  facet normal -0.336997 -0.337067 0.879101
    outer loop
      vertex -22.5929 -38.205 6.56323
      vertex -3.89137 -5.08303 26.432
      vertex -23.002 -38.1836 6.41461
    endloop
  endfacet
  facet normal -0.22096 -0.220974 0.949919
    outer loop
      vertex -2.81127 -4.29828 26.8658
      vertex -3.44073 -5.53367 26.432
      vertex -2.65598 -4.45356 26.8658
    endloop
  endfacet
  facet normal -0.220969 -0.220969 0.949918
    outer loop
      vertex -3.44073 -5.53367 26.432
      vertex -2.81127 -4.29828 26.8658
      vertex -3.89137 -5.08303 26.432
    endloop
  endfacet
  facet normal 0.14187 -0.278439 0.949918
    outer loop
      vertex -1.04611 -5.53367 26.432
      vertex -2.02652 -4.55326 26.8658
      vertex -1.61396 -5.823 26.432
    endloop
  endfacet
  facet normal 0.15528 0.268952 0.950554
    outer loop
      vertex -1.04611 5.53367 26.432
      vertex 4.89941 0.567846 26.8658
      vertex 5.68415 1.64795 26.432
    endloop
  endfacet
  facet normal 0.155278 0.26895 0.950555
    outer loop
      vertex 4.89941 0.567846 26.8658
      vertex -1.04611 5.53367 26.432
      vertex -1.83086 4.45356 26.8658
    endloop
  endfacet
  facet normal -0.309021 0 0.951055
    outer loop
      vertex -4.2804 3.88572 26.432
      vertex -2.94532 -3.88572 26.8658
      vertex -2.94532 3.88572 26.8658
    endloop
  endfacet
  facet normal -0.309021 0 0.951055
    outer loop
      vertex -2.94532 -3.88572 26.8658
      vertex -4.2804 3.88572 26.432
      vertex -4.2804 -3.88572 26.432
    endloop
  endfacet
  facet normal 0.278437 -0.141869 0.949919
    outer loop
      vertex 6.42413 -0.629462 26.432
      vertex 5.15438 -0.216898 26.8658
      vertex 6.1348 -1.19731 26.432
    endloop
  endfacet
  facet normal 0.0488947 0.308651 0.949918
    outer loop
      vertex -2.24342 5.9227 26.432
      vertex -2.24342 4.58762 26.8658
      vertex -2.02652 4.55326 26.8658
    endloop
  endfacet
  facet normal -0.574443 0.574525 -0.58304
    outer loop
      vertex -26.2281 42.8476 -3.17268
      vertex -26.0112 44.217 -2.03698
      vertex -25.5262 43.5494 -3.17268
    endloop
  endfacet
  facet normal -0.574456 0.574521 -0.583032
    outer loop
      vertex -26.0112 44.217 -2.03698
      vertex -26.2281 42.8476 -3.17268
      vertex -26.8957 43.3326 -2.03698
    endloop
  endfacet
  facet normal -0.564946 0.162989 -0.80887
    outer loop
      vertex -5.26081 4.86613 -25.6069
      vertex -23.791 38.4813 -5.89119
      vertex -4.18071 4.51518 -26.432
    endloop
  endfacet
  facet normal -0.564623 0.163266 -0.809039
    outer loop
      vertex -5.26081 4.86613 -25.6069
      vertex -23.9085 38.5576 -5.79379
      vertex -23.791 38.4813 -5.89119
    endloop
  endfacet
  facet normal -0.565161 0.162803 -0.808757
    outer loop
      vertex -5.26081 4.86613 -25.6069
      vertex -24.2038 38.9223 -5.51402
      vertex -23.9085 38.5576 -5.79379
    endloop
  endfacet
  facet normal -0.564775 0.163198 -0.808947
    outer loop
      vertex -26.6788 41.9631 -3.17268
      vertex -24.3793 39.5002 -5.27497
      vertex -24.372 39.3604 -5.30827
    endloop
  endfacet
  facet normal -0.564953 0.162975 -0.808868
    outer loop
      vertex -26.6788 41.9631 -3.17268
      vertex -24.372 39.3604 -5.30827
      vertex -24.2038 38.9223 -5.51402
    endloop
  endfacet
  facet normal -0.564977 0.162934 -0.808859
    outer loop
      vertex -24.3793 39.5002 -5.27497
      vertex -26.6788 41.9631 -3.17268
      vertex -25.5987 41.6122 -3.9978
    endloop
  endfacet
  facet normal -0.56493 0.163002 -0.808878
    outer loop
      vertex -26.6788 41.9631 -3.17268
      vertex -24.2038 38.9223 -5.51402
      vertex -5.26081 4.86613 -25.6069
    endloop
  endfacet
  facet normal -0.585242 0.0926983 -0.805542
    outer loop
      vertex -4.18071 4.51518 -26.432
      vertex -5.4161 3.88572 -25.6069
      vertex -5.26081 4.86613 -25.6069
    endloop
  endfacet
  facet normal -0.631794 0.100072 -0.76865
    outer loop
      vertex -26.834 40.9827 -3.17268
      vertex -5.26081 4.86613 -25.6069
      vertex -5.4161 3.88572 -25.6069
    endloop
  endfacet
  facet normal -0.631842 0.100022 -0.768616
    outer loop
      vertex -5.26081 4.86613 -25.6069
      vertex -26.834 40.9827 -3.17268
      vertex -26.6788 41.9631 -3.17268
    endloop
  endfacet
  facet normal 0.148976 0.940442 -0.305572
    outer loop
      vertex -22.426 44.7848 -2.03698
      vertex -23.6614 44.9805 -2.03698
      vertex -23.6614 45.4143 -0.701897
    endloop
  endfacet
  facet normal -0.707107 0.707107 0
    outer loop
      vertex -26.2662 44.5679 -0.701897
      vertex -27.2466 43.5875 0.701897
      vertex -26.2662 44.5679 0.701897
    endloop
  endfacet
  facet normal -0.707107 0.707107 0
    outer loop
      vertex -27.2466 43.5875 0.701897
      vertex -26.2662 44.5679 -0.701897
      vertex -27.2466 43.5875 -0.701897
    endloop
  endfacet
  facet normal 0.405276 0.701958 0.585668
    outer loop
      vertex -21.3115 44.217 2.03698
      vertex 49.1876 2.56675 3.17268
      vertex 49.6726 3.23429 2.03698
    endloop
  endfacet
  facet normal 0.405266 0.701943 0.585693
    outer loop
      vertex 49.1876 2.56675 3.17268
      vertex -21.3115 44.217 2.03698
      vertex -21.7965 43.5494 3.17268
    endloop
  endfacet
  facet normal 0.574516 0.57449 0.583003
    outer loop
      vertex 49.6726 3.23429 2.03698
      vertex 49.8895 1.86485 3.17268
      vertex 50.557 2.34985 2.03698
    endloop
  endfacet
  facet normal 0.574497 0.574497 0.583015
    outer loop
      vertex 49.8895 1.86485 3.17268
      vertex 49.6726 3.23429 2.03698
      vertex 49.1876 2.56675 3.17268
    endloop
  endfacet
  facet normal 0.802436 0.127108 0.583043
    outer loop
      vertex 51.1249 1.23539 2.03698
      vertex 50.3401 0.980411 3.17268
      vertex 50.4954 0 3.17268
    endloop
  endfacet
  facet normal 0.802432 0.127115 0.583048
    outer loop
      vertex 51.1249 1.23539 2.03698
      vertex 50.4954 0 3.17268
      vertex 51.3206 0 2.03698
    endloop
  endfacet
  facet normal 0.585248 -0.0926969 0.805539
    outer loop
      vertex 49.3597 0 3.9978
      vertex 49.26 -0.629462 3.9978
      vertex 50.4954 0 3.17268
    endloop
  endfacet
  facet normal 0.585248 0.0926969 0.805539
    outer loop
      vertex 50.4954 0 3.17268
      vertex 49.26 0.629462 3.9978
      vertex 49.3597 0 3.9978
    endloop
  endfacet
  facet normal 0.723906 -0.368812 0.583042
    outer loop
      vertex 50.3401 -0.980411 3.17268
      vertex 49.8895 -1.86485 3.17268
      vertex 51.1249 -1.23539 2.03698
    endloop
  endfacet
  facet normal 0.527976 -0.268986 0.805536
    outer loop
      vertex 49.26 -0.629462 3.9978
      vertex 48.9707 -1.19731 3.9978
      vertex 49.8895 -1.86485 3.17268
    endloop
  endfacet
  facet normal -0.707107 -0.707107 0
    outer loop
      vertex -27.2466 -43.5875 -0.701897
      vertex -26.2662 -44.5679 0.701897
      vertex -27.2466 -43.5875 0.701897
    endloop
  endfacet
  facet normal -0.707107 -0.707107 -0
    outer loop
      vertex -26.2662 -44.5679 0.701897
      vertex -27.2466 -43.5875 -0.701897
      vertex -26.2662 -44.5679 -0.701897
    endloop
  endfacet
  facet normal -0.848395 -0.432301 0.30552
    outer loop
      vertex -26.8957 -43.3326 2.03698
      vertex -27.8761 -42.3521 0.701897
      vertex -27.2466 -43.5875 0.701897
    endloop
  endfacet
  facet normal -0.673299 -0.673299 0.305512
    outer loop
      vertex -26.2662 -44.5679 0.701897
      vertex -26.8957 -43.3326 2.03698
      vertex -27.2466 -43.5875 0.701897
    endloop
  endfacet
  facet normal -0.67325 -0.673326 0.305561
    outer loop
      vertex -26.8957 -43.3326 2.03698
      vertex -26.2662 -44.5679 0.701897
      vertex -26.0112 -44.217 2.03698
    endloop
  endfacet
  facet normal -0.890997 -0.454009 0
    outer loop
      vertex -27.2466 -43.5875 -0.701897
      vertex -27.8761 -42.3521 0.701897
      vertex -27.8761 -42.3521 -0.701897
    endloop
  endfacet
  facet normal -0.890997 -0.454009 0
    outer loop
      vertex -27.8761 -42.3521 0.701897
      vertex -27.2466 -43.5875 -0.701897
      vertex -27.2466 -43.5875 0.701897
    endloop
  endfacet
  facet normal -0.527911 -0.269069 -0.80555
    outer loop
      vertex -25.3093 -42.18 -3.9978
      vertex -26.2281 -42.8476 -3.17268
      vertex -25.5987 -41.6122 -3.9978
    endloop
  endfacet
  facet normal -0.527966 -0.269027 -0.805529
    outer loop
      vertex -26.2281 -42.8476 -3.17268
      vertex -26.6788 -41.9631 -3.17268
      vertex -25.5987 -41.6122 -3.9978
    endloop
  endfacet
  facet normal -0.092706 -0.585247 -0.805538
    outer loop
      vertex -23.6614 -44.1554 -3.17268
      vertex -24.2908 -42.92 -3.9978
      vertex -23.6614 -43.0197 -3.9978
    endloop
  endfacet
  facet normal -0.127119 -0.802465 0.583001
    outer loop
      vertex -23.6614 -44.1554 3.17268
      vertex -24.8968 -44.7848 2.03698
      vertex -23.6614 -44.9805 2.03698
    endloop
  endfacet
  facet normal -0.368905 -0.723894 0.582998
    outer loop
      vertex -24.6418 -44.0001 3.17268
      vertex -25.5262 -43.5494 3.17268
      vertex -24.8968 -44.7848 2.03698
    endloop
  endfacet
  facet normal 0.308651 0.0488952 -0.949918
    outer loop
      vertex 5.18874 0 -26.8658
      vertex 5.15438 0.216898 -26.8658
      vertex 6.52382 0 -26.432
    endloop
  endfacet
  facet normal -0.141877 -0.278432 -0.949919
    outer loop
      vertex -2.46032 -4.55326 -26.8658
      vertex -3.44073 -5.53367 -26.432
      vertex -2.65598 -4.45356 -26.8658
    endloop
  endfacet
  facet normal -0.587769 0 -0.809029
    outer loop
      vertex -5.4161 -3.88572 -25.6069
      vertex -4.2804 3.88572 -26.432
      vertex -4.2804 -3.88572 -26.432
    endloop
  endfacet
  facet normal -0.587769 0 -0.809029
    outer loop
      vertex -4.2804 3.88572 -26.432
      vertex -5.4161 -3.88572 -25.6069
      vertex -5.4161 3.88572 -25.6069
    endloop
  endfacet
  facet normal -0.15644 -0.987687 0
    outer loop
      vertex -25.0308 -45.1974 -0.701897
      vertex -23.6614 -45.4143 0.701897
      vertex -25.0308 -45.1974 0.701897
    endloop
  endfacet
  facet normal -0.15644 -0.987687 -0
    outer loop
      vertex -23.6614 -45.4143 0.701897
      vertex -25.0308 -45.1974 -0.701897
      vertex -23.6614 -45.4143 -0.701897
    endloop
  endfacet
  facet normal -0.454009 -0.890997 0
    outer loop
      vertex -26.2662 -44.5679 -0.701897
      vertex -25.0308 -45.1974 0.701897
      vertex -26.2662 -44.5679 0.701897
    endloop
  endfacet
  facet normal -0.454009 -0.890997 -0
    outer loop
      vertex -25.0308 -45.1974 0.701897
      vertex -26.2662 -44.5679 -0.701897
      vertex -25.0308 -45.1974 -0.701897
    endloop
  endfacet
  facet normal -0.0927059 -0.585247 -0.805538
    outer loop
      vertex -23.6614 -44.1554 -3.17268
      vertex -24.6418 -44.0001 -3.17268
      vertex -24.2908 -42.92 -3.9978
    endloop
  endfacet
  facet normal 0.418988 -0.418988 -0.805542
    outer loop
      vertex 6.35169 -2.56675 -25.6069
      vertex 6.1348 -1.19731 -26.432
      vertex 7.05359 -1.86485 -25.6069
    endloop
  endfacet
  facet normal 0.418981 -0.41899 -0.805545
    outer loop
      vertex 6.1348 -1.19731 -26.432
      vertex 6.35169 -2.56675 -25.6069
      vertex 5.68415 -1.64795 -26.432
    endloop
  endfacet
  facet normal -0.22096 -0.220974 -0.949919
    outer loop
      vertex -3.44073 -5.53367 -26.432
      vertex -2.81127 -4.29828 -26.8658
      vertex -2.65598 -4.45356 -26.8658
    endloop
  endfacet
  facet normal -0.220969 -0.220969 -0.949918
    outer loop
      vertex -2.81127 -4.29828 -26.8658
      vertex -3.44073 -5.53367 -26.432
      vertex -3.89137 -5.08303 -26.432
    endloop
  endfacet
  facet normal 0.0488947 0.308651 -0.949918
    outer loop
      vertex -2.02652 4.55326 -26.8658
      vertex -2.24342 4.58762 -26.8658
      vertex -2.24342 5.9227 -26.432
    endloop
  endfacet
  facet normal 0.141877 0.278432 -0.949919
    outer loop
      vertex -1.83086 4.45356 -26.8658
      vertex -2.02652 4.55326 -26.8658
      vertex -1.04611 5.53367 -26.432
    endloop
  endfacet
  facet normal 0.127115 0.802468 -0.582998
    outer loop
      vertex -22.681 44.0001 -3.17268
      vertex -23.6614 44.1554 -3.17268
      vertex -22.426 44.7848 -2.03698
    endloop
  endfacet
  facet normal 0.148946 0.940439 -0.305598
    outer loop
      vertex -22.426 44.7848 -2.03698
      vertex -23.6614 45.4143 -0.701897
      vertex -22.2919 45.1974 -0.701897
    endloop
  endfacet
  facet normal -0.0764174 0.483291 -0.872118
    outer loop
      vertex -22.748 41.1641 -5.10613
      vertex -23.6614 43.0197 -3.9978
      vertex -22.5611 41.114 -5.15027
    endloop
  endfacet
  facet normal -0.0765707 0.483228 -0.872139
    outer loop
      vertex -23.2167 41.1395 -5.07861
      vertex -23.6614 43.0197 -3.9978
      vertex -22.748 41.1641 -5.10613
    endloop
  endfacet
  facet normal -0.076472 0.48325 -0.872136
    outer loop
      vertex -23.2545 41.125 -5.08333
      vertex -23.6614 43.0197 -3.9978
      vertex -23.2167 41.1395 -5.07861
    endloop
  endfacet
  facet normal -0.0765467 0.483235 -0.872138
    outer loop
      vertex -23.6614 43.0197 -3.9978
      vertex -23.2545 41.125 -5.08333
      vertex -24.2908 42.92 -3.9978
    endloop
  endfacet
  facet normal -0.0765389 0.483232 -0.87214
    outer loop
      vertex -21.7901 38.6686 -6.57288
      vertex -2.24342 5.9227 -26.432
      vertex -2.87288 5.823 -26.432
    endloop
  endfacet
  facet normal -0.0765387 0.483232 -0.87214
    outer loop
      vertex -2.24342 5.9227 -26.432
      vertex -21.5345 39.0622 -6.37723
      vertex -21.4844 39.2491 -6.27807
    endloop
  endfacet
  facet normal -0.0765439 0.483229 -0.872141
    outer loop
      vertex -2.24342 5.9227 -26.432
      vertex -21.7901 38.6686 -6.57288
      vertex -21.5345 39.0622 -6.37723
    endloop
  endfacet
  facet normal -0.0766251 0.483191 -0.872155
    outer loop
      vertex -21.7901 38.6686 -6.57288
      vertex -2.87288 5.823 -26.432
      vertex -21.8216 38.6431 -6.58424
    endloop
  endfacet
  facet normal -0.94044 -0.148957 0.305588
    outer loop
      vertex -27.4635 -42.2181 2.03698
      vertex -28.093 -40.9827 0.701897
      vertex -27.8761 -42.3521 0.701897
    endloop
  endfacet
  facet normal -0.848407 -0.432235 0.305578
    outer loop
      vertex -27.4635 -42.2181 2.03698
      vertex -27.8761 -42.3521 0.701897
      vertex -26.8957 -43.3326 2.03698
    endloop
  endfacet
  facet normal -0.723909 0.368871 -0.583001
    outer loop
      vertex -26.6788 41.9631 -3.17268
      vertex -27.4635 42.2181 -2.03698
      vertex -26.2281 42.8476 -3.17268
    endloop
  endfacet
  facet normal -0.802485 0.127036 -0.582992
    outer loop
      vertex -26.834 40.9827 -3.17268
      vertex -27.4635 42.2181 -2.03698
      vertex -26.6788 41.9631 -3.17268
    endloop
  endfacet
  facet normal 0.940463 0.14898 0.305508
    outer loop
      vertex 51.7543 0 0.701897
      vertex 51.1249 1.23539 2.03698
      vertex 51.3206 0 2.03698
    endloop
  endfacet
  facet normal 0.940451 0.148885 0.30559
    outer loop
      vertex 51.5375 1.36944 0.701897
      vertex 51.1249 1.23539 2.03698
      vertex 51.7543 0 0.701897
    endloop
  endfacet
  facet normal 0.0488871 0.30865 0.949918
    outer loop
      vertex -1.61396 5.823 26.432
      vertex -2.24342 5.9227 26.432
      vertex -2.02652 4.55326 26.8658
    endloop
  endfacet
  facet normal -0.210881 -0.41382 0.885597
    outer loop
      vertex -23.6548 -40.9713 5.05983
      vertex -24.2908 -42.92 3.9978
      vertex -23.2545 -41.125 5.08333
    endloop
  endfacet
  facet normal -0.210952 -0.413753 0.885612
    outer loop
      vertex -24.8587 -42.6307 3.9978
      vertex -23.6548 -40.9713 5.05983
      vertex -23.8223 -40.8356 5.08333
    endloop
  endfacet
  facet normal -0.21082 -0.413842 0.885601
    outer loop
      vertex -23.6548 -40.9713 5.05983
      vertex -24.8587 -42.6307 3.9978
      vertex -24.2908 -42.92 3.9978
    endloop
  endfacet
  facet normal -0.210852 -0.413827 0.885601
    outer loop
      vertex -22.1548 -38.3732 6.631
      vertex -2.87288 -5.823 26.432
      vertex -3.44073 -5.53367 26.432
    endloop
  endfacet
  facet normal -0.210904 -0.413797 0.885602
    outer loop
      vertex -2.87288 -5.823 26.432
      vertex -22.1548 -38.3732 6.631
      vertex -21.8216 -38.6431 6.58424
    endloop
  endfacet
  facet normal -0.210732 -0.413894 0.885598
    outer loop
      vertex -22.1548 -38.3732 6.631
      vertex -3.44073 -5.53367 26.432
      vertex -22.3561 -38.296 6.61918
    endloop
  endfacet
  facet normal 0.141877 -0.278432 0.949919
    outer loop
      vertex -1.83086 -4.45356 26.8658
      vertex -2.02652 -4.55326 26.8658
      vertex -1.04611 -5.53367 26.432
    endloop
  endfacet
  facet normal 0.308651 0.0488952 0.949918
    outer loop
      vertex 6.52382 0 26.432
      vertex 5.15438 0.216898 26.8658
      vertex 5.18874 0 26.8658
    endloop
  endfacet
  facet normal 0.220967 0.220971 0.949919
    outer loop
      vertex 5.68415 1.64795 26.432
      vertex 5.05469 0.412564 26.8658
      vertex 6.1348 1.19731 26.432
    endloop
  endfacet
  facet normal 0.220972 0.220969 0.949918
    outer loop
      vertex 5.05469 0.412564 26.8658
      vertex 5.68415 1.64795 26.432
      vertex 4.89941 0.567846 26.8658
    endloop
  endfacet
  facet normal -0.0488871 -0.30865 0.949918
    outer loop
      vertex -2.46032 -4.55326 26.8658
      vertex -2.87288 -5.823 26.432
      vertex -2.24342 -5.9227 26.432
    endloop
  endfacet
  facet normal -0.0488947 -0.308651 0.949918
    outer loop
      vertex -2.24342 -4.58762 26.8658
      vertex -2.46032 -4.55326 26.8658
      vertex -2.24342 -5.9227 26.432
    endloop
  endfacet
  facet normal -0.14187 0.278439 0.949918
    outer loop
      vertex -2.87288 5.823 26.432
      vertex -3.44073 5.53367 26.432
      vertex -2.46032 4.55326 26.8658
    endloop
  endfacet
  facet normal 0.0488871 -0.30865 0.949918
    outer loop
      vertex -2.02652 -4.55326 26.8658
      vertex -2.24342 -5.9227 26.432
      vertex -1.61396 -5.823 26.432
    endloop
  endfacet
  facet normal -0.30865 0.048882 0.949919
    outer loop
      vertex -4.18071 4.51518 26.432
      vertex -4.2804 3.88572 26.432
      vertex -2.91096 4.10262 26.8658
    endloop
  endfacet
  facet normal 0.451509 -0.230029 0.862105
    outer loop
      vertex 47.1516 -0.629462 5.10203
      vertex 48.9707 -1.19731 3.9978
      vertex 49.26 -0.629462 3.9978
    endloop
  endfacet
  facet normal 0.451507 -0.230036 0.862105
    outer loop
      vertex 47.0231 -0.881678 5.10203
      vertex 48.9707 -1.19731 3.9978
      vertex 47.1516 -0.629462 5.10203
    endloop
  endfacet
  facet normal 0.451514 -0.230008 0.862109
    outer loop
      vertex 48.9707 -1.19731 3.9978
      vertex 47.0231 -0.881678 5.10203
      vertex 46.7075 -1.19731 5.18311
    endloop
  endfacet
  facet normal 0.451504 -0.230045 0.862104
    outer loop
      vertex 6.42413 -0.629462 26.432
      vertex 44.5961 -0.881678 6.37314
      vertex 44.4676 -0.629462 6.50774
    endloop
  endfacet
  facet normal 0.451504 -0.23005 0.862103
    outer loop
      vertex 6.1348 -1.19731 26.432
      vertex 44.5961 -0.881678 6.37314
      vertex 6.42413 -0.629462 26.432
    endloop
  endfacet
  facet normal 0.451499 -0.230094 0.862094
    outer loop
      vertex 44.5961 -0.881678 6.37314
      vertex 6.1348 -1.19731 26.432
      vertex 44.9117 -1.19731 6.12361
    endloop
  endfacet
  facet normal -0.336953 0.337128 -0.879095
    outer loop
      vertex -25.3093 42.18 -3.9978
      vertex -23.8223 40.8356 -5.08333
      vertex -24.0195 40.676 -5.06895
    endloop
  endfacet
  facet normal -0.337079 0.337016 -0.879089
    outer loop
      vertex -25.3093 42.18 -3.9978
      vertex -24.0195 40.676 -5.06895
      vertex -24.2426 40.3324 -5.11513
    endloop
  endfacet
  facet normal -0.337073 0.336998 -0.879098
    outer loop
      vertex -23.8223 40.8356 -5.08333
      vertex -25.3093 42.18 -3.9978
      vertex -24.8587 42.6307 -3.9978
    endloop
  endfacet
  facet normal -0.337039 0.337039 -0.879096
    outer loop
      vertex -22.5929 38.205 -6.56323
      vertex -3.44073 5.53367 -26.432
      vertex -3.89137 5.08303 -26.432
    endloop
  endfacet
  facet normal -0.337187 0.336941 -0.879077
    outer loop
      vertex -3.44073 5.53367 -26.432
      vertex -22.5929 38.205 -6.56323
      vertex -22.3561 38.296 -6.61918
    endloop
  endfacet
  facet normal -0.336997 0.337067 -0.879101
    outer loop
      vertex -22.5929 38.205 -6.56323
      vertex -3.89137 5.08303 -26.432
      vertex -23.002 38.1836 -6.41461
    endloop
  endfacet
  facet normal -0.268985 0.528021 -0.805507
    outer loop
      vertex -24.8587 42.6307 -3.9978
      vertex -25.5262 43.5494 -3.17268
      vertex -24.2908 42.92 -3.9978
    endloop
  endfacet
  facet normal 0.432296 0.848386 0.30555
    outer loop
      vertex -21.0565 44.5679 0.701897
      vertex -22.2919 45.1974 0.701897
      vertex -21.3115 44.217 2.03698
    endloop
  endfacet
  facet normal -0.432296 0.848386 0.30555
    outer loop
      vertex -25.0308 45.1974 0.701897
      vertex -26.2662 44.5679 0.701897
      vertex -26.0112 44.217 2.03698
    endloop
  endfacet
  facet normal -0.432266 0.848392 0.305577
    outer loop
      vertex -25.0308 45.1974 0.701897
      vertex -26.0112 44.217 2.03698
      vertex -24.8968 44.7848 2.03698
    endloop
  endfacet
  facet normal 0.848367 0.432306 0.305589
    outer loop
      vertex 51.5375 1.36944 0.701897
      vertex 50.557 2.34985 2.03698
      vertex 51.1249 1.23539 2.03698
    endloop
  endfacet
  facet normal 0.723903 0.368882 0.583
    outer loop
      vertex 50.557 2.34985 2.03698
      vertex 49.8895 1.86485 3.17268
      vertex 51.1249 1.23539 2.03698
    endloop
  endfacet
  facet normal 0.36165 -0.626396 0.690534
    outer loop
      vertex 6.35169 -2.56675 25.6069
      vertex -21.7965 -43.5494 3.17268
      vertex 49.1876 -2.56675 3.17268
    endloop
  endfacet
  facet normal 0.405266 -0.701943 0.585693
    outer loop
      vertex -21.3115 -44.217 2.03698
      vertex 49.1876 -2.56675 3.17268
      vertex -21.7965 -43.5494 3.17268
    endloop
  endfacet
  facet normal 0.405276 -0.701958 0.585668
    outer loop
      vertex 49.1876 -2.56675 3.17268
      vertex -21.3115 -44.217 2.03698
      vertex 49.6726 -3.23429 2.03698
    endloop
  endfacet
  facet normal 0.574516 -0.57449 0.583003
    outer loop
      vertex 49.8895 -1.86485 3.17268
      vertex 49.6726 -3.23429 2.03698
      vertex 50.557 -2.34985 2.03698
    endloop
  endfacet
  facet normal 0.574497 -0.574497 0.583015
    outer loop
      vertex 49.6726 -3.23429 2.03698
      vertex 49.8895 -1.86485 3.17268
      vertex 49.1876 -2.56675 3.17268
    endloop
  endfacet
  facet normal 0.673299 -0.673268 0.30558
    outer loop
      vertex 49.9276 -3.58524 0.701897
      vertex 50.557 -2.34985 2.03698
      vertex 49.6726 -3.23429 2.03698
    endloop
  endfacet
  facet normal 0.673283 -0.673277 0.305595
    outer loop
      vertex 50.557 -2.34985 2.03698
      vertex 49.9276 -3.58524 0.701897
      vertex 50.908 -2.60483 0.701897
    endloop
  endfacet
  facet normal -0.987687 -0.15644 0
    outer loop
      vertex -27.8761 -42.3521 -0.701897
      vertex -28.093 -40.9827 0.701897
      vertex -28.093 -40.9827 -0.701897
    endloop
  endfacet
  facet normal -0.987687 -0.15644 0
    outer loop
      vertex -28.093 -40.9827 0.701897
      vertex -27.8761 -42.3521 -0.701897
      vertex -27.8761 -42.3521 0.701897
    endloop
  endfacet
  facet normal -0.802432 -0.127113 -0.583048
    outer loop
      vertex -27.4635 -42.2181 -2.03698
      vertex -27.6592 -40.9827 -2.03698
      vertex -26.834 -40.9827 -3.17268
    endloop
  endfacet
  facet normal -0.802485 -0.127036 -0.582992
    outer loop
      vertex -26.6788 -41.9631 -3.17268
      vertex -27.4635 -42.2181 -2.03698
      vertex -26.834 -40.9827 -3.17268
    endloop
  endfacet
  facet normal -0.848395 -0.432301 -0.30552
    outer loop
      vertex -27.2466 -43.5875 -0.701897
      vertex -27.8761 -42.3521 -0.701897
      vertex -26.8957 -43.3326 -2.03698
    endloop
  endfacet
  facet normal -0.14187 -0.278439 -0.949918
    outer loop
      vertex -2.87288 -5.823 -26.432
      vertex -3.44073 -5.53367 -26.432
      vertex -2.46032 -4.55326 -26.8658
    endloop
  endfacet
  facet normal -0.0764174 -0.483291 -0.872118
    outer loop
      vertex -23.6614 -43.0197 -3.9978
      vertex -22.748 -41.1641 -5.10613
      vertex -22.5611 -41.114 -5.15027
    endloop
  endfacet
  facet normal -0.0765707 -0.483228 -0.872139
    outer loop
      vertex -23.6614 -43.0197 -3.9978
      vertex -23.2167 -41.1395 -5.07861
      vertex -22.748 -41.1641 -5.10613
    endloop
  endfacet
  facet normal -0.076472 -0.48325 -0.872136
    outer loop
      vertex -23.6614 -43.0197 -3.9978
      vertex -23.2545 -41.125 -5.08333
      vertex -23.2167 -41.1395 -5.07861
    endloop
  endfacet
  facet normal -0.0765467 -0.483235 -0.872138
    outer loop
      vertex -23.2545 -41.125 -5.08333
      vertex -23.6614 -43.0197 -3.9978
      vertex -24.2908 -42.92 -3.9978
    endloop
  endfacet
  facet normal -0.0765387 -0.483232 -0.87214
    outer loop
      vertex -21.5345 -39.0622 -6.37723
      vertex -2.24342 -5.9227 -26.432
      vertex -21.4844 -39.2491 -6.27807
    endloop
  endfacet
  facet normal -0.0765439 -0.483229 -0.872141
    outer loop
      vertex -21.7901 -38.6686 -6.57288
      vertex -2.24342 -5.9227 -26.432
      vertex -21.5345 -39.0622 -6.37723
    endloop
  endfacet
  facet normal -0.0765389 -0.483232 -0.87214
    outer loop
      vertex -2.24342 -5.9227 -26.432
      vertex -21.7901 -38.6686 -6.57288
      vertex -2.87288 -5.823 -26.432
    endloop
  endfacet
  facet normal -0.0766251 -0.483191 -0.872155
    outer loop
      vertex -2.87288 -5.823 -26.432
      vertex -21.7901 -38.6686 -6.57288
      vertex -21.8216 -38.6431 -6.58424
    endloop
  endfacet
  facet normal -0.337187 -0.336941 -0.879077
    outer loop
      vertex -22.5929 -38.205 -6.56323
      vertex -3.44073 -5.53367 -26.432
      vertex -22.3561 -38.296 -6.61918
    endloop
  endfacet
  facet normal -0.337039 -0.337039 -0.879096
    outer loop
      vertex -3.44073 -5.53367 -26.432
      vertex -22.5929 -38.205 -6.56323
      vertex -3.89137 -5.08303 -26.432
    endloop
  endfacet
  facet normal -0.336997 -0.337067 -0.879101
    outer loop
      vertex -3.89137 -5.08303 -26.432
      vertex -22.5929 -38.205 -6.56323
      vertex -23.002 -38.1836 -6.41461
    endloop
  endfacet
  facet normal -0.337073 -0.336998 -0.879098
    outer loop
      vertex -25.3093 -42.18 -3.9978
      vertex -23.8223 -40.8356 -5.08333
      vertex -24.8587 -42.6307 -3.9978
    endloop
  endfacet
  facet normal -0.336953 -0.337128 -0.879095
    outer loop
      vertex -23.8223 -40.8356 -5.08333
      vertex -25.3093 -42.18 -3.9978
      vertex -24.0195 -40.676 -5.06895
    endloop
  endfacet
  facet normal -0.337079 -0.337016 -0.879089
    outer loop
      vertex -24.0195 -40.676 -5.06895
      vertex -25.3093 -42.18 -3.9978
      vertex -24.2426 -40.3324 -5.11513
    endloop
  endfacet
  facet normal -0.0927059 -0.585247 0.805538
    outer loop
      vertex -24.2908 -42.92 3.9978
      vertex -24.6418 -44.0001 3.17268
      vertex -23.6614 -44.1554 3.17268
    endloop
  endfacet
  facet normal -0.269045 -0.527942 0.805538
    outer loop
      vertex -24.2908 -42.92 3.9978
      vertex -25.5262 -43.5494 3.17268
      vertex -24.6418 -44.0001 3.17268
    endloop
  endfacet
  facet normal -0.278436 0.141873 -0.949919
    outer loop
      vertex -2.91096 4.10262 -26.8658
      vertex -4.18071 4.51518 -26.432
      vertex -3.89137 5.08303 -26.432
    endloop
  endfacet
  facet normal -0.0488947 -0.308651 -0.949918
    outer loop
      vertex -2.24342 -5.9227 -26.432
      vertex -2.46032 -4.55326 -26.8658
      vertex -2.24342 -4.58762 -26.8658
    endloop
  endfacet
  facet normal -0.278441 -0.141867 -0.949918
    outer loop
      vertex -2.81127 -4.29828 -26.8658
      vertex -3.89137 -5.08303 -26.432
      vertex -2.91096 -4.10262 -26.8658
    endloop
  endfacet
  facet normal -0.14187 0.278439 -0.949918
    outer loop
      vertex -2.46032 4.55326 -26.8658
      vertex -3.44073 5.53367 -26.432
      vertex -2.87288 5.823 -26.432
    endloop
  endfacet
  facet normal -0.0488871 0.30865 -0.949918
    outer loop
      vertex -2.46032 4.55326 -26.8658
      vertex -2.87288 5.823 -26.432
      vertex -2.24342 5.9227 -26.432
    endloop
  endfacet
  facet normal -0.30865 -0.048882 -0.949919
    outer loop
      vertex -4.18071 -4.51518 -26.432
      vertex -4.2804 -3.88572 -26.432
      vertex -2.91096 -4.10262 -26.8658
    endloop
  endfacet
  facet normal -0.585239 -0.0926866 -0.805546
    outer loop
      vertex -4.18071 -4.51518 -26.432
      vertex -5.4161 -3.88572 -25.6069
      vertex -4.2804 -3.88572 -26.432
    endloop
  endfacet
  facet normal 0.148946 -0.940439 0.305598
    outer loop
      vertex -22.426 -44.7848 2.03698
      vertex -23.6614 -45.4143 0.701897
      vertex -22.2919 -45.1974 0.701897
    endloop
  endfacet
  facet normal 0.148976 -0.940442 0.305572
    outer loop
      vertex -23.6614 -44.9805 2.03698
      vertex -23.6614 -45.4143 0.701897
      vertex -22.426 -44.7848 2.03698
    endloop
  endfacet
  facet normal 0.127119 -0.802465 -0.583001
    outer loop
      vertex -22.426 -44.7848 -2.03698
      vertex -23.6614 -44.9805 -2.03698
      vertex -23.6614 -44.1554 -3.17268
    endloop
  endfacet
  facet normal 0.432296 -0.848386 -0.30555
    outer loop
      vertex -21.0565 -44.5679 -0.701897
      vertex -22.2919 -45.1974 -0.701897
      vertex -21.3115 -44.217 -2.03698
    endloop
  endfacet
  facet normal -0.127119 -0.802465 -0.583001
    outer loop
      vertex -23.6614 -44.9805 -2.03698
      vertex -24.8968 -44.7848 -2.03698
      vertex -23.6614 -44.1554 -3.17268
    endloop
  endfacet
  facet normal -0.432296 -0.848386 -0.30555
    outer loop
      vertex -25.0308 -45.1974 -0.701897
      vertex -26.2662 -44.5679 -0.701897
      vertex -26.0112 -44.217 -2.03698
    endloop
  endfacet
  facet normal 0.269002 0.527954 -0.805544
    outer loop
      vertex -1.04611 5.53367 -26.432
      vertex -1.61396 5.823 -26.432
      vertex -0.378569 6.45247 -25.6069
    endloop
  endfacet
  facet normal 0.220967 0.220971 -0.949919
    outer loop
      vertex 5.05469 0.412564 -26.8658
      vertex 5.68415 1.64795 -26.432
      vertex 6.1348 1.19731 -26.432
    endloop
  endfacet
  facet normal 0.220972 0.220969 -0.949918
    outer loop
      vertex 5.68415 1.64795 -26.432
      vertex 5.05469 0.412564 -26.8658
      vertex 4.89941 0.567846 -26.8658
    endloop
  endfacet
  facet normal 0.432231 0.848399 -0.305608
    outer loop
      vertex -21.3115 44.217 -2.03698
      vertex -22.426 44.7848 -2.03698
      vertex -22.2919 45.1974 -0.701897
    endloop
  endfacet
  facet normal 0.368808 0.723912 -0.583037
    outer loop
      vertex -21.7965 43.5494 -3.17268
      vertex -22.426 44.7848 -2.03698
      vertex -21.3115 44.217 -2.03698
    endloop
  endfacet
  facet normal -0.802432 -0.127113 0.583048
    outer loop
      vertex -26.834 -40.9827 3.17268
      vertex -27.6592 -40.9827 2.03698
      vertex -27.4635 -42.2181 2.03698
    endloop
  endfacet
  facet normal -0.940442 -0.148976 0.305572
    outer loop
      vertex -27.6592 -40.9827 2.03698
      vertex -28.093 -40.9827 0.701897
      vertex -27.4635 -42.2181 2.03698
    endloop
  endfacet
  facet normal 0.269002 0.527954 0.805544
    outer loop
      vertex -0.378569 6.45247 25.6069
      vertex -1.61396 5.823 26.432
      vertex -1.04611 5.53367 26.432
    endloop
  endfacet
  facet normal 0.269003 0.527954 0.805545
    outer loop
      vertex -1.26301 6.90311 25.6069
      vertex -1.61396 5.823 26.432
      vertex -0.378569 6.45247 25.6069
    endloop
  endfacet
  facet normal 0.142619 0.57118 0.808339
    outer loop
      vertex -23.0319 42.92 3.9978
      vertex -1.26301 6.90311 25.6069
      vertex -22.681 44.0001 3.17268
    endloop
  endfacet
  facet normal 0.142592 0.571171 0.808351
    outer loop
      vertex -1.26301 6.90311 25.6069
      vertex -23.0319 42.92 3.9978
      vertex -1.61396 5.823 26.432
    endloop
  endfacet
  facet normal -0.210904 0.413797 0.885602
    outer loop
      vertex -22.1548 38.3732 6.631
      vertex -2.87288 5.823 26.432
      vertex -21.8216 38.6431 6.58424
    endloop
  endfacet
  facet normal -0.210852 0.413827 0.885601
    outer loop
      vertex -2.87288 5.823 26.432
      vertex -22.1548 38.3732 6.631
      vertex -3.44073 5.53367 26.432
    endloop
  endfacet
  facet normal -0.210732 0.413894 0.885598
    outer loop
      vertex -3.44073 5.53367 26.432
      vertex -22.1548 38.3732 6.631
      vertex -22.3561 38.296 6.61918
    endloop
  endfacet
  facet normal -0.210881 0.41382 0.885597
    outer loop
      vertex -24.2908 42.92 3.9978
      vertex -23.6548 40.9713 5.05983
      vertex -23.2545 41.125 5.08333
    endloop
  endfacet
  facet normal -0.21082 0.413842 0.885601
    outer loop
      vertex -24.8587 42.6307 3.9978
      vertex -23.6548 40.9713 5.05983
      vertex -24.2908 42.92 3.9978
    endloop
  endfacet
  facet normal -0.210952 0.413753 0.885612
    outer loop
      vertex -23.6548 40.9713 5.05983
      vertex -24.8587 42.6307 3.9978
      vertex -23.8223 40.8356 5.08333
    endloop
  endfacet
  facet normal -0.278436 0.141873 0.949919
    outer loop
      vertex -3.89137 5.08303 26.432
      vertex -4.18071 4.51518 26.432
      vertex -2.91096 4.10262 26.8658
    endloop
  endfacet
  facet normal 0.418988 0.418988 0.805542
    outer loop
      vertex 6.35169 2.56675 25.6069
      vertex 6.1348 1.19731 26.432
      vertex 7.05359 1.86485 25.6069
    endloop
  endfacet
  facet normal 0.418981 0.41899 0.805545
    outer loop
      vertex 6.1348 1.19731 26.432
      vertex 6.35169 2.56675 25.6069
      vertex 5.68415 1.64795 26.432
    endloop
  endfacet
  facet normal 0.0874394 -0.551975 0.829263
    outer loop
      vertex -1.61396 -5.823 26.432
      vertex -21.4844 -39.2491 6.27807
      vertex -21.413 -39.5155 6.09322
    endloop
  endfacet
  facet normal 0.0874264 -0.55197 0.829268
    outer loop
      vertex -21.4844 -39.2491 6.27807
      vertex -1.61396 -5.823 26.432
      vertex -2.24342 -5.9227 26.432
    endloop
  endfacet
  facet normal 0.0875793 -0.552027 0.829214
    outer loop
      vertex -21.4376 -39.9841 5.78386
      vertex -1.61396 -5.823 26.432
      vertex -21.413 -39.5155 6.09322
    endloop
  endfacet
  facet normal 0.087065 -0.551838 0.829394
    outer loop
      vertex -21.6058 -40.4223 5.50996
      vertex -1.61396 -5.823 26.432
      vertex -21.4376 -39.9841 5.78386
    endloop
  endfacet
  facet normal 0.0878761 -0.552135 0.829111
    outer loop
      vertex -21.6058 -40.4223 5.50996
      vertex -23.0319 -42.92 3.9978
      vertex -1.61396 -5.823 26.432
    endloop
  endfacet
  facet normal 0.0874051 -0.551965 0.829274
    outer loop
      vertex -21.9011 -40.787 5.29834
      vertex -23.0319 -42.92 3.9978
      vertex -21.6058 -40.4223 5.50996
    endloop
  endfacet
  facet normal 0.087412 -0.551967 0.829272
    outer loop
      vertex -22.2947 -41.0426 5.1697
      vertex -23.0319 -42.92 3.9978
      vertex -21.9011 -40.787 5.29834
    endloop
  endfacet
  facet normal 0.0874576 -0.551978 0.82926
    outer loop
      vertex -22.5611 -41.114 5.15027
      vertex -23.0319 -42.92 3.9978
      vertex -22.2947 -41.0426 5.1697
    endloop
  endfacet
  facet normal 0.0874213 -0.551973 0.829267
    outer loop
      vertex -23.0319 -42.92 3.9978
      vertex -22.5611 -41.114 5.15027
      vertex -23.6614 -43.0197 3.9978
    endloop
  endfacet
  facet normal 0 0 1
    outer loop
      vertex 5.15438 0.216898 26.8658
      vertex 5.15438 -0.216898 26.8658
      vertex 5.18874 0 26.8658
    endloop
  endfacet
  facet normal 0 0 1
    outer loop
      vertex 5.05469 0.412564 26.8658
      vertex 5.15438 -0.216898 26.8658
      vertex 5.15438 0.216898 26.8658
    endloop
  endfacet
  facet normal 0 0 1
    outer loop
      vertex 5.05469 0.412564 26.8658
      vertex 5.05469 -0.412564 26.8658
      vertex 5.15438 -0.216898 26.8658
    endloop
  endfacet
  facet normal 0 0 1
    outer loop
      vertex 4.89941 0.567846 26.8658
      vertex 5.05469 -0.412564 26.8658
      vertex 5.05469 0.412564 26.8658
    endloop
  endfacet
  facet normal 0 0 1
    outer loop
      vertex 4.89941 0.567846 26.8658
      vertex 4.89941 -0.567846 26.8658
      vertex 5.05469 -0.412564 26.8658
    endloop
  endfacet
  facet normal 0 0 1
    outer loop
      vertex 4.89941 0.567846 26.8658
      vertex 2.5 0 26.8658
      vertex 4.89941 -0.567846 26.8658
    endloop
  endfacet
  facet normal 0 0 1
    outer loop
      vertex 4.89941 0.567846 26.8658
      vertex 2.37764 0.772542 26.8658
      vertex 2.5 0 26.8658
    endloop
  endfacet
  facet normal 0 0 1
    outer loop
      vertex 4.89941 0.567846 26.8658
      vertex 2.02254 1.46946 26.8658
      vertex 2.37764 0.772542 26.8658
    endloop
  endfacet
  facet normal 0 0 1
    outer loop
      vertex 4.89941 0.567846 26.8658
      vertex 1.46946 2.02254 26.8658
      vertex 2.02254 1.46946 26.8658
    endloop
  endfacet
  facet normal 0 0 1
    outer loop
      vertex -1.83086 4.45356 26.8658
      vertex 1.46946 2.02254 26.8658
      vertex 4.89941 0.567846 26.8658
    endloop
  endfacet
  facet normal 0 0 1
    outer loop
      vertex 1.46946 2.02254 26.8658
      vertex -1.83086 4.45356 26.8658
      vertex 0.772542 2.37764 26.8658
    endloop
  endfacet
  facet normal 0 0 1
    outer loop
      vertex -1.83086 4.45356 26.8658
      vertex 0 2.5 26.8658
      vertex 0.772542 2.37764 26.8658
    endloop
  endfacet
  facet normal 0 0 1
    outer loop
      vertex -1.83086 4.45356 26.8658
      vertex -0.772542 2.37764 26.8658
      vertex 0 2.5 26.8658
    endloop
  endfacet
  facet normal 0 0 1
    outer loop
      vertex -1.83086 4.45356 26.8658
      vertex -1.46946 2.02254 26.8658
      vertex -0.772542 2.37764 26.8658
    endloop
  endfacet
  facet normal -0 0 1
    outer loop
      vertex -2.94532 3.88572 26.8658
      vertex -1.46946 2.02254 26.8658
      vertex -1.83086 4.45356 26.8658
    endloop
  endfacet
  facet normal 0 0 1
    outer loop
      vertex -2.94532 3.88572 26.8658
      vertex -1.83086 4.45356 26.8658
      vertex -2.02652 4.55326 26.8658
    endloop
  endfacet
  facet normal 0 0 1
    outer loop
      vertex -2.94532 3.88572 26.8658
      vertex -2.02652 4.55326 26.8658
      vertex -2.24342 4.58762 26.8658
    endloop
  endfacet
  facet normal 0 0 1
    outer loop
      vertex -1.46946 2.02254 26.8658
      vertex -2.94532 3.88572 26.8658
      vertex -2.02254 1.46946 26.8658
    endloop
  endfacet
  facet normal 0 0 1
    outer loop
      vertex -2.94532 3.88572 26.8658
      vertex -2.24342 4.58762 26.8658
      vertex -2.46032 4.55326 26.8658
    endloop
  endfacet
  facet normal 0 0 1
    outer loop
      vertex -2.02254 1.46946 26.8658
      vertex -2.94532 3.88572 26.8658
      vertex -2.37764 0.772542 26.8658
    endloop
  endfacet
  facet normal 0 0 1
    outer loop
      vertex -2.94532 3.88572 26.8658
      vertex -2.46032 4.55326 26.8658
      vertex -2.65598 4.45356 26.8658
    endloop
  endfacet
  facet normal 0 0 1
    outer loop
      vertex 2.37764 -0.772542 26.8658
      vertex 4.89941 -0.567846 26.8658
      vertex 2.5 0 26.8658
    endloop
  endfacet
  facet normal 0 0 1
    outer loop
      vertex 2.02254 -1.46946 26.8658
      vertex 4.89941 -0.567846 26.8658
      vertex 2.37764 -0.772542 26.8658
    endloop
  endfacet
  facet normal 0 0 1
    outer loop
      vertex 1.46946 -2.02254 26.8658
      vertex 4.89941 -0.567846 26.8658
      vertex 2.02254 -1.46946 26.8658
    endloop
  endfacet
  facet normal 0 0 1
    outer loop
      vertex -1.83086 -4.45356 26.8658
      vertex 1.46946 -2.02254 26.8658
      vertex 0.772542 -2.37764 26.8658
    endloop
  endfacet
  facet normal -0 0 1
    outer loop
      vertex 1.46946 -2.02254 26.8658
      vertex -1.83086 -4.45356 26.8658
      vertex 4.89941 -0.567846 26.8658
    endloop
  endfacet
  facet normal -0 0 1
    outer loop
      vertex 0 -2.5 26.8658
      vertex -1.83086 -4.45356 26.8658
      vertex 0.772542 -2.37764 26.8658
    endloop
  endfacet
  facet normal 0 0 1
    outer loop
      vertex -0.772542 -2.37764 26.8658
      vertex -1.83086 -4.45356 26.8658
      vertex 0 -2.5 26.8658
    endloop
  endfacet
  facet normal 0 0 1
    outer loop
      vertex -1.46946 -2.02254 26.8658
      vertex -1.83086 -4.45356 26.8658
      vertex -0.772542 -2.37764 26.8658
    endloop
  endfacet
  facet normal 0 0 1
    outer loop
      vertex -2.94532 -3.88572 26.8658
      vertex -1.46946 -2.02254 26.8658
      vertex -2.02254 -1.46946 26.8658
    endloop
  endfacet
  facet normal 0 0 1
    outer loop
      vertex -1.46946 -2.02254 26.8658
      vertex -2.94532 -3.88572 26.8658
      vertex -1.83086 -4.45356 26.8658
    endloop
  endfacet
  facet normal 0 0 1
    outer loop
      vertex -1.83086 -4.45356 26.8658
      vertex -2.94532 -3.88572 26.8658
      vertex -2.02652 -4.55326 26.8658
    endloop
  endfacet
  facet normal 0 0 1
    outer loop
      vertex -2.94532 -3.88572 26.8658
      vertex -2.02254 -1.46946 26.8658
      vertex -2.37764 -0.772542 26.8658
    endloop
  endfacet
  facet normal 0 0 1
    outer loop
      vertex -2.02652 -4.55326 26.8658
      vertex -2.94532 -3.88572 26.8658
      vertex -2.24342 -4.58762 26.8658
    endloop
  endfacet
  facet normal 0 0 1
    outer loop
      vertex -2.94532 -3.88572 26.8658
      vertex -2.37764 -0.772542 26.8658
      vertex -2.5 0 26.8658
    endloop
  endfacet
  facet normal 0 0 1
    outer loop
      vertex -2.37764 0.772542 26.8658
      vertex -2.94532 3.88572 26.8658
      vertex -2.5 0 26.8658
    endloop
  endfacet
  facet normal 0 0 1
    outer loop
      vertex -2.94532 -3.88572 26.8658
      vertex -2.5 0 26.8658
      vertex -2.94532 3.88572 26.8658
    endloop
  endfacet
  facet normal 0 0 1
    outer loop
      vertex -2.94532 3.88572 26.8658
      vertex -2.65598 4.45356 26.8658
      vertex -2.81127 4.29828 26.8658
    endloop
  endfacet
  facet normal 0 0 1
    outer loop
      vertex -2.24342 -4.58762 26.8658
      vertex -2.94532 -3.88572 26.8658
      vertex -2.46032 -4.55326 26.8658
    endloop
  endfacet
  facet normal 0 0 1
    outer loop
      vertex -2.94532 3.88572 26.8658
      vertex -2.81127 4.29828 26.8658
      vertex -2.91096 4.10262 26.8658
    endloop
  endfacet
  facet normal 0 0 1
    outer loop
      vertex -2.46032 -4.55326 26.8658
      vertex -2.94532 -3.88572 26.8658
      vertex -2.65598 -4.45356 26.8658
    endloop
  endfacet
  facet normal 0 0 1
    outer loop
      vertex -2.65598 -4.45356 26.8658
      vertex -2.94532 -3.88572 26.8658
      vertex -2.81127 -4.29828 26.8658
    endloop
  endfacet
  facet normal 0 0 1
    outer loop
      vertex -2.81127 -4.29828 26.8658
      vertex -2.94532 -3.88572 26.8658
      vertex -2.91096 -4.10262 26.8658
    endloop
  endfacet
  facet normal -0.0488871 0.30865 0.949918
    outer loop
      vertex -2.24342 5.9227 26.432
      vertex -2.87288 5.823 26.432
      vertex -2.46032 4.55326 26.8658
    endloop
  endfacet
  facet normal -0.14187 -0.278439 0.949918
    outer loop
      vertex -2.46032 -4.55326 26.8658
      vertex -3.44073 -5.53367 26.432
      vertex -2.87288 -5.823 26.432
    endloop
  endfacet
  facet normal -0.22096 0.220974 0.949919
    outer loop
      vertex -3.44073 5.53367 26.432
      vertex -2.81127 4.29828 26.8658
      vertex -2.65598 4.45356 26.8658
    endloop
  endfacet
  facet normal -0.220969 0.220969 0.949918
    outer loop
      vertex -2.81127 4.29828 26.8658
      vertex -3.44073 5.53367 26.432
      vertex -3.89137 5.08303 26.432
    endloop
  endfacet
  facet normal -0.527966 0.269027 -0.805529
    outer loop
      vertex -25.5987 41.6122 -3.9978
      vertex -26.6788 41.9631 -3.17268
      vertex -26.2281 42.8476 -3.17268
    endloop
  endfacet
  facet normal -0.368834 0.723897 -0.583039
    outer loop
      vertex -25.5262 43.5494 -3.17268
      vertex -26.0112 44.217 -2.03698
      vertex -24.8968 44.7848 -2.03698
    endloop
  endfacet
  facet normal -0.472192 0.24025 -0.848124
    outer loop
      vertex -25.5987 41.6122 -3.9978
      vertex -24.3966 39.8291 -5.17217
      vertex -24.3793 39.5002 -5.27497
    endloop
  endfacet
  facet normal -0.471889 0.240516 -0.848217
    outer loop
      vertex -24.3966 39.8291 -5.17217
      vertex -25.5987 41.6122 -3.9978
      vertex -25.3093 42.18 -3.9978
    endloop
  endfacet
  facet normal -0.471853 0.240543 -0.84823
    outer loop
      vertex -24.2751 40.2824 -5.11123
      vertex -25.3093 42.18 -3.9978
      vertex -24.2426 40.3324 -5.11513
    endloop
  endfacet
  facet normal -0.471891 0.240514 -0.848217
    outer loop
      vertex -25.3093 42.18 -3.9978
      vertex -24.2751 40.2824 -5.11123
      vertex -24.3966 39.8291 -5.17217
    endloop
  endfacet
  facet normal -0.47194 0.24047 -0.848202
    outer loop
      vertex -23.0616 38.1805 -6.38234
      vertex -3.89137 5.08303 -26.432
      vertex -4.18071 4.51518 -26.432
    endloop
  endfacet
  facet normal -0.471793 0.240585 -0.848251
    outer loop
      vertex -3.89137 5.08303 -26.432
      vertex -23.0616 38.1805 -6.38234
      vertex -23.002 38.1836 -6.41461
    endloop
  endfacet
  facet normal -0.471988 0.240434 -0.848186
    outer loop
      vertex -4.18071 4.51518 -26.432
      vertex -23.5149 38.3019 -6.09568
      vertex -23.0616 38.1805 -6.38234
    endloop
  endfacet
  facet normal -0.471967 0.24045 -0.848193
    outer loop
      vertex -23.5149 38.3019 -6.09568
      vertex -4.18071 4.51518 -26.432
      vertex -23.791 38.4813 -5.89119
    endloop
  endfacet
  facet normal -0.210852 0.413827 -0.885601
    outer loop
      vertex -22.1548 38.3732 -6.631
      vertex -2.87288 5.823 -26.432
      vertex -3.44073 5.53367 -26.432
    endloop
  endfacet
  facet normal -0.210904 0.413797 -0.885602
    outer loop
      vertex -2.87288 5.823 -26.432
      vertex -22.1548 38.3732 -6.631
      vertex -21.8216 38.6431 -6.58424
    endloop
  endfacet
  facet normal -0.210732 0.413894 -0.885598
    outer loop
      vertex -22.1548 38.3732 -6.631
      vertex -3.44073 5.53367 -26.432
      vertex -22.3561 38.296 -6.61918
    endloop
  endfacet
  facet normal -0.210881 0.41382 -0.885597
    outer loop
      vertex -23.6548 40.9713 -5.05983
      vertex -24.2908 42.92 -3.9978
      vertex -23.2545 41.125 -5.08333
    endloop
  endfacet
  facet normal -0.210952 0.413753 -0.885612
    outer loop
      vertex -24.8587 42.6307 -3.9978
      vertex -23.6548 40.9713 -5.05983
      vertex -23.8223 40.8356 -5.08333
    endloop
  endfacet
  facet normal -0.21082 0.413842 -0.885601
    outer loop
      vertex -23.6548 40.9713 -5.05983
      vertex -24.8587 42.6307 -3.9978
      vertex -24.2908 42.92 -3.9978
    endloop
  endfacet
  facet normal -0.432266 0.848392 -0.305577
    outer loop
      vertex -24.8968 44.7848 -2.03698
      vertex -26.0112 44.217 -2.03698
      vertex -25.0308 45.1974 -0.701897
    endloop
  endfacet
  facet normal -0.148957 0.94044 -0.305588
    outer loop
      vertex -24.8968 44.7848 -2.03698
      vertex -25.0308 45.1974 -0.701897
      vertex -23.6614 45.4143 -0.701897
    endloop
  endfacet
  facet normal -0.269045 0.527942 -0.805538
    outer loop
      vertex -24.2908 42.92 -3.9978
      vertex -25.5262 43.5494 -3.17268
      vertex -24.6418 44.0001 -3.17268
    endloop
  endfacet
  facet normal -0.368905 0.723894 -0.582998
    outer loop
      vertex -24.6418 44.0001 -3.17268
      vertex -25.5262 43.5494 -3.17268
      vertex -24.8968 44.7848 -2.03698
    endloop
  endfacet
  facet normal -0.432296 0.848386 -0.30555
    outer loop
      vertex -26.0112 44.217 -2.03698
      vertex -26.2662 44.5679 -0.701897
      vertex -25.0308 45.1974 -0.701897
    endloop
  endfacet
  facet normal -0.454009 0.890997 0
    outer loop
      vertex -25.0308 45.1974 -0.701897
      vertex -26.2662 44.5679 0.701897
      vertex -25.0308 45.1974 0.701897
    endloop
  endfacet
  facet normal -0.454009 0.890997 0
    outer loop
      vertex -26.2662 44.5679 0.701897
      vertex -25.0308 45.1974 -0.701897
      vertex -26.2662 44.5679 -0.701897
    endloop
  endfacet
  facet normal 0.294942 -0.510854 0.807488
    outer loop
      vertex 5.68415 -1.64795 26.432
      vertex -0.378569 -6.45247 25.6069
      vertex 6.35169 -2.56675 25.6069
    endloop
  endfacet
  facet normal 0.294942 -0.510854 0.807488
    outer loop
      vertex -0.378569 -6.45247 25.6069
      vertex 5.68415 -1.64795 26.432
      vertex -1.04611 -5.53367 26.432
    endloop
  endfacet
  facet normal 0.848367 -0.432306 0.305589
    outer loop
      vertex 51.1249 -1.23539 2.03698
      vertex 50.557 -2.34985 2.03698
      vertex 51.5375 -1.36944 0.701897
    endloop
  endfacet
  facet normal 0.940451 -0.148885 0.30559
    outer loop
      vertex 51.7543 0 0.701897
      vertex 51.1249 -1.23539 2.03698
      vertex 51.5375 -1.36944 0.701897
    endloop
  endfacet
  facet normal 0.0488947 -0.308651 -0.949918
    outer loop
      vertex -2.02652 -4.55326 -26.8658
      vertex -2.24342 -5.9227 -26.432
      vertex -2.24342 -4.58762 -26.8658
    endloop
  endfacet
  facet normal -0.0488947 0.308651 -0.949918
    outer loop
      vertex -2.24342 4.58762 -26.8658
      vertex -2.46032 4.55326 -26.8658
      vertex -2.24342 5.9227 -26.432
    endloop
  endfacet
  facet normal 0.148976 -0.940442 -0.305572
    outer loop
      vertex -22.426 -44.7848 -2.03698
      vertex -23.6614 -45.4143 -0.701897
      vertex -23.6614 -44.9805 -2.03698
    endloop
  endfacet
  facet normal 0.432231 -0.848399 -0.305608
    outer loop
      vertex -22.2919 -45.1974 -0.701897
      vertex -22.426 -44.7848 -2.03698
      vertex -21.3115 -44.217 -2.03698
    endloop
  endfacet
  facet normal -0.432266 -0.848392 -0.305577
    outer loop
      vertex -25.0308 -45.1974 -0.701897
      vertex -26.0112 -44.217 -2.03698
      vertex -24.8968 -44.7848 -2.03698
    endloop
  endfacet
  facet normal -0.368834 -0.723897 -0.583039
    outer loop
      vertex -24.8968 -44.7848 -2.03698
      vertex -26.0112 -44.217 -2.03698
      vertex -25.5262 -43.5494 -3.17268
    endloop
  endfacet
  facet normal 0.127115 -0.802468 -0.582998
    outer loop
      vertex -22.426 -44.7848 -2.03698
      vertex -23.6614 -44.1554 -3.17268
      vertex -22.681 -44.0001 -3.17268
    endloop
  endfacet
  facet normal 0.368871 -0.723909 -0.583001
    outer loop
      vertex -22.426 -44.7848 -2.03698
      vertex -22.681 -44.0001 -3.17268
      vertex -21.7965 -43.5494 -3.17268
    endloop
  endfacet
  facet normal -0.141877 0.278432 -0.949919
    outer loop
      vertex -2.65598 4.45356 -26.8658
      vertex -3.44073 5.53367 -26.432
      vertex -2.46032 4.55326 -26.8658
    endloop
  endfacet
  facet normal 0.0927068 0.585253 0.805534
    outer loop
      vertex -22.681 44.0001 3.17268
      vertex -23.6614 44.1554 3.17268
      vertex -23.0319 42.92 3.9978
    endloop
  endfacet
  facet normal -0.368905 0.723894 0.582998
    outer loop
      vertex -24.8968 44.7848 2.03698
      vertex -25.5262 43.5494 3.17268
      vertex -24.6418 44.0001 3.17268
    endloop
  endfacet
  facet normal -0.0488947 0.308651 0.949918
    outer loop
      vertex -2.24342 5.9227 26.432
      vertex -2.46032 4.55326 26.8658
      vertex -2.24342 4.58762 26.8658
    endloop
  endfacet
  facet normal 0.278442 -0.141863 0.949918
    outer loop
      vertex 5.15438 -0.216898 26.8658
      vertex 5.05469 -0.412564 26.8658
      vertex 6.1348 -1.19731 26.432
    endloop
  endfacet
  facet normal -0.471793 0.240585 0.848251
    outer loop
      vertex -23.0616 38.1805 6.38234
      vertex -3.89137 5.08303 26.432
      vertex -23.002 38.1836 6.41461
    endloop
  endfacet
  facet normal -0.47194 0.24047 0.848202
    outer loop
      vertex -3.89137 5.08303 26.432
      vertex -23.0616 38.1805 6.38234
      vertex -4.18071 4.51518 26.432
    endloop
  endfacet
  facet normal -0.471988 0.240434 0.848186
    outer loop
      vertex -23.5149 38.3019 6.09568
      vertex -4.18071 4.51518 26.432
      vertex -23.0616 38.1805 6.38234
    endloop
  endfacet
  facet normal -0.471967 0.24045 0.848193
    outer loop
      vertex -4.18071 4.51518 26.432
      vertex -23.5149 38.3019 6.09568
      vertex -23.791 38.4813 5.89119
    endloop
  endfacet
  facet normal -0.471862 0.240549 0.848223
    outer loop
      vertex -24.2426 40.3324 5.11513
      vertex -25.5987 41.6122 3.9978
      vertex -24.2751 40.2824 5.11123
    endloop
  endfacet
  facet normal -0.471889 0.240515 0.848218
    outer loop
      vertex -25.5987 41.6122 3.9978
      vertex -24.2426 40.3324 5.11513
      vertex -25.3093 42.18 3.9978
    endloop
  endfacet
  facet normal -0.471891 0.240514 0.848217
    outer loop
      vertex -24.2751 40.2824 5.11123
      vertex -25.5987 41.6122 3.9978
      vertex -24.3966 39.8291 5.17217
    endloop
  endfacet
  facet normal -0.472192 0.24025 0.848124
    outer loop
      vertex -24.3966 39.8291 5.17217
      vertex -25.5987 41.6122 3.9978
      vertex -24.3793 39.5002 5.27497
    endloop
  endfacet
  facet normal -0.308651 0.0488947 0.949918
    outer loop
      vertex -2.91096 4.10262 26.8658
      vertex -4.2804 3.88572 26.432
      vertex -2.94532 3.88572 26.8658
    endloop
  endfacet
  facet normal 0.278442 0.141863 0.949918
    outer loop
      vertex 6.1348 1.19731 26.432
      vertex 5.05469 0.412564 26.8658
      vertex 5.15438 0.216898 26.8658
    endloop
  endfacet
  facet normal 0.462708 0.0732879 0.883476
    outer loop
      vertex 49.26 0.629462 3.9978
      vertex 47.3096 0 5.07151
      vertex 49.3597 0 3.9978
    endloop
  endfacet
  facet normal 0.462713 0.0732714 0.883475
    outer loop
      vertex 49.26 0.629462 3.9978
      vertex 47.2362 0.463525 5.07151
      vertex 47.3096 0 5.07151
    endloop
  endfacet
  facet normal 0.462699 0.0734063 0.883471
    outer loop
      vertex 47.2362 0.463525 5.07151
      vertex 49.26 0.629462 3.9978
      vertex 47.1516 0.629462 5.10203
    endloop
  endfacet
  facet normal 0.462699 0.0733023 0.88348
    outer loop
      vertex 44.383 0.463525 6.56579
      vertex 6.52382 0 26.432
      vertex 44.3096 0 6.64269
    endloop
  endfacet
  facet normal 0.462704 0.073171 0.883488
    outer loop
      vertex 6.42413 0.629462 26.432
      vertex 44.383 0.463525 6.56579
      vertex 44.4676 0.629462 6.50774
    endloop
  endfacet
  facet normal 0.4627 0.0732794 0.883481
    outer loop
      vertex 44.383 0.463525 6.56579
      vertex 6.42413 0.629462 26.432
      vertex 6.52382 0 26.432
    endloop
  endfacet
  facet normal -0.127119 0.802465 -0.583001
    outer loop
      vertex -23.6614 44.1554 -3.17268
      vertex -24.8968 44.7848 -2.03698
      vertex -23.6614 44.9805 -2.03698
    endloop
  endfacet
  facet normal -0.148976 0.940442 -0.305572
    outer loop
      vertex -23.6614 44.9805 -2.03698
      vertex -24.8968 44.7848 -2.03698
      vertex -23.6614 45.4143 -0.701897
    endloop
  endfacet
  facet normal -0.127115 0.802468 -0.582998
    outer loop
      vertex -24.6418 44.0001 -3.17268
      vertex -24.8968 44.7848 -2.03698
      vertex -23.6614 44.1554 -3.17268
    endloop
  endfacet
  facet normal -0.0927059 0.585247 -0.805538
    outer loop
      vertex -24.2908 42.92 -3.9978
      vertex -24.6418 44.0001 -3.17268
      vertex -23.6614 44.1554 -3.17268
    endloop
  endfacet
  facet normal 0.802436 -0.127108 0.583043
    outer loop
      vertex 50.4954 0 3.17268
      vertex 50.3401 -0.980411 3.17268
      vertex 51.1249 -1.23539 2.03698
    endloop
  endfacet
  facet normal 0.58525 -0.0927054 0.805536
    outer loop
      vertex 50.4954 0 3.17268
      vertex 49.26 -0.629462 3.9978
      vertex 50.3401 -0.980411 3.17268
    endloop
  endfacet
  facet normal -0.127115 -0.802468 -0.582998
    outer loop
      vertex -23.6614 -44.1554 -3.17268
      vertex -24.8968 -44.7848 -2.03698
      vertex -24.6418 -44.0001 -3.17268
    endloop
  endfacet
  facet normal -0.368905 -0.723894 -0.582998
    outer loop
      vertex -24.8968 -44.7848 -2.03698
      vertex -25.5262 -43.5494 -3.17268
      vertex -24.6418 -44.0001 -3.17268
    endloop
  endfacet
  facet normal -0.092706 0.585247 0.805538
    outer loop
      vertex -23.6614 44.1554 3.17268
      vertex -24.2908 42.92 3.9978
      vertex -23.6614 43.0197 3.9978
    endloop
  endfacet
  facet normal -0.269045 0.527942 0.805538
    outer loop
      vertex -24.6418 44.0001 3.17268
      vertex -25.5262 43.5494 3.17268
      vertex -24.2908 42.92 3.9978
    endloop
  endfacet
  facet normal 0.127119 0.802465 0.583001
    outer loop
      vertex -23.6614 44.9805 2.03698
      vertex -23.6614 44.1554 3.17268
      vertex -22.426 44.7848 2.03698
    endloop
  endfacet
  facet normal -0.127119 0.802465 0.583001
    outer loop
      vertex -23.6614 44.9805 2.03698
      vertex -24.8968 44.7848 2.03698
      vertex -23.6614 44.1554 3.17268
    endloop
  endfacet
  facet normal -0.891005 -0.453993 0
    outer loop
      vertex 2.37764 0.772542 -26.8658
      vertex 2.02254 1.46946 26.8658
      vertex 2.02254 1.46946 -26.8658
    endloop
  endfacet
  facet normal -0.891005 -0.453993 0
    outer loop
      vertex 2.02254 1.46946 26.8658
      vertex 2.37764 0.772542 -26.8658
      vertex 2.37764 0.772542 26.8658
    endloop
  endfacet
  facet normal -0.987688 -0.156436 0
    outer loop
      vertex 2.5 0 -26.8658
      vertex 2.37764 0.772542 26.8658
      vertex 2.37764 0.772542 -26.8658
    endloop
  endfacet
  facet normal -0.987688 -0.156436 0
    outer loop
      vertex 2.37764 0.772542 26.8658
      vertex 2.5 0 -26.8658
      vertex 2.5 0 26.8658
    endloop
  endfacet
  facet normal -0.707107 -0.707107 0
    outer loop
      vertex 2.02254 1.46946 -26.8658
      vertex 1.46946 2.02254 26.8658
      vertex 1.46946 2.02254 -26.8658
    endloop
  endfacet
  facet normal -0.707107 -0.707107 0
    outer loop
      vertex 1.46946 2.02254 26.8658
      vertex 2.02254 1.46946 -26.8658
      vertex 2.02254 1.46946 26.8658
    endloop
  endfacet
  facet normal -0.156436 -0.987688 0
    outer loop
      vertex 0 2.5 -26.8658
      vertex 0.772542 2.37764 26.8658
      vertex 0 2.5 26.8658
    endloop
  endfacet
  facet normal -0.156436 -0.987688 -0
    outer loop
      vertex 0.772542 2.37764 26.8658
      vertex 0 2.5 -26.8658
      vertex 0.772542 2.37764 -26.8658
    endloop
  endfacet
  facet normal 0.987688 -0.156436 0
    outer loop
      vertex -2.5 0 26.8658
      vertex -2.37764 0.772542 -26.8658
      vertex -2.37764 0.772542 26.8658
    endloop
  endfacet
  facet normal 0.987688 -0.156436 0
    outer loop
      vertex -2.37764 0.772542 -26.8658
      vertex -2.5 0 26.8658
      vertex -2.5 0 -26.8658
    endloop
  endfacet
  facet normal -0.891005 0.453993 0
    outer loop
      vertex 2.02254 -1.46946 -26.8658
      vertex 2.37764 -0.772542 26.8658
      vertex 2.37764 -0.772542 -26.8658
    endloop
  endfacet
  facet normal -0.891005 0.453993 0
    outer loop
      vertex 2.37764 -0.772542 26.8658
      vertex 2.02254 -1.46946 -26.8658
      vertex 2.02254 -1.46946 26.8658
    endloop
  endfacet
  facet normal -0.453993 -0.891005 0
    outer loop
      vertex 0.772542 2.37764 -26.8658
      vertex 1.46946 2.02254 26.8658
      vertex 0.772542 2.37764 26.8658
    endloop
  endfacet
  facet normal -0.453993 -0.891005 -0
    outer loop
      vertex 1.46946 2.02254 26.8658
      vertex 0.772542 2.37764 -26.8658
      vertex 1.46946 2.02254 -26.8658
    endloop
  endfacet
  facet normal 0.453993 -0.891005 0
    outer loop
      vertex -1.46946 2.02254 -26.8658
      vertex -0.772542 2.37764 26.8658
      vertex -1.46946 2.02254 26.8658
    endloop
  endfacet
  facet normal 0.453993 -0.891005 0
    outer loop
      vertex -0.772542 2.37764 26.8658
      vertex -1.46946 2.02254 -26.8658
      vertex -0.772542 2.37764 -26.8658
    endloop
  endfacet
  facet normal 0.156436 0.987688 -0
    outer loop
      vertex 0 -2.5 -26.8658
      vertex -0.772542 -2.37764 26.8658
      vertex 0 -2.5 26.8658
    endloop
  endfacet
  facet normal 0.156436 0.987688 0
    outer loop
      vertex -0.772542 -2.37764 26.8658
      vertex 0 -2.5 -26.8658
      vertex -0.772542 -2.37764 -26.8658
    endloop
  endfacet
  facet normal -0.707107 0.707107 0
    outer loop
      vertex 1.46946 -2.02254 -26.8658
      vertex 2.02254 -1.46946 26.8658
      vertex 2.02254 -1.46946 -26.8658
    endloop
  endfacet
  facet normal -0.707107 0.707107 0
    outer loop
      vertex 2.02254 -1.46946 26.8658
      vertex 1.46946 -2.02254 -26.8658
      vertex 1.46946 -2.02254 26.8658
    endloop
  endfacet
  facet normal 0.891005 0.453993 0
    outer loop
      vertex -2.02254 -1.46946 26.8658
      vertex -2.37764 -0.772542 -26.8658
      vertex -2.37764 -0.772542 26.8658
    endloop
  endfacet
  facet normal 0.891005 0.453993 0
    outer loop
      vertex -2.37764 -0.772542 -26.8658
      vertex -2.02254 -1.46946 26.8658
      vertex -2.02254 -1.46946 -26.8658
    endloop
  endfacet
  facet normal 0.156436 -0.987688 0
    outer loop
      vertex -0.772542 2.37764 -26.8658
      vertex 0 2.5 26.8658
      vertex -0.772542 2.37764 26.8658
    endloop
  endfacet
  facet normal 0.156436 -0.987688 0
    outer loop
      vertex 0 2.5 26.8658
      vertex -0.772542 2.37764 -26.8658
      vertex 0 2.5 -26.8658
    endloop
  endfacet
  facet normal -0.453993 0.891005 0
    outer loop
      vertex 1.46946 -2.02254 -26.8658
      vertex 0.772542 -2.37764 26.8658
      vertex 1.46946 -2.02254 26.8658
    endloop
  endfacet
  facet normal -0.453993 0.891005 0
    outer loop
      vertex 0.772542 -2.37764 26.8658
      vertex 1.46946 -2.02254 -26.8658
      vertex 0.772542 -2.37764 -26.8658
    endloop
  endfacet
  facet normal -0.156436 0.987688 0
    outer loop
      vertex 0.772542 -2.37764 -26.8658
      vertex 0 -2.5 26.8658
      vertex 0.772542 -2.37764 26.8658
    endloop
  endfacet
  facet normal -0.156436 0.987688 0
    outer loop
      vertex 0 -2.5 26.8658
      vertex 0.772542 -2.37764 -26.8658
      vertex 0 -2.5 -26.8658
    endloop
  endfacet
  facet normal 0.987688 0.156436 0
    outer loop
      vertex -2.37764 -0.772542 26.8658
      vertex -2.5 0 -26.8658
      vertex -2.5 0 26.8658
    endloop
  endfacet
  facet normal 0.987688 0.156436 0
    outer loop
      vertex -2.5 0 -26.8658
      vertex -2.37764 -0.772542 26.8658
      vertex -2.37764 -0.772542 -26.8658
    endloop
  endfacet
  facet normal 0.891005 -0.453993 0
    outer loop
      vertex -2.37764 0.772542 26.8658
      vertex -2.02254 1.46946 -26.8658
      vertex -2.02254 1.46946 26.8658
    endloop
  endfacet
  facet normal 0.891005 -0.453993 0
    outer loop
      vertex -2.02254 1.46946 -26.8658
      vertex -2.37764 0.772542 26.8658
      vertex -2.37764 0.772542 -26.8658
    endloop
  endfacet
  facet normal 0.707107 -0.707107 0
    outer loop
      vertex -2.02254 1.46946 26.8658
      vertex -1.46946 2.02254 -26.8658
      vertex -1.46946 2.02254 26.8658
    endloop
  endfacet
  facet normal 0.707107 -0.707107 0
    outer loop
      vertex -1.46946 2.02254 -26.8658
      vertex -2.02254 1.46946 26.8658
      vertex -2.02254 1.46946 -26.8658
    endloop
  endfacet
  facet normal -0.987688 0.156436 0
    outer loop
      vertex 2.37764 -0.772542 -26.8658
      vertex 2.5 0 26.8658
      vertex 2.5 0 -26.8658
    endloop
  endfacet
  facet normal -0.987688 0.156436 0
    outer loop
      vertex 2.5 0 26.8658
      vertex 2.37764 -0.772542 -26.8658
      vertex 2.37764 -0.772542 26.8658
    endloop
  endfacet
  facet normal 0.707107 0.707107 0
    outer loop
      vertex -1.46946 -2.02254 26.8658
      vertex -2.02254 -1.46946 -26.8658
      vertex -2.02254 -1.46946 26.8658
    endloop
  endfacet
  facet normal 0.707107 0.707107 0
    outer loop
      vertex -2.02254 -1.46946 -26.8658
      vertex -1.46946 -2.02254 26.8658
      vertex -1.46946 -2.02254 -26.8658
    endloop
  endfacet
  facet normal 0.453993 0.891005 -0
    outer loop
      vertex -0.772542 -2.37764 -26.8658
      vertex -1.46946 -2.02254 26.8658
      vertex -0.772542 -2.37764 26.8658
    endloop
  endfacet
  facet normal 0.453993 0.891005 0
    outer loop
      vertex -1.46946 -2.02254 26.8658
      vertex -0.772542 -2.37764 -26.8658
      vertex -1.46946 -2.02254 -26.8658
    endloop
  endfacet
endsolid OpenSCAD_Model
