solid OpenSCAD_Model
  facet normal -0.156453 -0.987685 0
    outer loop
      vertex 37.909 1.5 5.02042
      vertex 38.3725 1.42658 -4.81549
      vertex 38.3725 1.42658 4.81549
    endloop
  endfacet
  facet normal -0.156453 -0.987685 0
    outer loop
      vertex 38.3725 1.42658 -4.81549
      vertex 37.909 1.5 5.02042
      vertex 37.909 1.5 -5.02042
    endloop
  endfacet
  facet normal -0.891018 -0.453948 0.0043603
    outer loop
      vertex 39.3356 0.463525 -4.65753
      vertex 39.1225 0.881678 -4.6704
      vertex 39.2999 0.533474 -4.6704
    endloop
  endfacet
  facet normal -0.890972 -0.454059 0
    outer loop
      vertex 39.1225 0.881678 -4.6704
      vertex 39.3356 0.463525 -4.65753
      vertex 39.1225 0.881678 4.6704
    endloop
  endfacet
  facet normal -0.890972 -0.454059 -0
    outer loop
      vertex 39.3356 0.463525 4.65753
      vertex 39.1225 0.881678 4.6704
      vertex 39.3356 0.463525 -4.65753
    endloop
  endfacet
  facet normal -0.891018 -0.453948 -0.0043603
    outer loop
      vertex 39.1225 0.881678 4.6704
      vertex 39.3356 0.463525 4.65753
      vertex 39.2999 0.533474 4.6704
    endloop
  endfacet
  facet normal -0.987693 -0.156403 0
    outer loop
      vertex 39.409 0 -4.65753
      vertex 39.3356 0.463525 4.65753
      vertex 39.3356 0.463525 -4.65753
    endloop
  endfacet
  facet normal -0.987693 -0.156403 0
    outer loop
      vertex 39.3356 0.463525 4.65753
      vertex 39.409 0 -4.65753
      vertex 39.409 0 4.65753
    endloop
  endfacet
  facet normal -0.707083 -0.707129 0.00125549
    outer loop
      vertex 38.7907 1.21352 4.70626
      vertex 39.1225 0.881678 4.6704
      vertex 38.9895 1.01473 4.70458
    endloop
  endfacet
  facet normal -0.707152 -0.707062 0
    outer loop
      vertex 38.7907 1.21352 4.70626
      vertex 39.1225 0.881678 -4.6704
      vertex 39.1225 0.881678 4.6704
    endloop
  endfacet
  facet normal -0.707152 -0.707062 0
    outer loop
      vertex 38.7907 1.21352 -4.70626
      vertex 39.1225 0.881678 -4.6704
      vertex 38.7907 1.21352 4.70626
    endloop
  endfacet
  facet normal -0.707083 -0.707129 -0.00125549
    outer loop
      vertex 39.1225 0.881678 -4.6704
      vertex 38.7907 1.21352 -4.70626
      vertex 38.9895 1.01473 -4.70458
    endloop
  endfacet
  facet normal -0.707083 0.707129 0.00125549
    outer loop
      vertex 39.1225 -0.881678 4.6704
      vertex 38.7907 -1.21352 4.70626
      vertex 38.9895 -1.01473 4.70458
    endloop
  endfacet
  facet normal -0.707152 0.707062 0
    outer loop
      vertex 39.1225 -0.881678 -4.6704
      vertex 38.7907 -1.21352 4.70626
      vertex 39.1225 -0.881678 4.6704
    endloop
  endfacet
  facet normal -0.707083 0.707129 -0.00125549
    outer loop
      vertex 38.7907 -1.21352 -4.70626
      vertex 39.1225 -0.881678 -4.6704
      vertex 38.9895 -1.01473 -4.70458
    endloop
  endfacet
  facet normal -0.707152 0.707062 0
    outer loop
      vertex 39.1225 -0.881678 -4.6704
      vertex 38.7907 -1.21352 -4.70626
      vertex 38.7907 -1.21352 4.70626
    endloop
  endfacet
  facet normal -0.453951 0.891027 0
    outer loop
      vertex 38.7907 -1.21352 -4.70626
      vertex 38.3725 -1.42658 4.81549
      vertex 38.7907 -1.21352 4.70626
    endloop
  endfacet
  facet normal -0.453951 0.891027 0
    outer loop
      vertex 38.3725 -1.42658 4.81549
      vertex 38.7907 -1.21352 -4.70626
      vertex 38.3725 -1.42658 -4.81549
    endloop
  endfacet
  facet normal 0.707741 -0.706471 0.00125652
    outer loop
      vertex 36.6955 0.881678 5.9415
      vertex 37.0273 1.21352 5.62978
      vertex 36.8285 1.01473 5.83632
    endloop
  endfacet
  facet normal 0.707152 -0.707062 0
    outer loop
      vertex 36.6955 0.881678 5.9415
      vertex 37.0273 1.21352 -5.62978
      vertex 37.0273 1.21352 5.62978
    endloop
  endfacet
  facet normal 0.707152 -0.707062 0
    outer loop
      vertex 36.6955 0.881678 -5.9415
      vertex 37.0273 1.21352 -5.62978
      vertex 36.6955 0.881678 5.9415
    endloop
  endfacet
  facet normal 0.707741 -0.706471 -0.00125652
    outer loop
      vertex 37.0273 1.21352 -5.62978
      vertex 36.6955 0.881678 -5.9415
      vertex 36.8285 1.01473 -5.83632
    endloop
  endfacet
  facet normal -0.453951 -0.891027 0
    outer loop
      vertex 38.3725 1.42658 4.81549
      vertex 38.7907 1.21352 -4.70626
      vertex 38.7907 1.21352 4.70626
    endloop
  endfacet
  facet normal -0.453951 -0.891027 0
    outer loop
      vertex 38.7907 1.21352 -4.70626
      vertex 38.3725 1.42658 4.81549
      vertex 38.3725 1.42658 -4.81549
    endloop
  endfacet
  facet normal -0.891018 0.453948 0.0043603
    outer loop
      vertex 39.1225 -0.881678 -4.6704
      vertex 39.3356 -0.463525 -4.65753
      vertex 39.2999 -0.533474 -4.6704
    endloop
  endfacet
  facet normal -0.890972 0.454059 0
    outer loop
      vertex 39.3356 -0.463525 -4.65753
      vertex 39.1225 -0.881678 -4.6704
      vertex 39.3356 -0.463525 4.65753
    endloop
  endfacet
  facet normal -0.890972 0.454059 0
    outer loop
      vertex 39.1225 -0.881678 4.6704
      vertex 39.3356 -0.463525 4.65753
      vertex 39.1225 -0.881678 -4.6704
    endloop
  endfacet
  facet normal -0.891018 0.453948 -0.0043603
    outer loop
      vertex 39.3356 -0.463525 4.65753
      vertex 39.1225 -0.881678 4.6704
      vertex 39.2999 -0.533474 4.6704
    endloop
  endfacet
  facet normal 0.890075 -0.455794 -0.00435823
    outer loop
      vertex 36.4824 0.463525 6.15181
      vertex 36.6955 0.881678 5.9415
      vertex 36.5181 0.533474 6.12734
    endloop
  endfacet
  facet normal 0.890972 -0.454059 0
    outer loop
      vertex 36.6955 0.881678 5.9415
      vertex 36.4824 0.463525 6.15181
      vertex 36.6955 0.881678 -5.9415
    endloop
  endfacet
  facet normal 0.890972 -0.454059 0
    outer loop
      vertex 36.4824 0.463525 -6.15181
      vertex 36.6955 0.881678 -5.9415
      vertex 36.4824 0.463525 6.15181
    endloop
  endfacet
  facet normal 0.890075 -0.455794 0.00435823
    outer loop
      vertex 36.6955 0.881678 -5.9415
      vertex 36.4824 0.463525 -6.15181
      vertex 36.5181 0.533474 -6.12734
    endloop
  endfacet
  facet normal 0.453951 0.891027 -0
    outer loop
      vertex 37.4455 -1.42658 -5.30101
      vertex 37.0273 -1.21352 5.62978
      vertex 37.4455 -1.42658 5.30101
    endloop
  endfacet
  facet normal 0.453951 0.891027 0
    outer loop
      vertex 37.0273 -1.21352 5.62978
      vertex 37.4455 -1.42658 -5.30101
      vertex 37.0273 -1.21352 -5.62978
    endloop
  endfacet
  facet normal 0.156453 -0.987685 0
    outer loop
      vertex 37.4455 1.42658 5.30101
      vertex 37.909 1.5 -5.02042
      vertex 37.909 1.5 5.02042
    endloop
  endfacet
  facet normal 0.156453 -0.987685 0
    outer loop
      vertex 37.909 1.5 -5.02042
      vertex 37.4455 1.42658 5.30101
      vertex 37.4455 1.42658 -5.30101
    endloop
  endfacet
  facet normal -0.987693 0.156403 0
    outer loop
      vertex 39.3356 -0.463525 -4.65753
      vertex 39.409 0 4.65753
      vertex 39.409 0 -4.65753
    endloop
  endfacet
  facet normal -0.987693 0.156403 0
    outer loop
      vertex 39.409 0 4.65753
      vertex 39.3356 -0.463525 -4.65753
      vertex 39.3356 -0.463525 4.65753
    endloop
  endfacet
  facet normal 0.707741 0.706471 0.00125652
    outer loop
      vertex 37.0273 -1.21352 5.62978
      vertex 36.6955 -0.881678 5.9415
      vertex 36.8285 -1.01473 5.83632
    endloop
  endfacet
  facet normal 0.707152 0.707062 -0
    outer loop
      vertex 37.0273 -1.21352 -5.62978
      vertex 36.6955 -0.881678 5.9415
      vertex 37.0273 -1.21352 5.62978
    endloop
  endfacet
  facet normal 0.707741 0.706471 -0.00125652
    outer loop
      vertex 36.6955 -0.881678 -5.9415
      vertex 37.0273 -1.21352 -5.62978
      vertex 36.8285 -1.01473 -5.83632
    endloop
  endfacet
  facet normal 0.707152 0.707062 0
    outer loop
      vertex 37.0273 -1.21352 -5.62978
      vertex 36.6955 -0.881678 -5.9415
      vertex 36.6955 -0.881678 5.9415
    endloop
  endfacet
  facet normal 0.453951 -0.891027 0
    outer loop
      vertex 37.0273 1.21352 5.62978
      vertex 37.4455 1.42658 -5.30101
      vertex 37.4455 1.42658 5.30101
    endloop
  endfacet
  facet normal 0.453951 -0.891027 0
    outer loop
      vertex 37.4455 1.42658 -5.30101
      vertex 37.0273 1.21352 5.62978
      vertex 37.0273 1.21352 -5.62978
    endloop
  endfacet
  facet normal 0.156453 0.987685 -0
    outer loop
      vertex 37.909 -1.5 -5.02042
      vertex 37.4455 -1.42658 5.30101
      vertex 37.909 -1.5 5.02042
    endloop
  endfacet
  facet normal 0.156453 0.987685 0
    outer loop
      vertex 37.4455 -1.42658 5.30101
      vertex 37.909 -1.5 -5.02042
      vertex 37.4455 -1.42658 -5.30101
    endloop
  endfacet
  facet normal -0.156453 0.987685 0
    outer loop
      vertex 38.3725 -1.42658 -4.81549
      vertex 37.909 -1.5 5.02042
      vertex 38.3725 -1.42658 4.81549
    endloop
  endfacet
  facet normal -0.156453 0.987685 0
    outer loop
      vertex 37.909 -1.5 5.02042
      vertex 38.3725 -1.42658 -4.81549
      vertex 37.909 -1.5 -5.02042
    endloop
  endfacet
  facet normal 0.890075 0.455794 -0.00435823
    outer loop
      vertex 36.6955 -0.881678 5.9415
      vertex 36.4824 -0.463525 6.15181
      vertex 36.5181 -0.533474 6.12734
    endloop
  endfacet
  facet normal 0.890972 0.454059 0
    outer loop
      vertex 36.4824 -0.463525 6.15181
      vertex 36.6955 -0.881678 5.9415
      vertex 36.4824 -0.463525 -6.15181
    endloop
  endfacet
  facet normal 0.890972 0.454059 -0
    outer loop
      vertex 36.6955 -0.881678 -5.9415
      vertex 36.4824 -0.463525 -6.15181
      vertex 36.6955 -0.881678 5.9415
    endloop
  endfacet
  facet normal 0.890075 0.455794 0.00435823
    outer loop
      vertex 36.4824 -0.463525 -6.15181
      vertex 36.6955 -0.881678 -5.9415
      vertex 36.5181 -0.533474 -6.12734
    endloop
  endfacet
  facet normal 0.987693 -0.156403 0
    outer loop
      vertex 36.409 0 6.22871
      vertex 36.4824 0.463525 -6.15181
      vertex 36.4824 0.463525 6.15181
    endloop
  endfacet
  facet normal 0.987693 -0.156403 0
    outer loop
      vertex 36.4824 0.463525 -6.15181
      vertex 36.409 0 6.22871
      vertex 36.409 0 -6.22871
    endloop
  endfacet
  facet normal 0.987693 0.156403 0
    outer loop
      vertex 36.4824 -0.463525 6.15181
      vertex 36.409 0 -6.22871
      vertex 36.409 0 6.22871
    endloop
  endfacet
  facet normal 0.987693 0.156403 0
    outer loop
      vertex 36.409 0 -6.22871
      vertex 36.4824 -0.463525 6.15181
      vertex 36.4824 -0.463525 -6.15181
    endloop
  endfacet
  facet normal 0.262024 0.965046 -0.0054647
    outer loop
      vertex -19.1113 31.3384 5.93946
      vertex -19.5646 31.4598 5.64322
      vertex -19.4849 31.4385 5.70321
    endloop
  endfacet
  facet normal 0.258697 0.965959 0
    outer loop
      vertex -19.1113 31.3384 5.93946
      vertex -19.5646 31.4598 -5.64322
      vertex -19.5646 31.4598 5.64322
    endloop
  endfacet
  facet normal 0.258697 0.965959 -0
    outer loop
      vertex -19.1113 31.3384 -5.93946
      vertex -19.5646 31.4598 -5.64322
      vertex -19.1113 31.3384 5.93946
    endloop
  endfacet
  facet normal 0.262024 0.965046 0.0054647
    outer loop
      vertex -19.5646 31.4598 -5.64322
      vertex -19.1113 31.3384 -5.93946
      vertex -19.4849 31.4385 -5.70321
    endloop
  endfacet
  facet normal 0.838662 -0.544651 -0.000737249
    outer loop
      vertex -20.3248 33.4403 4.66835
      vertex -20.0692 33.8339 4.65131
      vertex -20.2151 33.6092 4.6815
    endloop
  endfacet
  facet normal 0.838677 -0.544629 0
    outer loop
      vertex -20.0692 33.8339 4.65131
      vertex -20.3248 33.4403 4.66835
      vertex -20.0692 33.8339 -4.65131
    endloop
  endfacet
  facet normal 0.838677 -0.544629 0
    outer loop
      vertex -20.3248 33.4403 -4.66835
      vertex -20.0692 33.8339 -4.65131
      vertex -20.3248 33.4403 4.66835
    endloop
  endfacet
  facet normal 0.838662 -0.544651 0.000737249
    outer loop
      vertex -20.0692 33.8339 -4.65131
      vertex -20.3248 33.4403 -4.66835
      vertex -20.2151 33.6092 -4.6815
    endloop
  endfacet
  facet normal 0.629278 -0.77718 -0.000910632
    outer loop
      vertex -20.0692 33.8339 4.65131
      vertex -19.7045 34.1292 4.64763
      vertex -19.8465 34.0142 4.66755
    endloop
  endfacet
  facet normal 0.629284 -0.777175 0
    outer loop
      vertex -20.0692 33.8339 4.65131
      vertex -19.7045 34.1292 -4.64763
      vertex -19.7045 34.1292 4.64763
    endloop
  endfacet
  facet normal 0.629284 -0.777175 0
    outer loop
      vertex -20.0692 33.8339 -4.65131
      vertex -19.7045 34.1292 -4.64763
      vertex -20.0692 33.8339 4.65131
    endloop
  endfacet
  facet normal 0.629278 -0.77718 0.000910632
    outer loop
      vertex -19.7045 34.1292 -4.64763
      vertex -20.0692 33.8339 -4.65131
      vertex -19.8465 34.0142 -4.66755
    endloop
  endfacet
  facet normal 0.965764 -0.259381 -0.0046151
    outer loop
      vertex -20.4463 32.987 4.71971
      vertex -20.3248 33.4403 4.66835
      vertex -20.4249 33.0667 4.71856
    endloop
  endfacet
  facet normal 0.965905 -0.258896 0
    outer loop
      vertex -20.3248 33.4403 4.66835
      vertex -20.4463 32.987 4.71971
      vertex -20.3248 33.4403 -4.66835
    endloop
  endfacet
  facet normal 0.965905 -0.258896 0
    outer loop
      vertex -20.4463 32.987 -4.71971
      vertex -20.3248 33.4403 -4.66835
      vertex -20.4463 32.987 4.71971
    endloop
  endfacet
  facet normal 0.965764 -0.259381 0.0046151
    outer loop
      vertex -20.3248 33.4403 -4.66835
      vertex -20.4463 32.987 -4.71971
      vertex -20.4249 33.0667 -4.71856
    endloop
  endfacet
  facet normal -0.5424 -0.840054 -0.0105178
    outer loop
      vertex -18.3444 34.2005 4.71165
      vertex -17.9508 33.9449 4.82851
      vertex -18.2162 34.1172 4.75356
    endloop
  endfacet
  facet normal -0.544629 -0.838677 0
    outer loop
      vertex -18.3444 34.2005 -4.71165
      vertex -17.9508 33.9449 4.82851
      vertex -18.3444 34.2005 4.71165
    endloop
  endfacet
  facet normal -0.544847 -0.838535 1.28262e-05
    outer loop
      vertex -18.2162 34.1172 -4.75356
      vertex -17.9508 33.9449 4.82851
      vertex -18.3444 34.2005 -4.71165
    endloop
  endfacet
  facet normal -0.544522 -0.838747 -0
    outer loop
      vertex -17.9508 33.9449 4.82851
      vertex -18.2162 34.1172 -4.75356
      vertex -17.9508 33.9449 -4.82851
    endloop
  endfacet
  facet normal 0.998625 0.0524135 0
    outer loop
      vertex -20.4217 32.5183 4.83129
      vertex -20.4463 32.987 -4.71971
      vertex -20.4463 32.987 4.71971
    endloop
  endfacet
  facet normal 0.998625 0.0524135 0
    outer loop
      vertex -20.4463 32.987 -4.71971
      vertex -20.4217 32.5183 4.83129
      vertex -20.4217 32.5183 -4.83129
    endloop
  endfacet
  facet normal -0.933587 -0.358351 0
    outer loop
      vertex -17.4873 33.142 -5.31403
      vertex -17.6555 33.5802 5.03411
      vertex -17.6555 33.5802 -5.03411
    endloop
  endfacet
  facet normal -0.933587 -0.358351 0
    outer loop
      vertex -17.6555 33.5802 5.03411
      vertex -17.4873 33.142 -5.31403
      vertex -17.4873 33.142 5.31403
    endloop
  endfacet
  facet normal 0.0511558 -0.998475 0.0207735
    outer loop
      vertex -19.2664 34.2974 4.6552
      vertex -18.7977 34.3219 4.67859
      vertex -18.8184 34.3209 4.6815
    endloop
  endfacet
  facet normal 0.052201 -0.998637 0
    outer loop
      vertex -19.2664 34.2974 -4.6552
      vertex -18.7977 34.3219 4.67859
      vertex -19.2664 34.2974 4.6552
    endloop
  endfacet
  facet normal 0.052201 -0.998637 0
    outer loop
      vertex -19.2664 34.2974 -4.6552
      vertex -18.7977 34.3219 -4.67859
      vertex -18.7977 34.3219 4.67859
    endloop
  endfacet
  facet normal 0.0511558 -0.998475 -0.0207735
    outer loop
      vertex -18.7977 34.3219 -4.67859
      vertex -19.2664 34.2974 -4.6552
      vertex -18.8184 34.3209 -4.6815
    endloop
  endfacet
  facet normal 0.93356 0.358422 0
    outer loop
      vertex -20.2535 32.0802 5.03704
      vertex -20.4217 32.5183 -4.83129
      vertex -20.4217 32.5183 4.83129
    endloop
  endfacet
  facet normal 0.93356 0.358422 0
    outer loop
      vertex -20.4217 32.5183 -4.83129
      vertex -20.2535 32.0802 5.03704
      vertex -20.2535 32.0802 -5.03704
    endloop
  endfacet
  facet normal -0.357693 0.933826 -0.00497444
    outer loop
      vertex -18.2045 31.5311 6.2188
      vertex -18.6426 31.3629 6.14558
      vertex -18.3751 31.4657 6.20879
    endloop
  endfacet
  facet normal -0.358422 0.93356 0
    outer loop
      vertex -18.2045 31.5311 6.2188
      vertex -18.6426 31.3629 -6.14558
      vertex -18.6426 31.3629 6.14558
    endloop
  endfacet
  facet normal -0.358422 0.93356 0
    outer loop
      vertex -18.2045 31.5311 -6.2188
      vertex -18.6426 31.3629 -6.14558
      vertex -18.2045 31.5311 6.2188
    endloop
  endfacet
  facet normal -0.357693 0.933826 0.00497444
    outer loop
      vertex -18.6426 31.3629 -6.14558
      vertex -18.2045 31.5311 -6.2188
      vertex -18.3751 31.4657 -6.20879
    endloop
  endfacet
  facet normal -0.0525685 0.998617 0.000837947
    outer loop
      vertex -18.6426 31.3629 6.14558
      vertex -19.1113 31.3384 5.93946
      vertex -18.9101 31.3489 6.04841
    endloop
  endfacet
  facet normal -0.052201 0.998637 0
    outer loop
      vertex -18.6426 31.3629 6.14558
      vertex -19.1113 31.3384 -5.93946
      vertex -19.1113 31.3384 5.93946
    endloop
  endfacet
  facet normal -0.052201 0.998637 0
    outer loop
      vertex -18.6426 31.3629 -6.14558
      vertex -19.1113 31.3384 -5.93946
      vertex -18.6426 31.3629 6.14558
    endloop
  endfacet
  facet normal -0.0525685 0.998617 -0.000837947
    outer loop
      vertex -19.1113 31.3384 -5.93946
      vertex -18.6426 31.3629 -6.14558
      vertex -18.9101 31.3489 -6.04841
    endloop
  endfacet
  facet normal -0.258697 -0.965959 0
    outer loop
      vertex -18.7977 34.3219 -4.67859
      vertex -18.3444 34.2005 4.71165
      vertex -18.7977 34.3219 4.67859
    endloop
  endfacet
  facet normal -0.258697 -0.965959 -0
    outer loop
      vertex -18.3444 34.2005 4.71165
      vertex -18.7977 34.3219 -4.67859
      vertex -18.3444 34.2005 -4.71165
    endloop
  endfacet
  facet normal -0.965905 0.258896 0
    outer loop
      vertex -17.5842 32.2201 -5.9497
      vertex -17.4627 32.6734 5.63516
      vertex -17.4627 32.6734 -5.63516
    endloop
  endfacet
  facet normal -0.965905 0.258896 0
    outer loop
      vertex -17.4627 32.6734 5.63516
      vertex -17.5842 32.2201 -5.9497
      vertex -17.5842 32.2201 5.9497
    endloop
  endfacet
  facet normal 0.544629 0.838677 0
    outer loop
      vertex -19.5646 31.4598 5.64322
      vertex -19.9582 31.7154 -5.31681
      vertex -19.9582 31.7154 5.31681
    endloop
  endfacet
  facet normal 0.544629 0.838677 0
    outer loop
      vertex -19.9582 31.7154 -5.31681
      vertex -19.5646 31.4598 5.64322
      vertex -19.5646 31.4598 -5.64322
    endloop
  endfacet
  facet normal -0.629167 0.777268 0.00213206
    outer loop
      vertex -17.8398 31.8265 6.14947
      vertex -18.2045 31.5311 6.2188
      vertex -17.9221 31.7598 6.17918
    endloop
  endfacet
  facet normal -0.629413 0.777071 0
    outer loop
      vertex -17.8398 31.8265 -6.14947
      vertex -18.2045 31.5311 6.2188
      vertex -17.8398 31.8265 6.14947
    endloop
  endfacet
  facet normal -0.629167 0.777268 -0.00213206
    outer loop
      vertex -18.2045 31.5311 -6.2188
      vertex -17.8398 31.8265 -6.14947
      vertex -17.9221 31.7598 -6.17918
    endloop
  endfacet
  facet normal -0.629413 0.777071 0
    outer loop
      vertex -17.8398 31.8265 -6.14947
      vertex -18.2045 31.5311 -6.2188
      vertex -18.2045 31.5311 6.2188
    endloop
  endfacet
  facet normal -0.777175 -0.629284 0
    outer loop
      vertex -17.6555 33.5802 -5.03411
      vertex -17.9508 33.9449 4.82851
      vertex -17.9508 33.9449 -4.82851
    endloop
  endfacet
  facet normal -0.777175 -0.629284 0
    outer loop
      vertex -17.9508 33.9449 4.82851
      vertex -17.6555 33.5802 -5.03411
      vertex -17.6555 33.5802 5.03411
    endloop
  endfacet
  facet normal 0.77726 0.62918 0
    outer loop
      vertex -19.9582 31.7154 5.31681
      vertex -20.2535 32.0802 -5.03704
      vertex -20.2535 32.0802 5.03704
    endloop
  endfacet
  facet normal 0.77726 0.62918 0
    outer loop
      vertex -20.2535 32.0802 -5.03704
      vertex -19.9582 31.7154 5.31681
      vertex -19.9582 31.7154 -5.31681
    endloop
  endfacet
  facet normal -0.835387 0.549489 -0.0137867
    outer loop
      vertex -17.8398 31.8265 -6.14947
      vertex -17.5842 32.2201 -5.9497
      vertex -17.5955 32.2026 -5.96248
    endloop
  endfacet
  facet normal -0.838677 0.544629 0
    outer loop
      vertex -17.5842 32.2201 -5.9497
      vertex -17.8398 31.8265 -6.14947
      vertex -17.5842 32.2201 5.9497
    endloop
  endfacet
  facet normal -0.838677 0.544629 0
    outer loop
      vertex -17.8398 31.8265 6.14947
      vertex -17.5842 32.2201 5.9497
      vertex -17.8398 31.8265 -6.14947
    endloop
  endfacet
  facet normal -0.835387 0.549489 0.0137867
    outer loop
      vertex -17.5842 32.2201 5.9497
      vertex -17.8398 31.8265 6.14947
      vertex -17.5955 32.2026 5.96248
    endloop
  endfacet
  facet normal 0.358486 -0.933524 -0.00449296
    outer loop
      vertex -19.7045 34.1292 4.64763
      vertex -19.2664 34.2974 4.6552
      vertex -19.3652 34.2594 4.66755
    endloop
  endfacet
  facet normal 0.358422 -0.93356 0
    outer loop
      vertex -19.7045 34.1292 -4.64763
      vertex -19.2664 34.2974 4.6552
      vertex -19.7045 34.1292 4.64763
    endloop
  endfacet
  facet normal 0.358422 -0.93356 0
    outer loop
      vertex -19.7045 34.1292 -4.64763
      vertex -19.2664 34.2974 -4.6552
      vertex -19.2664 34.2974 4.6552
    endloop
  endfacet
  facet normal 0.358486 -0.933524 0.00449296
    outer loop
      vertex -19.2664 34.2974 -4.6552
      vertex -19.7045 34.1292 -4.64763
      vertex -19.3652 34.2594 -4.66755
    endloop
  endfacet
  facet normal -0.998623 -0.0524593 0
    outer loop
      vertex -17.4707 32.826 -5.53438
      vertex -17.4873 33.142 5.31403
      vertex -17.4873 33.142 -5.31403
    endloop
  endfacet
  facet normal -0.998623 -0.0524593 0
    outer loop
      vertex -17.4707 32.826 -5.53438
      vertex -17.4707 32.826 5.53438
      vertex -17.4873 33.142 5.31403
    endloop
  endfacet
  facet normal -0.998629 -0.0523527 0
    outer loop
      vertex -17.4627 32.6734 -5.63516
      vertex -17.4707 32.826 5.53438
      vertex -17.4707 32.826 -5.53438
    endloop
  endfacet
  facet normal -0.998629 -0.0523527 0
    outer loop
      vertex -17.4707 32.826 5.53438
      vertex -17.4627 32.6734 -5.63516
      vertex -17.4627 32.6734 5.63516
    endloop
  endfacet
  facet normal 0.0511558 0.998475 0.0207735
    outer loop
      vertex -18.7977 -34.3219 4.67859
      vertex -19.2664 -34.2974 4.6552
      vertex -18.8184 -34.3209 4.6815
    endloop
  endfacet
  facet normal 0.052201 0.998637 0
    outer loop
      vertex -18.7977 -34.3219 4.67859
      vertex -19.2664 -34.2974 -4.6552
      vertex -19.2664 -34.2974 4.6552
    endloop
  endfacet
  facet normal 0.052201 0.998637 -0
    outer loop
      vertex -18.7977 -34.3219 -4.67859
      vertex -19.2664 -34.2974 -4.6552
      vertex -18.7977 -34.3219 4.67859
    endloop
  endfacet
  facet normal 0.0511558 0.998475 -0.0207735
    outer loop
      vertex -19.2664 -34.2974 -4.6552
      vertex -18.7977 -34.3219 -4.67859
      vertex -18.8184 -34.3209 -4.6815
    endloop
  endfacet
  facet normal -0.258697 0.965959 0
    outer loop
      vertex -18.3444 -34.2005 4.71165
      vertex -18.7977 -34.3219 -4.67859
      vertex -18.7977 -34.3219 4.67859
    endloop
  endfacet
  facet normal -0.258697 0.965959 0
    outer loop
      vertex -18.7977 -34.3219 -4.67859
      vertex -18.3444 -34.2005 4.71165
      vertex -18.3444 -34.2005 -4.71165
    endloop
  endfacet
  facet normal 0.965764 0.259381 -0.0046151
    outer loop
      vertex -20.3248 -33.4403 4.66835
      vertex -20.4463 -32.987 4.71971
      vertex -20.4249 -33.0667 4.71856
    endloop
  endfacet
  facet normal 0.965905 0.258896 0
    outer loop
      vertex -20.4463 -32.987 4.71971
      vertex -20.3248 -33.4403 4.66835
      vertex -20.4463 -32.987 -4.71971
    endloop
  endfacet
  facet normal 0.965905 0.258896 -0
    outer loop
      vertex -20.3248 -33.4403 -4.66835
      vertex -20.4463 -32.987 -4.71971
      vertex -20.3248 -33.4403 4.66835
    endloop
  endfacet
  facet normal 0.965764 0.259381 0.0046151
    outer loop
      vertex -20.4463 -32.987 -4.71971
      vertex -20.3248 -33.4403 -4.66835
      vertex -20.4249 -33.0667 -4.71856
    endloop
  endfacet
  facet normal 0.998625 -0.0524135 0
    outer loop
      vertex -20.4463 -32.987 4.71971
      vertex -20.4217 -32.5183 -4.83129
      vertex -20.4217 -32.5183 4.83129
    endloop
  endfacet
  facet normal 0.998625 -0.0524135 0
    outer loop
      vertex -20.4217 -32.5183 -4.83129
      vertex -20.4463 -32.987 4.71971
      vertex -20.4463 -32.987 -4.71971
    endloop
  endfacet
  facet normal -0.965905 -0.258896 0
    outer loop
      vertex -17.4627 -32.6734 -5.63516
      vertex -17.5842 -32.2201 5.9497
      vertex -17.5842 -32.2201 -5.9497
    endloop
  endfacet
  facet normal -0.965905 -0.258896 0
    outer loop
      vertex -17.5842 -32.2201 5.9497
      vertex -17.4627 -32.6734 -5.63516
      vertex -17.4627 -32.6734 5.63516
    endloop
  endfacet
  facet normal 0.358486 0.933524 -0.00449296
    outer loop
      vertex -19.2664 -34.2974 4.6552
      vertex -19.7045 -34.1292 4.64763
      vertex -19.3652 -34.2594 4.66755
    endloop
  endfacet
  facet normal 0.358422 0.93356 0
    outer loop
      vertex -19.2664 -34.2974 4.6552
      vertex -19.7045 -34.1292 -4.64763
      vertex -19.7045 -34.1292 4.64763
    endloop
  endfacet
  facet normal 0.358422 0.93356 -0
    outer loop
      vertex -19.2664 -34.2974 -4.6552
      vertex -19.7045 -34.1292 -4.64763
      vertex -19.2664 -34.2974 4.6552
    endloop
  endfacet
  facet normal 0.358486 0.933524 0.00449296
    outer loop
      vertex -19.7045 -34.1292 -4.64763
      vertex -19.2664 -34.2974 -4.6552
      vertex -19.3652 -34.2594 -4.66755
    endloop
  endfacet
  facet normal 0.77726 -0.62918 0
    outer loop
      vertex -20.2535 -32.0802 5.03704
      vertex -19.9582 -31.7154 -5.31681
      vertex -19.9582 -31.7154 5.31681
    endloop
  endfacet
  facet normal 0.77726 -0.62918 0
    outer loop
      vertex -19.9582 -31.7154 -5.31681
      vertex -20.2535 -32.0802 5.03704
      vertex -20.2535 -32.0802 -5.03704
    endloop
  endfacet
  facet normal 0.629278 0.77718 -0.000910632
    outer loop
      vertex -19.7045 -34.1292 4.64763
      vertex -20.0692 -33.8339 4.65131
      vertex -19.8465 -34.0142 4.66755
    endloop
  endfacet
  facet normal 0.629284 0.777175 -0
    outer loop
      vertex -19.7045 -34.1292 -4.64763
      vertex -20.0692 -33.8339 4.65131
      vertex -19.7045 -34.1292 4.64763
    endloop
  endfacet
  facet normal 0.629284 0.777175 0
    outer loop
      vertex -19.7045 -34.1292 -4.64763
      vertex -20.0692 -33.8339 -4.65131
      vertex -20.0692 -33.8339 4.65131
    endloop
  endfacet
  facet normal 0.629278 0.77718 0.000910632
    outer loop
      vertex -20.0692 -33.8339 -4.65131
      vertex -19.7045 -34.1292 -4.64763
      vertex -19.8465 -34.0142 -4.66755
    endloop
  endfacet
  facet normal -0.629167 -0.777268 0.00213206
    outer loop
      vertex -18.2045 -31.5311 6.2188
      vertex -17.8398 -31.8265 6.14947
      vertex -17.9221 -31.7598 6.17918
    endloop
  endfacet
  facet normal -0.629413 -0.777071 0
    outer loop
      vertex -18.2045 -31.5311 6.2188
      vertex -17.8398 -31.8265 -6.14947
      vertex -17.8398 -31.8265 6.14947
    endloop
  endfacet
  facet normal -0.629413 -0.777071 0
    outer loop
      vertex -18.2045 -31.5311 -6.2188
      vertex -17.8398 -31.8265 -6.14947
      vertex -18.2045 -31.5311 6.2188
    endloop
  endfacet
  facet normal -0.629167 -0.777268 -0.00213206
    outer loop
      vertex -17.8398 -31.8265 -6.14947
      vertex -18.2045 -31.5311 -6.2188
      vertex -17.9221 -31.7598 -6.17918
    endloop
  endfacet
  facet normal -0.5424 0.840054 -0.0105178
    outer loop
      vertex -17.9508 -33.9449 4.82851
      vertex -18.3444 -34.2005 4.71165
      vertex -18.2162 -34.1172 4.75356
    endloop
  endfacet
  facet normal -0.544629 0.838677 0
    outer loop
      vertex -17.9508 -33.9449 4.82851
      vertex -18.3444 -34.2005 -4.71165
      vertex -18.3444 -34.2005 4.71165
    endloop
  endfacet
  facet normal -0.544847 0.838535 1.28262e-05
    outer loop
      vertex -17.9508 -33.9449 4.82851
      vertex -18.2162 -34.1172 -4.75356
      vertex -18.3444 -34.2005 -4.71165
    endloop
  endfacet
  facet normal -0.544522 0.838747 0
    outer loop
      vertex -18.2162 -34.1172 -4.75356
      vertex -17.9508 -33.9449 4.82851
      vertex -17.9508 -33.9449 -4.82851
    endloop
  endfacet
  facet normal -0.933587 0.358351 0
    outer loop
      vertex -17.6555 -33.5802 -5.03411
      vertex -17.4873 -33.142 5.31403
      vertex -17.4873 -33.142 -5.31403
    endloop
  endfacet
  facet normal -0.933587 0.358351 0
    outer loop
      vertex -17.4873 -33.142 5.31403
      vertex -17.6555 -33.5802 -5.03411
      vertex -17.6555 -33.5802 5.03411
    endloop
  endfacet
  facet normal 0.838662 0.544651 -0.000737249
    outer loop
      vertex -20.0692 -33.8339 4.65131
      vertex -20.3248 -33.4403 4.66835
      vertex -20.2151 -33.6092 4.6815
    endloop
  endfacet
  facet normal 0.838677 0.544629 0
    outer loop
      vertex -20.3248 -33.4403 4.66835
      vertex -20.0692 -33.8339 4.65131
      vertex -20.3248 -33.4403 -4.66835
    endloop
  endfacet
  facet normal 0.838677 0.544629 -0
    outer loop
      vertex -20.0692 -33.8339 -4.65131
      vertex -20.3248 -33.4403 -4.66835
      vertex -20.0692 -33.8339 4.65131
    endloop
  endfacet
  facet normal 0.838662 0.544651 0.000737249
    outer loop
      vertex -20.3248 -33.4403 -4.66835
      vertex -20.0692 -33.8339 -4.65131
      vertex -20.2151 -33.6092 -4.6815
    endloop
  endfacet
  facet normal -0.998629 0.0523527 0
    outer loop
      vertex -17.4707 -32.826 -5.53438
      vertex -17.4627 -32.6734 5.63516
      vertex -17.4627 -32.6734 -5.63516
    endloop
  endfacet
  facet normal -0.998629 0.0523527 0
    outer loop
      vertex -17.4707 -32.826 -5.53438
      vertex -17.4707 -32.826 5.53438
      vertex -17.4627 -32.6734 5.63516
    endloop
  endfacet
  facet normal -0.998623 0.0524593 0
    outer loop
      vertex -17.4873 -33.142 -5.31403
      vertex -17.4707 -32.826 5.53438
      vertex -17.4707 -32.826 -5.53438
    endloop
  endfacet
  facet normal -0.998623 0.0524593 0
    outer loop
      vertex -17.4707 -32.826 5.53438
      vertex -17.4873 -33.142 -5.31403
      vertex -17.4873 -33.142 5.31403
    endloop
  endfacet
  facet normal 0.262024 -0.965046 -0.0054647
    outer loop
      vertex -19.5646 -31.4598 5.64322
      vertex -19.1113 -31.3384 5.93946
      vertex -19.4849 -31.4385 5.70321
    endloop
  endfacet
  facet normal 0.258697 -0.965959 0
    outer loop
      vertex -19.5646 -31.4598 -5.64322
      vertex -19.1113 -31.3384 5.93946
      vertex -19.5646 -31.4598 5.64322
    endloop
  endfacet
  facet normal 0.262024 -0.965046 0.0054647
    outer loop
      vertex -19.1113 -31.3384 -5.93946
      vertex -19.5646 -31.4598 -5.64322
      vertex -19.4849 -31.4385 -5.70321
    endloop
  endfacet
  facet normal 0.258697 -0.965959 0
    outer loop
      vertex -19.5646 -31.4598 -5.64322
      vertex -19.1113 -31.3384 -5.93946
      vertex -19.1113 -31.3384 5.93946
    endloop
  endfacet
  facet normal -0.357693 -0.933826 -0.00497444
    outer loop
      vertex -18.6426 -31.3629 6.14558
      vertex -18.2045 -31.5311 6.2188
      vertex -18.3751 -31.4657 6.20879
    endloop
  endfacet
  facet normal -0.358422 -0.93356 0
    outer loop
      vertex -18.6426 -31.3629 -6.14558
      vertex -18.2045 -31.5311 6.2188
      vertex -18.6426 -31.3629 6.14558
    endloop
  endfacet
  facet normal -0.357693 -0.933826 0.00497444
    outer loop
      vertex -18.2045 -31.5311 -6.2188
      vertex -18.6426 -31.3629 -6.14558
      vertex -18.3751 -31.4657 -6.20879
    endloop
  endfacet
  facet normal -0.358422 -0.93356 0
    outer loop
      vertex -18.6426 -31.3629 -6.14558
      vertex -18.2045 -31.5311 -6.2188
      vertex -18.2045 -31.5311 6.2188
    endloop
  endfacet
  facet normal -0.777175 0.629284 0
    outer loop
      vertex -17.9508 -33.9449 -4.82851
      vertex -17.6555 -33.5802 5.03411
      vertex -17.6555 -33.5802 -5.03411
    endloop
  endfacet
  facet normal -0.777175 0.629284 0
    outer loop
      vertex -17.6555 -33.5802 5.03411
      vertex -17.9508 -33.9449 -4.82851
      vertex -17.9508 -33.9449 4.82851
    endloop
  endfacet
  facet normal -0.835387 -0.549489 -0.0137867
    outer loop
      vertex -17.5842 -32.2201 -5.9497
      vertex -17.8398 -31.8265 -6.14947
      vertex -17.5955 -32.2026 -5.96248
    endloop
  endfacet
  facet normal -0.838677 -0.544629 0
    outer loop
      vertex -17.8398 -31.8265 -6.14947
      vertex -17.5842 -32.2201 -5.9497
      vertex -17.8398 -31.8265 6.14947
    endloop
  endfacet
  facet normal -0.838677 -0.544629 -0
    outer loop
      vertex -17.5842 -32.2201 5.9497
      vertex -17.8398 -31.8265 6.14947
      vertex -17.5842 -32.2201 -5.9497
    endloop
  endfacet
  facet normal -0.835387 -0.549489 0.0137867
    outer loop
      vertex -17.8398 -31.8265 6.14947
      vertex -17.5842 -32.2201 5.9497
      vertex -17.5955 -32.2026 5.96248
    endloop
  endfacet
  facet normal 0.93356 -0.358422 0
    outer loop
      vertex -20.4217 -32.5183 4.83129
      vertex -20.2535 -32.0802 -5.03704
      vertex -20.2535 -32.0802 5.03704
    endloop
  endfacet
  facet normal 0.93356 -0.358422 0
    outer loop
      vertex -20.2535 -32.0802 -5.03704
      vertex -20.4217 -32.5183 4.83129
      vertex -20.4217 -32.5183 -4.83129
    endloop
  endfacet
  facet normal -0.0525685 -0.998617 0.000837947
    outer loop
      vertex -19.1113 -31.3384 5.93946
      vertex -18.6426 -31.3629 6.14558
      vertex -18.9101 -31.3489 6.04841
    endloop
  endfacet
  facet normal -0.052201 -0.998637 0
    outer loop
      vertex -19.1113 -31.3384 -5.93946
      vertex -18.6426 -31.3629 6.14558
      vertex -19.1113 -31.3384 5.93946
    endloop
  endfacet
  facet normal -0.0525685 -0.998617 -0.000837947
    outer loop
      vertex -18.6426 -31.3629 -6.14558
      vertex -19.1113 -31.3384 -5.93946
      vertex -18.9101 -31.3489 -6.04841
    endloop
  endfacet
  facet normal -0.052201 -0.998637 0
    outer loop
      vertex -19.1113 -31.3384 -5.93946
      vertex -18.6426 -31.3629 -6.14558
      vertex -18.6426 -31.3629 6.14558
    endloop
  endfacet
  facet normal 0.544629 -0.838677 0
    outer loop
      vertex -19.9582 -31.7154 -5.31681
      vertex -19.5646 -31.4598 5.64322
      vertex -19.9582 -31.7154 5.31681
    endloop
  endfacet
  facet normal 0.544629 -0.838677 0
    outer loop
      vertex -19.5646 -31.4598 5.64322
      vertex -19.9582 -31.7154 -5.31681
      vertex -19.5646 -31.4598 -5.64322
    endloop
  endfacet
  facet normal 0.361648 -0.626395 0.690536
    outer loop
      vertex -0.32084 -5.46851 21.702
      vertex -18.4727 -36.9085 2.68887
      vertex 5.38311 -2.17534 21.702
    endloop
  endfacet
  facet normal -0.631797 -0.100066 -0.768647
    outer loop
      vertex -22.7421 -34.7331 -2.68887
      vertex -4.45858 -4.12408 -21.702
      vertex -22.6105 -35.564 -2.68887
    endloop
  endfacet
  facet normal -0.631798 -0.100065 -0.768647
    outer loop
      vertex -4.45858 -4.12408 -21.702
      vertex -22.7421 -34.7331 -2.68887
      vertex -4.59018 -3.29317 -21.702
    endloop
  endfacet
  facet normal -0.418981 0.418981 -0.805549
    outer loop
      vertex -21.4498 35.7479 -3.38817
      vertex -21.6337 36.9085 -2.68887
      vertex -21.0679 36.1298 -3.38817
    endloop
  endfacet
  facet normal -0.419033 0.418963 -0.805532
    outer loop
      vertex -21.6337 36.9085 -2.68887
      vertex -21.4498 35.7479 -3.38817
      vertex -22.2285 36.3136 -2.68887
    endloop
  endfacet
  facet normal 0.278472 0.141893 0.949905
    outer loop
      vertex 5.19928 1.01473 22.4013
      vertex 4.28389 0.349651 22.769
      vertex 5.4445 0.533474 22.4013
    endloop
  endfacet
  facet normal 0.314679 -0.617585 0.720809
    outer loop
      vertex -1.07041 -5.85044 21.702
      vertex -18.4727 -36.9085 2.68887
      vertex -0.32084 -5.46851 21.702
    endloop
  endfacet
  facet normal 0.314638 -0.617577 0.720834
    outer loop
      vertex -18.4727 -36.9085 2.68887
      vertex -1.07041 -5.85044 21.702
      vertex -19.2223 -37.2904 2.68887
    endloop
  endfacet
  facet normal -0.149016 -0.940449 0.305532
    outer loop
      vertex -21.1002 -37.9555 1.72636
      vertex -21.2138 -38.3051 0.594862
      vertex -20.0532 -38.489 0.594862
    endloop
  endfacet
  facet normal 0.848418 -0.432239 -0.305544
    outer loop
      vertex 43.1449 -2.20761 -0.594862
      vertex 42.8475 -1.99152 -1.72636
      vertex 43.3287 -1.047 -1.72636
    endloop
  endfacet
  facet normal 0.72391 -0.368807 0.583041
    outer loop
      vertex 43.3287 -1.047 1.72636
      vertex 42.2817 -1.58048 2.68887
      vertex 42.8475 -1.99152 1.72636
    endloop
  endfacet
  facet normal -0.527956 -0.269049 0.805528
    outer loop
      vertex -21.6951 -35.2666 3.38817
      vertex -22.6105 -35.564 2.68887
      vertex -22.2285 -36.3136 2.68887
    endloop
  endfacet
  facet normal 0.361649 0.626395 0.690535
    outer loop
      vertex 41.6869 2.17534 2.68887
      vertex -18.4727 36.9085 2.68887
      vertex 5.38311 2.17534 21.702
    endloop
  endfacet
  facet normal 0.707111 0.707103 0
    outer loop
      vertex 43.1449 2.20761 0.594862
      vertex 42.314 3.03852 -0.594862
      vertex 42.314 3.03852 0.594862
    endloop
  endfacet
  facet normal 0.707111 0.707103 0
    outer loop
      vertex 42.314 3.03852 -0.594862
      vertex 43.1449 2.20761 0.594862
      vertex 43.1449 2.20761 -0.594862
    endloop
  endfacet
  facet normal -0.673277 0.673277 0.305608
    outer loop
      vertex -23.0917 36.9408 0.594862
      vertex -22.0447 37.4742 1.72636
      vertex -22.2608 37.7717 0.594862
    endloop
  endfacet
  facet normal -0.673245 0.673335 0.305551
    outer loop
      vertex -22.0447 37.4742 1.72636
      vertex -23.0917 36.9408 0.594862
      vertex -22.7943 36.7247 1.72636
    endloop
  endfacet
  facet normal 0.141889 0.278473 0.949906
    outer loop
      vertex -1.36784 4.93504 22.4013
      vertex -1.55166 3.77443 22.769
      vertex -0.886588 4.68983 22.4013
    endloop
  endfacet
  facet normal 0.707111 -0.707103 0
    outer loop
      vertex 42.314 -3.03852 0.594862
      vertex 43.1449 -2.20761 -0.594862
      vertex 43.1449 -2.20761 0.594862
    endloop
  endfacet
  facet normal 0.707111 -0.707103 0
    outer loop
      vertex 43.1449 -2.20761 -0.594862
      vertex 42.314 -3.03852 0.594862
      vertex 42.314 -3.03852 -0.594862
    endloop
  endfacet
  facet normal 0.475769 -0.824057 -0.307531
    outer loop
      vertex 42.0979 -2.74109 -1.72636
      vertex -17.8456 -37.7717 -0.594862
      vertex -18.0617 -37.4742 -1.72636
    endloop
  endfacet
  facet normal 0.475777 -0.824069 -0.307485
    outer loop
      vertex -17.8456 -37.7717 -0.594862
      vertex 42.0979 -2.74109 -1.72636
      vertex 42.314 -3.03852 -0.594862
    endloop
  endfacet
  facet normal -0.453941 0.891032 0
    outer loop
      vertex -21.2138 38.3051 -0.594862
      vertex -22.2608 37.7717 0.594862
      vertex -21.2138 38.3051 0.594862
    endloop
  endfacet
  facet normal -0.453941 0.891032 0
    outer loop
      vertex -22.2608 37.7717 0.594862
      vertex -21.2138 38.3051 -0.594862
      vertex -22.2608 37.7717 -0.594862
    endloop
  endfacet
  facet normal 0.368891 0.72391 -0.582986
    outer loop
      vertex -18.4727 36.9085 -2.68887
      vertex -19.0062 37.9555 -1.72636
      vertex -18.0617 37.4742 -1.72636
    endloop
  endfacet
  facet normal 0.368891 0.72391 0.582986
    outer loop
      vertex -18.0617 37.4742 1.72636
      vertex -19.0062 37.9555 1.72636
      vertex -18.4727 36.9085 2.68887
    endloop
  endfacet
  facet normal 0.141889 -0.278473 0.949906
    outer loop
      vertex -0.886588 -4.68983 22.4013
      vertex -1.55166 -3.77443 22.769
      vertex -1.36784 -4.93504 22.4013
    endloop
  endfacet
  facet normal 0.432234 0.848424 -0.305534
    outer loop
      vertex -17.8456 37.7717 -0.594862
      vertex -19.0062 37.9555 -1.72636
      vertex -18.8926 38.3051 -0.594862
    endloop
  endfacet
  facet normal -0.673245 -0.673335 0.305551
    outer loop
      vertex -23.0917 -36.9408 0.594862
      vertex -22.0447 -37.4742 1.72636
      vertex -22.7943 -36.7247 1.72636
    endloop
  endfacet
  facet normal -0.673277 -0.673277 0.305608
    outer loop
      vertex -22.0447 -37.4742 1.72636
      vertex -23.0917 -36.9408 0.594862
      vertex -22.2608 -37.7717 0.594862
    endloop
  endfacet
  facet normal 0.269014 -0.527963 0.805535
    outer loop
      vertex -0.32084 -5.46851 21.702
      vertex -1.36784 -4.93504 22.4013
      vertex -1.07041 -5.85044 21.702
    endloop
  endfacet
  facet normal -0.30906 0 0.951043
    outer loop
      vertex -3.62767 3.29317 22.4013
      vertex -2.49618 0.0241331 22.769
      vertex -2.49618 3.29317 22.769
    endloop
  endfacet
  facet normal -0.313193 -0.0015828 0.949688
    outer loop
      vertex -2.49618 0.0241331 22.769
      vertex -3.62767 3.29317 22.4013
      vertex -2.5 0 22.7677
    endloop
  endfacet
  facet normal -0.313193 0.0015828 0.949688
    outer loop
      vertex -3.62767 -3.29317 22.4013
      vertex -2.49618 -0.0241331 22.769
      vertex -2.5 0 22.7677
    endloop
  endfacet
  facet normal -0.309015 0 0.951057
    outer loop
      vertex -3.62767 -3.29317 22.4013
      vertex -2.5 0 22.7677
      vertex -3.62767 3.29317 22.4013
    endloop
  endfacet
  facet normal -0.30906 0 0.951043
    outer loop
      vertex -2.49618 -0.0241331 22.769
      vertex -3.62767 -3.29317 22.4013
      vertex -2.49618 -3.29317 22.769
    endloop
  endfacet
  facet normal -0.432234 -0.848424 0.305534
    outer loop
      vertex -21.1002 -37.9555 1.72636
      vertex -22.2608 -37.7717 0.594862
      vertex -21.2138 -38.3051 0.594862
    endloop
  endfacet
  facet normal -0.707107 -0.707107 0
    outer loop
      vertex -22.2608 -37.7717 -0.594862
      vertex -23.0917 -36.9408 0.594862
      vertex -23.0917 -36.9408 -0.594862
    endloop
  endfacet
  facet normal -0.707107 -0.707107 0
    outer loop
      vertex -23.0917 -36.9408 0.594862
      vertex -22.2608 -37.7717 -0.594862
      vertex -22.2608 -37.7717 0.594862
    endloop
  endfacet
  facet normal 0.574474 -0.574497 0.583037
    outer loop
      vertex 42.2817 -1.58048 2.68887
      vertex 42.0979 -2.74109 1.72636
      vertex 42.8475 -1.99152 1.72636
    endloop
  endfacet
  facet normal 0.574534 -0.574476 0.583
    outer loop
      vertex 42.0979 -2.74109 1.72636
      vertex 42.2817 -1.58048 2.68887
      vertex 41.6869 -2.17534 2.68887
    endloop
  endfacet
  facet normal 0.475777 0.824069 0.307485
    outer loop
      vertex -17.8456 37.7717 0.594862
      vertex 42.0979 2.74109 1.72636
      vertex 42.314 3.03852 0.594862
    endloop
  endfacet
  facet normal 0.475769 0.824057 0.307531
    outer loop
      vertex 42.0979 2.74109 1.72636
      vertex -17.8456 37.7717 0.594862
      vertex -18.0617 37.4742 1.72636
    endloop
  endfacet
  facet normal 0.673277 -0.673304 -0.305548
    outer loop
      vertex 43.1449 -2.20761 -0.594862
      vertex 42.0979 -2.74109 -1.72636
      vertex 42.8475 -1.99152 -1.72636
    endloop
  endfacet
  facet normal 0.67329 -0.673282 -0.30557
    outer loop
      vertex 42.0979 -2.74109 -1.72636
      vertex 43.1449 -2.20761 -0.594862
      vertex 42.314 -3.03852 -0.594862
    endloop
  endfacet
  facet normal 0.294947 -0.510864 -0.80748
    outer loop
      vertex -0.32084 -5.46851 -21.702
      vertex 4.81736 -1.39665 -22.4013
      vertex 5.38311 -2.17534 -21.702
    endloop
  endfacet
  facet normal 0.29495 -0.510867 -0.807477
    outer loop
      vertex 4.81736 -1.39665 -22.4013
      vertex -0.32084 -5.46851 -21.702
      vertex -0.886588 -4.68983 -22.4013
    endloop
  endfacet
  facet normal 0.418993 0.418993 -0.805536
    outer loop
      vertex 5.19928 1.01473 -22.4013
      vertex 5.38311 2.17534 -21.702
      vertex 5.97797 1.58048 -21.702
    endloop
  endfacet
  facet normal 0.418993 0.418993 -0.805536
    outer loop
      vertex 5.38311 2.17534 -21.702
      vertex 5.19928 1.01473 -22.4013
      vertex 4.81736 1.39665 -22.4013
    endloop
  endfacet
  facet normal 0.72391 -0.368807 -0.583041
    outer loop
      vertex 42.8475 -1.99152 -1.72636
      vertex 42.2817 -1.58048 -2.68887
      vertex 43.3287 -1.047 -1.72636
    endloop
  endfacet
  facet normal 0.368813 0.723913 0.583033
    outer loop
      vertex -19.0062 37.9555 1.72636
      vertex -19.2223 37.2904 2.68887
      vertex -18.4727 36.9085 2.68887
    endloop
  endfacet
  facet normal -0.940439 0.148934 -0.305604
    outer loop
      vertex -23.2755 35.7801 -1.72636
      vertex -23.809 34.7331 -0.594862
      vertex -23.6252 35.8937 -0.594862
    endloop
  endfacet
  facet normal 0.405278 0.701963 -0.585661
    outer loop
      vertex 41.6869 2.17534 -2.68887
      vertex -18.0617 37.4742 -1.72636
      vertex 42.0979 2.74109 -1.72636
    endloop
  endfacet
  facet normal 0.405287 0.701977 -0.585637
    outer loop
      vertex -18.0617 37.4742 -1.72636
      vertex 41.6869 2.17534 -2.68887
      vertex -18.4727 36.9085 -2.68887
    endloop
  endfacet
  facet normal 0.0926943 0.585256 -0.805533
    outer loop
      vertex -19.2223 37.2904 -2.68887
      vertex -20.0532 36.4595 -3.38817
      vertex -20.0532 37.422 -2.68887
    endloop
  endfacet
  facet normal -0.149016 0.940449 -0.305532
    outer loop
      vertex -21.1002 37.9555 -1.72636
      vertex -21.2138 38.3051 -0.594862
      vertex -20.0532 38.489 -0.594862
    endloop
  endfacet
  facet normal 0.432307 0.848356 0.305619
    outer loop
      vertex -17.8456 37.7717 0.594862
      vertex -19.0062 37.9555 1.72636
      vertex -18.0617 37.4742 1.72636
    endloop
  endfacet
  facet normal 0.5 0.866025 -0
    outer loop
      vertex 42.314 3.03852 -0.594862
      vertex -17.8456 37.7717 0.594862
      vertex 42.314 3.03852 0.594862
    endloop
  endfacet
  facet normal 0.5 0.866025 0
    outer loop
      vertex -17.8456 37.7717 0.594862
      vertex 42.314 3.03852 -0.594862
      vertex -17.8456 37.7717 -0.594862
    endloop
  endfacet
  facet normal 0.451504 -0.230041 0.862105
    outer loop
      vertex 39.2999 -0.533474 4.6704
      vertex 41.503 -1.01473 3.38817
      vertex 41.7482 -0.533474 3.38817
    endloop
  endfacet
  facet normal 0.451507 -0.23003 0.862106
    outer loop
      vertex 39.1225 -0.881678 4.6704
      vertex 41.503 -1.01473 3.38817
      vertex 39.2999 -0.533474 4.6704
    endloop
  endfacet
  facet normal 0.451531 -0.229879 0.862134
    outer loop
      vertex 41.503 -1.01473 3.38817
      vertex 39.1225 -0.881678 4.6704
      vertex 38.9895 -1.01473 4.70458
    endloop
  endfacet
  facet normal 0.4515 -0.230083 0.862096
    outer loop
      vertex 5.4445 -0.533474 22.4013
      vertex 36.6955 -0.881678 5.9415
      vertex 36.5181 -0.533474 6.12734
    endloop
  endfacet
  facet normal 0.451502 -0.230059 0.862101
    outer loop
      vertex 5.19928 -1.01473 22.4013
      vertex 36.6955 -0.881678 5.9415
      vertex 5.4445 -0.533474 22.4013
    endloop
  endfacet
  facet normal 0.45149 -0.230173 0.862077
    outer loop
      vertex 36.6955 -0.881678 5.9415
      vertex 5.19928 -1.01473 22.4013
      vertex 36.8285 -1.01473 5.83632
    endloop
  endfacet
  facet normal 0.585256 0.0926938 0.805533
    outer loop
      vertex 42.6636 0.830905 2.68887
      vertex 41.8327 0 3.38817
      vertex 42.7952 0 2.68887
    endloop
  endfacet
  facet normal -0.368813 -0.723913 0.583033
    outer loop
      vertex -20.8841 -37.2904 2.68887
      vertex -21.6337 -36.9085 2.68887
      vertex -21.1002 -37.9555 1.72636
    endloop
  endfacet
  facet normal 0.308688 -0.0488835 0.949906
    outer loop
      vertex 4.39749 0 22.769
      vertex 4.36838 -0.183823 22.769
      vertex 5.52899 0 22.4013
    endloop
  endfacet
  facet normal 0.148925 -0.940438 -0.305612
    outer loop
      vertex -19.0062 -37.9555 -1.72636
      vertex -20.0532 -38.489 -0.594862
      vertex -20.0532 -38.1213 -1.72636
    endloop
  endfacet
  facet normal 0.890997 -0.454009 0
    outer loop
      vertex 43.1449 -2.20761 0.594862
      vertex 43.6784 -1.16061 -0.594862
      vertex 43.6784 -1.16061 0.594862
    endloop
  endfacet
  facet normal 0.890997 -0.454009 0
    outer loop
      vertex 43.6784 -1.16061 -0.594862
      vertex 43.1449 -2.20761 0.594862
      vertex 43.1449 -2.20761 -0.594862
    endloop
  endfacet
  facet normal -0.527956 0.269049 -0.805528
    outer loop
      vertex -21.6951 35.2666 -3.38817
      vertex -22.6105 35.564 -2.68887
      vertex -22.2285 36.3136 -2.68887
    endloop
  endfacet
  facet normal -0.631798 0.100065 -0.768647
    outer loop
      vertex -22.7421 34.7331 -2.68887
      vertex -4.45858 4.12408 -21.702
      vertex -4.59018 3.29317 -21.702
    endloop
  endfacet
  facet normal -0.631797 0.100066 -0.768647
    outer loop
      vertex -4.45858 4.12408 -21.702
      vertex -22.7421 34.7331 -2.68887
      vertex -22.6105 35.564 -2.68887
    endloop
  endfacet
  facet normal -1 0 0
    outer loop
      vertex -23.809 -34.7331 -0.594862
      vertex -23.809 34.7331 0.594862
      vertex -23.809 34.7331 -0.594862
    endloop
  endfacet
  facet normal -1 -0 0
    outer loop
      vertex -23.809 34.7331 0.594862
      vertex -23.809 -34.7331 -0.594862
      vertex -23.809 -34.7331 0.594862
    endloop
  endfacet
  facet normal -0.574564 -0.574467 -0.582978
    outer loop
      vertex -22.0447 -37.4742 -1.72636
      vertex -22.2285 -36.3136 -2.68887
      vertex -21.6337 -36.9085 -2.68887
    endloop
  endfacet
  facet normal -0.574437 -0.574514 -0.583058
    outer loop
      vertex -22.2285 -36.3136 -2.68887
      vertex -22.0447 -37.4742 -1.72636
      vertex -22.7943 -36.7247 -1.72636
    endloop
  endfacet
  facet normal 0.475769 -0.824057 0.307531
    outer loop
      vertex -17.8456 -37.7717 0.594862
      vertex 42.0979 -2.74109 1.72636
      vertex -18.0617 -37.4742 1.72636
    endloop
  endfacet
  facet normal 0.475777 -0.824069 0.307485
    outer loop
      vertex 42.0979 -2.74109 1.72636
      vertex -17.8456 -37.7717 0.594862
      vertex 42.314 -3.03852 0.594862
    endloop
  endfacet
  facet normal 0.361648 -0.626395 -0.690536
    outer loop
      vertex 5.38311 -2.17534 -21.702
      vertex -18.4727 -36.9085 -2.68887
      vertex -0.32084 -5.46851 -21.702
    endloop
  endfacet
  facet normal 0.432234 -0.848424 0.305534
    outer loop
      vertex -17.8456 -37.7717 0.594862
      vertex -19.0062 -37.9555 1.72636
      vertex -18.8926 -38.3051 0.594862
    endloop
  endfacet
  facet normal 0.987691 0.156416 0
    outer loop
      vertex 43.8622 0 0.594862
      vertex 43.6784 1.16061 -0.594862
      vertex 43.6784 1.16061 0.594862
    endloop
  endfacet
  facet normal 0.987691 0.156416 0
    outer loop
      vertex 43.6784 1.16061 -0.594862
      vertex 43.8622 0 0.594862
      vertex 43.8622 0 -0.594862
    endloop
  endfacet
  facet normal 0.802452 0.127074 0.583029
    outer loop
      vertex 43.3287 1.047 1.72636
      vertex 42.6636 0.830905 2.68887
      vertex 43.4945 0 1.72636
    endloop
  endfacet
  facet normal 0.432307 -0.848356 -0.305619
    outer loop
      vertex -17.8456 -37.7717 -0.594862
      vertex -19.0062 -37.9555 -1.72636
      vertex -18.0617 -37.4742 -1.72636
    endloop
  endfacet
  facet normal 0.940438 0.148925 -0.305612
    outer loop
      vertex 43.4945 0 -1.72636
      vertex 43.3287 1.047 -1.72636
      vertex 43.8622 0 -0.594862
    endloop
  endfacet
  facet normal 0.802458 0.127095 -0.583016
    outer loop
      vertex 42.7952 0 -2.68887
      vertex 42.6636 0.830905 -2.68887
      vertex 43.4945 0 -1.72636
    endloop
  endfacet
  facet normal 0.574474 0.574497 -0.583037
    outer loop
      vertex 42.2817 1.58048 -2.68887
      vertex 42.0979 2.74109 -1.72636
      vertex 42.8475 1.99152 -1.72636
    endloop
  endfacet
  facet normal 0.574534 0.574476 -0.583
    outer loop
      vertex 42.0979 2.74109 -1.72636
      vertex 42.2817 1.58048 -2.68887
      vertex 41.6869 2.17534 -2.68887
    endloop
  endfacet
  facet normal -0.0765474 0.483233 -0.872139
    outer loop
      vertex -19.2664 34.2974 -4.6552
      vertex -20.0532 36.4595 -3.38817
      vertex -18.8184 34.3209 -4.6815
    endloop
  endfacet
  facet normal -0.0768074 0.483152 -0.872161
    outer loop
      vertex -19.3652 34.2594 -4.66755
      vertex -20.0532 36.4595 -3.38817
      vertex -19.2664 34.2974 -4.6552
    endloop
  endfacet
  facet normal -0.0765372 0.483226 -0.872144
    outer loop
      vertex -20.0532 36.4595 -3.38817
      vertex -19.3652 34.2594 -4.66755
      vertex -20.5867 36.375 -3.38817
    endloop
  endfacet
  facet normal -0.0765337 0.483234 -0.87214
    outer loop
      vertex -17.8398 31.8265 -6.14947
      vertex -1.90132 5.01953 -22.4013
      vertex -2.43479 4.93504 -22.4013
    endloop
  endfacet
  facet normal -0.0764591 0.48327 -0.872126
    outer loop
      vertex -1.90132 5.01953 -22.4013
      vertex -17.8398 31.8265 -6.14947
      vertex -17.5955 32.2026 -5.96248
    endloop
  endfacet
  facet normal -0.0767166 0.483148 -0.872171
    outer loop
      vertex -17.8398 31.8265 -6.14947
      vertex -2.43479 4.93504 -22.4013
      vertex -17.9221 31.7598 -6.17918
    endloop
  endfacet
  facet normal -0.337039 -0.337039 -0.879096
    outer loop
      vertex -21.4498 -35.7479 -3.38817
      vertex -19.8465 -34.0142 -4.66755
      vertex -21.0679 -36.1298 -3.38817
    endloop
  endfacet
  facet normal -0.337003 -0.337072 -0.879097
    outer loop
      vertex -19.8465 -34.0142 -4.66755
      vertex -21.4498 -35.7479 -3.38817
      vertex -20.0692 -33.8339 -4.65131
    endloop
  endfacet
  facet normal -0.337102 -0.336995 -0.879088
    outer loop
      vertex -20.0692 -33.8339 -4.65131
      vertex -21.4498 -35.7479 -3.38817
      vertex -20.2151 -33.6092 -4.6815
    endloop
  endfacet
  facet normal -0.337206 -0.336928 -0.879074
    outer loop
      vertex -18.6426 -31.3629 -6.14558
      vertex -2.91604 -4.68983 -22.4013
      vertex -18.3751 -31.4657 -6.20879
    endloop
  endfacet
  facet normal -0.337039 -0.337039 -0.879096
    outer loop
      vertex -2.91604 -4.68983 -22.4013
      vertex -18.6426 -31.3629 -6.14558
      vertex -3.29797 -4.3079 -22.4013
    endloop
  endfacet
  facet normal -0.336978 -0.337079 -0.879104
    outer loop
      vertex -3.29797 -4.3079 -22.4013
      vertex -18.6426 -31.3629 -6.14558
      vertex -18.9101 -31.3489 -6.04841
    endloop
  endfacet
  facet normal 0.141889 -0.278473 -0.949906
    outer loop
      vertex -1.36784 -4.93504 -22.4013
      vertex -1.55166 -3.77443 -22.769
      vertex -0.886588 -4.68983 -22.4013
    endloop
  endfacet
  facet normal -0.432307 -0.848356 0.305619
    outer loop
      vertex -22.0447 -37.4742 1.72636
      vertex -22.2608 -37.7717 0.594862
      vertex -21.1002 -37.9555 1.72636
    endloop
  endfacet
  facet normal -0.951068 0 -0.308982
    outer loop
      vertex -23.4414 -34.7331 -1.72636
      vertex -23.809 34.7331 -0.594862
      vertex -23.4414 34.7331 -1.72636
    endloop
  endfacet
  facet normal -0.951068 -0 -0.308982
    outer loop
      vertex -23.809 34.7331 -0.594862
      vertex -23.4414 -34.7331 -1.72636
      vertex -23.809 -34.7331 -0.594862
    endloop
  endfacet
  facet normal -0.673277 0.673277 -0.305608
    outer loop
      vertex -22.0447 37.4742 -1.72636
      vertex -23.0917 36.9408 -0.594862
      vertex -22.2608 37.7717 -0.594862
    endloop
  endfacet
  facet normal -0.673245 0.673335 -0.305551
    outer loop
      vertex -23.0917 36.9408 -0.594862
      vertex -22.0447 37.4742 -1.72636
      vertex -22.7943 36.7247 -1.72636
    endloop
  endfacet
  facet normal -0.574564 -0.574467 0.582978
    outer loop
      vertex -22.2285 -36.3136 2.68887
      vertex -22.0447 -37.4742 1.72636
      vertex -21.6337 -36.9085 2.68887
    endloop
  endfacet
  facet normal -0.574437 -0.574514 0.583058
    outer loop
      vertex -22.0447 -37.4742 1.72636
      vertex -22.2285 -36.3136 2.68887
      vertex -22.7943 -36.7247 1.72636
    endloop
  endfacet
  facet normal -0.574564 0.574467 -0.582978
    outer loop
      vertex -22.2285 36.3136 -2.68887
      vertex -22.0447 37.4742 -1.72636
      vertex -21.6337 36.9085 -2.68887
    endloop
  endfacet
  facet normal -0.574437 0.574514 -0.583058
    outer loop
      vertex -22.0447 37.4742 -1.72636
      vertex -22.2285 36.3136 -2.68887
      vertex -22.7943 36.7247 -1.72636
    endloop
  endfacet
  facet normal -0.432307 0.848356 -0.305619
    outer loop
      vertex -22.0447 37.4742 -1.72636
      vertex -22.2608 37.7717 -0.594862
      vertex -21.1002 37.9555 -1.72636
    endloop
  endfacet
  facet normal 0.585256 0.0926938 -0.805533
    outer loop
      vertex 42.7952 0 -2.68887
      vertex 41.8327 0 -3.38817
      vertex 42.6636 0.830905 -2.68887
    endloop
  endfacet
  facet normal -0.127095 0.802458 -0.583016
    outer loop
      vertex -20.0532 37.422 -2.68887
      vertex -20.8841 37.2904 -2.68887
      vertex -20.0532 38.1213 -1.72636
    endloop
  endfacet
  facet normal -0.127074 0.802452 -0.583029
    outer loop
      vertex -20.8841 37.2904 -2.68887
      vertex -21.1002 37.9555 -1.72636
      vertex -20.0532 38.1213 -1.72636
    endloop
  endfacet
  facet normal 0.308689 -0.0488892 -0.949906
    outer loop
      vertex 5.4445 -0.533474 -22.4013
      vertex 4.36838 -0.183823 -22.769
      vertex 5.52899 0 -22.4013
    endloop
  endfacet
  facet normal -0.1565 0.987678 0
    outer loop
      vertex -20.0532 38.489 -0.594862
      vertex -21.2138 38.3051 0.594862
      vertex -20.0532 38.489 0.594862
    endloop
  endfacet
  facet normal -0.1565 0.987678 0
    outer loop
      vertex -21.2138 38.3051 0.594862
      vertex -20.0532 38.489 -0.594862
      vertex -21.2138 38.3051 -0.594862
    endloop
  endfacet
  facet normal 0.127095 0.802458 -0.583016
    outer loop
      vertex -19.2223 37.2904 -2.68887
      vertex -20.0532 37.422 -2.68887
      vertex -20.0532 38.1213 -1.72636
    endloop
  endfacet
  facet normal 0.940439 -0.148933 -0.305605
    outer loop
      vertex 43.6784 -1.16061 -0.594862
      vertex 43.3287 -1.047 -1.72636
      vertex 43.8622 0 -0.594862
    endloop
  endfacet
  facet normal 0.42206 -0.41527 0.805864
    outer loop
      vertex 38.7907 -1.21352 4.70626
      vertex 41.503 -1.01473 3.38817
      vertex 38.9895 -1.01473 4.70458
    endloop
  endfacet
  facet normal 0.42207 -0.415196 0.805896
    outer loop
      vertex 41.503 -1.01473 3.38817
      vertex 38.7907 -1.21352 4.70626
      vertex 42.2817 -1.58048 2.68887
    endloop
  endfacet
  facet normal 0.42205 -0.415262 0.805873
    outer loop
      vertex 38.3725 -1.42658 4.81549
      vertex 42.2817 -1.58048 2.68887
      vertex 38.7907 -1.21352 4.70626
    endloop
  endfacet
  facet normal 0.422086 -0.415116 0.805929
    outer loop
      vertex 37.909 -1.5 5.02042
      vertex 42.2817 -1.58048 2.68887
      vertex 38.3725 -1.42658 4.81549
    endloop
  endfacet
  facet normal 0.422069 -0.415193 0.805899
    outer loop
      vertex 37.909 -1.5 5.02042
      vertex 5.97797 -1.58048 21.702
      vertex 42.2817 -1.58048 2.68887
    endloop
  endfacet
  facet normal 0.422034 -0.415359 0.805832
    outer loop
      vertex 37.4455 -1.42658 5.30101
      vertex 5.97797 -1.58048 21.702
      vertex 37.909 -1.5 5.02042
    endloop
  endfacet
  facet normal 0.42208 -0.415137 0.805922
    outer loop
      vertex 37.0273 -1.21352 5.62978
      vertex 5.97797 -1.58048 21.702
      vertex 37.4455 -1.42658 5.30101
    endloop
  endfacet
  facet normal 0.422063 -0.415221 0.805887
    outer loop
      vertex 36.8285 -1.01473 5.83632
      vertex 5.97797 -1.58048 21.702
      vertex 37.0273 -1.21352 5.62978
    endloop
  endfacet
  facet normal 0.422066 -0.415206 0.805893
    outer loop
      vertex 5.97797 -1.58048 21.702
      vertex 36.8285 -1.01473 5.83632
      vertex 5.19928 -1.01473 22.4013
    endloop
  endfacet
  facet normal 0.308689 0.0488892 0.949906
    outer loop
      vertex 5.4445 0.533474 22.4013
      vertex 4.36838 0.183823 22.769
      vertex 5.52899 0 22.4013
    endloop
  endfacet
  facet normal -0.148925 0.940438 0.305612
    outer loop
      vertex -20.0532 38.489 0.594862
      vertex -21.1002 37.9555 1.72636
      vertex -20.0532 38.1213 1.72636
    endloop
  endfacet
  facet normal -0.30869 0.0488988 0.949905
    outer loop
      vertex -2.46706 3.477 22.769
      vertex -3.62767 3.29317 22.4013
      vertex -2.49618 3.29317 22.769
    endloop
  endfacet
  facet normal -0.585252 -0.0926926 0.805536
    outer loop
      vertex -3.62767 -3.29317 22.4013
      vertex -4.59018 -3.29317 21.702
      vertex -4.45858 -4.12408 21.702
    endloop
  endfacet
  facet normal 0.0874457 -0.551977 0.829261
    outer loop
      vertex -1.36784 -4.93504 22.4013
      vertex -17.5842 -32.2201 5.9497
      vertex -17.4627 -32.6734 5.63516
    endloop
  endfacet
  facet normal 0.0851993 -0.551154 0.830043
    outer loop
      vertex -17.5842 -32.2201 5.9497
      vertex -1.90132 -5.01953 22.4013
      vertex -17.5955 -32.2026 5.96248
    endloop
  endfacet
  facet normal 0.0874178 -0.551967 0.829271
    outer loop
      vertex -17.5842 -32.2201 5.9497
      vertex -1.36784 -4.93504 22.4013
      vertex -1.90132 -5.01953 22.4013
    endloop
  endfacet
  facet normal 0.0879344 -0.552157 0.82909
    outer loop
      vertex -1.36784 -4.93504 22.4013
      vertex -17.4627 -32.6734 5.63516
      vertex -17.4707 -32.826 5.53438
    endloop
  endfacet
  facet normal 0.0876226 -0.552041 0.8292
    outer loop
      vertex -18.3444 -34.2005 4.71165
      vertex -19.5197 -36.375 3.38817
      vertex -18.2162 -34.1172 4.75356
    endloop
  endfacet
  facet normal 0.0873361 -0.551944 0.829295
    outer loop
      vertex -18.7977 -34.3219 4.67859
      vertex -19.5197 -36.375 3.38817
      vertex -18.3444 -34.2005 4.71165
    endloop
  endfacet
  facet normal 0.0898105 -0.55244 0.8287
    outer loop
      vertex -18.8184 -34.3209 4.6815
      vertex -19.5197 -36.375 3.38817
      vertex -18.7977 -34.3219 4.67859
    endloop
  endfacet
  facet normal 0.087427 -0.55198 0.829262
    outer loop
      vertex -19.5197 -36.375 3.38817
      vertex -18.8184 -34.3209 4.6815
      vertex -20.0532 -36.4595 3.38817
    endloop
  endfacet
  facet normal -0.802475 0.127154 0.58298
    outer loop
      vertex -23.2755 35.7801 1.72636
      vertex -23.4414 34.7331 1.72636
      vertex -22.6105 35.564 2.68887
    endloop
  endfacet
  facet normal 0.0926972 -0.585254 0.805534
    outer loop
      vertex -19.5197 -36.375 3.38817
      vertex -20.0532 -36.4595 3.38817
      vertex -19.2223 -37.2904 2.68887
    endloop
  endfacet
  facet normal -0.673245 -0.673335 -0.305551
    outer loop
      vertex -22.0447 -37.4742 -1.72636
      vertex -23.0917 -36.9408 -0.594862
      vertex -22.7943 -36.7247 -1.72636
    endloop
  endfacet
  facet normal -0.673277 -0.673277 -0.305608
    outer loop
      vertex -23.0917 -36.9408 -0.594862
      vertex -22.0447 -37.4742 -1.72636
      vertex -22.2608 -37.7717 -0.594862
    endloop
  endfacet
  facet normal -0.432234 -0.848424 -0.305534
    outer loop
      vertex -21.2138 -38.3051 -0.594862
      vertex -22.2608 -37.7717 -0.594862
      vertex -21.1002 -37.9555 -1.72636
    endloop
  endfacet
  facet normal -0.337003 0.337072 -0.879097
    outer loop
      vertex -21.4498 35.7479 -3.38817
      vertex -19.8465 34.0142 -4.66755
      vertex -20.0692 33.8339 -4.65131
    endloop
  endfacet
  facet normal -0.337102 0.336995 -0.879088
    outer loop
      vertex -21.4498 35.7479 -3.38817
      vertex -20.0692 33.8339 -4.65131
      vertex -20.2151 33.6092 -4.6815
    endloop
  endfacet
  facet normal -0.337039 0.337039 -0.879096
    outer loop
      vertex -19.8465 34.0142 -4.66755
      vertex -21.4498 35.7479 -3.38817
      vertex -21.0679 36.1298 -3.38817
    endloop
  endfacet
  facet normal -0.337039 0.337039 -0.879096
    outer loop
      vertex -18.6426 31.3629 -6.14558
      vertex -2.91604 4.68983 -22.4013
      vertex -3.29797 4.3079 -22.4013
    endloop
  endfacet
  facet normal -0.337206 0.336928 -0.879074
    outer loop
      vertex -2.91604 4.68983 -22.4013
      vertex -18.6426 31.3629 -6.14558
      vertex -18.3751 31.4657 -6.20879
    endloop
  endfacet
  facet normal -0.336978 0.337079 -0.879104
    outer loop
      vertex -18.6426 31.3629 -6.14558
      vertex -3.29797 4.3079 -22.4013
      vertex -18.9101 31.3489 -6.04841
    endloop
  endfacet
  facet normal -0.940449 0.149017 -0.305532
    outer loop
      vertex -23.4414 34.7331 -1.72636
      vertex -23.809 34.7331 -0.594862
      vertex -23.2755 35.7801 -1.72636
    endloop
  endfacet
  facet normal -0.269018 -0.527942 -0.805547
    outer loop
      vertex -20.5867 -36.375 -3.38817
      vertex -21.6337 -36.9085 -2.68887
      vertex -21.0679 -36.1298 -3.38817
    endloop
  endfacet
  facet normal -0.368891 -0.72391 -0.582986
    outer loop
      vertex -21.1002 -37.9555 -1.72636
      vertex -22.0447 -37.4742 -1.72636
      vertex -21.6337 -36.9085 -2.68887
    endloop
  endfacet
  facet normal -0.432307 -0.848356 -0.305619
    outer loop
      vertex -21.1002 -37.9555 -1.72636
      vertex -22.2608 -37.7717 -0.594862
      vertex -22.0447 -37.4742 -1.72636
    endloop
  endfacet
  facet normal 0.405287 -0.701977 0.585637
    outer loop
      vertex -18.0617 -37.4742 1.72636
      vertex 41.6869 -2.17534 2.68887
      vertex -18.4727 -36.9085 2.68887
    endloop
  endfacet
  facet normal 0.405278 -0.701963 0.585661
    outer loop
      vertex 41.6869 -2.17534 2.68887
      vertex -18.0617 -37.4742 1.72636
      vertex 42.0979 -2.74109 1.72636
    endloop
  endfacet
  facet normal 0.368891 -0.72391 0.582986
    outer loop
      vertex -18.4727 -36.9085 2.68887
      vertex -19.0062 -37.9555 1.72636
      vertex -18.0617 -37.4742 1.72636
    endloop
  endfacet
  facet normal 0.368813 -0.723913 0.583033
    outer loop
      vertex -18.4727 -36.9085 2.68887
      vertex -19.2223 -37.2904 2.68887
      vertex -19.0062 -37.9555 1.72636
    endloop
  endfacet
  facet normal 0.673277 -0.673304 0.305548
    outer loop
      vertex 42.0979 -2.74109 1.72636
      vertex 43.1449 -2.20761 0.594862
      vertex 42.8475 -1.99152 1.72636
    endloop
  endfacet
  facet normal 0.67329 -0.673282 0.30557
    outer loop
      vertex 43.1449 -2.20761 0.594862
      vertex 42.0979 -2.74109 1.72636
      vertex 42.314 -3.03852 0.594862
    endloop
  endfacet
  facet normal 0.405278 0.701963 0.585661
    outer loop
      vertex -18.0617 37.4742 1.72636
      vertex 41.6869 2.17534 2.68887
      vertex 42.0979 2.74109 1.72636
    endloop
  endfacet
  facet normal 0.405287 0.701977 0.585637
    outer loop
      vertex 41.6869 2.17534 2.68887
      vertex -18.0617 37.4742 1.72636
      vertex -18.4727 36.9085 2.68887
    endloop
  endfacet
  facet normal 0.42207 0.415196 0.805896
    outer loop
      vertex 38.7907 1.21352 4.70626
      vertex 41.503 1.01473 3.38817
      vertex 42.2817 1.58048 2.68887
    endloop
  endfacet
  facet normal 0.42206 0.41527 0.805864
    outer loop
      vertex 41.503 1.01473 3.38817
      vertex 38.7907 1.21352 4.70626
      vertex 38.9895 1.01473 4.70458
    endloop
  endfacet
  facet normal 0.42205 0.415262 0.805873
    outer loop
      vertex 42.2817 1.58048 2.68887
      vertex 38.3725 1.42658 4.81549
      vertex 38.7907 1.21352 4.70626
    endloop
  endfacet
  facet normal 0.422086 0.415116 0.805929
    outer loop
      vertex 42.2817 1.58048 2.68887
      vertex 37.909 1.5 5.02042
      vertex 38.3725 1.42658 4.81549
    endloop
  endfacet
  facet normal 0.422069 0.415193 0.805899
    outer loop
      vertex 5.97797 1.58048 21.702
      vertex 37.909 1.5 5.02042
      vertex 42.2817 1.58048 2.68887
    endloop
  endfacet
  facet normal 0.422034 0.415359 0.805832
    outer loop
      vertex 5.97797 1.58048 21.702
      vertex 37.4455 1.42658 5.30101
      vertex 37.909 1.5 5.02042
    endloop
  endfacet
  facet normal 0.42208 0.415137 0.805922
    outer loop
      vertex 5.97797 1.58048 21.702
      vertex 37.0273 1.21352 5.62978
      vertex 37.4455 1.42658 5.30101
    endloop
  endfacet
  facet normal 0.422063 0.415221 0.805887
    outer loop
      vertex 5.97797 1.58048 21.702
      vertex 36.8285 1.01473 5.83632
      vertex 37.0273 1.21352 5.62978
    endloop
  endfacet
  facet normal 0.422066 0.415206 0.805893
    outer loop
      vertex 36.8285 1.01473 5.83632
      vertex 5.97797 1.58048 21.702
      vertex 5.19928 1.01473 22.4013
    endloop
  endfacet
  facet normal 0.848371 0.432289 0.305602
    outer loop
      vertex 43.6784 1.16061 0.594862
      vertex 43.1449 2.20761 0.594862
      vertex 43.3287 1.047 1.72636
    endloop
  endfacet
  facet normal 0.418993 -0.418993 -0.805536
    outer loop
      vertex 5.38311 -2.17534 -21.702
      vertex 5.19928 -1.01473 -22.4013
      vertex 5.97797 -1.58048 -21.702
    endloop
  endfacet
  facet normal 0.418993 -0.418993 -0.805536
    outer loop
      vertex 5.19928 -1.01473 -22.4013
      vertex 5.38311 -2.17534 -21.702
      vertex 4.81736 -1.39665 -22.4013
    endloop
  endfacet
  facet normal 0.940439 0.148933 -0.305605
    outer loop
      vertex 43.8622 0 -0.594862
      vertex 43.3287 1.047 -1.72636
      vertex 43.6784 1.16061 -0.594862
    endloop
  endfacet
  facet normal 0.405287 -0.701977 -0.585637
    outer loop
      vertex 41.6869 -2.17534 -2.68887
      vertex -18.0617 -37.4742 -1.72636
      vertex -18.4727 -36.9085 -2.68887
    endloop
  endfacet
  facet normal 0.405278 -0.701963 -0.585661
    outer loop
      vertex -18.0617 -37.4742 -1.72636
      vertex 41.6869 -2.17534 -2.68887
      vertex 42.0979 -2.74109 -1.72636
    endloop
  endfacet
  facet normal 0.420866 -0.420824 -0.803604
    outer loop
      vertex 41.6869 -2.17534 -2.68887
      vertex 5.97797 -1.58048 -21.702
      vertex 42.2817 -1.58048 -2.68887
    endloop
  endfacet
  facet normal 0.420858 -0.420858 -0.80359
    outer loop
      vertex 5.97797 -1.58048 -21.702
      vertex 41.6869 -2.17534 -2.68887
      vertex 5.38311 -2.17534 -21.702
    endloop
  endfacet
  facet normal 0.269014 0.527963 -0.805535
    outer loop
      vertex -0.32084 5.46851 -21.702
      vertex -1.36784 4.93504 -22.4013
      vertex -1.07041 5.85044 -21.702
    endloop
  endfacet
  facet normal 0.52797 -0.268995 -0.805536
    outer loop
      vertex 42.2817 -1.58048 -2.68887
      vertex 41.7482 -0.533474 -3.38817
      vertex 42.6636 -0.830905 -2.68887
    endloop
  endfacet
  facet normal 0.368891 -0.72391 -0.582986
    outer loop
      vertex -18.0617 -37.4742 -1.72636
      vertex -19.0062 -37.9555 -1.72636
      vertex -18.4727 -36.9085 -2.68887
    endloop
  endfacet
  facet normal -0.891015 -0.453974 0
    outer loop
      vertex -23.0917 -36.9408 -0.594862
      vertex -23.6252 -35.8937 0.594862
      vertex -23.6252 -35.8937 -0.594862
    endloop
  endfacet
  facet normal -0.891015 -0.453974 0
    outer loop
      vertex -23.6252 -35.8937 0.594862
      vertex -23.0917 -36.9408 -0.594862
      vertex -23.0917 -36.9408 0.594862
    endloop
  endfacet
  facet normal -0.802475 -0.127154 -0.58298
    outer loop
      vertex -23.2755 -35.7801 -1.72636
      vertex -23.4414 -34.7331 -1.72636
      vertex -22.6105 -35.564 -2.68887
    endloop
  endfacet
  facet normal -0.707107 0.707107 0
    outer loop
      vertex -23.0917 36.9408 -0.594862
      vertex -22.2608 37.7717 0.594862
      vertex -22.2608 37.7717 -0.594862
    endloop
  endfacet
  facet normal -0.707107 0.707107 0
    outer loop
      vertex -22.2608 37.7717 0.594862
      vertex -23.0917 36.9408 -0.594862
      vertex -23.0917 36.9408 0.594862
    endloop
  endfacet
  facet normal -0.368891 0.72391 -0.582986
    outer loop
      vertex -21.6337 36.9085 -2.68887
      vertex -22.0447 37.4742 -1.72636
      vertex -21.1002 37.9555 -1.72636
    endloop
  endfacet
  facet normal 0.127095 0.802458 0.583016
    outer loop
      vertex -20.0532 38.1213 1.72636
      vertex -20.0532 37.422 2.68887
      vertex -19.2223 37.2904 2.68887
    endloop
  endfacet
  facet normal 0.0926943 0.585256 0.805533
    outer loop
      vertex -20.0532 37.422 2.68887
      vertex -20.0532 36.4595 3.38817
      vertex -19.2223 37.2904 2.68887
    endloop
  endfacet
  facet normal -0.432234 0.848424 -0.305534
    outer loop
      vertex -21.1002 37.9555 -1.72636
      vertex -22.2608 37.7717 -0.594862
      vertex -21.2138 38.3051 -0.594862
    endloop
  endfacet
  facet normal -0.368813 0.723913 -0.583033
    outer loop
      vertex -20.8841 37.2904 -2.68887
      vertex -21.6337 36.9085 -2.68887
      vertex -21.1002 37.9555 -1.72636
    endloop
  endfacet
  facet normal 0.314679 0.617585 -0.720809
    outer loop
      vertex -1.07041 5.85044 -21.702
      vertex -18.4727 36.9085 -2.68887
      vertex -0.32084 5.46851 -21.702
    endloop
  endfacet
  facet normal 0.314638 0.617577 -0.720834
    outer loop
      vertex -18.4727 36.9085 -2.68887
      vertex -1.07041 5.85044 -21.702
      vertex -19.2223 37.2904 -2.68887
    endloop
  endfacet
  facet normal 0.0874457 0.551977 -0.829261
    outer loop
      vertex -1.36784 4.93504 -22.4013
      vertex -17.5842 32.2201 -5.9497
      vertex -17.4627 32.6734 -5.63516
    endloop
  endfacet
  facet normal 0.0851993 0.551154 -0.830043
    outer loop
      vertex -17.5842 32.2201 -5.9497
      vertex -1.90132 5.01953 -22.4013
      vertex -17.5955 32.2026 -5.96248
    endloop
  endfacet
  facet normal 0.0874178 0.551967 -0.829271
    outer loop
      vertex -17.5842 32.2201 -5.9497
      vertex -1.36784 4.93504 -22.4013
      vertex -1.90132 5.01953 -22.4013
    endloop
  endfacet
  facet normal 0.0879344 0.552157 -0.82909
    outer loop
      vertex -1.36784 4.93504 -22.4013
      vertex -17.4627 32.6734 -5.63516
      vertex -17.4707 32.826 -5.53438
    endloop
  endfacet
  facet normal 0.0876226 0.552041 -0.8292
    outer loop
      vertex -18.3444 34.2005 -4.71165
      vertex -19.5197 36.375 -3.38817
      vertex -18.2162 34.1172 -4.75356
    endloop
  endfacet
  facet normal 0.0873361 0.551944 -0.829295
    outer loop
      vertex -18.7977 34.3219 -4.67859
      vertex -19.5197 36.375 -3.38817
      vertex -18.3444 34.2005 -4.71165
    endloop
  endfacet
  facet normal 0.0898105 0.55244 -0.8287
    outer loop
      vertex -18.8184 34.3209 -4.6815
      vertex -19.5197 36.375 -3.38817
      vertex -18.7977 34.3219 -4.67859
    endloop
  endfacet
  facet normal 0.087427 0.55198 -0.829262
    outer loop
      vertex -19.5197 36.375 -3.38817
      vertex -18.8184 34.3209 -4.6815
      vertex -20.0532 36.4595 -3.38817
    endloop
  endfacet
  facet normal 0.1565 0.987678 -0
    outer loop
      vertex -18.8926 38.3051 -0.594862
      vertex -20.0532 38.489 0.594862
      vertex -18.8926 38.3051 0.594862
    endloop
  endfacet
  facet normal 0.1565 0.987678 0
    outer loop
      vertex -20.0532 38.489 0.594862
      vertex -18.8926 38.3051 -0.594862
      vertex -20.0532 38.489 -0.594862
    endloop
  endfacet
  facet normal 0.432307 0.848356 -0.305619
    outer loop
      vertex -18.0617 37.4742 -1.72636
      vertex -19.0062 37.9555 -1.72636
      vertex -17.8456 37.7717 -0.594862
    endloop
  endfacet
  facet normal 0.527966 -0.268999 0.805538
    outer loop
      vertex 41.7482 -0.533474 3.38817
      vertex 41.503 -1.01473 3.38817
      vertex 42.2817 -1.58048 2.68887
    endloop
  endfacet
  facet normal -0.56496 -0.162975 0.808863
    outer loop
      vertex -4.45858 -4.12408 21.702
      vertex -19.4849 -31.4385 5.70321
      vertex -3.54318 -3.82665 22.4013
    endloop
  endfacet
  facet normal -0.565229 -0.162744 0.808722
    outer loop
      vertex -4.45858 -4.12408 21.702
      vertex -19.5646 -31.4598 5.64322
      vertex -19.4849 -31.4385 5.70321
    endloop
  endfacet
  facet normal -0.564949 -0.162985 0.808869
    outer loop
      vertex -4.45858 -4.12408 21.702
      vertex -19.9582 -31.7154 5.31681
      vertex -19.5646 -31.4598 5.64322
    endloop
  endfacet
  facet normal -0.565037 -0.162909 0.808823
    outer loop
      vertex -4.45858 -4.12408 21.702
      vertex -20.2535 -32.0802 5.03704
      vertex -19.9582 -31.7154 5.31681
    endloop
  endfacet
  facet normal -0.565024 -0.162898 0.808834
    outer loop
      vertex -22.6105 -35.564 2.68887
      vertex -20.4463 -32.987 4.71971
      vertex -20.4217 -32.5183 4.83129
    endloop
  endfacet
  facet normal -0.564947 -0.162979 0.808871
    outer loop
      vertex -22.6105 -35.564 2.68887
      vertex -20.4217 -32.5183 4.83129
      vertex -20.2535 -32.0802 5.03704
    endloop
  endfacet
  facet normal -0.564966 -0.162968 0.808861
    outer loop
      vertex -20.4463 -32.987 4.71971
      vertex -22.6105 -35.564 2.68887
      vertex -21.6951 -35.2666 3.38817
    endloop
  endfacet
  facet normal -0.564888 -0.163039 0.8089
    outer loop
      vertex -22.6105 -35.564 2.68887
      vertex -20.2535 -32.0802 5.03704
      vertex -4.45858 -4.12408 21.702
    endloop
  endfacet
  facet normal -0.564607 -0.163275 0.809049
    outer loop
      vertex -20.4249 -33.0667 4.71856
      vertex -20.4463 -32.987 4.71971
      vertex -21.6951 -35.2666 3.38817
    endloop
  endfacet
  facet normal 0.278472 -0.141893 0.949905
    outer loop
      vertex 5.4445 -0.533474 22.4013
      vertex 4.28389 -0.349651 22.769
      vertex 5.19928 -1.01473 22.4013
    endloop
  endfacet
  facet normal 0.278473 -0.141883 0.949906
    outer loop
      vertex 4.36838 -0.183823 22.769
      vertex 4.28389 -0.349651 22.769
      vertex 5.4445 -0.533474 22.4013
    endloop
  endfacet
  facet normal 0.127095 -0.802458 0.583016
    outer loop
      vertex -20.0532 -37.422 2.68887
      vertex -20.0532 -38.1213 1.72636
      vertex -19.2223 -37.2904 2.68887
    endloop
  endfacet
  facet normal -0.127074 -0.802452 0.583029
    outer loop
      vertex -20.8841 -37.2904 2.68887
      vertex -21.1002 -37.9555 1.72636
      vertex -20.0532 -38.1213 1.72636
    endloop
  endfacet
  facet normal -0.148925 -0.940438 0.305612
    outer loop
      vertex -20.0532 -38.1213 1.72636
      vertex -21.1002 -37.9555 1.72636
      vertex -20.0532 -38.489 0.594862
    endloop
  endfacet
  facet normal 0.269012 -0.527966 0.805534
    outer loop
      vertex -0.886588 -4.68983 22.4013
      vertex -1.36784 -4.93504 22.4013
      vertex -0.32084 -5.46851 21.702
    endloop
  endfacet
  facet normal -0.585252 0.0926926 -0.805536
    outer loop
      vertex -3.62767 3.29317 -22.4013
      vertex -4.59018 3.29317 -21.702
      vertex -4.45858 4.12408 -21.702
    endloop
  endfacet
  facet normal 0.141882 -0.278474 -0.949906
    outer loop
      vertex -1.36784 -4.93504 -22.4013
      vertex -1.71749 -3.85892 -22.769
      vertex -1.55166 -3.77443 -22.769
    endloop
  endfacet
  facet normal 0.278473 0.141883 -0.949906
    outer loop
      vertex 4.36838 0.183823 -22.769
      vertex 4.28389 0.349651 -22.769
      vertex 5.4445 0.533474 -22.4013
    endloop
  endfacet
  facet normal 0.361649 -0.626395 -0.690535
    outer loop
      vertex 41.6869 -2.17534 -2.68887
      vertex -18.4727 -36.9085 -2.68887
      vertex 5.38311 -2.17534 -21.702
    endloop
  endfacet
  facet normal -0.723914 -0.368778 -0.583054
    outer loop
      vertex -22.7943 -36.7247 -1.72636
      vertex -23.2755 -35.7801 -1.72636
      vertex -22.2285 -36.3136 -2.68887
    endloop
  endfacet
  facet normal -0.848432 -0.43221 -0.305546
    outer loop
      vertex -23.0917 -36.9408 -0.594862
      vertex -23.2755 -35.7801 -1.72636
      vertex -22.7943 -36.7247 -1.72636
    endloop
  endfacet
  facet normal -0.72391 -0.368908 -0.582977
    outer loop
      vertex -22.2285 -36.3136 -2.68887
      vertex -23.2755 -35.7801 -1.72636
      vertex -22.6105 -35.564 -2.68887
    endloop
  endfacet
  facet normal -0.1565 -0.987678 0
    outer loop
      vertex -21.2138 -38.3051 -0.594862
      vertex -20.0532 -38.489 0.594862
      vertex -21.2138 -38.3051 0.594862
    endloop
  endfacet
  facet normal -0.1565 -0.987678 -0
    outer loop
      vertex -20.0532 -38.489 0.594862
      vertex -21.2138 -38.3051 -0.594862
      vertex -20.0532 -38.489 -0.594862
    endloop
  endfacet
  facet normal 0.432307 -0.848356 0.305619
    outer loop
      vertex -18.0617 -37.4742 1.72636
      vertex -19.0062 -37.9555 1.72636
      vertex -17.8456 -37.7717 0.594862
    endloop
  endfacet
  facet normal 0.848418 -0.432239 0.305544
    outer loop
      vertex 43.3287 -1.047 1.72636
      vertex 42.8475 -1.99152 1.72636
      vertex 43.1449 -2.20761 0.594862
    endloop
  endfacet
  facet normal 0.940438 0.148925 0.305612
    outer loop
      vertex 43.8622 0 0.594862
      vertex 43.3287 1.047 1.72636
      vertex 43.4945 0 1.72636
    endloop
  endfacet
  facet normal 0.420866 0.420824 0.803604
    outer loop
      vertex 41.6869 2.17534 2.68887
      vertex 5.97797 1.58048 21.702
      vertex 42.2817 1.58048 2.68887
    endloop
  endfacet
  facet normal 0.420858 0.420858 0.80359
    outer loop
      vertex 5.97797 1.58048 21.702
      vertex 41.6869 2.17534 2.68887
      vertex 5.38311 2.17534 21.702
    endloop
  endfacet
  facet normal 0.848418 0.432239 0.305544
    outer loop
      vertex 43.1449 2.20761 0.594862
      vertex 42.8475 1.99152 1.72636
      vertex 43.3287 1.047 1.72636
    endloop
  endfacet
  facet normal 0.527966 0.268999 0.805538
    outer loop
      vertex 42.2817 1.58048 2.68887
      vertex 41.503 1.01473 3.38817
      vertex 41.7482 0.533474 3.38817
    endloop
  endfacet
  facet normal 0.848371 -0.432289 0.305602
    outer loop
      vertex 43.3287 -1.047 1.72636
      vertex 43.1449 -2.20761 0.594862
      vertex 43.6784 -1.16061 0.594862
    endloop
  endfacet
  facet normal 0.940439 0.148933 0.305605
    outer loop
      vertex 43.6784 1.16061 0.594862
      vertex 43.3287 1.047 1.72636
      vertex 43.8622 0 0.594862
    endloop
  endfacet
  facet normal 0.848371 0.432289 -0.305602
    outer loop
      vertex 43.3287 1.047 -1.72636
      vertex 43.1449 2.20761 -0.594862
      vertex 43.6784 1.16061 -0.594862
    endloop
  endfacet
  facet normal 0.52797 0.268995 0.805536
    outer loop
      vertex 42.2817 1.58048 2.68887
      vertex 41.7482 0.533474 3.38817
      vertex 42.6636 0.830905 2.68887
    endloop
  endfacet
  facet normal 0.723909 -0.368824 0.583031
    outer loop
      vertex 42.6636 -0.830905 2.68887
      vertex 42.2817 -1.58048 2.68887
      vertex 43.3287 -1.047 1.72636
    endloop
  endfacet
  facet normal 0.67329 0.673282 -0.30557
    outer loop
      vertex 43.1449 2.20761 -0.594862
      vertex 42.0979 2.74109 -1.72636
      vertex 42.314 3.03852 -0.594862
    endloop
  endfacet
  facet normal 0.673277 0.673304 -0.305548
    outer loop
      vertex 42.0979 2.74109 -1.72636
      vertex 43.1449 2.20761 -0.594862
      vertex 42.8475 1.99152 -1.72636
    endloop
  endfacet
  facet normal 0.848418 0.432239 -0.305544
    outer loop
      vertex 43.3287 1.047 -1.72636
      vertex 42.8475 1.99152 -1.72636
      vertex 43.1449 2.20761 -0.594862
    endloop
  endfacet
  facet normal 0.940438 -0.148925 -0.305612
    outer loop
      vertex 43.8622 0 -0.594862
      vertex 43.3287 -1.047 -1.72636
      vertex 43.4945 0 -1.72636
    endloop
  endfacet
  facet normal 0.585251 -0.0927013 -0.805536
    outer loop
      vertex 42.6636 -0.830905 -2.68887
      vertex 41.7482 -0.533474 -3.38817
      vertex 41.8327 0 -3.38817
    endloop
  endfacet
  facet normal 0.42207 -0.415196 -0.805896
    outer loop
      vertex 38.7907 -1.21352 -4.70626
      vertex 41.503 -1.01473 -3.38817
      vertex 42.2817 -1.58048 -2.68887
    endloop
  endfacet
  facet normal 0.42206 -0.41527 -0.805864
    outer loop
      vertex 41.503 -1.01473 -3.38817
      vertex 38.7907 -1.21352 -4.70626
      vertex 38.9895 -1.01473 -4.70458
    endloop
  endfacet
  facet normal 0.42205 -0.415262 -0.805873
    outer loop
      vertex 42.2817 -1.58048 -2.68887
      vertex 38.3725 -1.42658 -4.81549
      vertex 38.7907 -1.21352 -4.70626
    endloop
  endfacet
  facet normal 0.422086 -0.415116 -0.805929
    outer loop
      vertex 42.2817 -1.58048 -2.68887
      vertex 37.909 -1.5 -5.02042
      vertex 38.3725 -1.42658 -4.81549
    endloop
  endfacet
  facet normal 0.422069 -0.415193 -0.805899
    outer loop
      vertex 5.97797 -1.58048 -21.702
      vertex 37.909 -1.5 -5.02042
      vertex 42.2817 -1.58048 -2.68887
    endloop
  endfacet
  facet normal 0.422034 -0.415359 -0.805832
    outer loop
      vertex 5.97797 -1.58048 -21.702
      vertex 37.4455 -1.42658 -5.30101
      vertex 37.909 -1.5 -5.02042
    endloop
  endfacet
  facet normal 0.42208 -0.415137 -0.805922
    outer loop
      vertex 5.97797 -1.58048 -21.702
      vertex 37.0273 -1.21352 -5.62978
      vertex 37.4455 -1.42658 -5.30101
    endloop
  endfacet
  facet normal 0.422063 -0.415221 -0.805887
    outer loop
      vertex 5.97797 -1.58048 -21.702
      vertex 36.8285 -1.01473 -5.83632
      vertex 37.0273 -1.21352 -5.62978
    endloop
  endfacet
  facet normal 0.422066 -0.415206 -0.805893
    outer loop
      vertex 36.8285 -1.01473 -5.83632
      vertex 5.97797 -1.58048 -21.702
      vertex 5.19928 -1.01473 -22.4013
    endloop
  endfacet
  facet normal 0.0874457 -0.551977 -0.829261
    outer loop
      vertex -17.5842 -32.2201 -5.9497
      vertex -1.36784 -4.93504 -22.4013
      vertex -17.4627 -32.6734 -5.63516
    endloop
  endfacet
  facet normal 0.0879344 -0.552157 -0.82909
    outer loop
      vertex -17.4627 -32.6734 -5.63516
      vertex -1.36784 -4.93504 -22.4013
      vertex -17.4707 -32.826 -5.53438
    endloop
  endfacet
  facet normal 0.0874178 -0.551967 -0.829271
    outer loop
      vertex -1.36784 -4.93504 -22.4013
      vertex -17.5842 -32.2201 -5.9497
      vertex -1.90132 -5.01953 -22.4013
    endloop
  endfacet
  facet normal 0.0851993 -0.551154 -0.830043
    outer loop
      vertex -1.90132 -5.01953 -22.4013
      vertex -17.5842 -32.2201 -5.9497
      vertex -17.5955 -32.2026 -5.96248
    endloop
  endfacet
  facet normal 0.0876226 -0.552041 -0.8292
    outer loop
      vertex -19.5197 -36.375 -3.38817
      vertex -18.3444 -34.2005 -4.71165
      vertex -18.2162 -34.1172 -4.75356
    endloop
  endfacet
  facet normal 0.0873361 -0.551944 -0.829295
    outer loop
      vertex -19.5197 -36.375 -3.38817
      vertex -18.7977 -34.3219 -4.67859
      vertex -18.3444 -34.2005 -4.71165
    endloop
  endfacet
  facet normal 0.0898105 -0.55244 -0.8287
    outer loop
      vertex -19.5197 -36.375 -3.38817
      vertex -18.8184 -34.3209 -4.6815
      vertex -18.7977 -34.3219 -4.67859
    endloop
  endfacet
  facet normal 0.087427 -0.55198 -0.829262
    outer loop
      vertex -18.8184 -34.3209 -4.6815
      vertex -19.5197 -36.375 -3.38817
      vertex -20.0532 -36.4595 -3.38817
    endloop
  endfacet
  facet normal 0.155299 -0.268985 -0.950542
    outer loop
      vertex -0.886588 -4.68983 -22.4013
      vertex 4.15228 -0.481254 -22.769
      vertex 4.81736 -1.39665 -22.4013
    endloop
  endfacet
  facet normal 0.155299 -0.268985 -0.950542
    outer loop
      vertex 4.15228 -0.481254 -22.769
      vertex -0.886588 -4.68983 -22.4013
      vertex -1.55166 -3.77443 -22.769
    endloop
  endfacet
  facet normal 0.1565 -0.987678 0
    outer loop
      vertex -20.0532 -38.489 -0.594862
      vertex -18.8926 -38.3051 0.594862
      vertex -20.0532 -38.489 0.594862
    endloop
  endfacet
  facet normal 0.1565 -0.987678 0
    outer loop
      vertex -18.8926 -38.3051 0.594862
      vertex -20.0532 -38.489 -0.594862
      vertex -18.8926 -38.3051 -0.594862
    endloop
  endfacet
  facet normal 0.127095 -0.802458 -0.583016
    outer loop
      vertex -19.2223 -37.2904 -2.68887
      vertex -20.0532 -38.1213 -1.72636
      vertex -20.0532 -37.422 -2.68887
    endloop
  endfacet
  facet normal 0.269014 -0.527963 -0.805535
    outer loop
      vertex -1.07041 -5.85044 -21.702
      vertex -1.36784 -4.93504 -22.4013
      vertex -0.32084 -5.46851 -21.702
    endloop
  endfacet
  facet normal 0.269012 -0.527966 -0.805534
    outer loop
      vertex -0.32084 -5.46851 -21.702
      vertex -1.36784 -4.93504 -22.4013
      vertex -0.886588 -4.68983 -22.4013
    endloop
  endfacet
  facet normal 0.432234 -0.848424 -0.305534
    outer loop
      vertex -18.8926 -38.3051 -0.594862
      vertex -19.0062 -37.9555 -1.72636
      vertex -17.8456 -37.7717 -0.594862
    endloop
  endfacet
  facet normal 0.314679 -0.617585 -0.720809
    outer loop
      vertex -18.4727 -36.9085 -2.68887
      vertex -1.07041 -5.85044 -21.702
      vertex -0.32084 -5.46851 -21.702
    endloop
  endfacet
  facet normal 0.314638 -0.617577 -0.720834
    outer loop
      vertex -1.07041 -5.85044 -21.702
      vertex -18.4727 -36.9085 -2.68887
      vertex -19.2223 -37.2904 -2.68887
    endloop
  endfacet
  facet normal -0.527956 0.269049 0.805528
    outer loop
      vertex -22.2285 36.3136 2.68887
      vertex -22.6105 35.564 2.68887
      vertex -21.6951 35.2666 3.38817
    endloop
  endfacet
  facet normal -0.453941 -0.891032 0
    outer loop
      vertex -22.2608 -37.7717 -0.594862
      vertex -21.2138 -38.3051 0.594862
      vertex -22.2608 -37.7717 0.594862
    endloop
  endfacet
  facet normal -0.453941 -0.891032 -0
    outer loop
      vertex -21.2138 -38.3051 0.594862
      vertex -22.2608 -37.7717 -0.594862
      vertex -21.2138 -38.3051 -0.594862
    endloop
  endfacet
  facet normal -0.987691 0.156417 0
    outer loop
      vertex -23.809 34.7331 -0.594862
      vertex -23.6252 35.8937 0.594862
      vertex -23.6252 35.8937 -0.594862
    endloop
  endfacet
  facet normal -0.987691 0.156417 0
    outer loop
      vertex -23.6252 35.8937 0.594862
      vertex -23.809 34.7331 -0.594862
      vertex -23.809 34.7331 0.594862
    endloop
  endfacet
  facet normal -0.802458 0.127095 0.583016
    outer loop
      vertex -22.6105 35.564 2.68887
      vertex -23.4414 34.7331 1.72636
      vertex -22.7421 34.7331 2.68887
    endloop
  endfacet
  facet normal -0.940449 -0.149017 -0.305532
    outer loop
      vertex -23.2755 -35.7801 -1.72636
      vertex -23.809 -34.7331 -0.594862
      vertex -23.4414 -34.7331 -1.72636
    endloop
  endfacet
  facet normal -0.987691 -0.156417 0
    outer loop
      vertex -23.6252 -35.8937 -0.594862
      vertex -23.809 -34.7331 0.594862
      vertex -23.809 -34.7331 -0.594862
    endloop
  endfacet
  facet normal -0.987691 -0.156417 0
    outer loop
      vertex -23.809 -34.7331 0.594862
      vertex -23.6252 -35.8937 -0.594862
      vertex -23.6252 -35.8937 0.594862
    endloop
  endfacet
  facet normal 0.453941 0.891032 -0
    outer loop
      vertex -17.8456 37.7717 -0.594862
      vertex -18.8926 38.3051 0.594862
      vertex -17.8456 37.7717 0.594862
    endloop
  endfacet
  facet normal 0.453941 0.891032 0
    outer loop
      vertex -18.8926 38.3051 0.594862
      vertex -17.8456 37.7717 -0.594862
      vertex -18.8926 38.3051 -0.594862
    endloop
  endfacet
  facet normal 0.127074 0.802452 0.583029
    outer loop
      vertex -19.0062 37.9555 1.72636
      vertex -20.0532 38.1213 1.72636
      vertex -19.2223 37.2904 2.68887
    endloop
  endfacet
  facet normal -0.848432 0.43221 0.305546
    outer loop
      vertex -23.0917 36.9408 0.594862
      vertex -23.2755 35.7801 1.72636
      vertex -22.7943 36.7247 1.72636
    endloop
  endfacet
  facet normal -0.368891 0.72391 0.582986
    outer loop
      vertex -21.1002 37.9555 1.72636
      vertex -22.0447 37.4742 1.72636
      vertex -21.6337 36.9085 2.68887
    endloop
  endfacet
  facet normal -0.0926943 0.585256 -0.805533
    outer loop
      vertex -20.0532 36.4595 -3.38817
      vertex -20.8841 37.2904 -2.68887
      vertex -20.0532 37.422 -2.68887
    endloop
  endfacet
  facet normal 0.361649 0.626395 -0.690535
    outer loop
      vertex 5.38311 2.17534 -21.702
      vertex -18.4727 36.9085 -2.68887
      vertex 41.6869 2.17534 -2.68887
    endloop
  endfacet
  facet normal 0.308688 -0.0488835 -0.949906
    outer loop
      vertex 5.52899 0 -22.4013
      vertex 4.36838 -0.183823 -22.769
      vertex 4.39749 0 -22.769
    endloop
  endfacet
  facet normal -0.148925 0.940438 -0.305612
    outer loop
      vertex -20.0532 38.1213 -1.72636
      vertex -21.1002 37.9555 -1.72636
      vertex -20.0532 38.489 -0.594862
    endloop
  endfacet
  facet normal 0.368813 0.723913 -0.583033
    outer loop
      vertex -18.4727 36.9085 -2.68887
      vertex -19.2223 37.2904 -2.68887
      vertex -19.0062 37.9555 -1.72636
    endloop
  endfacet
  facet normal 0.148925 0.940438 -0.305612
    outer loop
      vertex -19.0062 37.9555 -1.72636
      vertex -20.0532 38.1213 -1.72636
      vertex -20.0532 38.489 -0.594862
    endloop
  endfacet
  facet normal 0.127074 0.802452 -0.583029
    outer loop
      vertex -19.2223 37.2904 -2.68887
      vertex -20.0532 38.1213 -1.72636
      vertex -19.0062 37.9555 -1.72636
    endloop
  endfacet
  facet normal 0.149016 0.940449 -0.305532
    outer loop
      vertex -19.0062 37.9555 -1.72636
      vertex -20.0532 38.489 -0.594862
      vertex -18.8926 38.3051 -0.594862
    endloop
  endfacet
  facet normal 0.432234 0.848424 0.305534
    outer loop
      vertex -18.8926 38.3051 0.594862
      vertex -19.0062 37.9555 1.72636
      vertex -17.8456 37.7717 0.594862
    endloop
  endfacet
  facet normal 0.4515 0.230083 0.862096
    outer loop
      vertex 36.6955 0.881678 5.9415
      vertex 5.4445 0.533474 22.4013
      vertex 36.5181 0.533474 6.12734
    endloop
  endfacet
  facet normal 0.45149 0.230173 0.862077
    outer loop
      vertex 5.19928 1.01473 22.4013
      vertex 36.6955 0.881678 5.9415
      vertex 36.8285 1.01473 5.83632
    endloop
  endfacet
  facet normal 0.451502 0.230059 0.862101
    outer loop
      vertex 36.6955 0.881678 5.9415
      vertex 5.19928 1.01473 22.4013
      vertex 5.4445 0.533474 22.4013
    endloop
  endfacet
  facet normal 0.451504 0.230041 0.862105
    outer loop
      vertex 41.503 1.01473 3.38817
      vertex 39.2999 0.533474 4.6704
      vertex 41.7482 0.533474 3.38817
    endloop
  endfacet
  facet normal 0.451507 0.23003 0.862106
    outer loop
      vertex 41.503 1.01473 3.38817
      vertex 39.1225 0.881678 4.6704
      vertex 39.2999 0.533474 4.6704
    endloop
  endfacet
  facet normal 0.451531 0.229879 0.862134
    outer loop
      vertex 39.1225 0.881678 4.6704
      vertex 41.503 1.01473 3.38817
      vertex 38.9895 1.01473 4.70458
    endloop
  endfacet
  facet normal 0.0488988 -0.30869 0.949905
    outer loop
      vertex -1.90132 -3.88804 22.769
      vertex -1.90132 -5.01953 22.4013
      vertex -1.71749 -3.85892 22.769
    endloop
  endfacet
  facet normal 0.220998 0.220998 0.949905
    outer loop
      vertex 4.81736 1.39665 22.4013
      vertex 4.28389 0.349651 22.769
      vertex 5.19928 1.01473 22.4013
    endloop
  endfacet
  facet normal 0.22099 0.221002 0.949906
    outer loop
      vertex 4.28389 0.349651 22.769
      vertex 4.81736 1.39665 22.4013
      vertex 4.15228 0.481254 22.769
    endloop
  endfacet
  facet normal -0.0488896 0.308689 0.949906
    outer loop
      vertex -1.90132 5.01953 22.4013
      vertex -2.43479 4.93504 22.4013
      vertex -2.08514 3.85892 22.769
    endloop
  endfacet
  facet normal 0.723909 0.368824 0.583031
    outer loop
      vertex 43.3287 1.047 1.72636
      vertex 42.2817 1.58048 2.68887
      vertex 42.6636 0.830905 2.68887
    endloop
  endfacet
  facet normal 0.72391 0.368807 0.583041
    outer loop
      vertex 42.8475 1.99152 1.72636
      vertex 42.2817 1.58048 2.68887
      vertex 43.3287 1.047 1.72636
    endloop
  endfacet
  facet normal -0.802458 0.127095 -0.583016
    outer loop
      vertex -22.7421 34.7331 -2.68887
      vertex -23.4414 34.7331 -1.72636
      vertex -22.6105 35.564 -2.68887
    endloop
  endfacet
  facet normal -0.940449 0.149017 0.305532
    outer loop
      vertex -23.2755 35.7801 1.72636
      vertex -23.809 34.7331 0.594862
      vertex -23.4414 34.7331 1.72636
    endloop
  endfacet
  facet normal -0.210855 -0.413825 0.885601
    outer loop
      vertex -18.2045 -31.5311 6.2188
      vertex -2.43479 -4.93504 22.4013
      vertex -2.91604 -4.68983 22.4013
    endloop
  endfacet
  facet normal -0.210876 -0.413813 0.885602
    outer loop
      vertex -2.43479 -4.93504 22.4013
      vertex -18.2045 -31.5311 6.2188
      vertex -17.9221 -31.7598 6.17918
    endloop
  endfacet
  facet normal -0.210648 -0.41394 0.885596
    outer loop
      vertex -18.2045 -31.5311 6.2188
      vertex -2.91604 -4.68983 22.4013
      vertex -18.3751 -31.4657 6.20879
    endloop
  endfacet
  facet normal -0.210799 -0.413846 0.885604
    outer loop
      vertex -19.7045 -34.1292 4.64763
      vertex -20.5867 -36.375 3.38817
      vertex -19.3652 -34.2594 4.66755
    endloop
  endfacet
  facet normal -0.210889 -0.413804 0.885603
    outer loop
      vertex -21.0679 -36.1298 3.38817
      vertex -19.7045 -34.1292 4.64763
      vertex -19.8465 -34.0142 4.66755
    endloop
  endfacet
  facet normal -0.210865 -0.413819 0.885601
    outer loop
      vertex -19.7045 -34.1292 4.64763
      vertex -21.0679 -36.1298 3.38817
      vertex -20.5867 -36.375 3.38817
    endloop
  endfacet
  facet normal -0.0489014 -0.30869 0.949905
    outer loop
      vertex -1.90132 -3.88804 22.769
      vertex -2.08514 -3.85892 22.769
      vertex -1.90132 -5.01953 22.4013
    endloop
  endfacet
  facet normal -0.368813 0.723913 0.583033
    outer loop
      vertex -21.1002 37.9555 1.72636
      vertex -21.6337 36.9085 2.68887
      vertex -20.8841 37.2904 2.68887
    endloop
  endfacet
  facet normal -0.141882 -0.278474 0.949906
    outer loop
      vertex -2.25097 -3.77443 22.769
      vertex -2.43479 -4.93504 22.4013
      vertex -2.08514 -3.85892 22.769
    endloop
  endfacet
  facet normal 0.294947 -0.510864 0.80748
    outer loop
      vertex 4.81736 -1.39665 22.4013
      vertex -0.32084 -5.46851 21.702
      vertex 5.38311 -2.17534 21.702
    endloop
  endfacet
  facet normal 0.29495 -0.510867 0.807477
    outer loop
      vertex -0.32084 -5.46851 21.702
      vertex 4.81736 -1.39665 22.4013
      vertex -0.886588 -4.68983 22.4013
    endloop
  endfacet
  facet normal -0.269018 -0.527942 0.805547
    outer loop
      vertex -21.0679 -36.1298 3.38817
      vertex -21.6337 -36.9085 2.68887
      vertex -20.5867 -36.375 3.38817
    endloop
  endfacet
  facet normal 0.0926943 -0.585256 0.805533
    outer loop
      vertex -20.0532 -36.4595 3.38817
      vertex -20.0532 -37.422 2.68887
      vertex -19.2223 -37.2904 2.68887
    endloop
  endfacet
  facet normal 0.149016 -0.940449 -0.305532
    outer loop
      vertex -18.8926 -38.3051 -0.594862
      vertex -20.0532 -38.489 -0.594862
      vertex -19.0062 -37.9555 -1.72636
    endloop
  endfacet
  facet normal 0.127074 -0.802452 0.583029
    outer loop
      vertex -19.2223 -37.2904 2.68887
      vertex -20.0532 -38.1213 1.72636
      vertex -19.0062 -37.9555 1.72636
    endloop
  endfacet
  facet normal -0.527933 0.269067 -0.805537
    outer loop
      vertex -21.6951 35.2666 -3.38817
      vertex -22.2285 36.3136 -2.68887
      vertex -21.4498 35.7479 -3.38817
    endloop
  endfacet
  facet normal -0.72391 0.368908 -0.582977
    outer loop
      vertex -22.6105 35.564 -2.68887
      vertex -23.2755 35.7801 -1.72636
      vertex -22.2285 36.3136 -2.68887
    endloop
  endfacet
  facet normal -0.587783 0 -0.809019
    outer loop
      vertex -4.59018 -3.29317 -21.702
      vertex -3.62767 3.29317 -22.4013
      vertex -3.62767 -3.29317 -22.4013
    endloop
  endfacet
  facet normal -0.587783 0 -0.809019
    outer loop
      vertex -3.62767 3.29317 -22.4013
      vertex -4.59018 -3.29317 -21.702
      vertex -4.59018 3.29317 -21.702
    endloop
  endfacet
  facet normal 0.0488887 -0.308689 -0.949906
    outer loop
      vertex -1.36784 -4.93504 -22.4013
      vertex -1.90132 -5.01953 -22.4013
      vertex -1.71749 -3.85892 -22.769
    endloop
  endfacet
  facet normal 0.848371 -0.432289 -0.305602
    outer loop
      vertex 43.6784 -1.16061 -0.594862
      vertex 43.1449 -2.20761 -0.594862
      vertex 43.3287 -1.047 -1.72636
    endloop
  endfacet
  facet normal 0.574474 -0.574497 -0.583037
    outer loop
      vertex 42.0979 -2.74109 -1.72636
      vertex 42.2817 -1.58048 -2.68887
      vertex 42.8475 -1.99152 -1.72636
    endloop
  endfacet
  facet normal 0.574534 -0.574476 -0.583
    outer loop
      vertex 42.2817 -1.58048 -2.68887
      vertex 42.0979 -2.74109 -1.72636
      vertex 41.6869 -2.17534 -2.68887
    endloop
  endfacet
  facet normal 0.5 -0.866025 0
    outer loop
      vertex -17.8456 -37.7717 -0.594862
      vertex 42.314 -3.03852 0.594862
      vertex -17.8456 -37.7717 0.594862
    endloop
  endfacet
  facet normal 0.5 -0.866025 0
    outer loop
      vertex 42.314 -3.03852 0.594862
      vertex -17.8456 -37.7717 -0.594862
      vertex 42.314 -3.03852 -0.594862
    endloop
  endfacet
  facet normal 0.0926943 -0.585256 -0.805533
    outer loop
      vertex -19.2223 -37.2904 -2.68887
      vertex -20.0532 -37.422 -2.68887
      vertex -20.0532 -36.4595 -3.38817
    endloop
  endfacet
  facet normal 0.67329 0.673282 0.30557
    outer loop
      vertex 42.0979 2.74109 1.72636
      vertex 43.1449 2.20761 0.594862
      vertex 42.314 3.03852 0.594862
    endloop
  endfacet
  facet normal 0.673277 0.673304 0.305548
    outer loop
      vertex 43.1449 2.20761 0.594862
      vertex 42.0979 2.74109 1.72636
      vertex 42.8475 1.99152 1.72636
    endloop
  endfacet
  facet normal 0.802452 -0.127074 0.583029
    outer loop
      vertex 43.4945 0 1.72636
      vertex 42.6636 -0.830905 2.68887
      vertex 43.3287 -1.047 1.72636
    endloop
  endfacet
  facet normal 0.802458 0.127095 0.583016
    outer loop
      vertex 43.4945 0 1.72636
      vertex 42.6636 0.830905 2.68887
      vertex 42.7952 0 2.68887
    endloop
  endfacet
  facet normal 0.940438 -0.148925 0.305612
    outer loop
      vertex 43.4945 0 1.72636
      vertex 43.3287 -1.047 1.72636
      vertex 43.8622 0 0.594862
    endloop
  endfacet
  facet normal 0.940439 -0.148933 0.305605
    outer loop
      vertex 43.8622 0 0.594862
      vertex 43.3287 -1.047 1.72636
      vertex 43.6784 -1.16061 0.594862
    endloop
  endfacet
  facet normal 0.462699 0.0733023 0.88348
    outer loop
      vertex 36.4824 0.463525 6.15181
      vertex 5.52899 0 22.4013
      vertex 36.409 0 6.22871
    endloop
  endfacet
  facet normal 0.462712 0.0729181 0.883505
    outer loop
      vertex 5.4445 0.533474 22.4013
      vertex 36.4824 0.463525 6.15181
      vertex 36.5181 0.533474 6.12734
    endloop
  endfacet
  facet normal 0.4627 0.073281 0.883481
    outer loop
      vertex 36.4824 0.463525 6.15181
      vertex 5.4445 0.533474 22.4013
      vertex 5.52899 0 22.4013
    endloop
  endfacet
  facet normal 0.462703 0.0732901 0.883479
    outer loop
      vertex 41.7482 0.533474 3.38817
      vertex 39.409 0 4.65753
      vertex 41.8327 0 3.38817
    endloop
  endfacet
  facet normal 0.462707 0.0732705 0.883478
    outer loop
      vertex 41.7482 0.533474 3.38817
      vertex 39.3356 0.463525 4.65753
      vertex 39.409 0 4.65753
    endloop
  endfacet
  facet normal 0.462688 0.0735941 0.883461
    outer loop
      vertex 39.3356 0.463525 4.65753
      vertex 41.7482 0.533474 3.38817
      vertex 39.2999 0.533474 4.6704
    endloop
  endfacet
  facet normal 0.585251 0.0927013 0.805536
    outer loop
      vertex 42.6636 0.830905 2.68887
      vertex 41.7482 0.533474 3.38817
      vertex 41.8327 0 3.38817
    endloop
  endfacet
  facet normal 0.585256 -0.0926938 0.805533
    outer loop
      vertex 42.7952 0 2.68887
      vertex 41.8327 0 3.38817
      vertex 42.6636 -0.830905 2.68887
    endloop
  endfacet
  facet normal 0.802458 -0.127095 0.583016
    outer loop
      vertex 42.7952 0 2.68887
      vertex 42.6636 -0.830905 2.68887
      vertex 43.4945 0 1.72636
    endloop
  endfacet
  facet normal 0.890997 0.454009 0
    outer loop
      vertex 43.6784 1.16061 0.594862
      vertex 43.1449 2.20761 -0.594862
      vertex 43.1449 2.20761 0.594862
    endloop
  endfacet
  facet normal 0.890997 0.454009 0
    outer loop
      vertex 43.1449 2.20761 -0.594862
      vertex 43.6784 1.16061 0.594862
      vertex 43.6784 1.16061 -0.594862
    endloop
  endfacet
  facet normal 0.420866 0.420824 -0.803604
    outer loop
      vertex 5.97797 1.58048 -21.702
      vertex 41.6869 2.17534 -2.68887
      vertex 42.2817 1.58048 -2.68887
    endloop
  endfacet
  facet normal 0.420858 0.420858 -0.80359
    outer loop
      vertex 41.6869 2.17534 -2.68887
      vertex 5.97797 1.58048 -21.702
      vertex 5.38311 2.17534 -21.702
    endloop
  endfacet
  facet normal 0.527966 0.268999 -0.805538
    outer loop
      vertex 41.7482 0.533474 -3.38817
      vertex 41.503 1.01473 -3.38817
      vertex 42.2817 1.58048 -2.68887
    endloop
  endfacet
  facet normal 0.52797 0.268995 -0.805536
    outer loop
      vertex 42.6636 0.830905 -2.68887
      vertex 41.7482 0.533474 -3.38817
      vertex 42.2817 1.58048 -2.68887
    endloop
  endfacet
  facet normal 0.72391 0.368807 -0.583041
    outer loop
      vertex 43.3287 1.047 -1.72636
      vertex 42.2817 1.58048 -2.68887
      vertex 42.8475 1.99152 -1.72636
    endloop
  endfacet
  facet normal 0.141889 0.278473 -0.949906
    outer loop
      vertex -0.886588 4.68983 -22.4013
      vertex -1.55166 3.77443 -22.769
      vertex -1.36784 4.93504 -22.4013
    endloop
  endfacet
  facet normal -0.308689 -0.0488887 -0.949906
    outer loop
      vertex -3.54318 -3.82665 -22.4013
      vertex -3.62767 -3.29317 -22.4013
      vertex -2.46706 -3.477 -22.769
    endloop
  endfacet
  facet normal -0.0489014 0.30869 -0.949905
    outer loop
      vertex -1.90132 3.88804 -22.769
      vertex -2.08514 3.85892 -22.769
      vertex -1.90132 5.01953 -22.4013
    endloop
  endfacet
  facet normal -0.940439 -0.148934 0.305604
    outer loop
      vertex -23.2755 -35.7801 1.72636
      vertex -23.809 -34.7331 0.594862
      vertex -23.6252 -35.8937 0.594862
    endloop
  endfacet
  facet normal -0.0488896 -0.308689 0.949906
    outer loop
      vertex -2.08514 -3.85892 22.769
      vertex -2.43479 -4.93504 22.4013
      vertex -1.90132 -5.01953 22.4013
    endloop
  endfacet
  facet normal -0.802458 -0.127095 0.583016
    outer loop
      vertex -22.7421 -34.7331 2.68887
      vertex -23.4414 -34.7331 1.72636
      vertex -22.6105 -35.564 2.68887
    endloop
  endfacet
  facet normal -0.723914 -0.368778 0.583054
    outer loop
      vertex -22.2285 -36.3136 2.68887
      vertex -23.2755 -35.7801 1.72636
      vertex -22.7943 -36.7247 1.72636
    endloop
  endfacet
  facet normal -0.848389 0.432256 0.3056
    outer loop
      vertex -23.0917 36.9408 0.594862
      vertex -23.6252 35.8937 0.594862
      vertex -23.2755 35.7801 1.72636
    endloop
  endfacet
  facet normal -0.891015 0.453974 0
    outer loop
      vertex -23.6252 35.8937 -0.594862
      vertex -23.0917 36.9408 0.594862
      vertex -23.0917 36.9408 -0.594862
    endloop
  endfacet
  facet normal -0.891015 0.453974 0
    outer loop
      vertex -23.0917 36.9408 0.594862
      vertex -23.6252 35.8937 -0.594862
      vertex -23.6252 35.8937 0.594862
    endloop
  endfacet
  facet normal -0.127074 0.802452 0.583029
    outer loop
      vertex -20.0532 38.1213 1.72636
      vertex -21.1002 37.9555 1.72636
      vertex -20.8841 37.2904 2.68887
    endloop
  endfacet
  facet normal -0.0926972 0.585254 0.805534
    outer loop
      vertex -20.0532 36.4595 3.38817
      vertex -20.8841 37.2904 2.68887
      vertex -20.5867 36.375 3.38817
    endloop
  endfacet
  facet normal -0.574564 0.574467 0.582978
    outer loop
      vertex -22.0447 37.4742 1.72636
      vertex -22.2285 36.3136 2.68887
      vertex -21.6337 36.9085 2.68887
    endloop
  endfacet
  facet normal -0.574437 0.574514 0.583058
    outer loop
      vertex -22.2285 36.3136 2.68887
      vertex -22.0447 37.4742 1.72636
      vertex -22.7943 36.7247 1.72636
    endloop
  endfacet
  facet normal -0.26899 0.527978 -0.805533
    outer loop
      vertex -20.5867 36.375 -3.38817
      vertex -21.6337 36.9085 -2.68887
      vertex -20.8841 37.2904 -2.68887
    endloop
  endfacet
  facet normal -0.0926972 0.585254 -0.805534
    outer loop
      vertex -20.5867 36.375 -3.38817
      vertex -20.8841 37.2904 -2.68887
      vertex -20.0532 36.4595 -3.38817
    endloop
  endfacet
  facet normal 0.42206 0.41527 -0.805864
    outer loop
      vertex 38.7907 1.21352 -4.70626
      vertex 41.503 1.01473 -3.38817
      vertex 38.9895 1.01473 -4.70458
    endloop
  endfacet
  facet normal 0.42207 0.415196 -0.805896
    outer loop
      vertex 41.503 1.01473 -3.38817
      vertex 38.7907 1.21352 -4.70626
      vertex 42.2817 1.58048 -2.68887
    endloop
  endfacet
  facet normal 0.42205 0.415262 -0.805873
    outer loop
      vertex 38.3725 1.42658 -4.81549
      vertex 42.2817 1.58048 -2.68887
      vertex 38.7907 1.21352 -4.70626
    endloop
  endfacet
  facet normal 0.422086 0.415116 -0.805929
    outer loop
      vertex 37.909 1.5 -5.02042
      vertex 42.2817 1.58048 -2.68887
      vertex 38.3725 1.42658 -4.81549
    endloop
  endfacet
  facet normal 0.422069 0.415193 -0.805899
    outer loop
      vertex 37.909 1.5 -5.02042
      vertex 5.97797 1.58048 -21.702
      vertex 42.2817 1.58048 -2.68887
    endloop
  endfacet
  facet normal 0.422034 0.415359 -0.805832
    outer loop
      vertex 37.4455 1.42658 -5.30101
      vertex 5.97797 1.58048 -21.702
      vertex 37.909 1.5 -5.02042
    endloop
  endfacet
  facet normal 0.42208 0.415137 -0.805922
    outer loop
      vertex 37.0273 1.21352 -5.62978
      vertex 5.97797 1.58048 -21.702
      vertex 37.4455 1.42658 -5.30101
    endloop
  endfacet
  facet normal 0.422063 0.415221 -0.805887
    outer loop
      vertex 36.8285 1.01473 -5.83632
      vertex 5.97797 1.58048 -21.702
      vertex 37.0273 1.21352 -5.62978
    endloop
  endfacet
  facet normal 0.422066 0.415206 -0.805893
    outer loop
      vertex 5.97797 1.58048 -21.702
      vertex 36.8285 1.01473 -5.83632
      vertex 5.19928 1.01473 -22.4013
    endloop
  endfacet
  facet normal -0.0489014 -0.30869 -0.949905
    outer loop
      vertex -1.90132 -5.01953 -22.4013
      vertex -2.08514 -3.85892 -22.769
      vertex -1.90132 -3.88804 -22.769
    endloop
  endfacet
  facet normal 0.0488887 0.308689 -0.949906
    outer loop
      vertex -1.71749 3.85892 -22.769
      vertex -1.90132 5.01953 -22.4013
      vertex -1.36784 4.93504 -22.4013
    endloop
  endfacet
  facet normal 0.0926972 0.585254 -0.805534
    outer loop
      vertex -19.5197 36.375 -3.38817
      vertex -20.0532 36.4595 -3.38817
      vertex -19.2223 37.2904 -2.68887
    endloop
  endfacet
  facet normal -0.149016 0.940449 0.305532
    outer loop
      vertex -20.0532 38.489 0.594862
      vertex -21.2138 38.3051 0.594862
      vertex -21.1002 37.9555 1.72636
    endloop
  endfacet
  facet normal 0.148925 0.940438 0.305612
    outer loop
      vertex -20.0532 38.489 0.594862
      vertex -20.0532 38.1213 1.72636
      vertex -19.0062 37.9555 1.72636
    endloop
  endfacet
  facet normal -0.0765474 0.483233 0.872139
    outer loop
      vertex -20.0532 36.4595 3.38817
      vertex -19.2664 34.2974 4.6552
      vertex -18.8184 34.3209 4.6815
    endloop
  endfacet
  facet normal -0.0768074 0.483152 0.872161
    outer loop
      vertex -20.0532 36.4595 3.38817
      vertex -19.3652 34.2594 4.66755
      vertex -19.2664 34.2974 4.6552
    endloop
  endfacet
  facet normal -0.0765372 0.483226 0.872144
    outer loop
      vertex -19.3652 34.2594 4.66755
      vertex -20.0532 36.4595 3.38817
      vertex -20.5867 36.375 3.38817
    endloop
  endfacet
  facet normal -0.0764591 0.48327 0.872126
    outer loop
      vertex -17.8398 31.8265 6.14947
      vertex -1.90132 5.01953 22.4013
      vertex -17.5955 32.2026 5.96248
    endloop
  endfacet
  facet normal -0.0765337 0.483234 0.87214
    outer loop
      vertex -1.90132 5.01953 22.4013
      vertex -17.8398 31.8265 6.14947
      vertex -2.43479 4.93504 22.4013
    endloop
  endfacet
  facet normal -0.0767166 0.483148 0.872171
    outer loop
      vertex -2.43479 4.93504 22.4013
      vertex -17.8398 31.8265 6.14947
      vertex -17.9221 31.7598 6.17918
    endloop
  endfacet
  facet normal 0.361648 0.626395 0.690536
    outer loop
      vertex 5.38311 2.17534 21.702
      vertex -18.4727 36.9085 2.68887
      vertex -0.32084 5.46851 21.702
    endloop
  endfacet
  facet normal -0.308689 -0.0488887 0.949906
    outer loop
      vertex -2.46706 -3.477 22.769
      vertex -3.62767 -3.29317 22.4013
      vertex -3.54318 -3.82665 22.4013
    endloop
  endfacet
  facet normal -0.278473 -0.141889 0.949905
    outer loop
      vertex -2.38257 -3.64283 22.769
      vertex -3.54318 -3.82665 22.4013
      vertex -3.29797 -4.3079 22.4013
    endloop
  endfacet
  facet normal 0.155299 -0.268985 0.950542
    outer loop
      vertex 4.15228 -0.481254 22.769
      vertex -0.886588 -4.68983 22.4013
      vertex 4.81736 -1.39665 22.4013
    endloop
  endfacet
  facet normal 0.155299 -0.268985 0.950542
    outer loop
      vertex -0.886588 -4.68983 22.4013
      vertex 4.15228 -0.481254 22.769
      vertex -1.55166 -3.77443 22.769
    endloop
  endfacet
  facet normal 0.142612 -0.571178 0.808342
    outer loop
      vertex -17.4707 -32.826 5.53438
      vertex -1.07041 -5.85044 21.702
      vertex -1.36784 -4.93504 22.4013
    endloop
  endfacet
  facet normal 0.142577 -0.571166 0.808357
    outer loop
      vertex -17.4873 -33.142 5.31403
      vertex -1.07041 -5.85044 21.702
      vertex -17.4707 -32.826 5.53438
    endloop
  endfacet
  facet normal 0.142303 -0.571071 0.808473
    outer loop
      vertex -17.6555 -33.5802 5.03411
      vertex -1.07041 -5.85044 21.702
      vertex -17.4873 -33.142 5.31403
    endloop
  endfacet
  facet normal 0.142643 -0.571188 0.80833
    outer loop
      vertex -17.6555 -33.5802 5.03411
      vertex -19.2223 -37.2904 2.68887
      vertex -1.07041 -5.85044 21.702
    endloop
  endfacet
  facet normal 0.142623 -0.571184 0.808337
    outer loop
      vertex -17.9508 -33.9449 4.82851
      vertex -19.2223 -37.2904 2.68887
      vertex -17.6555 -33.5802 5.03411
    endloop
  endfacet
  facet normal 0.142518 -0.571164 0.808369
    outer loop
      vertex -18.2162 -34.1172 4.75356
      vertex -19.2223 -37.2904 2.68887
      vertex -17.9508 -33.9449 4.82851
    endloop
  endfacet
  facet normal 0.142621 -0.571179 0.80834
    outer loop
      vertex -19.2223 -37.2904 2.68887
      vertex -18.2162 -34.1172 4.75356
      vertex -19.5197 -36.375 3.38817
    endloop
  endfacet
  facet normal 0.149016 -0.940449 0.305532
    outer loop
      vertex -19.0062 -37.9555 1.72636
      vertex -20.0532 -38.489 0.594862
      vertex -18.8926 -38.3051 0.594862
    endloop
  endfacet
  facet normal 0.148925 -0.940438 0.305612
    outer loop
      vertex -20.0532 -38.1213 1.72636
      vertex -20.0532 -38.489 0.594862
      vertex -19.0062 -37.9555 1.72636
    endloop
  endfacet
  facet normal -0.848389 0.432256 -0.3056
    outer loop
      vertex -23.2755 35.7801 -1.72636
      vertex -23.6252 35.8937 -0.594862
      vertex -23.0917 36.9408 -0.594862
    endloop
  endfacet
  facet normal -0.802458 -0.127095 -0.583016
    outer loop
      vertex -22.6105 -35.564 -2.68887
      vertex -23.4414 -34.7331 -1.72636
      vertex -22.7421 -34.7331 -2.68887
    endloop
  endfacet
  facet normal -0.802475 0.127154 -0.58298
    outer loop
      vertex -22.6105 35.564 -2.68887
      vertex -23.4414 34.7331 -1.72636
      vertex -23.2755 35.7801 -1.72636
    endloop
  endfacet
  facet normal -0.809019 0 -0.587783
    outer loop
      vertex -22.7421 -34.7331 -2.68887
      vertex -23.4414 34.7331 -1.72636
      vertex -22.7421 34.7331 -2.68887
    endloop
  endfacet
  facet normal -0.809019 -0 -0.587783
    outer loop
      vertex -23.4414 34.7331 -1.72636
      vertex -22.7421 -34.7331 -2.68887
      vertex -23.4414 -34.7331 -1.72636
    endloop
  endfacet
  facet normal -0.418981 -0.418981 -0.805549
    outer loop
      vertex -21.6337 -36.9085 -2.68887
      vertex -21.4498 -35.7479 -3.38817
      vertex -21.0679 -36.1298 -3.38817
    endloop
  endfacet
  facet normal -0.419033 -0.418963 -0.805532
    outer loop
      vertex -21.4498 -35.7479 -3.38817
      vertex -21.6337 -36.9085 -2.68887
      vertex -22.2285 -36.3136 -2.68887
    endloop
  endfacet
  facet normal -0.585252 -0.0926926 -0.805536
    outer loop
      vertex -4.45858 -4.12408 -21.702
      vertex -4.59018 -3.29317 -21.702
      vertex -3.62767 -3.29317 -22.4013
    endloop
  endfacet
  facet normal -0.585254 0.0926897 -0.805535
    outer loop
      vertex -3.62767 3.29317 -22.4013
      vertex -4.45858 4.12408 -21.702
      vertex -3.54318 3.82665 -22.4013
    endloop
  endfacet
  facet normal 0.155299 0.268985 -0.950542
    outer loop
      vertex 4.15228 0.481254 -22.769
      vertex -0.886588 4.68983 -22.4013
      vertex 4.81736 1.39665 -22.4013
    endloop
  endfacet
  facet normal 0.155299 0.268985 -0.950542
    outer loop
      vertex -0.886588 4.68983 -22.4013
      vertex 4.15228 0.481254 -22.769
      vertex -1.55166 3.77443 -22.769
    endloop
  endfacet
  facet normal 0.585251 0.0927013 -0.805536
    outer loop
      vertex 41.8327 0 -3.38817
      vertex 41.7482 0.533474 -3.38817
      vertex 42.6636 0.830905 -2.68887
    endloop
  endfacet
  facet normal 0.278472 -0.141893 -0.949905
    outer loop
      vertex 5.19928 -1.01473 -22.4013
      vertex 4.28389 -0.349651 -22.769
      vertex 5.4445 -0.533474 -22.4013
    endloop
  endfacet
  facet normal 0.987691 -0.156416 0
    outer loop
      vertex 43.6784 -1.16061 0.594862
      vertex 43.8622 0 -0.594862
      vertex 43.8622 0 0.594862
    endloop
  endfacet
  facet normal 0.987691 -0.156416 0
    outer loop
      vertex 43.8622 0 -0.594862
      vertex 43.6784 -1.16061 0.594862
      vertex 43.6784 -1.16061 -0.594862
    endloop
  endfacet
  facet normal -0.127095 -0.802458 -0.583016
    outer loop
      vertex -20.0532 -38.1213 -1.72636
      vertex -20.8841 -37.2904 -2.68887
      vertex -20.0532 -37.422 -2.68887
    endloop
  endfacet
  facet normal -0.0926943 -0.585256 -0.805533
    outer loop
      vertex -20.0532 -37.422 -2.68887
      vertex -20.8841 -37.2904 -2.68887
      vertex -20.0532 -36.4595 -3.38817
    endloop
  endfacet
  facet normal 0.127074 -0.802452 -0.583029
    outer loop
      vertex -19.0062 -37.9555 -1.72636
      vertex -20.0532 -38.1213 -1.72636
      vertex -19.2223 -37.2904 -2.68887
    endloop
  endfacet
  facet normal 0.368813 -0.723913 -0.583033
    outer loop
      vertex -19.0062 -37.9555 -1.72636
      vertex -19.2223 -37.2904 -2.68887
      vertex -18.4727 -36.9085 -2.68887
    endloop
  endfacet
  facet normal 0.574474 0.574497 0.583037
    outer loop
      vertex 42.0979 2.74109 1.72636
      vertex 42.2817 1.58048 2.68887
      vertex 42.8475 1.99152 1.72636
    endloop
  endfacet
  facet normal 0.574534 0.574476 0.583
    outer loop
      vertex 42.2817 1.58048 2.68887
      vertex 42.0979 2.74109 1.72636
      vertex 41.6869 2.17534 2.68887
    endloop
  endfacet
  facet normal 0.585251 -0.0927013 0.805536
    outer loop
      vertex 41.8327 0 3.38817
      vertex 41.7482 -0.533474 3.38817
      vertex 42.6636 -0.830905 2.68887
    endloop
  endfacet
  facet normal 0.52797 -0.268995 0.805536
    outer loop
      vertex 42.6636 -0.830905 2.68887
      vertex 41.7482 -0.533474 3.38817
      vertex 42.2817 -1.58048 2.68887
    endloop
  endfacet
  facet normal 0.475777 0.824069 -0.307485
    outer loop
      vertex 42.0979 2.74109 -1.72636
      vertex -17.8456 37.7717 -0.594862
      vertex 42.314 3.03852 -0.594862
    endloop
  endfacet
  facet normal 0.475769 0.824057 -0.307531
    outer loop
      vertex -17.8456 37.7717 -0.594862
      vertex 42.0979 2.74109 -1.72636
      vertex -18.0617 37.4742 -1.72636
    endloop
  endfacet
  facet normal 0.802458 -0.127095 -0.583016
    outer loop
      vertex 43.4945 0 -1.72636
      vertex 42.6636 -0.830905 -2.68887
      vertex 42.7952 0 -2.68887
    endloop
  endfacet
  facet normal 0.585256 -0.0926938 -0.805533
    outer loop
      vertex 42.6636 -0.830905 -2.68887
      vertex 41.8327 0 -3.38817
      vertex 42.7952 0 -2.68887
    endloop
  endfacet
  facet normal -0.141889 -0.278473 -0.949905
    outer loop
      vertex -2.43479 -4.93504 -22.4013
      vertex -2.91604 -4.68983 -22.4013
      vertex -2.25097 -3.77443 -22.769
    endloop
  endfacet
  facet normal 0.278473 -0.141883 -0.949906
    outer loop
      vertex 5.4445 -0.533474 -22.4013
      vertex 4.28389 -0.349651 -22.769
      vertex 4.36838 -0.183823 -22.769
    endloop
  endfacet
  facet normal 0.527966 -0.268999 -0.805538
    outer loop
      vertex 42.2817 -1.58048 -2.68887
      vertex 41.503 -1.01473 -3.38817
      vertex 41.7482 -0.533474 -3.38817
    endloop
  endfacet
  facet normal 0.142612 -0.571178 -0.808342
    outer loop
      vertex -1.07041 -5.85044 -21.702
      vertex -17.4707 -32.826 -5.53438
      vertex -1.36784 -4.93504 -22.4013
    endloop
  endfacet
  facet normal 0.142577 -0.571166 -0.808357
    outer loop
      vertex -1.07041 -5.85044 -21.702
      vertex -17.4873 -33.142 -5.31403
      vertex -17.4707 -32.826 -5.53438
    endloop
  endfacet
  facet normal 0.142303 -0.571071 -0.808473
    outer loop
      vertex -1.07041 -5.85044 -21.702
      vertex -17.6555 -33.5802 -5.03411
      vertex -17.4873 -33.142 -5.31403
    endloop
  endfacet
  facet normal 0.142643 -0.571188 -0.80833
    outer loop
      vertex -19.2223 -37.2904 -2.68887
      vertex -17.6555 -33.5802 -5.03411
      vertex -1.07041 -5.85044 -21.702
    endloop
  endfacet
  facet normal 0.142623 -0.571184 -0.808337
    outer loop
      vertex -19.2223 -37.2904 -2.68887
      vertex -17.9508 -33.9449 -4.82851
      vertex -17.6555 -33.5802 -5.03411
    endloop
  endfacet
  facet normal 0.142518 -0.571164 -0.808369
    outer loop
      vertex -19.2223 -37.2904 -2.68887
      vertex -18.2162 -34.1172 -4.75356
      vertex -17.9508 -33.9449 -4.82851
    endloop
  endfacet
  facet normal 0.142621 -0.571179 -0.80834
    outer loop
      vertex -18.2162 -34.1172 -4.75356
      vertex -19.2223 -37.2904 -2.68887
      vertex -19.5197 -36.375 -3.38817
    endloop
  endfacet
  facet normal 0.0926972 -0.585254 -0.805534
    outer loop
      vertex -19.2223 -37.2904 -2.68887
      vertex -20.0532 -36.4595 -3.38817
      vertex -19.5197 -36.375 -3.38817
    endloop
  endfacet
  facet normal -0.127095 -0.802458 0.583016
    outer loop
      vertex -20.0532 -37.422 2.68887
      vertex -20.8841 -37.2904 2.68887
      vertex -20.0532 -38.1213 1.72636
    endloop
  endfacet
  facet normal -0.0926943 -0.585256 0.805533
    outer loop
      vertex -20.0532 -36.4595 3.38817
      vertex -20.8841 -37.2904 2.68887
      vertex -20.0532 -37.422 2.68887
    endloop
  endfacet
  facet normal -0.951068 0 0.308982
    outer loop
      vertex -23.809 -34.7331 0.594862
      vertex -23.4414 34.7331 1.72636
      vertex -23.809 34.7331 0.594862
    endloop
  endfacet
  facet normal -0.951068 0 0.308982
    outer loop
      vertex -23.4414 34.7331 1.72636
      vertex -23.809 -34.7331 0.594862
      vertex -23.4414 -34.7331 1.72636
    endloop
  endfacet
  facet normal -0.585252 0.0926926 0.805536
    outer loop
      vertex -4.45858 4.12408 21.702
      vertex -4.59018 3.29317 21.702
      vertex -3.62767 3.29317 22.4013
    endloop
  endfacet
  facet normal -0.940439 0.148934 0.305604
    outer loop
      vertex -23.6252 35.8937 0.594862
      vertex -23.809 34.7331 0.594862
      vertex -23.2755 35.7801 1.72636
    endloop
  endfacet
  facet normal -0.127095 0.802458 0.583016
    outer loop
      vertex -20.0532 38.1213 1.72636
      vertex -20.8841 37.2904 2.68887
      vertex -20.0532 37.422 2.68887
    endloop
  endfacet
  facet normal 0.0488887 0.308689 0.949906
    outer loop
      vertex -1.36784 4.93504 22.4013
      vertex -1.90132 5.01953 22.4013
      vertex -1.71749 3.85892 22.769
    endloop
  endfacet
  facet normal -0.432234 0.848424 0.305534
    outer loop
      vertex -21.2138 38.3051 0.594862
      vertex -22.2608 37.7717 0.594862
      vertex -21.1002 37.9555 1.72636
    endloop
  endfacet
  facet normal -0.432307 0.848356 0.305619
    outer loop
      vertex -21.1002 37.9555 1.72636
      vertex -22.2608 37.7717 0.594862
      vertex -22.0447 37.4742 1.72636
    endloop
  endfacet
  facet normal -0.723914 0.368778 0.583054
    outer loop
      vertex -22.7943 36.7247 1.72636
      vertex -23.2755 35.7801 1.72636
      vertex -22.2285 36.3136 2.68887
    endloop
  endfacet
  facet normal -0.72391 0.368908 0.582977
    outer loop
      vertex -22.2285 36.3136 2.68887
      vertex -23.2755 35.7801 1.72636
      vertex -22.6105 35.564 2.68887
    endloop
  endfacet
  facet normal -0.471896 0.240507 0.848216
    outer loop
      vertex -21.6951 35.2666 3.38817
      vertex -20.2151 33.6092 4.6815
      vertex -21.4498 35.7479 3.38817
    endloop
  endfacet
  facet normal -0.471926 0.240475 0.848209
    outer loop
      vertex -20.2151 33.6092 4.6815
      vertex -21.6951 35.2666 3.38817
      vertex -20.3248 33.4403 4.66835
    endloop
  endfacet
  facet normal -0.471956 0.240447 0.8482
    outer loop
      vertex -20.3248 33.4403 4.66835
      vertex -21.6951 35.2666 3.38817
      vertex -20.4249 33.0667 4.71856
    endloop
  endfacet
  facet normal -0.471868 0.240527 0.848226
    outer loop
      vertex -19.1113 31.3384 5.93946
      vertex -3.29797 4.3079 22.4013
      vertex -18.9101 31.3489 6.04841
    endloop
  endfacet
  facet normal -0.471943 0.240468 0.848201
    outer loop
      vertex -3.29797 4.3079 22.4013
      vertex -19.1113 31.3384 5.93946
      vertex -3.54318 3.82665 22.4013
    endloop
  endfacet
  facet normal -0.47194 0.24047 0.848202
    outer loop
      vertex -3.54318 3.82665 22.4013
      vertex -19.1113 31.3384 5.93946
      vertex -19.4849 31.4385 5.70321
    endloop
  endfacet
  facet normal -0.210799 0.413846 -0.885604
    outer loop
      vertex -19.7045 34.1292 -4.64763
      vertex -20.5867 36.375 -3.38817
      vertex -19.3652 34.2594 -4.66755
    endloop
  endfacet
  facet normal -0.210889 0.413804 -0.885603
    outer loop
      vertex -21.0679 36.1298 -3.38817
      vertex -19.7045 34.1292 -4.64763
      vertex -19.8465 34.0142 -4.66755
    endloop
  endfacet
  facet normal -0.210865 0.413819 -0.885601
    outer loop
      vertex -19.7045 34.1292 -4.64763
      vertex -21.0679 36.1298 -3.38817
      vertex -20.5867 36.375 -3.38817
    endloop
  endfacet
  facet normal -0.210855 0.413825 -0.885601
    outer loop
      vertex -18.2045 31.5311 -6.2188
      vertex -2.43479 4.93504 -22.4013
      vertex -2.91604 4.68983 -22.4013
    endloop
  endfacet
  facet normal -0.210876 0.413813 -0.885602
    outer loop
      vertex -2.43479 4.93504 -22.4013
      vertex -18.2045 31.5311 -6.2188
      vertex -17.9221 31.7598 -6.17918
    endloop
  endfacet
  facet normal -0.210648 0.41394 -0.885596
    outer loop
      vertex -18.2045 31.5311 -6.2188
      vertex -2.91604 4.68983 -22.4013
      vertex -18.3751 31.4657 -6.20879
    endloop
  endfacet
  facet normal -0.269018 0.527942 -0.805547
    outer loop
      vertex -21.0679 36.1298 -3.38817
      vertex -21.6337 36.9085 -2.68887
      vertex -20.5867 36.375 -3.38817
    endloop
  endfacet
  facet normal 0.451504 -0.230041 -0.862105
    outer loop
      vertex 41.503 -1.01473 -3.38817
      vertex 39.2999 -0.533474 -4.6704
      vertex 41.7482 -0.533474 -3.38817
    endloop
  endfacet
  facet normal 0.451507 -0.23003 -0.862106
    outer loop
      vertex 41.503 -1.01473 -3.38817
      vertex 39.1225 -0.881678 -4.6704
      vertex 39.2999 -0.533474 -4.6704
    endloop
  endfacet
  facet normal 0.451531 -0.229879 -0.862134
    outer loop
      vertex 39.1225 -0.881678 -4.6704
      vertex 41.503 -1.01473 -3.38817
      vertex 38.9895 -1.01473 -4.70458
    endloop
  endfacet
  facet normal 0.4515 -0.230083 -0.862096
    outer loop
      vertex 36.6955 -0.881678 -5.9415
      vertex 5.4445 -0.533474 -22.4013
      vertex 36.5181 -0.533474 -6.12734
    endloop
  endfacet
  facet normal 0.45149 -0.230173 -0.862077
    outer loop
      vertex 5.19928 -1.01473 -22.4013
      vertex 36.6955 -0.881678 -5.9415
      vertex 36.8285 -1.01473 -5.83632
    endloop
  endfacet
  facet normal 0.451502 -0.230059 -0.862101
    outer loop
      vertex 36.6955 -0.881678 -5.9415
      vertex 5.19928 -1.01473 -22.4013
      vertex 5.4445 -0.533474 -22.4013
    endloop
  endfacet
  facet normal 0.361648 0.626395 -0.690536
    outer loop
      vertex -0.32084 5.46851 -21.702
      vertex -18.4727 36.9085 -2.68887
      vertex 5.38311 2.17534 -21.702
    endloop
  endfacet
  facet normal 0.149016 0.940449 0.305532
    outer loop
      vertex -18.8926 38.3051 0.594862
      vertex -20.0532 38.489 0.594862
      vertex -19.0062 37.9555 1.72636
    endloop
  endfacet
  facet normal 0.462699 -0.0733023 0.88348
    outer loop
      vertex 5.52899 0 22.4013
      vertex 36.4824 -0.463525 6.15181
      vertex 36.409 0 6.22871
    endloop
  endfacet
  facet normal 0.4627 -0.073281 0.883481
    outer loop
      vertex 5.4445 -0.533474 22.4013
      vertex 36.4824 -0.463525 6.15181
      vertex 5.52899 0 22.4013
    endloop
  endfacet
  facet normal 0.462712 -0.0729181 0.883505
    outer loop
      vertex 36.4824 -0.463525 6.15181
      vertex 5.4445 -0.533474 22.4013
      vertex 36.5181 -0.533474 6.12734
    endloop
  endfacet
  facet normal 0.462703 -0.0732901 0.883479
    outer loop
      vertex 39.409 0 4.65753
      vertex 41.7482 -0.533474 3.38817
      vertex 41.8327 0 3.38817
    endloop
  endfacet
  facet normal 0.462707 -0.0732705 0.883478
    outer loop
      vertex 39.3356 -0.463525 4.65753
      vertex 41.7482 -0.533474 3.38817
      vertex 39.409 0 4.65753
    endloop
  endfacet
  facet normal 0.462688 -0.0735941 0.883461
    outer loop
      vertex 41.7482 -0.533474 3.38817
      vertex 39.3356 -0.463525 4.65753
      vertex 39.2999 -0.533474 4.6704
    endloop
  endfacet
  facet normal 0.418993 -0.418993 0.805536
    outer loop
      vertex 5.19928 -1.01473 22.4013
      vertex 5.38311 -2.17534 21.702
      vertex 5.97797 -1.58048 21.702
    endloop
  endfacet
  facet normal 0.418993 -0.418993 0.805536
    outer loop
      vertex 5.38311 -2.17534 21.702
      vertex 5.19928 -1.01473 22.4013
      vertex 4.81736 -1.39665 22.4013
    endloop
  endfacet
  facet normal 0.269012 0.527966 0.805534
    outer loop
      vertex -0.32084 5.46851 21.702
      vertex -1.36784 4.93504 22.4013
      vertex -0.886588 4.68983 22.4013
    endloop
  endfacet
  facet normal 0.141882 0.278474 0.949906
    outer loop
      vertex -1.36784 4.93504 22.4013
      vertex -1.71749 3.85892 22.769
      vertex -1.55166 3.77443 22.769
    endloop
  endfacet
  facet normal 0.0488988 0.30869 0.949905
    outer loop
      vertex -1.90132 5.01953 22.4013
      vertex -1.90132 3.88804 22.769
      vertex -1.71749 3.85892 22.769
    endloop
  endfacet
  facet normal 0.0488887 -0.308689 0.949906
    outer loop
      vertex -1.71749 -3.85892 22.769
      vertex -1.90132 -5.01953 22.4013
      vertex -1.36784 -4.93504 22.4013
    endloop
  endfacet
  facet normal -0.585254 -0.0926897 0.805535
    outer loop
      vertex -3.62767 -3.29317 22.4013
      vertex -4.45858 -4.12408 21.702
      vertex -3.54318 -3.82665 22.4013
    endloop
  endfacet
  facet normal -0.471943 -0.240468 0.848201
    outer loop
      vertex -19.1113 -31.3384 5.93946
      vertex -3.29797 -4.3079 22.4013
      vertex -3.54318 -3.82665 22.4013
    endloop
  endfacet
  facet normal -0.471868 -0.240527 0.848226
    outer loop
      vertex -3.29797 -4.3079 22.4013
      vertex -19.1113 -31.3384 5.93946
      vertex -18.9101 -31.3489 6.04841
    endloop
  endfacet
  facet normal -0.47194 -0.24047 0.848202
    outer loop
      vertex -19.1113 -31.3384 5.93946
      vertex -3.54318 -3.82665 22.4013
      vertex -19.4849 -31.4385 5.70321
    endloop
  endfacet
  facet normal -0.471926 -0.240475 0.848209
    outer loop
      vertex -21.6951 -35.2666 3.38817
      vertex -20.2151 -33.6092 4.6815
      vertex -20.3248 -33.4403 4.66835
    endloop
  endfacet
  facet normal -0.471956 -0.240447 0.8482
    outer loop
      vertex -21.6951 -35.2666 3.38817
      vertex -20.3248 -33.4403 4.66835
      vertex -20.4249 -33.0667 4.71856
    endloop
  endfacet
  facet normal -0.471896 -0.240507 0.848216
    outer loop
      vertex -20.2151 -33.6092 4.6815
      vertex -21.6951 -35.2666 3.38817
      vertex -21.4498 -35.7479 3.38817
    endloop
  endfacet
  facet normal 0.220998 -0.220998 0.949905
    outer loop
      vertex 4.28389 -0.349651 22.769
      vertex 4.81736 -1.39665 22.4013
      vertex 5.19928 -1.01473 22.4013
    endloop
  endfacet
  facet normal 0.22099 -0.221002 0.949906
    outer loop
      vertex 4.81736 -1.39665 22.4013
      vertex 4.28389 -0.349651 22.769
      vertex 4.15228 -0.481254 22.769
    endloop
  endfacet
  facet normal -0.26899 -0.527978 0.805533
    outer loop
      vertex -20.5867 -36.375 3.38817
      vertex -21.6337 -36.9085 2.68887
      vertex -20.8841 -37.2904 2.68887
    endloop
  endfacet
  facet normal -0.418981 -0.418981 0.805549
    outer loop
      vertex -21.4498 -35.7479 3.38817
      vertex -21.6337 -36.9085 2.68887
      vertex -21.0679 -36.1298 3.38817
    endloop
  endfacet
  facet normal -0.419033 -0.418963 0.805532
    outer loop
      vertex -21.6337 -36.9085 2.68887
      vertex -21.4498 -35.7479 3.38817
      vertex -22.2285 -36.3136 2.68887
    endloop
  endfacet
  facet normal -0.30869 -0.0488988 0.949905
    outer loop
      vertex -2.49618 -3.29317 22.769
      vertex -3.62767 -3.29317 22.4013
      vertex -2.46706 -3.477 22.769
    endloop
  endfacet
  facet normal -0.220998 -0.220998 0.949905
    outer loop
      vertex -2.38257 -3.64283 22.769
      vertex -2.91604 -4.68983 22.4013
      vertex -2.25097 -3.77443 22.769
    endloop
  endfacet
  facet normal -0.220998 -0.220998 0.949905
    outer loop
      vertex -2.91604 -4.68983 22.4013
      vertex -2.38257 -3.64283 22.769
      vertex -3.29797 -4.3079 22.4013
    endloop
  endfacet
  facet normal -0.149016 -0.940449 -0.305532
    outer loop
      vertex -20.0532 -38.489 -0.594862
      vertex -21.2138 -38.3051 -0.594862
      vertex -21.1002 -37.9555 -1.72636
    endloop
  endfacet
  facet normal -0.148925 -0.940438 -0.305612
    outer loop
      vertex -20.0532 -38.489 -0.594862
      vertex -21.1002 -37.9555 -1.72636
      vertex -20.0532 -38.1213 -1.72636
    endloop
  endfacet
  facet normal 0.453941 -0.891032 0
    outer loop
      vertex -18.8926 -38.3051 -0.594862
      vertex -17.8456 -37.7717 0.594862
      vertex -18.8926 -38.3051 0.594862
    endloop
  endfacet
  facet normal 0.453941 -0.891032 0
    outer loop
      vertex -17.8456 -37.7717 0.594862
      vertex -18.8926 -38.3051 -0.594862
      vertex -17.8456 -37.7717 -0.594862
    endloop
  endfacet
  facet normal -0.848432 0.43221 -0.305546
    outer loop
      vertex -22.7943 36.7247 -1.72636
      vertex -23.2755 35.7801 -1.72636
      vertex -23.0917 36.9408 -0.594862
    endloop
  endfacet
  facet normal -0.723914 0.368778 -0.583054
    outer loop
      vertex -22.2285 36.3136 -2.68887
      vertex -23.2755 35.7801 -1.72636
      vertex -22.7943 36.7247 -1.72636
    endloop
  endfacet
  facet normal -0.564607 -0.163275 -0.809049
    outer loop
      vertex -20.4249 -33.0667 -4.71856
      vertex -21.6951 -35.2666 -3.38817
      vertex -20.4463 -32.987 -4.71971
    endloop
  endfacet
  facet normal -0.56496 -0.162975 -0.808863
    outer loop
      vertex -19.4849 -31.4385 -5.70321
      vertex -4.45858 -4.12408 -21.702
      vertex -3.54318 -3.82665 -22.4013
    endloop
  endfacet
  facet normal -0.565229 -0.162744 -0.808722
    outer loop
      vertex -19.5646 -31.4598 -5.64322
      vertex -4.45858 -4.12408 -21.702
      vertex -19.4849 -31.4385 -5.70321
    endloop
  endfacet
  facet normal -0.564949 -0.162985 -0.808869
    outer loop
      vertex -19.9582 -31.7154 -5.31681
      vertex -4.45858 -4.12408 -21.702
      vertex -19.5646 -31.4598 -5.64322
    endloop
  endfacet
  facet normal -0.565037 -0.162909 -0.808823
    outer loop
      vertex -20.2535 -32.0802 -5.03704
      vertex -4.45858 -4.12408 -21.702
      vertex -19.9582 -31.7154 -5.31681
    endloop
  endfacet
  facet normal -0.564966 -0.162968 -0.808861
    outer loop
      vertex -22.6105 -35.564 -2.68887
      vertex -20.4463 -32.987 -4.71971
      vertex -21.6951 -35.2666 -3.38817
    endloop
  endfacet
  facet normal -0.565024 -0.162898 -0.808834
    outer loop
      vertex -20.4463 -32.987 -4.71971
      vertex -22.6105 -35.564 -2.68887
      vertex -20.4217 -32.5183 -4.83129
    endloop
  endfacet
  facet normal -0.564888 -0.163039 -0.8089
    outer loop
      vertex -20.2535 -32.0802 -5.03704
      vertex -22.6105 -35.564 -2.68887
      vertex -4.45858 -4.12408 -21.702
    endloop
  endfacet
  facet normal -0.564947 -0.162979 -0.808871
    outer loop
      vertex -20.4217 -32.5183 -4.83129
      vertex -22.6105 -35.564 -2.68887
      vertex -20.2535 -32.0802 -5.03704
    endloop
  endfacet
  facet normal -0.527933 -0.269067 -0.805537
    outer loop
      vertex -21.4498 -35.7479 -3.38817
      vertex -22.2285 -36.3136 -2.68887
      vertex -21.6951 -35.2666 -3.38817
    endloop
  endfacet
  facet normal -0.527956 -0.269049 -0.805528
    outer loop
      vertex -22.2285 -36.3136 -2.68887
      vertex -22.6105 -35.564 -2.68887
      vertex -21.6951 -35.2666 -3.38817
    endloop
  endfacet
  facet normal -0.585254 -0.0926897 -0.805535
    outer loop
      vertex -3.54318 -3.82665 -22.4013
      vertex -4.45858 -4.12408 -21.702
      vertex -3.62767 -3.29317 -22.4013
    endloop
  endfacet
  facet normal -0.30906 0 -0.951043
    outer loop
      vertex -3.62767 -3.29317 -22.4013
      vertex -2.49618 -0.0241331 -22.769
      vertex -2.49618 -3.29317 -22.769
    endloop
  endfacet
  facet normal -0.313193 0.0015828 -0.949688
    outer loop
      vertex -2.49618 -0.0241331 -22.769
      vertex -3.62767 -3.29317 -22.4013
      vertex -2.5 0 -22.7677
    endloop
  endfacet
  facet normal -0.313193 -0.0015828 -0.949688
    outer loop
      vertex -3.62767 3.29317 -22.4013
      vertex -2.49618 0.0241331 -22.769
      vertex -2.5 0 -22.7677
    endloop
  endfacet
  facet normal -0.309015 -0 -0.951057
    outer loop
      vertex -3.62767 3.29317 -22.4013
      vertex -2.5 0 -22.7677
      vertex -3.62767 -3.29317 -22.4013
    endloop
  endfacet
  facet normal -0.30906 0 -0.951043
    outer loop
      vertex -2.49618 0.0241331 -22.769
      vertex -3.62767 3.29317 -22.4013
      vertex -2.49618 3.29317 -22.769
    endloop
  endfacet
  facet normal -0.723298 0 -0.690536
    outer loop
      vertex -4.59018 -3.29317 -21.702
      vertex -22.7421 34.7331 -2.68887
      vertex -4.59018 3.29317 -21.702
    endloop
  endfacet
  facet normal -0.723298 -0 -0.690536
    outer loop
      vertex -22.7421 34.7331 -2.68887
      vertex -4.59018 -3.29317 -21.702
      vertex -22.7421 -34.7331 -2.68887
    endloop
  endfacet
  facet normal -0.56496 0.162975 -0.808863
    outer loop
      vertex -4.45858 4.12408 -21.702
      vertex -19.4849 31.4385 -5.70321
      vertex -3.54318 3.82665 -22.4013
    endloop
  endfacet
  facet normal -0.565229 0.162744 -0.808722
    outer loop
      vertex -4.45858 4.12408 -21.702
      vertex -19.5646 31.4598 -5.64322
      vertex -19.4849 31.4385 -5.70321
    endloop
  endfacet
  facet normal -0.564949 0.162985 -0.808869
    outer loop
      vertex -4.45858 4.12408 -21.702
      vertex -19.9582 31.7154 -5.31681
      vertex -19.5646 31.4598 -5.64322
    endloop
  endfacet
  facet normal -0.565037 0.162909 -0.808823
    outer loop
      vertex -4.45858 4.12408 -21.702
      vertex -20.2535 32.0802 -5.03704
      vertex -19.9582 31.7154 -5.31681
    endloop
  endfacet
  facet normal -0.565024 0.162898 -0.808834
    outer loop
      vertex -22.6105 35.564 -2.68887
      vertex -20.4463 32.987 -4.71971
      vertex -20.4217 32.5183 -4.83129
    endloop
  endfacet
  facet normal -0.564947 0.162979 -0.808871
    outer loop
      vertex -22.6105 35.564 -2.68887
      vertex -20.4217 32.5183 -4.83129
      vertex -20.2535 32.0802 -5.03704
    endloop
  endfacet
  facet normal -0.564966 0.162968 -0.808861
    outer loop
      vertex -20.4463 32.987 -4.71971
      vertex -22.6105 35.564 -2.68887
      vertex -21.6951 35.2666 -3.38817
    endloop
  endfacet
  facet normal -0.564888 0.163039 -0.8089
    outer loop
      vertex -22.6105 35.564 -2.68887
      vertex -20.2535 32.0802 -5.03704
      vertex -4.45858 4.12408 -21.702
    endloop
  endfacet
  facet normal -0.564607 0.163275 -0.809049
    outer loop
      vertex -20.4249 33.0667 -4.71856
      vertex -20.4463 32.987 -4.71971
      vertex -21.6951 35.2666 -3.38817
    endloop
  endfacet
  facet normal -0.220998 -0.220998 -0.949905
    outer loop
      vertex -2.91604 -4.68983 -22.4013
      vertex -2.38257 -3.64283 -22.769
      vertex -2.25097 -3.77443 -22.769
    endloop
  endfacet
  facet normal -0.220998 -0.220998 -0.949905
    outer loop
      vertex -2.38257 -3.64283 -22.769
      vertex -2.91604 -4.68983 -22.4013
      vertex -3.29797 -4.3079 -22.4013
    endloop
  endfacet
  facet normal -0.471896 -0.240507 -0.848216
    outer loop
      vertex -21.6951 -35.2666 -3.38817
      vertex -20.2151 -33.6092 -4.6815
      vertex -21.4498 -35.7479 -3.38817
    endloop
  endfacet
  facet normal -0.471926 -0.240475 -0.848209
    outer loop
      vertex -20.2151 -33.6092 -4.6815
      vertex -21.6951 -35.2666 -3.38817
      vertex -20.3248 -33.4403 -4.66835
    endloop
  endfacet
  facet normal -0.471956 -0.240447 -0.8482
    outer loop
      vertex -20.3248 -33.4403 -4.66835
      vertex -21.6951 -35.2666 -3.38817
      vertex -20.4249 -33.0667 -4.71856
    endloop
  endfacet
  facet normal -0.471868 -0.240527 -0.848226
    outer loop
      vertex -19.1113 -31.3384 -5.93946
      vertex -3.29797 -4.3079 -22.4013
      vertex -18.9101 -31.3489 -6.04841
    endloop
  endfacet
  facet normal -0.471943 -0.240468 -0.848201
    outer loop
      vertex -3.29797 -4.3079 -22.4013
      vertex -19.1113 -31.3384 -5.93946
      vertex -3.54318 -3.82665 -22.4013
    endloop
  endfacet
  facet normal -0.47194 -0.24047 -0.848202
    outer loop
      vertex -3.54318 -3.82665 -22.4013
      vertex -19.1113 -31.3384 -5.93946
      vertex -19.4849 -31.4385 -5.70321
    endloop
  endfacet
  facet normal -0.0488896 0.308689 -0.949906
    outer loop
      vertex -2.08514 3.85892 -22.769
      vertex -2.43479 4.93504 -22.4013
      vertex -1.90132 5.01953 -22.4013
    endloop
  endfacet
  facet normal 0.269012 0.527966 -0.805534
    outer loop
      vertex -0.886588 4.68983 -22.4013
      vertex -1.36784 4.93504 -22.4013
      vertex -0.32084 5.46851 -21.702
    endloop
  endfacet
  facet normal 0.0488988 -0.30869 -0.949905
    outer loop
      vertex -1.71749 -3.85892 -22.769
      vertex -1.90132 -5.01953 -22.4013
      vertex -1.90132 -3.88804 -22.769
    endloop
  endfacet
  facet normal -0.127074 -0.802452 -0.583029
    outer loop
      vertex -20.0532 -38.1213 -1.72636
      vertex -21.1002 -37.9555 -1.72636
      vertex -20.8841 -37.2904 -2.68887
    endloop
  endfacet
  facet normal -0.368813 -0.723913 -0.583033
    outer loop
      vertex -21.1002 -37.9555 -1.72636
      vertex -21.6337 -36.9085 -2.68887
      vertex -20.8841 -37.2904 -2.68887
    endloop
  endfacet
  facet normal 0.802452 -0.127074 -0.583029
    outer loop
      vertex 43.3287 -1.047 -1.72636
      vertex 42.6636 -0.830905 -2.68887
      vertex 43.4945 0 -1.72636
    endloop
  endfacet
  facet normal 0.723909 -0.368824 -0.583031
    outer loop
      vertex 43.3287 -1.047 -1.72636
      vertex 42.2817 -1.58048 -2.68887
      vertex 42.6636 -0.830905 -2.68887
    endloop
  endfacet
  facet normal 0.308689 0.0488892 -0.949906
    outer loop
      vertex 5.52899 0 -22.4013
      vertex 4.36838 0.183823 -22.769
      vertex 5.4445 0.533474 -22.4013
    endloop
  endfacet
  facet normal 0.220998 -0.220998 -0.949905
    outer loop
      vertex 4.81736 -1.39665 -22.4013
      vertex 4.28389 -0.349651 -22.769
      vertex 5.19928 -1.01473 -22.4013
    endloop
  endfacet
  facet normal 0.22099 -0.221002 -0.949906
    outer loop
      vertex 4.28389 -0.349651 -22.769
      vertex 4.81736 -1.39665 -22.4013
      vertex 4.15228 -0.481254 -22.769
    endloop
  endfacet
  facet normal -0.368891 -0.72391 0.582986
    outer loop
      vertex -21.6337 -36.9085 2.68887
      vertex -22.0447 -37.4742 1.72636
      vertex -21.1002 -37.9555 1.72636
    endloop
  endfacet
  facet normal -0.940439 -0.148934 -0.305604
    outer loop
      vertex -23.6252 -35.8937 -0.594862
      vertex -23.809 -34.7331 -0.594862
      vertex -23.2755 -35.7801 -1.72636
    endloop
  endfacet
  facet normal -0.848389 -0.432256 -0.3056
    outer loop
      vertex -23.0917 -36.9408 -0.594862
      vertex -23.6252 -35.8937 -0.594862
      vertex -23.2755 -35.7801 -1.72636
    endloop
  endfacet
  facet normal -0.802475 -0.127154 0.58298
    outer loop
      vertex -22.6105 -35.564 2.68887
      vertex -23.4414 -34.7331 1.72636
      vertex -23.2755 -35.7801 1.72636
    endloop
  endfacet
  facet normal -0.723298 0 0.690536
    outer loop
      vertex -22.7421 34.7331 2.68887
      vertex -4.59018 -3.29317 21.702
      vertex -4.59018 3.29317 21.702
    endloop
  endfacet
  facet normal -0.723298 0 0.690536
    outer loop
      vertex -4.59018 -3.29317 21.702
      vertex -22.7421 34.7331 2.68887
      vertex -22.7421 -34.7331 2.68887
    endloop
  endfacet
  facet normal -0.587783 0 0.809019
    outer loop
      vertex -4.59018 3.29317 21.702
      vertex -3.62767 -3.29317 22.4013
      vertex -3.62767 3.29317 22.4013
    endloop
  endfacet
  facet normal -0.587783 0 0.809019
    outer loop
      vertex -3.62767 -3.29317 22.4013
      vertex -4.59018 3.29317 21.702
      vertex -4.59018 -3.29317 21.702
    endloop
  endfacet
  facet normal -0.809019 0 0.587783
    outer loop
      vertex -23.4414 -34.7331 1.72636
      vertex -22.7421 34.7331 2.68887
      vertex -23.4414 34.7331 1.72636
    endloop
  endfacet
  facet normal -0.809019 0 0.587783
    outer loop
      vertex -22.7421 34.7331 2.68887
      vertex -23.4414 -34.7331 1.72636
      vertex -22.7421 -34.7331 2.68887
    endloop
  endfacet
  facet normal -0.26899 0.527978 0.805533
    outer loop
      vertex -20.8841 37.2904 2.68887
      vertex -21.6337 36.9085 2.68887
      vertex -20.5867 36.375 3.38817
    endloop
  endfacet
  facet normal -0.0926943 0.585256 0.805533
    outer loop
      vertex -20.0532 37.422 2.68887
      vertex -20.8841 37.2904 2.68887
      vertex -20.0532 36.4595 3.38817
    endloop
  endfacet
  facet normal -0.418981 0.418981 0.805549
    outer loop
      vertex -21.6337 36.9085 2.68887
      vertex -21.4498 35.7479 3.38817
      vertex -21.0679 36.1298 3.38817
    endloop
  endfacet
  facet normal -0.419033 0.418963 0.805532
    outer loop
      vertex -21.4498 35.7479 3.38817
      vertex -21.6337 36.9085 2.68887
      vertex -22.2285 36.3136 2.68887
    endloop
  endfacet
  facet normal -0.269018 0.527942 0.805547
    outer loop
      vertex -20.5867 36.375 3.38817
      vertex -21.6337 36.9085 2.68887
      vertex -21.0679 36.1298 3.38817
    endloop
  endfacet
  facet normal 0.723909 0.368824 -0.583031
    outer loop
      vertex 42.6636 0.830905 -2.68887
      vertex 42.2817 1.58048 -2.68887
      vertex 43.3287 1.047 -1.72636
    endloop
  endfacet
  facet normal 0.802452 0.127074 -0.583029
    outer loop
      vertex 43.4945 0 -1.72636
      vertex 42.6636 0.830905 -2.68887
      vertex 43.3287 1.047 -1.72636
    endloop
  endfacet
  facet normal 0.308689 -0.0488892 0.949906
    outer loop
      vertex 5.52899 0 22.4013
      vertex 4.36838 -0.183823 22.769
      vertex 5.4445 -0.533474 22.4013
    endloop
  endfacet
  facet normal 0.361649 -0.626395 0.690535
    outer loop
      vertex 5.38311 -2.17534 21.702
      vertex -18.4727 -36.9085 2.68887
      vertex 41.6869 -2.17534 2.68887
    endloop
  endfacet
  facet normal 0.420866 -0.420824 0.803604
    outer loop
      vertex 5.97797 -1.58048 21.702
      vertex 41.6869 -2.17534 2.68887
      vertex 42.2817 -1.58048 2.68887
    endloop
  endfacet
  facet normal 0.420858 -0.420858 0.80359
    outer loop
      vertex 41.6869 -2.17534 2.68887
      vertex 5.97797 -1.58048 21.702
      vertex 5.38311 -2.17534 21.702
    endloop
  endfacet
  facet normal -0.278474 -0.141882 0.949906
    outer loop
      vertex -2.46706 -3.477 22.769
      vertex -3.54318 -3.82665 22.4013
      vertex -2.38257 -3.64283 22.769
    endloop
  endfacet
  facet normal -0.0489014 0.30869 0.949905
    outer loop
      vertex -1.90132 5.01953 22.4013
      vertex -2.08514 3.85892 22.769
      vertex -1.90132 3.88804 22.769
    endloop
  endfacet
  facet normal 0.294947 0.510864 0.80748
    outer loop
      vertex -0.32084 5.46851 21.702
      vertex 4.81736 1.39665 22.4013
      vertex 5.38311 2.17534 21.702
    endloop
  endfacet
  facet normal 0.29495 0.510867 0.807477
    outer loop
      vertex 4.81736 1.39665 22.4013
      vertex -0.32084 5.46851 21.702
      vertex -0.886588 4.68983 22.4013
    endloop
  endfacet
  facet normal 0.314679 0.617585 0.720809
    outer loop
      vertex -18.4727 36.9085 2.68887
      vertex -1.07041 5.85044 21.702
      vertex -0.32084 5.46851 21.702
    endloop
  endfacet
  facet normal 0.314638 0.617577 0.720834
    outer loop
      vertex -1.07041 5.85044 21.702
      vertex -18.4727 36.9085 2.68887
      vertex -19.2223 37.2904 2.68887
    endloop
  endfacet
  facet normal 0.155299 0.268985 0.950542
    outer loop
      vertex -0.886588 4.68983 22.4013
      vertex 4.15228 0.481254 22.769
      vertex 4.81736 1.39665 22.4013
    endloop
  endfacet
  facet normal 0.155299 0.268985 0.950542
    outer loop
      vertex 4.15228 0.481254 22.769
      vertex -0.886588 4.68983 22.4013
      vertex -1.55166 3.77443 22.769
    endloop
  endfacet
  facet normal 0 0 1
    outer loop
      vertex 4.36838 0.183823 22.769
      vertex 4.36838 -0.183823 22.769
      vertex 4.39749 0 22.769
    endloop
  endfacet
  facet normal 0 0 1
    outer loop
      vertex 4.28389 0.349651 22.769
      vertex 4.36838 -0.183823 22.769
      vertex 4.36838 0.183823 22.769
    endloop
  endfacet
  facet normal 0 0 1
    outer loop
      vertex 4.28389 0.349651 22.769
      vertex 4.28389 -0.349651 22.769
      vertex 4.36838 -0.183823 22.769
    endloop
  endfacet
  facet normal 0 0 1
    outer loop
      vertex 4.15228 0.481254 22.769
      vertex 4.28389 -0.349651 22.769
      vertex 4.28389 0.349651 22.769
    endloop
  endfacet
  facet normal 0 0 1
    outer loop
      vertex 4.15228 0.481254 22.769
      vertex 4.15228 -0.481254 22.769
      vertex 4.28389 -0.349651 22.769
    endloop
  endfacet
  facet normal 0 0 1
    outer loop
      vertex 4.15228 0.481254 22.769
      vertex 2.5 0 22.769
      vertex 4.15228 -0.481254 22.769
    endloop
  endfacet
  facet normal 0 0 1
    outer loop
      vertex 4.15228 0.481254 22.769
      vertex 2.37764 0.772542 22.769
      vertex 2.5 0 22.769
    endloop
  endfacet
  facet normal 0 0 1
    outer loop
      vertex 4.15228 0.481254 22.769
      vertex 2.02254 1.46946 22.769
      vertex 2.37764 0.772542 22.769
    endloop
  endfacet
  facet normal 0 0 1
    outer loop
      vertex 4.15228 0.481254 22.769
      vertex 1.46946 2.02254 22.769
      vertex 2.02254 1.46946 22.769
    endloop
  endfacet
  facet normal 0 0 1
    outer loop
      vertex -1.55166 3.77443 22.769
      vertex 1.46946 2.02254 22.769
      vertex 4.15228 0.481254 22.769
    endloop
  endfacet
  facet normal 0 0 1
    outer loop
      vertex -1.55166 3.77443 22.769
      vertex 0.772542 2.37764 22.769
      vertex 1.46946 2.02254 22.769
    endloop
  endfacet
  facet normal 0 0 1
    outer loop
      vertex -1.55166 3.77443 22.769
      vertex 0 2.5 22.769
      vertex 0.772542 2.37764 22.769
    endloop
  endfacet
  facet normal 0 0 1
    outer loop
      vertex -1.55166 3.77443 22.769
      vertex -0.772542 2.37764 22.769
      vertex 0 2.5 22.769
    endloop
  endfacet
  facet normal 0 0 1
    outer loop
      vertex -1.55166 3.77443 22.769
      vertex -1.46946 2.02254 22.769
      vertex -0.772542 2.37764 22.769
    endloop
  endfacet
  facet normal 0 0 1
    outer loop
      vertex -2.49618 3.29317 22.769
      vertex -1.55166 3.77443 22.769
      vertex -1.71749 3.85892 22.769
    endloop
  endfacet
  facet normal 0 0 1
    outer loop
      vertex -2.49618 3.29317 22.769
      vertex -1.71749 3.85892 22.769
      vertex -1.90132 3.88804 22.769
    endloop
  endfacet
  facet normal 0 0 1
    outer loop
      vertex -1.55166 3.77443 22.769
      vertex -2.49618 3.29317 22.769
      vertex -1.46946 2.02254 22.769
    endloop
  endfacet
  facet normal 0 0 1
    outer loop
      vertex -2.49618 3.29317 22.769
      vertex -1.90132 3.88804 22.769
      vertex -2.08514 3.85892 22.769
    endloop
  endfacet
  facet normal 0 0 1
    outer loop
      vertex -2.49618 3.29317 22.769
      vertex -2.08514 3.85892 22.769
      vertex -2.25097 3.77443 22.769
    endloop
  endfacet
  facet normal 0 0 1
    outer loop
      vertex -1.46946 2.02254 22.769
      vertex -2.49618 3.29317 22.769
      vertex -2.02254 1.46946 22.769
    endloop
  endfacet
  facet normal 0 0 1
    outer loop
      vertex -2.49618 3.29317 22.769
      vertex -2.25097 3.77443 22.769
      vertex -2.38257 3.64283 22.769
    endloop
  endfacet
  facet normal 0 0 1
    outer loop
      vertex -2.49618 3.29317 22.769
      vertex -2.38257 3.64283 22.769
      vertex -2.46706 3.477 22.769
    endloop
  endfacet
  facet normal 0 0 1
    outer loop
      vertex -2.02254 1.46946 22.769
      vertex -2.49618 3.29317 22.769
      vertex -2.37764 0.772542 22.769
    endloop
  endfacet
  facet normal 0 0 1
    outer loop
      vertex -2.37764 0.772542 22.769
      vertex -2.49618 3.29317 22.769
      vertex -2.49618 0.0241331 22.769
    endloop
  endfacet
  facet normal 0 0 1
    outer loop
      vertex 2.37764 -0.772542 22.769
      vertex 4.15228 -0.481254 22.769
      vertex 2.5 0 22.769
    endloop
  endfacet
  facet normal 0 0 1
    outer loop
      vertex 2.02254 -1.46946 22.769
      vertex 4.15228 -0.481254 22.769
      vertex 2.37764 -0.772542 22.769
    endloop
  endfacet
  facet normal 0 0 1
    outer loop
      vertex 1.46946 -2.02254 22.769
      vertex 4.15228 -0.481254 22.769
      vertex 2.02254 -1.46946 22.769
    endloop
  endfacet
  facet normal -0 0 1
    outer loop
      vertex 1.46946 -2.02254 22.769
      vertex -1.55166 -3.77443 22.769
      vertex 4.15228 -0.481254 22.769
    endloop
  endfacet
  facet normal -0 0 1
    outer loop
      vertex 0.772542 -2.37764 22.769
      vertex -1.55166 -3.77443 22.769
      vertex 1.46946 -2.02254 22.769
    endloop
  endfacet
  facet normal -0 0 1
    outer loop
      vertex 0 -2.5 22.769
      vertex -1.55166 -3.77443 22.769
      vertex 0.772542 -2.37764 22.769
    endloop
  endfacet
  facet normal 0 0 1
    outer loop
      vertex -0.772542 -2.37764 22.769
      vertex -1.55166 -3.77443 22.769
      vertex 0 -2.5 22.769
    endloop
  endfacet
  facet normal 0 0 1
    outer loop
      vertex -1.46946 -2.02254 22.769
      vertex -1.55166 -3.77443 22.769
      vertex -0.772542 -2.37764 22.769
    endloop
  endfacet
  facet normal -0 0 1
    outer loop
      vertex -2.49618 -3.29317 22.769
      vertex -1.55166 -3.77443 22.769
      vertex -1.46946 -2.02254 22.769
    endloop
  endfacet
  facet normal 0 0 1
    outer loop
      vertex -1.55166 -3.77443 22.769
      vertex -2.49618 -3.29317 22.769
      vertex -1.71749 -3.85892 22.769
    endloop
  endfacet
  facet normal 0 0 1
    outer loop
      vertex -2.49618 -3.29317 22.769
      vertex -1.46946 -2.02254 22.769
      vertex -2.02254 -1.46946 22.769
    endloop
  endfacet
  facet normal 0 0 1
    outer loop
      vertex -1.71749 -3.85892 22.769
      vertex -2.49618 -3.29317 22.769
      vertex -1.90132 -3.88804 22.769
    endloop
  endfacet
  facet normal 0 0 1
    outer loop
      vertex -1.90132 -3.88804 22.769
      vertex -2.49618 -3.29317 22.769
      vertex -2.08514 -3.85892 22.769
    endloop
  endfacet
  facet normal 0 0 1
    outer loop
      vertex -2.49618 -3.29317 22.769
      vertex -2.02254 -1.46946 22.769
      vertex -2.37764 -0.772542 22.769
    endloop
  endfacet
  facet normal 0 0 1
    outer loop
      vertex -2.08514 -3.85892 22.769
      vertex -2.49618 -3.29317 22.769
      vertex -2.25097 -3.77443 22.769
    endloop
  endfacet
  facet normal 0 0 1
    outer loop
      vertex -2.25097 -3.77443 22.769
      vertex -2.49618 -3.29317 22.769
      vertex -2.38257 -3.64283 22.769
    endloop
  endfacet
  facet normal 0 0 1
    outer loop
      vertex -2.49618 -3.29317 22.769
      vertex -2.37764 -0.772542 22.769
      vertex -2.49618 -0.0241331 22.769
    endloop
  endfacet
  facet normal 0 0 1
    outer loop
      vertex -2.38257 -3.64283 22.769
      vertex -2.49618 -3.29317 22.769
      vertex -2.46706 -3.477 22.769
    endloop
  endfacet
  facet normal -0.631798 -0.100065 0.768647
    outer loop
      vertex -22.7421 -34.7331 2.68887
      vertex -4.45858 -4.12408 21.702
      vertex -4.59018 -3.29317 21.702
    endloop
  endfacet
  facet normal -0.631797 -0.100066 0.768647
    outer loop
      vertex -4.45858 -4.12408 21.702
      vertex -22.7421 -34.7331 2.68887
      vertex -22.6105 -35.564 2.68887
    endloop
  endfacet
  facet normal 0.141882 -0.278474 0.949906
    outer loop
      vertex -1.55166 -3.77443 22.769
      vertex -1.71749 -3.85892 22.769
      vertex -1.36784 -4.93504 22.4013
    endloop
  endfacet
  facet normal 0.278473 0.141883 0.949906
    outer loop
      vertex 5.4445 0.533474 22.4013
      vertex 4.28389 0.349651 22.769
      vertex 4.36838 0.183823 22.769
    endloop
  endfacet
  facet normal -0.0926972 -0.585254 0.805534
    outer loop
      vertex -20.5867 -36.375 3.38817
      vertex -20.8841 -37.2904 2.68887
      vertex -20.0532 -36.4595 3.38817
    endloop
  endfacet
  facet normal -0.141889 -0.278473 0.949905
    outer loop
      vertex -2.25097 -3.77443 22.769
      vertex -2.91604 -4.68983 22.4013
      vertex -2.43479 -4.93504 22.4013
    endloop
  endfacet
  facet normal -0.210799 -0.413846 -0.885604
    outer loop
      vertex -20.5867 -36.375 -3.38817
      vertex -19.7045 -34.1292 -4.64763
      vertex -19.3652 -34.2594 -4.66755
    endloop
  endfacet
  facet normal -0.210865 -0.413819 -0.885601
    outer loop
      vertex -21.0679 -36.1298 -3.38817
      vertex -19.7045 -34.1292 -4.64763
      vertex -20.5867 -36.375 -3.38817
    endloop
  endfacet
  facet normal -0.210889 -0.413804 -0.885603
    outer loop
      vertex -19.7045 -34.1292 -4.64763
      vertex -21.0679 -36.1298 -3.38817
      vertex -19.8465 -34.0142 -4.66755
    endloop
  endfacet
  facet normal -0.210876 -0.413813 -0.885602
    outer loop
      vertex -18.2045 -31.5311 -6.2188
      vertex -2.43479 -4.93504 -22.4013
      vertex -17.9221 -31.7598 -6.17918
    endloop
  endfacet
  facet normal -0.210855 -0.413825 -0.885601
    outer loop
      vertex -2.43479 -4.93504 -22.4013
      vertex -18.2045 -31.5311 -6.2188
      vertex -2.91604 -4.68983 -22.4013
    endloop
  endfacet
  facet normal -0.210648 -0.41394 -0.885596
    outer loop
      vertex -2.91604 -4.68983 -22.4013
      vertex -18.2045 -31.5311 -6.2188
      vertex -18.3751 -31.4657 -6.20879
    endloop
  endfacet
  facet normal -0.0765474 -0.483233 -0.872139
    outer loop
      vertex -20.0532 -36.4595 -3.38817
      vertex -19.2664 -34.2974 -4.6552
      vertex -18.8184 -34.3209 -4.6815
    endloop
  endfacet
  facet normal -0.0768074 -0.483152 -0.872161
    outer loop
      vertex -20.0532 -36.4595 -3.38817
      vertex -19.3652 -34.2594 -4.66755
      vertex -19.2664 -34.2974 -4.6552
    endloop
  endfacet
  facet normal -0.0765372 -0.483226 -0.872144
    outer loop
      vertex -19.3652 -34.2594 -4.66755
      vertex -20.0532 -36.4595 -3.38817
      vertex -20.5867 -36.375 -3.38817
    endloop
  endfacet
  facet normal -0.0764591 -0.48327 -0.872126
    outer loop
      vertex -17.8398 -31.8265 -6.14947
      vertex -1.90132 -5.01953 -22.4013
      vertex -17.5955 -32.2026 -5.96248
    endloop
  endfacet
  facet normal -0.0765337 -0.483234 -0.87214
    outer loop
      vertex -1.90132 -5.01953 -22.4013
      vertex -17.8398 -31.8265 -6.14947
      vertex -2.43479 -4.93504 -22.4013
    endloop
  endfacet
  facet normal -0.0767166 -0.483148 -0.872171
    outer loop
      vertex -2.43479 -4.93504 -22.4013
      vertex -17.8398 -31.8265 -6.14947
      vertex -17.9221 -31.7598 -6.17918
    endloop
  endfacet
  facet normal -0.471926 0.240475 -0.848209
    outer loop
      vertex -21.6951 35.2666 -3.38817
      vertex -20.2151 33.6092 -4.6815
      vertex -20.3248 33.4403 -4.66835
    endloop
  endfacet
  facet normal -0.471956 0.240447 -0.8482
    outer loop
      vertex -21.6951 35.2666 -3.38817
      vertex -20.3248 33.4403 -4.66835
      vertex -20.4249 33.0667 -4.71856
    endloop
  endfacet
  facet normal -0.471896 0.240507 -0.848216
    outer loop
      vertex -20.2151 33.6092 -4.6815
      vertex -21.6951 35.2666 -3.38817
      vertex -21.4498 35.7479 -3.38817
    endloop
  endfacet
  facet normal -0.471943 0.240468 -0.848201
    outer loop
      vertex -19.1113 31.3384 -5.93946
      vertex -3.29797 4.3079 -22.4013
      vertex -3.54318 3.82665 -22.4013
    endloop
  endfacet
  facet normal -0.471868 0.240527 -0.848226
    outer loop
      vertex -3.29797 4.3079 -22.4013
      vertex -19.1113 31.3384 -5.93946
      vertex -18.9101 31.3489 -6.04841
    endloop
  endfacet
  facet normal -0.47194 0.24047 -0.848202
    outer loop
      vertex -19.1113 31.3384 -5.93946
      vertex -3.54318 3.82665 -22.4013
      vertex -19.4849 31.4385 -5.70321
    endloop
  endfacet
  facet normal -0.30869 0.0488988 -0.949905
    outer loop
      vertex -2.49618 3.29317 -22.769
      vertex -3.62767 3.29317 -22.4013
      vertex -2.46706 3.477 -22.769
    endloop
  endfacet
  facet normal -0.278473 -0.141889 -0.949905
    outer loop
      vertex -3.29797 -4.3079 -22.4013
      vertex -3.54318 -3.82665 -22.4013
      vertex -2.38257 -3.64283 -22.769
    endloop
  endfacet
  facet normal 0.308688 0.0488835 -0.949906
    outer loop
      vertex 4.39749 0 -22.769
      vertex 4.36838 0.183823 -22.769
      vertex 5.52899 0 -22.4013
    endloop
  endfacet
  facet normal 0.294947 0.510864 -0.80748
    outer loop
      vertex 4.81736 1.39665 -22.4013
      vertex -0.32084 5.46851 -21.702
      vertex 5.38311 2.17534 -21.702
    endloop
  endfacet
  facet normal 0.29495 0.510867 -0.807477
    outer loop
      vertex -0.32084 5.46851 -21.702
      vertex 4.81736 1.39665 -22.4013
      vertex -0.886588 4.68983 -22.4013
    endloop
  endfacet
  facet normal 0.142612 0.571178 -0.808342
    outer loop
      vertex -17.4707 32.826 -5.53438
      vertex -1.07041 5.85044 -21.702
      vertex -1.36784 4.93504 -22.4013
    endloop
  endfacet
  facet normal 0.142577 0.571166 -0.808357
    outer loop
      vertex -17.4873 33.142 -5.31403
      vertex -1.07041 5.85044 -21.702
      vertex -17.4707 32.826 -5.53438
    endloop
  endfacet
  facet normal 0.142303 0.571071 -0.808473
    outer loop
      vertex -17.6555 33.5802 -5.03411
      vertex -1.07041 5.85044 -21.702
      vertex -17.4873 33.142 -5.31403
    endloop
  endfacet
  facet normal 0.142643 0.571188 -0.80833
    outer loop
      vertex -17.6555 33.5802 -5.03411
      vertex -19.2223 37.2904 -2.68887
      vertex -1.07041 5.85044 -21.702
    endloop
  endfacet
  facet normal 0.142623 0.571184 -0.808337
    outer loop
      vertex -17.9508 33.9449 -4.82851
      vertex -19.2223 37.2904 -2.68887
      vertex -17.6555 33.5802 -5.03411
    endloop
  endfacet
  facet normal 0.142518 0.571164 -0.808369
    outer loop
      vertex -18.2162 34.1172 -4.75356
      vertex -19.2223 37.2904 -2.68887
      vertex -17.9508 33.9449 -4.82851
    endloop
  endfacet
  facet normal 0.142621 0.571179 -0.80834
    outer loop
      vertex -19.2223 37.2904 -2.68887
      vertex -18.2162 34.1172 -4.75356
      vertex -19.5197 36.375 -3.38817
    endloop
  endfacet
  facet normal -0.141882 -0.278474 -0.949906
    outer loop
      vertex -2.08514 -3.85892 -22.769
      vertex -2.43479 -4.93504 -22.4013
      vertex -2.25097 -3.77443 -22.769
    endloop
  endfacet
  facet normal 0.462699 0.0733023 -0.88348
    outer loop
      vertex 5.52899 0 -22.4013
      vertex 36.4824 0.463525 -6.15181
      vertex 36.409 0 -6.22871
    endloop
  endfacet
  facet normal 0.4627 0.073281 -0.883481
    outer loop
      vertex 5.4445 0.533474 -22.4013
      vertex 36.4824 0.463525 -6.15181
      vertex 5.52899 0 -22.4013
    endloop
  endfacet
  facet normal 0.462712 0.0729181 -0.883505
    outer loop
      vertex 36.4824 0.463525 -6.15181
      vertex 5.4445 0.533474 -22.4013
      vertex 36.5181 0.533474 -6.12734
    endloop
  endfacet
  facet normal 0.462703 0.0732901 -0.883479
    outer loop
      vertex 39.409 0 -4.65753
      vertex 41.7482 0.533474 -3.38817
      vertex 41.8327 0 -3.38817
    endloop
  endfacet
  facet normal 0.462707 0.0732705 -0.883478
    outer loop
      vertex 39.3356 0.463525 -4.65753
      vertex 41.7482 0.533474 -3.38817
      vertex 39.409 0 -4.65753
    endloop
  endfacet
  facet normal 0.462688 0.0735941 -0.883461
    outer loop
      vertex 41.7482 0.533474 -3.38817
      vertex 39.3356 0.463525 -4.65753
      vertex 39.2999 0.533474 -4.6704
    endloop
  endfacet
  facet normal 0.462703 -0.0732901 -0.883479
    outer loop
      vertex 41.7482 -0.533474 -3.38817
      vertex 39.409 0 -4.65753
      vertex 41.8327 0 -3.38817
    endloop
  endfacet
  facet normal 0.462707 -0.0732705 -0.883478
    outer loop
      vertex 41.7482 -0.533474 -3.38817
      vertex 39.3356 -0.463525 -4.65753
      vertex 39.409 0 -4.65753
    endloop
  endfacet
  facet normal 0.462688 -0.0735941 -0.883461
    outer loop
      vertex 39.3356 -0.463525 -4.65753
      vertex 41.7482 -0.533474 -3.38817
      vertex 39.2999 -0.533474 -4.6704
    endloop
  endfacet
  facet normal 0.462699 -0.0733023 -0.88348
    outer loop
      vertex 36.4824 -0.463525 -6.15181
      vertex 5.52899 0 -22.4013
      vertex 36.409 0 -6.22871
    endloop
  endfacet
  facet normal 0.462712 -0.0729181 -0.883505
    outer loop
      vertex 5.4445 -0.533474 -22.4013
      vertex 36.4824 -0.463525 -6.15181
      vertex 36.5181 -0.533474 -6.12734
    endloop
  endfacet
  facet normal 0.4627 -0.073281 -0.883481
    outer loop
      vertex 36.4824 -0.463525 -6.15181
      vertex 5.4445 -0.533474 -22.4013
      vertex 5.52899 0 -22.4013
    endloop
  endfacet
  facet normal -0.308689 0.0488887 -0.949906
    outer loop
      vertex -2.46706 3.477 -22.769
      vertex -3.62767 3.29317 -22.4013
      vertex -3.54318 3.82665 -22.4013
    endloop
  endfacet
  facet normal -0.337003 -0.337072 0.879097
    outer loop
      vertex -21.4498 -35.7479 3.38817
      vertex -19.8465 -34.0142 4.66755
      vertex -20.0692 -33.8339 4.65131
    endloop
  endfacet
  facet normal -0.337102 -0.336995 0.879088
    outer loop
      vertex -21.4498 -35.7479 3.38817
      vertex -20.0692 -33.8339 4.65131
      vertex -20.2151 -33.6092 4.6815
    endloop
  endfacet
  facet normal -0.337039 -0.337039 0.879096
    outer loop
      vertex -19.8465 -34.0142 4.66755
      vertex -21.4498 -35.7479 3.38817
      vertex -21.0679 -36.1298 3.38817
    endloop
  endfacet
  facet normal -0.337039 -0.337039 0.879096
    outer loop
      vertex -18.6426 -31.3629 6.14558
      vertex -2.91604 -4.68983 22.4013
      vertex -3.29797 -4.3079 22.4013
    endloop
  endfacet
  facet normal -0.337206 -0.336928 0.879074
    outer loop
      vertex -2.91604 -4.68983 22.4013
      vertex -18.6426 -31.3629 6.14558
      vertex -18.3751 -31.4657 6.20879
    endloop
  endfacet
  facet normal -0.336978 -0.337079 0.879104
    outer loop
      vertex -18.6426 -31.3629 6.14558
      vertex -3.29797 -4.3079 22.4013
      vertex -18.9101 -31.3489 6.04841
    endloop
  endfacet
  facet normal -0.940449 -0.149017 0.305532
    outer loop
      vertex -23.4414 -34.7331 1.72636
      vertex -23.809 -34.7331 0.594862
      vertex -23.2755 -35.7801 1.72636
    endloop
  endfacet
  facet normal -0.72391 -0.368908 0.582977
    outer loop
      vertex -22.6105 -35.564 2.68887
      vertex -23.2755 -35.7801 1.72636
      vertex -22.2285 -36.3136 2.68887
    endloop
  endfacet
  facet normal -0.210876 0.413813 0.885602
    outer loop
      vertex -18.2045 31.5311 6.2188
      vertex -2.43479 4.93504 22.4013
      vertex -17.9221 31.7598 6.17918
    endloop
  endfacet
  facet normal -0.210855 0.413825 0.885601
    outer loop
      vertex -2.43479 4.93504 22.4013
      vertex -18.2045 31.5311 6.2188
      vertex -2.91604 4.68983 22.4013
    endloop
  endfacet
  facet normal -0.210648 0.41394 0.885596
    outer loop
      vertex -2.91604 4.68983 22.4013
      vertex -18.2045 31.5311 6.2188
      vertex -18.3751 31.4657 6.20879
    endloop
  endfacet
  facet normal -0.210799 0.413846 0.885604
    outer loop
      vertex -20.5867 36.375 3.38817
      vertex -19.7045 34.1292 4.64763
      vertex -19.3652 34.2594 4.66755
    endloop
  endfacet
  facet normal -0.210865 0.413819 0.885601
    outer loop
      vertex -21.0679 36.1298 3.38817
      vertex -19.7045 34.1292 4.64763
      vertex -20.5867 36.375 3.38817
    endloop
  endfacet
  facet normal -0.210889 0.413804 0.885603
    outer loop
      vertex -19.7045 34.1292 4.64763
      vertex -21.0679 36.1298 3.38817
      vertex -19.8465 34.0142 4.66755
    endloop
  endfacet
  facet normal -0.527933 0.269067 0.805537
    outer loop
      vertex -21.4498 35.7479 3.38817
      vertex -22.2285 36.3136 2.68887
      vertex -21.6951 35.2666 3.38817
    endloop
  endfacet
  facet normal -0.278473 0.141889 0.949905
    outer loop
      vertex -3.29797 4.3079 22.4013
      vertex -3.54318 3.82665 22.4013
      vertex -2.38257 3.64283 22.769
    endloop
  endfacet
  facet normal -0.564607 0.163275 0.809049
    outer loop
      vertex -20.4249 33.0667 4.71856
      vertex -21.6951 35.2666 3.38817
      vertex -20.4463 32.987 4.71971
    endloop
  endfacet
  facet normal -0.56496 0.162975 0.808863
    outer loop
      vertex -19.4849 31.4385 5.70321
      vertex -4.45858 4.12408 21.702
      vertex -3.54318 3.82665 22.4013
    endloop
  endfacet
  facet normal -0.565229 0.162744 0.808722
    outer loop
      vertex -19.5646 31.4598 5.64322
      vertex -4.45858 4.12408 21.702
      vertex -19.4849 31.4385 5.70321
    endloop
  endfacet
  facet normal -0.564949 0.162985 0.808869
    outer loop
      vertex -19.9582 31.7154 5.31681
      vertex -4.45858 4.12408 21.702
      vertex -19.5646 31.4598 5.64322
    endloop
  endfacet
  facet normal -0.565037 0.162909 0.808823
    outer loop
      vertex -20.2535 32.0802 5.03704
      vertex -4.45858 4.12408 21.702
      vertex -19.9582 31.7154 5.31681
    endloop
  endfacet
  facet normal -0.564966 0.162968 0.808861
    outer loop
      vertex -22.6105 35.564 2.68887
      vertex -20.4463 32.987 4.71971
      vertex -21.6951 35.2666 3.38817
    endloop
  endfacet
  facet normal -0.565024 0.162898 0.808834
    outer loop
      vertex -20.4463 32.987 4.71971
      vertex -22.6105 35.564 2.68887
      vertex -20.4217 32.5183 4.83129
    endloop
  endfacet
  facet normal -0.564888 0.163039 0.8089
    outer loop
      vertex -20.2535 32.0802 5.03704
      vertex -22.6105 35.564 2.68887
      vertex -4.45858 4.12408 21.702
    endloop
  endfacet
  facet normal -0.564947 0.162979 0.808871
    outer loop
      vertex -20.4217 32.5183 4.83129
      vertex -22.6105 35.564 2.68887
      vertex -20.2535 32.0802 5.03704
    endloop
  endfacet
  facet normal -0.631797 0.100066 0.768647
    outer loop
      vertex -22.7421 34.7331 2.68887
      vertex -4.45858 4.12408 21.702
      vertex -22.6105 35.564 2.68887
    endloop
  endfacet
  facet normal -0.631798 0.100065 0.768647
    outer loop
      vertex -4.45858 4.12408 21.702
      vertex -22.7421 34.7331 2.68887
      vertex -4.59018 3.29317 21.702
    endloop
  endfacet
  facet normal -0.585254 0.0926897 0.805535
    outer loop
      vertex -3.54318 3.82665 22.4013
      vertex -4.45858 4.12408 21.702
      vertex -3.62767 3.29317 22.4013
    endloop
  endfacet
  facet normal 0.4515 0.230083 -0.862096
    outer loop
      vertex 5.4445 0.533474 -22.4013
      vertex 36.6955 0.881678 -5.9415
      vertex 36.5181 0.533474 -6.12734
    endloop
  endfacet
  facet normal 0.451502 0.230059 -0.862101
    outer loop
      vertex 5.19928 1.01473 -22.4013
      vertex 36.6955 0.881678 -5.9415
      vertex 5.4445 0.533474 -22.4013
    endloop
  endfacet
  facet normal 0.45149 0.230173 -0.862077
    outer loop
      vertex 36.6955 0.881678 -5.9415
      vertex 5.19928 1.01473 -22.4013
      vertex 36.8285 1.01473 -5.83632
    endloop
  endfacet
  facet normal 0.451504 0.230041 -0.862105
    outer loop
      vertex 39.2999 0.533474 -4.6704
      vertex 41.503 1.01473 -3.38817
      vertex 41.7482 0.533474 -3.38817
    endloop
  endfacet
  facet normal 0.451507 0.23003 -0.862106
    outer loop
      vertex 39.1225 0.881678 -4.6704
      vertex 41.503 1.01473 -3.38817
      vertex 39.2999 0.533474 -4.6704
    endloop
  endfacet
  facet normal 0.451531 0.229879 -0.862134
    outer loop
      vertex 41.503 1.01473 -3.38817
      vertex 39.1225 0.881678 -4.6704
      vertex 38.9895 1.01473 -4.70458
    endloop
  endfacet
  facet normal 0.308688 0.0488835 0.949906
    outer loop
      vertex 5.52899 0 22.4013
      vertex 4.36838 0.183823 22.769
      vertex 4.39749 0 22.769
    endloop
  endfacet
  facet normal 0.418993 0.418993 0.805536
    outer loop
      vertex 5.38311 2.17534 21.702
      vertex 5.19928 1.01473 22.4013
      vertex 5.97797 1.58048 21.702
    endloop
  endfacet
  facet normal 0.418993 0.418993 0.805536
    outer loop
      vertex 5.19928 1.01473 22.4013
      vertex 5.38311 2.17534 21.702
      vertex 4.81736 1.39665 22.4013
    endloop
  endfacet
  facet normal 0.269014 0.527963 0.805535
    outer loop
      vertex -1.07041 5.85044 21.702
      vertex -1.36784 4.93504 22.4013
      vertex -0.32084 5.46851 21.702
    endloop
  endfacet
  facet normal -0.0765474 -0.483233 0.872139
    outer loop
      vertex -19.2664 -34.2974 4.6552
      vertex -20.0532 -36.4595 3.38817
      vertex -18.8184 -34.3209 4.6815
    endloop
  endfacet
  facet normal -0.0768074 -0.483152 0.872161
    outer loop
      vertex -19.3652 -34.2594 4.66755
      vertex -20.0532 -36.4595 3.38817
      vertex -19.2664 -34.2974 4.6552
    endloop
  endfacet
  facet normal -0.0765372 -0.483226 0.872144
    outer loop
      vertex -20.0532 -36.4595 3.38817
      vertex -19.3652 -34.2594 4.66755
      vertex -20.5867 -36.375 3.38817
    endloop
  endfacet
  facet normal -0.0765337 -0.483234 0.87214
    outer loop
      vertex -17.8398 -31.8265 6.14947
      vertex -1.90132 -5.01953 22.4013
      vertex -2.43479 -4.93504 22.4013
    endloop
  endfacet
  facet normal -0.0764591 -0.48327 0.872126
    outer loop
      vertex -1.90132 -5.01953 22.4013
      vertex -17.8398 -31.8265 6.14947
      vertex -17.5955 -32.2026 5.96248
    endloop
  endfacet
  facet normal -0.0767166 -0.483148 0.872171
    outer loop
      vertex -17.8398 -31.8265 6.14947
      vertex -2.43479 -4.93504 22.4013
      vertex -17.9221 -31.7598 6.17918
    endloop
  endfacet
  facet normal -0.0926972 -0.585254 -0.805534
    outer loop
      vertex -20.0532 -36.4595 -3.38817
      vertex -20.8841 -37.2904 -2.68887
      vertex -20.5867 -36.375 -3.38817
    endloop
  endfacet
  facet normal -0.26899 -0.527978 -0.805533
    outer loop
      vertex -20.8841 -37.2904 -2.68887
      vertex -21.6337 -36.9085 -2.68887
      vertex -20.5867 -36.375 -3.38817
    endloop
  endfacet
  facet normal -0.278474 0.141882 -0.949906
    outer loop
      vertex -2.46706 3.477 -22.769
      vertex -3.54318 3.82665 -22.4013
      vertex -2.38257 3.64283 -22.769
    endloop
  endfacet
  facet normal 0.278472 0.141893 -0.949905
    outer loop
      vertex 5.4445 0.533474 -22.4013
      vertex 4.28389 0.349651 -22.769
      vertex 5.19928 1.01473 -22.4013
    endloop
  endfacet
  facet normal -0.278474 -0.141882 -0.949906
    outer loop
      vertex -2.38257 -3.64283 -22.769
      vertex -3.54318 -3.82665 -22.4013
      vertex -2.46706 -3.477 -22.769
    endloop
  endfacet
  facet normal -0.0488896 -0.308689 -0.949906
    outer loop
      vertex -1.90132 -5.01953 -22.4013
      vertex -2.43479 -4.93504 -22.4013
      vertex -2.08514 -3.85892 -22.769
    endloop
  endfacet
  facet normal -0.527933 -0.269067 0.805537
    outer loop
      vertex -21.6951 -35.2666 3.38817
      vertex -22.2285 -36.3136 2.68887
      vertex -21.4498 -35.7479 3.38817
    endloop
  endfacet
  facet normal -0.848389 -0.432256 0.3056
    outer loop
      vertex -23.2755 -35.7801 1.72636
      vertex -23.6252 -35.8937 0.594862
      vertex -23.0917 -36.9408 0.594862
    endloop
  endfacet
  facet normal -0.848432 -0.43221 0.305546
    outer loop
      vertex -22.7943 -36.7247 1.72636
      vertex -23.2755 -35.7801 1.72636
      vertex -23.0917 -36.9408 0.594862
    endloop
  endfacet
  facet normal 0.0874457 0.551977 0.829261
    outer loop
      vertex -17.5842 32.2201 5.9497
      vertex -1.36784 4.93504 22.4013
      vertex -17.4627 32.6734 5.63516
    endloop
  endfacet
  facet normal 0.0879344 0.552157 0.82909
    outer loop
      vertex -17.4627 32.6734 5.63516
      vertex -1.36784 4.93504 22.4013
      vertex -17.4707 32.826 5.53438
    endloop
  endfacet
  facet normal 0.0874178 0.551967 0.829271
    outer loop
      vertex -1.36784 4.93504 22.4013
      vertex -17.5842 32.2201 5.9497
      vertex -1.90132 5.01953 22.4013
    endloop
  endfacet
  facet normal 0.0851993 0.551154 0.830043
    outer loop
      vertex -1.90132 5.01953 22.4013
      vertex -17.5842 32.2201 5.9497
      vertex -17.5955 32.2026 5.96248
    endloop
  endfacet
  facet normal 0.0876226 0.552041 0.8292
    outer loop
      vertex -19.5197 36.375 3.38817
      vertex -18.3444 34.2005 4.71165
      vertex -18.2162 34.1172 4.75356
    endloop
  endfacet
  facet normal 0.0873361 0.551944 0.829295
    outer loop
      vertex -19.5197 36.375 3.38817
      vertex -18.7977 34.3219 4.67859
      vertex -18.3444 34.2005 4.71165
    endloop
  endfacet
  facet normal 0.0898105 0.55244 0.8287
    outer loop
      vertex -19.5197 36.375 3.38817
      vertex -18.8184 34.3209 4.6815
      vertex -18.7977 34.3219 4.67859
    endloop
  endfacet
  facet normal 0.087427 0.55198 0.829262
    outer loop
      vertex -18.8184 34.3209 4.6815
      vertex -19.5197 36.375 3.38817
      vertex -20.0532 36.4595 3.38817
    endloop
  endfacet
  facet normal 0.0926972 0.585254 0.805534
    outer loop
      vertex -19.2223 37.2904 2.68887
      vertex -20.0532 36.4595 3.38817
      vertex -19.5197 36.375 3.38817
    endloop
  endfacet
  facet normal -0.337206 0.336928 0.879074
    outer loop
      vertex -18.6426 31.3629 6.14558
      vertex -2.91604 4.68983 22.4013
      vertex -18.3751 31.4657 6.20879
    endloop
  endfacet
  facet normal -0.337039 0.337039 0.879096
    outer loop
      vertex -2.91604 4.68983 22.4013
      vertex -18.6426 31.3629 6.14558
      vertex -3.29797 4.3079 22.4013
    endloop
  endfacet
  facet normal -0.336978 0.337079 0.879104
    outer loop
      vertex -3.29797 4.3079 22.4013
      vertex -18.6426 31.3629 6.14558
      vertex -18.9101 31.3489 6.04841
    endloop
  endfacet
  facet normal -0.337039 0.337039 0.879096
    outer loop
      vertex -21.4498 35.7479 3.38817
      vertex -19.8465 34.0142 4.66755
      vertex -21.0679 36.1298 3.38817
    endloop
  endfacet
  facet normal -0.337003 0.337072 0.879097
    outer loop
      vertex -19.8465 34.0142 4.66755
      vertex -21.4498 35.7479 3.38817
      vertex -20.0692 33.8339 4.65131
    endloop
  endfacet
  facet normal -0.337102 0.336995 0.879088
    outer loop
      vertex -20.0692 33.8339 4.65131
      vertex -21.4498 35.7479 3.38817
      vertex -20.2151 33.6092 4.6815
    endloop
  endfacet
  facet normal -0.278474 0.141882 0.949906
    outer loop
      vertex -2.38257 3.64283 22.769
      vertex -3.54318 3.82665 22.4013
      vertex -2.46706 3.477 22.769
    endloop
  endfacet
  facet normal -0.308689 0.0488887 0.949906
    outer loop
      vertex -3.54318 3.82665 22.4013
      vertex -3.62767 3.29317 22.4013
      vertex -2.46706 3.477 22.769
    endloop
  endfacet
  facet normal 0.220998 0.220998 -0.949905
    outer loop
      vertex 4.28389 0.349651 -22.769
      vertex 4.81736 1.39665 -22.4013
      vertex 5.19928 1.01473 -22.4013
    endloop
  endfacet
  facet normal 0.22099 0.221002 -0.949906
    outer loop
      vertex 4.81736 1.39665 -22.4013
      vertex 4.28389 0.349651 -22.769
      vertex 4.15228 0.481254 -22.769
    endloop
  endfacet
  facet normal -0.141889 0.278473 -0.949905
    outer loop
      vertex -2.25097 3.77443 -22.769
      vertex -2.91604 4.68983 -22.4013
      vertex -2.43479 4.93504 -22.4013
    endloop
  endfacet
  facet normal -0.278473 0.141889 -0.949905
    outer loop
      vertex -2.38257 3.64283 -22.769
      vertex -3.54318 3.82665 -22.4013
      vertex -3.29797 4.3079 -22.4013
    endloop
  endfacet
  facet normal 0.141882 0.278474 -0.949906
    outer loop
      vertex -1.55166 3.77443 -22.769
      vertex -1.71749 3.85892 -22.769
      vertex -1.36784 4.93504 -22.4013
    endloop
  endfacet
  facet normal -0.220998 0.220998 -0.949905
    outer loop
      vertex -2.38257 3.64283 -22.769
      vertex -2.91604 4.68983 -22.4013
      vertex -2.25097 3.77443 -22.769
    endloop
  endfacet
  facet normal -0.220998 0.220998 -0.949905
    outer loop
      vertex -2.91604 4.68983 -22.4013
      vertex -2.38257 3.64283 -22.769
      vertex -3.29797 4.3079 -22.4013
    endloop
  endfacet
  facet normal -0.30869 -0.0488988 -0.949905
    outer loop
      vertex -2.46706 -3.477 -22.769
      vertex -3.62767 -3.29317 -22.4013
      vertex -2.49618 -3.29317 -22.769
    endloop
  endfacet
  facet normal 0 0 -1
    outer loop
      vertex 4.36838 -0.183823 -22.769
      vertex 4.36838 0.183823 -22.769
      vertex 4.39749 0 -22.769
    endloop
  endfacet
  facet normal 0 0 -1
    outer loop
      vertex 4.28389 -0.349651 -22.769
      vertex 4.36838 0.183823 -22.769
      vertex 4.36838 -0.183823 -22.769
    endloop
  endfacet
  facet normal 0 0 -1
    outer loop
      vertex 4.28389 -0.349651 -22.769
      vertex 4.28389 0.349651 -22.769
      vertex 4.36838 0.183823 -22.769
    endloop
  endfacet
  facet normal 0 0 -1
    outer loop
      vertex 4.15228 -0.481254 -22.769
      vertex 4.28389 0.349651 -22.769
      vertex 4.28389 -0.349651 -22.769
    endloop
  endfacet
  facet normal 0 0 -1
    outer loop
      vertex 4.15228 -0.481254 -22.769
      vertex 4.15228 0.481254 -22.769
      vertex 4.28389 0.349651 -22.769
    endloop
  endfacet
  facet normal 0 0 -1
    outer loop
      vertex 4.15228 -0.481254 -22.769
      vertex 2.5 0 -22.769
      vertex 4.15228 0.481254 -22.769
    endloop
  endfacet
  facet normal -0 0 -1
    outer loop
      vertex 4.15228 -0.481254 -22.769
      vertex 2.37764 -0.772542 -22.769
      vertex 2.5 0 -22.769
    endloop
  endfacet
  facet normal 0 0 -1
    outer loop
      vertex 4.15228 -0.481254 -22.769
      vertex 2.02254 -1.46946 -22.769
      vertex 2.37764 -0.772542 -22.769
    endloop
  endfacet
  facet normal 0 0 -1
    outer loop
      vertex 4.15228 -0.481254 -22.769
      vertex 1.46946 -2.02254 -22.769
      vertex 2.02254 -1.46946 -22.769
    endloop
  endfacet
  facet normal 0 0 -1
    outer loop
      vertex -1.55166 -3.77443 -22.769
      vertex 1.46946 -2.02254 -22.769
      vertex 4.15228 -0.481254 -22.769
    endloop
  endfacet
  facet normal 0 0 -1
    outer loop
      vertex -1.55166 -3.77443 -22.769
      vertex 0.772542 -2.37764 -22.769
      vertex 1.46946 -2.02254 -22.769
    endloop
  endfacet
  facet normal 0 0 -1
    outer loop
      vertex -1.55166 -3.77443 -22.769
      vertex 0 -2.5 -22.769
      vertex 0.772542 -2.37764 -22.769
    endloop
  endfacet
  facet normal 0 0 -1
    outer loop
      vertex -1.55166 -3.77443 -22.769
      vertex -0.772542 -2.37764 -22.769
      vertex 0 -2.5 -22.769
    endloop
  endfacet
  facet normal 0 0 -1
    outer loop
      vertex -1.55166 -3.77443 -22.769
      vertex -1.46946 -2.02254 -22.769
      vertex -0.772542 -2.37764 -22.769
    endloop
  endfacet
  facet normal 0 0 -1
    outer loop
      vertex -2.49618 -3.29317 -22.769
      vertex -1.55166 -3.77443 -22.769
      vertex -1.71749 -3.85892 -22.769
    endloop
  endfacet
  facet normal 0 0 -1
    outer loop
      vertex -2.49618 -3.29317 -22.769
      vertex -1.71749 -3.85892 -22.769
      vertex -1.90132 -3.88804 -22.769
    endloop
  endfacet
  facet normal 0 0 -1
    outer loop
      vertex -1.55166 -3.77443 -22.769
      vertex -2.49618 -3.29317 -22.769
      vertex -1.46946 -2.02254 -22.769
    endloop
  endfacet
  facet normal 0 0 -1
    outer loop
      vertex -2.49618 -3.29317 -22.769
      vertex -1.90132 -3.88804 -22.769
      vertex -2.08514 -3.85892 -22.769
    endloop
  endfacet
  facet normal 0 0 -1
    outer loop
      vertex -2.49618 -3.29317 -22.769
      vertex -2.08514 -3.85892 -22.769
      vertex -2.25097 -3.77443 -22.769
    endloop
  endfacet
  facet normal -0 0 -1
    outer loop
      vertex -1.46946 -2.02254 -22.769
      vertex -2.49618 -3.29317 -22.769
      vertex -2.02254 -1.46946 -22.769
    endloop
  endfacet
  facet normal 0 0 -1
    outer loop
      vertex -2.49618 -3.29317 -22.769
      vertex -2.25097 -3.77443 -22.769
      vertex -2.38257 -3.64283 -22.769
    endloop
  endfacet
  facet normal 0 0 -1
    outer loop
      vertex -2.49618 -3.29317 -22.769
      vertex -2.38257 -3.64283 -22.769
      vertex -2.46706 -3.477 -22.769
    endloop
  endfacet
  facet normal -0 0 -1
    outer loop
      vertex -2.02254 -1.46946 -22.769
      vertex -2.49618 -3.29317 -22.769
      vertex -2.37764 -0.772542 -22.769
    endloop
  endfacet
  facet normal -0 0 -1
    outer loop
      vertex -2.37764 -0.772542 -22.769
      vertex -2.49618 -3.29317 -22.769
      vertex -2.49618 -0.0241331 -22.769
    endloop
  endfacet
  facet normal 0 0 -1
    outer loop
      vertex 2.37764 0.772542 -22.769
      vertex 4.15228 0.481254 -22.769
      vertex 2.5 0 -22.769
    endloop
  endfacet
  facet normal 0 0 -1
    outer loop
      vertex 2.02254 1.46946 -22.769
      vertex 4.15228 0.481254 -22.769
      vertex 2.37764 0.772542 -22.769
    endloop
  endfacet
  facet normal 0 0 -1
    outer loop
      vertex 1.46946 2.02254 -22.769
      vertex 4.15228 0.481254 -22.769
      vertex 2.02254 1.46946 -22.769
    endloop
  endfacet
  facet normal 0 0 -1
    outer loop
      vertex 1.46946 2.02254 -22.769
      vertex -1.55166 3.77443 -22.769
      vertex 4.15228 0.481254 -22.769
    endloop
  endfacet
  facet normal 0 0 -1
    outer loop
      vertex 0.772542 2.37764 -22.769
      vertex -1.55166 3.77443 -22.769
      vertex 1.46946 2.02254 -22.769
    endloop
  endfacet
  facet normal 0 0 -1
    outer loop
      vertex 0 2.5 -22.769
      vertex -1.55166 3.77443 -22.769
      vertex 0.772542 2.37764 -22.769
    endloop
  endfacet
  facet normal 0 0 -1
    outer loop
      vertex -0.772542 2.37764 -22.769
      vertex -1.55166 3.77443 -22.769
      vertex 0 2.5 -22.769
    endloop
  endfacet
  facet normal 0 0 -1
    outer loop
      vertex -1.46946 2.02254 -22.769
      vertex -1.55166 3.77443 -22.769
      vertex -0.772542 2.37764 -22.769
    endloop
  endfacet
  facet normal 0 0 -1
    outer loop
      vertex -2.49618 3.29317 -22.769
      vertex -1.55166 3.77443 -22.769
      vertex -1.46946 2.02254 -22.769
    endloop
  endfacet
  facet normal -0 0 -1
    outer loop
      vertex -1.55166 3.77443 -22.769
      vertex -2.49618 3.29317 -22.769
      vertex -1.71749 3.85892 -22.769
    endloop
  endfacet
  facet normal 0 0 -1
    outer loop
      vertex -2.49618 3.29317 -22.769
      vertex -1.46946 2.02254 -22.769
      vertex -2.02254 1.46946 -22.769
    endloop
  endfacet
  facet normal -0 0 -1
    outer loop
      vertex -1.71749 3.85892 -22.769
      vertex -2.49618 3.29317 -22.769
      vertex -1.90132 3.88804 -22.769
    endloop
  endfacet
  facet normal 0 0 -1
    outer loop
      vertex -1.90132 3.88804 -22.769
      vertex -2.49618 3.29317 -22.769
      vertex -2.08514 3.85892 -22.769
    endloop
  endfacet
  facet normal 0 0 -1
    outer loop
      vertex -2.49618 3.29317 -22.769
      vertex -2.02254 1.46946 -22.769
      vertex -2.37764 0.772542 -22.769
    endloop
  endfacet
  facet normal 0 0 -1
    outer loop
      vertex -2.08514 3.85892 -22.769
      vertex -2.49618 3.29317 -22.769
      vertex -2.25097 3.77443 -22.769
    endloop
  endfacet
  facet normal 0 0 -1
    outer loop
      vertex -2.25097 3.77443 -22.769
      vertex -2.49618 3.29317 -22.769
      vertex -2.38257 3.64283 -22.769
    endloop
  endfacet
  facet normal 0 0 -1
    outer loop
      vertex -2.49618 3.29317 -22.769
      vertex -2.37764 0.772542 -22.769
      vertex -2.49618 0.0241331 -22.769
    endloop
  endfacet
  facet normal 0 0 -1
    outer loop
      vertex -2.38257 3.64283 -22.769
      vertex -2.49618 3.29317 -22.769
      vertex -2.46706 3.477 -22.769
    endloop
  endfacet
  facet normal 0.142612 0.571178 0.808342
    outer loop
      vertex -1.07041 5.85044 21.702
      vertex -17.4707 32.826 5.53438
      vertex -1.36784 4.93504 22.4013
    endloop
  endfacet
  facet normal 0.142577 0.571166 0.808357
    outer loop
      vertex -1.07041 5.85044 21.702
      vertex -17.4873 33.142 5.31403
      vertex -17.4707 32.826 5.53438
    endloop
  endfacet
  facet normal 0.142303 0.571071 0.808473
    outer loop
      vertex -1.07041 5.85044 21.702
      vertex -17.6555 33.5802 5.03411
      vertex -17.4873 33.142 5.31403
    endloop
  endfacet
  facet normal 0.142643 0.571188 0.80833
    outer loop
      vertex -19.2223 37.2904 2.68887
      vertex -17.6555 33.5802 5.03411
      vertex -1.07041 5.85044 21.702
    endloop
  endfacet
  facet normal 0.142623 0.571184 0.808337
    outer loop
      vertex -19.2223 37.2904 2.68887
      vertex -17.9508 33.9449 4.82851
      vertex -17.6555 33.5802 5.03411
    endloop
  endfacet
  facet normal 0.142518 0.571164 0.808369
    outer loop
      vertex -19.2223 37.2904 2.68887
      vertex -18.2162 34.1172 4.75356
      vertex -17.9508 33.9449 4.82851
    endloop
  endfacet
  facet normal 0.142621 0.571179 0.80834
    outer loop
      vertex -18.2162 34.1172 4.75356
      vertex -19.2223 37.2904 2.68887
      vertex -19.5197 36.375 3.38817
    endloop
  endfacet
  facet normal -0.141889 0.278473 0.949905
    outer loop
      vertex -2.43479 4.93504 22.4013
      vertex -2.91604 4.68983 22.4013
      vertex -2.25097 3.77443 22.769
    endloop
  endfacet
  facet normal -0.220998 0.220998 0.949905
    outer loop
      vertex -2.91604 4.68983 22.4013
      vertex -2.38257 3.64283 22.769
      vertex -2.25097 3.77443 22.769
    endloop
  endfacet
  facet normal -0.220998 0.220998 0.949905
    outer loop
      vertex -2.38257 3.64283 22.769
      vertex -2.91604 4.68983 22.4013
      vertex -3.29797 4.3079 22.4013
    endloop
  endfacet
  facet normal -0.141882 0.278474 -0.949906
    outer loop
      vertex -2.25097 3.77443 -22.769
      vertex -2.43479 4.93504 -22.4013
      vertex -2.08514 3.85892 -22.769
    endloop
  endfacet
  facet normal 0.0488988 0.30869 -0.949905
    outer loop
      vertex -1.71749 3.85892 -22.769
      vertex -1.90132 3.88804 -22.769
      vertex -1.90132 5.01953 -22.4013
    endloop
  endfacet
  facet normal -0.141882 0.278474 0.949906
    outer loop
      vertex -2.08514 3.85892 22.769
      vertex -2.43479 4.93504 22.4013
      vertex -2.25097 3.77443 22.769
    endloop
  endfacet
  facet normal -0.891005 -0.453993 0
    outer loop
      vertex 2.37764 0.772542 -22.769
      vertex 2.02254 1.46946 22.769
      vertex 2.02254 1.46946 -22.769
    endloop
  endfacet
  facet normal -0.891005 -0.453993 0
    outer loop
      vertex 2.02254 1.46946 22.769
      vertex 2.37764 0.772542 -22.769
      vertex 2.37764 0.772542 22.769
    endloop
  endfacet
  facet normal -0.987688 -0.156436 0
    outer loop
      vertex 2.5 0 -22.769
      vertex 2.37764 0.772542 22.769
      vertex 2.37764 0.772542 -22.769
    endloop
  endfacet
  facet normal -0.987688 -0.156436 0
    outer loop
      vertex 2.37764 0.772542 22.769
      vertex 2.5 0 -22.769
      vertex 2.5 0 22.769
    endloop
  endfacet
  facet normal -0.707107 -0.707107 0
    outer loop
      vertex 2.02254 1.46946 -22.769
      vertex 1.46946 2.02254 22.769
      vertex 1.46946 2.02254 -22.769
    endloop
  endfacet
  facet normal -0.707107 -0.707107 0
    outer loop
      vertex 1.46946 2.02254 22.769
      vertex 2.02254 1.46946 -22.769
      vertex 2.02254 1.46946 22.769
    endloop
  endfacet
  facet normal -0.156436 -0.987688 0
    outer loop
      vertex 0 2.5 -22.769
      vertex 0.772542 2.37764 22.769
      vertex 0 2.5 22.769
    endloop
  endfacet
  facet normal -0.156436 -0.987688 -0
    outer loop
      vertex 0.772542 2.37764 22.769
      vertex 0 2.5 -22.769
      vertex 0.772542 2.37764 -22.769
    endloop
  endfacet
  facet normal -0.891005 0.453993 0
    outer loop
      vertex 2.02254 -1.46946 -22.769
      vertex 2.37764 -0.772542 22.769
      vertex 2.37764 -0.772542 -22.769
    endloop
  endfacet
  facet normal -0.891005 0.453993 0
    outer loop
      vertex 2.37764 -0.772542 22.769
      vertex 2.02254 -1.46946 -22.769
      vertex 2.02254 -1.46946 22.769
    endloop
  endfacet
  facet normal -0.453993 -0.891005 0
    outer loop
      vertex 0.772542 2.37764 -22.769
      vertex 1.46946 2.02254 22.769
      vertex 0.772542 2.37764 22.769
    endloop
  endfacet
  facet normal -0.453993 -0.891005 -0
    outer loop
      vertex 1.46946 2.02254 22.769
      vertex 0.772542 2.37764 -22.769
      vertex 1.46946 2.02254 -22.769
    endloop
  endfacet
  facet normal 0.453993 -0.891005 0
    outer loop
      vertex -1.46946 2.02254 -22.769
      vertex -0.772542 2.37764 22.769
      vertex -1.46946 2.02254 22.769
    endloop
  endfacet
  facet normal 0.453993 -0.891005 0
    outer loop
      vertex -0.772542 2.37764 22.769
      vertex -1.46946 2.02254 -22.769
      vertex -0.772542 2.37764 -22.769
    endloop
  endfacet
  facet normal 0.156436 0.987688 -0
    outer loop
      vertex 0 -2.5 -22.769
      vertex -0.772542 -2.37764 22.769
      vertex 0 -2.5 22.769
    endloop
  endfacet
  facet normal 0.156436 0.987688 0
    outer loop
      vertex -0.772542 -2.37764 22.769
      vertex 0 -2.5 -22.769
      vertex -0.772542 -2.37764 -22.769
    endloop
  endfacet
  facet normal -0.707107 0.707107 0
    outer loop
      vertex 1.46946 -2.02254 -22.769
      vertex 2.02254 -1.46946 22.769
      vertex 2.02254 -1.46946 -22.769
    endloop
  endfacet
  facet normal -0.707107 0.707107 0
    outer loop
      vertex 2.02254 -1.46946 22.769
      vertex 1.46946 -2.02254 -22.769
      vertex 1.46946 -2.02254 22.769
    endloop
  endfacet
  facet normal 0.891005 0.453993 0
    outer loop
      vertex -2.02254 -1.46946 22.769
      vertex -2.37764 -0.772542 -22.769
      vertex -2.37764 -0.772542 22.769
    endloop
  endfacet
  facet normal 0.891005 0.453993 0
    outer loop
      vertex -2.37764 -0.772542 -22.769
      vertex -2.02254 -1.46946 22.769
      vertex -2.02254 -1.46946 -22.769
    endloop
  endfacet
  facet normal 0.156436 -0.987688 0
    outer loop
      vertex -0.772542 2.37764 -22.769
      vertex 0 2.5 22.769
      vertex -0.772542 2.37764 22.769
    endloop
  endfacet
  facet normal 0.156436 -0.987688 0
    outer loop
      vertex 0 2.5 22.769
      vertex -0.772542 2.37764 -22.769
      vertex 0 2.5 -22.769
    endloop
  endfacet
  facet normal -0.453993 0.891005 0
    outer loop
      vertex 1.46946 -2.02254 -22.769
      vertex 0.772542 -2.37764 22.769
      vertex 1.46946 -2.02254 22.769
    endloop
  endfacet
  facet normal -0.453993 0.891005 0
    outer loop
      vertex 0.772542 -2.37764 22.769
      vertex 1.46946 -2.02254 -22.769
      vertex 0.772542 -2.37764 -22.769
    endloop
  endfacet
  facet normal -0.156436 0.987688 0
    outer loop
      vertex 0.772542 -2.37764 -22.769
      vertex 0 -2.5 22.769
      vertex 0.772542 -2.37764 22.769
    endloop
  endfacet
  facet normal -0.156436 0.987688 0
    outer loop
      vertex 0 -2.5 22.769
      vertex 0.772542 -2.37764 -22.769
      vertex 0 -2.5 -22.769
    endloop
  endfacet
  facet normal 0.987686 0.156439 0.00184321
    outer loop
      vertex -2.37764 -0.772542 22.769
      vertex -2.5 0 22.7677
      vertex -2.49618 -0.0241331 22.769
    endloop
  endfacet
  facet normal 0.987688 0.156436 0
    outer loop
      vertex -2.5 0 22.7677
      vertex -2.37764 -0.772542 22.769
      vertex -2.5 0 -22.7677
    endloop
  endfacet
  facet normal 0.987688 0.156436 -0
    outer loop
      vertex -2.37764 -0.772542 -22.769
      vertex -2.5 0 -22.7677
      vertex -2.37764 -0.772542 22.769
    endloop
  endfacet
  facet normal 0.987686 0.156439 -0.00184321
    outer loop
      vertex -2.5 0 -22.7677
      vertex -2.37764 -0.772542 -22.769
      vertex -2.49618 -0.0241331 -22.769
    endloop
  endfacet
  facet normal 0.891005 -0.453993 0
    outer loop
      vertex -2.37764 0.772542 22.769
      vertex -2.02254 1.46946 -22.769
      vertex -2.02254 1.46946 22.769
    endloop
  endfacet
  facet normal 0.891005 -0.453993 0
    outer loop
      vertex -2.02254 1.46946 -22.769
      vertex -2.37764 0.772542 22.769
      vertex -2.37764 0.772542 -22.769
    endloop
  endfacet
  facet normal 0.707107 -0.707107 0
    outer loop
      vertex -2.02254 1.46946 22.769
      vertex -1.46946 2.02254 -22.769
      vertex -1.46946 2.02254 22.769
    endloop
  endfacet
  facet normal 0.707107 -0.707107 0
    outer loop
      vertex -1.46946 2.02254 -22.769
      vertex -2.02254 1.46946 22.769
      vertex -2.02254 1.46946 -22.769
    endloop
  endfacet
  facet normal -0.987688 0.156436 0
    outer loop
      vertex 2.37764 -0.772542 -22.769
      vertex 2.5 0 22.769
      vertex 2.5 0 -22.769
    endloop
  endfacet
  facet normal -0.987688 0.156436 0
    outer loop
      vertex 2.5 0 22.769
      vertex 2.37764 -0.772542 -22.769
      vertex 2.37764 -0.772542 22.769
    endloop
  endfacet
  facet normal 0.707107 0.707107 0
    outer loop
      vertex -1.46946 -2.02254 22.769
      vertex -2.02254 -1.46946 -22.769
      vertex -2.02254 -1.46946 22.769
    endloop
  endfacet
  facet normal 0.707107 0.707107 0
    outer loop
      vertex -2.02254 -1.46946 -22.769
      vertex -1.46946 -2.02254 22.769
      vertex -1.46946 -2.02254 -22.769
    endloop
  endfacet
  facet normal 0.987686 -0.156439 0.00184321
    outer loop
      vertex -2.5 0 22.7677
      vertex -2.37764 0.772542 22.769
      vertex -2.49618 0.0241331 22.769
    endloop
  endfacet
  facet normal 0.987688 -0.156436 0
    outer loop
      vertex -2.37764 0.772542 22.769
      vertex -2.5 0 22.7677
      vertex -2.37764 0.772542 -22.769
    endloop
  endfacet
  facet normal 0.987688 -0.156436 0
    outer loop
      vertex -2.5 0 -22.7677
      vertex -2.37764 0.772542 -22.769
      vertex -2.5 0 22.7677
    endloop
  endfacet
  facet normal 0.987686 -0.156439 -0.00184321
    outer loop
      vertex -2.37764 0.772542 -22.769
      vertex -2.5 0 -22.7677
      vertex -2.49618 0.0241331 -22.769
    endloop
  endfacet
  facet normal 0.453993 0.891005 -0
    outer loop
      vertex -0.772542 -2.37764 -22.769
      vertex -1.46946 -2.02254 22.769
      vertex -0.772542 -2.37764 22.769
    endloop
  endfacet
  facet normal 0.453993 0.891005 0
    outer loop
      vertex -1.46946 -2.02254 22.769
      vertex -0.772542 -2.37764 -22.769
      vertex -1.46946 -2.02254 -22.769
    endloop
  endfacet
endsolid OpenSCAD_Model
