solid OpenSCAD_Model
  facet normal -0.453951 -0.891027 0
    outer loop
      vertex 24.5465 1.42658 3.97785
      vertex 24.9647 1.21352 -3.87044
      vertex 24.9647 1.21352 3.87044
    endloop
  endfacet
  facet normal -0.453951 -0.891027 0
    outer loop
      vertex 24.9647 1.21352 -3.87044
      vertex 24.5465 1.42658 3.97785
      vertex 24.5465 1.42658 -3.97785
    endloop
  endfacet
  facet normal -0.890928 -0.454143 0.000961785
    outer loop
      vertex 25.5096 0.463525 -3.91504
      vertex 25.2965 0.881678 -3.86873
      vertex 25.3915 0.695211 -3.91504
    endloop
  endfacet
  facet normal -0.890972 -0.454059 0
    outer loop
      vertex 25.2965 0.881678 -3.86873
      vertex 25.5096 0.463525 -3.91504
      vertex 25.2965 0.881678 3.86873
    endloop
  endfacet
  facet normal -0.890972 -0.454059 -0
    outer loop
      vertex 25.5096 0.463525 3.91504
      vertex 25.2965 0.881678 3.86873
      vertex 25.5096 0.463525 -3.91504
    endloop
  endfacet
  facet normal -0.890928 -0.454143 -0.000961785
    outer loop
      vertex 25.2965 0.881678 3.86873
      vertex 25.5096 0.463525 3.91504
      vertex 25.3915 0.695211 3.91504
    endloop
  endfacet
  facet normal -0.987682 -0.156464 0.00162438
    outer loop
      vertex 25.583 0 -3.93307
      vertex 25.5096 0.463525 -3.91504
      vertex 25.5251 0.365494 -3.93307
    endloop
  endfacet
  facet normal -0.987693 -0.156403 0
    outer loop
      vertex 25.5096 0.463525 -3.91504
      vertex 25.583 0 -3.93307
      vertex 25.5096 0.463525 3.91504
    endloop
  endfacet
  facet normal -0.987693 -0.156403 -0
    outer loop
      vertex 25.583 0 3.93307
      vertex 25.5096 0.463525 3.91504
      vertex 25.583 0 -3.93307
    endloop
  endfacet
  facet normal -0.987682 -0.156464 -0.00162438
    outer loop
      vertex 25.5096 0.463525 3.91504
      vertex 25.583 0 3.93307
      vertex 25.5251 0.365494 3.93307
    endloop
  endfacet
  facet normal -0.707107 -0.707107 0
    outer loop
      vertex 25.0954 1.08282 -3.87044
      vertex 25.0954 1.08282 3.87044
      vertex 24.9647 1.21352 3.87044
    endloop
  endfacet
  facet normal -0.707181 -0.707033 -0
    outer loop
      vertex 25.0954 1.08282 3.87044
      vertex 25.0954 1.08282 -3.87044
      vertex 25.2965 0.881678 3.86873
    endloop
  endfacet
  facet normal -0.707107 -0.707107 0
    outer loop
      vertex 25.0954 1.08282 -3.87044
      vertex 24.9647 1.21352 3.87044
      vertex 24.9647 1.21352 -3.87044
    endloop
  endfacet
  facet normal -0.707181 -0.707033 -0
    outer loop
      vertex 25.2965 0.881678 3.86873
      vertex 25.0954 1.08282 -3.87044
      vertex 25.2965 0.881678 -3.86873
    endloop
  endfacet
  facet normal 0.453951 -0.891027 0
    outer loop
      vertex 23.2013 1.21352 4.79395
      vertex 23.6195 1.42658 -4.46337
      vertex 23.6195 1.42658 4.46337
    endloop
  endfacet
  facet normal 0.453951 -0.891027 0
    outer loop
      vertex 23.6195 1.42658 -4.46337
      vertex 23.2013 1.21352 4.79395
      vertex 23.2013 1.21352 -4.79395
    endloop
  endfacet
  facet normal 0.89072 -0.454551 -0.000961661
    outer loop
      vertex 22.6564 0.463525 5.40932
      vertex 22.8695 0.881678 5.13983
      vertex 22.7745 0.695211 5.28566
    endloop
  endfacet
  facet normal 0.890972 -0.454059 0
    outer loop
      vertex 22.8695 0.881678 5.13983
      vertex 22.6564 0.463525 5.40932
      vertex 22.8695 0.881678 -5.13983
    endloop
  endfacet
  facet normal 0.890972 -0.454059 0
    outer loop
      vertex 22.6564 0.463525 -5.40932
      vertex 22.8695 0.881678 -5.13983
      vertex 22.6564 0.463525 5.40932
    endloop
  endfacet
  facet normal 0.89072 -0.454551 0.000961661
    outer loop
      vertex 22.8695 0.881678 -5.13983
      vertex 22.6564 0.463525 -5.40932
      vertex 22.7745 0.695211 -5.28566
    endloop
  endfacet
  facet normal -0.987682 0.156464 0.00162438
    outer loop
      vertex 25.5096 -0.463525 -3.91504
      vertex 25.583 0 -3.93307
      vertex 25.5251 -0.365494 -3.93307
    endloop
  endfacet
  facet normal -0.987693 0.156403 0
    outer loop
      vertex 25.583 0 -3.93307
      vertex 25.5096 -0.463525 -3.91504
      vertex 25.583 0 3.93307
    endloop
  endfacet
  facet normal -0.987693 0.156403 0
    outer loop
      vertex 25.5096 -0.463525 3.91504
      vertex 25.583 0 3.93307
      vertex 25.5096 -0.463525 -3.91504
    endloop
  endfacet
  facet normal -0.987682 0.156464 -0.00162438
    outer loop
      vertex 25.583 0 3.93307
      vertex 25.5096 -0.463525 3.91504
      vertex 25.5251 -0.365494 3.93307
    endloop
  endfacet
  facet normal -0.156332 -0.987705 0.000286434
    outer loop
      vertex 24.083 1.5 4.17847
      vertex 24.5465 1.42658 3.97785
      vertex 24.1438 1.49037 4.15536
    endloop
  endfacet
  facet normal -0.156453 -0.987685 0
    outer loop
      vertex 24.083 1.5 4.17847
      vertex 24.5465 1.42658 -3.97785
      vertex 24.5465 1.42658 3.97785
    endloop
  endfacet
  facet normal -0.156455 -0.987685 -1.26437e-07
    outer loop
      vertex 24.083 1.5 4.17847
      vertex 24.1438 1.49037 -4.15536
      vertex 24.5465 1.42658 -3.97785
    endloop
  endfacet
  facet normal -0.156438 -0.987688 0
    outer loop
      vertex 24.1438 1.49037 -4.15536
      vertex 24.083 1.5 4.17847
      vertex 24.083 1.5 -4.17847
    endloop
  endfacet
  facet normal -0.156332 0.987705 0.000286434
    outer loop
      vertex 24.5465 -1.42658 3.97785
      vertex 24.083 -1.5 4.17847
      vertex 24.1438 -1.49037 4.15536
    endloop
  endfacet
  facet normal -0.156453 0.987685 0
    outer loop
      vertex 24.5465 -1.42658 -3.97785
      vertex 24.083 -1.5 4.17847
      vertex 24.5465 -1.42658 3.97785
    endloop
  endfacet
  facet normal -0.156455 0.987685 -1.26437e-07
    outer loop
      vertex 24.1438 -1.49037 -4.15536
      vertex 24.083 -1.5 4.17847
      vertex 24.5465 -1.42658 -3.97785
    endloop
  endfacet
  facet normal -0.156438 0.987688 0
    outer loop
      vertex 24.083 -1.5 4.17847
      vertex 24.1438 -1.49037 -4.15536
      vertex 24.083 -1.5 -4.17847
    endloop
  endfacet
  facet normal -0.707181 0.707033 0
    outer loop
      vertex 25.0954 -1.08282 -3.87044
      vertex 25.2965 -0.881678 3.86873
      vertex 25.2965 -0.881678 -3.86873
    endloop
  endfacet
  facet normal -0.707181 0.707033 0
    outer loop
      vertex 25.0954 -1.08282 -3.87044
      vertex 25.0954 -1.08282 3.87044
      vertex 25.2965 -0.881678 3.86873
    endloop
  endfacet
  facet normal -0.707107 0.707107 0
    outer loop
      vertex 24.9647 -1.21352 -3.87044
      vertex 25.0954 -1.08282 3.87044
      vertex 25.0954 -1.08282 -3.87044
    endloop
  endfacet
  facet normal -0.707107 0.707107 0
    outer loop
      vertex 25.0954 -1.08282 3.87044
      vertex 24.9647 -1.21352 -3.87044
      vertex 24.9647 -1.21352 3.87044
    endloop
  endfacet
  facet normal 0.89072 0.454551 -0.000961661
    outer loop
      vertex 22.8695 -0.881678 5.13983
      vertex 22.6564 -0.463525 5.40932
      vertex 22.7745 -0.695211 5.28566
    endloop
  endfacet
  facet normal 0.890972 0.454059 0
    outer loop
      vertex 22.6564 -0.463525 5.40932
      vertex 22.8695 -0.881678 5.13983
      vertex 22.6564 -0.463525 -5.40932
    endloop
  endfacet
  facet normal 0.890972 0.454059 -0
    outer loop
      vertex 22.8695 -0.881678 -5.13983
      vertex 22.6564 -0.463525 -5.40932
      vertex 22.8695 -0.881678 5.13983
    endloop
  endfacet
  facet normal 0.89072 0.454551 0.000961661
    outer loop
      vertex 22.6564 -0.463525 -5.40932
      vertex 22.8695 -0.881678 -5.13983
      vertex 22.7745 -0.695211 -5.28566
    endloop
  endfacet
  facet normal -0.890928 0.454143 0.000961785
    outer loop
      vertex 25.2965 -0.881678 -3.86873
      vertex 25.5096 -0.463525 -3.91504
      vertex 25.3915 -0.695211 -3.91504
    endloop
  endfacet
  facet normal -0.890972 0.454059 0
    outer loop
      vertex 25.5096 -0.463525 -3.91504
      vertex 25.2965 -0.881678 -3.86873
      vertex 25.5096 -0.463525 3.91504
    endloop
  endfacet
  facet normal -0.890972 0.454059 0
    outer loop
      vertex 25.2965 -0.881678 3.86873
      vertex 25.5096 -0.463525 3.91504
      vertex 25.2965 -0.881678 -3.86873
    endloop
  endfacet
  facet normal -0.890928 0.454143 -0.000961785
    outer loop
      vertex 25.5096 -0.463525 3.91504
      vertex 25.2965 -0.881678 3.86873
      vertex 25.3915 -0.695211 3.91504
    endloop
  endfacet
  facet normal 0.707181 -0.707033 0
    outer loop
      vertex 23.0706 1.08282 -4.93086
      vertex 23.0706 1.08282 4.93086
      vertex 22.8695 0.881678 5.13983
    endloop
  endfacet
  facet normal 0.707107 -0.707107 0
    outer loop
      vertex 23.0706 1.08282 4.93086
      vertex 23.0706 1.08282 -4.93086
      vertex 23.2013 1.21352 4.79395
    endloop
  endfacet
  facet normal 0.707107 -0.707107 0
    outer loop
      vertex 23.2013 1.21352 4.79395
      vertex 23.0706 1.08282 -4.93086
      vertex 23.2013 1.21352 -4.79395
    endloop
  endfacet
  facet normal 0.707181 -0.707033 0
    outer loop
      vertex 23.0706 1.08282 -4.93086
      vertex 22.8695 0.881678 5.13983
      vertex 22.8695 0.881678 -5.13983
    endloop
  endfacet
  facet normal -0.453951 0.891027 0
    outer loop
      vertex 24.9647 -1.21352 -3.87044
      vertex 24.5465 -1.42658 3.97785
      vertex 24.9647 -1.21352 3.87044
    endloop
  endfacet
  facet normal -0.453951 0.891027 0
    outer loop
      vertex 24.5465 -1.42658 3.97785
      vertex 24.9647 -1.21352 -3.87044
      vertex 24.5465 -1.42658 -3.97785
    endloop
  endfacet
  facet normal 0.156455 -0.987685 0
    outer loop
      vertex 24.0222 1.49037 -4.21905
      vertex 24.0222 1.49037 4.21905
      vertex 23.6195 1.42658 4.46337
    endloop
  endfacet
  facet normal 0.156438 -0.987688 0
    outer loop
      vertex 24.0222 1.49037 4.21905
      vertex 24.083 1.5 -4.17847
      vertex 24.083 1.5 4.17847
    endloop
  endfacet
  facet normal 0.156438 -0.987688 0
    outer loop
      vertex 24.0222 1.49037 4.21905
      vertex 24.0222 1.49037 -4.21905
      vertex 24.083 1.5 -4.17847
    endloop
  endfacet
  facet normal 0.156455 -0.987685 0
    outer loop
      vertex 24.0222 1.49037 -4.21905
      vertex 23.6195 1.42658 4.46337
      vertex 23.6195 1.42658 -4.46337
    endloop
  endfacet
  facet normal 0.987641 -0.156727 -0.00162448
    outer loop
      vertex 22.583 0 5.50424
      vertex 22.6564 0.463525 5.40932
      vertex 22.6409 0.365494 5.44361
    endloop
  endfacet
  facet normal 0.987693 -0.156403 0
    outer loop
      vertex 22.6564 0.463525 5.40932
      vertex 22.583 0 5.50424
      vertex 22.6564 0.463525 -5.40932
    endloop
  endfacet
  facet normal 0.987693 -0.156403 0
    outer loop
      vertex 22.583 0 -5.50424
      vertex 22.6564 0.463525 -5.40932
      vertex 22.583 0 5.50424
    endloop
  endfacet
  facet normal 0.987641 -0.156727 0.00162448
    outer loop
      vertex 22.6564 0.463525 -5.40932
      vertex 22.583 0 -5.50424
      vertex 22.6409 0.365494 -5.44361
    endloop
  endfacet
  facet normal 0.156438 0.987688 -0
    outer loop
      vertex 24.083 -1.5 -4.17847
      vertex 24.0222 -1.49037 4.21905
      vertex 24.083 -1.5 4.17847
    endloop
  endfacet
  facet normal 0.156438 0.987688 -0
    outer loop
      vertex 24.0222 -1.49037 -4.21905
      vertex 24.0222 -1.49037 4.21905
      vertex 24.083 -1.5 -4.17847
    endloop
  endfacet
  facet normal 0.156455 0.987685 0
    outer loop
      vertex 24.0222 -1.49037 4.21905
      vertex 24.0222 -1.49037 -4.21905
      vertex 23.6195 -1.42658 4.46337
    endloop
  endfacet
  facet normal 0.156455 0.987685 0
    outer loop
      vertex 23.6195 -1.42658 4.46337
      vertex 24.0222 -1.49037 -4.21905
      vertex 23.6195 -1.42658 -4.46337
    endloop
  endfacet
  facet normal 0.987641 0.156727 -0.00162448
    outer loop
      vertex 22.6564 -0.463525 5.40932
      vertex 22.583 0 5.50424
      vertex 22.6409 -0.365494 5.44361
    endloop
  endfacet
  facet normal 0.987693 0.156403 0
    outer loop
      vertex 22.583 0 5.50424
      vertex 22.6564 -0.463525 5.40932
      vertex 22.583 0 -5.50424
    endloop
  endfacet
  facet normal 0.987693 0.156403 -0
    outer loop
      vertex 22.6564 -0.463525 -5.40932
      vertex 22.583 0 -5.50424
      vertex 22.6564 -0.463525 5.40932
    endloop
  endfacet
  facet normal 0.987641 0.156727 0.00162448
    outer loop
      vertex 22.583 0 -5.50424
      vertex 22.6564 -0.463525 -5.40932
      vertex 22.6409 -0.365494 -5.44361
    endloop
  endfacet
  facet normal 0.707107 0.707107 -0
    outer loop
      vertex 23.0706 -1.08282 -4.93086
      vertex 23.0706 -1.08282 4.93086
      vertex 23.2013 -1.21352 4.79395
    endloop
  endfacet
  facet normal 0.707107 0.707107 0
    outer loop
      vertex 23.0706 -1.08282 -4.93086
      vertex 23.2013 -1.21352 4.79395
      vertex 23.2013 -1.21352 -4.79395
    endloop
  endfacet
  facet normal 0.707181 0.707033 0
    outer loop
      vertex 23.0706 -1.08282 4.93086
      vertex 23.0706 -1.08282 -4.93086
      vertex 22.8695 -0.881678 5.13983
    endloop
  endfacet
  facet normal 0.707181 0.707033 0
    outer loop
      vertex 22.8695 -0.881678 5.13983
      vertex 23.0706 -1.08282 -4.93086
      vertex 22.8695 -0.881678 -5.13983
    endloop
  endfacet
  facet normal 0.453951 0.891027 -0
    outer loop
      vertex 23.6195 -1.42658 -4.46337
      vertex 23.2013 -1.21352 4.79395
      vertex 23.6195 -1.42658 4.46337
    endloop
  endfacet
  facet normal 0.453951 0.891027 0
    outer loop
      vertex 23.2013 -1.21352 4.79395
      vertex 23.6195 -1.42658 -4.46337
      vertex 23.2013 -1.21352 -4.79395
    endloop
  endfacet
  facet normal 0.258896 0.965905 0
    outer loop
      vertex -12.1983 19.3647 5.1496
      vertex -12.6516 19.4862 -4.8085
      vertex -12.6516 19.4862 4.8085
    endloop
  endfacet
  facet normal 0.258896 0.965905 0
    outer loop
      vertex -12.6516 19.4862 -4.8085
      vertex -12.1983 19.3647 5.1496
      vertex -12.1983 19.3647 -5.1496
    endloop
  endfacet
  facet normal 0.838844 -0.544364 -0.00287563
    outer loop
      vertex -13.3566 21.5515 3.89991
      vertex -13.1562 21.8602 3.92043
      vertex -13.1669 21.8437 3.92265
    endloop
  endfacet
  facet normal 0.838677 -0.544629 0
    outer loop
      vertex -13.1562 21.8602 3.92043
      vertex -13.4118 21.4666 3.87849
      vertex -13.1562 21.8602 -3.92043
    endloop
  endfacet
  facet normal 0.838889 -0.544284 -0.00452671
    outer loop
      vertex -13.1562 21.8602 3.92043
      vertex -13.3566 21.5515 3.89991
      vertex -13.4118 21.4666 3.87849
    endloop
  endfacet
  facet normal 0.838677 -0.544629 0
    outer loop
      vertex -13.4118 21.4666 -3.87849
      vertex -13.1562 21.8602 -3.92043
      vertex -13.4118 21.4666 3.87849
    endloop
  endfacet
  facet normal 0.838889 -0.544284 0.00452671
    outer loop
      vertex -13.3566 21.5515 -3.89991
      vertex -13.1562 21.8602 -3.92043
      vertex -13.4118 21.4666 -3.87849
    endloop
  endfacet
  facet normal 0.838844 -0.544364 0.00287563
    outer loop
      vertex -13.1562 21.8602 -3.92043
      vertex -13.3566 21.5515 -3.89991
      vertex -13.1669 21.8437 -3.92265
    endloop
  endfacet
  facet normal 0.629292 -0.777169 -0.00079435
    outer loop
      vertex -13.1562 21.8602 3.92043
      vertex -12.7915 22.1555 3.92628
      vertex -12.8888 22.0767 3.93993
    endloop
  endfacet
  facet normal 0.629284 -0.777175 0
    outer loop
      vertex -13.1562 21.8602 -3.92043
      vertex -12.7915 22.1555 3.92628
      vertex -13.1562 21.8602 3.92043
    endloop
  endfacet
  facet normal 0.629284 -0.777175 0
    outer loop
      vertex -13.1562 21.8602 -3.92043
      vertex -12.7915 22.1555 -3.92628
      vertex -12.7915 22.1555 3.92628
    endloop
  endfacet
  facet normal 0.629292 -0.777169 0.00079435
    outer loop
      vertex -12.7915 22.1555 -3.92628
      vertex -13.1562 21.8602 -3.92043
      vertex -12.8888 22.0767 -3.93993
    endloop
  endfacet
  facet normal 0.965905 -0.258896 0
    outer loop
      vertex -13.5333 21.0133 3.88499
      vertex -13.4118 21.4666 -3.87849
      vertex -13.4118 21.4666 3.87849
    endloop
  endfacet
  facet normal 0.965905 -0.258896 0
    outer loop
      vertex -13.4118 21.4666 -3.87849
      vertex -13.5333 21.0133 3.88499
      vertex -13.5333 21.0133 -3.88499
    endloop
  endfacet
  facet normal -0.545401 -0.838162 0.00463903
    outer loop
      vertex -11.4314 22.2268 3.88262
      vertex -11.0378 21.9712 3.9765
      vertex -11.1441 22.0403 3.96376
    endloop
  endfacet
  facet normal -0.544629 -0.838677 0
    outer loop
      vertex -11.4314 22.2268 -3.88262
      vertex -11.0378 21.9712 3.9765
      vertex -11.4314 22.2268 3.88262
    endloop
  endfacet
  facet normal -0.545401 -0.838162 -0.00463903
    outer loop
      vertex -11.0378 21.9712 -3.9765
      vertex -11.4314 22.2268 -3.88262
      vertex -11.1441 22.0403 -3.96376
    endloop
  endfacet
  facet normal -0.544629 -0.838677 0
    outer loop
      vertex -11.4314 22.2268 -3.88262
      vertex -11.0378 21.9712 -3.9765
      vertex -11.0378 21.9712 3.9765
    endloop
  endfacet
  facet normal 0.93356 0.358422 0
    outer loop
      vertex -13.3405 20.1065 4.1642
      vertex -13.5087 20.5446 -3.96892
      vertex -13.5087 20.5446 3.96892
    endloop
  endfacet
  facet normal 0.93356 0.358422 0
    outer loop
      vertex -13.5087 20.5446 -3.96892
      vertex -13.3405 20.1065 4.1642
      vertex -13.3405 20.1065 -4.1642
    endloop
  endfacet
  facet normal 0.0522902 -0.998632 -0.000409397
    outer loop
      vertex -12.3534 22.3237 3.91423
      vertex -11.8877 22.3481 3.87742
      vertex -12.2101 22.3312 3.92265
    endloop
  endfacet
  facet normal 0.0439189 -0.993706 -0.103053
    outer loop
      vertex -12.3534 22.3237 3.91423
      vertex -11.8847 22.3483 3.87677
      vertex -11.8877 22.3481 3.87742
    endloop
  endfacet
  facet normal 0.0524135 -0.998625 0
    outer loop
      vertex -12.3534 22.3237 3.91423
      vertex -11.8847 22.3483 -3.87677
      vertex -11.8847 22.3483 3.87677
    endloop
  endfacet
  facet normal 0.0524135 -0.998625 0
    outer loop
      vertex -12.3534 22.3237 -3.91423
      vertex -11.8847 22.3483 -3.87677
      vertex -12.3534 22.3237 3.91423
    endloop
  endfacet
  facet normal 0.0439189 -0.993706 0.103053
    outer loop
      vertex -11.8847 22.3483 -3.87677
      vertex -12.3534 22.3237 -3.91423
      vertex -11.8877 22.3481 -3.87742
    endloop
  endfacet
  facet normal 0.0522902 -0.998632 0.000409397
    outer loop
      vertex -11.8877 22.3481 -3.87742
      vertex -12.3534 22.3237 -3.91423
      vertex -12.2101 22.3312 -3.92265
    endloop
  endfacet
  facet normal -0.0627989 0.997835 0.0195406
    outer loop
      vertex -11.7296 19.3893 5.4147
      vertex -12.0971 19.37 5.21919
      vertex -11.7493 19.3882 5.40756
    endloop
  endfacet
  facet normal -0.0529398 0.998597 0.000933266
    outer loop
      vertex -11.7296 19.3893 5.4147
      vertex -12.1983 19.3647 5.1496
      vertex -12.0971 19.37 5.21919
    endloop
  endfacet
  facet normal -0.0524135 0.998625 0
    outer loop
      vertex -11.7296 19.3893 5.4147
      vertex -12.1983 19.3647 -5.1496
      vertex -12.1983 19.3647 5.1496
    endloop
  endfacet
  facet normal -0.0524135 0.998625 0
    outer loop
      vertex -11.7296 19.3893 -5.4147
      vertex -12.1983 19.3647 -5.1496
      vertex -11.7296 19.3893 5.4147
    endloop
  endfacet
  facet normal -0.0529398 0.998597 -0.000933266
    outer loop
      vertex -12.1983 19.3647 -5.1496
      vertex -11.7296 19.3893 -5.4147
      vertex -12.0971 19.37 -5.21919
    endloop
  endfacet
  facet normal -0.0627989 0.997835 -0.0195406
    outer loop
      vertex -12.0971 19.37 -5.21919
      vertex -11.7296 19.3893 -5.4147
      vertex -11.7493 19.3882 -5.40756
    endloop
  endfacet
  facet normal -0.933587 -0.358351 0
    outer loop
      vertex -10.5743 21.1683 -4.46202
      vertex -10.7425 21.6065 4.16005
      vertex -10.7425 21.6065 -4.16005
    endloop
  endfacet
  facet normal -0.933587 -0.358351 0
    outer loop
      vertex -10.7425 21.6065 4.16005
      vertex -10.5743 21.1683 -4.46202
      vertex -10.5743 21.1683 4.46202
    endloop
  endfacet
  facet normal -0.258896 -0.965905 0
    outer loop
      vertex -11.8847 22.3483 -3.87677
      vertex -11.4314 22.2268 3.88262
      vertex -11.8847 22.3483 3.87677
    endloop
  endfacet
  facet normal -0.258896 -0.965905 -0
    outer loop
      vertex -11.4314 22.2268 3.88262
      vertex -11.8847 22.3483 -3.87677
      vertex -11.4314 22.2268 -3.88262
    endloop
  endfacet
  facet normal 0.777175 0.629284 0
    outer loop
      vertex -13.0452 19.7418 4.45444
      vertex -13.3405 20.1065 -4.1642
      vertex -13.3405 20.1065 4.1642
    endloop
  endfacet
  facet normal 0.777175 0.629284 0
    outer loop
      vertex -13.3405 20.1065 -4.1642
      vertex -13.0452 19.7418 4.45444
      vertex -13.0452 19.7418 -4.45444
    endloop
  endfacet
  facet normal -0.998775 -0.0492997 -0.00426607
    outer loop
      vertex -10.5497 20.6997 -4.80614
      vertex -10.5743 21.1683 -4.46202
      vertex -10.5676 21.0417 -4.56761
    endloop
  endfacet
  facet normal -0.998625 -0.0524246 0
    outer loop
      vertex -10.5743 21.1683 -4.46202
      vertex -10.5497 20.6997 -4.80614
      vertex -10.5743 21.1683 4.46202
    endloop
  endfacet
  facet normal -0.998625 -0.0524246 -0
    outer loop
      vertex -10.5497 20.6997 4.80614
      vertex -10.5743 21.1683 4.46202
      vertex -10.5497 20.6997 -4.80614
    endloop
  endfacet
  facet normal -0.998775 -0.0492997 0.00426607
    outer loop
      vertex -10.5743 21.1683 4.46202
      vertex -10.5497 20.6997 4.80614
      vertex -10.5676 21.0417 4.56761
    endloop
  endfacet
  facet normal 0.525322 0.850377 0.0299091
    outer loop
      vertex -12.6516 19.4862 4.8085
      vertex -13.0452 19.7418 4.45444
      vertex -12.687 19.5091 4.77917
    endloop
  endfacet
  facet normal 0.544629 0.838677 0
    outer loop
      vertex -12.6516 19.4862 4.8085
      vertex -13.0452 19.7418 -4.45444
      vertex -13.0452 19.7418 4.45444
    endloop
  endfacet
  facet normal 0.544769 0.838586 -8.4691e-06
    outer loop
      vertex -12.6516 19.4862 4.8085
      vertex -12.687 19.5091 -4.77917
      vertex -13.0452 19.7418 -4.45444
    endloop
  endfacet
  facet normal 0.543153 0.839634 0
    outer loop
      vertex -12.687 19.5091 -4.77917
      vertex -12.6516 19.4862 4.8085
      vertex -12.6516 19.4862 -4.8085
    endloop
  endfacet
  facet normal -0.777175 -0.629284 0
    outer loop
      vertex -10.7425 21.6065 -4.16005
      vertex -11.0378 21.9712 3.9765
      vertex -11.0378 21.9712 -3.9765
    endloop
  endfacet
  facet normal -0.777175 -0.629284 0
    outer loop
      vertex -11.0378 21.9712 3.9765
      vertex -10.7425 21.6065 -4.16005
      vertex -10.7425 21.6065 4.16005
    endloop
  endfacet
  facet normal 0.998637 0.0521853 0
    outer loop
      vertex -13.5311 20.9712 3.89502
      vertex -13.5333 21.0133 -3.88499
      vertex -13.5333 21.0133 3.88499
    endloop
  endfacet
  facet normal 0.998637 0.0521853 0
    outer loop
      vertex -13.5311 20.9712 3.89502
      vertex -13.5311 20.9712 -3.89502
      vertex -13.5333 21.0133 -3.88499
    endloop
  endfacet
  facet normal 0.998624 0.052436 0
    outer loop
      vertex -13.5087 20.5446 3.96892
      vertex -13.5311 20.9712 -3.89502
      vertex -13.5311 20.9712 3.89502
    endloop
  endfacet
  facet normal 0.998624 0.052436 0
    outer loop
      vertex -13.5311 20.9712 -3.89502
      vertex -13.5087 20.5446 3.96892
      vertex -13.5087 20.5446 -3.96892
    endloop
  endfacet
  facet normal -0.629234 0.777215 0.0012131
    outer loop
      vertex -10.9268 19.8528 5.40851
      vertex -11.2915 19.5574 5.49746
      vertex -11.098 19.7141 5.47031
    endloop
  endfacet
  facet normal -0.629413 0.777071 0
    outer loop
      vertex -10.9268 19.8528 -5.40851
      vertex -11.2915 19.5574 5.49746
      vertex -10.9268 19.8528 5.40851
    endloop
  endfacet
  facet normal -0.629234 0.777215 -0.0012131
    outer loop
      vertex -11.2915 19.5574 -5.49746
      vertex -10.9268 19.8528 -5.40851
      vertex -11.098 19.7141 -5.47031
    endloop
  endfacet
  facet normal -0.629413 0.777071 0
    outer loop
      vertex -10.9268 19.8528 -5.40851
      vertex -11.2915 19.5574 -5.49746
      vertex -11.2915 19.5574 5.49746
    endloop
  endfacet
  facet normal -0.965905 0.258896 0
    outer loop
      vertex -10.6712 20.2464 -5.14788
      vertex -10.5497 20.6997 4.80614
      vertex -10.5497 20.6997 -4.80614
    endloop
  endfacet
  facet normal -0.965905 0.258896 0
    outer loop
      vertex -10.5497 20.6997 4.80614
      vertex -10.6712 20.2464 -5.14788
      vertex -10.6712 20.2464 5.14788
    endloop
  endfacet
  facet normal -0.35768 0.933838 -0.00336411
    outer loop
      vertex -11.2915 19.5574 5.49746
      vertex -11.7296 19.3893 5.4147
      vertex -11.4084 19.5126 5.49059
    endloop
  endfacet
  facet normal -0.358236 0.933631 0
    outer loop
      vertex -11.2915 19.5574 5.49746
      vertex -11.7296 19.3893 -5.4147
      vertex -11.7296 19.3893 5.4147
    endloop
  endfacet
  facet normal -0.358236 0.933631 0
    outer loop
      vertex -11.2915 19.5574 -5.49746
      vertex -11.7296 19.3893 -5.4147
      vertex -11.2915 19.5574 5.49746
    endloop
  endfacet
  facet normal -0.35768 0.933838 0.00336411
    outer loop
      vertex -11.7296 19.3893 -5.4147
      vertex -11.2915 19.5574 -5.49746
      vertex -11.4084 19.5126 -5.49059
    endloop
  endfacet
  facet normal 0.358393 -0.93357 -0.00118657
    outer loop
      vertex -12.7915 22.1555 3.92628
      vertex -12.3534 22.3237 3.91423
      vertex -12.5591 22.2447 3.93993
    endloop
  endfacet
  facet normal 0.358422 -0.93356 0
    outer loop
      vertex -12.7915 22.1555 3.92628
      vertex -12.3534 22.3237 -3.91423
      vertex -12.3534 22.3237 3.91423
    endloop
  endfacet
  facet normal 0.358422 -0.93356 0
    outer loop
      vertex -12.7915 22.1555 -3.92628
      vertex -12.3534 22.3237 -3.91423
      vertex -12.7915 22.1555 3.92628
    endloop
  endfacet
  facet normal 0.358393 -0.93357 0.00118657
    outer loop
      vertex -12.3534 22.3237 -3.91423
      vertex -12.7915 22.1555 -3.92628
      vertex -12.5591 22.2447 -3.93993
    endloop
  endfacet
  facet normal -0.766689 0.616514 -0.179159
    outer loop
      vertex -10.9268 19.8528 -5.40851
      vertex -10.6712 20.2464 -5.14788
      vertex -10.6728 20.2438 -5.14998
    endloop
  endfacet
  facet normal -0.838677 0.544629 0
    outer loop
      vertex -10.6712 20.2464 -5.14788
      vertex -10.9268 19.8528 -5.40851
      vertex -10.6712 20.2464 5.14788
    endloop
  endfacet
  facet normal -0.837931 0.545771 -0.00217429
    outer loop
      vertex -10.9268 19.8528 -5.40851
      vertex -10.6728 20.2438 -5.14998
      vertex -10.8486 19.9731 -5.34868
    endloop
  endfacet
  facet normal -0.838677 0.544629 0
    outer loop
      vertex -10.9268 19.8528 5.40851
      vertex -10.6712 20.2464 5.14788
      vertex -10.9268 19.8528 -5.40851
    endloop
  endfacet
  facet normal -0.766689 0.616514 0.179159
    outer loop
      vertex -10.6712 20.2464 5.14788
      vertex -10.9268 19.8528 5.40851
      vertex -10.6728 20.2438 5.14998
    endloop
  endfacet
  facet normal -0.837931 0.545771 0.00217429
    outer loop
      vertex -10.6728 20.2438 5.14998
      vertex -10.9268 19.8528 5.40851
      vertex -10.8486 19.9731 5.34868
    endloop
  endfacet
  facet normal -0.258896 0.965905 0
    outer loop
      vertex -11.4314 -22.2268 3.88262
      vertex -11.8847 -22.3483 -3.87677
      vertex -11.8847 -22.3483 3.87677
    endloop
  endfacet
  facet normal -0.258896 0.965905 0
    outer loop
      vertex -11.8847 -22.3483 -3.87677
      vertex -11.4314 -22.2268 3.88262
      vertex -11.4314 -22.2268 -3.88262
    endloop
  endfacet
  facet normal 0.965905 0.258896 0
    outer loop
      vertex -13.4118 -21.4666 3.87849
      vertex -13.5333 -21.0133 -3.88499
      vertex -13.5333 -21.0133 3.88499
    endloop
  endfacet
  facet normal 0.965905 0.258896 0
    outer loop
      vertex -13.5333 -21.0133 -3.88499
      vertex -13.4118 -21.4666 3.87849
      vertex -13.4118 -21.4666 -3.87849
    endloop
  endfacet
  facet normal 0.998624 -0.052436 0
    outer loop
      vertex -13.5311 -20.9712 3.89502
      vertex -13.5087 -20.5446 -3.96892
      vertex -13.5087 -20.5446 3.96892
    endloop
  endfacet
  facet normal 0.998624 -0.052436 0
    outer loop
      vertex -13.5311 -20.9712 3.89502
      vertex -13.5311 -20.9712 -3.89502
      vertex -13.5087 -20.5446 -3.96892
    endloop
  endfacet
  facet normal 0.998637 -0.0521853 0
    outer loop
      vertex -13.5333 -21.0133 3.88499
      vertex -13.5311 -20.9712 -3.89502
      vertex -13.5311 -20.9712 3.89502
    endloop
  endfacet
  facet normal 0.998637 -0.0521853 0
    outer loop
      vertex -13.5311 -20.9712 -3.89502
      vertex -13.5333 -21.0133 3.88499
      vertex -13.5333 -21.0133 -3.88499
    endloop
  endfacet
  facet normal -0.0627989 -0.997835 0.0195406
    outer loop
      vertex -12.0971 -19.37 5.21919
      vertex -11.7296 -19.3893 5.4147
      vertex -11.7493 -19.3882 5.40756
    endloop
  endfacet
  facet normal -0.0529398 -0.998597 0.000933266
    outer loop
      vertex -12.1983 -19.3647 5.1496
      vertex -11.7296 -19.3893 5.4147
      vertex -12.0971 -19.37 5.21919
    endloop
  endfacet
  facet normal -0.0524135 -0.998625 0
    outer loop
      vertex -12.1983 -19.3647 -5.1496
      vertex -11.7296 -19.3893 5.4147
      vertex -12.1983 -19.3647 5.1496
    endloop
  endfacet
  facet normal -0.0529398 -0.998597 -0.000933266
    outer loop
      vertex -11.7296 -19.3893 -5.4147
      vertex -12.1983 -19.3647 -5.1496
      vertex -12.0971 -19.37 -5.21919
    endloop
  endfacet
  facet normal -0.0627989 -0.997835 -0.0195406
    outer loop
      vertex -11.7296 -19.3893 -5.4147
      vertex -12.0971 -19.37 -5.21919
      vertex -11.7493 -19.3882 -5.40756
    endloop
  endfacet
  facet normal -0.0524135 -0.998625 0
    outer loop
      vertex -12.1983 -19.3647 -5.1496
      vertex -11.7296 -19.3893 -5.4147
      vertex -11.7296 -19.3893 5.4147
    endloop
  endfacet
  facet normal 0.525322 -0.850377 0.0299091
    outer loop
      vertex -13.0452 -19.7418 4.45444
      vertex -12.6516 -19.4862 4.8085
      vertex -12.687 -19.5091 4.77917
    endloop
  endfacet
  facet normal 0.544629 -0.838677 0
    outer loop
      vertex -13.0452 -19.7418 -4.45444
      vertex -12.6516 -19.4862 4.8085
      vertex -13.0452 -19.7418 4.45444
    endloop
  endfacet
  facet normal 0.544769 -0.838586 -8.4691e-06
    outer loop
      vertex -12.687 -19.5091 -4.77917
      vertex -12.6516 -19.4862 4.8085
      vertex -13.0452 -19.7418 -4.45444
    endloop
  endfacet
  facet normal 0.543153 -0.839634 0
    outer loop
      vertex -12.6516 -19.4862 4.8085
      vertex -12.687 -19.5091 -4.77917
      vertex -12.6516 -19.4862 -4.8085
    endloop
  endfacet
  facet normal -0.629234 -0.777215 0.0012131
    outer loop
      vertex -11.2915 -19.5574 5.49746
      vertex -10.9268 -19.8528 5.40851
      vertex -11.098 -19.7141 5.47031
    endloop
  endfacet
  facet normal -0.629413 -0.777071 0
    outer loop
      vertex -11.2915 -19.5574 5.49746
      vertex -10.9268 -19.8528 -5.40851
      vertex -10.9268 -19.8528 5.40851
    endloop
  endfacet
  facet normal -0.629413 -0.777071 0
    outer loop
      vertex -11.2915 -19.5574 -5.49746
      vertex -10.9268 -19.8528 -5.40851
      vertex -11.2915 -19.5574 5.49746
    endloop
  endfacet
  facet normal -0.629234 -0.777215 -0.0012131
    outer loop
      vertex -10.9268 -19.8528 -5.40851
      vertex -11.2915 -19.5574 -5.49746
      vertex -11.098 -19.7141 -5.47031
    endloop
  endfacet
  facet normal -0.965905 -0.258896 0
    outer loop
      vertex -10.5497 -20.6997 -4.80614
      vertex -10.6712 -20.2464 5.14788
      vertex -10.6712 -20.2464 -5.14788
    endloop
  endfacet
  facet normal -0.965905 -0.258896 0
    outer loop
      vertex -10.6712 -20.2464 5.14788
      vertex -10.5497 -20.6997 -4.80614
      vertex -10.5497 -20.6997 4.80614
    endloop
  endfacet
  facet normal 0.358393 0.93357 -0.00118657
    outer loop
      vertex -12.3534 -22.3237 3.91423
      vertex -12.7915 -22.1555 3.92628
      vertex -12.5591 -22.2447 3.93993
    endloop
  endfacet
  facet normal 0.358422 0.93356 -0
    outer loop
      vertex -12.3534 -22.3237 -3.91423
      vertex -12.7915 -22.1555 3.92628
      vertex -12.3534 -22.3237 3.91423
    endloop
  endfacet
  facet normal 0.358422 0.93356 0
    outer loop
      vertex -12.3534 -22.3237 -3.91423
      vertex -12.7915 -22.1555 -3.92628
      vertex -12.7915 -22.1555 3.92628
    endloop
  endfacet
  facet normal 0.358393 0.93357 0.00118657
    outer loop
      vertex -12.7915 -22.1555 -3.92628
      vertex -12.3534 -22.3237 -3.91423
      vertex -12.5591 -22.2447 -3.93993
    endloop
  endfacet
  facet normal 0.777175 -0.629284 0
    outer loop
      vertex -13.3405 -20.1065 4.1642
      vertex -13.0452 -19.7418 -4.45444
      vertex -13.0452 -19.7418 4.45444
    endloop
  endfacet
  facet normal 0.777175 -0.629284 0
    outer loop
      vertex -13.0452 -19.7418 -4.45444
      vertex -13.3405 -20.1065 4.1642
      vertex -13.3405 -20.1065 -4.1642
    endloop
  endfacet
  facet normal -0.837931 -0.545771 -0.00217429
    outer loop
      vertex -10.6728 -20.2438 -5.14998
      vertex -10.9268 -19.8528 -5.40851
      vertex -10.8486 -19.9731 -5.34868
    endloop
  endfacet
  facet normal -0.838677 -0.544629 0
    outer loop
      vertex -10.9268 -19.8528 -5.40851
      vertex -10.6712 -20.2464 -5.14788
      vertex -10.9268 -19.8528 5.40851
    endloop
  endfacet
  facet normal -0.766689 -0.616514 -0.179159
    outer loop
      vertex -10.9268 -19.8528 -5.40851
      vertex -10.6728 -20.2438 -5.14998
      vertex -10.6712 -20.2464 -5.14788
    endloop
  endfacet
  facet normal -0.838677 -0.544629 -0
    outer loop
      vertex -10.6712 -20.2464 5.14788
      vertex -10.9268 -19.8528 5.40851
      vertex -10.6712 -20.2464 -5.14788
    endloop
  endfacet
  facet normal -0.766689 -0.616514 0.179159
    outer loop
      vertex -10.6728 -20.2438 5.14998
      vertex -10.9268 -19.8528 5.40851
      vertex -10.6712 -20.2464 5.14788
    endloop
  endfacet
  facet normal -0.837931 -0.545771 0.00217429
    outer loop
      vertex -10.9268 -19.8528 5.40851
      vertex -10.6728 -20.2438 5.14998
      vertex -10.8486 -19.9731 5.34868
    endloop
  endfacet
  facet normal -0.35768 -0.933838 -0.00336411
    outer loop
      vertex -11.7296 -19.3893 5.4147
      vertex -11.2915 -19.5574 5.49746
      vertex -11.4084 -19.5126 5.49059
    endloop
  endfacet
  facet normal -0.358236 -0.933631 0
    outer loop
      vertex -11.7296 -19.3893 -5.4147
      vertex -11.2915 -19.5574 5.49746
      vertex -11.7296 -19.3893 5.4147
    endloop
  endfacet
  facet normal -0.35768 -0.933838 0.00336411
    outer loop
      vertex -11.2915 -19.5574 -5.49746
      vertex -11.7296 -19.3893 -5.4147
      vertex -11.4084 -19.5126 -5.49059
    endloop
  endfacet
  facet normal -0.358236 -0.933631 0
    outer loop
      vertex -11.7296 -19.3893 -5.4147
      vertex -11.2915 -19.5574 -5.49746
      vertex -11.2915 -19.5574 5.49746
    endloop
  endfacet
  facet normal 0.258896 -0.965905 0
    outer loop
      vertex -12.6516 -19.4862 -4.8085
      vertex -12.1983 -19.3647 5.1496
      vertex -12.6516 -19.4862 4.8085
    endloop
  endfacet
  facet normal 0.258896 -0.965905 0
    outer loop
      vertex -12.1983 -19.3647 5.1496
      vertex -12.6516 -19.4862 -4.8085
      vertex -12.1983 -19.3647 -5.1496
    endloop
  endfacet
  facet normal 0.0522902 0.998632 -0.000409397
    outer loop
      vertex -11.8877 -22.3481 3.87742
      vertex -12.3534 -22.3237 3.91423
      vertex -12.2101 -22.3312 3.92265
    endloop
  endfacet
  facet normal 0.0439189 0.993706 -0.103053
    outer loop
      vertex -11.8847 -22.3483 3.87677
      vertex -12.3534 -22.3237 3.91423
      vertex -11.8877 -22.3481 3.87742
    endloop
  endfacet
  facet normal 0.0524135 0.998625 -0
    outer loop
      vertex -11.8847 -22.3483 -3.87677
      vertex -12.3534 -22.3237 3.91423
      vertex -11.8847 -22.3483 3.87677
    endloop
  endfacet
  facet normal 0.0439189 0.993706 0.103053
    outer loop
      vertex -12.3534 -22.3237 -3.91423
      vertex -11.8847 -22.3483 -3.87677
      vertex -11.8877 -22.3481 -3.87742
    endloop
  endfacet
  facet normal 0.0524135 0.998625 0
    outer loop
      vertex -11.8847 -22.3483 -3.87677
      vertex -12.3534 -22.3237 -3.91423
      vertex -12.3534 -22.3237 3.91423
    endloop
  endfacet
  facet normal 0.0522902 0.998632 0.000409397
    outer loop
      vertex -12.3534 -22.3237 -3.91423
      vertex -11.8877 -22.3481 -3.87742
      vertex -12.2101 -22.3312 -3.92265
    endloop
  endfacet
  facet normal 0.629292 0.777169 -0.00079435
    outer loop
      vertex -12.7915 -22.1555 3.92628
      vertex -13.1562 -21.8602 3.92043
      vertex -12.8888 -22.0767 3.93993
    endloop
  endfacet
  facet normal 0.629284 0.777175 0
    outer loop
      vertex -12.7915 -22.1555 3.92628
      vertex -13.1562 -21.8602 -3.92043
      vertex -13.1562 -21.8602 3.92043
    endloop
  endfacet
  facet normal 0.629284 0.777175 -0
    outer loop
      vertex -12.7915 -22.1555 -3.92628
      vertex -13.1562 -21.8602 -3.92043
      vertex -12.7915 -22.1555 3.92628
    endloop
  endfacet
  facet normal 0.629292 0.777169 0.00079435
    outer loop
      vertex -13.1562 -21.8602 -3.92043
      vertex -12.7915 -22.1555 -3.92628
      vertex -12.8888 -22.0767 -3.93993
    endloop
  endfacet
  facet normal -0.545401 0.838162 0.00463903
    outer loop
      vertex -11.0378 -21.9712 3.9765
      vertex -11.4314 -22.2268 3.88262
      vertex -11.1441 -22.0403 3.96376
    endloop
  endfacet
  facet normal -0.544629 0.838677 0
    outer loop
      vertex -11.0378 -21.9712 3.9765
      vertex -11.4314 -22.2268 -3.88262
      vertex -11.4314 -22.2268 3.88262
    endloop
  endfacet
  facet normal -0.544629 0.838677 0
    outer loop
      vertex -11.0378 -21.9712 -3.9765
      vertex -11.4314 -22.2268 -3.88262
      vertex -11.0378 -21.9712 3.9765
    endloop
  endfacet
  facet normal -0.545401 0.838162 -0.00463903
    outer loop
      vertex -11.4314 -22.2268 -3.88262
      vertex -11.0378 -21.9712 -3.9765
      vertex -11.1441 -22.0403 -3.96376
    endloop
  endfacet
  facet normal -0.777175 0.629284 0
    outer loop
      vertex -11.0378 -21.9712 -3.9765
      vertex -10.7425 -21.6065 4.16005
      vertex -10.7425 -21.6065 -4.16005
    endloop
  endfacet
  facet normal -0.777175 0.629284 0
    outer loop
      vertex -10.7425 -21.6065 4.16005
      vertex -11.0378 -21.9712 -3.9765
      vertex -11.0378 -21.9712 3.9765
    endloop
  endfacet
  facet normal 0.838889 0.544284 -0.00452671
    outer loop
      vertex -13.1562 -21.8602 3.92043
      vertex -13.4118 -21.4666 3.87849
      vertex -13.3566 -21.5515 3.89991
    endloop
  endfacet
  facet normal 0.838677 0.544629 0
    outer loop
      vertex -13.4118 -21.4666 3.87849
      vertex -13.1562 -21.8602 3.92043
      vertex -13.4118 -21.4666 -3.87849
    endloop
  endfacet
  facet normal 0.838844 0.544364 -0.00287563
    outer loop
      vertex -13.1562 -21.8602 3.92043
      vertex -13.3566 -21.5515 3.89991
      vertex -13.1669 -21.8437 3.92265
    endloop
  endfacet
  facet normal 0.838677 0.544629 -0
    outer loop
      vertex -13.1562 -21.8602 -3.92043
      vertex -13.4118 -21.4666 -3.87849
      vertex -13.1562 -21.8602 3.92043
    endloop
  endfacet
  facet normal 0.838889 0.544284 0.00452671
    outer loop
      vertex -13.4118 -21.4666 -3.87849
      vertex -13.1562 -21.8602 -3.92043
      vertex -13.3566 -21.5515 -3.89991
    endloop
  endfacet
  facet normal 0.838844 0.544364 0.00287563
    outer loop
      vertex -13.3566 -21.5515 -3.89991
      vertex -13.1562 -21.8602 -3.92043
      vertex -13.1669 -21.8437 -3.92265
    endloop
  endfacet
  facet normal 0.93356 -0.358422 0
    outer loop
      vertex -13.5087 -20.5446 3.96892
      vertex -13.3405 -20.1065 -4.1642
      vertex -13.3405 -20.1065 4.1642
    endloop
  endfacet
  facet normal 0.93356 -0.358422 0
    outer loop
      vertex -13.3405 -20.1065 -4.1642
      vertex -13.5087 -20.5446 3.96892
      vertex -13.5087 -20.5446 -3.96892
    endloop
  endfacet
  facet normal -0.998775 0.0492997 -0.00426607
    outer loop
      vertex -10.5743 -21.1683 -4.46202
      vertex -10.5497 -20.6997 -4.80614
      vertex -10.5676 -21.0417 -4.56761
    endloop
  endfacet
  facet normal -0.998625 0.0524246 0
    outer loop
      vertex -10.5497 -20.6997 -4.80614
      vertex -10.5743 -21.1683 -4.46202
      vertex -10.5497 -20.6997 4.80614
    endloop
  endfacet
  facet normal -0.998625 0.0524246 0
    outer loop
      vertex -10.5743 -21.1683 4.46202
      vertex -10.5497 -20.6997 4.80614
      vertex -10.5743 -21.1683 -4.46202
    endloop
  endfacet
  facet normal -0.998775 0.0492997 0.00426607
    outer loop
      vertex -10.5497 -20.6997 4.80614
      vertex -10.5743 -21.1683 4.46202
      vertex -10.5676 -21.0417 4.56761
    endloop
  endfacet
  facet normal -0.933587 0.358351 0
    outer loop
      vertex -10.7425 -21.6065 -4.16005
      vertex -10.5743 -21.1683 4.46202
      vertex -10.5743 -21.1683 -4.46202
    endloop
  endfacet
  facet normal -0.933587 0.358351 0
    outer loop
      vertex -10.5743 -21.1683 4.46202
      vertex -10.7425 -21.6065 -4.16005
      vertex -10.7425 -21.6065 4.16005
    endloop
  endfacet
  facet normal 0.420852 0.420903 -0.80357
    outer loop
      vertex 25.0954 1.08282 -3.87044
      vertex 28.5605 1.49037 -1.8422
      vertex 28.9681 1.08282 -1.8422
    endloop
  endfacet
  facet normal 0.420864 0.420864 -0.803584
    outer loop
      vertex 24.9647 1.21352 -3.87044
      vertex 28.5605 1.49037 -1.8422
      vertex 25.0954 1.08282 -3.87044
    endloop
  endfacet
  facet normal 0.420842 0.420943 -0.803554
    outer loop
      vertex 24.5465 1.42658 -3.97785
      vertex 28.5605 1.49037 -1.8422
      vertex 24.9647 1.21352 -3.87044
    endloop
  endfacet
  facet normal 0.42089 0.420732 -0.803639
    outer loop
      vertex 28.5605 1.49037 -1.8422
      vertex 24.5465 1.42658 -3.97785
      vertex 24.1438 1.49037 -4.15536
    endloop
  endfacet
  facet normal 0.420849 0.420902 -0.803571
    outer loop
      vertex 4.09563 1.08282 -14.8685
      vertex 23.2013 1.21352 -4.79395
      vertex 23.0706 1.08282 -4.93086
    endloop
  endfacet
  facet normal 0.420859 0.420859 -0.803589
    outer loop
      vertex 3.68808 1.49037 -14.8685
      vertex 23.2013 1.21352 -4.79395
      vertex 4.09563 1.08282 -14.8685
    endloop
  endfacet
  facet normal 0.420875 0.420781 -0.803622
    outer loop
      vertex 23.2013 1.21352 -4.79395
      vertex 3.68808 1.49037 -14.8685
      vertex 23.6195 1.42658 -4.46337
    endloop
  endfacet
  facet normal 0.42084 0.420945 -0.803554
    outer loop
      vertex 23.6195 1.42658 -4.46337
      vertex 3.68808 1.49037 -14.8685
      vertex 24.0222 1.49037 -4.21905
    endloop
  endfacet
  facet normal 0.269014 0.52796 0.805537
    outer loop
      vertex -0.219814 3.74659 14.8685
      vertex -0.733361 4.00826 14.8685
      vertex -0.60742 3.2131 15.3476
    endloop
  endfacet
  facet normal -0.574576 -0.574435 -0.582997
    outer loop
      vertex -15.1033 -25.6744 -1.18276
      vertex -15.2292 -24.8792 -1.8422
      vertex -14.8217 -25.2868 -1.8422
    endloop
  endfacet
  facet normal -0.574555 -0.574443 -0.583011
    outer loop
      vertex -15.2292 -24.8792 -1.8422
      vertex -15.1033 -25.6744 -1.18276
      vertex -15.6168 -25.1608 -1.18276
    endloop
  endfacet
  facet normal 0.368752 0.723972 -0.582998
    outer loop
      vertex -12.656 25.2868 -1.8422
      vertex -13.1696 25.5484 -1.8422
      vertex -12.3744 25.6744 -1.18276
    endloop
  endfacet
  facet normal 0.361648 0.626394 -0.690537
    outer loop
      vertex -0.219814 3.74659 -14.8685
      vertex -12.656 25.2868 -1.8422
      vertex 3.68808 1.49037 -14.8685
    endloop
  endfacet
  facet normal -0.278453 -0.141878 -0.949913
    outer loop
      vertex -2.25951 -2.95144 -15.3476
      vertex -2.42751 -2.62172 -15.3476
      vertex -1.69024 -2.38216 -15.5995
    endloop
  endfacet
  facet normal 0.500001 -0.866025 0
    outer loop
      vertex -12.2264 -25.8782 -0.407553
      vertex 28.9902 -2.08175 0.407553
      vertex -12.2264 -25.8782 0.407553
    endloop
  endfacet
  facet normal 0.500001 -0.866025 0
    outer loop
      vertex 28.9902 -2.08175 0.407553
      vertex -12.2264 -25.8782 -0.407553
      vertex 28.9902 -2.08175 -0.407553
    endloop
  endfacet
  facet normal -0.269049 -0.528009 -0.805493
    outer loop
      vertex -14.3081 -25.5484 -1.8422
      vertex -14.4341 -24.7533 -2.32131
      vertex -14.1044 -24.9213 -2.32131
    endloop
  endfacet
  facet normal 0.475777 -0.82407 0.30748
    outer loop
      vertex -12.2264 -25.8782 0.407553
      vertex 28.8422 -1.87798 1.18276
      vertex -12.3744 -25.6744 1.18276
    endloop
  endfacet
  facet normal 0.475782 -0.824078 0.307451
    outer loop
      vertex 28.8422 -1.87798 1.18276
      vertex -12.2264 -25.8782 0.407553
      vertex 28.9902 -2.08175 0.407553
    endloop
  endfacet
  facet normal 0.361698 -0.626276 0.690618
    outer loop
      vertex 24.083 -1.5 4.17847
      vertex 28.5605 -1.49037 1.8422
      vertex 24.1438 -1.49037 4.15536
    endloop
  endfacet
  facet normal 0.36165 -0.626395 0.690536
    outer loop
      vertex -12.656 -25.2868 1.8422
      vertex 24.0222 -1.49037 4.21905
      vertex 3.68808 -1.49037 14.8685
    endloop
  endfacet
  facet normal 0.361652 -0.626398 0.690531
    outer loop
      vertex 24.083 -1.5 4.17847
      vertex -12.656 -25.2868 1.8422
      vertex 28.5605 -1.49037 1.8422
    endloop
  endfacet
  facet normal 0.36166 -0.626408 0.690518
    outer loop
      vertex 24.0222 -1.49037 4.21905
      vertex -12.656 -25.2868 1.8422
      vertex 24.083 -1.5 4.17847
    endloop
  endfacet
  facet normal 0.451491 0.230158 0.862081
    outer loop
      vertex 22.6564 0.463525 5.40932
      vertex 3.73014 0.365494 15.3476
      vertex 22.6409 0.365494 5.44361
    endloop
  endfacet
  facet normal 0.45151 0.229992 0.862115
    outer loop
      vertex 22.7745 0.695211 5.28566
      vertex 3.73014 0.365494 15.3476
      vertex 22.6564 0.463525 5.40932
    endloop
  endfacet
  facet normal 0.451502 0.230053 0.862103
    outer loop
      vertex 3.73014 0.365494 15.3476
      vertex 22.7745 0.695211 5.28566
      vertex 3.56214 0.695211 15.3476
    endloop
  endfacet
  facet normal 0.451503 0.230054 0.862102
    outer loop
      vertex 28.4346 0.695211 2.32131
      vertex 25.5251 0.365494 3.93307
      vertex 28.6026 0.365494 2.32131
    endloop
  endfacet
  facet normal 0.451524 0.229954 0.862118
    outer loop
      vertex 28.4346 0.695211 2.32131
      vertex 25.5096 0.463525 3.91504
      vertex 25.5251 0.365494 3.93307
    endloop
  endfacet
  facet normal 0.45149 0.230143 0.862085
    outer loop
      vertex 25.5096 0.463525 3.91504
      vertex 28.4346 0.695211 2.32131
      vertex 25.3915 0.695211 3.91504
    endloop
  endfacet
  facet normal 0.22098 -0.220984 -0.949913
    outer loop
      vertex 3.30047 -0.956877 -15.3476
      vertex 2.93498 -0.239553 -15.5995
      vertex 3.56214 -0.695211 -15.3476
    endloop
  endfacet
  facet normal 0.220989 -0.220979 -0.949912
    outer loop
      vertex 2.93498 -0.239553 -15.5995
      vertex 3.30047 -0.956877 -15.3476
      vertex 2.84482 -0.329717 -15.5995
    endloop
  endfacet
  facet normal 0.294946 0.510861 0.807482
    outer loop
      vertex 3.68808 1.49037 14.8685
      vertex 1.48964 2.00236 15.3476
      vertex 3.30047 0.956877 15.3476
    endloop
  endfacet
  facet normal 0.294959 0.511008 0.807385
    outer loop
      vertex 3.68808 1.49037 14.8685
      vertex 1.46946 2.02254 15.3422
      vertex 1.48964 2.00236 15.3476
    endloop
  endfacet
  facet normal 0.294944 0.510859 0.807484
    outer loop
      vertex -0.219814 3.74659 14.8685
      vertex 1.46946 2.02254 15.3422
      vertex 3.68808 1.49037 14.8685
    endloop
  endfacet
  facet normal 0.294994 0.510896 0.807442
    outer loop
      vertex 1.46946 2.02254 15.3422
      vertex -0.219814 3.74659 14.8685
      vertex 1.3437 2.08662 15.3476
    endloop
  endfacet
  facet normal 0.294947 0.510863 0.80748
    outer loop
      vertex 1.3437 2.08662 15.3476
      vertex -0.219814 3.74659 14.8685
      vertex -0.60742 3.2131 15.3476
    endloop
  endfacet
  facet normal -0.987697 0.156377 0
    outer loop
      vertex -16.312 23.7964 -0.407553
      vertex -16.1861 24.5916 0.407553
      vertex -16.1861 24.5916 -0.407553
    endloop
  endfacet
  facet normal -0.987697 0.156377 0
    outer loop
      vertex -16.1861 24.5916 0.407553
      vertex -16.312 23.7964 -0.407553
      vertex -16.312 23.7964 0.407553
    endloop
  endfacet
  facet normal -0.527938 -0.269013 0.805551
    outer loop
      vertex -14.8637 -24.1619 2.32131
      vertex -15.4909 -24.3657 1.8422
      vertex -14.6957 -24.4916 2.32131
    endloop
  endfacet
  facet normal -0.940476 -0.148945 -0.305482
    outer loop
      vertex -15.9466 -24.5137 -1.18276
      vertex -16.312 -23.7964 -0.407553
      vertex -16.0602 -23.7964 -1.18276
    endloop
  endfacet
  facet normal -0.848328 -0.432358 0.305624
    outer loop
      vertex -15.6168 -25.1608 1.18276
      vertex -15.9466 -24.5137 1.18276
      vertex -15.8206 -25.3089 0.407553
    endloop
  endfacet
  facet normal -0.092749 0.585286 -0.805505
    outer loop
      vertex -14.1044 24.9213 -2.32131
      vertex -14.3081 25.5484 -1.8422
      vertex -13.7389 25.6386 -1.8422
    endloop
  endfacet
  facet normal -0.723877 -0.368916 -0.583012
    outer loop
      vertex -15.2292 -24.8792 -1.8422
      vertex -15.6168 -25.1608 -1.18276
      vertex -15.4909 -24.3657 -1.8422
    endloop
  endfacet
  facet normal 0.361698 0.626276 0.690618
    outer loop
      vertex 28.5605 1.49037 1.8422
      vertex 24.083 1.5 4.17847
      vertex 24.1438 1.49037 4.15536
    endloop
  endfacet
  facet normal 0.36166 0.626408 0.690518
    outer loop
      vertex -12.656 25.2868 1.8422
      vertex 24.0222 1.49037 4.21905
      vertex 24.083 1.5 4.17847
    endloop
  endfacet
  facet normal 0.36165 0.626395 0.690536
    outer loop
      vertex 24.0222 1.49037 4.21905
      vertex -12.656 25.2868 1.8422
      vertex 3.68808 1.49037 14.8685
    endloop
  endfacet
  facet normal 0.361652 0.626398 0.690531
    outer loop
      vertex -12.656 25.2868 1.8422
      vertex 24.083 1.5 4.17847
      vertex 28.5605 1.49037 1.8422
    endloop
  endfacet
  facet normal 0.148919 -0.940445 0.305593
    outer loop
      vertex -13.7389 -26.1177 1.18276
      vertex -13.7389 -26.3696 0.407553
      vertex -13.0215 -26.0041 1.18276
    endloop
  endfacet
  facet normal -0.848328 -0.432358 -0.305624
    outer loop
      vertex -15.8206 -25.3089 -0.407553
      vertex -15.9466 -24.5137 -1.18276
      vertex -15.6168 -25.1608 -1.18276
    endloop
  endfacet
  facet normal -0.337011 -0.337065 0.879097
    outer loop
      vertex -14.6957 -24.4916 2.32131
      vertex -12.8888 -22.0767 3.93993
      vertex -13.1562 -21.8602 3.92043
    endloop
  endfacet
  facet normal -0.337196 -0.336942 0.879073
    outer loop
      vertex -14.6957 -24.4916 2.32131
      vertex -13.1562 -21.8602 3.92043
      vertex -13.1669 -21.8437 3.92265
    endloop
  endfacet
  facet normal -0.337113 -0.336984 0.879089
    outer loop
      vertex -12.8888 -22.0767 3.93993
      vertex -14.6957 -24.4916 2.32131
      vertex -14.4341 -24.7533 2.32131
    endloop
  endfacet
  facet normal -0.337031 -0.337044 0.879097
    outer loop
      vertex -11.7296 -19.3893 5.4147
      vertex -1.99784 -3.2131 15.3476
      vertex -2.25951 -2.95144 15.3476
    endloop
  endfacet
  facet normal -0.337074 -0.337014 0.879092
    outer loop
      vertex -1.99784 -3.2131 15.3476
      vertex -11.7296 -19.3893 5.4147
      vertex -11.4084 -19.5126 5.49059
    endloop
  endfacet
  facet normal -0.337405 -0.336798 0.879048
    outer loop
      vertex -11.7296 -19.3893 5.4147
      vertex -2.25951 -2.95144 15.3476
      vertex -11.7493 -19.3882 5.40756
    endloop
  endfacet
  facet normal -0.809024 0 0.587776
    outer loop
      vertex -16.0602 -23.7964 1.18276
      vertex -15.5811 23.7964 1.8422
      vertex -16.0602 23.7964 1.18276
    endloop
  endfacet
  facet normal -0.809024 0 0.587776
    outer loop
      vertex -15.5811 23.7964 1.8422
      vertex -16.0602 -23.7964 1.18276
      vertex -15.5811 -23.7964 1.8422
    endloop
  endfacet
  facet normal 0.141879 0.278454 -0.949913
    outer loop
      vertex -0.60742 3.2131 -15.3476
      vertex -1.17669 2.64383 -15.5995
      vertex -0.937138 3.3811 -15.3476
    endloop
  endfacet
  facet normal -0.940476 0.148945 -0.305482
    outer loop
      vertex -16.0602 23.7964 -1.18276
      vertex -16.312 23.7964 -0.407553
      vertex -15.9466 24.5137 -1.18276
    endloop
  endfacet
  facet normal -0.951085 0 0.308928
    outer loop
      vertex -16.312 -23.7964 0.407553
      vertex -16.0602 23.7964 1.18276
      vertex -16.312 23.7964 0.407553
    endloop
  endfacet
  facet normal -0.951085 0 0.308928
    outer loop
      vertex -16.0602 23.7964 1.18276
      vertex -16.312 -23.7964 0.407553
      vertex -16.0602 -23.7964 1.18276
    endloop
  endfacet
  facet normal 0.22098 -0.220984 0.949913
    outer loop
      vertex 2.93498 -0.239553 15.5995
      vertex 3.30047 -0.956877 15.3476
      vertex 3.56214 -0.695211 15.3476
    endloop
  endfacet
  facet normal 0.220989 -0.220979 0.949912
    outer loop
      vertex 3.30047 -0.956877 15.3476
      vertex 2.93498 -0.239553 15.5995
      vertex 2.84482 -0.329717 15.5995
    endloop
  endfacet
  facet normal -0.141882 0.278451 0.949913
    outer loop
      vertex -1.66813 3.3811 15.3476
      vertex -1.99784 3.2131 15.3476
      vertex -1.42857 2.64383 15.5995
    endloop
  endfacet
  facet normal -0.587782 0 0.809019
    outer loop
      vertex -3.14483 2.25622 14.8685
      vertex -2.4854 0.0922091 15.3476
      vertex -2.4854 2.25622 15.3476
    endloop
  endfacet
  facet normal -0.58769 4.29236e-05 0.809086
    outer loop
      vertex -2.4854 0.0922091 15.3476
      vertex -3.14483 2.25622 14.8685
      vertex -2.5 0 15.337
    endloop
  endfacet
  facet normal -0.58769 -4.29236e-05 0.809086
    outer loop
      vertex -3.14483 -2.25622 14.8685
      vertex -2.4854 -0.0922091 15.3476
      vertex -2.5 0 15.337
    endloop
  endfacet
  facet normal -0.587788 0 0.809015
    outer loop
      vertex -3.14483 -2.25622 14.8685
      vertex -2.5 0 15.337
      vertex -3.14483 2.25622 14.8685
    endloop
  endfacet
  facet normal -0.587782 0 0.809019
    outer loop
      vertex -2.4854 -0.0922091 15.3476
      vertex -3.14483 -2.25622 14.8685
      vertex -2.4854 -2.25622 15.3476
    endloop
  endfacet
  facet normal -0.278453 0.141878 0.949913
    outer loop
      vertex -2.25951 2.95144 15.3476
      vertex -2.42751 2.62172 15.3476
      vertex -1.69024 2.38216 15.5995
    endloop
  endfacet
  facet normal 0.368752 -0.723972 -0.582998
    outer loop
      vertex -12.3744 -25.6744 -1.18276
      vertex -13.1696 -25.5484 -1.8422
      vertex -12.656 -25.2868 -1.8422
    endloop
  endfacet
  facet normal -0.0765371 -0.483232 0.87214
    outer loop
      vertex -10.9268 -19.8528 5.40851
      vertex -1.30263 -3.43899 15.3476
      vertex -1.66813 -3.3811 15.3476
    endloop
  endfacet
  facet normal -0.0763147 -0.483338 0.872101
    outer loop
      vertex -1.30263 -3.43899 15.3476
      vertex -10.9268 -19.8528 5.40851
      vertex -10.8486 -19.9731 5.34868
    endloop
  endfacet
  facet normal -0.0766301 -0.483189 0.872156
    outer loop
      vertex -10.9268 -19.8528 5.40851
      vertex -1.66813 -3.3811 15.3476
      vertex -11.098 -19.7141 5.47031
    endloop
  endfacet
  facet normal -0.0765363 -0.483228 0.872143
    outer loop
      vertex -12.3534 -22.3237 3.91423
      vertex -13.7389 -24.9792 2.32131
      vertex -12.2101 -22.3312 3.92265
    endloop
  endfacet
  facet normal -0.0766079 -0.483197 0.872153
    outer loop
      vertex -12.5591 -22.2447 3.93993
      vertex -13.7389 -24.9792 2.32131
      vertex -12.3534 -22.3237 3.91423
    endloop
  endfacet
  facet normal -0.0765482 -0.483219 0.872147
    outer loop
      vertex -13.7389 -24.9792 2.32131
      vertex -12.5591 -22.2447 3.93993
      vertex -14.1044 -24.9213 2.32131
    endloop
  endfacet
  facet normal 0.4627 -0.0732576 -0.883483
    outer loop
      vertex 22.6409 -0.365494 -5.44361
      vertex 3.78803 0 -15.3476
      vertex 22.583 0 -5.50424
    endloop
  endfacet
  facet normal 0.462699 -0.0732861 -0.883481
    outer loop
      vertex 3.78803 0 -15.3476
      vertex 22.6409 -0.365494 -5.44361
      vertex 3.73014 -0.365494 -15.3476
    endloop
  endfacet
  facet normal 0.462699 -0.0732989 -0.88348
    outer loop
      vertex 28.6026 -0.365494 -2.32131
      vertex 25.583 0 -3.93307
      vertex 28.6605 0 -2.32131
    endloop
  endfacet
  facet normal 0.462699 -0.0732989 -0.88348
    outer loop
      vertex 25.583 0 -3.93307
      vertex 28.6026 -0.365494 -2.32131
      vertex 25.5251 -0.365494 -3.93307
    endloop
  endfacet
  facet normal -0.802441 0.127084 -0.583042
    outer loop
      vertex -15.4909 24.3657 -1.8422
      vertex -16.0602 23.7964 -1.18276
      vertex -15.9466 24.5137 -1.18276
    endloop
  endfacet
  facet normal -0.707107 -0.707107 0
    outer loop
      vertex -15.2513 -25.8782 -0.407553
      vertex -15.8206 -25.3089 0.407553
      vertex -15.8206 -25.3089 -0.407553
    endloop
  endfacet
  facet normal -0.707107 -0.707107 0
    outer loop
      vertex -15.8206 -25.3089 0.407553
      vertex -15.2513 -25.8782 -0.407553
      vertex -15.2513 -25.8782 0.407553
    endloop
  endfacet
  facet normal -0.723298 0 -0.690536
    outer loop
      vertex -3.14483 -2.25622 -14.8685
      vertex -15.5811 23.7964 -1.8422
      vertex -3.14483 2.25622 -14.8685
    endloop
  endfacet
  facet normal -0.723298 -0 -0.690536
    outer loop
      vertex -15.5811 23.7964 -1.8422
      vertex -3.14483 -2.25622 -14.8685
      vertex -15.5811 -23.7964 -1.8422
    endloop
  endfacet
  facet normal 0.4627 0.0732576 0.883483
    outer loop
      vertex 22.6409 0.365494 5.44361
      vertex 3.78803 0 15.3476
      vertex 22.583 0 5.50424
    endloop
  endfacet
  facet normal 0.462699 0.0732861 0.883481
    outer loop
      vertex 3.78803 0 15.3476
      vertex 22.6409 0.365494 5.44361
      vertex 3.73014 0.365494 15.3476
    endloop
  endfacet
  facet normal 0.462699 0.0732989 0.88348
    outer loop
      vertex 28.6026 0.365494 2.32131
      vertex 25.583 0 3.93307
      vertex 28.6605 0 2.32131
    endloop
  endfacet
  facet normal 0.462699 0.0732989 0.88348
    outer loop
      vertex 25.583 0 3.93307
      vertex 28.6026 0.365494 2.32131
      vertex 25.5251 0.365494 3.93307
    endloop
  endfacet
  facet normal 0.72389 0.368887 0.583013
    outer loop
      vertex 29.3557 1.36443 1.18276
      vertex 28.9681 1.08282 1.8422
      vertex 29.2298 0.56927 1.8422
    endloop
  endfacet
  facet normal 0.418992 0.418992 0.805538
    outer loop
      vertex 3.68808 1.49037 14.8685
      vertex 3.56214 0.695211 15.3476
      vertex 4.09563 1.08282 14.8685
    endloop
  endfacet
  facet normal 0.418987 0.418994 0.805539
    outer loop
      vertex 3.56214 0.695211 15.3476
      vertex 3.68808 1.49037 14.8685
      vertex 3.30047 0.956877 15.3476
    endloop
  endfacet
  facet normal 0.940438 -0.148903 0.30562
    outer loop
      vertex 30.0509 0 0.407553
      vertex 29.6854 -0.717322 1.18276
      vertex 29.925 -0.795158 0.407553
    endloop
  endfacet
  facet normal 0.278453 0.14188 -0.949913
    outer loop
      vertex 3.73014 0.365494 -15.3476
      vertex 2.99287 0.12594 -15.5995
      vertex 3.56214 0.695211 -15.3476
    endloop
  endfacet
  facet normal 0.26901 0.52796 -0.805538
    outer loop
      vertex -0.60742 3.2131 -15.3476
      vertex -0.937138 3.3811 -15.3476
      vertex -0.733361 4.00826 -14.8685
    endloop
  endfacet
  facet normal -0.802441 -0.127084 -0.583042
    outer loop
      vertex -15.9466 -24.5137 -1.18276
      vertex -16.0602 -23.7964 -1.18276
      vertex -15.4909 -24.3657 -1.8422
    endloop
  endfacet
  facet normal 0.308666 -0.0488954 -0.949913
    outer loop
      vertex 3.73014 -0.365494 -15.3476
      vertex 2.99287 -0.12594 -15.5995
      vertex 3.01282 0 -15.5995
    endloop
  endfacet
  facet normal -0.848328 0.432358 0.305624
    outer loop
      vertex -15.8206 25.3089 0.407553
      vertex -15.9466 24.5137 1.18276
      vertex -15.6168 25.1608 1.18276
    endloop
  endfacet
  facet normal 0.432262 0.848397 -0.305568
    outer loop
      vertex -12.3744 25.6744 -1.18276
      vertex -13.0215 26.0041 -1.18276
      vertex -12.2264 25.8782 -0.407553
    endloop
  endfacet
  facet normal -0.127083 0.802432 -0.583054
    outer loop
      vertex -14.3081 25.5484 -1.8422
      vertex -14.4562 26.0041 -1.18276
      vertex -13.7389 26.1177 -1.18276
    endloop
  endfacet
  facet normal -0.337074 -0.337014 -0.879092
    outer loop
      vertex -11.7296 -19.3893 -5.4147
      vertex -1.99784 -3.2131 -15.3476
      vertex -11.4084 -19.5126 -5.49059
    endloop
  endfacet
  facet normal -0.337031 -0.337044 -0.879097
    outer loop
      vertex -1.99784 -3.2131 -15.3476
      vertex -11.7296 -19.3893 -5.4147
      vertex -2.25951 -2.95144 -15.3476
    endloop
  endfacet
  facet normal -0.337405 -0.336798 -0.879048
    outer loop
      vertex -2.25951 -2.95144 -15.3476
      vertex -11.7296 -19.3893 -5.4147
      vertex -11.7493 -19.3882 -5.40756
    endloop
  endfacet
  facet normal -0.337113 -0.336984 -0.879089
    outer loop
      vertex -14.6957 -24.4916 -2.32131
      vertex -12.8888 -22.0767 -3.93993
      vertex -14.4341 -24.7533 -2.32131
    endloop
  endfacet
  facet normal -0.337011 -0.337065 -0.879097
    outer loop
      vertex -12.8888 -22.0767 -3.93993
      vertex -14.6957 -24.4916 -2.32131
      vertex -13.1562 -21.8602 -3.92043
    endloop
  endfacet
  facet normal -0.337196 -0.336942 -0.879073
    outer loop
      vertex -13.1562 -21.8602 -3.92043
      vertex -14.6957 -24.4916 -2.32131
      vertex -13.1669 -21.8437 -3.92265
    endloop
  endfacet
  facet normal 0.155264 -0.268985 -0.950547
    outer loop
      vertex 2.37764 -0.772542 -15.5505
      vertex 2.84482 -0.329717 -15.5995
      vertex 3.30047 -0.956877 -15.3476
    endloop
  endfacet
  facet normal 0.155344 -0.269065 -0.950512
    outer loop
      vertex 2.84482 -0.329717 -15.5995
      vertex 2.37764 -0.772542 -15.5505
      vertex 2.40782 -0.582018 -15.5995
    endloop
  endfacet
  facet normal 0.155267 -0.268973 -0.95055
    outer loop
      vertex 3.30047 -0.956877 -15.3476
      vertex 2.02254 -1.46946 -15.4113
      vertex 2.37764 -0.772542 -15.5505
    endloop
  endfacet
  facet normal 0.15522 -0.268849 -0.950593
    outer loop
      vertex 2.02254 -1.46946 -15.4113
      vertex 3.30047 -0.956877 -15.3476
      vertex 1.48964 -2.00236 -15.3476
    endloop
  endfacet
  facet normal 0.155782 -0.269823 -0.950225
    outer loop
      vertex -0.60742 -3.2131 -15.3476
      vertex 0.772542 -2.37764 -15.3586
      vertex 1.3437 -2.08662 -15.3476
    endloop
  endfacet
  facet normal 0.155318 -0.269059 -0.950517
    outer loop
      vertex -0.60742 -3.2131 -15.3476
      vertex 0 -2.5 -15.4502
      vertex 0.772542 -2.37764 -15.3586
    endloop
  endfacet
  facet normal 0.155216 -0.268978 -0.950557
    outer loop
      vertex -0.60742 -3.2131 -15.3476
      vertex -0.717415 -2.38637 -15.5995
      vertex 0 -2.5 -15.4502
    endloop
  endfacet
  facet normal 0.155288 -0.268966 -0.950549
    outer loop
      vertex -0.717415 -2.38637 -15.5995
      vertex -0.60742 -3.2131 -15.3476
      vertex -1.06308 -2.58594 -15.5995
    endloop
  endfacet
  facet normal 0.422053 -0.415267 0.805869
    outer loop
      vertex 22.8695 -0.881678 5.13983
      vertex 4.09563 -1.08282 14.8685
      vertex 23.0706 -1.08282 4.93086
    endloop
  endfacet
  facet normal 0.42206 -0.415229 0.805885
    outer loop
      vertex 22.7745 -0.695211 5.28566
      vertex 4.09563 -1.08282 14.8685
      vertex 22.8695 -0.881678 5.13983
    endloop
  endfacet
  facet normal 0.422065 -0.415204 0.805895
    outer loop
      vertex 4.09563 -1.08282 14.8685
      vertex 22.7745 -0.695211 5.28566
      vertex 3.56214 -0.695211 15.3476
    endloop
  endfacet
  facet normal 0.422068 -0.415183 0.805905
    outer loop
      vertex 25.2965 -0.881678 3.86873
      vertex 28.4346 -0.695211 2.32131
      vertex 25.3915 -0.695211 3.91504
    endloop
  endfacet
  facet normal 0.422075 -0.415135 0.805925
    outer loop
      vertex 25.0954 -1.08282 3.87044
      vertex 28.4346 -0.695211 2.32131
      vertex 25.2965 -0.881678 3.86873
    endloop
  endfacet
  facet normal 0.422068 -0.415206 0.805892
    outer loop
      vertex 28.4346 -0.695211 2.32131
      vertex 25.0954 -1.08282 3.87044
      vertex 28.9681 -1.08282 1.8422
    endloop
  endfacet
  facet normal 0.418992 -0.418992 0.805538
    outer loop
      vertex 3.56214 -0.695211 15.3476
      vertex 3.68808 -1.49037 14.8685
      vertex 4.09563 -1.08282 14.8685
    endloop
  endfacet
  facet normal 0.418987 -0.418994 0.805539
    outer loop
      vertex 3.68808 -1.49037 14.8685
      vertex 3.56214 -0.695211 15.3476
      vertex 3.30047 -0.956877 15.3476
    endloop
  endfacet
  facet normal 0.141884 0.278449 0.949913
    outer loop
      vertex -0.60742 3.2131 15.3476
      vertex -1.17669 2.64383 15.5995
      vertex -1.06308 2.58594 15.5995
    endloop
  endfacet
  facet normal -0.723877 -0.368916 0.583012
    outer loop
      vertex -15.4909 -24.3657 1.8422
      vertex -15.6168 -25.1608 1.18276
      vertex -15.2292 -24.8792 1.8422
    endloop
  endfacet
  facet normal -0.67329 0.67329 -0.305549
    outer loop
      vertex -15.1033 25.6744 -1.18276
      vertex -15.8206 25.3089 -0.407553
      vertex -15.2513 25.8782 -0.407553
    endloop
  endfacet
  facet normal -0.673337 0.673206 -0.305632
    outer loop
      vertex -15.8206 25.3089 -0.407553
      vertex -15.1033 25.6744 -1.18276
      vertex -15.6168 25.1608 -1.18276
    endloop
  endfacet
  facet normal -0.368821 0.723883 -0.583064
    outer loop
      vertex -14.3081 25.5484 -1.8422
      vertex -15.1033 25.6744 -1.18276
      vertex -14.4562 26.0041 -1.18276
    endloop
  endfacet
  facet normal -1 0 0
    outer loop
      vertex -16.312 -23.7964 -0.407553
      vertex -16.312 23.7964 0.407553
      vertex -16.312 23.7964 -0.407553
    endloop
  endfacet
  facet normal -1 -0 0
    outer loop
      vertex -16.312 23.7964 0.407553
      vertex -16.312 -23.7964 -0.407553
      vertex -16.312 -23.7964 0.407553
    endloop
  endfacet
  facet normal -0.156396 0.987694 0
    outer loop
      vertex -13.7389 26.3696 -0.407553
      vertex -14.534 26.2437 0.407553
      vertex -13.7389 26.3696 0.407553
    endloop
  endfacet
  facet normal -0.156396 0.987694 0
    outer loop
      vertex -14.534 26.2437 0.407553
      vertex -13.7389 26.3696 -0.407553
      vertex -14.534 26.2437 -0.407553
    endloop
  endfacet
  facet normal -0.210859 -0.413823 0.885601
    outer loop
      vertex -11.2915 -19.5574 5.49746
      vertex -1.66813 -3.3811 15.3476
      vertex -1.99784 -3.2131 15.3476
    endloop
  endfacet
  facet normal -0.210862 -0.413821 0.885601
    outer loop
      vertex -1.66813 -3.3811 15.3476
      vertex -11.2915 -19.5574 5.49746
      vertex -11.098 -19.7141 5.47031
    endloop
  endfacet
  facet normal -0.210675 -0.413925 0.885597
    outer loop
      vertex -11.2915 -19.5574 5.49746
      vertex -1.99784 -3.2131 15.3476
      vertex -11.4084 -19.5126 5.49059
    endloop
  endfacet
  facet normal -0.210849 -0.413821 0.885604
    outer loop
      vertex -12.7915 -22.1555 3.92628
      vertex -14.1044 -24.9213 2.32131
      vertex -12.5591 -22.2447 3.93993
    endloop
  endfacet
  facet normal -0.210884 -0.413801 0.885605
    outer loop
      vertex -14.4341 -24.7533 2.32131
      vertex -12.7915 -22.1555 3.92628
      vertex -12.8888 -22.0767 3.93993
    endloop
  endfacet
  facet normal -0.210861 -0.413815 0.885604
    outer loop
      vertex -12.7915 -22.1555 3.92628
      vertex -14.4341 -24.7533 2.32131
      vertex -14.1044 -24.9213 2.32131
    endloop
  endfacet
  facet normal -0.0488953 -0.308665 -0.949913
    outer loop
      vertex -1.30263 -2.66378 -15.5995
      vertex -1.66813 -3.3811 -15.3476
      vertex -1.42857 -2.64383 -15.5995
    endloop
  endfacet
  facet normal -0.574576 -0.574435 0.582997
    outer loop
      vertex -15.2292 -24.8792 1.8422
      vertex -15.1033 -25.6744 1.18276
      vertex -14.8217 -25.2868 1.8422
    endloop
  endfacet
  facet normal -0.574555 -0.574443 0.583011
    outer loop
      vertex -15.1033 -25.6744 1.18276
      vertex -15.2292 -24.8792 1.8422
      vertex -15.6168 -25.1608 1.18276
    endloop
  endfacet
  facet normal 0.58525 0.0926292 0.805545
    outer loop
      vertex 29.2298 0.56927 1.8422
      vertex 28.6026 0.365494 2.32131
      vertex 29.3199 0 1.8422
    endloop
  endfacet
  facet normal -0.278453 -0.141878 0.949913
    outer loop
      vertex -1.69024 -2.38216 15.5995
      vertex -2.42751 -2.62172 15.3476
      vertex -2.25951 -2.95144 15.3476
    endloop
  endfacet
  facet normal 0.148895 0.940442 0.305614
    outer loop
      vertex -12.9437 26.2437 0.407553
      vertex -13.7389 26.3696 0.407553
      vertex -13.0215 26.0041 1.18276
    endloop
  endfacet
  facet normal 0.4627 -0.0732576 0.883483
    outer loop
      vertex 3.78803 0 15.3476
      vertex 22.6409 -0.365494 5.44361
      vertex 22.583 0 5.50424
    endloop
  endfacet
  facet normal 0.462699 -0.0732861 0.883481
    outer loop
      vertex 22.6409 -0.365494 5.44361
      vertex 3.78803 0 15.3476
      vertex 3.73014 -0.365494 15.3476
    endloop
  endfacet
  facet normal 0.462699 -0.0732989 0.88348
    outer loop
      vertex 25.583 0 3.93307
      vertex 28.6026 -0.365494 2.32131
      vertex 28.6605 0 2.32131
    endloop
  endfacet
  facet normal 0.462699 -0.0732989 0.88348
    outer loop
      vertex 28.6026 -0.365494 2.32131
      vertex 25.583 0 3.93307
      vertex 25.5251 -0.365494 3.93307
    endloop
  endfacet
  facet normal 0.891003 0.453997 0
    outer loop
      vertex 29.925 0.795158 0.407553
      vertex 29.5595 1.51248 -0.407553
      vertex 29.5595 1.51248 0.407553
    endloop
  endfacet
  facet normal 0.891003 0.453997 0
    outer loop
      vertex 29.5595 1.51248 -0.407553
      vertex 29.925 0.795158 0.407553
      vertex 29.925 0.795158 -0.407553
    endloop
  endfacet
  facet normal 0.420849 -0.420902 -0.803571
    outer loop
      vertex 23.2013 -1.21352 -4.79395
      vertex 4.09563 -1.08282 -14.8685
      vertex 23.0706 -1.08282 -4.93086
    endloop
  endfacet
  facet normal 0.420875 -0.420781 -0.803622
    outer loop
      vertex 3.68808 -1.49037 -14.8685
      vertex 23.2013 -1.21352 -4.79395
      vertex 23.6195 -1.42658 -4.46337
    endloop
  endfacet
  facet normal 0.42084 -0.420945 -0.803554
    outer loop
      vertex 3.68808 -1.49037 -14.8685
      vertex 23.6195 -1.42658 -4.46337
      vertex 24.0222 -1.49037 -4.21905
    endloop
  endfacet
  facet normal 0.420859 -0.420859 -0.803589
    outer loop
      vertex 23.2013 -1.21352 -4.79395
      vertex 3.68808 -1.49037 -14.8685
      vertex 4.09563 -1.08282 -14.8685
    endloop
  endfacet
  facet normal 0.420852 -0.420903 -0.80357
    outer loop
      vertex 28.5605 -1.49037 -1.8422
      vertex 25.0954 -1.08282 -3.87044
      vertex 28.9681 -1.08282 -1.8422
    endloop
  endfacet
  facet normal 0.420864 -0.420864 -0.803584
    outer loop
      vertex 28.5605 -1.49037 -1.8422
      vertex 24.9647 -1.21352 -3.87044
      vertex 25.0954 -1.08282 -3.87044
    endloop
  endfacet
  facet normal 0.420842 -0.420943 -0.803554
    outer loop
      vertex 28.5605 -1.49037 -1.8422
      vertex 24.5465 -1.42658 -3.97785
      vertex 24.9647 -1.21352 -3.87044
    endloop
  endfacet
  facet normal 0.42089 -0.420732 -0.803639
    outer loop
      vertex 24.5465 -1.42658 -3.97785
      vertex 28.5605 -1.49037 -1.8422
      vertex 24.1438 -1.49037 -4.15536
    endloop
  endfacet
  facet normal -0.309034 0 -0.951051
    outer loop
      vertex -2.4854 -2.25622 -15.3476
      vertex -1.71018 -1.78182 -15.5995
      vertex -1.71018 -2.25622 -15.5995
    endloop
  endfacet
  facet normal -0.309036 3.27956e-06 -0.95105
    outer loop
      vertex -1.71018 -1.78182 -15.5995
      vertex -2.4854 -2.25622 -15.3476
      vertex -2.02254 -1.46946 -15.498
    endloop
  endfacet
  facet normal -0.309048 1.10658e-05 -0.951046
    outer loop
      vertex -2.02254 -1.46946 -15.498
      vertex -2.4854 -2.25622 -15.3476
      vertex -2.37764 -0.772542 -15.3826
    endloop
  endfacet
  facet normal -0.30891 0 -0.951091
    outer loop
      vertex -2.37764 -0.772542 -15.3826
      vertex -2.4854 -2.25622 -15.3476
      vertex -2.4854 -0.0922091 -15.3476
    endloop
  endfacet
  facet normal -0.309036 -3.27956e-06 -0.95105
    outer loop
      vertex -2.4854 2.25622 -15.3476
      vertex -1.71018 1.78182 -15.5995
      vertex -2.02254 1.46946 -15.498
    endloop
  endfacet
  facet normal -0.309048 -1.10658e-05 -0.951046
    outer loop
      vertex -2.4854 2.25622 -15.3476
      vertex -2.02254 1.46946 -15.498
      vertex -2.37764 0.772542 -15.3826
    endloop
  endfacet
  facet normal -0.309034 0 -0.951051
    outer loop
      vertex -1.71018 1.78182 -15.5995
      vertex -2.4854 2.25622 -15.3476
      vertex -1.71018 2.25622 -15.5995
    endloop
  endfacet
  facet normal -0.30891 -0 -0.951091
    outer loop
      vertex -2.4854 2.25622 -15.3476
      vertex -2.37764 0.772542 -15.3826
      vertex -2.4854 0.0922091 -15.3476
    endloop
  endfacet
  facet normal 0.361698 -0.626276 -0.690618
    outer loop
      vertex 28.5605 -1.49037 -1.8422
      vertex 24.083 -1.5 -4.17847
      vertex 24.1438 -1.49037 -4.15536
    endloop
  endfacet
  facet normal 0.36166 -0.626408 -0.690518
    outer loop
      vertex -12.656 -25.2868 -1.8422
      vertex 24.0222 -1.49037 -4.21905
      vertex 24.083 -1.5 -4.17847
    endloop
  endfacet
  facet normal 0.36165 -0.626395 -0.690536
    outer loop
      vertex 24.0222 -1.49037 -4.21905
      vertex -12.656 -25.2868 -1.8422
      vertex 3.68808 -1.49037 -14.8685
    endloop
  endfacet
  facet normal 0.361652 -0.626398 -0.690531
    outer loop
      vertex -12.656 -25.2868 -1.8422
      vertex 24.083 -1.5 -4.17847
      vertex 28.5605 -1.49037 -1.8422
    endloop
  endfacet
  facet normal 0.0488898 -0.308669 -0.949912
    outer loop
      vertex -0.937138 -3.3811 -15.3476
      vertex -1.30263 -3.43899 -15.3476
      vertex -1.30263 -2.66378 -15.5995
    endloop
  endfacet
  facet normal 0.278452 0.141881 -0.949913
    outer loop
      vertex 2.99287 0.12594 -15.5995
      vertex 2.93498 0.239553 -15.5995
      vertex 3.56214 0.695211 -15.3476
    endloop
  endfacet
  facet normal 0.22098 0.220984 -0.949913
    outer loop
      vertex 2.93498 0.239553 -15.5995
      vertex 3.30047 0.956877 -15.3476
      vertex 3.56214 0.695211 -15.3476
    endloop
  endfacet
  facet normal 0.220989 0.220979 -0.949912
    outer loop
      vertex 3.30047 0.956877 -15.3476
      vertex 2.93498 0.239553 -15.5995
      vertex 2.84482 0.329717 -15.5995
    endloop
  endfacet
  facet normal 0.527947 0.269037 -0.805537
    outer loop
      vertex 29.2298 0.56927 -1.8422
      vertex 28.4346 0.695211 -2.32131
      vertex 28.9681 1.08282 -1.8422
    endloop
  endfacet
  facet normal 0.127065 0.802436 -0.583053
    outer loop
      vertex -13.1696 25.5484 -1.8422
      vertex -13.7389 26.1177 -1.18276
      vertex -13.0215 26.0041 -1.18276
    endloop
  endfacet
  facet normal 0.368821 0.723883 -0.583064
    outer loop
      vertex -12.3744 25.6744 -1.18276
      vertex -13.1696 25.5484 -1.8422
      vertex -13.0215 26.0041 -1.18276
    endloop
  endfacet
  facet normal 0.361648 0.626394 0.690537
    outer loop
      vertex 3.68808 1.49037 14.8685
      vertex -12.656 25.2868 1.8422
      vertex -0.219814 3.74659 14.8685
    endloop
  endfacet
  facet normal 0.0488898 0.308669 0.949912
    outer loop
      vertex -1.30263 3.43899 15.3476
      vertex -1.30263 2.66378 15.5995
      vertex -0.937138 3.3811 15.3476
    endloop
  endfacet
  facet normal -0.848387 0.432295 0.30555
    outer loop
      vertex -15.8206 25.3089 0.407553
      vertex -16.1861 24.5916 0.407553
      vertex -15.9466 24.5137 1.18276
    endloop
  endfacet
  facet normal 0.127142 0.802458 -0.583006
    outer loop
      vertex -13.1696 25.5484 -1.8422
      vertex -13.7389 25.6386 -1.8422
      vertex -13.7389 26.1177 -1.18276
    endloop
  endfacet
  facet normal -0.278453 0.141878 -0.949913
    outer loop
      vertex -1.69024 2.38216 -15.5995
      vertex -2.42751 2.62172 -15.3476
      vertex -2.25951 2.95144 -15.3476
    endloop
  endfacet
  facet normal -0.308673 0.0488719 0.949912
    outer loop
      vertex -1.69024 2.38216 15.5995
      vertex -2.42751 2.62172 15.3476
      vertex -1.71018 2.25622 15.5995
    endloop
  endfacet
  facet normal -0.723298 0 0.690536
    outer loop
      vertex -15.5811 23.7964 1.8422
      vertex -3.14483 -2.25622 14.8685
      vertex -3.14483 2.25622 14.8685
    endloop
  endfacet
  facet normal -0.723298 0 0.690536
    outer loop
      vertex -3.14483 -2.25622 14.8685
      vertex -15.5811 23.7964 1.8422
      vertex -15.5811 -23.7964 1.8422
    endloop
  endfacet
  facet normal -0.940471 -0.1489 0.305521
    outer loop
      vertex -15.9466 -24.5137 1.18276
      vertex -16.312 -23.7964 0.407553
      vertex -16.1861 -24.5916 0.407553
    endloop
  endfacet
  facet normal -0.141884 -0.278449 0.949913
    outer loop
      vertex -1.54218 -2.58594 15.5995
      vertex -1.99784 -3.2131 15.3476
      vertex -1.42857 -2.64383 15.5995
    endloop
  endfacet
  facet normal -0.58525 0.0926909 0.805538
    outer loop
      vertex -3.05467 2.82549 14.8685
      vertex -3.14483 2.25622 14.8685
      vertex -2.42751 2.62172 15.3476
    endloop
  endfacet
  facet normal -0.337074 0.337014 0.879092
    outer loop
      vertex -11.7296 19.3893 5.4147
      vertex -1.99784 3.2131 15.3476
      vertex -11.4084 19.5126 5.49059
    endloop
  endfacet
  facet normal -0.337031 0.337044 0.879097
    outer loop
      vertex -1.99784 3.2131 15.3476
      vertex -11.7296 19.3893 5.4147
      vertex -2.25951 2.95144 15.3476
    endloop
  endfacet
  facet normal -0.337405 0.336798 0.879048
    outer loop
      vertex -2.25951 2.95144 15.3476
      vertex -11.7296 19.3893 5.4147
      vertex -11.7493 19.3882 5.40756
    endloop
  endfacet
  facet normal -0.337113 0.336984 0.879089
    outer loop
      vertex -14.6957 24.4916 2.32131
      vertex -12.8888 22.0767 3.93993
      vertex -14.4341 24.7533 2.32131
    endloop
  endfacet
  facet normal -0.337011 0.337065 0.879097
    outer loop
      vertex -12.8888 22.0767 3.93993
      vertex -14.6957 24.4916 2.32131
      vertex -13.1562 21.8602 3.92043
    endloop
  endfacet
  facet normal -0.337196 0.336942 0.879073
    outer loop
      vertex -13.1562 21.8602 3.92043
      vertex -14.6957 24.4916 2.32131
      vertex -13.1669 21.8437 3.92265
    endloop
  endfacet
  facet normal 0.0927154 -0.585276 0.805516
    outer loop
      vertex -13.7389 -24.9792 2.32131
      vertex -13.7389 -25.6386 1.8422
      vertex -13.3734 -24.9213 2.32131
    endloop
  endfacet
  facet normal 0.087407 -0.551961 0.829276
    outer loop
      vertex -12.2101 -22.3312 3.92265
      vertex -13.3734 -24.9213 2.32131
      vertex -11.8877 -22.3481 3.87742
    endloop
  endfacet
  facet normal 0.0874392 -0.55197 0.829267
    outer loop
      vertex -13.3734 -24.9213 2.32131
      vertex -12.2101 -22.3312 3.92265
      vertex -13.7389 -24.9792 2.32131
    endloop
  endfacet
  facet normal 0.0874262 -0.55197 0.829268
    outer loop
      vertex -1.30263 -3.43899 15.3476
      vertex -10.6728 -20.2438 5.14998
      vertex -0.937138 -3.3811 15.3476
    endloop
  endfacet
  facet normal 0.0873896 -0.551958 0.82928
    outer loop
      vertex -10.6728 -20.2438 5.14998
      vertex -1.30263 -3.43899 15.3476
      vertex -10.8486 -19.9731 5.34868
    endloop
  endfacet
  facet normal 0.092732 -0.585281 0.805511
    outer loop
      vertex -13.3734 -24.9213 2.32131
      vertex -13.7389 -25.6386 1.8422
      vertex -13.1696 -25.5484 1.8422
    endloop
  endfacet
  facet normal 0.361648 -0.626394 0.690537
    outer loop
      vertex -0.219814 -3.74659 14.8685
      vertex -12.656 -25.2868 1.8422
      vertex 3.68808 -1.49037 14.8685
    endloop
  endfacet
  facet normal -0.723866 -0.368925 -0.58302
    outer loop
      vertex -15.6168 -25.1608 -1.18276
      vertex -15.9466 -24.5137 -1.18276
      vertex -15.4909 -24.3657 -1.8422
    endloop
  endfacet
  facet normal -0.848387 -0.432295 0.30555
    outer loop
      vertex -15.9466 -24.5137 1.18276
      vertex -16.1861 -24.5916 0.407553
      vertex -15.8206 -25.3089 0.407553
    endloop
  endfacet
  facet normal -0.890998 -0.454008 0
    outer loop
      vertex -15.8206 -25.3089 -0.407553
      vertex -16.1861 -24.5916 0.407553
      vertex -16.1861 -24.5916 -0.407553
    endloop
  endfacet
  facet normal -0.890998 -0.454008 0
    outer loop
      vertex -16.1861 -24.5916 0.407553
      vertex -15.8206 -25.3089 -0.407553
      vertex -15.8206 -25.3089 0.407553
    endloop
  endfacet
  facet normal -0.848387 -0.432295 -0.30555
    outer loop
      vertex -15.8206 -25.3089 -0.407553
      vertex -16.1861 -24.5916 -0.407553
      vertex -15.9466 -24.5137 -1.18276
    endloop
  endfacet
  facet normal -0.368752 -0.723972 0.582998
    outer loop
      vertex -14.8217 -25.2868 1.8422
      vertex -15.1033 -25.6744 1.18276
      vertex -14.3081 -25.5484 1.8422
    endloop
  endfacet
  facet normal 0.802472 -0.127009 -0.583016
    outer loop
      vertex 29.799 0 -1.18276
      vertex 29.2298 -0.56927 -1.8422
      vertex 29.3199 0 -1.8422
    endloop
  endfacet
  facet normal 0.155344 -0.269065 0.950512
    outer loop
      vertex 2.37764 -0.772542 15.5505
      vertex 2.84482 -0.329717 15.5995
      vertex 2.40782 -0.582018 15.5995
    endloop
  endfacet
  facet normal 0.155264 -0.268985 0.950547
    outer loop
      vertex 2.84482 -0.329717 15.5995
      vertex 2.37764 -0.772542 15.5505
      vertex 3.30047 -0.956877 15.3476
    endloop
  endfacet
  facet normal 0.155267 -0.268973 0.95055
    outer loop
      vertex 2.02254 -1.46946 15.4113
      vertex 3.30047 -0.956877 15.3476
      vertex 2.37764 -0.772542 15.5505
    endloop
  endfacet
  facet normal 0.15522 -0.268849 0.950593
    outer loop
      vertex 3.30047 -0.956877 15.3476
      vertex 2.02254 -1.46946 15.4113
      vertex 1.48964 -2.00236 15.3476
    endloop
  endfacet
  facet normal 0.155782 -0.269823 0.950225
    outer loop
      vertex 0.772542 -2.37764 15.3586
      vertex -0.60742 -3.2131 15.3476
      vertex 1.3437 -2.08662 15.3476
    endloop
  endfacet
  facet normal 0.155318 -0.269059 0.950517
    outer loop
      vertex 0 -2.5 15.4502
      vertex -0.60742 -3.2131 15.3476
      vertex 0.772542 -2.37764 15.3586
    endloop
  endfacet
  facet normal 0.155216 -0.268978 0.950557
    outer loop
      vertex -0.717415 -2.38637 15.5995
      vertex -0.60742 -3.2131 15.3476
      vertex 0 -2.5 15.4502
    endloop
  endfacet
  facet normal 0.155288 -0.268966 0.950549
    outer loop
      vertex -0.60742 -3.2131 15.3476
      vertex -0.717415 -2.38637 15.5995
      vertex -1.06308 -2.58594 15.5995
    endloop
  endfacet
  facet normal 0.269014 -0.52796 0.805537
    outer loop
      vertex -0.60742 -3.2131 15.3476
      vertex -0.733361 -4.00826 14.8685
      vertex -0.219814 -3.74659 14.8685
    endloop
  endfacet
  facet normal 0.451491 -0.230158 0.862081
    outer loop
      vertex 3.73014 -0.365494 15.3476
      vertex 22.6564 -0.463525 5.40932
      vertex 22.6409 -0.365494 5.44361
    endloop
  endfacet
  facet normal 0.45151 -0.229992 0.862115
    outer loop
      vertex 3.73014 -0.365494 15.3476
      vertex 22.7745 -0.695211 5.28566
      vertex 22.6564 -0.463525 5.40932
    endloop
  endfacet
  facet normal 0.451502 -0.230053 0.862103
    outer loop
      vertex 22.7745 -0.695211 5.28566
      vertex 3.73014 -0.365494 15.3476
      vertex 3.56214 -0.695211 15.3476
    endloop
  endfacet
  facet normal 0.451503 -0.230054 0.862102
    outer loop
      vertex 25.5251 -0.365494 3.93307
      vertex 28.4346 -0.695211 2.32131
      vertex 28.6026 -0.365494 2.32131
    endloop
  endfacet
  facet normal 0.451524 -0.229954 0.862118
    outer loop
      vertex 25.5096 -0.463525 3.91504
      vertex 28.4346 -0.695211 2.32131
      vertex 25.5251 -0.365494 3.93307
    endloop
  endfacet
  facet normal 0.45149 -0.230143 0.862085
    outer loop
      vertex 28.4346 -0.695211 2.32131
      vertex 25.5096 -0.463525 3.91504
      vertex 25.3915 -0.695211 3.91504
    endloop
  endfacet
  facet normal 0.308669 0.0488895 0.949912
    outer loop
      vertex 3.73014 0.365494 15.3476
      vertex 3.01282 0 15.5995
      vertex 3.78803 0 15.3476
    endloop
  endfacet
  facet normal 0.58525 -0.0926292 0.805545
    outer loop
      vertex 29.3199 0 1.8422
      vertex 28.6026 -0.365494 2.32131
      vertex 29.2298 -0.56927 1.8422
    endloop
  endfacet
  facet normal 0.802472 -0.127009 0.583016
    outer loop
      vertex 29.3199 0 1.8422
      vertex 29.2298 -0.56927 1.8422
      vertex 29.799 0 1.18276
    endloop
  endfacet
  facet normal 0.500001 0.866025 -0
    outer loop
      vertex 28.9902 2.08175 -0.407553
      vertex -12.2264 25.8782 0.407553
      vertex 28.9902 2.08175 0.407553
    endloop
  endfacet
  facet normal 0.500001 0.866025 0
    outer loop
      vertex -12.2264 25.8782 0.407553
      vertex 28.9902 2.08175 -0.407553
      vertex -12.2264 25.8782 -0.407553
    endloop
  endfacet
  facet normal 0.802472 0.127009 0.583016
    outer loop
      vertex 29.799 0 1.18276
      vertex 29.2298 0.56927 1.8422
      vertex 29.3199 0 1.8422
    endloop
  endfacet
  facet normal 0.723942 0.368847 0.582974
    outer loop
      vertex 29.3557 1.36443 1.18276
      vertex 29.2298 0.56927 1.8422
      vertex 29.6854 0.717322 1.18276
    endloop
  endfacet
  facet normal 0.802494 0.127088 -0.582968
    outer loop
      vertex 29.799 0 -1.18276
      vertex 29.2298 0.56927 -1.8422
      vertex 29.6854 0.717322 -1.18276
    endloop
  endfacet
  facet normal 0.707088 0.707125 0
    outer loop
      vertex 29.5595 1.51248 0.407553
      vertex 28.9902 2.08175 -0.407553
      vertex 28.9902 2.08175 0.407553
    endloop
  endfacet
  facet normal 0.707088 0.707125 0
    outer loop
      vertex 28.9902 2.08175 -0.407553
      vertex 29.5595 1.51248 0.407553
      vertex 29.5595 1.51248 -0.407553
    endloop
  endfacet
  facet normal 0.673329 -0.673263 0.305523
    outer loop
      vertex 28.9902 -2.08175 0.407553
      vertex 29.3557 -1.36443 1.18276
      vertex 28.8422 -1.87798 1.18276
    endloop
  endfacet
  facet normal 0.673264 -0.673299 0.305587
    outer loop
      vertex 29.3557 -1.36443 1.18276
      vertex 28.9902 -2.08175 0.407553
      vertex 29.5595 -1.51248 0.407553
    endloop
  endfacet
  facet normal 0.723942 0.368847 -0.582974
    outer loop
      vertex 29.6854 0.717322 -1.18276
      vertex 29.2298 0.56927 -1.8422
      vertex 29.3557 1.36443 -1.18276
    endloop
  endfacet
  facet normal 0.673278 0.673313 -0.305526
    outer loop
      vertex 29.5595 1.51248 -0.407553
      vertex 28.8422 1.87798 -1.18276
      vertex 28.9902 2.08175 -0.407553
    endloop
  endfacet
  facet normal 0.673314 0.673248 -0.30559
    outer loop
      vertex 28.8422 1.87798 -1.18276
      vertex 29.5595 1.51248 -0.407553
      vertex 29.3557 1.36443 -1.18276
    endloop
  endfacet
  facet normal 0.574526 0.57447 -0.583014
    outer loop
      vertex 28.9681 1.08282 -1.8422
      vertex 28.8422 1.87798 -1.18276
      vertex 29.3557 1.36443 -1.18276
    endloop
  endfacet
  facet normal 0.574433 0.574503 -0.583072
    outer loop
      vertex 28.8422 1.87798 -1.18276
      vertex 28.9681 1.08282 -1.8422
      vertex 28.5605 1.49037 -1.8422
    endloop
  endfacet
  facet normal 0.527948 -0.269004 -0.805548
    outer loop
      vertex 29.2298 -0.56927 -1.8422
      vertex 28.4346 -0.695211 -2.32131
      vertex 28.6026 -0.365494 -2.32131
    endloop
  endfacet
  facet normal 0.0874262 -0.55197 -0.829268
    outer loop
      vertex -10.6728 -20.2438 -5.14998
      vertex -1.30263 -3.43899 -15.3476
      vertex -0.937138 -3.3811 -15.3476
    endloop
  endfacet
  facet normal 0.0873896 -0.551958 -0.82928
    outer loop
      vertex -1.30263 -3.43899 -15.3476
      vertex -10.6728 -20.2438 -5.14998
      vertex -10.8486 -19.9731 -5.34868
    endloop
  endfacet
  facet normal 0.087407 -0.551961 -0.829276
    outer loop
      vertex -13.3734 -24.9213 -2.32131
      vertex -12.2101 -22.3312 -3.92265
      vertex -11.8877 -22.3481 -3.87742
    endloop
  endfacet
  facet normal 0.0874392 -0.55197 -0.829267
    outer loop
      vertex -12.2101 -22.3312 -3.92265
      vertex -13.3734 -24.9213 -2.32131
      vertex -13.7389 -24.9792 -2.32131
    endloop
  endfacet
  facet normal -0.220967 0.220992 -0.949914
    outer loop
      vertex -1.63235 2.49578 -15.5995
      vertex -1.99784 3.2131 -15.3476
      vertex -1.54218 2.58594 -15.5995
    endloop
  endfacet
  facet normal -0.220978 0.220986 -0.949913
    outer loop
      vertex -1.99784 3.2131 -15.3476
      vertex -1.63235 2.49578 -15.5995
      vertex -2.25951 2.95144 -15.3476
    endloop
  endfacet
  facet normal -0.673337 -0.673206 -0.305632
    outer loop
      vertex -15.1033 -25.6744 -1.18276
      vertex -15.8206 -25.3089 -0.407553
      vertex -15.6168 -25.1608 -1.18276
    endloop
  endfacet
  facet normal -0.67329 -0.67329 -0.305549
    outer loop
      vertex -15.8206 -25.3089 -0.407553
      vertex -15.1033 -25.6744 -1.18276
      vertex -15.2513 -25.8782 -0.407553
    endloop
  endfacet
  facet normal 0.0874262 0.55197 -0.829268
    outer loop
      vertex -1.30263 3.43899 -15.3476
      vertex -10.6728 20.2438 -5.14998
      vertex -0.937138 3.3811 -15.3476
    endloop
  endfacet
  facet normal 0.0873896 0.551958 -0.82928
    outer loop
      vertex -10.6728 20.2438 -5.14998
      vertex -1.30263 3.43899 -15.3476
      vertex -10.8486 19.9731 -5.34868
    endloop
  endfacet
  facet normal 0.087407 0.551961 -0.829276
    outer loop
      vertex -12.2101 22.3312 -3.92265
      vertex -13.3734 24.9213 -2.32131
      vertex -11.8877 22.3481 -3.87742
    endloop
  endfacet
  facet normal 0.0874392 0.55197 -0.829267
    outer loop
      vertex -13.3734 24.9213 -2.32131
      vertex -12.2101 22.3312 -3.92265
      vertex -13.7389 24.9792 -2.32131
    endloop
  endfacet
  facet normal -0.337031 0.337044 -0.879097
    outer loop
      vertex -11.7296 19.3893 -5.4147
      vertex -1.99784 3.2131 -15.3476
      vertex -2.25951 2.95144 -15.3476
    endloop
  endfacet
  facet normal -0.337074 0.337014 -0.879092
    outer loop
      vertex -1.99784 3.2131 -15.3476
      vertex -11.7296 19.3893 -5.4147
      vertex -11.4084 19.5126 -5.49059
    endloop
  endfacet
  facet normal -0.337405 0.336798 -0.879048
    outer loop
      vertex -11.7296 19.3893 -5.4147
      vertex -2.25951 2.95144 -15.3476
      vertex -11.7493 19.3882 -5.40756
    endloop
  endfacet
  facet normal -0.337011 0.337065 -0.879097
    outer loop
      vertex -14.6957 24.4916 -2.32131
      vertex -12.8888 22.0767 -3.93993
      vertex -13.1562 21.8602 -3.92043
    endloop
  endfacet
  facet normal -0.337196 0.336942 -0.879073
    outer loop
      vertex -14.6957 24.4916 -2.32131
      vertex -13.1562 21.8602 -3.92043
      vertex -13.1669 21.8437 -3.92265
    endloop
  endfacet
  facet normal -0.337113 0.336984 -0.879089
    outer loop
      vertex -12.8888 22.0767 -3.93993
      vertex -14.6957 24.4916 -2.32131
      vertex -14.4341 24.7533 -2.32131
    endloop
  endfacet
  facet normal 0.141879 0.278454 0.949913
    outer loop
      vertex -0.937138 3.3811 15.3476
      vertex -1.17669 2.64383 15.5995
      vertex -0.60742 3.2131 15.3476
    endloop
  endfacet
  facet normal -0.0765371 0.483232 -0.87214
    outer loop
      vertex -10.9268 19.8528 -5.40851
      vertex -1.30263 3.43899 -15.3476
      vertex -1.66813 3.3811 -15.3476
    endloop
  endfacet
  facet normal -0.0763147 0.483338 -0.872101
    outer loop
      vertex -1.30263 3.43899 -15.3476
      vertex -10.9268 19.8528 -5.40851
      vertex -10.8486 19.9731 -5.34868
    endloop
  endfacet
  facet normal -0.0766301 0.483189 -0.872156
    outer loop
      vertex -10.9268 19.8528 -5.40851
      vertex -1.66813 3.3811 -15.3476
      vertex -11.098 19.7141 -5.47031
    endloop
  endfacet
  facet normal -0.0765363 0.483228 -0.872143
    outer loop
      vertex -12.3534 22.3237 -3.91423
      vertex -13.7389 24.9792 -2.32131
      vertex -12.2101 22.3312 -3.92265
    endloop
  endfacet
  facet normal -0.0766079 0.483197 -0.872153
    outer loop
      vertex -12.5591 22.2447 -3.93993
      vertex -13.7389 24.9792 -2.32131
      vertex -12.3534 22.3237 -3.91423
    endloop
  endfacet
  facet normal -0.0765482 0.483219 -0.872147
    outer loop
      vertex -13.7389 24.9792 -2.32131
      vertex -12.5591 22.2447 -3.93993
      vertex -14.1044 24.9213 -2.32131
    endloop
  endfacet
  facet normal 0.585276 -0.0927169 -0.805516
    outer loop
      vertex 29.3199 0 -1.8422
      vertex 28.6026 -0.365494 -2.32131
      vertex 28.6605 0 -2.32131
    endloop
  endfacet
  facet normal -0.940476 0.148945 0.305482
    outer loop
      vertex -15.9466 24.5137 1.18276
      vertex -16.312 23.7964 0.407553
      vertex -16.0602 23.7964 1.18276
    endloop
  endfacet
  facet normal -0.940471 0.1489 -0.305521
    outer loop
      vertex -15.9466 24.5137 -1.18276
      vertex -16.312 23.7964 -0.407553
      vertex -16.1861 24.5916 -0.407553
    endloop
  endfacet
  facet normal -0.308673 0.0488719 -0.949912
    outer loop
      vertex -1.71018 2.25622 -15.5995
      vertex -2.42751 2.62172 -15.3476
      vertex -1.69024 2.38216 -15.5995
    endloop
  endfacet
  facet normal -0.6318 -0.100063 -0.768646
    outer loop
      vertex -12.687 -19.5091 -4.77917
      vertex -3.14483 -2.25622 -14.8685
      vertex -3.05467 -2.82549 -14.8685
    endloop
  endfacet
  facet normal -0.631819 -0.100045 -0.768632
    outer loop
      vertex -13.0452 -19.7418 -4.45444
      vertex -3.14483 -2.25622 -14.8685
      vertex -12.687 -19.5091 -4.77917
    endloop
  endfacet
  facet normal -0.632001 -0.0998667 -0.768506
    outer loop
      vertex -13.3405 -20.1065 -4.1642
      vertex -3.14483 -2.25622 -14.8685
      vertex -13.0452 -19.7418 -4.45444
    endloop
  endfacet
  facet normal -0.631772 -0.100098 -0.768664
    outer loop
      vertex -15.5811 -23.7964 -1.8422
      vertex -13.5311 -20.9712 -3.89502
      vertex -15.4909 -24.3657 -1.8422
    endloop
  endfacet
  facet normal -0.631883 -0.0999641 -0.768591
    outer loop
      vertex -13.5311 -20.9712 -3.89502
      vertex -15.5811 -23.7964 -1.8422
      vertex -13.5087 -20.5446 -3.96892
    endloop
  endfacet
  facet normal -0.63158 -0.100282 -0.768798
    outer loop
      vertex -13.3405 -20.1065 -4.1642
      vertex -15.5811 -23.7964 -1.8422
      vertex -3.14483 -2.25622 -14.8685
    endloop
  endfacet
  facet normal -0.631805 -0.100048 -0.768643
    outer loop
      vertex -13.5087 -20.5446 -3.96892
      vertex -15.5811 -23.7964 -1.8422
      vertex -13.3405 -20.1065 -4.1642
    endloop
  endfacet
  facet normal -0.564955 0.16298 -0.808866
    outer loop
      vertex -3.05467 2.82549 -14.8685
      vertex -12.0971 19.37 -5.21919
      vertex -2.42751 2.62172 -15.3476
    endloop
  endfacet
  facet normal -0.56481 0.163104 -0.808942
    outer loop
      vertex -3.05467 2.82549 -14.8685
      vertex -12.1983 19.3647 -5.1496
      vertex -12.0971 19.37 -5.21919
    endloop
  endfacet
  facet normal -0.56497 0.162966 -0.808858
    outer loop
      vertex -3.05467 2.82549 -14.8685
      vertex -12.6516 19.4862 -4.8085
      vertex -12.1983 19.3647 -5.1496
    endloop
  endfacet
  facet normal -0.564703 0.163203 -0.808996
    outer loop
      vertex -12.6516 19.4862 -4.8085
      vertex -3.05467 2.82549 -14.8685
      vertex -12.687 19.5091 -4.77917
    endloop
  endfacet
  facet normal -0.564679 0.163232 -0.809008
    outer loop
      vertex -15.4909 24.3657 -1.8422
      vertex -13.5333 21.0133 -3.88499
      vertex -13.5311 20.9712 -3.89502
    endloop
  endfacet
  facet normal -0.564925 0.16301 -0.80888
    outer loop
      vertex -13.5333 21.0133 -3.88499
      vertex -15.4909 24.3657 -1.8422
      vertex -14.8637 24.1619 -2.32131
    endloop
  endfacet
  facet normal -0.564793 0.16312 -0.80895
    outer loop
      vertex -13.4118 21.4666 -3.87849
      vertex -14.8637 24.1619 -2.32131
      vertex -13.3566 21.5515 -3.89991
    endloop
  endfacet
  facet normal -0.564917 0.163016 -0.808885
    outer loop
      vertex -14.8637 24.1619 -2.32131
      vertex -13.4118 21.4666 -3.87849
      vertex -13.5333 21.0133 -3.88499
    endloop
  endfacet
  facet normal -0.58525 -0.0926909 -0.805538
    outer loop
      vertex -3.05467 -2.82549 -14.8685
      vertex -3.14483 -2.25622 -14.8685
      vertex -2.42751 -2.62172 -15.3476
    endloop
  endfacet
  facet normal -0.585251 0.0926955 0.805536
    outer loop
      vertex -2.42751 2.62172 15.3476
      vertex -3.14483 2.25622 14.8685
      vertex -2.4854 2.25622 15.3476
    endloop
  endfacet
  facet normal 0.848392 0.432254 0.305593
    outer loop
      vertex 29.5595 1.51248 0.407553
      vertex 29.3557 1.36443 1.18276
      vertex 29.6854 0.717322 1.18276
    endloop
  endfacet
  facet normal 0.432262 0.848397 0.305568
    outer loop
      vertex -12.2264 25.8782 0.407553
      vertex -13.0215 26.0041 1.18276
      vertex -12.3744 25.6744 1.18276
    endloop
  endfacet
  facet normal 0.278452 -0.141881 0.949913
    outer loop
      vertex 2.99287 -0.12594 15.5995
      vertex 2.93498 -0.239553 15.5995
      vertex 3.56214 -0.695211 15.3476
    endloop
  endfacet
  facet normal -0.432288 0.848373 -0.305599
    outer loop
      vertex -14.4562 26.0041 -1.18276
      vertex -15.2513 25.8782 -0.407553
      vertex -14.534 26.2437 -0.407553
    endloop
  endfacet
  facet normal 0.142436 -0.571132 0.808406
    outer loop
      vertex -11.4314 -22.2268 3.88262
      vertex -13.1696 -25.5484 1.8422
      vertex -11.1441 -22.0403 3.96376
    endloop
  endfacet
  facet normal 0.142669 -0.571199 0.808317
    outer loop
      vertex -11.8847 -22.3483 3.87677
      vertex -13.1696 -25.5484 1.8422
      vertex -11.4314 -22.2268 3.88262
    endloop
  endfacet
  facet normal 0.137614 -0.569519 0.810376
    outer loop
      vertex -13.3734 -24.9213 2.32131
      vertex -11.8847 -22.3483 3.87677
      vertex -11.8877 -22.3481 3.87742
    endloop
  endfacet
  facet normal 0.142665 -0.571198 0.808319
    outer loop
      vertex -11.8847 -22.3483 3.87677
      vertex -13.3734 -24.9213 2.32131
      vertex -13.1696 -25.5484 1.8422
    endloop
  endfacet
  facet normal 0.142615 -0.571178 0.808342
    outer loop
      vertex -0.733361 -4.00826 14.8685
      vertex -10.6712 -20.2464 5.14788
      vertex -10.5497 -20.6997 4.80614
    endloop
  endfacet
  facet normal 0.138019 -0.569535 0.810296
    outer loop
      vertex -0.733361 -4.00826 14.8685
      vertex -10.6728 -20.2438 5.14998
      vertex -10.6712 -20.2464 5.14788
    endloop
  endfacet
  facet normal 0.142606 -0.571175 0.808345
    outer loop
      vertex -10.6728 -20.2438 5.14998
      vertex -0.733361 -4.00826 14.8685
      vertex -0.937138 -3.3811 15.3476
    endloop
  endfacet
  facet normal 0.142736 -0.571219 0.808292
    outer loop
      vertex -0.733361 -4.00826 14.8685
      vertex -10.5497 -20.6997 4.80614
      vertex -10.5676 -21.0417 4.56761
    endloop
  endfacet
  facet normal 0.848392 -0.432254 0.305593
    outer loop
      vertex 29.6854 -0.717322 1.18276
      vertex 29.3557 -1.36443 1.18276
      vertex 29.5595 -1.51248 0.407553
    endloop
  endfacet
  facet normal -0.940476 -0.148945 0.305482
    outer loop
      vertex -16.0602 -23.7964 1.18276
      vertex -16.312 -23.7964 0.407553
      vertex -15.9466 -24.5137 1.18276
    endloop
  endfacet
  facet normal -0.673273 -0.673273 0.305628
    outer loop
      vertex -15.2513 -25.8782 0.407553
      vertex -15.6168 -25.1608 1.18276
      vertex -15.8206 -25.3089 0.407553
    endloop
  endfacet
  facet normal -0.673357 -0.673226 0.305545
    outer loop
      vertex -15.6168 -25.1608 1.18276
      vertex -15.2513 -25.8782 0.407553
      vertex -15.1033 -25.6744 1.18276
    endloop
  endfacet
  facet normal 0.432262 -0.848397 -0.305568
    outer loop
      vertex -12.2264 -25.8782 -0.407553
      vertex -13.0215 -26.0041 -1.18276
      vertex -12.3744 -25.6744 -1.18276
    endloop
  endfacet
  facet normal 0.314681 -0.617586 0.720807
    outer loop
      vertex -10.5676 -21.0417 4.56761
      vertex -0.219814 -3.74659 14.8685
      vertex -0.733361 -4.00826 14.8685
    endloop
  endfacet
  facet normal 0.315046 -0.617667 0.720578
    outer loop
      vertex -10.5743 -21.1683 4.46202
      vertex -0.219814 -3.74659 14.8685
      vertex -10.5676 -21.0417 4.56761
    endloop
  endfacet
  facet normal 0.314381 -0.617521 0.720994
    outer loop
      vertex -10.7425 -21.6065 4.16005
      vertex -0.219814 -3.74659 14.8685
      vertex -10.5743 -21.1683 4.46202
    endloop
  endfacet
  facet normal 0.314576 -0.617563 0.720873
    outer loop
      vertex -10.7425 -21.6065 4.16005
      vertex -12.656 -25.2868 1.8422
      vertex -0.219814 -3.74659 14.8685
    endloop
  endfacet
  facet normal 0.314687 -0.617581 0.72081
    outer loop
      vertex -11.0378 -21.9712 3.9765
      vertex -12.656 -25.2868 1.8422
      vertex -10.7425 -21.6065 4.16005
    endloop
  endfacet
  facet normal 0.315136 -0.61764 0.720562
    outer loop
      vertex -11.1441 -22.0403 3.96376
      vertex -12.656 -25.2868 1.8422
      vertex -11.0378 -21.9712 3.9765
    endloop
  endfacet
  facet normal 0.314559 -0.617574 0.720871
    outer loop
      vertex -12.656 -25.2868 1.8422
      vertex -11.1441 -22.0403 3.96376
      vertex -13.1696 -25.5484 1.8422
    endloop
  endfacet
  facet normal 0.148919 -0.940445 -0.305593
    outer loop
      vertex -13.0215 -26.0041 -1.18276
      vertex -13.7389 -26.3696 -0.407553
      vertex -13.7389 -26.1177 -1.18276
    endloop
  endfacet
  facet normal -0.148939 -0.940442 -0.305592
    outer loop
      vertex -13.7389 -26.3696 -0.407553
      vertex -14.4562 -26.0041 -1.18276
      vertex -13.7389 -26.1177 -1.18276
    endloop
  endfacet
  facet normal 0.127142 -0.802458 0.583006
    outer loop
      vertex -13.7389 -25.6386 1.8422
      vertex -13.7389 -26.1177 1.18276
      vertex -13.1696 -25.5484 1.8422
    endloop
  endfacet
  facet normal -0.0927154 -0.585276 0.805516
    outer loop
      vertex -13.7389 -24.9792 2.32131
      vertex -14.1044 -24.9213 2.32131
      vertex -13.7389 -25.6386 1.8422
    endloop
  endfacet
  facet normal 0.0488898 0.308669 -0.949912
    outer loop
      vertex -0.937138 3.3811 -15.3476
      vertex -1.30263 2.66378 -15.5995
      vertex -1.30263 3.43899 -15.3476
    endloop
  endfacet
  facet normal -0.585251 0.0926955 -0.805536
    outer loop
      vertex -2.4854 2.25622 -15.3476
      vertex -3.14483 2.25622 -14.8685
      vertex -2.42751 2.62172 -15.3476
    endloop
  endfacet
  facet normal 0.294946 -0.510861 -0.807482
    outer loop
      vertex 3.68808 -1.49037 -14.8685
      vertex 1.48964 -2.00236 -15.3476
      vertex 3.30047 -0.956877 -15.3476
    endloop
  endfacet
  facet normal 0.294959 -0.511008 -0.807385
    outer loop
      vertex 3.68808 -1.49037 -14.8685
      vertex 1.46946 -2.02254 -15.3422
      vertex 1.48964 -2.00236 -15.3476
    endloop
  endfacet
  facet normal 0.294944 -0.510859 -0.807484
    outer loop
      vertex -0.219814 -3.74659 -14.8685
      vertex 1.46946 -2.02254 -15.3422
      vertex 3.68808 -1.49037 -14.8685
    endloop
  endfacet
  facet normal 0.294994 -0.510896 -0.807442
    outer loop
      vertex 1.46946 -2.02254 -15.3422
      vertex -0.219814 -3.74659 -14.8685
      vertex 1.3437 -2.08662 -15.3476
    endloop
  endfacet
  facet normal 0.294947 -0.510863 -0.80748
    outer loop
      vertex 1.3437 -2.08662 -15.3476
      vertex -0.219814 -3.74659 -14.8685
      vertex -0.60742 -3.2131 -15.3476
    endloop
  endfacet
  facet normal 0.148895 -0.940442 -0.305614
    outer loop
      vertex -12.9437 -26.2437 -0.407553
      vertex -13.7389 -26.3696 -0.407553
      vertex -13.0215 -26.0041 -1.18276
    endloop
  endfacet
  facet normal 0.155782 0.269823 0.950225
    outer loop
      vertex -0.60742 3.2131 15.3476
      vertex 0.772542 2.37764 15.3586
      vertex 1.3437 2.08662 15.3476
    endloop
  endfacet
  facet normal 0.155318 0.269059 0.950517
    outer loop
      vertex -0.60742 3.2131 15.3476
      vertex 0 2.5 15.4502
      vertex 0.772542 2.37764 15.3586
    endloop
  endfacet
  facet normal 0.155216 0.268978 0.950557
    outer loop
      vertex -0.60742 3.2131 15.3476
      vertex -0.717415 2.38637 15.5995
      vertex 0 2.5 15.4502
    endloop
  endfacet
  facet normal 0.155288 0.268966 0.950549
    outer loop
      vertex -0.717415 2.38637 15.5995
      vertex -0.60742 3.2131 15.3476
      vertex -1.06308 2.58594 15.5995
    endloop
  endfacet
  facet normal 0.155264 0.268985 0.950547
    outer loop
      vertex 2.37764 0.772542 15.5505
      vertex 2.84482 0.329717 15.5995
      vertex 3.30047 0.956877 15.3476
    endloop
  endfacet
  facet normal 0.155344 0.269065 0.950512
    outer loop
      vertex 2.84482 0.329717 15.5995
      vertex 2.37764 0.772542 15.5505
      vertex 2.40782 0.582018 15.5995
    endloop
  endfacet
  facet normal 0.155267 0.268973 0.95055
    outer loop
      vertex 3.30047 0.956877 15.3476
      vertex 2.02254 1.46946 15.4113
      vertex 2.37764 0.772542 15.5505
    endloop
  endfacet
  facet normal 0.15522 0.268849 0.950593
    outer loop
      vertex 2.02254 1.46946 15.4113
      vertex 3.30047 0.956877 15.3476
      vertex 1.48964 2.00236 15.3476
    endloop
  endfacet
  facet normal -0.0488953 -0.308665 0.949913
    outer loop
      vertex -1.42857 -2.64383 15.5995
      vertex -1.66813 -3.3811 15.3476
      vertex -1.30263 -2.66378 15.5995
    endloop
  endfacet
  facet normal 0.294946 -0.510861 0.807482
    outer loop
      vertex 1.48964 -2.00236 15.3476
      vertex 3.68808 -1.49037 14.8685
      vertex 3.30047 -0.956877 15.3476
    endloop
  endfacet
  facet normal 0.294959 -0.511008 0.807385
    outer loop
      vertex 1.46946 -2.02254 15.3422
      vertex 3.68808 -1.49037 14.8685
      vertex 1.48964 -2.00236 15.3476
    endloop
  endfacet
  facet normal 0.294994 -0.510896 0.807442
    outer loop
      vertex -0.219814 -3.74659 14.8685
      vertex 1.46946 -2.02254 15.3422
      vertex 1.3437 -2.08662 15.3476
    endloop
  endfacet
  facet normal 0.294944 -0.510859 0.807484
    outer loop
      vertex 1.46946 -2.02254 15.3422
      vertex -0.219814 -3.74659 14.8685
      vertex 3.68808 -1.49037 14.8685
    endloop
  endfacet
  facet normal 0.294947 -0.510863 0.80748
    outer loop
      vertex -0.219814 -3.74659 14.8685
      vertex 1.3437 -2.08662 15.3476
      vertex -0.60742 -3.2131 15.3476
    endloop
  endfacet
  facet normal 0.308666 0.0488954 0.949913
    outer loop
      vertex 3.73014 0.365494 15.3476
      vertex 2.99287 0.12594 15.5995
      vertex 3.01282 0 15.5995
    endloop
  endfacet
  facet normal 0.26901 -0.52796 0.805538
    outer loop
      vertex -0.60742 -3.2131 15.3476
      vertex -0.937138 -3.3811 15.3476
      vertex -0.733361 -4.00826 14.8685
    endloop
  endfacet
  facet normal 0.420852 -0.420903 0.80357
    outer loop
      vertex 25.0954 -1.08282 3.87044
      vertex 28.5605 -1.49037 1.8422
      vertex 28.9681 -1.08282 1.8422
    endloop
  endfacet
  facet normal 0.420864 -0.420864 0.803584
    outer loop
      vertex 24.9647 -1.21352 3.87044
      vertex 28.5605 -1.49037 1.8422
      vertex 25.0954 -1.08282 3.87044
    endloop
  endfacet
  facet normal 0.420842 -0.420943 0.803554
    outer loop
      vertex 24.5465 -1.42658 3.97785
      vertex 28.5605 -1.49037 1.8422
      vertex 24.9647 -1.21352 3.87044
    endloop
  endfacet
  facet normal 0.42089 -0.420732 0.803639
    outer loop
      vertex 28.5605 -1.49037 1.8422
      vertex 24.5465 -1.42658 3.97785
      vertex 24.1438 -1.49037 4.15536
    endloop
  endfacet
  facet normal 0.420849 -0.420902 0.803571
    outer loop
      vertex 4.09563 -1.08282 14.8685
      vertex 23.2013 -1.21352 4.79395
      vertex 23.0706 -1.08282 4.93086
    endloop
  endfacet
  facet normal 0.420859 -0.420859 0.803589
    outer loop
      vertex 3.68808 -1.49037 14.8685
      vertex 23.2013 -1.21352 4.79395
      vertex 4.09563 -1.08282 14.8685
    endloop
  endfacet
  facet normal 0.420875 -0.420781 0.803622
    outer loop
      vertex 23.2013 -1.21352 4.79395
      vertex 3.68808 -1.49037 14.8685
      vertex 23.6195 -1.42658 4.46337
    endloop
  endfacet
  facet normal 0.42084 -0.420945 0.803554
    outer loop
      vertex 23.6195 -1.42658 4.46337
      vertex 3.68808 -1.49037 14.8685
      vertex 24.0222 -1.49037 4.21905
    endloop
  endfacet
  facet normal 0.940442 0.148935 0.305592
    outer loop
      vertex 30.0509 0 0.407553
      vertex 29.6854 0.717322 1.18276
      vertex 29.799 0 1.18276
    endloop
  endfacet
  facet normal 0.848373 0.432275 0.305617
    outer loop
      vertex 29.925 0.795158 0.407553
      vertex 29.5595 1.51248 0.407553
      vertex 29.6854 0.717322 1.18276
    endloop
  endfacet
  facet normal 0.940438 0.148903 0.30562
    outer loop
      vertex 29.925 0.795158 0.407553
      vertex 29.6854 0.717322 1.18276
      vertex 30.0509 0 0.407553
    endloop
  endfacet
  facet normal 0.475782 0.824078 0.307451
    outer loop
      vertex -12.2264 25.8782 0.407553
      vertex 28.8422 1.87798 1.18276
      vertex 28.9902 2.08175 0.407553
    endloop
  endfacet
  facet normal 0.475777 0.82407 0.30748
    outer loop
      vertex 28.8422 1.87798 1.18276
      vertex -12.2264 25.8782 0.407553
      vertex -12.3744 25.6744 1.18276
    endloop
  endfacet
  facet normal 0.802494 0.127088 0.582968
    outer loop
      vertex 29.6854 0.717322 1.18276
      vertex 29.2298 0.56927 1.8422
      vertex 29.799 0 1.18276
    endloop
  endfacet
  facet normal 0.707088 -0.707125 0
    outer loop
      vertex 28.9902 -2.08175 0.407553
      vertex 29.5595 -1.51248 -0.407553
      vertex 29.5595 -1.51248 0.407553
    endloop
  endfacet
  facet normal 0.707088 -0.707125 0
    outer loop
      vertex 29.5595 -1.51248 -0.407553
      vertex 28.9902 -2.08175 0.407553
      vertex 28.9902 -2.08175 -0.407553
    endloop
  endfacet
  facet normal 0.368821 -0.723883 0.583064
    outer loop
      vertex -12.3744 -25.6744 1.18276
      vertex -13.1696 -25.5484 1.8422
      vertex -13.0215 -26.0041 1.18276
    endloop
  endfacet
  facet normal 0.156377 -0.987697 0
    outer loop
      vertex -13.7389 -26.3696 -0.407553
      vertex -12.9437 -26.2437 0.407553
      vertex -13.7389 -26.3696 0.407553
    endloop
  endfacet
  facet normal 0.156377 -0.987697 0
    outer loop
      vertex -12.9437 -26.2437 0.407553
      vertex -13.7389 -26.3696 -0.407553
      vertex -12.9437 -26.2437 -0.407553
    endloop
  endfacet
  facet normal 0.848373 0.432275 -0.305617
    outer loop
      vertex 29.6854 0.717322 -1.18276
      vertex 29.5595 1.51248 -0.407553
      vertex 29.925 0.795158 -0.407553
    endloop
  endfacet
  facet normal 0.527947 -0.269037 -0.805537
    outer loop
      vertex 28.9681 -1.08282 -1.8422
      vertex 28.4346 -0.695211 -2.32131
      vertex 29.2298 -0.56927 -1.8422
    endloop
  endfacet
  facet normal 0.940442 -0.148935 -0.305592
    outer loop
      vertex 30.0509 0 -0.407553
      vertex 29.6854 -0.717322 -1.18276
      vertex 29.799 0 -1.18276
    endloop
  endfacet
  facet normal 0.142615 -0.571178 -0.808342
    outer loop
      vertex -10.6712 -20.2464 -5.14788
      vertex -0.733361 -4.00826 -14.8685
      vertex -10.5497 -20.6997 -4.80614
    endloop
  endfacet
  facet normal 0.142736 -0.571219 -0.808292
    outer loop
      vertex -10.5497 -20.6997 -4.80614
      vertex -0.733361 -4.00826 -14.8685
      vertex -10.5676 -21.0417 -4.56761
    endloop
  endfacet
  facet normal 0.138019 -0.569535 -0.810296
    outer loop
      vertex -10.6728 -20.2438 -5.14998
      vertex -0.733361 -4.00826 -14.8685
      vertex -10.6712 -20.2464 -5.14788
    endloop
  endfacet
  facet normal 0.142606 -0.571175 -0.808345
    outer loop
      vertex -0.733361 -4.00826 -14.8685
      vertex -10.6728 -20.2438 -5.14998
      vertex -0.937138 -3.3811 -15.3476
    endloop
  endfacet
  facet normal 0.142436 -0.571132 -0.808406
    outer loop
      vertex -13.1696 -25.5484 -1.8422
      vertex -11.4314 -22.2268 -3.88262
      vertex -11.1441 -22.0403 -3.96376
    endloop
  endfacet
  facet normal 0.142669 -0.571199 -0.808317
    outer loop
      vertex -13.1696 -25.5484 -1.8422
      vertex -11.8847 -22.3483 -3.87677
      vertex -11.4314 -22.2268 -3.88262
    endloop
  endfacet
  facet normal 0.142665 -0.571198 -0.808319
    outer loop
      vertex -13.3734 -24.9213 -2.32131
      vertex -11.8847 -22.3483 -3.87677
      vertex -13.1696 -25.5484 -1.8422
    endloop
  endfacet
  facet normal 0.137614 -0.569519 -0.810376
    outer loop
      vertex -11.8847 -22.3483 -3.87677
      vertex -13.3734 -24.9213 -2.32131
      vertex -11.8877 -22.3481 -3.87742
    endloop
  endfacet
  facet normal -0.0927154 -0.585276 -0.805516
    outer loop
      vertex -13.7389 -25.6386 -1.8422
      vertex -14.1044 -24.9213 -2.32131
      vertex -13.7389 -24.9792 -2.32131
    endloop
  endfacet
  facet normal 0.308666 0.0488954 -0.949913
    outer loop
      vertex 3.01282 0 -15.5995
      vertex 2.99287 0.12594 -15.5995
      vertex 3.73014 0.365494 -15.3476
    endloop
  endfacet
  facet normal 0.308669 0.0488895 -0.949912
    outer loop
      vertex 3.78803 0 -15.3476
      vertex 3.01282 0 -15.5995
      vertex 3.73014 0.365494 -15.3476
    endloop
  endfacet
  facet normal 0.314681 0.617586 -0.720807
    outer loop
      vertex -10.5676 21.0417 -4.56761
      vertex -0.219814 3.74659 -14.8685
      vertex -0.733361 4.00826 -14.8685
    endloop
  endfacet
  facet normal 0.315046 0.617667 -0.720578
    outer loop
      vertex -10.5743 21.1683 -4.46202
      vertex -0.219814 3.74659 -14.8685
      vertex -10.5676 21.0417 -4.56761
    endloop
  endfacet
  facet normal 0.314381 0.617521 -0.720994
    outer loop
      vertex -10.7425 21.6065 -4.16005
      vertex -0.219814 3.74659 -14.8685
      vertex -10.5743 21.1683 -4.46202
    endloop
  endfacet
  facet normal 0.314576 0.617563 -0.720873
    outer loop
      vertex -10.7425 21.6065 -4.16005
      vertex -12.656 25.2868 -1.8422
      vertex -0.219814 3.74659 -14.8685
    endloop
  endfacet
  facet normal 0.314687 0.617581 -0.72081
    outer loop
      vertex -11.0378 21.9712 -3.9765
      vertex -12.656 25.2868 -1.8422
      vertex -10.7425 21.6065 -4.16005
    endloop
  endfacet
  facet normal 0.315136 0.61764 -0.720562
    outer loop
      vertex -11.1441 22.0403 -3.96376
      vertex -12.656 25.2868 -1.8422
      vertex -11.0378 21.9712 -3.9765
    endloop
  endfacet
  facet normal 0.314559 0.617574 -0.720871
    outer loop
      vertex -12.656 25.2868 -1.8422
      vertex -11.1441 22.0403 -3.96376
      vertex -13.1696 25.5484 -1.8422
    endloop
  endfacet
  facet normal 0.418992 0.418992 -0.805538
    outer loop
      vertex 3.56214 0.695211 -15.3476
      vertex 3.68808 1.49037 -14.8685
      vertex 4.09563 1.08282 -14.8685
    endloop
  endfacet
  facet normal 0.418987 0.418994 -0.805539
    outer loop
      vertex 3.68808 1.49037 -14.8685
      vertex 3.56214 0.695211 -15.3476
      vertex 3.30047 0.956877 -15.3476
    endloop
  endfacet
  facet normal -0.58525 -0.0926909 0.805538
    outer loop
      vertex -2.42751 -2.62172 15.3476
      vertex -3.14483 -2.25622 14.8685
      vertex -3.05467 -2.82549 14.8685
    endloop
  endfacet
  facet normal 0.418992 -0.418992 -0.805538
    outer loop
      vertex 3.68808 -1.49037 -14.8685
      vertex 3.56214 -0.695211 -15.3476
      vertex 4.09563 -1.08282 -14.8685
    endloop
  endfacet
  facet normal 0.418987 -0.418994 -0.805539
    outer loop
      vertex 3.56214 -0.695211 -15.3476
      vertex 3.68808 -1.49037 -14.8685
      vertex 3.30047 -0.956877 -15.3476
    endloop
  endfacet
  facet normal -0.723866 0.368925 -0.58302
    outer loop
      vertex -15.4909 24.3657 -1.8422
      vertex -15.9466 24.5137 -1.18276
      vertex -15.6168 25.1608 -1.18276
    endloop
  endfacet
  facet normal 0.142436 0.571132 0.808406
    outer loop
      vertex -13.1696 25.5484 1.8422
      vertex -11.4314 22.2268 3.88262
      vertex -11.1441 22.0403 3.96376
    endloop
  endfacet
  facet normal 0.142669 0.571199 0.808317
    outer loop
      vertex -13.1696 25.5484 1.8422
      vertex -11.8847 22.3483 3.87677
      vertex -11.4314 22.2268 3.88262
    endloop
  endfacet
  facet normal 0.142665 0.571198 0.808319
    outer loop
      vertex -13.3734 24.9213 2.32131
      vertex -11.8847 22.3483 3.87677
      vertex -13.1696 25.5484 1.8422
    endloop
  endfacet
  facet normal 0.137614 0.569519 0.810376
    outer loop
      vertex -11.8847 22.3483 3.87677
      vertex -13.3734 24.9213 2.32131
      vertex -11.8877 22.3481 3.87742
    endloop
  endfacet
  facet normal 0.142615 0.571178 0.808342
    outer loop
      vertex -10.6712 20.2464 5.14788
      vertex -0.733361 4.00826 14.8685
      vertex -10.5497 20.6997 4.80614
    endloop
  endfacet
  facet normal 0.142736 0.571219 0.808292
    outer loop
      vertex -10.5497 20.6997 4.80614
      vertex -0.733361 4.00826 14.8685
      vertex -10.5676 21.0417 4.56761
    endloop
  endfacet
  facet normal 0.138019 0.569535 0.810296
    outer loop
      vertex -10.6728 20.2438 5.14998
      vertex -0.733361 4.00826 14.8685
      vertex -10.6712 20.2464 5.14788
    endloop
  endfacet
  facet normal 0.142606 0.571175 0.808345
    outer loop
      vertex -0.733361 4.00826 14.8685
      vertex -10.6728 20.2438 5.14998
      vertex -0.937138 3.3811 15.3476
    endloop
  endfacet
  facet normal -0.574576 0.574435 -0.582997
    outer loop
      vertex -15.2292 24.8792 -1.8422
      vertex -15.1033 25.6744 -1.18276
      vertex -14.8217 25.2868 -1.8422
    endloop
  endfacet
  facet normal -0.574555 0.574443 -0.583011
    outer loop
      vertex -15.1033 25.6744 -1.18276
      vertex -15.2292 24.8792 -1.8422
      vertex -15.6168 25.1608 -1.18276
    endloop
  endfacet
  facet normal -0.368752 0.723972 -0.582998
    outer loop
      vertex -14.8217 25.2868 -1.8422
      vertex -15.1033 25.6744 -1.18276
      vertex -14.3081 25.5484 -1.8422
    endloop
  endfacet
  facet normal -0.564679 -0.163232 0.809008
    outer loop
      vertex -15.4909 -24.3657 1.8422
      vertex -13.5333 -21.0133 3.88499
      vertex -13.5311 -20.9712 3.89502
    endloop
  endfacet
  facet normal -0.564925 -0.16301 0.80888
    outer loop
      vertex -13.5333 -21.0133 3.88499
      vertex -15.4909 -24.3657 1.8422
      vertex -14.8637 -24.1619 2.32131
    endloop
  endfacet
  facet normal -0.564793 -0.16312 0.80895
    outer loop
      vertex -13.4118 -21.4666 3.87849
      vertex -14.8637 -24.1619 2.32131
      vertex -13.3566 -21.5515 3.89991
    endloop
  endfacet
  facet normal -0.564917 -0.163016 0.808885
    outer loop
      vertex -14.8637 -24.1619 2.32131
      vertex -13.4118 -21.4666 3.87849
      vertex -13.5333 -21.0133 3.88499
    endloop
  endfacet
  facet normal -0.564955 -0.16298 0.808866
    outer loop
      vertex -3.05467 -2.82549 14.8685
      vertex -12.0971 -19.37 5.21919
      vertex -2.42751 -2.62172 15.3476
    endloop
  endfacet
  facet normal -0.56481 -0.163104 0.808942
    outer loop
      vertex -3.05467 -2.82549 14.8685
      vertex -12.1983 -19.3647 5.1496
      vertex -12.0971 -19.37 5.21919
    endloop
  endfacet
  facet normal -0.56497 -0.162966 0.808858
    outer loop
      vertex -3.05467 -2.82549 14.8685
      vertex -12.6516 -19.4862 4.8085
      vertex -12.1983 -19.3647 5.1496
    endloop
  endfacet
  facet normal -0.564703 -0.163203 0.808996
    outer loop
      vertex -12.6516 -19.4862 4.8085
      vertex -3.05467 -2.82549 14.8685
      vertex -12.687 -19.5091 4.77917
    endloop
  endfacet
  facet normal -0.472 -0.24042 0.848183
    outer loop
      vertex -14.8637 -24.1619 2.32131
      vertex -13.1669 -21.8437 3.92265
      vertex -13.3566 -21.5515 3.89991
    endloop
  endfacet
  facet normal -0.471937 -0.240478 0.848201
    outer loop
      vertex -13.1669 -21.8437 3.92265
      vertex -14.8637 -24.1619 2.32131
      vertex -14.6957 -24.4916 2.32131
    endloop
  endfacet
  facet normal -0.471945 -0.240467 0.8482
    outer loop
      vertex -12.0971 -19.37 5.21919
      vertex -2.25951 -2.95144 15.3476
      vertex -2.42751 -2.62172 15.3476
    endloop
  endfacet
  facet normal -0.471967 -0.240449 0.848193
    outer loop
      vertex -2.25951 -2.95144 15.3476
      vertex -12.0971 -19.37 5.21919
      vertex -11.7493 -19.3882 5.40756
    endloop
  endfacet
  facet normal 0.574526 0.57447 0.583014
    outer loop
      vertex 28.8422 1.87798 1.18276
      vertex 28.9681 1.08282 1.8422
      vertex 29.3557 1.36443 1.18276
    endloop
  endfacet
  facet normal 0.574433 0.574503 0.583072
    outer loop
      vertex 28.9681 1.08282 1.8422
      vertex 28.8422 1.87798 1.18276
      vertex 28.5605 1.49037 1.8422
    endloop
  endfacet
  facet normal 0.422068 0.415206 0.805892
    outer loop
      vertex 25.0954 1.08282 3.87044
      vertex 28.4346 0.695211 2.32131
      vertex 28.9681 1.08282 1.8422
    endloop
  endfacet
  facet normal 0.422068 0.415183 0.805905
    outer loop
      vertex 28.4346 0.695211 2.32131
      vertex 25.2965 0.881678 3.86873
      vertex 25.3915 0.695211 3.91504
    endloop
  endfacet
  facet normal 0.422075 0.415135 0.805925
    outer loop
      vertex 28.4346 0.695211 2.32131
      vertex 25.0954 1.08282 3.87044
      vertex 25.2965 0.881678 3.86873
    endloop
  endfacet
  facet normal 0.422053 0.415267 0.805869
    outer loop
      vertex 4.09563 1.08282 14.8685
      vertex 22.8695 0.881678 5.13983
      vertex 23.0706 1.08282 4.93086
    endloop
  endfacet
  facet normal 0.42206 0.415229 0.805885
    outer loop
      vertex 4.09563 1.08282 14.8685
      vertex 22.7745 0.695211 5.28566
      vertex 22.8695 0.881678 5.13983
    endloop
  endfacet
  facet normal 0.422065 0.415204 0.805895
    outer loop
      vertex 22.7745 0.695211 5.28566
      vertex 4.09563 1.08282 14.8685
      vertex 3.56214 0.695211 15.3476
    endloop
  endfacet
  facet normal -0.308665 0.0488881 0.949914
    outer loop
      vertex -2.42751 2.62172 15.3476
      vertex -2.4854 2.25622 15.3476
      vertex -1.71018 2.25622 15.5995
    endloop
  endfacet
  facet normal -0.092749 0.585286 0.805505
    outer loop
      vertex -13.7389 25.6386 1.8422
      vertex -14.3081 25.5484 1.8422
      vertex -14.1044 24.9213 2.32131
    endloop
  endfacet
  facet normal 0.0488954 0.308666 0.949913
    outer loop
      vertex -0.937138 3.3811 15.3476
      vertex -1.30263 2.66378 15.5995
      vertex -1.17669 2.64383 15.5995
    endloop
  endfacet
  facet normal -0.6318 -0.100063 0.768646
    outer loop
      vertex -3.14483 -2.25622 14.8685
      vertex -12.687 -19.5091 4.77917
      vertex -3.05467 -2.82549 14.8685
    endloop
  endfacet
  facet normal -0.631819 -0.100045 0.768632
    outer loop
      vertex -3.14483 -2.25622 14.8685
      vertex -13.0452 -19.7418 4.45444
      vertex -12.687 -19.5091 4.77917
    endloop
  endfacet
  facet normal -0.632001 -0.0998667 0.768506
    outer loop
      vertex -3.14483 -2.25622 14.8685
      vertex -13.3405 -20.1065 4.1642
      vertex -13.0452 -19.7418 4.45444
    endloop
  endfacet
  facet normal -0.631883 -0.0999641 0.768591
    outer loop
      vertex -15.5811 -23.7964 1.8422
      vertex -13.5311 -20.9712 3.89502
      vertex -13.5087 -20.5446 3.96892
    endloop
  endfacet
  facet normal -0.631805 -0.100048 0.768643
    outer loop
      vertex -15.5811 -23.7964 1.8422
      vertex -13.5087 -20.5446 3.96892
      vertex -13.3405 -20.1065 4.1642
    endloop
  endfacet
  facet normal -0.631772 -0.100098 0.768664
    outer loop
      vertex -13.5311 -20.9712 3.89502
      vertex -15.5811 -23.7964 1.8422
      vertex -15.4909 -24.3657 1.8422
    endloop
  endfacet
  facet normal -0.63158 -0.100282 0.768798
    outer loop
      vertex -15.5811 -23.7964 1.8422
      vertex -13.3405 -20.1065 4.1642
      vertex -3.14483 -2.25622 14.8685
    endloop
  endfacet
  facet normal -0.802458 -0.127142 0.583006
    outer loop
      vertex -15.5811 -23.7964 1.8422
      vertex -16.0602 -23.7964 1.18276
      vertex -15.4909 -24.3657 1.8422
    endloop
  endfacet
  facet normal -0.432262 -0.848397 0.305568
    outer loop
      vertex -15.1033 -25.6744 1.18276
      vertex -15.2513 -25.8782 0.407553
      vertex -14.4562 -26.0041 1.18276
    endloop
  endfacet
  facet normal -0.148914 -0.940438 0.305615
    outer loop
      vertex -14.4562 -26.0041 1.18276
      vertex -14.534 -26.2437 0.407553
      vertex -13.7389 -26.3696 0.407553
    endloop
  endfacet
  facet normal -0.141882 -0.278451 -0.949913
    outer loop
      vertex -1.66813 -3.3811 -15.3476
      vertex -1.99784 -3.2131 -15.3476
      vertex -1.42857 -2.64383 -15.5995
    endloop
  endfacet
  facet normal -0.587782 0 -0.809019
    outer loop
      vertex -3.14483 -2.25622 -14.8685
      vertex -2.4854 -0.0922091 -15.3476
      vertex -2.4854 -2.25622 -15.3476
    endloop
  endfacet
  facet normal -0.58769 -4.29236e-05 -0.809086
    outer loop
      vertex -2.4854 -0.0922091 -15.3476
      vertex -3.14483 -2.25622 -14.8685
      vertex -2.5 0 -15.337
    endloop
  endfacet
  facet normal -0.58769 4.29236e-05 -0.809086
    outer loop
      vertex -3.14483 2.25622 -14.8685
      vertex -2.4854 0.0922091 -15.3476
      vertex -2.5 0 -15.337
    endloop
  endfacet
  facet normal -0.587788 -0 -0.809015
    outer loop
      vertex -3.14483 2.25622 -14.8685
      vertex -2.5 0 -15.337
      vertex -3.14483 -2.25622 -14.8685
    endloop
  endfacet
  facet normal -0.587782 0 -0.809019
    outer loop
      vertex -2.4854 0.0922091 -15.3476
      vertex -3.14483 2.25622 -14.8685
      vertex -2.4854 2.25622 -15.3476
    endloop
  endfacet
  facet normal -0.940471 -0.1489 -0.305521
    outer loop
      vertex -16.1861 -24.5916 -0.407553
      vertex -16.312 -23.7964 -0.407553
      vertex -15.9466 -24.5137 -1.18276
    endloop
  endfacet
  facet normal -0.0488887 0.308669 -0.949912
    outer loop
      vertex -1.30263 2.66378 -15.5995
      vertex -1.66813 3.3811 -15.3476
      vertex -1.30263 3.43899 -15.3476
    endloop
  endfacet
  facet normal -0.156396 -0.987694 0
    outer loop
      vertex -14.534 -26.2437 -0.407553
      vertex -13.7389 -26.3696 0.407553
      vertex -14.534 -26.2437 0.407553
    endloop
  endfacet
  facet normal -0.156396 -0.987694 -0
    outer loop
      vertex -13.7389 -26.3696 0.407553
      vertex -14.534 -26.2437 -0.407553
      vertex -13.7389 -26.3696 -0.407553
    endloop
  endfacet
  facet normal 0.454008 -0.890998 0
    outer loop
      vertex -12.9437 -26.2437 -0.407553
      vertex -12.2264 -25.8782 0.407553
      vertex -12.9437 -26.2437 0.407553
    endloop
  endfacet
  facet normal 0.454008 -0.890998 0
    outer loop
      vertex -12.2264 -25.8782 0.407553
      vertex -12.9437 -26.2437 -0.407553
      vertex -12.2264 -25.8782 -0.407553
    endloop
  endfacet
  facet normal 0.432288 -0.848373 -0.305599
    outer loop
      vertex -12.9437 -26.2437 -0.407553
      vertex -13.0215 -26.0041 -1.18276
      vertex -12.2264 -25.8782 -0.407553
    endloop
  endfacet
  facet normal -0.092749 -0.585286 0.805505
    outer loop
      vertex -14.1044 -24.9213 2.32131
      vertex -14.3081 -25.5484 1.8422
      vertex -13.7389 -25.6386 1.8422
    endloop
  endfacet
  facet normal -0.58525 0.0926909 -0.805538
    outer loop
      vertex -2.42751 2.62172 -15.3476
      vertex -3.14483 2.25622 -14.8685
      vertex -3.05467 2.82549 -14.8685
    endloop
  endfacet
  facet normal 0.26901 0.52796 0.805538
    outer loop
      vertex -0.733361 4.00826 14.8685
      vertex -0.937138 3.3811 15.3476
      vertex -0.60742 3.2131 15.3476
    endloop
  endfacet
  facet normal 0.278453 0.14188 0.949913
    outer loop
      vertex 3.56214 0.695211 15.3476
      vertex 2.99287 0.12594 15.5995
      vertex 3.73014 0.365494 15.3476
    endloop
  endfacet
  facet normal 0.527948 -0.269004 0.805548
    outer loop
      vertex 28.6026 -0.365494 2.32131
      vertex 28.4346 -0.695211 2.32131
      vertex 29.2298 -0.56927 1.8422
    endloop
  endfacet
  facet normal 0.308669 -0.0488895 0.949912
    outer loop
      vertex 3.78803 0 15.3476
      vertex 3.01282 0 15.5995
      vertex 3.73014 -0.365494 15.3476
    endloop
  endfacet
  facet normal 0.585276 -0.0927169 0.805516
    outer loop
      vertex 28.6605 0 2.32131
      vertex 28.6026 -0.365494 2.32131
      vertex 29.3199 0 1.8422
    endloop
  endfacet
  facet normal 0.585276 0.0927169 0.805516
    outer loop
      vertex 29.3199 0 1.8422
      vertex 28.6026 0.365494 2.32131
      vertex 28.6605 0 2.32131
    endloop
  endfacet
  facet normal 0.527947 -0.269037 0.805537
    outer loop
      vertex 29.2298 -0.56927 1.8422
      vertex 28.4346 -0.695211 2.32131
      vertex 28.9681 -1.08282 1.8422
    endloop
  endfacet
  facet normal 0.723942 -0.368847 0.582974
    outer loop
      vertex 29.6854 -0.717322 1.18276
      vertex 29.2298 -0.56927 1.8422
      vertex 29.3557 -1.36443 1.18276
    endloop
  endfacet
  facet normal 0.802494 -0.127088 0.582968
    outer loop
      vertex 29.799 0 1.18276
      vertex 29.2298 -0.56927 1.8422
      vertex 29.6854 -0.717322 1.18276
    endloop
  endfacet
  facet normal 0.940442 -0.148935 0.305592
    outer loop
      vertex 29.799 0 1.18276
      vertex 29.6854 -0.717322 1.18276
      vertex 30.0509 0 0.407553
    endloop
  endfacet
  facet normal 0.72389 -0.368887 0.583013
    outer loop
      vertex 29.2298 -0.56927 1.8422
      vertex 28.9681 -1.08282 1.8422
      vertex 29.3557 -1.36443 1.18276
    endloop
  endfacet
  facet normal 0.574526 -0.57447 0.583014
    outer loop
      vertex 28.9681 -1.08282 1.8422
      vertex 28.8422 -1.87798 1.18276
      vertex 29.3557 -1.36443 1.18276
    endloop
  endfacet
  facet normal 0.574433 -0.574503 0.583072
    outer loop
      vertex 28.8422 -1.87798 1.18276
      vertex 28.9681 -1.08282 1.8422
      vertex 28.5605 -1.49037 1.8422
    endloop
  endfacet
  facet normal 0.405279 -0.701963 0.58566
    outer loop
      vertex -12.3744 -25.6744 1.18276
      vertex 28.5605 -1.49037 1.8422
      vertex -12.656 -25.2868 1.8422
    endloop
  endfacet
  facet normal 0.405262 -0.701933 0.585707
    outer loop
      vertex 28.5605 -1.49037 1.8422
      vertex -12.3744 -25.6744 1.18276
      vertex 28.8422 -1.87798 1.18276
    endloop
  endfacet
  facet normal 0.368752 -0.723972 0.582998
    outer loop
      vertex -12.656 -25.2868 1.8422
      vertex -13.1696 -25.5484 1.8422
      vertex -12.3744 -25.6744 1.18276
    endloop
  endfacet
  facet normal 0.848392 0.432254 -0.305593
    outer loop
      vertex 29.6854 0.717322 -1.18276
      vertex 29.3557 1.36443 -1.18276
      vertex 29.5595 1.51248 -0.407553
    endloop
  endfacet
  facet normal 0.987696 -0.156385 0
    outer loop
      vertex 29.925 -0.795158 0.407553
      vertex 30.0509 0 -0.407553
      vertex 30.0509 0 0.407553
    endloop
  endfacet
  facet normal 0.987696 -0.156385 0
    outer loop
      vertex 30.0509 0 -0.407553
      vertex 29.925 -0.795158 0.407553
      vertex 29.925 -0.795158 -0.407553
    endloop
  endfacet
  facet normal 0.422068 0.415183 -0.805905
    outer loop
      vertex 25.2965 0.881678 -3.86873
      vertex 28.4346 0.695211 -2.32131
      vertex 25.3915 0.695211 -3.91504
    endloop
  endfacet
  facet normal 0.422075 0.415135 -0.805925
    outer loop
      vertex 25.0954 1.08282 -3.87044
      vertex 28.4346 0.695211 -2.32131
      vertex 25.2965 0.881678 -3.86873
    endloop
  endfacet
  facet normal 0.422068 0.415206 -0.805892
    outer loop
      vertex 28.4346 0.695211 -2.32131
      vertex 25.0954 1.08282 -3.87044
      vertex 28.9681 1.08282 -1.8422
    endloop
  endfacet
  facet normal 0.422053 0.415267 -0.805869
    outer loop
      vertex 22.8695 0.881678 -5.13983
      vertex 4.09563 1.08282 -14.8685
      vertex 23.0706 1.08282 -4.93086
    endloop
  endfacet
  facet normal 0.42206 0.415229 -0.805885
    outer loop
      vertex 22.7745 0.695211 -5.28566
      vertex 4.09563 1.08282 -14.8685
      vertex 22.8695 0.881678 -5.13983
    endloop
  endfacet
  facet normal 0.422065 0.415204 -0.805895
    outer loop
      vertex 4.09563 1.08282 -14.8685
      vertex 22.7745 0.695211 -5.28566
      vertex 3.56214 0.695211 -15.3476
    endloop
  endfacet
  facet normal 0.72389 0.368887 -0.583013
    outer loop
      vertex 29.2298 0.56927 -1.8422
      vertex 28.9681 1.08282 -1.8422
      vertex 29.3557 1.36443 -1.18276
    endloop
  endfacet
  facet normal 0.58525 -0.0926292 -0.805545
    outer loop
      vertex 29.2298 -0.56927 -1.8422
      vertex 28.6026 -0.365494 -2.32131
      vertex 29.3199 0 -1.8422
    endloop
  endfacet
  facet normal 0.673314 -0.673248 -0.30559
    outer loop
      vertex 29.5595 -1.51248 -0.407553
      vertex 28.8422 -1.87798 -1.18276
      vertex 29.3557 -1.36443 -1.18276
    endloop
  endfacet
  facet normal 0.673278 -0.673313 -0.305526
    outer loop
      vertex 28.8422 -1.87798 -1.18276
      vertex 29.5595 -1.51248 -0.407553
      vertex 28.9902 -2.08175 -0.407553
    endloop
  endfacet
  facet normal 0.308669 -0.0488895 -0.949912
    outer loop
      vertex 3.73014 -0.365494 -15.3476
      vertex 3.01282 0 -15.5995
      vertex 3.78803 0 -15.3476
    endloop
  endfacet
  facet normal 0.422068 -0.415206 -0.805892
    outer loop
      vertex 25.0954 -1.08282 -3.87044
      vertex 28.4346 -0.695211 -2.32131
      vertex 28.9681 -1.08282 -1.8422
    endloop
  endfacet
  facet normal 0.422068 -0.415183 -0.805905
    outer loop
      vertex 28.4346 -0.695211 -2.32131
      vertex 25.2965 -0.881678 -3.86873
      vertex 25.3915 -0.695211 -3.91504
    endloop
  endfacet
  facet normal 0.422075 -0.415135 -0.805925
    outer loop
      vertex 28.4346 -0.695211 -2.32131
      vertex 25.0954 -1.08282 -3.87044
      vertex 25.2965 -0.881678 -3.86873
    endloop
  endfacet
  facet normal 0.422053 -0.415267 -0.805869
    outer loop
      vertex 4.09563 -1.08282 -14.8685
      vertex 22.8695 -0.881678 -5.13983
      vertex 23.0706 -1.08282 -4.93086
    endloop
  endfacet
  facet normal 0.42206 -0.415229 -0.805885
    outer loop
      vertex 4.09563 -1.08282 -14.8685
      vertex 22.7745 -0.695211 -5.28566
      vertex 22.8695 -0.881678 -5.13983
    endloop
  endfacet
  facet normal 0.422065 -0.415204 -0.805895
    outer loop
      vertex 22.7745 -0.695211 -5.28566
      vertex 4.09563 -1.08282 -14.8685
      vertex 3.56214 -0.695211 -15.3476
    endloop
  endfacet
  facet normal 0.26901 -0.52796 -0.805538
    outer loop
      vertex -0.733361 -4.00826 -14.8685
      vertex -0.937138 -3.3811 -15.3476
      vertex -0.60742 -3.2131 -15.3476
    endloop
  endfacet
  facet normal 0.361648 -0.626394 -0.690537
    outer loop
      vertex 3.68808 -1.49037 -14.8685
      vertex -12.656 -25.2868 -1.8422
      vertex -0.219814 -3.74659 -14.8685
    endloop
  endfacet
  facet normal -0.308673 -0.0488719 -0.949912
    outer loop
      vertex -1.69024 -2.38216 -15.5995
      vertex -2.42751 -2.62172 -15.3476
      vertex -1.71018 -2.25622 -15.5995
    endloop
  endfacet
  facet normal 0.269014 0.52796 -0.805537
    outer loop
      vertex -0.60742 3.2131 -15.3476
      vertex -0.733361 4.00826 -14.8685
      vertex -0.219814 3.74659 -14.8685
    endloop
  endfacet
  facet normal -0.141882 0.278451 -0.949913
    outer loop
      vertex -1.42857 2.64383 -15.5995
      vertex -1.99784 3.2131 -15.3476
      vertex -1.66813 3.3811 -15.3476
    endloop
  endfacet
  facet normal -0.0927154 0.585276 -0.805516
    outer loop
      vertex -13.7389 24.9792 -2.32131
      vertex -14.1044 24.9213 -2.32131
      vertex -13.7389 25.6386 -1.8422
    endloop
  endfacet
  facet normal 0.141884 -0.278449 0.949913
    outer loop
      vertex -1.06308 -2.58594 15.5995
      vertex -1.17669 -2.64383 15.5995
      vertex -0.60742 -3.2131 15.3476
    endloop
  endfacet
  facet normal 0.0488898 -0.308669 0.949912
    outer loop
      vertex -1.30263 -2.66378 15.5995
      vertex -1.30263 -3.43899 15.3476
      vertex -0.937138 -3.3811 15.3476
    endloop
  endfacet
  facet normal -0.6318 0.100063 -0.768646
    outer loop
      vertex -3.14483 2.25622 -14.8685
      vertex -12.687 19.5091 -4.77917
      vertex -3.05467 2.82549 -14.8685
    endloop
  endfacet
  facet normal -0.631819 0.100045 -0.768632
    outer loop
      vertex -3.14483 2.25622 -14.8685
      vertex -13.0452 19.7418 -4.45444
      vertex -12.687 19.5091 -4.77917
    endloop
  endfacet
  facet normal -0.632001 0.0998667 -0.768506
    outer loop
      vertex -3.14483 2.25622 -14.8685
      vertex -13.3405 20.1065 -4.1642
      vertex -13.0452 19.7418 -4.45444
    endloop
  endfacet
  facet normal -0.631883 0.0999641 -0.768591
    outer loop
      vertex -15.5811 23.7964 -1.8422
      vertex -13.5311 20.9712 -3.89502
      vertex -13.5087 20.5446 -3.96892
    endloop
  endfacet
  facet normal -0.631805 0.100048 -0.768643
    outer loop
      vertex -15.5811 23.7964 -1.8422
      vertex -13.5087 20.5446 -3.96892
      vertex -13.3405 20.1065 -4.1642
    endloop
  endfacet
  facet normal -0.631772 0.100098 -0.768664
    outer loop
      vertex -13.5311 20.9712 -3.89502
      vertex -15.5811 23.7964 -1.8422
      vertex -15.4909 24.3657 -1.8422
    endloop
  endfacet
  facet normal -0.63158 0.100282 -0.768798
    outer loop
      vertex -15.5811 23.7964 -1.8422
      vertex -13.3405 20.1065 -4.1642
      vertex -3.14483 2.25622 -14.8685
    endloop
  endfacet
  facet normal -0.802458 0.127142 -0.583006
    outer loop
      vertex -15.5811 23.7964 -1.8422
      vertex -16.0602 23.7964 -1.18276
      vertex -15.4909 24.3657 -1.8422
    endloop
  endfacet
  facet normal -0.848328 0.432358 -0.305624
    outer loop
      vertex -15.6168 25.1608 -1.18276
      vertex -15.9466 24.5137 -1.18276
      vertex -15.8206 25.3089 -0.407553
    endloop
  endfacet
  facet normal -0.723877 0.368916 0.583012
    outer loop
      vertex -15.2292 24.8792 1.8422
      vertex -15.6168 25.1608 1.18276
      vertex -15.4909 24.3657 1.8422
    endloop
  endfacet
  facet normal -0.940471 0.1489 0.305521
    outer loop
      vertex -16.1861 24.5916 0.407553
      vertex -16.312 23.7964 0.407553
      vertex -15.9466 24.5137 1.18276
    endloop
  endfacet
  facet normal -0.419086 0.418926 -0.805524
    outer loop
      vertex -14.6957 24.4916 -2.32131
      vertex -14.8217 25.2868 -1.8422
      vertex -14.4341 24.7533 -2.32131
    endloop
  endfacet
  facet normal -0.419044 0.418941 -0.805538
    outer loop
      vertex -14.8217 25.2868 -1.8422
      vertex -14.6957 24.4916 -2.32131
      vertex -15.2292 24.8792 -1.8422
    endloop
  endfacet
  facet normal -0.268941 0.528012 -0.805527
    outer loop
      vertex -14.4341 24.7533 -2.32131
      vertex -14.8217 25.2868 -1.8422
      vertex -14.3081 25.5484 -1.8422
    endloop
  endfacet
  facet normal -0.278456 0.141875 0.949913
    outer loop
      vertex -1.63235 2.49578 15.5995
      vertex -2.25951 2.95144 15.3476
      vertex -1.69024 2.38216 15.5995
    endloop
  endfacet
  facet normal 0.278452 0.141881 0.949913
    outer loop
      vertex 3.56214 0.695211 15.3476
      vertex 2.93498 0.239553 15.5995
      vertex 2.99287 0.12594 15.5995
    endloop
  endfacet
  facet normal -0.527937 -0.269058 0.805537
    outer loop
      vertex -14.6957 -24.4916 2.32131
      vertex -15.4909 -24.3657 1.8422
      vertex -15.2292 -24.8792 1.8422
    endloop
  endfacet
  facet normal -0.419086 -0.418926 0.805524
    outer loop
      vertex -14.6957 -24.4916 2.32131
      vertex -14.8217 -25.2868 1.8422
      vertex -14.4341 -24.7533 2.32131
    endloop
  endfacet
  facet normal -0.419044 -0.418941 0.805538
    outer loop
      vertex -14.8217 -25.2868 1.8422
      vertex -14.6957 -24.4916 2.32131
      vertex -15.2292 -24.8792 1.8422
    endloop
  endfacet
  facet normal 0.420849 0.420902 0.803571
    outer loop
      vertex 23.2013 1.21352 4.79395
      vertex 4.09563 1.08282 14.8685
      vertex 23.0706 1.08282 4.93086
    endloop
  endfacet
  facet normal 0.420875 0.420781 0.803622
    outer loop
      vertex 3.68808 1.49037 14.8685
      vertex 23.2013 1.21352 4.79395
      vertex 23.6195 1.42658 4.46337
    endloop
  endfacet
  facet normal 0.42084 0.420945 0.803554
    outer loop
      vertex 3.68808 1.49037 14.8685
      vertex 23.6195 1.42658 4.46337
      vertex 24.0222 1.49037 4.21905
    endloop
  endfacet
  facet normal 0.420859 0.420859 0.803589
    outer loop
      vertex 23.2013 1.21352 4.79395
      vertex 3.68808 1.49037 14.8685
      vertex 4.09563 1.08282 14.8685
    endloop
  endfacet
  facet normal 0.420852 0.420903 0.80357
    outer loop
      vertex 28.5605 1.49037 1.8422
      vertex 25.0954 1.08282 3.87044
      vertex 28.9681 1.08282 1.8422
    endloop
  endfacet
  facet normal 0.420864 0.420864 0.803584
    outer loop
      vertex 28.5605 1.49037 1.8422
      vertex 24.9647 1.21352 3.87044
      vertex 25.0954 1.08282 3.87044
    endloop
  endfacet
  facet normal 0.420842 0.420943 0.803554
    outer loop
      vertex 28.5605 1.49037 1.8422
      vertex 24.5465 1.42658 3.97785
      vertex 24.9647 1.21352 3.87044
    endloop
  endfacet
  facet normal 0.42089 0.420732 0.803639
    outer loop
      vertex 24.5465 1.42658 3.97785
      vertex 28.5605 1.49037 1.8422
      vertex 24.1438 1.49037 4.15536
    endloop
  endfacet
  facet normal 0.527947 0.269037 0.805537
    outer loop
      vertex 28.9681 1.08282 1.8422
      vertex 28.4346 0.695211 2.32131
      vertex 29.2298 0.56927 1.8422
    endloop
  endfacet
  facet normal 0.527948 0.269004 0.805548
    outer loop
      vertex 29.2298 0.56927 1.8422
      vertex 28.4346 0.695211 2.32131
      vertex 28.6026 0.365494 2.32131
    endloop
  endfacet
  facet normal -0.723866 0.368925 0.58302
    outer loop
      vertex -15.6168 25.1608 1.18276
      vertex -15.9466 24.5137 1.18276
      vertex -15.4909 24.3657 1.8422
    endloop
  endfacet
  facet normal -0.802441 0.127084 0.583042
    outer loop
      vertex -15.9466 24.5137 1.18276
      vertex -16.0602 23.7964 1.18276
      vertex -15.4909 24.3657 1.8422
    endloop
  endfacet
  facet normal -0.0488953 0.308665 0.949913
    outer loop
      vertex -1.30263 2.66378 15.5995
      vertex -1.66813 3.3811 15.3476
      vertex -1.42857 2.64383 15.5995
    endloop
  endfacet
  facet normal -0.0488887 0.308669 0.949912
    outer loop
      vertex -1.30263 3.43899 15.3476
      vertex -1.66813 3.3811 15.3476
      vertex -1.30263 2.66378 15.5995
    endloop
  endfacet
  facet normal 0.475782 0.824078 -0.307451
    outer loop
      vertex 28.8422 1.87798 -1.18276
      vertex -12.2264 25.8782 -0.407553
      vertex 28.9902 2.08175 -0.407553
    endloop
  endfacet
  facet normal 0.475777 0.82407 -0.30748
    outer loop
      vertex -12.2264 25.8782 -0.407553
      vertex 28.8422 1.87798 -1.18276
      vertex -12.3744 25.6744 -1.18276
    endloop
  endfacet
  facet normal 0.673264 0.673299 0.305587
    outer loop
      vertex 28.9902 2.08175 0.407553
      vertex 29.3557 1.36443 1.18276
      vertex 29.5595 1.51248 0.407553
    endloop
  endfacet
  facet normal 0.673329 0.673263 0.305523
    outer loop
      vertex 29.3557 1.36443 1.18276
      vertex 28.9902 2.08175 0.407553
      vertex 28.8422 1.87798 1.18276
    endloop
  endfacet
  facet normal 0.092732 0.585281 0.805511
    outer loop
      vertex -13.1696 25.5484 1.8422
      vertex -13.7389 25.6386 1.8422
      vertex -13.3734 24.9213 2.32131
    endloop
  endfacet
  facet normal -0.432288 0.848373 0.305599
    outer loop
      vertex -14.534 26.2437 0.407553
      vertex -15.2513 25.8782 0.407553
      vertex -14.4562 26.0041 1.18276
    endloop
  endfacet
  facet normal -0.723866 -0.368925 0.58302
    outer loop
      vertex -15.4909 -24.3657 1.8422
      vertex -15.9466 -24.5137 1.18276
      vertex -15.6168 -25.1608 1.18276
    endloop
  endfacet
  facet normal -0.802441 -0.127084 0.583042
    outer loop
      vertex -15.4909 -24.3657 1.8422
      vertex -16.0602 -23.7964 1.18276
      vertex -15.9466 -24.5137 1.18276
    endloop
  endfacet
  facet normal 0.127065 -0.802436 0.583053
    outer loop
      vertex -13.1696 -25.5484 1.8422
      vertex -13.7389 -26.1177 1.18276
      vertex -13.0215 -26.0041 1.18276
    endloop
  endfacet
  facet normal -0.368821 -0.723883 0.583064
    outer loop
      vertex -14.3081 -25.5484 1.8422
      vertex -15.1033 -25.6744 1.18276
      vertex -14.4562 -26.0041 1.18276
    endloop
  endfacet
  facet normal -0.471967 -0.240449 -0.848193
    outer loop
      vertex -12.0971 -19.37 -5.21919
      vertex -2.25951 -2.95144 -15.3476
      vertex -11.7493 -19.3882 -5.40756
    endloop
  endfacet
  facet normal -0.471945 -0.240467 -0.8482
    outer loop
      vertex -2.25951 -2.95144 -15.3476
      vertex -12.0971 -19.37 -5.21919
      vertex -2.42751 -2.62172 -15.3476
    endloop
  endfacet
  facet normal -0.471937 -0.240478 -0.848201
    outer loop
      vertex -14.8637 -24.1619 -2.32131
      vertex -13.1669 -21.8437 -3.92265
      vertex -14.6957 -24.4916 -2.32131
    endloop
  endfacet
  facet normal -0.472 -0.24042 -0.848183
    outer loop
      vertex -13.1669 -21.8437 -3.92265
      vertex -14.8637 -24.1619 -2.32131
      vertex -13.3566 -21.5515 -3.89991
    endloop
  endfacet
  facet normal 0.269014 -0.52796 -0.805537
    outer loop
      vertex -0.219814 -3.74659 -14.8685
      vertex -0.733361 -4.00826 -14.8685
      vertex -0.60742 -3.2131 -15.3476
    endloop
  endfacet
  facet normal -0.127164 -0.802456 -0.583005
    outer loop
      vertex -13.7389 -26.1177 -1.18276
      vertex -14.3081 -25.5484 -1.8422
      vertex -13.7389 -25.6386 -1.8422
    endloop
  endfacet
  facet normal -0.092749 -0.585286 -0.805505
    outer loop
      vertex -13.7389 -25.6386 -1.8422
      vertex -14.3081 -25.5484 -1.8422
      vertex -14.1044 -24.9213 -2.32131
    endloop
  endfacet
  facet normal -0.951085 0 -0.308928
    outer loop
      vertex -16.0602 -23.7964 -1.18276
      vertex -16.312 23.7964 -0.407553
      vertex -16.0602 23.7964 -1.18276
    endloop
  endfacet
  facet normal -0.951085 -0 -0.308928
    outer loop
      vertex -16.312 23.7964 -0.407553
      vertex -16.0602 -23.7964 -1.18276
      vertex -16.312 -23.7964 -0.407553
    endloop
  endfacet
  facet normal -0.987697 -0.156377 0
    outer loop
      vertex -16.1861 -24.5916 -0.407553
      vertex -16.312 -23.7964 0.407553
      vertex -16.312 -23.7964 -0.407553
    endloop
  endfacet
  facet normal -0.987697 -0.156377 0
    outer loop
      vertex -16.312 -23.7964 0.407553
      vertex -16.1861 -24.5916 -0.407553
      vertex -16.1861 -24.5916 0.407553
    endloop
  endfacet
  facet normal -0.527938 -0.269013 -0.805551
    outer loop
      vertex -14.6957 -24.4916 -2.32131
      vertex -15.4909 -24.3657 -1.8422
      vertex -14.8637 -24.1619 -2.32131
    endloop
  endfacet
  facet normal -0.564955 -0.16298 -0.808866
    outer loop
      vertex -12.0971 -19.37 -5.21919
      vertex -3.05467 -2.82549 -14.8685
      vertex -2.42751 -2.62172 -15.3476
    endloop
  endfacet
  facet normal -0.56481 -0.163104 -0.808942
    outer loop
      vertex -12.1983 -19.3647 -5.1496
      vertex -3.05467 -2.82549 -14.8685
      vertex -12.0971 -19.37 -5.21919
    endloop
  endfacet
  facet normal -0.56497 -0.162966 -0.808858
    outer loop
      vertex -12.6516 -19.4862 -4.8085
      vertex -3.05467 -2.82549 -14.8685
      vertex -12.1983 -19.3647 -5.1496
    endloop
  endfacet
  facet normal -0.564703 -0.163203 -0.808996
    outer loop
      vertex -3.05467 -2.82549 -14.8685
      vertex -12.6516 -19.4862 -4.8085
      vertex -12.687 -19.5091 -4.77917
    endloop
  endfacet
  facet normal -0.564917 -0.163016 -0.808885
    outer loop
      vertex -13.4118 -21.4666 -3.87849
      vertex -14.8637 -24.1619 -2.32131
      vertex -13.5333 -21.0133 -3.88499
    endloop
  endfacet
  facet normal -0.564793 -0.16312 -0.80895
    outer loop
      vertex -14.8637 -24.1619 -2.32131
      vertex -13.4118 -21.4666 -3.87849
      vertex -13.3566 -21.5515 -3.89991
    endloop
  endfacet
  facet normal -0.564925 -0.16301 -0.80888
    outer loop
      vertex -15.4909 -24.3657 -1.8422
      vertex -13.5333 -21.0133 -3.88499
      vertex -14.8637 -24.1619 -2.32131
    endloop
  endfacet
  facet normal -0.564679 -0.163232 -0.809008
    outer loop
      vertex -13.5333 -21.0133 -3.88499
      vertex -15.4909 -24.3657 -1.8422
      vertex -13.5311 -20.9712 -3.89502
    endloop
  endfacet
  facet normal -0.308665 -0.0488881 -0.949914
    outer loop
      vertex -2.42751 -2.62172 -15.3476
      vertex -2.4854 -2.25622 -15.3476
      vertex -1.71018 -2.25622 -15.5995
    endloop
  endfacet
  facet normal -0.585251 -0.0926955 -0.805536
    outer loop
      vertex -2.42751 -2.62172 -15.3476
      vertex -3.14483 -2.25622 -14.8685
      vertex -2.4854 -2.25622 -15.3476
    endloop
  endfacet
  facet normal -0.432288 -0.848373 0.305599
    outer loop
      vertex -14.4562 -26.0041 1.18276
      vertex -15.2513 -25.8782 0.407553
      vertex -14.534 -26.2437 0.407553
    endloop
  endfacet
  facet normal -0.454008 -0.890998 0
    outer loop
      vertex -15.2513 -25.8782 -0.407553
      vertex -14.534 -26.2437 0.407553
      vertex -15.2513 -25.8782 0.407553
    endloop
  endfacet
  facet normal -0.454008 -0.890998 -0
    outer loop
      vertex -14.534 -26.2437 0.407553
      vertex -15.2513 -25.8782 -0.407553
      vertex -14.534 -26.2437 -0.407553
    endloop
  endfacet
  facet normal 0.127065 -0.802436 -0.583053
    outer loop
      vertex -13.0215 -26.0041 -1.18276
      vertex -13.7389 -26.1177 -1.18276
      vertex -13.1696 -25.5484 -1.8422
    endloop
  endfacet
  facet normal 0.368821 -0.723883 -0.583064
    outer loop
      vertex -13.0215 -26.0041 -1.18276
      vertex -13.1696 -25.5484 -1.8422
      vertex -12.3744 -25.6744 -1.18276
    endloop
  endfacet
  facet normal -0.220967 0.220992 0.949914
    outer loop
      vertex -1.99784 3.2131 15.3476
      vertex -1.63235 2.49578 15.5995
      vertex -1.54218 2.58594 15.5995
    endloop
  endfacet
  facet normal -0.220978 0.220986 0.949913
    outer loop
      vertex -1.63235 2.49578 15.5995
      vertex -1.99784 3.2131 15.3476
      vertex -2.25951 2.95144 15.3476
    endloop
  endfacet
  facet normal -0.141882 -0.278451 0.949913
    outer loop
      vertex -1.42857 -2.64383 15.5995
      vertex -1.99784 -3.2131 15.3476
      vertex -1.66813 -3.3811 15.3476
    endloop
  endfacet
  facet normal -0.0488887 -0.308669 0.949912
    outer loop
      vertex -1.30263 -2.66378 15.5995
      vertex -1.66813 -3.3811 15.3476
      vertex -1.30263 -3.43899 15.3476
    endloop
  endfacet
  facet normal -0.220967 -0.220992 0.949914
    outer loop
      vertex -1.63235 -2.49578 15.5995
      vertex -1.99784 -3.2131 15.3476
      vertex -1.54218 -2.58594 15.5995
    endloop
  endfacet
  facet normal -0.220978 -0.220986 0.949913
    outer loop
      vertex -1.99784 -3.2131 15.3476
      vertex -1.63235 -2.49578 15.5995
      vertex -2.25951 -2.95144 15.3476
    endloop
  endfacet
  facet normal 0.308666 -0.0488954 0.949913
    outer loop
      vertex 3.01282 0 15.5995
      vertex 2.99287 -0.12594 15.5995
      vertex 3.73014 -0.365494 15.3476
    endloop
  endfacet
  facet normal 0.278453 -0.14188 0.949913
    outer loop
      vertex 3.73014 -0.365494 15.3476
      vertex 2.99287 -0.12594 15.5995
      vertex 3.56214 -0.695211 15.3476
    endloop
  endfacet
  facet normal 0.22098 0.220984 0.949913
    outer loop
      vertex 3.30047 0.956877 15.3476
      vertex 2.93498 0.239553 15.5995
      vertex 3.56214 0.695211 15.3476
    endloop
  endfacet
  facet normal 0.220989 0.220979 0.949912
    outer loop
      vertex 2.93498 0.239553 15.5995
      vertex 3.30047 0.956877 15.3476
      vertex 2.84482 0.329717 15.5995
    endloop
  endfacet
  facet normal 0.987696 0.156385 0
    outer loop
      vertex 30.0509 0 0.407553
      vertex 29.925 0.795158 -0.407553
      vertex 29.925 0.795158 0.407553
    endloop
  endfacet
  facet normal 0.987696 0.156385 0
    outer loop
      vertex 29.925 0.795158 -0.407553
      vertex 30.0509 0 0.407553
      vertex 30.0509 0 -0.407553
    endloop
  endfacet
  facet normal 0.940438 0.148903 -0.30562
    outer loop
      vertex 30.0509 0 -0.407553
      vertex 29.6854 0.717322 -1.18276
      vertex 29.925 0.795158 -0.407553
    endloop
  endfacet
  facet normal 0.940442 0.148935 -0.305592
    outer loop
      vertex 29.799 0 -1.18276
      vertex 29.6854 0.717322 -1.18276
      vertex 30.0509 0 -0.407553
    endloop
  endfacet
  facet normal -0.127164 -0.802456 0.583005
    outer loop
      vertex -13.7389 -25.6386 1.8422
      vertex -14.3081 -25.5484 1.8422
      vertex -13.7389 -26.1177 1.18276
    endloop
  endfacet
  facet normal 0.432262 -0.848397 0.305568
    outer loop
      vertex -12.3744 -25.6744 1.18276
      vertex -13.0215 -26.0041 1.18276
      vertex -12.2264 -25.8782 0.407553
    endloop
  endfacet
  facet normal 0.432288 -0.848373 0.305599
    outer loop
      vertex -12.2264 -25.8782 0.407553
      vertex -13.0215 -26.0041 1.18276
      vertex -12.9437 -26.2437 0.407553
    endloop
  endfacet
  facet normal 0.148895 -0.940442 0.305614
    outer loop
      vertex -13.0215 -26.0041 1.18276
      vertex -13.7389 -26.3696 0.407553
      vertex -12.9437 -26.2437 0.407553
    endloop
  endfacet
  facet normal 0.891003 -0.453997 0
    outer loop
      vertex 29.5595 -1.51248 0.407553
      vertex 29.925 -0.795158 -0.407553
      vertex 29.925 -0.795158 0.407553
    endloop
  endfacet
  facet normal 0.891003 -0.453997 0
    outer loop
      vertex 29.925 -0.795158 -0.407553
      vertex 29.5595 -1.51248 0.407553
      vertex 29.5595 -1.51248 -0.407553
    endloop
  endfacet
  facet normal 0.848373 -0.432275 0.305617
    outer loop
      vertex 29.6854 -0.717322 1.18276
      vertex 29.5595 -1.51248 0.407553
      vertex 29.925 -0.795158 0.407553
    endloop
  endfacet
  facet normal 0.58525 0.0926292 -0.805545
    outer loop
      vertex 29.3199 0 -1.8422
      vertex 28.6026 0.365494 -2.32131
      vertex 29.2298 0.56927 -1.8422
    endloop
  endfacet
  facet normal 0.802472 0.127009 -0.583016
    outer loop
      vertex 29.3199 0 -1.8422
      vertex 29.2298 0.56927 -1.8422
      vertex 29.799 0 -1.18276
    endloop
  endfacet
  facet normal 0.72389 -0.368887 -0.583013
    outer loop
      vertex 29.3557 -1.36443 -1.18276
      vertex 28.9681 -1.08282 -1.8422
      vertex 29.2298 -0.56927 -1.8422
    endloop
  endfacet
  facet normal 0.574526 -0.57447 -0.583014
    outer loop
      vertex 28.8422 -1.87798 -1.18276
      vertex 28.9681 -1.08282 -1.8422
      vertex 29.3557 -1.36443 -1.18276
    endloop
  endfacet
  facet normal 0.574433 -0.574503 -0.583072
    outer loop
      vertex 28.9681 -1.08282 -1.8422
      vertex 28.8422 -1.87798 -1.18276
      vertex 28.5605 -1.49037 -1.8422
    endloop
  endfacet
  facet normal 0.278452 -0.141881 -0.949913
    outer loop
      vertex 3.56214 -0.695211 -15.3476
      vertex 2.93498 -0.239553 -15.5995
      vertex 2.99287 -0.12594 -15.5995
    endloop
  endfacet
  facet normal 0.723942 -0.368847 -0.582974
    outer loop
      vertex 29.3557 -1.36443 -1.18276
      vertex 29.2298 -0.56927 -1.8422
      vertex 29.6854 -0.717322 -1.18276
    endloop
  endfacet
  facet normal 0.802494 -0.127088 -0.582968
    outer loop
      vertex 29.6854 -0.717322 -1.18276
      vertex 29.2298 -0.56927 -1.8422
      vertex 29.799 0 -1.18276
    endloop
  endfacet
  facet normal 0.475777 -0.82407 -0.30748
    outer loop
      vertex 28.8422 -1.87798 -1.18276
      vertex -12.2264 -25.8782 -0.407553
      vertex -12.3744 -25.6744 -1.18276
    endloop
  endfacet
  facet normal 0.475782 -0.824078 -0.307451
    outer loop
      vertex -12.2264 -25.8782 -0.407553
      vertex 28.8422 -1.87798 -1.18276
      vertex 28.9902 -2.08175 -0.407553
    endloop
  endfacet
  facet normal 0.405279 -0.701963 -0.58566
    outer loop
      vertex 28.5605 -1.49037 -1.8422
      vertex -12.3744 -25.6744 -1.18276
      vertex -12.656 -25.2868 -1.8422
    endloop
  endfacet
  facet normal 0.405262 -0.701933 -0.585707
    outer loop
      vertex -12.3744 -25.6744 -1.18276
      vertex 28.5605 -1.49037 -1.8422
      vertex 28.8422 -1.87798 -1.18276
    endloop
  endfacet
  facet normal 0.294946 0.510861 -0.807482
    outer loop
      vertex 1.48964 2.00236 -15.3476
      vertex 3.68808 1.49037 -14.8685
      vertex 3.30047 0.956877 -15.3476
    endloop
  endfacet
  facet normal 0.294959 0.511008 -0.807385
    outer loop
      vertex 1.46946 2.02254 -15.3422
      vertex 3.68808 1.49037 -14.8685
      vertex 1.48964 2.00236 -15.3476
    endloop
  endfacet
  facet normal 0.294994 0.510896 -0.807442
    outer loop
      vertex -0.219814 3.74659 -14.8685
      vertex 1.46946 2.02254 -15.3422
      vertex 1.3437 2.08662 -15.3476
    endloop
  endfacet
  facet normal 0.294944 0.510859 -0.807484
    outer loop
      vertex 1.46946 2.02254 -15.3422
      vertex -0.219814 3.74659 -14.8685
      vertex 3.68808 1.49037 -14.8685
    endloop
  endfacet
  facet normal 0.294947 0.510863 -0.80748
    outer loop
      vertex -0.219814 3.74659 -14.8685
      vertex 1.3437 2.08662 -15.3476
      vertex -0.60742 3.2131 -15.3476
    endloop
  endfacet
  facet normal -0.127164 0.802456 -0.583005
    outer loop
      vertex -13.7389 25.6386 -1.8422
      vertex -14.3081 25.5484 -1.8422
      vertex -13.7389 26.1177 -1.18276
    endloop
  endfacet
  facet normal 0.0927154 0.585276 -0.805516
    outer loop
      vertex -13.3734 24.9213 -2.32131
      vertex -13.7389 24.9792 -2.32131
      vertex -13.7389 25.6386 -1.8422
    endloop
  endfacet
  facet normal 0.092732 0.585281 -0.805511
    outer loop
      vertex -13.3734 24.9213 -2.32131
      vertex -13.7389 25.6386 -1.8422
      vertex -13.1696 25.5484 -1.8422
    endloop
  endfacet
  facet normal -0.527937 0.269058 -0.805537
    outer loop
      vertex -14.6957 24.4916 -2.32131
      vertex -15.4909 24.3657 -1.8422
      vertex -15.2292 24.8792 -1.8422
    endloop
  endfacet
  facet normal -0.723877 0.368916 -0.583012
    outer loop
      vertex -15.4909 24.3657 -1.8422
      vertex -15.6168 25.1608 -1.18276
      vertex -15.2292 24.8792 -1.8422
    endloop
  endfacet
  facet normal -0.527938 0.269013 -0.805551
    outer loop
      vertex -14.8637 24.1619 -2.32131
      vertex -15.4909 24.3657 -1.8422
      vertex -14.6957 24.4916 -2.32131
    endloop
  endfacet
  facet normal -0.308665 0.0488881 -0.949914
    outer loop
      vertex -1.71018 2.25622 -15.5995
      vertex -2.4854 2.25622 -15.3476
      vertex -2.42751 2.62172 -15.3476
    endloop
  endfacet
  facet normal 0.148919 0.940445 0.305593
    outer loop
      vertex -13.7389 26.3696 0.407553
      vertex -13.7389 26.1177 1.18276
      vertex -13.0215 26.0041 1.18276
    endloop
  endfacet
  facet normal -0.148914 0.940438 -0.305615
    outer loop
      vertex -14.4562 26.0041 -1.18276
      vertex -14.534 26.2437 -0.407553
      vertex -13.7389 26.3696 -0.407553
    endloop
  endfacet
  facet normal -0.454008 0.890998 0
    outer loop
      vertex -14.534 26.2437 -0.407553
      vertex -15.2513 25.8782 0.407553
      vertex -14.534 26.2437 0.407553
    endloop
  endfacet
  facet normal -0.454008 0.890998 0
    outer loop
      vertex -15.2513 25.8782 0.407553
      vertex -14.534 26.2437 -0.407553
      vertex -15.2513 25.8782 -0.407553
    endloop
  endfacet
  facet normal -0.802458 0.127142 0.583006
    outer loop
      vertex -15.4909 24.3657 1.8422
      vertex -16.0602 23.7964 1.18276
      vertex -15.5811 23.7964 1.8422
    endloop
  endfacet
  facet normal -0.471967 0.240449 0.848193
    outer loop
      vertex -12.0971 19.37 5.21919
      vertex -2.25951 2.95144 15.3476
      vertex -11.7493 19.3882 5.40756
    endloop
  endfacet
  facet normal -0.471945 0.240467 0.8482
    outer loop
      vertex -2.25951 2.95144 15.3476
      vertex -12.0971 19.37 5.21919
      vertex -2.42751 2.62172 15.3476
    endloop
  endfacet
  facet normal -0.471937 0.240478 0.848201
    outer loop
      vertex -14.8637 24.1619 2.32131
      vertex -13.1669 21.8437 3.92265
      vertex -14.6957 24.4916 2.32131
    endloop
  endfacet
  facet normal -0.472 0.24042 0.848183
    outer loop
      vertex -13.1669 21.8437 3.92265
      vertex -14.8637 24.1619 2.32131
      vertex -13.3566 21.5515 3.89991
    endloop
  endfacet
  facet normal -0.210849 0.413821 -0.885604
    outer loop
      vertex -12.7915 22.1555 -3.92628
      vertex -14.1044 24.9213 -2.32131
      vertex -12.5591 22.2447 -3.93993
    endloop
  endfacet
  facet normal -0.210884 0.413801 -0.885605
    outer loop
      vertex -14.4341 24.7533 -2.32131
      vertex -12.7915 22.1555 -3.92628
      vertex -12.8888 22.0767 -3.93993
    endloop
  endfacet
  facet normal -0.210861 0.413815 -0.885604
    outer loop
      vertex -12.7915 22.1555 -3.92628
      vertex -14.4341 24.7533 -2.32131
      vertex -14.1044 24.9213 -2.32131
    endloop
  endfacet
  facet normal -0.210859 0.413823 -0.885601
    outer loop
      vertex -11.2915 19.5574 -5.49746
      vertex -1.66813 3.3811 -15.3476
      vertex -1.99784 3.2131 -15.3476
    endloop
  endfacet
  facet normal -0.210862 0.413821 -0.885601
    outer loop
      vertex -1.66813 3.3811 -15.3476
      vertex -11.2915 19.5574 -5.49746
      vertex -11.098 19.7141 -5.47031
    endloop
  endfacet
  facet normal -0.210675 0.413925 -0.885597
    outer loop
      vertex -11.2915 19.5574 -5.49746
      vertex -1.99784 3.2131 -15.3476
      vertex -11.4084 19.5126 -5.49059
    endloop
  endfacet
  facet normal -0.269049 0.528009 -0.805493
    outer loop
      vertex -14.1044 24.9213 -2.32131
      vertex -14.4341 24.7533 -2.32131
      vertex -14.3081 25.5484 -1.8422
    endloop
  endfacet
  facet normal -0.278456 -0.141875 0.949913
    outer loop
      vertex -1.69024 -2.38216 15.5995
      vertex -2.25951 -2.95144 15.3476
      vertex -1.63235 -2.49578 15.5995
    endloop
  endfacet
  facet normal -0.141884 0.278449 0.949913
    outer loop
      vertex -1.42857 2.64383 15.5995
      vertex -1.99784 3.2131 15.3476
      vertex -1.54218 2.58594 15.5995
    endloop
  endfacet
  facet normal -0.585251 -0.0926955 0.805536
    outer loop
      vertex -2.4854 -2.25622 15.3476
      vertex -3.14483 -2.25622 14.8685
      vertex -2.42751 -2.62172 15.3476
    endloop
  endfacet
  facet normal 0.0488954 -0.308666 0.949913
    outer loop
      vertex -1.17669 -2.64383 15.5995
      vertex -1.30263 -2.66378 15.5995
      vertex -0.937138 -3.3811 15.3476
    endloop
  endfacet
  facet normal 0.141879 -0.278454 0.949913
    outer loop
      vertex -0.60742 -3.2131 15.3476
      vertex -1.17669 -2.64383 15.5995
      vertex -0.937138 -3.3811 15.3476
    endloop
  endfacet
  facet normal -0.269049 -0.528009 0.805493
    outer loop
      vertex -14.1044 -24.9213 2.32131
      vertex -14.4341 -24.7533 2.32131
      vertex -14.3081 -25.5484 1.8422
    endloop
  endfacet
  facet normal -0.268941 -0.528012 0.805527
    outer loop
      vertex -14.4341 -24.7533 2.32131
      vertex -14.8217 -25.2868 1.8422
      vertex -14.3081 -25.5484 1.8422
    endloop
  endfacet
  facet normal -0.127083 -0.802432 0.583054
    outer loop
      vertex -14.3081 -25.5484 1.8422
      vertex -14.4562 -26.0041 1.18276
      vertex -13.7389 -26.1177 1.18276
    endloop
  endfacet
  facet normal -0.148939 -0.940442 0.305592
    outer loop
      vertex -13.7389 -26.1177 1.18276
      vertex -14.4562 -26.0041 1.18276
      vertex -13.7389 -26.3696 0.407553
    endloop
  endfacet
  facet normal 0.0488954 -0.308666 -0.949913
    outer loop
      vertex -0.937138 -3.3811 -15.3476
      vertex -1.30263 -2.66378 -15.5995
      vertex -1.17669 -2.64383 -15.5995
    endloop
  endfacet
  facet normal -0.141884 0.278449 -0.949913
    outer loop
      vertex -1.54218 2.58594 -15.5995
      vertex -1.99784 3.2131 -15.3476
      vertex -1.42857 2.64383 -15.5995
    endloop
  endfacet
  facet normal 0.141884 0.278449 -0.949913
    outer loop
      vertex -1.06308 2.58594 -15.5995
      vertex -1.17669 2.64383 -15.5995
      vertex -0.60742 3.2131 -15.3476
    endloop
  endfacet
  facet normal -0.127083 -0.802432 -0.583054
    outer loop
      vertex -13.7389 -26.1177 -1.18276
      vertex -14.4562 -26.0041 -1.18276
      vertex -14.3081 -25.5484 -1.8422
    endloop
  endfacet
  facet normal -0.368752 -0.723972 -0.582998
    outer loop
      vertex -14.3081 -25.5484 -1.8422
      vertex -15.1033 -25.6744 -1.18276
      vertex -14.8217 -25.2868 -1.8422
    endloop
  endfacet
  facet normal -0.802458 -0.127142 -0.583006
    outer loop
      vertex -15.4909 -24.3657 -1.8422
      vertex -16.0602 -23.7964 -1.18276
      vertex -15.5811 -23.7964 -1.8422
    endloop
  endfacet
  facet normal -0.809024 0 -0.587776
    outer loop
      vertex -15.5811 -23.7964 -1.8422
      vertex -16.0602 23.7964 -1.18276
      vertex -15.5811 23.7964 -1.8422
    endloop
  endfacet
  facet normal -0.809024 -0 -0.587776
    outer loop
      vertex -16.0602 23.7964 -1.18276
      vertex -15.5811 -23.7964 -1.8422
      vertex -16.0602 -23.7964 -1.18276
    endloop
  endfacet
  facet normal -0.141884 -0.278449 -0.949913
    outer loop
      vertex -1.42857 -2.64383 -15.5995
      vertex -1.99784 -3.2131 -15.3476
      vertex -1.54218 -2.58594 -15.5995
    endloop
  endfacet
  facet normal -0.278456 -0.141875 -0.949913
    outer loop
      vertex -1.63235 -2.49578 -15.5995
      vertex -2.25951 -2.95144 -15.3476
      vertex -1.69024 -2.38216 -15.5995
    endloop
  endfacet
  facet normal 0.155782 0.269823 -0.950225
    outer loop
      vertex 0.772542 2.37764 -15.3586
      vertex -0.60742 3.2131 -15.3476
      vertex 1.3437 2.08662 -15.3476
    endloop
  endfacet
  facet normal 0.155318 0.269059 -0.950517
    outer loop
      vertex 0 2.5 -15.4502
      vertex -0.60742 3.2131 -15.3476
      vertex 0.772542 2.37764 -15.3586
    endloop
  endfacet
  facet normal 0.155216 0.268978 -0.950557
    outer loop
      vertex -0.717415 2.38637 -15.5995
      vertex -0.60742 3.2131 -15.3476
      vertex 0 2.5 -15.4502
    endloop
  endfacet
  facet normal 0.155288 0.268966 -0.950549
    outer loop
      vertex -0.60742 3.2131 -15.3476
      vertex -0.717415 2.38637 -15.5995
      vertex -1.06308 2.58594 -15.5995
    endloop
  endfacet
  facet normal 0.155344 0.269065 -0.950512
    outer loop
      vertex 2.37764 0.772542 -15.5505
      vertex 2.84482 0.329717 -15.5995
      vertex 2.40782 0.582018 -15.5995
    endloop
  endfacet
  facet normal 0.155264 0.268985 -0.950547
    outer loop
      vertex 2.84482 0.329717 -15.5995
      vertex 2.37764 0.772542 -15.5505
      vertex 3.30047 0.956877 -15.3476
    endloop
  endfacet
  facet normal 0.155267 0.268973 -0.95055
    outer loop
      vertex 2.02254 1.46946 -15.4113
      vertex 3.30047 0.956877 -15.3476
      vertex 2.37764 0.772542 -15.5505
    endloop
  endfacet
  facet normal 0.15522 0.268849 -0.950593
    outer loop
      vertex 3.30047 0.956877 -15.3476
      vertex 2.02254 1.46946 -15.4113
      vertex 1.48964 2.00236 -15.3476
    endloop
  endfacet
  facet normal 0.314681 -0.617586 -0.720807
    outer loop
      vertex -0.219814 -3.74659 -14.8685
      vertex -10.5676 -21.0417 -4.56761
      vertex -0.733361 -4.00826 -14.8685
    endloop
  endfacet
  facet normal 0.315046 -0.617667 -0.720578
    outer loop
      vertex -0.219814 -3.74659 -14.8685
      vertex -10.5743 -21.1683 -4.46202
      vertex -10.5676 -21.0417 -4.56761
    endloop
  endfacet
  facet normal 0.314381 -0.617521 -0.720994
    outer loop
      vertex -0.219814 -3.74659 -14.8685
      vertex -10.7425 -21.6065 -4.16005
      vertex -10.5743 -21.1683 -4.46202
    endloop
  endfacet
  facet normal 0.314576 -0.617563 -0.720873
    outer loop
      vertex -12.656 -25.2868 -1.8422
      vertex -10.7425 -21.6065 -4.16005
      vertex -0.219814 -3.74659 -14.8685
    endloop
  endfacet
  facet normal 0.314687 -0.617581 -0.72081
    outer loop
      vertex -12.656 -25.2868 -1.8422
      vertex -11.0378 -21.9712 -3.9765
      vertex -10.7425 -21.6065 -4.16005
    endloop
  endfacet
  facet normal 0.315136 -0.61764 -0.720562
    outer loop
      vertex -12.656 -25.2868 -1.8422
      vertex -11.1441 -22.0403 -3.96376
      vertex -11.0378 -21.9712 -3.9765
    endloop
  endfacet
  facet normal 0.314559 -0.617574 -0.720871
    outer loop
      vertex -11.1441 -22.0403 -3.96376
      vertex -12.656 -25.2868 -1.8422
      vertex -13.1696 -25.5484 -1.8422
    endloop
  endfacet
  facet normal -0.308665 -0.0488881 0.949914
    outer loop
      vertex -1.71018 -2.25622 15.5995
      vertex -2.4854 -2.25622 15.3476
      vertex -2.42751 -2.62172 15.3476
    endloop
  endfacet
  facet normal -0.309036 3.27956e-06 0.95105
    outer loop
      vertex -2.4854 -2.25622 15.3476
      vertex -1.71018 -1.78182 15.5995
      vertex -2.02254 -1.46946 15.498
    endloop
  endfacet
  facet normal -0.309048 1.10658e-05 0.951046
    outer loop
      vertex -2.4854 -2.25622 15.3476
      vertex -2.02254 -1.46946 15.498
      vertex -2.37764 -0.772542 15.3826
    endloop
  endfacet
  facet normal -0.309034 0 0.951051
    outer loop
      vertex -1.71018 -1.78182 15.5995
      vertex -2.4854 -2.25622 15.3476
      vertex -1.71018 -2.25622 15.5995
    endloop
  endfacet
  facet normal -0.30891 0 0.951091
    outer loop
      vertex -2.4854 -2.25622 15.3476
      vertex -2.37764 -0.772542 15.3826
      vertex -2.4854 -0.0922091 15.3476
    endloop
  endfacet
  facet normal -0.309034 0 0.951051
    outer loop
      vertex -2.4854 2.25622 15.3476
      vertex -1.71018 1.78182 15.5995
      vertex -1.71018 2.25622 15.5995
    endloop
  endfacet
  facet normal -0.309036 -3.27956e-06 0.95105
    outer loop
      vertex -1.71018 1.78182 15.5995
      vertex -2.4854 2.25622 15.3476
      vertex -2.02254 1.46946 15.498
    endloop
  endfacet
  facet normal -0.309048 -1.10658e-05 0.951046
    outer loop
      vertex -2.02254 1.46946 15.498
      vertex -2.4854 2.25622 15.3476
      vertex -2.37764 0.772542 15.3826
    endloop
  endfacet
  facet normal -0.30891 0 0.951091
    outer loop
      vertex -2.37764 0.772542 15.3826
      vertex -2.4854 2.25622 15.3476
      vertex -2.4854 0.0922091 15.3476
    endloop
  endfacet
  facet normal 0.527948 0.269004 -0.805548
    outer loop
      vertex 28.6026 0.365494 -2.32131
      vertex 28.4346 0.695211 -2.32131
      vertex 29.2298 0.56927 -1.8422
    endloop
  endfacet
  facet normal 0.585276 0.0927169 -0.805516
    outer loop
      vertex 28.6605 0 -2.32131
      vertex 28.6026 0.365494 -2.32131
      vertex 29.3199 0 -1.8422
    endloop
  endfacet
  facet normal 0.361698 0.626276 -0.690618
    outer loop
      vertex 24.083 1.5 -4.17847
      vertex 28.5605 1.49037 -1.8422
      vertex 24.1438 1.49037 -4.15536
    endloop
  endfacet
  facet normal 0.36165 0.626395 -0.690536
    outer loop
      vertex -12.656 25.2868 -1.8422
      vertex 24.0222 1.49037 -4.21905
      vertex 3.68808 1.49037 -14.8685
    endloop
  endfacet
  facet normal 0.361652 0.626398 -0.690531
    outer loop
      vertex 24.083 1.5 -4.17847
      vertex -12.656 25.2868 -1.8422
      vertex 28.5605 1.49037 -1.8422
    endloop
  endfacet
  facet normal 0.36166 0.626408 -0.690518
    outer loop
      vertex 24.0222 1.49037 -4.21905
      vertex -12.656 25.2868 -1.8422
      vertex 24.083 1.5 -4.17847
    endloop
  endfacet
  facet normal 0.405262 0.701933 -0.585707
    outer loop
      vertex 28.5605 1.49037 -1.8422
      vertex -12.3744 25.6744 -1.18276
      vertex 28.8422 1.87798 -1.18276
    endloop
  endfacet
  facet normal 0.405279 0.701963 -0.58566
    outer loop
      vertex -12.3744 25.6744 -1.18276
      vertex 28.5605 1.49037 -1.8422
      vertex -12.656 25.2868 -1.8422
    endloop
  endfacet
  facet normal 0.278453 -0.14188 -0.949913
    outer loop
      vertex 3.56214 -0.695211 -15.3476
      vertex 2.99287 -0.12594 -15.5995
      vertex 3.73014 -0.365494 -15.3476
    endloop
  endfacet
  facet normal 0.940438 -0.148903 -0.30562
    outer loop
      vertex 29.925 -0.795158 -0.407553
      vertex 29.6854 -0.717322 -1.18276
      vertex 30.0509 0 -0.407553
    endloop
  endfacet
  facet normal -0.0488953 0.308665 -0.949913
    outer loop
      vertex -1.42857 2.64383 -15.5995
      vertex -1.66813 3.3811 -15.3476
      vertex -1.30263 2.66378 -15.5995
    endloop
  endfacet
  facet normal 0 0 -1
    outer loop
      vertex 2.5 0 -15.5995
      vertex 3.01282 0 -15.5995
      vertex 2.99287 -0.12594 -15.5995
    endloop
  endfacet
  facet normal 0 0 -1
    outer loop
      vertex 2.5 0 -15.5995
      vertex 2.99287 -0.12594 -15.5995
      vertex 2.93498 -0.239553 -15.5995
    endloop
  endfacet
  facet normal 0 0 -1
    outer loop
      vertex 3.01282 0 -15.5995
      vertex 2.5 0 -15.5995
      vertex 2.99287 0.12594 -15.5995
    endloop
  endfacet
  facet normal 0 0 -1
    outer loop
      vertex 2.5 0 -15.5995
      vertex 2.93498 -0.239553 -15.5995
      vertex 2.84482 -0.329717 -15.5995
    endloop
  endfacet
  facet normal -0 0 -1
    outer loop
      vertex 2.99287 0.12594 -15.5995
      vertex 2.5 0 -15.5995
      vertex 2.93498 0.239553 -15.5995
    endloop
  endfacet
  facet normal -0 0 -1
    outer loop
      vertex 2.93498 0.239553 -15.5995
      vertex 2.5 0 -15.5995
      vertex 2.84482 0.329717 -15.5995
    endloop
  endfacet
  facet normal 0 -0 -1
    outer loop
      vertex 2.5 0 -15.5995
      vertex 2.84482 -0.329717 -15.5995
      vertex 2.40782 -0.582018 -15.5995
    endloop
  endfacet
  facet normal -0 0 -1
    outer loop
      vertex 2.84482 0.329717 -15.5995
      vertex 2.5 0 -15.5995
      vertex 2.40782 0.582018 -15.5995
    endloop
  endfacet
  facet normal 0 0 -1
    outer loop
      vertex -1.06308 -2.58594 -15.5995
      vertex -0.772542 -2.37764 -15.5995
      vertex -0.717415 -2.38637 -15.5995
    endloop
  endfacet
  facet normal 0 0 -1
    outer loop
      vertex -1.46946 -2.02254 -15.5995
      vertex -1.06308 -2.58594 -15.5995
      vertex -1.17669 -2.64383 -15.5995
    endloop
  endfacet
  facet normal 0 0 -1
    outer loop
      vertex -1.46946 -2.02254 -15.5995
      vertex -1.17669 -2.64383 -15.5995
      vertex -1.30263 -2.66378 -15.5995
    endloop
  endfacet
  facet normal 0 0 -1
    outer loop
      vertex -1.46946 -2.02254 -15.5995
      vertex -1.30263 -2.66378 -15.5995
      vertex -1.42857 -2.64383 -15.5995
    endloop
  endfacet
  facet normal 0 0 -1
    outer loop
      vertex -1.06308 -2.58594 -15.5995
      vertex -1.46946 -2.02254 -15.5995
      vertex -0.772542 -2.37764 -15.5995
    endloop
  endfacet
  facet normal 0 0 -1
    outer loop
      vertex -1.54218 -2.58594 -15.5995
      vertex -1.46946 -2.02254 -15.5995
      vertex -1.42857 -2.64383 -15.5995
    endloop
  endfacet
  facet normal 0 0 -1
    outer loop
      vertex -1.63235 -2.49578 -15.5995
      vertex -1.46946 -2.02254 -15.5995
      vertex -1.54218 -2.58594 -15.5995
    endloop
  endfacet
  facet normal 0 0 -1
    outer loop
      vertex -1.69024 -2.38216 -15.5995
      vertex -1.46946 -2.02254 -15.5995
      vertex -1.63235 -2.49578 -15.5995
    endloop
  endfacet
  facet normal 0 0 -1
    outer loop
      vertex -1.71018 -2.25622 -15.5995
      vertex -1.46946 -2.02254 -15.5995
      vertex -1.69024 -2.38216 -15.5995
    endloop
  endfacet
  facet normal -0 0 -1
    outer loop
      vertex -1.46946 -2.02254 -15.5995
      vertex -1.71018 -2.25622 -15.5995
      vertex -1.71018 -1.78182 -15.5995
    endloop
  endfacet
  facet normal 0 0 -1
    outer loop
      vertex -0.772542 2.37764 -15.5995
      vertex -1.06308 2.58594 -15.5995
      vertex -0.717415 2.38637 -15.5995
    endloop
  endfacet
  facet normal 0 0 -1
    outer loop
      vertex -1.46946 2.02254 -15.5995
      vertex -1.06308 2.58594 -15.5995
      vertex -0.772542 2.37764 -15.5995
    endloop
  endfacet
  facet normal -0 0 -1
    outer loop
      vertex -1.06308 2.58594 -15.5995
      vertex -1.46946 2.02254 -15.5995
      vertex -1.17669 2.64383 -15.5995
    endloop
  endfacet
  facet normal -0 0 -1
    outer loop
      vertex -1.17669 2.64383 -15.5995
      vertex -1.46946 2.02254 -15.5995
      vertex -1.30263 2.66378 -15.5995
    endloop
  endfacet
  facet normal 0 0 -1
    outer loop
      vertex -1.30263 2.66378 -15.5995
      vertex -1.46946 2.02254 -15.5995
      vertex -1.42857 2.64383 -15.5995
    endloop
  endfacet
  facet normal 0 0 -1
    outer loop
      vertex -1.46946 2.02254 -15.5995
      vertex -1.54218 2.58594 -15.5995
      vertex -1.42857 2.64383 -15.5995
    endloop
  endfacet
  facet normal 0 0 -1
    outer loop
      vertex -1.46946 2.02254 -15.5995
      vertex -1.63235 2.49578 -15.5995
      vertex -1.54218 2.58594 -15.5995
    endloop
  endfacet
  facet normal 0 0 -1
    outer loop
      vertex -1.46946 2.02254 -15.5995
      vertex -1.69024 2.38216 -15.5995
      vertex -1.63235 2.49578 -15.5995
    endloop
  endfacet
  facet normal 0 0 -1
    outer loop
      vertex -1.71018 2.25622 -15.5995
      vertex -1.46946 2.02254 -15.5995
      vertex -1.71018 1.78182 -15.5995
    endloop
  endfacet
  facet normal 0 0 -1
    outer loop
      vertex -1.46946 2.02254 -15.5995
      vertex -1.71018 2.25622 -15.5995
      vertex -1.69024 2.38216 -15.5995
    endloop
  endfacet
  facet normal 0.142436 0.571132 -0.808406
    outer loop
      vertex -11.4314 22.2268 -3.88262
      vertex -13.1696 25.5484 -1.8422
      vertex -11.1441 22.0403 -3.96376
    endloop
  endfacet
  facet normal 0.142669 0.571199 -0.808317
    outer loop
      vertex -11.8847 22.3483 -3.87677
      vertex -13.1696 25.5484 -1.8422
      vertex -11.4314 22.2268 -3.88262
    endloop
  endfacet
  facet normal 0.137614 0.569519 -0.810376
    outer loop
      vertex -13.3734 24.9213 -2.32131
      vertex -11.8847 22.3483 -3.87677
      vertex -11.8877 22.3481 -3.87742
    endloop
  endfacet
  facet normal 0.142665 0.571198 -0.808319
    outer loop
      vertex -11.8847 22.3483 -3.87677
      vertex -13.3734 24.9213 -2.32131
      vertex -13.1696 25.5484 -1.8422
    endloop
  endfacet
  facet normal 0.142615 0.571178 -0.808342
    outer loop
      vertex -0.733361 4.00826 -14.8685
      vertex -10.6712 20.2464 -5.14788
      vertex -10.5497 20.6997 -4.80614
    endloop
  endfacet
  facet normal 0.138019 0.569535 -0.810296
    outer loop
      vertex -0.733361 4.00826 -14.8685
      vertex -10.6728 20.2438 -5.14998
      vertex -10.6712 20.2464 -5.14788
    endloop
  endfacet
  facet normal 0.142606 0.571175 -0.808345
    outer loop
      vertex -10.6728 20.2438 -5.14998
      vertex -0.733361 4.00826 -14.8685
      vertex -0.937138 3.3811 -15.3476
    endloop
  endfacet
  facet normal 0.142736 0.571219 -0.808292
    outer loop
      vertex -0.733361 4.00826 -14.8685
      vertex -10.5497 20.6997 -4.80614
      vertex -10.5676 21.0417 -4.56761
    endloop
  endfacet
  facet normal -0.278456 0.141875 -0.949913
    outer loop
      vertex -1.69024 2.38216 -15.5995
      vertex -2.25951 2.95144 -15.3476
      vertex -1.63235 2.49578 -15.5995
    endloop
  endfacet
  facet normal -0.471945 0.240467 -0.8482
    outer loop
      vertex -12.0971 19.37 -5.21919
      vertex -2.25951 2.95144 -15.3476
      vertex -2.42751 2.62172 -15.3476
    endloop
  endfacet
  facet normal -0.471967 0.240449 -0.848193
    outer loop
      vertex -2.25951 2.95144 -15.3476
      vertex -12.0971 19.37 -5.21919
      vertex -11.7493 19.3882 -5.40756
    endloop
  endfacet
  facet normal -0.472 0.24042 -0.848183
    outer loop
      vertex -14.8637 24.1619 -2.32131
      vertex -13.1669 21.8437 -3.92265
      vertex -13.3566 21.5515 -3.89991
    endloop
  endfacet
  facet normal -0.471937 0.240478 -0.848201
    outer loop
      vertex -13.1669 21.8437 -3.92265
      vertex -14.8637 24.1619 -2.32131
      vertex -14.6957 24.4916 -2.32131
    endloop
  endfacet
  facet normal -0.848387 0.432295 -0.30555
    outer loop
      vertex -15.9466 24.5137 -1.18276
      vertex -16.1861 24.5916 -0.407553
      vertex -15.8206 25.3089 -0.407553
    endloop
  endfacet
  facet normal -0.432262 0.848397 -0.305568
    outer loop
      vertex -15.1033 25.6744 -1.18276
      vertex -15.2513 25.8782 -0.407553
      vertex -14.4562 26.0041 -1.18276
    endloop
  endfacet
  facet normal -0.890998 0.454008 0
    outer loop
      vertex -16.1861 24.5916 -0.407553
      vertex -15.8206 25.3089 0.407553
      vertex -15.8206 25.3089 -0.407553
    endloop
  endfacet
  facet normal -0.890998 0.454008 0
    outer loop
      vertex -15.8206 25.3089 0.407553
      vertex -16.1861 24.5916 -0.407553
      vertex -16.1861 24.5916 0.407553
    endloop
  endfacet
  facet normal 0.454008 0.890998 -0
    outer loop
      vertex -12.2264 25.8782 -0.407553
      vertex -12.9437 26.2437 0.407553
      vertex -12.2264 25.8782 0.407553
    endloop
  endfacet
  facet normal 0.454008 0.890998 0
    outer loop
      vertex -12.9437 26.2437 0.407553
      vertex -12.2264 25.8782 -0.407553
      vertex -12.9437 26.2437 -0.407553
    endloop
  endfacet
  facet normal 0.405262 0.701933 0.585707
    outer loop
      vertex -12.3744 25.6744 1.18276
      vertex 28.5605 1.49037 1.8422
      vertex 28.8422 1.87798 1.18276
    endloop
  endfacet
  facet normal 0.405279 0.701963 0.58566
    outer loop
      vertex 28.5605 1.49037 1.8422
      vertex -12.3744 25.6744 1.18276
      vertex -12.656 25.2868 1.8422
    endloop
  endfacet
  facet normal 0.432288 0.848373 -0.305599
    outer loop
      vertex -12.2264 25.8782 -0.407553
      vertex -13.0215 26.0041 -1.18276
      vertex -12.9437 26.2437 -0.407553
    endloop
  endfacet
  facet normal -0.6318 0.100063 0.768646
    outer loop
      vertex -12.687 19.5091 4.77917
      vertex -3.14483 2.25622 14.8685
      vertex -3.05467 2.82549 14.8685
    endloop
  endfacet
  facet normal -0.631819 0.100045 0.768632
    outer loop
      vertex -13.0452 19.7418 4.45444
      vertex -3.14483 2.25622 14.8685
      vertex -12.687 19.5091 4.77917
    endloop
  endfacet
  facet normal -0.632001 0.0998667 0.768506
    outer loop
      vertex -13.3405 20.1065 4.1642
      vertex -3.14483 2.25622 14.8685
      vertex -13.0452 19.7418 4.45444
    endloop
  endfacet
  facet normal -0.631772 0.100098 0.768664
    outer loop
      vertex -15.5811 23.7964 1.8422
      vertex -13.5311 20.9712 3.89502
      vertex -15.4909 24.3657 1.8422
    endloop
  endfacet
  facet normal -0.631883 0.0999641 0.768591
    outer loop
      vertex -13.5311 20.9712 3.89502
      vertex -15.5811 23.7964 1.8422
      vertex -13.5087 20.5446 3.96892
    endloop
  endfacet
  facet normal -0.63158 0.100282 0.768798
    outer loop
      vertex -13.3405 20.1065 4.1642
      vertex -15.5811 23.7964 1.8422
      vertex -3.14483 2.25622 14.8685
    endloop
  endfacet
  facet normal -0.631805 0.100048 0.768643
    outer loop
      vertex -13.5087 20.5446 3.96892
      vertex -15.5811 23.7964 1.8422
      vertex -13.3405 20.1065 4.1642
    endloop
  endfacet
  facet normal 0.432288 0.848373 0.305599
    outer loop
      vertex -12.9437 26.2437 0.407553
      vertex -13.0215 26.0041 1.18276
      vertex -12.2264 25.8782 0.407553
    endloop
  endfacet
  facet normal 0.141879 -0.278454 -0.949913
    outer loop
      vertex -0.937138 -3.3811 -15.3476
      vertex -1.17669 -2.64383 -15.5995
      vertex -0.60742 -3.2131 -15.3476
    endloop
  endfacet
  facet normal 0.141884 -0.278449 -0.949913
    outer loop
      vertex -0.60742 -3.2131 -15.3476
      vertex -1.17669 -2.64383 -15.5995
      vertex -1.06308 -2.58594 -15.5995
    endloop
  endfacet
  facet normal 0.0927154 -0.585276 -0.805516
    outer loop
      vertex -13.3734 -24.9213 -2.32131
      vertex -13.7389 -25.6386 -1.8422
      vertex -13.7389 -24.9792 -2.32131
    endloop
  endfacet
  facet normal -0.0488887 -0.308669 -0.949912
    outer loop
      vertex -1.30263 -3.43899 -15.3476
      vertex -1.66813 -3.3811 -15.3476
      vertex -1.30263 -2.66378 -15.5995
    endloop
  endfacet
  facet normal -0.148914 -0.940438 -0.305615
    outer loop
      vertex -13.7389 -26.3696 -0.407553
      vertex -14.534 -26.2437 -0.407553
      vertex -14.4562 -26.0041 -1.18276
    endloop
  endfacet
  facet normal -0.432288 -0.848373 -0.305599
    outer loop
      vertex -14.534 -26.2437 -0.407553
      vertex -15.2513 -25.8782 -0.407553
      vertex -14.4562 -26.0041 -1.18276
    endloop
  endfacet
  facet normal -0.527937 -0.269058 -0.805537
    outer loop
      vertex -15.2292 -24.8792 -1.8422
      vertex -15.4909 -24.3657 -1.8422
      vertex -14.6957 -24.4916 -2.32131
    endloop
  endfacet
  facet normal -0.210849 -0.413821 -0.885604
    outer loop
      vertex -14.1044 -24.9213 -2.32131
      vertex -12.7915 -22.1555 -3.92628
      vertex -12.5591 -22.2447 -3.93993
    endloop
  endfacet
  facet normal -0.210861 -0.413815 -0.885604
    outer loop
      vertex -14.4341 -24.7533 -2.32131
      vertex -12.7915 -22.1555 -3.92628
      vertex -14.1044 -24.9213 -2.32131
    endloop
  endfacet
  facet normal -0.210884 -0.413801 -0.885605
    outer loop
      vertex -12.7915 -22.1555 -3.92628
      vertex -14.4341 -24.7533 -2.32131
      vertex -12.8888 -22.0767 -3.93993
    endloop
  endfacet
  facet normal -0.210862 -0.413821 -0.885601
    outer loop
      vertex -11.2915 -19.5574 -5.49746
      vertex -1.66813 -3.3811 -15.3476
      vertex -11.098 -19.7141 -5.47031
    endloop
  endfacet
  facet normal -0.210859 -0.413823 -0.885601
    outer loop
      vertex -1.66813 -3.3811 -15.3476
      vertex -11.2915 -19.5574 -5.49746
      vertex -1.99784 -3.2131 -15.3476
    endloop
  endfacet
  facet normal -0.210675 -0.413925 -0.885597
    outer loop
      vertex -1.99784 -3.2131 -15.3476
      vertex -11.2915 -19.5574 -5.49746
      vertex -11.4084 -19.5126 -5.49059
    endloop
  endfacet
  facet normal -0.268941 -0.528012 -0.805527
    outer loop
      vertex -14.3081 -25.5484 -1.8422
      vertex -14.8217 -25.2868 -1.8422
      vertex -14.4341 -24.7533 -2.32131
    endloop
  endfacet
  facet normal -0.419086 -0.418926 -0.805524
    outer loop
      vertex -14.8217 -25.2868 -1.8422
      vertex -14.6957 -24.4916 -2.32131
      vertex -14.4341 -24.7533 -2.32131
    endloop
  endfacet
  facet normal -0.419044 -0.418941 -0.805538
    outer loop
      vertex -14.6957 -24.4916 -2.32131
      vertex -14.8217 -25.2868 -1.8422
      vertex -15.2292 -24.8792 -1.8422
    endloop
  endfacet
  facet normal -0.220967 -0.220992 -0.949914
    outer loop
      vertex -1.99784 -3.2131 -15.3476
      vertex -1.63235 -2.49578 -15.5995
      vertex -1.54218 -2.58594 -15.5995
    endloop
  endfacet
  facet normal -0.220978 -0.220986 -0.949913
    outer loop
      vertex -1.63235 -2.49578 -15.5995
      vertex -1.99784 -3.2131 -15.3476
      vertex -2.25951 -2.95144 -15.3476
    endloop
  endfacet
  facet normal 0.0488954 0.308666 -0.949913
    outer loop
      vertex -1.17669 2.64383 -15.5995
      vertex -1.30263 2.66378 -15.5995
      vertex -0.937138 3.3811 -15.3476
    endloop
  endfacet
  facet normal 0.092732 -0.585281 -0.805511
    outer loop
      vertex -13.1696 -25.5484 -1.8422
      vertex -13.7389 -25.6386 -1.8422
      vertex -13.3734 -24.9213 -2.32131
    endloop
  endfacet
  facet normal 0.127142 -0.802458 -0.583006
    outer loop
      vertex -13.1696 -25.5484 -1.8422
      vertex -13.7389 -26.1177 -1.18276
      vertex -13.7389 -25.6386 -1.8422
    endloop
  endfacet
  facet normal 0.462699 0.0732989 -0.88348
    outer loop
      vertex 25.583 0 -3.93307
      vertex 28.6026 0.365494 -2.32131
      vertex 28.6605 0 -2.32131
    endloop
  endfacet
  facet normal 0.462699 0.0732989 -0.88348
    outer loop
      vertex 28.6026 0.365494 -2.32131
      vertex 25.583 0 -3.93307
      vertex 25.5251 0.365494 -3.93307
    endloop
  endfacet
  facet normal 0.4627 0.0732576 -0.883483
    outer loop
      vertex 3.78803 0 -15.3476
      vertex 22.6409 0.365494 -5.44361
      vertex 22.583 0 -5.50424
    endloop
  endfacet
  facet normal 0.462699 0.0732861 -0.883481
    outer loop
      vertex 22.6409 0.365494 -5.44361
      vertex 3.78803 0 -15.3476
      vertex 3.73014 0.365494 -15.3476
    endloop
  endfacet
  facet normal 0.451491 0.230158 -0.862081
    outer loop
      vertex 3.73014 0.365494 -15.3476
      vertex 22.6564 0.463525 -5.40932
      vertex 22.6409 0.365494 -5.44361
    endloop
  endfacet
  facet normal 0.45151 0.229992 -0.862115
    outer loop
      vertex 3.73014 0.365494 -15.3476
      vertex 22.7745 0.695211 -5.28566
      vertex 22.6564 0.463525 -5.40932
    endloop
  endfacet
  facet normal 0.451502 0.230053 -0.862103
    outer loop
      vertex 22.7745 0.695211 -5.28566
      vertex 3.73014 0.365494 -15.3476
      vertex 3.56214 0.695211 -15.3476
    endloop
  endfacet
  facet normal 0.451503 0.230054 -0.862102
    outer loop
      vertex 25.5251 0.365494 -3.93307
      vertex 28.4346 0.695211 -2.32131
      vertex 28.6026 0.365494 -2.32131
    endloop
  endfacet
  facet normal 0.451524 0.229954 -0.862118
    outer loop
      vertex 25.5096 0.463525 -3.91504
      vertex 28.4346 0.695211 -2.32131
      vertex 25.5251 0.365494 -3.93307
    endloop
  endfacet
  facet normal 0.45149 0.230143 -0.862085
    outer loop
      vertex 28.4346 0.695211 -2.32131
      vertex 25.5096 0.463525 -3.91504
      vertex 25.3915 0.695211 -3.91504
    endloop
  endfacet
  facet normal 0.451491 -0.230158 -0.862081
    outer loop
      vertex 22.6564 -0.463525 -5.40932
      vertex 3.73014 -0.365494 -15.3476
      vertex 22.6409 -0.365494 -5.44361
    endloop
  endfacet
  facet normal 0.45151 -0.229992 -0.862115
    outer loop
      vertex 22.7745 -0.695211 -5.28566
      vertex 3.73014 -0.365494 -15.3476
      vertex 22.6564 -0.463525 -5.40932
    endloop
  endfacet
  facet normal 0.451502 -0.230053 -0.862103
    outer loop
      vertex 3.73014 -0.365494 -15.3476
      vertex 22.7745 -0.695211 -5.28566
      vertex 3.56214 -0.695211 -15.3476
    endloop
  endfacet
  facet normal 0.451503 -0.230054 -0.862102
    outer loop
      vertex 28.4346 -0.695211 -2.32131
      vertex 25.5251 -0.365494 -3.93307
      vertex 28.6026 -0.365494 -2.32131
    endloop
  endfacet
  facet normal 0.451524 -0.229954 -0.862118
    outer loop
      vertex 28.4346 -0.695211 -2.32131
      vertex 25.5096 -0.463525 -3.91504
      vertex 25.5251 -0.365494 -3.93307
    endloop
  endfacet
  facet normal 0.45149 -0.230143 -0.862085
    outer loop
      vertex 25.5096 -0.463525 -3.91504
      vertex 28.4346 -0.695211 -2.32131
      vertex 25.3915 -0.695211 -3.91504
    endloop
  endfacet
  facet normal 0.848392 -0.432254 -0.305593
    outer loop
      vertex 29.5595 -1.51248 -0.407553
      vertex 29.3557 -1.36443 -1.18276
      vertex 29.6854 -0.717322 -1.18276
    endloop
  endfacet
  facet normal 0.848373 -0.432275 -0.305617
    outer loop
      vertex 29.925 -0.795158 -0.407553
      vertex 29.5595 -1.51248 -0.407553
      vertex 29.6854 -0.717322 -1.18276
    endloop
  endfacet
  facet normal -0.707107 0.707107 0
    outer loop
      vertex -15.8206 25.3089 -0.407553
      vertex -15.2513 25.8782 0.407553
      vertex -15.2513 25.8782 -0.407553
    endloop
  endfacet
  facet normal -0.707107 0.707107 0
    outer loop
      vertex -15.2513 25.8782 0.407553
      vertex -15.8206 25.3089 -0.407553
      vertex -15.8206 25.3089 0.407553
    endloop
  endfacet
  facet normal 0.148895 0.940442 -0.305614
    outer loop
      vertex -13.0215 26.0041 -1.18276
      vertex -13.7389 26.3696 -0.407553
      vertex -12.9437 26.2437 -0.407553
    endloop
  endfacet
  facet normal 0.156377 0.987697 -0
    outer loop
      vertex -12.9437 26.2437 -0.407553
      vertex -13.7389 26.3696 0.407553
      vertex -12.9437 26.2437 0.407553
    endloop
  endfacet
  facet normal 0.156377 0.987697 0
    outer loop
      vertex -13.7389 26.3696 0.407553
      vertex -12.9437 26.2437 -0.407553
      vertex -13.7389 26.3696 -0.407553
    endloop
  endfacet
  facet normal 0.314681 0.617586 0.720807
    outer loop
      vertex -0.219814 3.74659 14.8685
      vertex -10.5676 21.0417 4.56761
      vertex -0.733361 4.00826 14.8685
    endloop
  endfacet
  facet normal 0.315046 0.617667 0.720578
    outer loop
      vertex -0.219814 3.74659 14.8685
      vertex -10.5743 21.1683 4.46202
      vertex -10.5676 21.0417 4.56761
    endloop
  endfacet
  facet normal 0.314381 0.617521 0.720994
    outer loop
      vertex -0.219814 3.74659 14.8685
      vertex -10.7425 21.6065 4.16005
      vertex -10.5743 21.1683 4.46202
    endloop
  endfacet
  facet normal 0.314576 0.617563 0.720873
    outer loop
      vertex -12.656 25.2868 1.8422
      vertex -10.7425 21.6065 4.16005
      vertex -0.219814 3.74659 14.8685
    endloop
  endfacet
  facet normal 0.314687 0.617581 0.72081
    outer loop
      vertex -12.656 25.2868 1.8422
      vertex -11.0378 21.9712 3.9765
      vertex -10.7425 21.6065 4.16005
    endloop
  endfacet
  facet normal 0.315136 0.61764 0.720562
    outer loop
      vertex -12.656 25.2868 1.8422
      vertex -11.1441 22.0403 3.96376
      vertex -11.0378 21.9712 3.9765
    endloop
  endfacet
  facet normal 0.314559 0.617574 0.720871
    outer loop
      vertex -11.1441 22.0403 3.96376
      vertex -12.656 25.2868 1.8422
      vertex -13.1696 25.5484 1.8422
    endloop
  endfacet
  facet normal 0.148919 0.940445 -0.305593
    outer loop
      vertex -13.0215 26.0041 -1.18276
      vertex -13.7389 26.1177 -1.18276
      vertex -13.7389 26.3696 -0.407553
    endloop
  endfacet
  facet normal -0.148939 0.940442 -0.305592
    outer loop
      vertex -13.7389 26.1177 -1.18276
      vertex -14.4562 26.0041 -1.18276
      vertex -13.7389 26.3696 -0.407553
    endloop
  endfacet
  facet normal -0.0765363 0.483228 0.872143
    outer loop
      vertex -13.7389 24.9792 2.32131
      vertex -12.3534 22.3237 3.91423
      vertex -12.2101 22.3312 3.92265
    endloop
  endfacet
  facet normal -0.0766079 0.483197 0.872153
    outer loop
      vertex -13.7389 24.9792 2.32131
      vertex -12.5591 22.2447 3.93993
      vertex -12.3534 22.3237 3.91423
    endloop
  endfacet
  facet normal -0.0765482 0.483219 0.872147
    outer loop
      vertex -12.5591 22.2447 3.93993
      vertex -13.7389 24.9792 2.32131
      vertex -14.1044 24.9213 2.32131
    endloop
  endfacet
  facet normal -0.0763147 0.483338 0.872101
    outer loop
      vertex -10.9268 19.8528 5.40851
      vertex -1.30263 3.43899 15.3476
      vertex -10.8486 19.9731 5.34868
    endloop
  endfacet
  facet normal -0.0765371 0.483232 0.87214
    outer loop
      vertex -1.30263 3.43899 15.3476
      vertex -10.9268 19.8528 5.40851
      vertex -1.66813 3.3811 15.3476
    endloop
  endfacet
  facet normal -0.0766301 0.483189 0.872156
    outer loop
      vertex -1.66813 3.3811 15.3476
      vertex -10.9268 19.8528 5.40851
      vertex -11.098 19.7141 5.47031
    endloop
  endfacet
  facet normal -0.127083 0.802432 0.583054
    outer loop
      vertex -13.7389 26.1177 1.18276
      vertex -14.4562 26.0041 1.18276
      vertex -14.3081 25.5484 1.8422
    endloop
  endfacet
  facet normal -0.527938 0.269013 0.805551
    outer loop
      vertex -14.6957 24.4916 2.32131
      vertex -15.4909 24.3657 1.8422
      vertex -14.8637 24.1619 2.32131
    endloop
  endfacet
  facet normal -0.564955 0.16298 0.808866
    outer loop
      vertex -12.0971 19.37 5.21919
      vertex -3.05467 2.82549 14.8685
      vertex -2.42751 2.62172 15.3476
    endloop
  endfacet
  facet normal -0.56481 0.163104 0.808942
    outer loop
      vertex -12.1983 19.3647 5.1496
      vertex -3.05467 2.82549 14.8685
      vertex -12.0971 19.37 5.21919
    endloop
  endfacet
  facet normal -0.56497 0.162966 0.808858
    outer loop
      vertex -12.6516 19.4862 4.8085
      vertex -3.05467 2.82549 14.8685
      vertex -12.1983 19.3647 5.1496
    endloop
  endfacet
  facet normal -0.564703 0.163203 0.808996
    outer loop
      vertex -3.05467 2.82549 14.8685
      vertex -12.6516 19.4862 4.8085
      vertex -12.687 19.5091 4.77917
    endloop
  endfacet
  facet normal -0.564917 0.163016 0.808885
    outer loop
      vertex -13.4118 21.4666 3.87849
      vertex -14.8637 24.1619 2.32131
      vertex -13.5333 21.0133 3.88499
    endloop
  endfacet
  facet normal -0.564793 0.16312 0.80895
    outer loop
      vertex -14.8637 24.1619 2.32131
      vertex -13.4118 21.4666 3.87849
      vertex -13.3566 21.5515 3.89991
    endloop
  endfacet
  facet normal -0.564925 0.16301 0.80888
    outer loop
      vertex -15.4909 24.3657 1.8422
      vertex -13.5333 21.0133 3.88499
      vertex -14.8637 24.1619 2.32131
    endloop
  endfacet
  facet normal -0.564679 0.163232 0.809008
    outer loop
      vertex -13.5333 21.0133 3.88499
      vertex -15.4909 24.3657 1.8422
      vertex -13.5311 20.9712 3.89502
    endloop
  endfacet
  facet normal 0 0 1
    outer loop
      vertex -1.06308 2.58594 15.5995
      vertex -0.772542 2.37764 15.5995
      vertex -0.717415 2.38637 15.5995
    endloop
  endfacet
  facet normal 0 0 1
    outer loop
      vertex -1.46946 2.02254 15.5995
      vertex -1.06308 2.58594 15.5995
      vertex -1.17669 2.64383 15.5995
    endloop
  endfacet
  facet normal 0 0 1
    outer loop
      vertex -1.46946 2.02254 15.5995
      vertex -1.17669 2.64383 15.5995
      vertex -1.30263 2.66378 15.5995
    endloop
  endfacet
  facet normal 0 0 1
    outer loop
      vertex -1.46946 2.02254 15.5995
      vertex -1.30263 2.66378 15.5995
      vertex -1.42857 2.64383 15.5995
    endloop
  endfacet
  facet normal 0 0 1
    outer loop
      vertex -1.06308 2.58594 15.5995
      vertex -1.46946 2.02254 15.5995
      vertex -0.772542 2.37764 15.5995
    endloop
  endfacet
  facet normal -0 0 1
    outer loop
      vertex -1.54218 2.58594 15.5995
      vertex -1.46946 2.02254 15.5995
      vertex -1.42857 2.64383 15.5995
    endloop
  endfacet
  facet normal -0 0 1
    outer loop
      vertex -1.63235 2.49578 15.5995
      vertex -1.46946 2.02254 15.5995
      vertex -1.54218 2.58594 15.5995
    endloop
  endfacet
  facet normal -0 0 1
    outer loop
      vertex -1.69024 2.38216 15.5995
      vertex -1.46946 2.02254 15.5995
      vertex -1.63235 2.49578 15.5995
    endloop
  endfacet
  facet normal -0 0 1
    outer loop
      vertex -1.71018 2.25622 15.5995
      vertex -1.46946 2.02254 15.5995
      vertex -1.69024 2.38216 15.5995
    endloop
  endfacet
  facet normal 0 0 1
    outer loop
      vertex -1.46946 2.02254 15.5995
      vertex -1.71018 2.25622 15.5995
      vertex -1.71018 1.78182 15.5995
    endloop
  endfacet
  facet normal 0 0 1
    outer loop
      vertex 2.5 0 15.5995
      vertex 3.01282 0 15.5995
      vertex 2.99287 0.12594 15.5995
    endloop
  endfacet
  facet normal 0 0 1
    outer loop
      vertex 2.5 0 15.5995
      vertex 2.99287 0.12594 15.5995
      vertex 2.93498 0.239553 15.5995
    endloop
  endfacet
  facet normal 0 0 1
    outer loop
      vertex 3.01282 0 15.5995
      vertex 2.5 0 15.5995
      vertex 2.99287 -0.12594 15.5995
    endloop
  endfacet
  facet normal 0 0 1
    outer loop
      vertex 2.5 0 15.5995
      vertex 2.93498 0.239553 15.5995
      vertex 2.84482 0.329717 15.5995
    endloop
  endfacet
  facet normal 0 0 1
    outer loop
      vertex 2.99287 -0.12594 15.5995
      vertex 2.5 0 15.5995
      vertex 2.93498 -0.239553 15.5995
    endloop
  endfacet
  facet normal 0 0 1
    outer loop
      vertex 2.93498 -0.239553 15.5995
      vertex 2.5 0 15.5995
      vertex 2.84482 -0.329717 15.5995
    endloop
  endfacet
  facet normal 0 -0 1
    outer loop
      vertex 2.5 0 15.5995
      vertex 2.84482 0.329717 15.5995
      vertex 2.40782 0.582018 15.5995
    endloop
  endfacet
  facet normal 0 0 1
    outer loop
      vertex 2.84482 -0.329717 15.5995
      vertex 2.5 0 15.5995
      vertex 2.40782 -0.582018 15.5995
    endloop
  endfacet
  facet normal 0 0 1
    outer loop
      vertex -0.772542 -2.37764 15.5995
      vertex -1.06308 -2.58594 15.5995
      vertex -0.717415 -2.38637 15.5995
    endloop
  endfacet
  facet normal 0 0 1
    outer loop
      vertex -1.46946 -2.02254 15.5995
      vertex -1.06308 -2.58594 15.5995
      vertex -0.772542 -2.37764 15.5995
    endloop
  endfacet
  facet normal 0 0 1
    outer loop
      vertex -1.06308 -2.58594 15.5995
      vertex -1.46946 -2.02254 15.5995
      vertex -1.17669 -2.64383 15.5995
    endloop
  endfacet
  facet normal 0 0 1
    outer loop
      vertex -1.17669 -2.64383 15.5995
      vertex -1.46946 -2.02254 15.5995
      vertex -1.30263 -2.66378 15.5995
    endloop
  endfacet
  facet normal 0 0 1
    outer loop
      vertex -1.30263 -2.66378 15.5995
      vertex -1.46946 -2.02254 15.5995
      vertex -1.42857 -2.64383 15.5995
    endloop
  endfacet
  facet normal 0 0 1
    outer loop
      vertex -1.46946 -2.02254 15.5995
      vertex -1.54218 -2.58594 15.5995
      vertex -1.42857 -2.64383 15.5995
    endloop
  endfacet
  facet normal 0 0 1
    outer loop
      vertex -1.46946 -2.02254 15.5995
      vertex -1.63235 -2.49578 15.5995
      vertex -1.54218 -2.58594 15.5995
    endloop
  endfacet
  facet normal 0 0 1
    outer loop
      vertex -1.46946 -2.02254 15.5995
      vertex -1.69024 -2.38216 15.5995
      vertex -1.63235 -2.49578 15.5995
    endloop
  endfacet
  facet normal 0 0 1
    outer loop
      vertex -1.71018 -2.25622 15.5995
      vertex -1.46946 -2.02254 15.5995
      vertex -1.71018 -1.78182 15.5995
    endloop
  endfacet
  facet normal 0 0 1
    outer loop
      vertex -1.46946 -2.02254 15.5995
      vertex -1.71018 -2.25622 15.5995
      vertex -1.69024 -2.38216 15.5995
    endloop
  endfacet
  facet normal -0.308673 -0.0488719 0.949912
    outer loop
      vertex -1.71018 -2.25622 15.5995
      vertex -2.42751 -2.62172 15.3476
      vertex -1.69024 -2.38216 15.5995
    endloop
  endfacet
  facet normal -0.368821 -0.723883 -0.583064
    outer loop
      vertex -14.4562 -26.0041 -1.18276
      vertex -15.1033 -25.6744 -1.18276
      vertex -14.3081 -25.5484 -1.8422
    endloop
  endfacet
  facet normal -0.432262 -0.848397 -0.305568
    outer loop
      vertex -14.4562 -26.0041 -1.18276
      vertex -15.2513 -25.8782 -0.407553
      vertex -15.1033 -25.6744 -1.18276
    endloop
  endfacet
  facet normal -0.0763147 -0.483338 -0.872101
    outer loop
      vertex -10.9268 -19.8528 -5.40851
      vertex -1.30263 -3.43899 -15.3476
      vertex -10.8486 -19.9731 -5.34868
    endloop
  endfacet
  facet normal -0.0765371 -0.483232 -0.87214
    outer loop
      vertex -1.30263 -3.43899 -15.3476
      vertex -10.9268 -19.8528 -5.40851
      vertex -1.66813 -3.3811 -15.3476
    endloop
  endfacet
  facet normal -0.0766301 -0.483189 -0.872156
    outer loop
      vertex -1.66813 -3.3811 -15.3476
      vertex -10.9268 -19.8528 -5.40851
      vertex -11.098 -19.7141 -5.47031
    endloop
  endfacet
  facet normal -0.0765363 -0.483228 -0.872143
    outer loop
      vertex -13.7389 -24.9792 -2.32131
      vertex -12.3534 -22.3237 -3.91423
      vertex -12.2101 -22.3312 -3.92265
    endloop
  endfacet
  facet normal -0.0766079 -0.483197 -0.872153
    outer loop
      vertex -13.7389 -24.9792 -2.32131
      vertex -12.5591 -22.2447 -3.93993
      vertex -12.3534 -22.3237 -3.91423
    endloop
  endfacet
  facet normal -0.0765482 -0.483219 -0.872147
    outer loop
      vertex -12.5591 -22.2447 -3.93993
      vertex -13.7389 -24.9792 -2.32131
      vertex -14.1044 -24.9213 -2.32131
    endloop
  endfacet
  facet normal 0.368752 0.723972 0.582998
    outer loop
      vertex -12.3744 25.6744 1.18276
      vertex -13.1696 25.5484 1.8422
      vertex -12.656 25.2868 1.8422
    endloop
  endfacet
  facet normal -0.269049 0.528009 0.805493
    outer loop
      vertex -14.3081 25.5484 1.8422
      vertex -14.4341 24.7533 2.32131
      vertex -14.1044 24.9213 2.32131
    endloop
  endfacet
  facet normal -0.527937 0.269058 0.805537
    outer loop
      vertex -15.2292 24.8792 1.8422
      vertex -15.4909 24.3657 1.8422
      vertex -14.6957 24.4916 2.32131
    endloop
  endfacet
  facet normal 0.368821 0.723883 0.583064
    outer loop
      vertex -13.0215 26.0041 1.18276
      vertex -13.1696 25.5484 1.8422
      vertex -12.3744 25.6744 1.18276
    endloop
  endfacet
  facet normal 0.127065 0.802436 0.583053
    outer loop
      vertex -13.0215 26.0041 1.18276
      vertex -13.7389 26.1177 1.18276
      vertex -13.1696 25.5484 1.8422
    endloop
  endfacet
  facet normal 0.087407 0.551961 0.829276
    outer loop
      vertex -13.3734 24.9213 2.32131
      vertex -12.2101 22.3312 3.92265
      vertex -11.8877 22.3481 3.87742
    endloop
  endfacet
  facet normal 0.0874392 0.55197 0.829267
    outer loop
      vertex -12.2101 22.3312 3.92265
      vertex -13.3734 24.9213 2.32131
      vertex -13.7389 24.9792 2.32131
    endloop
  endfacet
  facet normal 0.0874262 0.55197 0.829268
    outer loop
      vertex -10.6728 20.2438 5.14998
      vertex -1.30263 3.43899 15.3476
      vertex -0.937138 3.3811 15.3476
    endloop
  endfacet
  facet normal 0.0873896 0.551958 0.82928
    outer loop
      vertex -1.30263 3.43899 15.3476
      vertex -10.6728 20.2438 5.14998
      vertex -10.8486 19.9731 5.34868
    endloop
  endfacet
  facet normal 0.0927154 0.585276 0.805516
    outer loop
      vertex -13.7389 25.6386 1.8422
      vertex -13.7389 24.9792 2.32131
      vertex -13.3734 24.9213 2.32131
    endloop
  endfacet
  facet normal -0.127164 0.802456 0.583005
    outer loop
      vertex -13.7389 26.1177 1.18276
      vertex -14.3081 25.5484 1.8422
      vertex -13.7389 25.6386 1.8422
    endloop
  endfacet
  facet normal -0.210862 0.413821 0.885601
    outer loop
      vertex -11.2915 19.5574 5.49746
      vertex -1.66813 3.3811 15.3476
      vertex -11.098 19.7141 5.47031
    endloop
  endfacet
  facet normal -0.210859 0.413823 0.885601
    outer loop
      vertex -1.66813 3.3811 15.3476
      vertex -11.2915 19.5574 5.49746
      vertex -1.99784 3.2131 15.3476
    endloop
  endfacet
  facet normal -0.210675 0.413925 0.885597
    outer loop
      vertex -1.99784 3.2131 15.3476
      vertex -11.2915 19.5574 5.49746
      vertex -11.4084 19.5126 5.49059
    endloop
  endfacet
  facet normal -0.210849 0.413821 0.885604
    outer loop
      vertex -14.1044 24.9213 2.32131
      vertex -12.7915 22.1555 3.92628
      vertex -12.5591 22.2447 3.93993
    endloop
  endfacet
  facet normal -0.210861 0.413815 0.885604
    outer loop
      vertex -14.4341 24.7533 2.32131
      vertex -12.7915 22.1555 3.92628
      vertex -14.1044 24.9213 2.32131
    endloop
  endfacet
  facet normal -0.210884 0.413801 0.885605
    outer loop
      vertex -12.7915 22.1555 3.92628
      vertex -14.4341 24.7533 2.32131
      vertex -12.8888 22.0767 3.93993
    endloop
  endfacet
  facet normal -0.148939 0.940442 0.305592
    outer loop
      vertex -13.7389 26.3696 0.407553
      vertex -14.4562 26.0041 1.18276
      vertex -13.7389 26.1177 1.18276
    endloop
  endfacet
  facet normal -0.148914 0.940438 0.305615
    outer loop
      vertex -13.7389 26.3696 0.407553
      vertex -14.534 26.2437 0.407553
      vertex -14.4562 26.0041 1.18276
    endloop
  endfacet
  facet normal -0.432262 0.848397 0.305568
    outer loop
      vertex -14.4562 26.0041 1.18276
      vertex -15.2513 25.8782 0.407553
      vertex -15.1033 25.6744 1.18276
    endloop
  endfacet
  facet normal -0.67329 0.67329 0.305549
    outer loop
      vertex -15.8206 25.3089 0.407553
      vertex -15.1033 25.6744 1.18276
      vertex -15.2513 25.8782 0.407553
    endloop
  endfacet
  facet normal -0.673337 0.673206 0.305632
    outer loop
      vertex -15.1033 25.6744 1.18276
      vertex -15.8206 25.3089 0.407553
      vertex -15.6168 25.1608 1.18276
    endloop
  endfacet
  facet normal -0.574576 0.574435 0.582997
    outer loop
      vertex -15.1033 25.6744 1.18276
      vertex -15.2292 24.8792 1.8422
      vertex -14.8217 25.2868 1.8422
    endloop
  endfacet
  facet normal -0.574555 0.574443 0.583011
    outer loop
      vertex -15.2292 24.8792 1.8422
      vertex -15.1033 25.6744 1.18276
      vertex -15.6168 25.1608 1.18276
    endloop
  endfacet
  facet normal -0.0927154 0.585276 0.805516
    outer loop
      vertex -13.7389 25.6386 1.8422
      vertex -14.1044 24.9213 2.32131
      vertex -13.7389 24.9792 2.32131
    endloop
  endfacet
  facet normal -0.419086 0.418926 0.805524
    outer loop
      vertex -14.8217 25.2868 1.8422
      vertex -14.6957 24.4916 2.32131
      vertex -14.4341 24.7533 2.32131
    endloop
  endfacet
  facet normal -0.419044 0.418941 0.805538
    outer loop
      vertex -14.6957 24.4916 2.32131
      vertex -14.8217 25.2868 1.8422
      vertex -15.2292 24.8792 1.8422
    endloop
  endfacet
  facet normal -0.368821 0.723883 0.583064
    outer loop
      vertex -14.4562 26.0041 1.18276
      vertex -15.1033 25.6744 1.18276
      vertex -14.3081 25.5484 1.8422
    endloop
  endfacet
  facet normal 0.127142 0.802458 0.583006
    outer loop
      vertex -13.7389 26.1177 1.18276
      vertex -13.7389 25.6386 1.8422
      vertex -13.1696 25.5484 1.8422
    endloop
  endfacet
  facet normal -0.368752 0.723972 0.582998
    outer loop
      vertex -14.3081 25.5484 1.8422
      vertex -15.1033 25.6744 1.18276
      vertex -14.8217 25.2868 1.8422
    endloop
  endfacet
  facet normal -0.268941 0.528012 0.805527
    outer loop
      vertex -14.3081 25.5484 1.8422
      vertex -14.8217 25.2868 1.8422
      vertex -14.4341 24.7533 2.32131
    endloop
  endfacet
  facet normal -0.891005 -0.453993 0
    outer loop
      vertex 2.37764 0.772542 -15.5505
      vertex 2.02254 1.46946 15.4113
      vertex 2.02254 1.46946 -15.4113
    endloop
  endfacet
  facet normal -0.891005 -0.453993 0
    outer loop
      vertex 2.02254 1.46946 15.4113
      vertex 2.37764 0.772542 -15.5505
      vertex 2.37764 0.772542 15.5505
    endloop
  endfacet
  facet normal -0.987689 -0.15643 -9.70037e-05
    outer loop
      vertex 2.5 0 -15.5995
      vertex 2.37764 0.772542 -15.5505
      vertex 2.40782 0.582018 -15.5995
    endloop
  endfacet
  facet normal -0.987688 -0.156436 0
    outer loop
      vertex 2.37764 0.772542 -15.5505
      vertex 2.5 0 -15.5995
      vertex 2.37764 0.772542 15.5505
    endloop
  endfacet
  facet normal -0.987688 -0.156436 -0
    outer loop
      vertex 2.5 0 15.5995
      vertex 2.37764 0.772542 15.5505
      vertex 2.5 0 -15.5995
    endloop
  endfacet
  facet normal -0.987689 -0.15643 9.70037e-05
    outer loop
      vertex 2.37764 0.772542 15.5505
      vertex 2.5 0 15.5995
      vertex 2.40782 0.582018 15.5995
    endloop
  endfacet
  facet normal -0.707107 -0.707107 -7.39589e-14
    outer loop
      vertex 2.02254 1.46946 -15.4113
      vertex 1.46946 2.02254 -15.3422
      vertex 1.48964 2.00236 -15.3476
    endloop
  endfacet
  facet normal -0.707107 -0.707107 0
    outer loop
      vertex 1.46946 2.02254 -15.3422
      vertex 2.02254 1.46946 -15.4113
      vertex 1.46946 2.02254 15.3422
    endloop
  endfacet
  facet normal -0.707107 -0.707107 -0
    outer loop
      vertex 2.02254 1.46946 15.4113
      vertex 1.46946 2.02254 15.3422
      vertex 2.02254 1.46946 -15.4113
    endloop
  endfacet
  facet normal -0.707107 -0.707107 5.39284e-14
    outer loop
      vertex 1.46946 2.02254 15.3422
      vertex 2.02254 1.46946 15.4113
      vertex 1.48964 2.00236 15.3476
    endloop
  endfacet
  facet normal -0.156436 -0.987688 0
    outer loop
      vertex 0 2.5 15.4502
      vertex 0.772542 2.37764 -15.3586
      vertex 0.772542 2.37764 15.3586
    endloop
  endfacet
  facet normal -0.156436 -0.987688 0
    outer loop
      vertex 0.772542 2.37764 -15.3586
      vertex 0 2.5 15.4502
      vertex 0 2.5 -15.4502
    endloop
  endfacet
  facet normal 0.98768 -0.156487 0.00089052
    outer loop
      vertex -2.5 0 15.337
      vertex -2.37764 0.772542 15.3826
      vertex -2.4854 0.0922091 15.3476
    endloop
  endfacet
  facet normal 0.987688 -0.156436 0
    outer loop
      vertex -2.37764 0.772542 15.3826
      vertex -2.5 0 15.337
      vertex -2.37764 0.772542 -15.3826
    endloop
  endfacet
  facet normal 0.987688 -0.156436 0
    outer loop
      vertex -2.5 0 -15.337
      vertex -2.37764 0.772542 -15.3826
      vertex -2.5 0 15.337
    endloop
  endfacet
  facet normal 0.98768 -0.156487 -0.00089052
    outer loop
      vertex -2.37764 0.772542 -15.3826
      vertex -2.5 0 -15.337
      vertex -2.4854 0.0922091 -15.3476
    endloop
  endfacet
  facet normal -0.891005 0.453993 0
    outer loop
      vertex 2.02254 -1.46946 -15.4113
      vertex 2.37764 -0.772542 15.5505
      vertex 2.37764 -0.772542 -15.5505
    endloop
  endfacet
  facet normal -0.891005 0.453993 0
    outer loop
      vertex 2.37764 -0.772542 15.5505
      vertex 2.02254 -1.46946 -15.4113
      vertex 2.02254 -1.46946 15.4113
    endloop
  endfacet
  facet normal -0.453982 -0.891011 0.000591656
    outer loop
      vertex 0.772542 2.37764 15.3586
      vertex 1.46946 2.02254 15.3422
      vertex 1.3437 2.08662 15.3476
    endloop
  endfacet
  facet normal -0.453993 -0.891005 0
    outer loop
      vertex 0.772542 2.37764 15.3586
      vertex 1.46946 2.02254 -15.3422
      vertex 1.46946 2.02254 15.3422
    endloop
  endfacet
  facet normal -0.454002 -0.891001 -2.60391e-07
    outer loop
      vertex 0.772542 2.37764 15.3586
      vertex 1.3437 2.08662 -15.3476
      vertex 1.46946 2.02254 -15.3422
    endloop
  endfacet
  facet normal -0.453991 -0.891006 0
    outer loop
      vertex 1.3437 2.08662 -15.3476
      vertex 0.772542 2.37764 15.3586
      vertex 0.772542 2.37764 -15.3586
    endloop
  endfacet
  facet normal 0.453993 -0.891005 0
    outer loop
      vertex -1.46946 2.02254 -15.5995
      vertex -0.772542 2.37764 15.5995
      vertex -1.46946 2.02254 15.5995
    endloop
  endfacet
  facet normal 0.453993 -0.891005 0
    outer loop
      vertex -0.772542 2.37764 15.5995
      vertex -1.46946 2.02254 -15.5995
      vertex -0.772542 2.37764 -15.5995
    endloop
  endfacet
  facet normal 0.156412 0.987692 -0.000125772
    outer loop
      vertex 0 -2.5 15.4502
      vertex -0.772542 -2.37764 15.5995
      vertex -0.717415 -2.38637 15.5995
    endloop
  endfacet
  facet normal 0.156436 0.987688 -0
    outer loop
      vertex 0 -2.5 -15.4502
      vertex -0.772542 -2.37764 15.5995
      vertex 0 -2.5 15.4502
    endloop
  endfacet
  facet normal 0.156412 0.987692 0.000125772
    outer loop
      vertex -0.772542 -2.37764 -15.5995
      vertex 0 -2.5 -15.4502
      vertex -0.717415 -2.38637 -15.5995
    endloop
  endfacet
  facet normal 0.156436 0.987688 0
    outer loop
      vertex 0 -2.5 -15.4502
      vertex -0.772542 -2.37764 -15.5995
      vertex -0.772542 -2.37764 15.5995
    endloop
  endfacet
  facet normal -0.707107 0.707107 -5.39284e-14
    outer loop
      vertex 1.46946 -2.02254 -15.3422
      vertex 2.02254 -1.46946 -15.4113
      vertex 1.48964 -2.00236 -15.3476
    endloop
  endfacet
  facet normal -0.707107 0.707107 0
    outer loop
      vertex 2.02254 -1.46946 -15.4113
      vertex 1.46946 -2.02254 -15.3422
      vertex 2.02254 -1.46946 15.4113
    endloop
  endfacet
  facet normal -0.707107 0.707107 0
    outer loop
      vertex 1.46946 -2.02254 15.3422
      vertex 2.02254 -1.46946 15.4113
      vertex 1.46946 -2.02254 -15.3422
    endloop
  endfacet
  facet normal -0.707107 0.707107 7.39589e-14
    outer loop
      vertex 2.02254 -1.46946 15.4113
      vertex 1.46946 -2.02254 15.3422
      vertex 1.48964 -2.00236 15.3476
    endloop
  endfacet
  facet normal 0.891005 0.453993 0
    outer loop
      vertex -2.02254 -1.46946 15.498
      vertex -2.37764 -0.772542 -15.3826
      vertex -2.37764 -0.772542 15.3826
    endloop
  endfacet
  facet normal 0.891005 0.453993 0
    outer loop
      vertex -2.37764 -0.772542 -15.3826
      vertex -2.02254 -1.46946 15.498
      vertex -2.02254 -1.46946 -15.498
    endloop
  endfacet
  facet normal 0.156412 -0.987692 -0.000125772
    outer loop
      vertex -0.772542 2.37764 15.5995
      vertex 0 2.5 15.4502
      vertex -0.717415 2.38637 15.5995
    endloop
  endfacet
  facet normal 0.156436 -0.987688 0
    outer loop
      vertex -0.772542 2.37764 15.5995
      vertex 0 2.5 -15.4502
      vertex 0 2.5 15.4502
    endloop
  endfacet
  facet normal 0.156436 -0.987688 0
    outer loop
      vertex -0.772542 2.37764 -15.5995
      vertex 0 2.5 -15.4502
      vertex -0.772542 2.37764 15.5995
    endloop
  endfacet
  facet normal 0.156412 -0.987692 0.000125772
    outer loop
      vertex 0 2.5 -15.4502
      vertex -0.772542 2.37764 -15.5995
      vertex -0.717415 2.38637 -15.5995
    endloop
  endfacet
  facet normal -0.453982 0.891011 0.000591656
    outer loop
      vertex 1.46946 -2.02254 15.3422
      vertex 0.772542 -2.37764 15.3586
      vertex 1.3437 -2.08662 15.3476
    endloop
  endfacet
  facet normal -0.453993 0.891005 0
    outer loop
      vertex 1.46946 -2.02254 -15.3422
      vertex 0.772542 -2.37764 15.3586
      vertex 1.46946 -2.02254 15.3422
    endloop
  endfacet
  facet normal -0.454002 0.891001 -2.60391e-07
    outer loop
      vertex 1.3437 -2.08662 -15.3476
      vertex 0.772542 -2.37764 15.3586
      vertex 1.46946 -2.02254 -15.3422
    endloop
  endfacet
  facet normal -0.453991 0.891006 0
    outer loop
      vertex 0.772542 -2.37764 15.3586
      vertex 1.3437 -2.08662 -15.3476
      vertex 0.772542 -2.37764 -15.3586
    endloop
  endfacet
  facet normal -0.156436 0.987688 0
    outer loop
      vertex 0.772542 -2.37764 -15.3586
      vertex 0 -2.5 15.4502
      vertex 0.772542 -2.37764 15.3586
    endloop
  endfacet
  facet normal -0.156436 0.987688 0
    outer loop
      vertex 0 -2.5 15.4502
      vertex 0.772542 -2.37764 -15.3586
      vertex 0 -2.5 -15.4502
    endloop
  endfacet
  facet normal 0.98768 0.156487 0.00089052
    outer loop
      vertex -2.37764 -0.772542 15.3826
      vertex -2.5 0 15.337
      vertex -2.4854 -0.0922091 15.3476
    endloop
  endfacet
  facet normal 0.987688 0.156436 0
    outer loop
      vertex -2.5 0 15.337
      vertex -2.37764 -0.772542 15.3826
      vertex -2.5 0 -15.337
    endloop
  endfacet
  facet normal 0.987688 0.156436 -0
    outer loop
      vertex -2.37764 -0.772542 -15.3826
      vertex -2.5 0 -15.337
      vertex -2.37764 -0.772542 15.3826
    endloop
  endfacet
  facet normal 0.98768 0.156487 -0.00089052
    outer loop
      vertex -2.5 0 -15.337
      vertex -2.37764 -0.772542 -15.3826
      vertex -2.4854 -0.0922091 -15.3476
    endloop
  endfacet
  facet normal 0.891005 -0.453993 0
    outer loop
      vertex -2.37764 0.772542 15.3826
      vertex -2.02254 1.46946 -15.498
      vertex -2.02254 1.46946 15.498
    endloop
  endfacet
  facet normal 0.891005 -0.453993 0
    outer loop
      vertex -2.02254 1.46946 -15.498
      vertex -2.37764 0.772542 15.3826
      vertex -2.37764 0.772542 -15.3826
    endloop
  endfacet
  facet normal 0.707107 -0.707107 3.21305e-15
    outer loop
      vertex -2.02254 1.46946 15.498
      vertex -1.46946 2.02254 15.5995
      vertex -1.71018 1.78182 15.5995
    endloop
  endfacet
  facet normal 0.707107 -0.707107 0
    outer loop
      vertex -1.46946 2.02254 15.5995
      vertex -2.02254 1.46946 15.498
      vertex -1.46946 2.02254 -15.5995
    endloop
  endfacet
  facet normal 0.707107 -0.707107 0
    outer loop
      vertex -2.02254 1.46946 -15.498
      vertex -1.46946 2.02254 -15.5995
      vertex -2.02254 1.46946 15.498
    endloop
  endfacet
  facet normal 0.707107 -0.707107 -3.21305e-15
    outer loop
      vertex -1.46946 2.02254 -15.5995
      vertex -2.02254 1.46946 -15.498
      vertex -1.71018 1.78182 -15.5995
    endloop
  endfacet
  facet normal -0.987689 0.15643 -9.70037e-05
    outer loop
      vertex 2.37764 -0.772542 -15.5505
      vertex 2.5 0 -15.5995
      vertex 2.40782 -0.582018 -15.5995
    endloop
  endfacet
  facet normal -0.987688 0.156436 0
    outer loop
      vertex 2.5 0 -15.5995
      vertex 2.37764 -0.772542 -15.5505
      vertex 2.5 0 15.5995
    endloop
  endfacet
  facet normal -0.987688 0.156436 0
    outer loop
      vertex 2.37764 -0.772542 15.5505
      vertex 2.5 0 15.5995
      vertex 2.37764 -0.772542 -15.5505
    endloop
  endfacet
  facet normal -0.987689 0.15643 9.70037e-05
    outer loop
      vertex 2.5 0 15.5995
      vertex 2.37764 -0.772542 15.5505
      vertex 2.40782 -0.582018 15.5995
    endloop
  endfacet
  facet normal 0.707107 0.707107 3.21305e-15
    outer loop
      vertex -1.46946 -2.02254 15.5995
      vertex -2.02254 -1.46946 15.498
      vertex -1.71018 -1.78182 15.5995
    endloop
  endfacet
  facet normal 0.707107 0.707107 0
    outer loop
      vertex -2.02254 -1.46946 15.498
      vertex -1.46946 -2.02254 15.5995
      vertex -2.02254 -1.46946 -15.498
    endloop
  endfacet
  facet normal 0.707107 0.707107 -0
    outer loop
      vertex -1.46946 -2.02254 -15.5995
      vertex -2.02254 -1.46946 -15.498
      vertex -1.46946 -2.02254 15.5995
    endloop
  endfacet
  facet normal 0.707107 0.707107 -3.21305e-15
    outer loop
      vertex -2.02254 -1.46946 -15.498
      vertex -1.46946 -2.02254 -15.5995
      vertex -1.71018 -1.78182 -15.5995
    endloop
  endfacet
  facet normal 0.453993 0.891005 -0
    outer loop
      vertex -0.772542 -2.37764 -15.5995
      vertex -1.46946 -2.02254 15.5995
      vertex -0.772542 -2.37764 15.5995
    endloop
  endfacet
  facet normal 0.453993 0.891005 0
    outer loop
      vertex -1.46946 -2.02254 15.5995
      vertex -0.772542 -2.37764 -15.5995
      vertex -1.46946 -2.02254 -15.5995
    endloop
  endfacet
endsolid OpenSCAD_Model
