solid OpenSCAD_Model
  facet normal -0.156453 -0.987685 0
    outer loop
      vertex 14.2073 1.5 3.39164
      vertex 14.6708 1.42658 -3.21548
      vertex 14.6708 1.42658 3.21548
    endloop
  endfacet
  facet normal -0.156453 -0.987685 0
    outer loop
      vertex 14.6708 1.42658 -3.21548
      vertex 14.2073 1.5 3.39164
      vertex 14.2073 1.5 -3.39164
    endloop
  endfacet
  facet normal -0.891091 -0.453825 0
    outer loop
      vertex 15.4994 0.727346 -3.31083
      vertex 15.4208 0.881678 3.27119
      vertex 15.4208 0.881678 -3.27119
    endloop
  endfacet
  facet normal -0.891091 -0.453825 0
    outer loop
      vertex 15.4994 0.727346 -3.31083
      vertex 15.4994 0.727346 3.31083
      vertex 15.4208 0.881678 3.27119
    endloop
  endfacet
  facet normal -0.895552 -0.440011 -0.0661516
    outer loop
      vertex 15.6338 0.463525 -3.3755
      vertex 15.4994 0.727346 -3.31083
      vertex 15.6321 0.466985 -3.3755
    endloop
  endfacet
  facet normal -0.891039 -0.453927 0
    outer loop
      vertex 15.4994 0.727346 -3.31083
      vertex 15.6338 0.463525 -3.3755
      vertex 15.4994 0.727346 3.31083
    endloop
  endfacet
  facet normal -0.891039 -0.453927 -0
    outer loop
      vertex 15.6338 0.463525 3.3755
      vertex 15.4994 0.727346 3.31083
      vertex 15.6338 0.463525 -3.3755
    endloop
  endfacet
  facet normal -0.895552 -0.440011 0.0661516
    outer loop
      vertex 15.4994 0.727346 3.31083
      vertex 15.6338 0.463525 3.3755
      vertex 15.6321 0.466985 3.3755
    endloop
  endfacet
  facet normal -0.987678 -0.156495 -0.00137634
    outer loop
      vertex 15.7073 0 -3.41559
      vertex 15.6338 0.463525 -3.3755
      vertex 15.6684 0.245508 -3.41559
    endloop
  endfacet
  facet normal -0.98766 -0.156611 0
    outer loop
      vertex 15.6338 0.463525 -3.3755
      vertex 15.7073 0 -3.41559
      vertex 15.6338 0.463525 3.3755
    endloop
  endfacet
  facet normal -0.98766 -0.156611 -0
    outer loop
      vertex 15.7073 0 3.41559
      vertex 15.6338 0.463525 3.3755
      vertex 15.7073 0 -3.41559
    endloop
  endfacet
  facet normal -0.987678 -0.156495 0.00137634
    outer loop
      vertex 15.6338 0.463525 3.3755
      vertex 15.7073 0 3.41559
      vertex 15.6684 0.245508 3.41559
    endloop
  endfacet
  facet normal -0.707201 -0.707011 -0.00127574
    outer loop
      vertex 15.4208 0.881678 -3.27119
      vertex 15.0889 1.21352 -3.18975
      vertex 15.3014 1.00111 -3.27119
    endloop
  endfacet
  facet normal -0.707045 -0.707169 0
    outer loop
      vertex 15.0889 1.21352 -3.18975
      vertex 15.4208 0.881678 -3.27119
      vertex 15.0889 1.21352 3.18975
    endloop
  endfacet
  facet normal -0.707045 -0.707169 -0
    outer loop
      vertex 15.4208 0.881678 3.27119
      vertex 15.0889 1.21352 3.18975
      vertex 15.4208 0.881678 -3.27119
    endloop
  endfacet
  facet normal -0.707201 -0.707011 0.00127574
    outer loop
      vertex 15.0889 1.21352 3.18975
      vertex 15.4208 0.881678 3.27119
      vertex 15.3014 1.00111 3.27119
    endloop
  endfacet
  facet normal -0.707201 0.707011 -0.00127574
    outer loop
      vertex 15.0889 -1.21352 -3.18975
      vertex 15.4208 -0.881678 -3.27119
      vertex 15.3014 -1.00111 -3.27119
    endloop
  endfacet
  facet normal -0.707045 0.707169 0
    outer loop
      vertex 15.4208 -0.881678 -3.27119
      vertex 15.0889 -1.21352 -3.18975
      vertex 15.4208 -0.881678 3.27119
    endloop
  endfacet
  facet normal -0.707045 0.707169 0
    outer loop
      vertex 15.0889 -1.21352 3.18975
      vertex 15.4208 -0.881678 3.27119
      vertex 15.0889 -1.21352 -3.18975
    endloop
  endfacet
  facet normal -0.707201 0.707011 0.00127574
    outer loop
      vertex 15.4208 -0.881678 3.27119
      vertex 15.0889 -1.21352 3.18975
      vertex 15.3014 -1.00111 3.27119
    endloop
  endfacet
  facet normal -0.454037 0.890983 0
    outer loop
      vertex 15.0889 -1.21352 -3.18975
      vertex 14.6708 -1.42658 3.21548
      vertex 15.0889 -1.21352 3.18975
    endloop
  endfacet
  facet normal -0.454037 0.890983 0
    outer loop
      vertex 14.6708 -1.42658 3.21548
      vertex 15.0889 -1.21352 -3.18975
      vertex 14.6708 -1.42658 -3.21548
    endloop
  endfacet
  facet normal 0.70631 -0.707902 -0.00113546
    outer loop
      vertex 12.9937 0.881678 4.5423
      vertex 13.3256 1.21352 4.11326
      vertex 13.1132 1.00111 4.4172
    endloop
  endfacet
  facet normal 0.707045 -0.707169 0
    outer loop
      vertex 13.3256 1.21352 4.11326
      vertex 12.9937 0.881678 4.5423
      vertex 13.3256 1.21352 -4.11326
    endloop
  endfacet
  facet normal 0.707045 -0.707169 0
    outer loop
      vertex 12.9937 0.881678 -4.5423
      vertex 13.3256 1.21352 -4.11326
      vertex 12.9937 0.881678 4.5423
    endloop
  endfacet
  facet normal 0.70631 -0.707902 0.00113546
    outer loop
      vertex 13.3256 1.21352 -4.11326
      vertex 12.9937 0.881678 -4.5423
      vertex 13.1132 1.00111 -4.4172
    endloop
  endfacet
  facet normal -0.454037 -0.890983 0
    outer loop
      vertex 14.6708 1.42658 3.21548
      vertex 15.0889 1.21352 -3.18975
      vertex 15.0889 1.21352 3.18975
    endloop
  endfacet
  facet normal -0.454037 -0.890983 0
    outer loop
      vertex 15.0889 1.21352 -3.18975
      vertex 14.6708 1.42658 3.21548
      vertex 14.6708 1.42658 -3.21548
    endloop
  endfacet
  facet normal -0.895552 0.440011 -0.0661516
    outer loop
      vertex 15.4994 -0.727346 -3.31083
      vertex 15.6338 -0.463525 -3.3755
      vertex 15.6321 -0.466985 -3.3755
    endloop
  endfacet
  facet normal -0.891039 0.453927 0
    outer loop
      vertex 15.6338 -0.463525 -3.3755
      vertex 15.4994 -0.727346 -3.31083
      vertex 15.6338 -0.463525 3.3755
    endloop
  endfacet
  facet normal -0.891039 0.453927 0
    outer loop
      vertex 15.4994 -0.727346 3.31083
      vertex 15.6338 -0.463525 3.3755
      vertex 15.4994 -0.727346 -3.31083
    endloop
  endfacet
  facet normal -0.895552 0.440011 0.0661516
    outer loop
      vertex 15.6338 -0.463525 3.3755
      vertex 15.4994 -0.727346 3.31083
      vertex 15.6321 -0.466985 3.3755
    endloop
  endfacet
  facet normal -0.891091 0.453825 0
    outer loop
      vertex 15.4208 -0.881678 -3.27119
      vertex 15.4994 -0.727346 3.31083
      vertex 15.4994 -0.727346 -3.31083
    endloop
  endfacet
  facet normal -0.891091 0.453825 0
    outer loop
      vertex 15.4994 -0.727346 3.31083
      vertex 15.4208 -0.881678 -3.27119
      vertex 15.4208 -0.881678 3.27119
    endloop
  endfacet
  facet normal 0.454037 -0.890983 0
    outer loop
      vertex 13.3256 1.21352 4.11326
      vertex 13.7437 1.42658 -3.701
      vertex 13.7437 1.42658 3.701
    endloop
  endfacet
  facet normal 0.454037 -0.890983 0
    outer loop
      vertex 13.7437 1.42658 -3.701
      vertex 13.3256 1.21352 4.11326
      vertex 13.3256 1.21352 -4.11326
    endloop
  endfacet
  facet normal 0.891091 -0.453825 0
    outer loop
      vertex 12.9151 0.727346 4.66431
      vertex 12.9937 0.881678 -4.5423
      vertex 12.9937 0.881678 4.5423
    endloop
  endfacet
  facet normal 0.891091 -0.453825 0
    outer loop
      vertex 12.9151 0.727346 4.66431
      vertex 12.9151 0.727346 -4.66431
      vertex 12.9937 0.881678 -4.5423
    endloop
  endfacet
  facet normal 0.909095 -0.411224 0.0666448
    outer loop
      vertex 12.7807 0.463525 4.86977
      vertex 12.9151 0.727346 4.66431
      vertex 12.7824 0.466985 4.86793
    endloop
  endfacet
  facet normal 0.891039 -0.453927 0
    outer loop
      vertex 12.9151 0.727346 4.66431
      vertex 12.7807 0.463525 4.86977
      vertex 12.9151 0.727346 -4.66431
    endloop
  endfacet
  facet normal 0.891039 -0.453927 0
    outer loop
      vertex 12.7807 0.463525 -4.86977
      vertex 12.9151 0.727346 -4.66431
      vertex 12.7807 0.463525 4.86977
    endloop
  endfacet
  facet normal 0.909095 -0.411224 -0.0666448
    outer loop
      vertex 12.9151 0.727346 -4.66431
      vertex 12.7807 0.463525 -4.86977
      vertex 12.7824 0.466985 -4.86793
    endloop
  endfacet
  facet normal 0.454037 0.890983 -0
    outer loop
      vertex 13.7437 -1.42658 -3.701
      vertex 13.3256 -1.21352 4.11326
      vertex 13.7437 -1.42658 3.701
    endloop
  endfacet
  facet normal 0.454037 0.890983 0
    outer loop
      vertex 13.3256 -1.21352 4.11326
      vertex 13.7437 -1.42658 -3.701
      vertex 13.3256 -1.21352 -4.11326
    endloop
  endfacet
  facet normal 0.15642 -0.987691 0
    outer loop
      vertex 13.7437 1.42658 3.701
      vertex 14.2073 1.5 -3.39164
      vertex 14.2073 1.5 3.39164
    endloop
  endfacet
  facet normal 0.15642 -0.987691 0
    outer loop
      vertex 14.2073 1.5 -3.39164
      vertex 13.7437 1.42658 3.701
      vertex 13.7437 1.42658 -3.701
    endloop
  endfacet
  facet normal -0.987678 0.156495 -0.00137634
    outer loop
      vertex 15.6338 -0.463525 -3.3755
      vertex 15.7073 0 -3.41559
      vertex 15.6684 -0.245508 -3.41559
    endloop
  endfacet
  facet normal -0.98766 0.156611 0
    outer loop
      vertex 15.7073 0 -3.41559
      vertex 15.6338 -0.463525 -3.3755
      vertex 15.7073 0 3.41559
    endloop
  endfacet
  facet normal -0.98766 0.156611 0
    outer loop
      vertex 15.6338 -0.463525 3.3755
      vertex 15.7073 0 3.41559
      vertex 15.6338 -0.463525 -3.3755
    endloop
  endfacet
  facet normal -0.987678 0.156495 0.00137634
    outer loop
      vertex 15.7073 0 3.41559
      vertex 15.6338 -0.463525 3.3755
      vertex 15.6684 -0.245508 3.41559
    endloop
  endfacet
  facet normal 0.70631 0.707902 -0.00113546
    outer loop
      vertex 13.3256 -1.21352 4.11326
      vertex 12.9937 -0.881678 4.5423
      vertex 13.1132 -1.00111 4.4172
    endloop
  endfacet
  facet normal 0.707045 0.707169 0
    outer loop
      vertex 12.9937 -0.881678 4.5423
      vertex 13.3256 -1.21352 4.11326
      vertex 12.9937 -0.881678 -4.5423
    endloop
  endfacet
  facet normal 0.707045 0.707169 -0
    outer loop
      vertex 13.3256 -1.21352 -4.11326
      vertex 12.9937 -0.881678 -4.5423
      vertex 13.3256 -1.21352 4.11326
    endloop
  endfacet
  facet normal 0.70631 0.707902 0.00113546
    outer loop
      vertex 12.9937 -0.881678 -4.5423
      vertex 13.3256 -1.21352 -4.11326
      vertex 13.1132 -1.00111 -4.4172
    endloop
  endfacet
  facet normal 0.15642 0.987691 -0
    outer loop
      vertex 14.2073 -1.5 -3.39164
      vertex 13.7437 -1.42658 3.701
      vertex 14.2073 -1.5 3.39164
    endloop
  endfacet
  facet normal 0.15642 0.987691 0
    outer loop
      vertex 13.7437 -1.42658 3.701
      vertex 14.2073 -1.5 -3.39164
      vertex 13.7437 -1.42658 -3.701
    endloop
  endfacet
  facet normal -0.156453 0.987685 0
    outer loop
      vertex 14.6708 -1.42658 -3.21548
      vertex 14.2073 -1.5 3.39164
      vertex 14.6708 -1.42658 3.21548
    endloop
  endfacet
  facet normal -0.156453 0.987685 0
    outer loop
      vertex 14.2073 -1.5 3.39164
      vertex 14.6708 -1.42658 -3.21548
      vertex 14.2073 -1.5 -3.39164
    endloop
  endfacet
  facet normal 0.909095 0.411224 0.0666448
    outer loop
      vertex 12.9151 -0.727346 4.66431
      vertex 12.7807 -0.463525 4.86977
      vertex 12.7824 -0.466985 4.86793
    endloop
  endfacet
  facet normal 0.891039 0.453927 0
    outer loop
      vertex 12.7807 -0.463525 4.86977
      vertex 12.9151 -0.727346 4.66431
      vertex 12.7807 -0.463525 -4.86977
    endloop
  endfacet
  facet normal 0.891039 0.453927 -0
    outer loop
      vertex 12.9151 -0.727346 -4.66431
      vertex 12.7807 -0.463525 -4.86977
      vertex 12.9151 -0.727346 4.66431
    endloop
  endfacet
  facet normal 0.909095 0.411224 -0.0666448
    outer loop
      vertex 12.7807 -0.463525 -4.86977
      vertex 12.9151 -0.727346 -4.66431
      vertex 12.7824 -0.466985 -4.86793
    endloop
  endfacet
  facet normal 0.891091 0.453825 0
    outer loop
      vertex 12.9937 -0.881678 4.5423
      vertex 12.9151 -0.727346 -4.66431
      vertex 12.9151 -0.727346 4.66431
    endloop
  endfacet
  facet normal 0.891091 0.453825 0
    outer loop
      vertex 12.9151 -0.727346 -4.66431
      vertex 12.9937 -0.881678 4.5423
      vertex 12.9937 -0.881678 -4.5423
    endloop
  endfacet
  facet normal 0.987826 -0.155524 0.00356369
    outer loop
      vertex 12.7073 0 4.98677
      vertex 12.7807 0.463525 4.86977
      vertex 12.7461 0.245508 4.94604
    endloop
  endfacet
  facet normal 0.987693 -0.156403 0
    outer loop
      vertex 12.7807 0.463525 4.86977
      vertex 12.7073 0 4.98677
      vertex 12.7807 0.463525 -4.86977
    endloop
  endfacet
  facet normal 0.987693 -0.156403 0
    outer loop
      vertex 12.7073 0 -4.98677
      vertex 12.7807 0.463525 -4.86977
      vertex 12.7073 0 4.98677
    endloop
  endfacet
  facet normal 0.987826 -0.155524 -0.00356369
    outer loop
      vertex 12.7807 0.463525 -4.86977
      vertex 12.7073 0 -4.98677
      vertex 12.7461 0.245508 -4.94604
    endloop
  endfacet
  facet normal 0.987826 0.155524 0.00356369
    outer loop
      vertex 12.7807 -0.463525 4.86977
      vertex 12.7073 0 4.98677
      vertex 12.7461 -0.245508 4.94604
    endloop
  endfacet
  facet normal 0.987693 0.156403 0
    outer loop
      vertex 12.7073 0 4.98677
      vertex 12.7807 -0.463525 4.86977
      vertex 12.7073 0 -4.98677
    endloop
  endfacet
  facet normal 0.987693 0.156403 -0
    outer loop
      vertex 12.7807 -0.463525 -4.86977
      vertex 12.7073 0 -4.98677
      vertex 12.7807 -0.463525 4.86977
    endloop
  endfacet
  facet normal 0.987826 0.155524 -0.00356369
    outer loop
      vertex 12.7073 0 -4.98677
      vertex 12.7807 -0.463525 -4.86977
      vertex 12.7461 -0.245508 -4.94604
    endloop
  endfacet
  facet normal 0.838151 -0.545419 0.00460915
    outer loop
      vertex -8.44114 12.9645 3.295
      vertex -8.21835 13.3075 3.37033
      vertex -8.25997 13.2435 3.36534
    endloop
  endfacet
  facet normal 0.838614 -0.544726 0
    outer loop
      vertex -8.21835 13.3075 3.37033
      vertex -8.47395 12.914 3.27461
      vertex -8.21835 13.3075 -3.37033
    endloop
  endfacet
  facet normal 0.838699 -0.544594 -0.000771752
    outer loop
      vertex -8.21835 13.3075 3.37033
      vertex -8.44114 12.9645 3.295
      vertex -8.47395 12.914 3.27461
    endloop
  endfacet
  facet normal 0.838614 -0.544726 0
    outer loop
      vertex -8.47395 12.914 -3.27461
      vertex -8.21835 13.3075 -3.37033
      vertex -8.47395 12.914 3.27461
    endloop
  endfacet
  facet normal 0.838699 -0.544594 0.000771752
    outer loop
      vertex -8.44114 12.9645 -3.295
      vertex -8.21835 13.3075 -3.37033
      vertex -8.47395 12.914 -3.27461
    endloop
  endfacet
  facet normal 0.838151 -0.545419 -0.00460915
    outer loop
      vertex -8.21835 13.3075 -3.37033
      vertex -8.44114 12.9645 -3.295
      vertex -8.25997 13.2435 -3.36534
    endloop
  endfacet
  facet normal 0.629318 -0.777147 0.000930642
    outer loop
      vertex -8.10789 13.397 3.40643
      vertex -7.85363 13.6029 3.41103
      vertex -7.91897 13.55 3.4202
    endloop
  endfacet
  facet normal 0.629316 -0.777149 0.00112539
    outer loop
      vertex -8.21835 13.3075 3.37033
      vertex -7.85363 13.6029 3.41103
      vertex -8.10789 13.397 3.40643
    endloop
  endfacet
  facet normal 0.629392 -0.777088 0
    outer loop
      vertex -8.21835 13.3075 -3.37033
      vertex -7.85363 13.6029 3.41103
      vertex -8.21835 13.3075 3.37033
    endloop
  endfacet
  facet normal 0.629316 -0.777149 -0.00112539
    outer loop
      vertex -7.85363 13.6029 -3.41103
      vertex -8.21835 13.3075 -3.37033
      vertex -8.10789 13.397 -3.40643
    endloop
  endfacet
  facet normal 0.629392 -0.777088 0
    outer loop
      vertex -8.21835 13.3075 -3.37033
      vertex -7.85363 13.6029 -3.41103
      vertex -7.85363 13.6029 3.41103
    endloop
  endfacet
  facet normal 0.629318 -0.777147 -0.000930642
    outer loop
      vertex -7.85363 13.6029 -3.41103
      vertex -8.10789 13.397 -3.40643
      vertex -7.91897 13.55 -3.4202
    endloop
  endfacet
  facet normal 0.965967 -0.258664 -0.000615807
    outer loop
      vertex -8.59541 12.4606 3.19685
      vertex -8.47395 12.914 3.27461
      vertex -8.54348 12.6544 3.25124
    endloop
  endfacet
  facet normal 0.965941 -0.258763 0
    outer loop
      vertex -8.47395 12.914 3.27461
      vertex -8.59541 12.4606 3.19685
      vertex -8.47395 12.914 -3.27461
    endloop
  endfacet
  facet normal 0.965941 -0.258763 0
    outer loop
      vertex -8.59541 12.4606 -3.19685
      vertex -8.47395 12.914 -3.27461
      vertex -8.59541 12.4606 3.19685
    endloop
  endfacet
  facet normal 0.965967 -0.258664 0.000615807
    outer loop
      vertex -8.47395 12.914 -3.27461
      vertex -8.59541 12.4606 -3.19685
      vertex -8.54348 12.6544 -3.25124
    endloop
  endfacet
  facet normal -0.933574 -0.358385 0
    outer loop
      vertex -5.63641 12.6157 -3.701
      vertex -5.80459 13.0538 3.39164
      vertex -5.80459 13.0538 -3.39164
    endloop
  endfacet
  facet normal -0.933574 -0.358385 0
    outer loop
      vertex -5.80459 13.0538 3.39164
      vertex -5.63641 12.6157 -3.701
      vertex -5.63641 12.6157 3.701
    endloop
  endfacet
  facet normal 0.258739 0.965947 -5.35005e-05
    outer loop
      vertex -7.26042 10.8121 4.54572
      vertex -7.71373 10.9335 4.12036
      vertex -7.51993 10.8816 4.32336
    endloop
  endfacet
  facet normal 0.258692 0.96596 0
    outer loop
      vertex -7.26042 10.8121 4.54572
      vertex -7.71373 10.9335 -4.12036
      vertex -7.71373 10.9335 4.12036
    endloop
  endfacet
  facet normal 0.258692 0.96596 -0
    outer loop
      vertex -7.26042 10.8121 -4.54572
      vertex -7.71373 10.9335 -4.12036
      vertex -7.26042 10.8121 4.54572
    endloop
  endfacet
  facet normal 0.258739 0.965947 5.35005e-05
    outer loop
      vertex -7.71373 10.9335 -4.12036
      vertex -7.26042 10.8121 -4.54572
      vertex -7.51993 10.8816 -4.32336
    endloop
  endfacet
  facet normal -0.544639 -0.838671 0
    outer loop
      vertex -6.49352 13.6742 -3.18975
      vertex -6.09993 13.4186 3.21548
      vertex -6.49352 13.6742 3.18975
    endloop
  endfacet
  facet normal -0.544639 -0.838671 -0
    outer loop
      vertex -6.09993 13.4186 3.21548
      vertex -6.49352 13.6742 -3.18975
      vertex -6.09993 13.4186 -3.21548
    endloop
  endfacet
  facet normal -0.777218 -0.629231 0
    outer loop
      vertex -5.80459 13.0538 -3.39164
      vertex -6.09993 13.4186 3.21548
      vertex -6.09993 13.4186 -3.21548
    endloop
  endfacet
  facet normal -0.777218 -0.629231 0
    outer loop
      vertex -6.09993 13.4186 3.21548
      vertex -5.80459 13.0538 -3.39164
      vertex -5.80459 13.0538 3.39164
    endloop
  endfacet
  facet normal 0.0512896 -0.998672 -0.00479777
    outer loop
      vertex -7.4155 13.7711 3.37019
      vertex -6.94684 13.7956 3.28055
      vertex -7.27328 13.7785 3.35023
    endloop
  endfacet
  facet normal 0.0522054 -0.998636 0
    outer loop
      vertex -7.4155 13.7711 3.37019
      vertex -6.94684 13.7956 -3.28055
      vertex -6.94684 13.7956 3.28055
    endloop
  endfacet
  facet normal 0.05231 -0.998631 7.38916e-06
    outer loop
      vertex -7.4155 13.7711 3.37019
      vertex -7.27328 13.7785 -3.35023
      vertex -6.94684 13.7956 -3.28055
    endloop
  endfacet
  facet normal 0.0519618 -0.998649 0
    outer loop
      vertex -7.27328 13.7785 -3.35023
      vertex -7.4155 13.7711 3.37019
      vertex -7.4155 13.7711 -3.37019
    endloop
  endfacet
  facet normal 0.777134 0.629336 0
    outer loop
      vertex -8.10733 11.1891 3.7081
      vertex -8.40267 11.5538 -3.39874
      vertex -8.40267 11.5538 3.39874
    endloop
  endfacet
  facet normal 0.777134 0.629336 0
    outer loop
      vertex -8.40267 11.5538 -3.39874
      vertex -8.10733 11.1891 3.7081
      vertex -8.10733 11.1891 -3.7081
    endloop
  endfacet
  facet normal -0.838484 0.544927 -0.000358908
    outer loop
      vertex -5.98891 11.3002 -4.86446
      vertex -5.73331 11.6937 -4.55166
      vertex -5.91135 11.4196 -4.77679
    endloop
  endfacet
  facet normal -0.838614 0.544726 0
    outer loop
      vertex -5.73331 11.6937 -4.55166
      vertex -5.98891 11.3002 -4.86446
      vertex -5.73331 11.6937 4.55166
    endloop
  endfacet
  facet normal -0.838614 0.544726 0
    outer loop
      vertex -5.98891 11.3002 4.86446
      vertex -5.73331 11.6937 4.55166
      vertex -5.98891 11.3002 -4.86446
    endloop
  endfacet
  facet normal -0.838484 0.544927 0.000358908
    outer loop
      vertex -5.73331 11.6937 4.55166
      vertex -5.98891 11.3002 4.86446
      vertex -5.91135 11.4196 4.77679
    endloop
  endfacet
  facet normal 0.358276 -0.933615 -0.00153408
    outer loop
      vertex -7.4155 13.7711 3.37019
      vertex -7.6975 13.6628 3.4202
      vertex -7.85363 13.6029 3.41103
    endloop
  endfacet
  facet normal 0.358013 -0.933711 -0.0032262
    outer loop
      vertex -7.6975 13.6628 3.4202
      vertex -7.4155 13.7711 3.37019
      vertex -7.47815 13.747 3.3928
    endloop
  endfacet
  facet normal 0.358401 -0.933568 0
    outer loop
      vertex -7.85363 13.6029 3.41103
      vertex -7.4155 13.7711 -3.37019
      vertex -7.4155 13.7711 3.37019
    endloop
  endfacet
  facet normal 0.358401 -0.933568 0
    outer loop
      vertex -7.85363 13.6029 -3.41103
      vertex -7.4155 13.7711 -3.37019
      vertex -7.85363 13.6029 3.41103
    endloop
  endfacet
  facet normal 0.358276 -0.933615 0.00153408
    outer loop
      vertex -7.6975 13.6628 -3.4202
      vertex -7.4155 13.7711 -3.37019
      vertex -7.85363 13.6029 -3.41103
    endloop
  endfacet
  facet normal 0.358013 -0.933711 0.0032262
    outer loop
      vertex -7.4155 13.7711 -3.37019
      vertex -7.6975 13.6628 -3.4202
      vertex -7.47815 13.747 -3.3928
    endloop
  endfacet
  facet normal -0.0524922 0.998621 0.000270892
    outer loop
      vertex -6.79176 10.8366 4.8646
      vertex -7.20027 10.8152 4.59475
      vertex -6.86807 10.8326 4.82327
    endloop
  endfacet
  facet normal -0.0559199 0.99842 0.00547587
    outer loop
      vertex -6.79176 10.8366 4.8646
      vertex -7.26042 10.8121 4.54572
      vertex -7.20027 10.8152 4.59475
    endloop
  endfacet
  facet normal -0.0522054 0.998636 0
    outer loop
      vertex -6.79176 10.8366 4.8646
      vertex -7.26042 10.8121 -4.54572
      vertex -7.26042 10.8121 4.54572
    endloop
  endfacet
  facet normal -0.0522054 0.998636 0
    outer loop
      vertex -6.79176 10.8366 -4.8646
      vertex -7.26042 10.8121 -4.54572
      vertex -6.79176 10.8366 4.8646
    endloop
  endfacet
  facet normal -0.0559199 0.99842 -0.00547587
    outer loop
      vertex -7.26042 10.8121 -4.54572
      vertex -6.79176 10.8366 -4.8646
      vertex -7.20027 10.8152 -4.59475
    endloop
  endfacet
  facet normal -0.0524922 0.998621 -0.000270892
    outer loop
      vertex -7.20027 10.8152 -4.59475
      vertex -6.79176 10.8366 -4.8646
      vertex -6.86807 10.8326 -4.82327
    endloop
  endfacet
  facet normal 0.544629 0.838677 0
    outer loop
      vertex -7.71373 10.9335 4.12036
      vertex -8.10733 11.1891 -3.7081
      vertex -8.10733 11.1891 3.7081
    endloop
  endfacet
  facet normal 0.544629 0.838677 0
    outer loop
      vertex -8.10733 11.1891 -3.7081
      vertex -7.71373 10.9335 4.12036
      vertex -7.71373 10.9335 -4.12036
    endloop
  endfacet
  facet normal 0.998629 0.0523396 0
    outer loop
      vertex -8.57085 11.992 3.22258
      vertex -8.59541 12.4606 -3.19685
      vertex -8.59541 12.4606 3.19685
    endloop
  endfacet
  facet normal 0.998629 0.0523396 0
    outer loop
      vertex -8.59541 12.4606 -3.19685
      vertex -8.57085 11.992 3.22258
      vertex -8.57085 11.992 -3.22258
    endloop
  endfacet
  facet normal 0.933601 0.358314 0
    outer loop
      vertex -8.40267 11.5538 3.39874
      vertex -8.57085 11.992 -3.22258
      vertex -8.57085 11.992 3.22258
    endloop
  endfacet
  facet normal 0.933601 0.358314 0
    outer loop
      vertex -8.57085 11.992 -3.22258
      vertex -8.40267 11.5538 3.39874
      vertex -8.40267 11.5538 -3.39874
    endloop
  endfacet
  facet normal -0.357924 0.933749 -0.00190636
    outer loop
      vertex -6.35363 11.0048 4.98221
      vertex -6.65907 10.8876 4.92399
      vertex -6.43213 10.9747 4.9776
    endloop
  endfacet
  facet normal -0.357851 0.933776 -0.00234653
    outer loop
      vertex -6.35363 11.0048 4.98221
      vertex -6.79176 10.8366 4.8646
      vertex -6.65907 10.8876 4.92399
    endloop
  endfacet
  facet normal -0.358401 0.933568 0
    outer loop
      vertex -6.35363 11.0048 4.98221
      vertex -6.79176 10.8366 -4.8646
      vertex -6.79176 10.8366 4.8646
    endloop
  endfacet
  facet normal -0.358401 0.933568 0
    outer loop
      vertex -6.35363 11.0048 -4.98221
      vertex -6.79176 10.8366 -4.8646
      vertex -6.35363 11.0048 4.98221
    endloop
  endfacet
  facet normal -0.357851 0.933776 0.00234653
    outer loop
      vertex -6.79176 10.8366 -4.8646
      vertex -6.35363 11.0048 -4.98221
      vertex -6.65907 10.8876 -4.92399
    endloop
  endfacet
  facet normal -0.357924 0.933749 0.00190636
    outer loop
      vertex -6.65907 10.8876 -4.92399
      vertex -6.35363 11.0048 -4.98221
      vertex -6.43213 10.9747 -4.9776
    endloop
  endfacet
  facet normal -0.628265 0.777988 0.00412381
    outer loop
      vertex -5.98891 11.3002 4.86446
      vertex -6.22366 11.1101 4.96397
      vertex -6.04107 11.2579 4.89807
    endloop
  endfacet
  facet normal -0.629599 0.776919 -0.00106667
    outer loop
      vertex -6.22366 11.1101 4.96397
      vertex -5.98891 11.3002 4.86446
      vertex -6.35363 11.0048 4.98221
    endloop
  endfacet
  facet normal -0.629392 0.777088 0
    outer loop
      vertex -5.98891 11.3002 -4.86446
      vertex -6.35363 11.0048 4.98221
      vertex -5.98891 11.3002 4.86446
    endloop
  endfacet
  facet normal -0.628265 0.777988 -0.00412381
    outer loop
      vertex -6.22366 11.1101 -4.96397
      vertex -5.98891 11.3002 -4.86446
      vertex -6.04107 11.2579 -4.89807
    endloop
  endfacet
  facet normal -0.629599 0.776919 0.00106667
    outer loop
      vertex -5.98891 11.3002 -4.86446
      vertex -6.22366 11.1101 -4.96397
      vertex -6.35363 11.0048 -4.98221
    endloop
  endfacet
  facet normal -0.629392 0.777088 0
    outer loop
      vertex -5.98891 11.3002 -4.86446
      vertex -6.35363 11.0048 -4.98221
      vertex -6.35363 11.0048 4.98221
    endloop
  endfacet
  facet normal -0.965952 0.258722 0
    outer loop
      vertex -5.64225 12.0336 -4.23212
      vertex -5.61185 12.1471 4.11326
      vertex -5.61185 12.1471 -4.11326
    endloop
  endfacet
  facet normal -0.965952 0.258722 0
    outer loop
      vertex -5.64225 12.0336 -4.23212
      vertex -5.64225 12.0336 4.23212
      vertex -5.61185 12.1471 4.11326
    endloop
  endfacet
  facet normal -0.965875 0.25901 -0.000266279
    outer loop
      vertex -5.73331 11.6937 -4.55166
      vertex -5.64225 12.0336 -4.23212
      vertex -5.71943 11.7455 -4.51261
    endloop
  endfacet
  facet normal -0.965937 0.258777 0
    outer loop
      vertex -5.64225 12.0336 -4.23212
      vertex -5.73331 11.6937 -4.55166
      vertex -5.64225 12.0336 4.23212
    endloop
  endfacet
  facet normal -0.965937 0.258777 0
    outer loop
      vertex -5.73331 11.6937 4.55166
      vertex -5.64225 12.0336 4.23212
      vertex -5.73331 11.6937 -4.55166
    endloop
  endfacet
  facet normal -0.965875 0.25901 0.000266279
    outer loop
      vertex -5.64225 12.0336 4.23212
      vertex -5.73331 11.6937 4.55166
      vertex -5.71943 11.7455 4.51261
    endloop
  endfacet
  facet normal -0.257509 -0.96625 0.00706967
    outer loop
      vertex -6.94684 13.7956 3.28055
      vertex -6.607 13.7046 3.2216
      vertex -6.89504 13.7818 3.28122
    endloop
  endfacet
  facet normal -0.258492 -0.966013 0.00104119
    outer loop
      vertex -6.94684 13.7956 3.28055
      vertex -6.49352 13.6742 3.18975
      vertex -6.607 13.7046 3.2216
    endloop
  endfacet
  facet normal -0.258686 -0.965961 0
    outer loop
      vertex -6.94684 13.7956 3.28055
      vertex -6.49352 13.6742 -3.18975
      vertex -6.49352 13.6742 3.18975
    endloop
  endfacet
  facet normal -0.258686 -0.965961 0
    outer loop
      vertex -6.94684 13.7956 -3.28055
      vertex -6.49352 13.6742 -3.18975
      vertex -6.94684 13.7956 3.28055
    endloop
  endfacet
  facet normal -0.258492 -0.966013 -0.00104119
    outer loop
      vertex -6.49352 13.6742 -3.18975
      vertex -6.94684 13.7956 -3.28055
      vertex -6.607 13.7046 -3.2216
    endloop
  endfacet
  facet normal -0.257509 -0.96625 -0.00706967
    outer loop
      vertex -6.607 13.7046 -3.2216
      vertex -6.94684 13.7956 -3.28055
      vertex -6.89504 13.7818 -3.28122
    endloop
  endfacet
  facet normal -0.998629 -0.0523396 0
    outer loop
      vertex -5.61185 12.1471 -4.11326
      vertex -5.63641 12.6157 3.701
      vertex -5.63641 12.6157 -3.701
    endloop
  endfacet
  facet normal -0.998629 -0.0523396 0
    outer loop
      vertex -5.63641 12.6157 3.701
      vertex -5.61185 12.1471 -4.11326
      vertex -5.61185 12.1471 4.11326
    endloop
  endfacet
  facet normal 0.0512896 0.998672 -0.00479777
    outer loop
      vertex -6.94684 -13.7956 3.28055
      vertex -7.4155 -13.7711 3.37019
      vertex -7.27328 -13.7785 3.35023
    endloop
  endfacet
  facet normal 0.0522054 0.998636 -0
    outer loop
      vertex -6.94684 -13.7956 -3.28055
      vertex -7.4155 -13.7711 3.37019
      vertex -6.94684 -13.7956 3.28055
    endloop
  endfacet
  facet normal 0.05231 0.998631 7.38916e-06
    outer loop
      vertex -7.27328 -13.7785 -3.35023
      vertex -7.4155 -13.7711 3.37019
      vertex -6.94684 -13.7956 -3.28055
    endloop
  endfacet
  facet normal 0.0519618 0.998649 0
    outer loop
      vertex -7.4155 -13.7711 3.37019
      vertex -7.27328 -13.7785 -3.35023
      vertex -7.4155 -13.7711 -3.37019
    endloop
  endfacet
  facet normal -0.257509 0.96625 0.00706967
    outer loop
      vertex -6.607 -13.7046 3.2216
      vertex -6.94684 -13.7956 3.28055
      vertex -6.89504 -13.7818 3.28122
    endloop
  endfacet
  facet normal -0.258492 0.966013 0.00104119
    outer loop
      vertex -6.49352 -13.6742 3.18975
      vertex -6.94684 -13.7956 3.28055
      vertex -6.607 -13.7046 3.2216
    endloop
  endfacet
  facet normal -0.258686 0.965961 0
    outer loop
      vertex -6.49352 -13.6742 -3.18975
      vertex -6.94684 -13.7956 3.28055
      vertex -6.49352 -13.6742 3.18975
    endloop
  endfacet
  facet normal -0.258492 0.966013 -0.00104119
    outer loop
      vertex -6.94684 -13.7956 -3.28055
      vertex -6.49352 -13.6742 -3.18975
      vertex -6.607 -13.7046 -3.2216
    endloop
  endfacet
  facet normal -0.258686 0.965961 0
    outer loop
      vertex -6.49352 -13.6742 -3.18975
      vertex -6.94684 -13.7956 -3.28055
      vertex -6.94684 -13.7956 3.28055
    endloop
  endfacet
  facet normal -0.257509 0.96625 -0.00706967
    outer loop
      vertex -6.94684 -13.7956 -3.28055
      vertex -6.607 -13.7046 -3.2216
      vertex -6.89504 -13.7818 -3.28122
    endloop
  endfacet
  facet normal 0.965967 0.258664 -0.000615807
    outer loop
      vertex -8.47395 -12.914 3.27461
      vertex -8.59541 -12.4606 3.19685
      vertex -8.54348 -12.6544 3.25124
    endloop
  endfacet
  facet normal 0.965941 0.258763 0
    outer loop
      vertex -8.59541 -12.4606 3.19685
      vertex -8.47395 -12.914 3.27461
      vertex -8.59541 -12.4606 -3.19685
    endloop
  endfacet
  facet normal 0.965941 0.258763 -0
    outer loop
      vertex -8.47395 -12.914 -3.27461
      vertex -8.59541 -12.4606 -3.19685
      vertex -8.47395 -12.914 3.27461
    endloop
  endfacet
  facet normal 0.965967 0.258664 0.000615807
    outer loop
      vertex -8.59541 -12.4606 -3.19685
      vertex -8.47395 -12.914 -3.27461
      vertex -8.54348 -12.6544 -3.25124
    endloop
  endfacet
  facet normal 0.998629 -0.0523396 0
    outer loop
      vertex -8.59541 -12.4606 3.19685
      vertex -8.57085 -11.992 -3.22258
      vertex -8.57085 -11.992 3.22258
    endloop
  endfacet
  facet normal 0.998629 -0.0523396 0
    outer loop
      vertex -8.57085 -11.992 -3.22258
      vertex -8.59541 -12.4606 3.19685
      vertex -8.59541 -12.4606 -3.19685
    endloop
  endfacet
  facet normal -0.965875 -0.25901 -0.000266279
    outer loop
      vertex -5.64225 -12.0336 -4.23212
      vertex -5.73331 -11.6937 -4.55166
      vertex -5.71943 -11.7455 -4.51261
    endloop
  endfacet
  facet normal -0.965937 -0.258777 0
    outer loop
      vertex -5.73331 -11.6937 -4.55166
      vertex -5.64225 -12.0336 -4.23212
      vertex -5.73331 -11.6937 4.55166
    endloop
  endfacet
  facet normal -0.965937 -0.258777 -0
    outer loop
      vertex -5.64225 -12.0336 4.23212
      vertex -5.73331 -11.6937 4.55166
      vertex -5.64225 -12.0336 -4.23212
    endloop
  endfacet
  facet normal -0.965875 -0.25901 0.000266279
    outer loop
      vertex -5.73331 -11.6937 4.55166
      vertex -5.64225 -12.0336 4.23212
      vertex -5.71943 -11.7455 4.51261
    endloop
  endfacet
  facet normal -0.965952 -0.258722 0
    outer loop
      vertex -5.61185 -12.1471 -4.11326
      vertex -5.64225 -12.0336 4.23212
      vertex -5.64225 -12.0336 -4.23212
    endloop
  endfacet
  facet normal -0.965952 -0.258722 0
    outer loop
      vertex -5.64225 -12.0336 4.23212
      vertex -5.61185 -12.1471 -4.11326
      vertex -5.61185 -12.1471 4.11326
    endloop
  endfacet
  facet normal 0.358013 0.933711 -0.0032262
    outer loop
      vertex -7.4155 -13.7711 3.37019
      vertex -7.6975 -13.6628 3.4202
      vertex -7.47815 -13.747 3.3928
    endloop
  endfacet
  facet normal 0.358276 0.933615 -0.00153408
    outer loop
      vertex -7.6975 -13.6628 3.4202
      vertex -7.4155 -13.7711 3.37019
      vertex -7.85363 -13.6029 3.41103
    endloop
  endfacet
  facet normal 0.358401 0.933568 -0
    outer loop
      vertex -7.4155 -13.7711 -3.37019
      vertex -7.85363 -13.6029 3.41103
      vertex -7.4155 -13.7711 3.37019
    endloop
  endfacet
  facet normal 0.358013 0.933711 0.0032262
    outer loop
      vertex -7.6975 -13.6628 -3.4202
      vertex -7.4155 -13.7711 -3.37019
      vertex -7.47815 -13.747 -3.3928
    endloop
  endfacet
  facet normal 0.358401 0.933568 0
    outer loop
      vertex -7.4155 -13.7711 -3.37019
      vertex -7.85363 -13.6029 -3.41103
      vertex -7.85363 -13.6029 3.41103
    endloop
  endfacet
  facet normal 0.358276 0.933615 0.00153408
    outer loop
      vertex -7.4155 -13.7711 -3.37019
      vertex -7.6975 -13.6628 -3.4202
      vertex -7.85363 -13.6029 -3.41103
    endloop
  endfacet
  facet normal 0.777134 -0.629336 0
    outer loop
      vertex -8.40267 -11.5538 3.39874
      vertex -8.10733 -11.1891 -3.7081
      vertex -8.10733 -11.1891 3.7081
    endloop
  endfacet
  facet normal 0.777134 -0.629336 0
    outer loop
      vertex -8.10733 -11.1891 -3.7081
      vertex -8.40267 -11.5538 3.39874
      vertex -8.40267 -11.5538 -3.39874
    endloop
  endfacet
  facet normal 0.629318 0.777147 0.000930642
    outer loop
      vertex -7.85363 -13.6029 3.41103
      vertex -8.10789 -13.397 3.40643
      vertex -7.91897 -13.55 3.4202
    endloop
  endfacet
  facet normal 0.629316 0.777149 0.00112539
    outer loop
      vertex -7.85363 -13.6029 3.41103
      vertex -8.21835 -13.3075 3.37033
      vertex -8.10789 -13.397 3.40643
    endloop
  endfacet
  facet normal 0.629392 0.777088 0
    outer loop
      vertex -7.85363 -13.6029 3.41103
      vertex -8.21835 -13.3075 -3.37033
      vertex -8.21835 -13.3075 3.37033
    endloop
  endfacet
  facet normal 0.629392 0.777088 -0
    outer loop
      vertex -7.85363 -13.6029 -3.41103
      vertex -8.21835 -13.3075 -3.37033
      vertex -7.85363 -13.6029 3.41103
    endloop
  endfacet
  facet normal 0.629316 0.777149 -0.00112539
    outer loop
      vertex -8.21835 -13.3075 -3.37033
      vertex -7.85363 -13.6029 -3.41103
      vertex -8.10789 -13.397 -3.40643
    endloop
  endfacet
  facet normal 0.629318 0.777147 -0.000930642
    outer loop
      vertex -8.10789 -13.397 -3.40643
      vertex -7.85363 -13.6029 -3.41103
      vertex -7.91897 -13.55 -3.4202
    endloop
  endfacet
  facet normal -0.629599 -0.776919 -0.00106667
    outer loop
      vertex -5.98891 -11.3002 4.86446
      vertex -6.22366 -11.1101 4.96397
      vertex -6.35363 -11.0048 4.98221
    endloop
  endfacet
  facet normal -0.628265 -0.777988 0.00412381
    outer loop
      vertex -6.22366 -11.1101 4.96397
      vertex -5.98891 -11.3002 4.86446
      vertex -6.04107 -11.2579 4.89807
    endloop
  endfacet
  facet normal -0.629392 -0.777088 0
    outer loop
      vertex -6.35363 -11.0048 4.98221
      vertex -5.98891 -11.3002 -4.86446
      vertex -5.98891 -11.3002 4.86446
    endloop
  endfacet
  facet normal -0.629392 -0.777088 0
    outer loop
      vertex -6.35363 -11.0048 -4.98221
      vertex -5.98891 -11.3002 -4.86446
      vertex -6.35363 -11.0048 4.98221
    endloop
  endfacet
  facet normal -0.629599 -0.776919 0.00106667
    outer loop
      vertex -6.22366 -11.1101 -4.96397
      vertex -5.98891 -11.3002 -4.86446
      vertex -6.35363 -11.0048 -4.98221
    endloop
  endfacet
  facet normal -0.628265 -0.777988 -0.00412381
    outer loop
      vertex -5.98891 -11.3002 -4.86446
      vertex -6.22366 -11.1101 -4.96397
      vertex -6.04107 -11.2579 -4.89807
    endloop
  endfacet
  facet normal -0.544639 0.838671 0
    outer loop
      vertex -6.09993 -13.4186 3.21548
      vertex -6.49352 -13.6742 -3.18975
      vertex -6.49352 -13.6742 3.18975
    endloop
  endfacet
  facet normal -0.544639 0.838671 0
    outer loop
      vertex -6.49352 -13.6742 -3.18975
      vertex -6.09993 -13.4186 3.21548
      vertex -6.09993 -13.4186 -3.21548
    endloop
  endfacet
  facet normal -0.933574 0.358385 0
    outer loop
      vertex -5.80459 -13.0538 -3.39164
      vertex -5.63641 -12.6157 3.701
      vertex -5.63641 -12.6157 -3.701
    endloop
  endfacet
  facet normal -0.933574 0.358385 0
    outer loop
      vertex -5.63641 -12.6157 3.701
      vertex -5.80459 -13.0538 -3.39164
      vertex -5.80459 -13.0538 3.39164
    endloop
  endfacet
  facet normal 0.838699 0.544594 -0.000771752
    outer loop
      vertex -8.21835 -13.3075 3.37033
      vertex -8.47395 -12.914 3.27461
      vertex -8.44114 -12.9645 3.295
    endloop
  endfacet
  facet normal 0.838614 0.544726 0
    outer loop
      vertex -8.47395 -12.914 3.27461
      vertex -8.21835 -13.3075 3.37033
      vertex -8.47395 -12.914 -3.27461
    endloop
  endfacet
  facet normal 0.838151 0.545419 0.00460915
    outer loop
      vertex -8.21835 -13.3075 3.37033
      vertex -8.44114 -12.9645 3.295
      vertex -8.25997 -13.2435 3.36534
    endloop
  endfacet
  facet normal 0.838614 0.544726 -0
    outer loop
      vertex -8.21835 -13.3075 -3.37033
      vertex -8.47395 -12.914 -3.27461
      vertex -8.21835 -13.3075 3.37033
    endloop
  endfacet
  facet normal 0.838699 0.544594 0.000771752
    outer loop
      vertex -8.47395 -12.914 -3.27461
      vertex -8.21835 -13.3075 -3.37033
      vertex -8.44114 -12.9645 -3.295
    endloop
  endfacet
  facet normal 0.838151 0.545419 -0.00460915
    outer loop
      vertex -8.44114 -12.9645 -3.295
      vertex -8.21835 -13.3075 -3.37033
      vertex -8.25997 -13.2435 -3.36534
    endloop
  endfacet
  facet normal -0.998629 0.0523396 0
    outer loop
      vertex -5.63641 -12.6157 -3.701
      vertex -5.61185 -12.1471 4.11326
      vertex -5.61185 -12.1471 -4.11326
    endloop
  endfacet
  facet normal -0.998629 0.0523396 0
    outer loop
      vertex -5.61185 -12.1471 4.11326
      vertex -5.63641 -12.6157 -3.701
      vertex -5.63641 -12.6157 3.701
    endloop
  endfacet
  facet normal 0.258739 -0.965947 -5.35005e-05
    outer loop
      vertex -7.71373 -10.9335 4.12036
      vertex -7.26042 -10.8121 4.54572
      vertex -7.51993 -10.8816 4.32336
    endloop
  endfacet
  facet normal 0.258692 -0.96596 0
    outer loop
      vertex -7.71373 -10.9335 -4.12036
      vertex -7.26042 -10.8121 4.54572
      vertex -7.71373 -10.9335 4.12036
    endloop
  endfacet
  facet normal 0.258739 -0.965947 5.35005e-05
    outer loop
      vertex -7.26042 -10.8121 -4.54572
      vertex -7.71373 -10.9335 -4.12036
      vertex -7.51993 -10.8816 -4.32336
    endloop
  endfacet
  facet normal 0.258692 -0.96596 0
    outer loop
      vertex -7.71373 -10.9335 -4.12036
      vertex -7.26042 -10.8121 -4.54572
      vertex -7.26042 -10.8121 4.54572
    endloop
  endfacet
  facet normal -0.357924 -0.933749 -0.00190636
    outer loop
      vertex -6.65907 -10.8876 4.92399
      vertex -6.35363 -11.0048 4.98221
      vertex -6.43213 -10.9747 4.9776
    endloop
  endfacet
  facet normal -0.357851 -0.933776 -0.00234653
    outer loop
      vertex -6.79176 -10.8366 4.8646
      vertex -6.35363 -11.0048 4.98221
      vertex -6.65907 -10.8876 4.92399
    endloop
  endfacet
  facet normal -0.358401 -0.933568 0
    outer loop
      vertex -6.79176 -10.8366 -4.8646
      vertex -6.35363 -11.0048 4.98221
      vertex -6.79176 -10.8366 4.8646
    endloop
  endfacet
  facet normal -0.357851 -0.933776 0.00234653
    outer loop
      vertex -6.35363 -11.0048 -4.98221
      vertex -6.79176 -10.8366 -4.8646
      vertex -6.65907 -10.8876 -4.92399
    endloop
  endfacet
  facet normal -0.357924 -0.933749 0.00190636
    outer loop
      vertex -6.35363 -11.0048 -4.98221
      vertex -6.65907 -10.8876 -4.92399
      vertex -6.43213 -10.9747 -4.9776
    endloop
  endfacet
  facet normal -0.358401 -0.933568 0
    outer loop
      vertex -6.79176 -10.8366 -4.8646
      vertex -6.35363 -11.0048 -4.98221
      vertex -6.35363 -11.0048 4.98221
    endloop
  endfacet
  facet normal -0.777218 0.629231 0
    outer loop
      vertex -6.09993 -13.4186 -3.21548
      vertex -5.80459 -13.0538 3.39164
      vertex -5.80459 -13.0538 -3.39164
    endloop
  endfacet
  facet normal -0.777218 0.629231 0
    outer loop
      vertex -5.80459 -13.0538 3.39164
      vertex -6.09993 -13.4186 -3.21548
      vertex -6.09993 -13.4186 3.21548
    endloop
  endfacet
  facet normal -0.838484 -0.544927 -0.000358908
    outer loop
      vertex -5.73331 -11.6937 -4.55166
      vertex -5.98891 -11.3002 -4.86446
      vertex -5.91135 -11.4196 -4.77679
    endloop
  endfacet
  facet normal -0.838614 -0.544726 0
    outer loop
      vertex -5.98891 -11.3002 -4.86446
      vertex -5.73331 -11.6937 -4.55166
      vertex -5.98891 -11.3002 4.86446
    endloop
  endfacet
  facet normal -0.838614 -0.544726 -0
    outer loop
      vertex -5.73331 -11.6937 4.55166
      vertex -5.98891 -11.3002 4.86446
      vertex -5.73331 -11.6937 -4.55166
    endloop
  endfacet
  facet normal -0.838484 -0.544927 0.000358908
    outer loop
      vertex -5.98891 -11.3002 4.86446
      vertex -5.73331 -11.6937 4.55166
      vertex -5.91135 -11.4196 4.77679
    endloop
  endfacet
  facet normal 0.933601 -0.358314 0
    outer loop
      vertex -8.57085 -11.992 3.22258
      vertex -8.40267 -11.5538 -3.39874
      vertex -8.40267 -11.5538 3.39874
    endloop
  endfacet
  facet normal 0.933601 -0.358314 0
    outer loop
      vertex -8.40267 -11.5538 -3.39874
      vertex -8.57085 -11.992 3.22258
      vertex -8.57085 -11.992 -3.22258
    endloop
  endfacet
  facet normal -0.0524922 -0.998621 0.000270892
    outer loop
      vertex -7.20027 -10.8152 4.59475
      vertex -6.79176 -10.8366 4.8646
      vertex -6.86807 -10.8326 4.82327
    endloop
  endfacet
  facet normal -0.0559199 -0.99842 0.00547587
    outer loop
      vertex -7.26042 -10.8121 4.54572
      vertex -6.79176 -10.8366 4.8646
      vertex -7.20027 -10.8152 4.59475
    endloop
  endfacet
  facet normal -0.0522054 -0.998636 0
    outer loop
      vertex -7.26042 -10.8121 -4.54572
      vertex -6.79176 -10.8366 4.8646
      vertex -7.26042 -10.8121 4.54572
    endloop
  endfacet
  facet normal -0.0559199 -0.99842 -0.00547587
    outer loop
      vertex -6.79176 -10.8366 -4.8646
      vertex -7.26042 -10.8121 -4.54572
      vertex -7.20027 -10.8152 -4.59475
    endloop
  endfacet
  facet normal -0.0524922 -0.998621 -0.000270892
    outer loop
      vertex -6.79176 -10.8366 -4.8646
      vertex -7.20027 -10.8152 -4.59475
      vertex -6.86807 -10.8326 -4.82327
    endloop
  endfacet
  facet normal -0.0522054 -0.998636 0
    outer loop
      vertex -7.26042 -10.8121 -4.54572
      vertex -6.79176 -10.8366 -4.8646
      vertex -6.79176 -10.8366 4.8646
    endloop
  endfacet
  facet normal 0.544629 -0.838677 0
    outer loop
      vertex -8.10733 -11.1891 -3.7081
      vertex -7.71373 -10.9335 4.12036
      vertex -8.10733 -11.1891 3.7081
    endloop
  endfacet
  facet normal 0.544629 -0.838677 0
    outer loop
      vertex -7.71373 -10.9335 4.12036
      vertex -8.10733 -11.1891 -3.7081
      vertex -7.71373 -10.9335 -4.12036
    endloop
  endfacet
  facet normal 0.451491 -0.230152 0.862082
    outer loop
      vertex 15.6684 -0.245508 3.41559
      vertex 19.1 -0.466985 1.55926
      vertex 19.2129 -0.245508 1.55926
    endloop
  endfacet
  facet normal 0.451487 -0.230175 0.862078
    outer loop
      vertex 15.6338 -0.463525 3.3755
      vertex 19.1 -0.466985 1.55926
      vertex 15.6684 -0.245508 3.41559
    endloop
  endfacet
  facet normal 0.452347 -0.222252 0.863705
    outer loop
      vertex 19.1 -0.466985 1.55926
      vertex 15.6338 -0.463525 3.3755
      vertex 15.6321 -0.466985 3.3755
    endloop
  endfacet
  facet normal 0.45152 -0.229943 0.862123
    outer loop
      vertex 2.5056 -0.245508 10.3093
      vertex 12.7807 -0.463525 4.86977
      vertex 12.7461 -0.245508 4.94604
    endloop
  endfacet
  facet normal 0.451475 -0.230296 0.862052
    outer loop
      vertex 2.42604 -0.466985 10.2918
      vertex 12.7807 -0.463525 4.86977
      vertex 2.5056 -0.245508 10.3093
    endloop
  endfacet
  facet normal 0.452725 -0.230685 0.861292
    outer loop
      vertex 2.42604 -0.466985 10.2918
      vertex 2.5056 -0.245508 10.3093
      vertex 2.44105 -0.372189 10.3093
    endloop
  endfacet
  facet normal 0.450813 -0.23626 0.860784
    outer loop
      vertex 12.7807 -0.463525 4.86977
      vertex 2.42604 -0.466985 10.2918
      vertex 12.7824 -0.466985 4.86793
    endloop
  endfacet
  facet normal -0.471999 0.24042 -0.848184
    outer loop
      vertex -9.98423 16.23 -1.55926
      vertex -8.10789 13.397 -3.40643
      vertex -8.21835 13.3075 -3.37033
    endloop
  endfacet
  facet normal -0.471732 0.240635 -0.848271
    outer loop
      vertex -9.98423 16.23 -1.55926
      vertex -8.21835 13.3075 -3.37033
      vertex -8.25997 13.2435 -3.36534
    endloop
  endfacet
  facet normal -0.47188 0.240522 -0.848221
    outer loop
      vertex -8.10789 13.397 -3.40643
      vertex -9.98423 16.23 -1.55926
      vertex -9.87138 16.4514 -1.55926
    endloop
  endfacet
  facet normal -0.472363 0.240801 -0.847873
    outer loop
      vertex -1.66733 1.82467 -10.2708
      vertex -1.51775 1.98253 -10.3093
      vertex -1.52635 1.96566 -10.3093
    endloop
  endfacet
  facet normal -0.472024 0.240408 -0.848173
    outer loop
      vertex -6.79176 10.8366 -4.8646
      vertex -1.51775 1.98253 -10.3093
      vertex -1.66733 1.82467 -10.2708
    endloop
  endfacet
  facet normal -0.472029 0.240404 -0.848171
    outer loop
      vertex -1.51775 1.98253 -10.3093
      vertex -6.79176 10.8366 -4.8646
      vertex -6.65907 10.8876 -4.92399
    endloop
  endfacet
  facet normal -0.471986 0.240437 -0.848186
    outer loop
      vertex -6.79176 10.8366 -4.8646
      vertex -1.66733 1.82467 -10.2708
      vertex -6.86807 10.8326 -4.82327
    endloop
  endfacet
  facet normal 0.585364 -0.0925107 0.805476
    outer loop
      vertex 19.2517 0 1.55926
      vertex 19.2129 -0.245508 1.55926
      vertex 19.6341 -0.382388 1.23744
    endloop
  endfacet
  facet normal 0.451491 0.230152 -0.862082
    outer loop
      vertex 15.6684 0.245508 -3.41559
      vertex 19.1 0.466985 -1.55926
      vertex 19.2129 0.245508 -1.55926
    endloop
  endfacet
  facet normal 0.451487 0.230175 -0.862078
    outer loop
      vertex 15.6338 0.463525 -3.3755
      vertex 19.1 0.466985 -1.55926
      vertex 15.6684 0.245508 -3.41559
    endloop
  endfacet
  facet normal 0.452347 0.222252 -0.863705
    outer loop
      vertex 19.1 0.466985 -1.55926
      vertex 15.6338 0.463525 -3.3755
      vertex 15.6321 0.466985 -3.3755
    endloop
  endfacet
  facet normal 0.45152 0.229943 -0.862123
    outer loop
      vertex 2.5056 0.245508 -10.3093
      vertex 12.7807 0.463525 -4.86977
      vertex 12.7461 0.245508 -4.94604
    endloop
  endfacet
  facet normal 0.451475 0.230296 -0.862052
    outer loop
      vertex 2.42604 0.466985 -10.2918
      vertex 12.7807 0.463525 -4.86977
      vertex 2.5056 0.245508 -10.3093
    endloop
  endfacet
  facet normal 0.452725 0.230685 -0.861292
    outer loop
      vertex 2.42604 0.466985 -10.2918
      vertex 2.5056 0.245508 -10.3093
      vertex 2.44105 0.372189 -10.3093
    endloop
  endfacet
  facet normal 0.450813 0.23626 -0.860784
    outer loop
      vertex 12.7807 0.463525 -4.86977
      vertex 2.42604 0.466985 -10.2918
      vertex 12.7824 0.466985 -4.86793
    endloop
  endfacet
  facet normal -1 0 0
    outer loop
      vertex -10.9571 -15.9845 -0.27376
      vertex -10.9571 15.9845 0.27376
      vertex -10.9571 15.9845 -0.27376
    endloop
  endfacet
  facet normal -1 -0 0
    outer loop
      vertex -10.9571 15.9845 0.27376
      vertex -10.9571 -15.9845 -0.27376
      vertex -10.9571 -15.9845 0.27376
    endloop
  endfacet
  facet normal 0.528045 -0.268953 -0.805502
    outer loop
      vertex 19.4584 -0.727346 -1.23744
      vertex 19.2129 -0.245508 -1.55926
      vertex 19.6341 -0.382388 -1.23744
    endloop
  endfacet
  facet normal 0.141622 -0.57086 0.808741
    outer loop
      vertex -6.94684 -13.7956 3.28055
      vertex -8.84624 -17.1613 1.23744
      vertex -6.89504 -13.7818 3.28122
    endloop
  endfacet
  facet normal 0.142625 -0.571173 0.808344
    outer loop
      vertex -8.98312 -16.7401 1.55926
      vertex -6.94684 -13.7956 3.28055
      vertex -7.27328 -13.7785 3.35023
    endloop
  endfacet
  facet normal 0.142713 -0.571209 0.808302
    outer loop
      vertex -6.94684 -13.7956 3.28055
      vertex -8.98312 -16.7401 1.55926
      vertex -8.84624 -17.1613 1.23744
    endloop
  endfacet
  facet normal 0.142966 -0.570992 0.808411
    outer loop
      vertex -0.697812 -2.38948 10.2377
      vertex -0.492612 -2.69242 9.98744
      vertex -0.58525 -2.40731 10.2052
    endloop
  endfacet
  facet normal 0.142611 -0.571177 0.808343
    outer loop
      vertex -5.91135 -11.4196 4.77679
      vertex -0.492612 -2.69242 9.98744
      vertex -0.697812 -2.38948 10.2377
    endloop
  endfacet
  facet normal 0.142594 -0.571174 0.808349
    outer loop
      vertex -0.492612 -2.69242 9.98744
      vertex -5.73331 -11.6937 4.55166
      vertex -5.71943 -11.7455 4.51261
    endloop
  endfacet
  facet normal 0.142697 -0.571208 0.808306
    outer loop
      vertex -0.492612 -2.69242 9.98744
      vertex -5.91135 -11.4196 4.77679
      vertex -5.73331 -11.6937 4.55166
    endloop
  endfacet
  facet normal 0.462696 0.0734441 0.88347
    outer loop
      vertex 12.7461 0.245508 4.94604
      vertex 2.54448 0 10.3093
      vertex 12.7073 0 4.98677
    endloop
  endfacet
  facet normal 0.462705 0.0732765 0.883479
    outer loop
      vertex 2.54448 0 10.3093
      vertex 12.7461 0.245508 4.94604
      vertex 2.5056 0.245508 10.3093
    endloop
  endfacet
  facet normal 0.462714 0.0731271 0.883487
    outer loop
      vertex 19.2129 0.245508 1.55926
      vertex 15.7073 0 3.41559
      vertex 19.2517 0 1.55926
    endloop
  endfacet
  facet normal 0.462697 0.073313 0.88348
    outer loop
      vertex 15.7073 0 3.41559
      vertex 19.2129 0.245508 1.55926
      vertex 15.6684 0.245508 3.41559
    endloop
  endfacet
  facet normal -0.723856 -0.368852 0.583079
    outer loop
      vertex -10.4055 -16.3668 1.23744
      vertex -10.4901 -16.901 0.794483
      vertex -10.2297 -16.7118 1.23744
    endloop
  endfacet
  facet normal -0.127068 0.802441 -0.583046
    outer loop
      vertex -9.61102 17.1613 -1.23744
      vertex -9.71047 17.4674 -0.794483
      vertex -9.22863 17.5437 -0.794483
    endloop
  endfacet
  facet normal 0.707098 -0.707116 0
    outer loop
      vertex 19.4732 -1.39835 0.27376
      vertex 19.8556 -1.01596 -0.27376
      vertex 19.8556 -1.01596 0.27376
    endloop
  endfacet
  facet normal 0.707098 -0.707116 0
    outer loop
      vertex 19.8556 -1.01596 -0.27376
      vertex 19.4732 -1.39835 0.27376
      vertex 19.4732 -1.39835 -0.27376
    endloop
  endfacet
  facet normal 0.361615 0.626497 -0.69046
    outer loop
      vertex 15.0889 1.21352 -3.18975
      vertex 19.1846 1.00111 -1.23744
      vertex 15.3014 1.00111 -3.27119
    endloop
  endfacet
  facet normal 0.361668 0.626324 -0.69059
    outer loop
      vertex 14.6708 1.42658 -3.21548
      vertex 19.1846 1.00111 -1.23744
      vertex 15.0889 1.21352 -3.18975
    endloop
  endfacet
  facet normal 0.361665 0.626414 -0.69051
    outer loop
      vertex -8.50128 16.9856 -1.23744
      vertex 14.6708 1.42658 -3.21548
      vertex 14.2073 1.5 -3.39164
    endloop
  endfacet
  facet normal 0.361634 0.626436 -0.690506
    outer loop
      vertex 2.47735 1.00111 -9.98744
      vertex 13.3256 1.21352 -4.11326
      vertex 13.1132 1.00111 -4.4172
    endloop
  endfacet
  facet normal 0.361634 0.626437 -0.690505
    outer loop
      vertex 2.47735 1.00111 -9.98744
      vertex 13.7437 1.42658 -3.701
      vertex 13.3256 1.21352 -4.11326
    endloop
  endfacet
  facet normal 0.361651 0.626395 -0.690534
    outer loop
      vertex -8.50128 16.9856 -1.23744
      vertex 13.7437 1.42658 -3.701
      vertex 2.47735 1.00111 -9.98744
    endloop
  endfacet
  facet normal 0.36165 0.626395 -0.690535
    outer loop
      vertex 14.6708 1.42658 -3.21548
      vertex -8.50128 16.9856 -1.23744
      vertex 19.1846 1.00111 -1.23744
    endloop
  endfacet
  facet normal 0.361625 0.626364 -0.690577
    outer loop
      vertex 13.7437 1.42658 -3.701
      vertex -8.50128 16.9856 -1.23744
      vertex 14.2073 1.5 -3.39164
    endloop
  endfacet
  facet normal 0.723876 0.368871 -0.583042
    outer loop
      vertex 19.9402 0.481838 -0.794483
      vertex 19.6341 0.382388 -1.23744
      vertex 19.7187 0.916511 -0.794483
    endloop
  endfacet
  facet normal 0.269022 0.52797 -0.805527
    outer loop
      vertex -0.261674 2.45855 -10.0636
      vertex -0.492612 2.69242 -9.98744
      vertex -0.147654 2.51665 -9.98744
    endloop
  endfacet
  facet normal 0.268939 0.52791 -0.805595
    outer loop
      vertex -0.492612 2.69242 -9.98744
      vertex -0.261674 2.45855 -10.0636
      vertex -0.58525 2.40731 -10.2052
    endloop
  endfacet
  facet normal 0.527871 0.269087 -0.805571
    outer loop
      vertex 19.2129 0.245508 -1.55926
      vertex 19.1 0.466985 -1.55926
      vertex 19.4584 0.727346 -1.23744
    endloop
  endfacet
  facet normal 0.585206 -0.0927422 0.805563
    outer loop
      vertex 19.6947 0 1.23744
      vertex 19.2517 0 1.55926
      vertex 19.6341 -0.382388 1.23744
    endloop
  endfacet
  facet normal 0.940443 -0.148957 0.305581
    outer loop
      vertex 20.1857 0 0.27376
      vertex 20.0165 0 0.794483
      vertex 20.1011 -0.534122 0.27376
    endloop
  endfacet
  facet normal 0.268497 0.528648 0.805258
    outer loop
      vertex -0.147654 2.51665 9.98744
      vertex -0.261674 2.45855 10.0636
      vertex -0.180525 2.47141 10.0281
    endloop
  endfacet
  facet normal 0.432258 -0.848388 -0.305599
    outer loop
      vertex -8.21267 -17.3828 -0.27376
      vertex -8.69451 -17.6283 -0.27376
      vertex -8.31212 -17.2459 -0.794483
    endloop
  endfacet
  facet normal 0.156441 0.987687 -0
    outer loop
      vertex -8.69451 17.6283 -0.27376
      vertex -9.22863 17.7129 0.27376
      vertex -8.69451 17.6283 0.27376
    endloop
  endfacet
  facet normal 0.156441 0.987687 0
    outer loop
      vertex -9.22863 17.7129 0.27376
      vertex -8.69451 17.6283 -0.27376
      vertex -9.22863 17.7129 -0.27376
    endloop
  endfacet
  facet normal 0.585364 -0.0925107 -0.805476
    outer loop
      vertex 19.6341 -0.382388 -1.23744
      vertex 19.2129 -0.245508 -1.55926
      vertex 19.2517 0 -1.55926
    endloop
  endfacet
  facet normal 0.422054 -0.415276 0.805863
    outer loop
      vertex 15.4994 -0.727346 3.31083
      vertex 19.1 -0.466985 1.55926
      vertex 15.6321 -0.466985 3.3755
    endloop
  endfacet
  facet normal 0.422071 -0.415154 0.805917
    outer loop
      vertex 19.1 -0.466985 1.55926
      vertex 15.4994 -0.727346 3.31083
      vertex 19.4584 -0.727346 1.23744
    endloop
  endfacet
  facet normal 0.422077 -0.415156 0.805913
    outer loop
      vertex 12.7824 -0.466985 4.86793
      vertex 2.75111 -0.727346 9.98744
      vertex 12.9151 -0.727346 4.66431
    endloop
  endfacet
  facet normal 0.422081 -0.415135 0.805923
    outer loop
      vertex 2.42604 -0.466985 10.2918
      vertex 2.75111 -0.727346 9.98744
      vertex 12.7824 -0.466985 4.86793
    endloop
  endfacet
  facet normal 0.424002 -0.412899 0.806062
    outer loop
      vertex 2.75111 -0.727346 9.98744
      vertex 2.42604 -0.466985 10.2918
      vertex 2.4226 -0.488673 10.2825
    endloop
  endfacet
  facet normal 0.574569 -0.574471 0.582969
    outer loop
      vertex 19.4584 -0.727346 1.23744
      vertex 19.3738 -1.26147 0.794483
      vertex 19.7187 -0.916511 0.794483
    endloop
  endfacet
  facet normal 0.574442 -0.574517 0.583049
    outer loop
      vertex 19.3738 -1.26147 0.794483
      vertex 19.4584 -0.727346 1.23744
      vertex 19.1846 -1.00111 1.23744
    endloop
  endfacet
  facet normal 0.848387 -0.43226 -0.305598
    outer loop
      vertex 19.8556 -1.01596 -0.27376
      vertex 19.7187 -0.916511 -0.794483
      vertex 20.1011 -0.534122 -0.27376
    endloop
  endfacet
  facet normal 0.361658 -0.626408 -0.690519
    outer loop
      vertex 2.47735 -1.00111 -9.98744
      vertex 2.02254 -1.46946 -9.80078
      vertex 2.17109 -1.17793 -9.98744
    endloop
  endfacet
  facet normal 0.361664 -0.626391 -0.690531
    outer loop
      vertex 0 -2.5 -9.92521
      vertex -0.147654 -2.51665 -9.98744
      vertex -0.0932355 -2.48523 -9.98744
    endloop
  endfacet
  facet normal 0.361647 -0.626394 -0.690537
    outer loop
      vertex 0.772542 -2.37764 -9.63161
      vertex -5.64225 -12.0336 -4.23212
      vertex 0 -2.5 -9.92521
    endloop
  endfacet
  facet normal 0.361562 -0.626373 -0.690601
    outer loop
      vertex -5.64225 -12.0336 -4.23212
      vertex 0.772542 -2.37764 -9.63161
      vertex -5.61185 -12.1471 -4.11326
    endloop
  endfacet
  facet normal 0.361655 -0.626397 -0.69053
    outer loop
      vertex -5.63641 -12.6157 -3.701
      vertex 0.772542 -2.37764 -9.63161
      vertex 1.46946 -2.02254 -9.58873
    endloop
  endfacet
  facet normal 0.361646 -0.626397 -0.690535
    outer loop
      vertex -5.80459 -13.0538 -3.39164
      vertex 1.46946 -2.02254 -9.58873
      vertex 2.02254 -1.46946 -9.80078
    endloop
  endfacet
  facet normal 0.361632 -0.626393 -0.690547
    outer loop
      vertex -5.80459 -13.0538 -3.39164
      vertex 2.02254 -1.46946 -9.80078
      vertex 2.47735 -1.00111 -9.98744
    endloop
  endfacet
  facet normal 0.361737 -0.626415 -0.690471
    outer loop
      vertex 0.772542 -2.37764 -9.63161
      vertex -5.63641 -12.6157 -3.701
      vertex -5.61185 -12.1471 -4.11326
    endloop
  endfacet
  facet normal 0.361774 -0.626427 -0.690441
    outer loop
      vertex 1.46946 -2.02254 -9.58873
      vertex -5.80459 -13.0538 -3.39164
      vertex -5.63641 -12.6157 -3.701
    endloop
  endfacet
  facet normal 0.361618 -0.626389 -0.690557
    outer loop
      vertex -6.49352 -13.6742 -3.18975
      vertex -8.50128 -16.9856 -1.23744
      vertex -6.607 -13.7046 -3.2216
    endloop
  endfacet
  facet normal 0.361642 -0.626393 -0.690541
    outer loop
      vertex -6.09993 -13.4186 -3.21548
      vertex -8.50128 -16.9856 -1.23744
      vertex -6.49352 -13.6742 -3.18975
    endloop
  endfacet
  facet normal 0.362439 -0.626596 -0.689938
    outer loop
      vertex -5.80459 -13.0538 -3.39164
      vertex -8.50128 -16.9856 -1.23744
      vertex -6.09993 -13.4186 -3.21548
    endloop
  endfacet
  facet normal 0.351918 -0.623751 -0.697917
    outer loop
      vertex -8.50128 -16.9856 -1.23744
      vertex -5.80459 -13.0538 -3.39164
      vertex 2.47735 -1.00111 -9.98744
    endloop
  endfacet
  facet normal 0.361663 -0.626397 -0.690526
    outer loop
      vertex 0 -2.5 -9.92521
      vertex -5.64225 -12.0336 -4.23212
      vertex -0.147654 -2.51665 -9.98744
    endloop
  endfacet
  facet normal -0.723866 -0.368844 -0.583071
    outer loop
      vertex -10.4901 -16.901 -0.794483
      vertex -10.7116 -16.4663 -0.794483
      vertex -10.4055 -16.3668 -1.23744
    endloop
  endfacet
  facet normal 0.368873 0.723875 0.583042
    outer loop
      vertex -8.74679 17.4674 0.794483
      vertex -8.84624 17.1613 1.23744
      vertex -8.31212 17.2459 0.794483
    endloop
  endfacet
  facet normal 0.295106 0.511115 -0.807263
    outer loop
      vertex -0.0932355 2.48523 -9.98744
      vertex -0.180525 2.47141 -10.0281
      vertex -0.147654 2.51665 -9.98744
    endloop
  endfacet
  facet normal 0.294956 0.510876 -0.807469
    outer loop
      vertex 2.35029 0.826226 -10.1445
      vertex 2.17109 1.17793 -9.98744
      vertex 2.47735 1.00111 -9.98744
    endloop
  endfacet
  facet normal 0.802441 0.127068 -0.583046
    outer loop
      vertex 20.0165 0 -0.794483
      vertex 19.6341 0.382388 -1.23744
      vertex 19.9402 0.481838 -0.794483
    endloop
  endfacet
  facet normal 0.368873 0.723875 -0.583042
    outer loop
      vertex -8.31212 17.2459 -0.794483
      vertex -8.84624 17.1613 -1.23744
      vertex -8.74679 17.4674 -0.794483
    endloop
  endfacet
  facet normal 0.940458 0.148923 -0.305548
    outer loop
      vertex 20.0165 0 -0.794483
      vertex 19.9402 0.481838 -0.794483
      vertex 20.1011 0.534122 -0.27376
    endloop
  endfacet
  facet normal 0.294956 0.510876 0.807469
    outer loop
      vertex 2.47735 1.00111 9.98744
      vertex 2.17109 1.17793 9.98744
      vertex 2.35029 0.826226 10.1445
    endloop
  endfacet
  facet normal 0.295106 0.511115 0.807263
    outer loop
      vertex -0.147654 2.51665 9.98744
      vertex -0.180525 2.47141 10.0281
      vertex -0.0932355 2.48523 9.98744
    endloop
  endfacet
  facet normal 0.940443 0.148957 0.305581
    outer loop
      vertex 20.1011 0.534122 0.27376
      vertex 20.0165 0 0.794483
      vertex 20.1857 0 0.27376
    endloop
  endfacet
  facet normal 0.148923 0.940459 -0.305547
    outer loop
      vertex -8.74679 17.4674 -0.794483
      vertex -9.22863 17.5437 -0.794483
      vertex -8.69451 17.6283 -0.27376
    endloop
  endfacet
  facet normal 0.307523 0.0489415 0.950281
    outer loop
      vertex 2.5056 0.245508 10.3093
      vertex 2.46329 0.231762 10.3237
      vertex 2.46444 0.224536 10.3237
    endloop
  endfacet
  facet normal -0.585355 -0.0925937 -0.805473
    outer loop
      vertex -2.05187 -1.89793 -9.98744
      vertex -1.97646 -1.51554 -10.0862
      vertex -1.82297 -1.66903 -10.1801
    endloop
  endfacet
  facet normal -0.585119 -0.0926819 -0.805634
    outer loop
      vertex -1.97646 -1.51554 -10.0862
      vertex -2.05187 -1.89793 -9.98744
      vertex -2.11244 -1.51554 -9.98744
    endloop
  endfacet
  facet normal -0.574631 -0.574463 -0.582916
    outer loop
      vertex -10.1451 -17.2459 -0.794483
      vertex -10.2297 -16.7118 -1.23744
      vertex -9.95598 -16.9856 -1.23744
    endloop
  endfacet
  facet normal -0.574385 -0.574552 -0.583071
    outer loop
      vertex -10.2297 -16.7118 -1.23744
      vertex -10.1451 -17.2459 -0.794483
      vertex -10.4901 -16.901 -0.794483
    endloop
  endfacet
  facet normal 0.802471 0.127174 0.582981
    outer loop
      vertex 20.0165 0 0.794483
      vertex 19.6341 0.382388 1.23744
      vertex 19.6947 0 1.23744
    endloop
  endfacet
  facet normal 0.723876 -0.368871 -0.583042
    outer loop
      vertex 19.7187 -0.916511 -0.794483
      vertex 19.6341 -0.382388 -1.23744
      vertex 19.9402 -0.481838 -0.794483
    endloop
  endfacet
  facet normal 0.848377 -0.432315 -0.30555
    outer loop
      vertex 20.1011 -0.534122 -0.27376
      vertex 19.7187 -0.916511 -0.794483
      vertex 19.9402 -0.481838 -0.794483
    endloop
  endfacet
  facet normal 0.724011 -0.368766 0.582941
    outer loop
      vertex 19.6341 -0.382388 1.23744
      vertex 19.4584 -0.727346 1.23744
      vertex 19.7187 -0.916511 0.794483
    endloop
  endfacet
  facet normal 0.361615 0.626497 0.69046
    outer loop
      vertex 19.1846 1.00111 1.23744
      vertex 15.0889 1.21352 3.18975
      vertex 15.3014 1.00111 3.27119
    endloop
  endfacet
  facet normal 0.361668 0.626324 0.69059
    outer loop
      vertex 19.1846 1.00111 1.23744
      vertex 14.6708 1.42658 3.21548
      vertex 15.0889 1.21352 3.18975
    endloop
  endfacet
  facet normal 0.36165 0.626395 0.690535
    outer loop
      vertex -8.50128 16.9856 1.23744
      vertex 14.6708 1.42658 3.21548
      vertex 19.1846 1.00111 1.23744
    endloop
  endfacet
  facet normal 0.361634 0.626436 0.690506
    outer loop
      vertex 13.3256 1.21352 4.11326
      vertex 2.47735 1.00111 9.98744
      vertex 13.1132 1.00111 4.4172
    endloop
  endfacet
  facet normal 0.361634 0.626437 0.690505
    outer loop
      vertex 13.7437 1.42658 3.701
      vertex 2.47735 1.00111 9.98744
      vertex 13.3256 1.21352 4.11326
    endloop
  endfacet
  facet normal 0.361625 0.626364 0.690577
    outer loop
      vertex -8.50128 16.9856 1.23744
      vertex 13.7437 1.42658 3.701
      vertex 14.2073 1.5 3.39164
    endloop
  endfacet
  facet normal 0.361651 0.626395 0.690534
    outer loop
      vertex 13.7437 1.42658 3.701
      vertex -8.50128 16.9856 1.23744
      vertex 2.47735 1.00111 9.98744
    endloop
  endfacet
  facet normal 0.361665 0.626414 0.69051
    outer loop
      vertex 14.6708 1.42658 3.21548
      vertex -8.50128 16.9856 1.23744
      vertex 14.2073 1.5 3.39164
    endloop
  endfacet
  facet normal 0.848387 0.43226 0.305598
    outer loop
      vertex 19.8556 1.01596 0.27376
      vertex 19.7187 0.916511 0.794483
      vertex 20.1011 0.534122 0.27376
    endloop
  endfacet
  facet normal 0.368765 0.724014 -0.582938
    outer loop
      vertex -8.50128 16.9856 -1.23744
      vertex -8.84624 17.1613 -1.23744
      vertex -8.31212 17.2459 -0.794483
    endloop
  endfacet
  facet normal 0.127068 -0.802441 -0.583046
    outer loop
      vertex -8.74679 -17.4674 -0.794483
      vertex -9.22863 -17.5437 -0.794483
      vertex -8.84624 -17.1613 -1.23744
    endloop
  endfacet
  facet normal 0.09251 -0.585364 -0.805475
    outer loop
      vertex -8.84624 -17.1613 -1.23744
      vertex -9.22863 -16.7789 -1.55926
      vertex -8.98312 -16.7401 -1.55926
    endloop
  endfacet
  facet normal -0.0927417 0.585206 -0.805563
    outer loop
      vertex -9.22863 16.7789 -1.55926
      vertex -9.61102 17.1613 -1.23744
      vertex -9.22863 17.2219 -1.23744
    endloop
  endfacet
  facet normal 0.361615 -0.626497 -0.69046
    outer loop
      vertex 19.1846 -1.00111 -1.23744
      vertex 15.0889 -1.21352 -3.18975
      vertex 15.3014 -1.00111 -3.27119
    endloop
  endfacet
  facet normal 0.361668 -0.626324 -0.69059
    outer loop
      vertex 19.1846 -1.00111 -1.23744
      vertex 14.6708 -1.42658 -3.21548
      vertex 15.0889 -1.21352 -3.18975
    endloop
  endfacet
  facet normal 0.36165 -0.626395 -0.690535
    outer loop
      vertex -8.50128 -16.9856 -1.23744
      vertex 14.6708 -1.42658 -3.21548
      vertex 19.1846 -1.00111 -1.23744
    endloop
  endfacet
  facet normal 0.361634 -0.626436 -0.690506
    outer loop
      vertex 13.3256 -1.21352 -4.11326
      vertex 2.47735 -1.00111 -9.98744
      vertex 13.1132 -1.00111 -4.4172
    endloop
  endfacet
  facet normal 0.361634 -0.626437 -0.690505
    outer loop
      vertex 13.7437 -1.42658 -3.701
      vertex 2.47735 -1.00111 -9.98744
      vertex 13.3256 -1.21352 -4.11326
    endloop
  endfacet
  facet normal 0.361625 -0.626364 -0.690577
    outer loop
      vertex -8.50128 -16.9856 -1.23744
      vertex 13.7437 -1.42658 -3.701
      vertex 14.2073 -1.5 -3.39164
    endloop
  endfacet
  facet normal 0.361651 -0.626395 -0.690534
    outer loop
      vertex 13.7437 -1.42658 -3.701
      vertex -8.50128 -16.9856 -1.23744
      vertex 2.47735 -1.00111 -9.98744
    endloop
  endfacet
  facet normal 0.361665 -0.626414 -0.69051
    outer loop
      vertex 14.6708 -1.42658 -3.21548
      vertex -8.50128 -16.9856 -1.23744
      vertex 14.2073 -1.5 -3.39164
    endloop
  endfacet
  facet normal 0.127068 0.802441 0.583046
    outer loop
      vertex -8.74679 17.4674 0.794483
      vertex -9.22863 17.5437 0.794483
      vertex -8.84624 17.1613 1.23744
    endloop
  endfacet
  facet normal 0.432317 0.848377 0.305547
    outer loop
      vertex -8.69451 17.6283 0.27376
      vertex -8.74679 17.4674 0.794483
      vertex -8.31212 17.2459 0.794483
    endloop
  endfacet
  facet normal 0.141622 0.57086 0.808741
    outer loop
      vertex -8.84624 17.1613 1.23744
      vertex -6.94684 13.7956 3.28055
      vertex -6.89504 13.7818 3.28122
    endloop
  endfacet
  facet normal 0.142713 0.571209 0.808302
    outer loop
      vertex -8.98312 16.7401 1.55926
      vertex -6.94684 13.7956 3.28055
      vertex -8.84624 17.1613 1.23744
    endloop
  endfacet
  facet normal 0.142625 0.571173 0.808344
    outer loop
      vertex -6.94684 13.7956 3.28055
      vertex -8.98312 16.7401 1.55926
      vertex -7.27328 13.7785 3.35023
    endloop
  endfacet
  facet normal 0.142966 0.570992 0.808411
    outer loop
      vertex -0.492612 2.69242 9.98744
      vertex -0.697812 2.38948 10.2377
      vertex -0.58525 2.40731 10.2052
    endloop
  endfacet
  facet normal 0.142594 0.571174 0.808349
    outer loop
      vertex -5.73331 11.6937 4.55166
      vertex -0.492612 2.69242 9.98744
      vertex -5.71943 11.7455 4.51261
    endloop
  endfacet
  facet normal 0.142697 0.571208 0.808306
    outer loop
      vertex -5.91135 11.4196 4.77679
      vertex -0.492612 2.69242 9.98744
      vertex -5.73331 11.6937 4.55166
    endloop
  endfacet
  facet normal 0.142611 0.571177 0.808343
    outer loop
      vertex -0.492612 2.69242 9.98744
      vertex -5.91135 11.4196 4.77679
      vertex -0.697812 2.38948 10.2377
    endloop
  endfacet
  facet normal -0.275291 0.140338 0.951063
    outer loop
      vertex -1.51775 1.98253 10.3093
      vertex -1.52635 1.96566 10.3093
      vertex -1.51296 1.97905 10.3112
    endloop
  endfacet
  facet normal -0.585355 0.0925937 0.805473
    outer loop
      vertex -2.05187 1.89793 9.98744
      vertex -1.97646 1.51554 10.0862
      vertex -1.82297 1.66903 10.1801
    endloop
  endfacet
  facet normal -0.585119 0.0926819 0.805634
    outer loop
      vertex -1.97646 1.51554 10.0862
      vertex -2.05187 1.89793 9.98744
      vertex -2.11244 1.51554 9.98744
    endloop
  endfacet
  facet normal 0.368765 0.724014 0.582938
    outer loop
      vertex -8.31212 17.2459 0.794483
      vertex -8.84624 17.1613 1.23744
      vertex -8.50128 16.9856 1.23744
    endloop
  endfacet
  facet normal -0.432246 0.848381 0.305636
    outer loop
      vertex -9.76275 17.6283 0.27376
      vertex -10.2446 17.3828 0.27376
      vertex -10.1451 17.2459 0.794483
    endloop
  endfacet
  facet normal -0.368901 -0.723862 0.58304
    outer loop
      vertex -9.61102 -17.1613 1.23744
      vertex -10.1451 -17.2459 0.794483
      vertex -9.71047 -17.4674 0.794483
    endloop
  endfacet
  facet normal 0.432317 -0.848377 0.305547
    outer loop
      vertex -8.31212 -17.2459 0.794483
      vertex -8.74679 -17.4674 0.794483
      vertex -8.69451 -17.6283 0.27376
    endloop
  endfacet
  facet normal 0.148923 -0.940459 0.305547
    outer loop
      vertex -8.74679 -17.4674 0.794483
      vertex -9.22863 -17.5437 0.794483
      vertex -8.69451 -17.6283 0.27376
    endloop
  endfacet
  facet normal 0.09251 -0.585364 0.805475
    outer loop
      vertex -8.98312 -16.7401 1.55926
      vertex -9.22863 -16.7789 1.55926
      vertex -8.84624 -17.1613 1.23744
    endloop
  endfacet
  facet normal -0.09251 -0.585364 0.805475
    outer loop
      vertex -9.47414 -16.7401 1.55926
      vertex -9.61102 -17.1613 1.23744
      vertex -9.22863 -16.7789 1.55926
    endloop
  endfacet
  facet normal -0.723286 6.74959e-06 -0.690549
    outer loop
      vertex -8.59541 12.4606 -3.19685
      vertex -10.4661 15.9845 -1.23744
      vertex -8.54348 12.6544 -3.25124
    endloop
  endfacet
  facet normal -0.723284 8.51683e-06 -0.69055
    outer loop
      vertex -8.57085 11.992 -3.22258
      vertex -10.4661 15.9845 -1.23744
      vertex -8.59541 12.4606 -3.19685
    endloop
  endfacet
  facet normal -0.723265 2.7767e-05 -0.69057
    outer loop
      vertex -8.40267 11.5538 -3.39874
      vertex -10.4661 15.9845 -1.23744
      vertex -8.57085 11.992 -3.22258
    endloop
  endfacet
  facet normal -0.723303 -3.46571e-06 -0.690531
    outer loop
      vertex -2.37764 0.772542 -9.70965
      vertex -7.51993 10.8816 -4.32336
      vertex -2.11244 1.51554 -9.98744
    endloop
  endfacet
  facet normal -0.723308 -8.92327e-06 -0.690525
    outer loop
      vertex -7.51993 10.8816 -4.32336
      vertex -2.37764 0.772542 -9.70965
      vertex -7.71373 10.9335 -4.12036
    endloop
  endfacet
  facet normal -0.723303 -2.71944e-06 -0.690531
    outer loop
      vertex -2.5 0 -9.58148
      vertex -7.71373 10.9335 -4.12036
      vertex -2.37764 0.772542 -9.70965
    endloop
  endfacet
  facet normal -0.723308 0 -0.690526
    outer loop
      vertex -2.37764 0.772542 -9.70965
      vertex -2.11244 1.51554 -9.98744
      vertex -2.11244 1.29303 -9.98744
    endloop
  endfacet
  facet normal -0.72328 1.96423e-05 -0.690555
    outer loop
      vertex -7.71373 10.9335 -4.12036
      vertex -2.5 0 -9.58148
      vertex -8.10733 11.1891 -3.7081
    endloop
  endfacet
  facet normal -0.723299 0 -0.690535
    outer loop
      vertex -8.10733 -11.1891 -3.7081
      vertex -8.10733 11.1891 -3.7081
      vertex -2.5 0 -9.58148
    endloop
  endfacet
  facet normal -0.723303 2.71944e-06 -0.690531
    outer loop
      vertex -7.71373 -10.9335 -4.12036
      vertex -2.5 0 -9.58148
      vertex -2.37764 -0.772542 -9.70965
    endloop
  endfacet
  facet normal -0.723308 0 -0.690526
    outer loop
      vertex -2.11244 -1.51554 -9.98744
      vertex -2.37764 -0.772542 -9.70965
      vertex -2.11244 -1.29303 -9.98744
    endloop
  endfacet
  facet normal -0.723303 3.46571e-06 -0.690531
    outer loop
      vertex -7.51993 -10.8816 -4.32336
      vertex -2.37764 -0.772542 -9.70965
      vertex -2.11244 -1.51554 -9.98744
    endloop
  endfacet
  facet normal -0.723308 8.92327e-06 -0.690525
    outer loop
      vertex -2.37764 -0.772542 -9.70965
      vertex -7.51993 -10.8816 -4.32336
      vertex -7.71373 -10.9335 -4.12036
    endloop
  endfacet
  facet normal -0.72328 -1.96423e-05 -0.690555
    outer loop
      vertex -2.5 0 -9.58148
      vertex -7.71373 -10.9335 -4.12036
      vertex -8.10733 -11.1891 -3.7081
    endloop
  endfacet
  facet normal -0.723307 -0 -0.690527
    outer loop
      vertex -8.10733 11.1891 -3.7081
      vertex -8.10733 -11.1891 -3.7081
      vertex -8.40267 11.5538 -3.39874
    endloop
  endfacet
  facet normal -0.723307 0 -0.690527
    outer loop
      vertex -8.40267 -11.5538 -3.39874
      vertex -8.40267 11.5538 -3.39874
      vertex -8.10733 -11.1891 -3.7081
    endloop
  endfacet
  facet normal -0.723294 -0 -0.690541
    outer loop
      vertex -8.40267 11.5538 -3.39874
      vertex -8.40267 -11.5538 -3.39874
      vertex -10.4661 15.9845 -1.23744
    endloop
  endfacet
  facet normal -0.723299 -7.97718e-07 -0.690535
    outer loop
      vertex -8.57085 -11.992 -3.22258
      vertex -10.4661 15.9845 -1.23744
      vertex -8.40267 -11.5538 -3.39874
    endloop
  endfacet
  facet normal -0.723284 -8.51683e-06 -0.69055
    outer loop
      vertex -10.4661 -15.9845 -1.23744
      vertex -8.57085 -11.992 -3.22258
      vertex -8.59541 -12.4606 -3.19685
    endloop
  endfacet
  facet normal -0.723293 0 -0.690541
    outer loop
      vertex -8.57085 -11.992 -3.22258
      vertex -10.4661 -15.9845 -1.23744
      vertex -10.4661 15.9845 -1.23744
    endloop
  endfacet
  facet normal -0.723286 -6.74959e-06 -0.690549
    outer loop
      vertex -10.4661 -15.9845 -1.23744
      vertex -8.59541 -12.4606 -3.19685
      vertex -8.54348 -12.6544 -3.25124
    endloop
  endfacet
  facet normal -0.940442 -0.148963 0.30558
    outer loop
      vertex -10.7879 -15.9845 0.794483
      vertex -10.9571 -15.9845 0.27376
      vertex -10.8725 -16.5186 0.27376
    endloop
  endfacet
  facet normal 0.148958 -0.940442 -0.305581
    outer loop
      vertex -8.69451 -17.6283 -0.27376
      vertex -9.22863 -17.7129 -0.27376
      vertex -9.22863 -17.5437 -0.794483
    endloop
  endfacet
  facet normal 0.314718 -0.617592 -0.720786
    outer loop
      vertex -8.50128 -16.9856 -1.23744
      vertex -6.89504 -13.7818 -3.28122
      vertex -6.607 -13.7046 -3.2216
    endloop
  endfacet
  facet normal 0.314548 -0.617568 -0.720881
    outer loop
      vertex -6.89504 -13.7818 -3.28122
      vertex -8.50128 -16.9856 -1.23744
      vertex -8.84624 -17.1613 -1.23744
    endloop
  endfacet
  facet normal 0.314685 -0.617586 -0.720806
    outer loop
      vertex -5.64225 -12.0336 -4.23212
      vertex -0.492612 -2.69242 -9.98744
      vertex -0.147654 -2.51665 -9.98744
    endloop
  endfacet
  facet normal 0.314567 -0.617564 -0.720876
    outer loop
      vertex -0.492612 -2.69242 -9.98744
      vertex -5.64225 -12.0336 -4.23212
      vertex -5.71943 -11.7455 -4.51261
    endloop
  endfacet
  facet normal 0.848377 -0.432315 0.30555
    outer loop
      vertex 19.9402 -0.481838 0.794483
      vertex 19.7187 -0.916511 0.794483
      vertex 20.1011 -0.534122 0.27376
    endloop
  endfacet
  facet normal 0.527871 -0.269087 0.805571
    outer loop
      vertex 19.2129 -0.245508 1.55926
      vertex 19.1 -0.466985 1.55926
      vertex 19.4584 -0.727346 1.23744
    endloop
  endfacet
  facet normal 0.420843 0.420935 0.803558
    outer loop
      vertex 12.9937 0.881678 4.5423
      vertex 2.75111 0.727346 9.98744
      vertex 12.9151 0.727346 4.66431
    endloop
  endfacet
  facet normal 0.420899 0.420669 0.803667
    outer loop
      vertex 2.47735 1.00111 9.98744
      vertex 12.9937 0.881678 4.5423
      vertex 13.1132 1.00111 4.4172
    endloop
  endfacet
  facet normal 0.420861 0.420855 0.80359
    outer loop
      vertex 12.9937 0.881678 4.5423
      vertex 2.47735 1.00111 9.98744
      vertex 2.75111 0.727346 9.98744
    endloop
  endfacet
  facet normal 0.420845 0.4209 0.803575
    outer loop
      vertex 19.1846 1.00111 1.23744
      vertex 15.4994 0.727346 3.31083
      vertex 19.4584 0.727346 1.23744
    endloop
  endfacet
  facet normal 0.420884 0.420763 0.803626
    outer loop
      vertex 19.1846 1.00111 1.23744
      vertex 15.4208 0.881678 3.27119
      vertex 15.4994 0.727346 3.31083
    endloop
  endfacet
  facet normal 0.420882 0.420769 0.803624
    outer loop
      vertex 15.4208 0.881678 3.27119
      vertex 19.1846 1.00111 1.23744
      vertex 15.3014 1.00111 3.27119
    endloop
  endfacet
  facet normal 0.940458 0.148923 0.305548
    outer loop
      vertex 20.1011 0.534122 0.27376
      vertex 19.9402 0.481838 0.794483
      vertex 20.0165 0 0.794483
    endloop
  endfacet
  facet normal 0.940443 0.148957 -0.305581
    outer loop
      vertex 20.1857 0 -0.27376
      vertex 20.0165 0 -0.794483
      vertex 20.1011 0.534122 -0.27376
    endloop
  endfacet
  facet normal -0.0765503 0.48323 -0.87214
    outer loop
      vertex -7.6975 13.6628 -3.4202
      vertex -9.22863 16.7789 -1.55926
      vertex -7.47815 13.747 -3.3928
    endloop
  endfacet
  facet normal -0.0763799 0.483299 -0.872117
    outer loop
      vertex -9.22863 16.7789 -1.55926
      vertex -7.6975 13.6628 -3.4202
      vertex -9.47414 16.7401 -1.55926
    endloop
  endfacet
  facet normal -0.0765806 0.483432 -0.872026
    outer loop
      vertex -1.12051 2.27114 -10.3093
      vertex -0.881874 2.32193 -10.3021
      vertex -0.918882 2.30308 -10.3093
    endloop
  endfacet
  facet normal -0.0765359 0.483237 -0.872138
    outer loop
      vertex -1.12051 2.27114 -10.3093
      vertex -6.04107 11.2579 -4.89807
      vertex -0.881874 2.32193 -10.3021
    endloop
  endfacet
  facet normal -0.0764355 0.483282 -0.872121
    outer loop
      vertex -6.04107 11.2579 -4.89807
      vertex -1.12051 2.27114 -10.3093
      vertex -6.22366 11.1101 -4.96397
    endloop
  endfacet
  facet normal -0.337038 0.337046 -0.879094
    outer loop
      vertex -9.87138 16.4514 -1.55926
      vertex -7.91897 13.55 -3.4202
      vertex -8.10789 13.397 -3.40643
    endloop
  endfacet
  facet normal -0.337075 0.337018 -0.87909
    outer loop
      vertex -7.91897 13.55 -3.4202
      vertex -9.87138 16.4514 -1.55926
      vertex -9.69561 16.6272 -1.55926
    endloop
  endfacet
  facet normal -0.337029 0.337048 -0.879096
    outer loop
      vertex -6.65907 10.8876 -4.92399
      vertex -1.34198 2.15829 -10.3093
      vertex -1.51775 1.98253 -10.3093
    endloop
  endfacet
  facet normal -0.337028 0.337048 -0.879096
    outer loop
      vertex -1.34198 2.15829 -10.3093
      vertex -6.65907 10.8876 -4.92399
      vertex -6.43213 10.9747 -4.9776
    endloop
  endfacet
  facet normal -0.802432 0.127077 -0.583056
    outer loop
      vertex -10.4055 16.3668 -1.23744
      vertex -10.7879 15.9845 -0.794483
      vertex -10.7116 16.4663 -0.794483
    endloop
  endfacet
  facet normal 0.987687 -0.156441 0
    outer loop
      vertex 20.1011 -0.534122 0.27376
      vertex 20.1857 0 -0.27376
      vertex 20.1857 0 0.27376
    endloop
  endfacet
  facet normal 0.987687 -0.156441 0
    outer loop
      vertex 20.1857 0 -0.27376
      vertex 20.1011 -0.534122 0.27376
      vertex 20.1011 -0.534122 -0.27376
    endloop
  endfacet
  facet normal 0.420845 -0.4209 -0.803575
    outer loop
      vertex 19.1846 -1.00111 -1.23744
      vertex 15.4994 -0.727346 -3.31083
      vertex 19.4584 -0.727346 -1.23744
    endloop
  endfacet
  facet normal 0.420884 -0.420763 -0.803626
    outer loop
      vertex 19.1846 -1.00111 -1.23744
      vertex 15.4208 -0.881678 -3.27119
      vertex 15.4994 -0.727346 -3.31083
    endloop
  endfacet
  facet normal 0.420882 -0.420769 -0.803624
    outer loop
      vertex 15.4208 -0.881678 -3.27119
      vertex 19.1846 -1.00111 -1.23744
      vertex 15.3014 -1.00111 -3.27119
    endloop
  endfacet
  facet normal 0.420843 -0.420935 -0.803558
    outer loop
      vertex 12.9937 -0.881678 -4.5423
      vertex 2.75111 -0.727346 -9.98744
      vertex 12.9151 -0.727346 -4.66431
    endloop
  endfacet
  facet normal 0.420899 -0.420669 -0.803667
    outer loop
      vertex 2.47735 -1.00111 -9.98744
      vertex 12.9937 -0.881678 -4.5423
      vertex 13.1132 -1.00111 -4.4172
    endloop
  endfacet
  facet normal 0.420861 -0.420855 -0.80359
    outer loop
      vertex 12.9937 -0.881678 -4.5423
      vertex 2.47735 -1.00111 -9.98744
      vertex 2.75111 -0.727346 -9.98744
    endloop
  endfacet
  facet normal 0.422071 -0.415154 -0.805917
    outer loop
      vertex 15.4994 -0.727346 -3.31083
      vertex 19.1 -0.466985 -1.55926
      vertex 19.4584 -0.727346 -1.23744
    endloop
  endfacet
  facet normal 0.422054 -0.415276 -0.805863
    outer loop
      vertex 19.1 -0.466985 -1.55926
      vertex 15.4994 -0.727346 -3.31083
      vertex 15.6321 -0.466985 -3.3755
    endloop
  endfacet
  facet normal 0.422077 -0.415156 -0.805913
    outer loop
      vertex 2.75111 -0.727346 -9.98744
      vertex 12.7824 -0.466985 -4.86793
      vertex 12.9151 -0.727346 -4.66431
    endloop
  endfacet
  facet normal 0.422081 -0.415135 -0.805923
    outer loop
      vertex 2.75111 -0.727346 -9.98744
      vertex 2.42604 -0.466985 -10.2918
      vertex 12.7824 -0.466985 -4.86793
    endloop
  endfacet
  facet normal 0.424002 -0.412899 -0.806062
    outer loop
      vertex 2.42604 -0.466985 -10.2918
      vertex 2.75111 -0.727346 -9.98744
      vertex 2.4226 -0.488673 -10.2825
    endloop
  endfacet
  facet normal -0.987686 0.156447 0
    outer loop
      vertex -10.9571 15.9845 -0.27376
      vertex -10.8725 16.5186 0.27376
      vertex -10.8725 16.5186 -0.27376
    endloop
  endfacet
  facet normal -0.987686 0.156447 0
    outer loop
      vertex -10.8725 16.5186 0.27376
      vertex -10.9571 15.9845 -0.27376
      vertex -10.9571 15.9845 0.27376
    endloop
  endfacet
  facet normal 0.0927417 0.585206 -0.805563
    outer loop
      vertex -8.84624 17.1613 -1.23744
      vertex -9.22863 16.7789 -1.55926
      vertex -9.22863 17.2219 -1.23744
    endloop
  endfacet
  facet normal 0.585206 -0.0927422 -0.805563
    outer loop
      vertex 19.6341 -0.382388 -1.23744
      vertex 19.2517 0 -1.55926
      vertex 19.6947 0 -1.23744
    endloop
  endfacet
  facet normal 0.802471 -0.127174 -0.582981
    outer loop
      vertex 20.0165 0 -0.794483
      vertex 19.6341 -0.382388 -1.23744
      vertex 19.6947 0 -1.23744
    endloop
  endfacet
  facet normal 0.724011 -0.368766 -0.582941
    outer loop
      vertex 19.7187 -0.916511 -0.794483
      vertex 19.4584 -0.727346 -1.23744
      vertex 19.6341 -0.382388 -1.23744
    endloop
  endfacet
  facet normal 0.940458 -0.148923 -0.305548
    outer loop
      vertex 20.1011 -0.534122 -0.27376
      vertex 19.9402 -0.481838 -0.794483
      vertex 20.0165 0 -0.794483
    endloop
  endfacet
  facet normal 0.475783 0.824081 -0.307444
    outer loop
      vertex 19.3738 1.26147 -0.794483
      vertex -8.21267 17.3828 -0.27376
      vertex 19.4732 1.39835 -0.27376
    endloop
  endfacet
  facet normal 0.475771 0.824062 -0.307514
    outer loop
      vertex -8.21267 17.3828 -0.27376
      vertex 19.3738 1.26147 -0.794483
      vertex -8.31212 17.2459 -0.794483
    endloop
  endfacet
  facet normal 0.432258 0.848388 0.305599
    outer loop
      vertex -8.21267 17.3828 0.27376
      vertex -8.69451 17.6283 0.27376
      vertex -8.31212 17.2459 0.794483
    endloop
  endfacet
  facet normal 0.802471 -0.127174 0.582981
    outer loop
      vertex 19.6947 0 1.23744
      vertex 19.6341 -0.382388 1.23744
      vertex 20.0165 0 0.794483
    endloop
  endfacet
  facet normal 0.585364 0.0925107 0.805476
    outer loop
      vertex 19.6341 0.382388 1.23744
      vertex 19.2129 0.245508 1.55926
      vertex 19.2517 0 1.55926
    endloop
  endfacet
  facet normal 0.419011 0.419005 0.805521
    outer loop
      vertex 2.37764 0.772542 10.1582
      vertex 2.75111 0.727346 9.98744
      vertex 2.47735 1.00111 9.98744
    endloop
  endfacet
  facet normal 0.419005 0.41907 0.805491
    outer loop
      vertex 2.75111 0.727346 9.98744
      vertex 2.37764 0.772542 10.1582
      vertex 2.4226 0.488673 10.2825
    endloop
  endfacet
  facet normal 0.418981 0.419023 0.805528
    outer loop
      vertex 2.37764 0.772542 10.1582
      vertex 2.47735 1.00111 9.98744
      vertex 2.35029 0.826226 10.1445
    endloop
  endfacet
  facet normal 0.269022 0.52797 0.805527
    outer loop
      vertex -0.492612 2.69242 9.98744
      vertex -0.261674 2.45855 10.0636
      vertex -0.147654 2.51665 9.98744
    endloop
  endfacet
  facet normal 0.268939 0.52791 0.805595
    outer loop
      vertex -0.261674 2.45855 10.0636
      vertex -0.492612 2.69242 9.98744
      vertex -0.58525 2.40731 10.2052
    endloop
  endfacet
  facet normal 0.127173 0.802472 -0.582981
    outer loop
      vertex -8.84624 17.1613 -1.23744
      vertex -9.22863 17.2219 -1.23744
      vertex -9.22863 17.5437 -0.794483
    endloop
  endfacet
  facet normal 0.09251 0.585364 0.805475
    outer loop
      vertex -8.84624 17.1613 1.23744
      vertex -9.22863 16.7789 1.55926
      vertex -8.98312 16.7401 1.55926
    endloop
  endfacet
  facet normal -0.368772 0.724028 -0.582916
    outer loop
      vertex -9.95598 16.9856 -1.23744
      vertex -10.1451 17.2459 -0.794483
      vertex -9.61102 17.1613 -1.23744
    endloop
  endfacet
  facet normal -0.809041 0 -0.587753
    outer loop
      vertex -10.4661 -15.9845 -1.23744
      vertex -10.7879 15.9845 -0.794483
      vertex -10.4661 15.9845 -1.23744
    endloop
  endfacet
  facet normal -0.809041 -0 -0.587753
    outer loop
      vertex -10.7879 15.9845 -0.794483
      vertex -10.4661 -15.9845 -1.23744
      vertex -10.7879 -15.9845 -0.794483
    endloop
  endfacet
  facet normal -0.268952 0.528045 0.805502
    outer loop
      vertex -9.61102 17.1613 1.23744
      vertex -9.95598 16.9856 1.23744
      vertex -9.47414 16.7401 1.55926
    endloop
  endfacet
  facet normal -0.141554 0.277802 0.950152
    outer loop
      vertex -1.34198 2.15829 10.3093
      vertex -1.11013 2.20563 10.33
      vertex -1.12051 2.27114 10.3093
    endloop
  endfacet
  facet normal -0.141554 0.277805 0.950151
    outer loop
      vertex -1.11013 2.20563 10.33
      vertex -1.34198 2.15829 10.3093
      vertex -1.30444 2.10662 10.33
    endloop
  endfacet
  facet normal -0.453969 0.891018 0
    outer loop
      vertex -9.76275 17.6283 -0.27376
      vertex -10.2446 17.3828 0.27376
      vertex -9.76275 17.6283 0.27376
    endloop
  endfacet
  facet normal -0.453969 0.891018 0
    outer loop
      vertex -10.2446 17.3828 0.27376
      vertex -9.76275 17.6283 -0.27376
      vertex -10.2446 17.3828 -0.27376
    endloop
  endfacet
  facet normal 0.475771 -0.824062 0.307514
    outer loop
      vertex -8.21267 -17.3828 0.27376
      vertex 19.3738 -1.26147 0.794483
      vertex -8.31212 -17.2459 0.794483
    endloop
  endfacet
  facet normal 0.475783 -0.824081 0.307444
    outer loop
      vertex 19.3738 -1.26147 0.794483
      vertex -8.21267 -17.3828 0.27376
      vertex 19.4732 -1.39835 0.27376
    endloop
  endfacet
  facet normal -0.268952 -0.528045 0.805502
    outer loop
      vertex -9.47414 -16.7401 1.55926
      vertex -9.95598 -16.9856 1.23744
      vertex -9.61102 -17.1613 1.23744
    endloop
  endfacet
  facet normal 0.361615 -0.626497 0.69046
    outer loop
      vertex 15.0889 -1.21352 3.18975
      vertex 19.1846 -1.00111 1.23744
      vertex 15.3014 -1.00111 3.27119
    endloop
  endfacet
  facet normal 0.361668 -0.626324 0.69059
    outer loop
      vertex 14.6708 -1.42658 3.21548
      vertex 19.1846 -1.00111 1.23744
      vertex 15.0889 -1.21352 3.18975
    endloop
  endfacet
  facet normal 0.361665 -0.626414 0.69051
    outer loop
      vertex -8.50128 -16.9856 1.23744
      vertex 14.6708 -1.42658 3.21548
      vertex 14.2073 -1.5 3.39164
    endloop
  endfacet
  facet normal 0.361634 -0.626436 0.690506
    outer loop
      vertex 2.47735 -1.00111 9.98744
      vertex 13.3256 -1.21352 4.11326
      vertex 13.1132 -1.00111 4.4172
    endloop
  endfacet
  facet normal 0.361634 -0.626437 0.690505
    outer loop
      vertex 2.47735 -1.00111 9.98744
      vertex 13.7437 -1.42658 3.701
      vertex 13.3256 -1.21352 4.11326
    endloop
  endfacet
  facet normal 0.361651 -0.626395 0.690534
    outer loop
      vertex -8.50128 -16.9856 1.23744
      vertex 13.7437 -1.42658 3.701
      vertex 2.47735 -1.00111 9.98744
    endloop
  endfacet
  facet normal 0.36165 -0.626395 0.690535
    outer loop
      vertex 14.6708 -1.42658 3.21548
      vertex -8.50128 -16.9856 1.23744
      vertex 19.1846 -1.00111 1.23744
    endloop
  endfacet
  facet normal 0.361625 -0.626364 0.690577
    outer loop
      vertex 13.7437 -1.42658 3.701
      vertex -8.50128 -16.9856 1.23744
      vertex 14.2073 -1.5 3.39164
    endloop
  endfacet
  facet normal 0.527871 -0.269087 -0.805571
    outer loop
      vertex 19.4584 -0.727346 -1.23744
      vertex 19.1 -0.466985 -1.55926
      vertex 19.2129 -0.245508 -1.55926
    endloop
  endfacet
  facet normal -0.269092 -0.527864 -0.805574
    outer loop
      vertex -9.47414 -16.7401 -1.55926
      vertex -9.95598 -16.9856 -1.23744
      vertex -9.69561 -16.6272 -1.55926
    endloop
  endfacet
  facet normal -0.0927417 -0.585206 -0.805563
    outer loop
      vertex -9.22863 -17.2219 -1.23744
      vertex -9.61102 -17.1613 -1.23744
      vertex -9.22863 -16.7789 -1.55926
    endloop
  endfacet
  facet normal -0.585231 -0.0927753 -0.805542
    outer loop
      vertex -1.70634 -1.78566 -10.2514
      vertex -2.05187 -1.89793 -9.98744
      vertex -1.82297 -1.66903 -10.1801
    endloop
  endfacet
  facet normal -0.587648 -0.000577103 -0.809117
    outer loop
      vertex -2.02254 1.46946 -10.0527
      vertex -2.11244 1.51554 -9.98744
      vertex -1.97646 1.51554 -10.0862
    endloop
  endfacet
  facet normal -0.587454 -0 -0.809257
    outer loop
      vertex -2.11244 1.51554 -9.98744
      vertex -2.02254 1.46946 -10.0527
      vertex -2.11244 1.29303 -9.98744
    endloop
  endfacet
  facet normal -0.587648 0.000577103 -0.809117
    outer loop
      vertex -2.11244 -1.51554 -9.98744
      vertex -2.02254 -1.46946 -10.0527
      vertex -1.97646 -1.51554 -10.0862
    endloop
  endfacet
  facet normal -0.587454 0 -0.809257
    outer loop
      vertex -2.02254 -1.46946 -10.0527
      vertex -2.11244 -1.51554 -9.98744
      vertex -2.11244 -1.29303 -9.98744
    endloop
  endfacet
  facet normal -0.802432 -0.127077 -0.583056
    outer loop
      vertex -10.7116 -16.4663 -0.794483
      vertex -10.7879 -15.9845 -0.794483
      vertex -10.4055 -16.3668 -1.23744
    endloop
  endfacet
  facet normal -0.631791 0.100075 -0.768652
    outer loop
      vertex -7.51993 10.8816 -4.32336
      vertex -2.05187 1.89793 -9.98744
      vertex -2.11244 1.51554 -9.98744
    endloop
  endfacet
  facet normal -0.631739 0.100125 -0.768687
    outer loop
      vertex -2.05187 1.89793 -9.98744
      vertex -7.26042 10.8121 -4.54572
      vertex -7.20027 10.8152 -4.59475
    endloop
  endfacet
  facet normal -0.631809 0.100055 -0.768639
    outer loop
      vertex -2.05187 1.89793 -9.98744
      vertex -7.51993 10.8816 -4.32336
      vertex -7.26042 10.8121 -4.54572
    endloop
  endfacet
  facet normal -0.631763 0.100097 -0.768672
    outer loop
      vertex -10.4661 15.9845 -1.23744
      vertex -8.44114 12.9645 -3.295
      vertex -8.47395 12.914 -3.27461
    endloop
  endfacet
  facet normal -0.631824 0.10003 -0.76863
    outer loop
      vertex -10.4661 15.9845 -1.23744
      vertex -8.47395 12.914 -3.27461
      vertex -8.54348 12.6544 -3.25124
    endloop
  endfacet
  facet normal -0.631727 0.100138 -0.768696
    outer loop
      vertex -8.44114 12.9645 -3.295
      vertex -10.4661 15.9845 -1.23744
      vertex -10.4055 16.3668 -1.23744
    endloop
  endfacet
  facet normal -0.585231 0.0927753 -0.805542
    outer loop
      vertex -1.82297 1.66903 -10.1801
      vertex -2.05187 1.89793 -9.98744
      vertex -1.70634 1.78566 -10.2514
    endloop
  endfacet
  facet normal 0.368765 -0.724014 -0.582938
    outer loop
      vertex -8.31212 -17.2459 -0.794483
      vertex -8.84624 -17.1613 -1.23744
      vertex -8.50128 -16.9856 -1.23744
    endloop
  endfacet
  facet normal 0.475771 -0.824062 -0.307514
    outer loop
      vertex 19.3738 -1.26147 -0.794483
      vertex -8.21267 -17.3828 -0.27376
      vertex -8.31212 -17.2459 -0.794483
    endloop
  endfacet
  facet normal 0.475783 -0.824081 -0.307444
    outer loop
      vertex -8.21267 -17.3828 -0.27376
      vertex 19.3738 -1.26147 -0.794483
      vertex 19.4732 -1.39835 -0.27376
    endloop
  endfacet
  facet normal 0.0876503 -0.552044 -0.829196
    outer loop
      vertex -8.98312 -16.7401 -1.55926
      vertex -7.4155 -13.7711 -3.37019
      vertex -7.27328 -13.7785 -3.35023
    endloop
  endfacet
  facet normal 0.0870418 -0.551843 -0.829393
    outer loop
      vertex -8.98312 -16.7401 -1.55926
      vertex -7.47815 -13.747 -3.3928
      vertex -7.4155 -13.7711 -3.37019
    endloop
  endfacet
  facet normal 0.0872212 -0.551899 -0.829337
    outer loop
      vertex -7.47815 -13.747 -3.3928
      vertex -8.98312 -16.7401 -1.55926
      vertex -9.22863 -16.7789 -1.55926
    endloop
  endfacet
  facet normal 0.0875309 -0.552009 -0.829231
    outer loop
      vertex -5.98891 -11.3002 -4.86446
      vertex -0.697812 -2.38948 -10.2377
      vertex -5.91135 -11.4196 -4.77679
    endloop
  endfacet
  facet normal 0.0878242 -0.55212 -0.829127
    outer loop
      vertex -0.697812 -2.38948 -10.2377
      vertex -5.98891 -11.3002 -4.86446
      vertex -0.772542 -2.37764 -10.2535
    endloop
  endfacet
  facet normal 0.0869636 -0.5518 -0.82943
    outer loop
      vertex -6.04107 -11.2579 -4.89807
      vertex -0.772542 -2.37764 -10.2535
      vertex -5.98891 -11.3002 -4.86446
    endloop
  endfacet
  facet normal 0.0873808 -0.551958 -0.829281
    outer loop
      vertex -0.772542 -2.37764 -10.2535
      vertex -6.04107 -11.2579 -4.89807
      vertex -0.881874 -2.32193 -10.3021
    endloop
  endfacet
  facet normal 0.368873 -0.723875 -0.583042
    outer loop
      vertex -8.74679 -17.4674 -0.794483
      vertex -8.84624 -17.1613 -1.23744
      vertex -8.31212 -17.2459 -0.794483
    endloop
  endfacet
  facet normal 0.673337 -0.673222 0.305596
    outer loop
      vertex 19.3738 -1.26147 0.794483
      vertex 19.8556 -1.01596 0.27376
      vertex 19.7187 -0.916511 0.794483
    endloop
  endfacet
  facet normal 0.67329 -0.673307 0.305512
    outer loop
      vertex 19.8556 -1.01596 0.27376
      vertex 19.3738 -1.26147 0.794483
      vertex 19.4732 -1.39835 0.27376
    endloop
  endfacet
  facet normal -0.0488156 -0.308159 0.950082
    outer loop
      vertex -1.09187 -2.21494 10.329
      vertex -1.12051 -2.27114 10.3093
      vertex -0.918882 -2.30308 10.3093
    endloop
  endfacet
  facet normal 0.802441 -0.127068 -0.583046
    outer loop
      vertex 19.9402 -0.481838 -0.794483
      vertex 19.6341 -0.382388 -1.23744
      vertex 20.0165 0 -0.794483
    endloop
  endfacet
  facet normal 0.987687 0.156441 0
    outer loop
      vertex 20.1857 0 0.27376
      vertex 20.1011 0.534122 -0.27376
      vertex 20.1011 0.534122 0.27376
    endloop
  endfacet
  facet normal 0.987687 0.156441 0
    outer loop
      vertex 20.1011 0.534122 -0.27376
      vertex 20.1857 0 0.27376
      vertex 20.1857 0 -0.27376
    endloop
  endfacet
  facet normal -0.275291 0.140338 -0.951063
    outer loop
      vertex -1.51296 1.97905 -10.3112
      vertex -1.52635 1.96566 -10.3093
      vertex -1.51775 1.98253 -10.3093
    endloop
  endfacet
  facet normal -0.127173 0.802472 -0.582981
    outer loop
      vertex -9.22863 17.2219 -1.23744
      vertex -9.61102 17.1613 -1.23744
      vertex -9.22863 17.5437 -0.794483
    endloop
  endfacet
  facet normal 0.432258 0.848388 -0.305599
    outer loop
      vertex -8.31212 17.2459 -0.794483
      vertex -8.69451 17.6283 -0.27376
      vertex -8.21267 17.3828 -0.27376
    endloop
  endfacet
  facet normal 0.141622 0.57086 -0.808741
    outer loop
      vertex -6.94684 13.7956 -3.28055
      vertex -8.84624 17.1613 -1.23744
      vertex -6.89504 13.7818 -3.28122
    endloop
  endfacet
  facet normal 0.142625 0.571173 -0.808344
    outer loop
      vertex -8.98312 16.7401 -1.55926
      vertex -6.94684 13.7956 -3.28055
      vertex -7.27328 13.7785 -3.35023
    endloop
  endfacet
  facet normal 0.142713 0.571209 -0.808302
    outer loop
      vertex -6.94684 13.7956 -3.28055
      vertex -8.98312 16.7401 -1.55926
      vertex -8.84624 17.1613 -1.23744
    endloop
  endfacet
  facet normal 0.142966 0.570992 -0.808411
    outer loop
      vertex -0.697812 2.38948 -10.2377
      vertex -0.492612 2.69242 -9.98744
      vertex -0.58525 2.40731 -10.2052
    endloop
  endfacet
  facet normal 0.142611 0.571177 -0.808343
    outer loop
      vertex -5.91135 11.4196 -4.77679
      vertex -0.492612 2.69242 -9.98744
      vertex -0.697812 2.38948 -10.2377
    endloop
  endfacet
  facet normal 0.142594 0.571174 -0.808349
    outer loop
      vertex -0.492612 2.69242 -9.98744
      vertex -5.73331 11.6937 -4.55166
      vertex -5.71943 11.7455 -4.51261
    endloop
  endfacet
  facet normal 0.142697 0.571208 -0.808306
    outer loop
      vertex -0.492612 2.69242 -9.98744
      vertex -5.91135 11.4196 -4.77679
      vertex -5.73331 11.6937 -4.55166
    endloop
  endfacet
  facet normal 0.585364 0.0925107 -0.805476
    outer loop
      vertex 19.2517 0 -1.55926
      vertex 19.2129 0.245508 -1.55926
      vertex 19.6341 0.382388 -1.23744
    endloop
  endfacet
  facet normal 0.462714 0.0731271 -0.883487
    outer loop
      vertex 15.7073 0 -3.41559
      vertex 19.2129 0.245508 -1.55926
      vertex 19.2517 0 -1.55926
    endloop
  endfacet
  facet normal 0.462697 0.073313 -0.88348
    outer loop
      vertex 19.2129 0.245508 -1.55926
      vertex 15.7073 0 -3.41559
      vertex 15.6684 0.245508 -3.41559
    endloop
  endfacet
  facet normal 0.462696 0.0734441 -0.88347
    outer loop
      vertex 2.54448 0 -10.3093
      vertex 12.7461 0.245508 -4.94604
      vertex 12.7073 0 -4.98677
    endloop
  endfacet
  facet normal 0.462705 0.0732765 -0.883479
    outer loop
      vertex 12.7461 0.245508 -4.94604
      vertex 2.54448 0 -10.3093
      vertex 2.5056 0.245508 -10.3093
    endloop
  endfacet
  facet normal 0.361562 0.626373 -0.690601
    outer loop
      vertex 0.772542 2.37764 -9.63161
      vertex -5.64225 12.0336 -4.23212
      vertex -5.61185 12.1471 -4.11326
    endloop
  endfacet
  facet normal 0.361658 0.626408 -0.690519
    outer loop
      vertex 2.02254 1.46946 -9.80078
      vertex 2.47735 1.00111 -9.98744
      vertex 2.17109 1.17793 -9.98744
    endloop
  endfacet
  facet normal 0.361664 0.626391 -0.690531
    outer loop
      vertex -0.147654 2.51665 -9.98744
      vertex 0 2.5 -9.92521
      vertex -0.0932355 2.48523 -9.98744
    endloop
  endfacet
  facet normal 0.361663 0.626397 -0.690526
    outer loop
      vertex -5.64225 12.0336 -4.23212
      vertex 0 2.5 -9.92521
      vertex -0.147654 2.51665 -9.98744
    endloop
  endfacet
  facet normal 0.361647 0.626394 -0.690537
    outer loop
      vertex -5.64225 12.0336 -4.23212
      vertex 0.772542 2.37764 -9.63161
      vertex 0 2.5 -9.92521
    endloop
  endfacet
  facet normal 0.361737 0.626415 -0.690471
    outer loop
      vertex -5.63641 12.6157 -3.701
      vertex 0.772542 2.37764 -9.63161
      vertex -5.61185 12.1471 -4.11326
    endloop
  endfacet
  facet normal 0.361655 0.626397 -0.69053
    outer loop
      vertex 0.772542 2.37764 -9.63161
      vertex -5.63641 12.6157 -3.701
      vertex 1.46946 2.02254 -9.58873
    endloop
  endfacet
  facet normal 0.361774 0.626427 -0.690441
    outer loop
      vertex -5.80459 13.0538 -3.39164
      vertex 1.46946 2.02254 -9.58873
      vertex -5.63641 12.6157 -3.701
    endloop
  endfacet
  facet normal 0.361646 0.626397 -0.690535
    outer loop
      vertex 1.46946 2.02254 -9.58873
      vertex -5.80459 13.0538 -3.39164
      vertex 2.02254 1.46946 -9.80078
    endloop
  endfacet
  facet normal 0.361632 0.626393 -0.690547
    outer loop
      vertex 2.02254 1.46946 -9.80078
      vertex -5.80459 13.0538 -3.39164
      vertex 2.47735 1.00111 -9.98744
    endloop
  endfacet
  facet normal 0.351918 0.623751 -0.697917
    outer loop
      vertex -5.80459 13.0538 -3.39164
      vertex -8.50128 16.9856 -1.23744
      vertex 2.47735 1.00111 -9.98744
    endloop
  endfacet
  facet normal 0.362439 0.626596 -0.689938
    outer loop
      vertex -6.09993 13.4186 -3.21548
      vertex -8.50128 16.9856 -1.23744
      vertex -5.80459 13.0538 -3.39164
    endloop
  endfacet
  facet normal 0.361642 0.626393 -0.690541
    outer loop
      vertex -6.49352 13.6742 -3.18975
      vertex -8.50128 16.9856 -1.23744
      vertex -6.09993 13.4186 -3.21548
    endloop
  endfacet
  facet normal 0.361618 0.626389 -0.690557
    outer loop
      vertex -8.50128 16.9856 -1.23744
      vertex -6.49352 13.6742 -3.18975
      vertex -6.607 13.7046 -3.2216
    endloop
  endfacet
  facet normal 0.419005 0.41907 -0.805491
    outer loop
      vertex 2.37764 0.772542 -10.1582
      vertex 2.75111 0.727346 -9.98744
      vertex 2.4226 0.488673 -10.2825
    endloop
  endfacet
  facet normal 0.419011 0.419005 -0.805521
    outer loop
      vertex 2.75111 0.727346 -9.98744
      vertex 2.37764 0.772542 -10.1582
      vertex 2.47735 1.00111 -9.98744
    endloop
  endfacet
  facet normal 0.418981 0.419023 -0.805528
    outer loop
      vertex 2.47735 1.00111 -9.98744
      vertex 2.37764 0.772542 -10.1582
      vertex 2.35029 0.826226 -10.1445
    endloop
  endfacet
  facet normal 0.528045 0.268953 -0.805502
    outer loop
      vertex 19.6341 0.382388 -1.23744
      vertex 19.2129 0.245508 -1.55926
      vertex 19.4584 0.727346 -1.23744
    endloop
  endfacet
  facet normal 0.432317 0.848377 -0.305547
    outer loop
      vertex -8.31212 17.2459 -0.794483
      vertex -8.74679 17.4674 -0.794483
      vertex -8.69451 17.6283 -0.27376
    endloop
  endfacet
  facet normal 0.4053 -0.701998 -0.585602
    outer loop
      vertex 19.1846 -1.00111 -1.23744
      vertex -8.31212 -17.2459 -0.794483
      vertex -8.50128 -16.9856 -1.23744
    endloop
  endfacet
  facet normal 0.405267 -0.701945 -0.585689
    outer loop
      vertex -8.31212 -17.2459 -0.794483
      vertex 19.1846 -1.00111 -1.23744
      vertex 19.3738 -1.26147 -0.794483
    endloop
  endfacet
  facet normal -0.419009 0.418937 -0.805558
    outer loop
      vertex -9.87138 16.4514 -1.55926
      vertex -9.95598 16.9856 -1.23744
      vertex -9.69561 16.6272 -1.55926
    endloop
  endfacet
  facet normal -0.419046 0.418924 -0.805545
    outer loop
      vertex -9.95598 16.9856 -1.23744
      vertex -9.87138 16.4514 -1.55926
      vertex -10.2297 16.7118 -1.23744
    endloop
  endfacet
  facet normal 0.574569 0.574471 -0.582969
    outer loop
      vertex 19.4584 0.727346 -1.23744
      vertex 19.3738 1.26147 -0.794483
      vertex 19.7187 0.916511 -0.794483
    endloop
  endfacet
  facet normal 0.574442 0.574517 -0.583049
    outer loop
      vertex 19.3738 1.26147 -0.794483
      vertex 19.4584 0.727346 -1.23744
      vertex 19.1846 1.00111 -1.23744
    endloop
  endfacet
  facet normal 0.940443 -0.148957 -0.305581
    outer loop
      vertex 20.1011 -0.534122 -0.27376
      vertex 20.0165 0 -0.794483
      vertex 20.1857 0 -0.27376
    endloop
  endfacet
  facet normal 0.673337 -0.673222 -0.305596
    outer loop
      vertex 19.8556 -1.01596 -0.27376
      vertex 19.3738 -1.26147 -0.794483
      vertex 19.7187 -0.916511 -0.794483
    endloop
  endfacet
  facet normal 0.67329 -0.673307 -0.305512
    outer loop
      vertex 19.3738 -1.26147 -0.794483
      vertex 19.8556 -1.01596 -0.27376
      vertex 19.4732 -1.39835 -0.27376
    endloop
  endfacet
  facet normal 0.451491 -0.230152 -0.862082
    outer loop
      vertex 19.1 -0.466985 -1.55926
      vertex 15.6684 -0.245508 -3.41559
      vertex 19.2129 -0.245508 -1.55926
    endloop
  endfacet
  facet normal 0.451487 -0.230175 -0.862078
    outer loop
      vertex 19.1 -0.466985 -1.55926
      vertex 15.6338 -0.463525 -3.3755
      vertex 15.6684 -0.245508 -3.41559
    endloop
  endfacet
  facet normal 0.452347 -0.222252 -0.863705
    outer loop
      vertex 15.6338 -0.463525 -3.3755
      vertex 19.1 -0.466985 -1.55926
      vertex 15.6321 -0.466985 -3.3755
    endloop
  endfacet
  facet normal 0.45152 -0.229943 -0.862123
    outer loop
      vertex 12.7807 -0.463525 -4.86977
      vertex 2.5056 -0.245508 -10.3093
      vertex 12.7461 -0.245508 -4.94604
    endloop
  endfacet
  facet normal 0.450813 -0.23626 -0.860784
    outer loop
      vertex 2.42604 -0.466985 -10.2918
      vertex 12.7807 -0.463525 -4.86977
      vertex 12.7824 -0.466985 -4.86793
    endloop
  endfacet
  facet normal 0.451475 -0.230296 -0.862052
    outer loop
      vertex 12.7807 -0.463525 -4.86977
      vertex 2.42604 -0.466985 -10.2918
      vertex 2.5056 -0.245508 -10.3093
    endloop
  endfacet
  facet normal 0.452725 -0.230685 -0.861292
    outer loop
      vertex 2.5056 -0.245508 -10.3093
      vertex 2.42604 -0.466985 -10.2918
      vertex 2.44105 -0.372189 -10.3093
    endloop
  endfacet
  facet normal 0.574569 -0.574471 -0.582969
    outer loop
      vertex 19.3738 -1.26147 -0.794483
      vertex 19.4584 -0.727346 -1.23744
      vertex 19.7187 -0.916511 -0.794483
    endloop
  endfacet
  facet normal 0.574442 -0.574517 -0.583049
    outer loop
      vertex 19.4584 -0.727346 -1.23744
      vertex 19.3738 -1.26147 -0.794483
      vertex 19.1846 -1.00111 -1.23744
    endloop
  endfacet
  facet normal 0.453976 0.891014 -0
    outer loop
      vertex -8.21267 17.3828 -0.27376
      vertex -8.69451 17.6283 0.27376
      vertex -8.21267 17.3828 0.27376
    endloop
  endfacet
  facet normal 0.453976 0.891014 0
    outer loop
      vertex -8.69451 17.6283 0.27376
      vertex -8.21267 17.3828 -0.27376
      vertex -8.69451 17.6283 -0.27376
    endloop
  endfacet
  facet normal 0.127068 0.802441 -0.583046
    outer loop
      vertex -8.84624 17.1613 -1.23744
      vertex -9.22863 17.5437 -0.794483
      vertex -8.74679 17.4674 -0.794483
    endloop
  endfacet
  facet normal 0.802441 0.127068 0.583046
    outer loop
      vertex 19.9402 0.481838 0.794483
      vertex 19.6341 0.382388 1.23744
      vertex 20.0165 0 0.794483
    endloop
  endfacet
  facet normal 0.585206 0.0927422 0.805563
    outer loop
      vertex 19.6341 0.382388 1.23744
      vertex 19.2517 0 1.55926
      vertex 19.6947 0 1.23744
    endloop
  endfacet
  facet normal 0.422077 0.415156 0.805913
    outer loop
      vertex 2.75111 0.727346 9.98744
      vertex 12.7824 0.466985 4.86793
      vertex 12.9151 0.727346 4.66431
    endloop
  endfacet
  facet normal 0.422081 0.415135 0.805923
    outer loop
      vertex 2.75111 0.727346 9.98744
      vertex 2.42604 0.466985 10.2918
      vertex 12.7824 0.466985 4.86793
    endloop
  endfacet
  facet normal 0.424002 0.412899 0.806062
    outer loop
      vertex 2.42604 0.466985 10.2918
      vertex 2.75111 0.727346 9.98744
      vertex 2.4226 0.488673 10.2825
    endloop
  endfacet
  facet normal 0.422071 0.415154 0.805917
    outer loop
      vertex 15.4994 0.727346 3.31083
      vertex 19.1 0.466985 1.55926
      vertex 19.4584 0.727346 1.23744
    endloop
  endfacet
  facet normal 0.422054 0.415276 0.805863
    outer loop
      vertex 19.1 0.466985 1.55926
      vertex 15.4994 0.727346 3.31083
      vertex 15.6321 0.466985 3.3755
    endloop
  endfacet
  facet normal 0.724011 0.368766 0.582941
    outer loop
      vertex 19.7187 0.916511 0.794483
      vertex 19.4584 0.727346 1.23744
      vertex 19.6341 0.382388 1.23744
    endloop
  endfacet
  facet normal 0.307629 0.0487178 0.950258
    outer loop
      vertex 2.46444 0.224536 10.3237
      vertex 2.54448 0 10.3093
      vertex 2.5056 0.245508 10.3093
    endloop
  endfacet
  facet normal 0.307637 0.0487208 0.950256
    outer loop
      vertex 2.54448 0 10.3093
      vertex 2.46444 0.224536 10.3237
      vertex 2.5 0 10.3237
    endloop
  endfacet
  facet normal 0.361658 0.626408 0.690519
    outer loop
      vertex 2.47735 1.00111 9.98744
      vertex 2.02254 1.46946 9.80078
      vertex 2.17109 1.17793 9.98744
    endloop
  endfacet
  facet normal 0.361664 0.626391 0.690531
    outer loop
      vertex 0 2.5 9.92521
      vertex -0.147654 2.51665 9.98744
      vertex -0.0932355 2.48523 9.98744
    endloop
  endfacet
  facet normal 0.361647 0.626394 0.690537
    outer loop
      vertex 0.772542 2.37764 9.63161
      vertex -5.64225 12.0336 4.23212
      vertex 0 2.5 9.92521
    endloop
  endfacet
  facet normal 0.361562 0.626373 0.690601
    outer loop
      vertex -5.64225 12.0336 4.23212
      vertex 0.772542 2.37764 9.63161
      vertex -5.61185 12.1471 4.11326
    endloop
  endfacet
  facet normal 0.361655 0.626397 0.69053
    outer loop
      vertex -5.63641 12.6157 3.701
      vertex 0.772542 2.37764 9.63161
      vertex 1.46946 2.02254 9.58873
    endloop
  endfacet
  facet normal 0.361646 0.626397 0.690535
    outer loop
      vertex -5.80459 13.0538 3.39164
      vertex 1.46946 2.02254 9.58873
      vertex 2.02254 1.46946 9.80078
    endloop
  endfacet
  facet normal 0.361632 0.626393 0.690547
    outer loop
      vertex -5.80459 13.0538 3.39164
      vertex 2.02254 1.46946 9.80078
      vertex 2.47735 1.00111 9.98744
    endloop
  endfacet
  facet normal 0.361737 0.626415 0.690471
    outer loop
      vertex 0.772542 2.37764 9.63161
      vertex -5.63641 12.6157 3.701
      vertex -5.61185 12.1471 4.11326
    endloop
  endfacet
  facet normal 0.361774 0.626427 0.690441
    outer loop
      vertex 1.46946 2.02254 9.58873
      vertex -5.80459 13.0538 3.39164
      vertex -5.63641 12.6157 3.701
    endloop
  endfacet
  facet normal 0.361618 0.626389 0.690557
    outer loop
      vertex -6.49352 13.6742 3.18975
      vertex -8.50128 16.9856 1.23744
      vertex -6.607 13.7046 3.2216
    endloop
  endfacet
  facet normal 0.361642 0.626393 0.690541
    outer loop
      vertex -6.09993 13.4186 3.21548
      vertex -8.50128 16.9856 1.23744
      vertex -6.49352 13.6742 3.18975
    endloop
  endfacet
  facet normal 0.362439 0.626596 0.689938
    outer loop
      vertex -5.80459 13.0538 3.39164
      vertex -8.50128 16.9856 1.23744
      vertex -6.09993 13.4186 3.21548
    endloop
  endfacet
  facet normal 0.351918 0.623751 0.697917
    outer loop
      vertex -8.50128 16.9856 1.23744
      vertex -5.80459 13.0538 3.39164
      vertex 2.47735 1.00111 9.98744
    endloop
  endfacet
  facet normal 0.361663 0.626397 0.690526
    outer loop
      vertex 0 2.5 9.92521
      vertex -5.64225 12.0336 4.23212
      vertex -0.147654 2.51665 9.98744
    endloop
  endfacet
  facet normal 0.451491 0.230152 0.862082
    outer loop
      vertex 19.1 0.466985 1.55926
      vertex 15.6684 0.245508 3.41559
      vertex 19.2129 0.245508 1.55926
    endloop
  endfacet
  facet normal 0.451487 0.230175 0.862078
    outer loop
      vertex 19.1 0.466985 1.55926
      vertex 15.6338 0.463525 3.3755
      vertex 15.6684 0.245508 3.41559
    endloop
  endfacet
  facet normal 0.452347 0.222252 0.863705
    outer loop
      vertex 15.6338 0.463525 3.3755
      vertex 19.1 0.466985 1.55926
      vertex 15.6321 0.466985 3.3755
    endloop
  endfacet
  facet normal 0.45152 0.229943 0.862123
    outer loop
      vertex 12.7807 0.463525 4.86977
      vertex 2.5056 0.245508 10.3093
      vertex 12.7461 0.245508 4.94604
    endloop
  endfacet
  facet normal 0.450813 0.23626 0.860784
    outer loop
      vertex 2.42604 0.466985 10.2918
      vertex 12.7807 0.463525 4.86977
      vertex 12.7824 0.466985 4.86793
    endloop
  endfacet
  facet normal 0.451475 0.230296 0.862052
    outer loop
      vertex 12.7807 0.463525 4.86977
      vertex 2.42604 0.466985 10.2918
      vertex 2.5056 0.245508 10.3093
    endloop
  endfacet
  facet normal 0.452725 0.230685 0.861292
    outer loop
      vertex 2.5056 0.245508 10.3093
      vertex 2.42604 0.466985 10.2918
      vertex 2.44105 0.372189 10.3093
    endloop
  endfacet
  facet normal -0.148958 0.940442 -0.305581
    outer loop
      vertex -9.22863 17.5437 -0.794483
      vertex -9.76275 17.6283 -0.27376
      vertex -9.22863 17.7129 -0.27376
    endloop
  endfacet
  facet normal -0.368901 0.723862 -0.58304
    outer loop
      vertex -9.61102 17.1613 -1.23744
      vertex -10.1451 17.2459 -0.794483
      vertex -9.71047 17.4674 -0.794483
    endloop
  endfacet
  facet normal -0.673267 0.673267 -0.305653
    outer loop
      vertex -10.1451 17.2459 -0.794483
      vertex -10.627 17.0004 -0.27376
      vertex -10.2446 17.3828 -0.27376
    endloop
  endfacet
  facet normal -0.673197 0.673393 -0.305529
    outer loop
      vertex -10.627 17.0004 -0.27376
      vertex -10.1451 17.2459 -0.794483
      vertex -10.4901 16.901 -0.794483
    endloop
  endfacet
  facet normal -0.940455 0.148935 -0.305553
    outer loop
      vertex -10.7879 15.9845 -0.794483
      vertex -10.8725 16.5186 -0.27376
      vertex -10.7116 16.4663 -0.794483
    endloop
  endfacet
  facet normal -0.802468 0.127203 -0.582978
    outer loop
      vertex -10.4661 15.9845 -1.23744
      vertex -10.7879 15.9845 -0.794483
      vertex -10.4055 16.3668 -1.23744
    endloop
  endfacet
  facet normal -0.802468 0.127203 0.582978
    outer loop
      vertex -10.4055 16.3668 1.23744
      vertex -10.7879 15.9845 0.794483
      vertex -10.4661 15.9845 1.23744
    endloop
  endfacet
  facet normal -0.527985 0.269043 0.805511
    outer loop
      vertex -10.2297 16.7118 1.23744
      vertex -10.4055 16.3668 1.23744
      vertex -9.98423 16.23 1.55926
    endloop
  endfacet
  facet normal -0.210949 0.413774 0.885602
    outer loop
      vertex -6.35363 11.0048 4.98221
      vertex -1.12051 2.27114 10.3093
      vertex -6.22366 11.1101 4.96397
    endloop
  endfacet
  facet normal -0.210864 0.413823 0.8856
    outer loop
      vertex -1.12051 2.27114 10.3093
      vertex -6.35363 11.0048 4.98221
      vertex -1.34198 2.15829 10.3093
    endloop
  endfacet
  facet normal -0.210715 0.413906 0.885596
    outer loop
      vertex -1.34198 2.15829 10.3093
      vertex -6.35363 11.0048 4.98221
      vertex -6.43213 10.9747 4.9776
    endloop
  endfacet
  facet normal -0.210791 0.413854 0.885603
    outer loop
      vertex -9.47414 16.7401 1.55926
      vertex -7.85363 13.6029 3.41103
      vertex -7.6975 13.6628 3.4202
    endloop
  endfacet
  facet normal -0.210935 0.41378 0.885603
    outer loop
      vertex -9.69561 16.6272 1.55926
      vertex -7.85363 13.6029 3.41103
      vertex -9.47414 16.7401 1.55926
    endloop
  endfacet
  facet normal -0.210785 0.413868 0.885597
    outer loop
      vertex -7.85363 13.6029 3.41103
      vertex -9.69561 16.6272 1.55926
      vertex -7.91897 13.55 3.4202
    endloop
  endfacet
  facet normal -0.0765806 0.483432 0.872026
    outer loop
      vertex -0.881874 2.32193 10.3021
      vertex -1.12051 2.27114 10.3093
      vertex -0.918882 2.30308 10.3093
    endloop
  endfacet
  facet normal -0.0765359 0.483237 0.872138
    outer loop
      vertex -6.04107 11.2579 4.89807
      vertex -1.12051 2.27114 10.3093
      vertex -0.881874 2.32193 10.3021
    endloop
  endfacet
  facet normal -0.0764355 0.483282 0.872121
    outer loop
      vertex -1.12051 2.27114 10.3093
      vertex -6.04107 11.2579 4.89807
      vertex -6.22366 11.1101 4.96397
    endloop
  endfacet
  facet normal -0.0765503 0.48323 0.87214
    outer loop
      vertex -9.22863 16.7789 1.55926
      vertex -7.6975 13.6628 3.4202
      vertex -7.47815 13.747 3.3928
    endloop
  endfacet
  facet normal -0.0763799 0.483299 0.872117
    outer loop
      vertex -7.6975 13.6628 3.4202
      vertex -9.22863 16.7789 1.55926
      vertex -9.47414 16.7401 1.55926
    endloop
  endfacet
  facet normal 0.314718 0.617592 0.720786
    outer loop
      vertex -8.50128 16.9856 1.23744
      vertex -6.89504 13.7818 3.28122
      vertex -6.607 13.7046 3.2216
    endloop
  endfacet
  facet normal 0.314548 0.617568 0.720881
    outer loop
      vertex -6.89504 13.7818 3.28122
      vertex -8.50128 16.9856 1.23744
      vertex -8.84624 17.1613 1.23744
    endloop
  endfacet
  facet normal 0.314685 0.617586 0.720806
    outer loop
      vertex -5.64225 12.0336 4.23212
      vertex -0.492612 2.69242 9.98744
      vertex -0.147654 2.51665 9.98744
    endloop
  endfacet
  facet normal 0.314567 0.617564 0.720876
    outer loop
      vertex -0.492612 2.69242 9.98744
      vertex -5.64225 12.0336 4.23212
      vertex -5.71943 11.7455 4.51261
    endloop
  endfacet
  facet normal -0.631763 -0.100097 0.768672
    outer loop
      vertex -10.4661 -15.9845 1.23744
      vertex -8.44114 -12.9645 3.295
      vertex -8.47395 -12.914 3.27461
    endloop
  endfacet
  facet normal -0.631824 -0.10003 0.76863
    outer loop
      vertex -10.4661 -15.9845 1.23744
      vertex -8.47395 -12.914 3.27461
      vertex -8.54348 -12.6544 3.25124
    endloop
  endfacet
  facet normal -0.631727 -0.100138 0.768696
    outer loop
      vertex -8.44114 -12.9645 3.295
      vertex -10.4661 -15.9845 1.23744
      vertex -10.4055 -16.3668 1.23744
    endloop
  endfacet
  facet normal -0.631791 -0.100075 0.768652
    outer loop
      vertex -7.51993 -10.8816 4.32336
      vertex -2.05187 -1.89793 9.98744
      vertex -2.11244 -1.51554 9.98744
    endloop
  endfacet
  facet normal -0.631739 -0.100125 0.768687
    outer loop
      vertex -2.05187 -1.89793 9.98744
      vertex -7.26042 -10.8121 4.54572
      vertex -7.20027 -10.8152 4.59475
    endloop
  endfacet
  facet normal -0.631809 -0.100055 0.768639
    outer loop
      vertex -2.05187 -1.89793 9.98744
      vertex -7.51993 -10.8816 4.32336
      vertex -7.26042 -10.8121 4.54572
    endloop
  endfacet
  facet normal -0.951053 0 -0.309028
    outer loop
      vertex -10.7879 -15.9845 -0.794483
      vertex -10.9571 15.9845 -0.27376
      vertex -10.7879 15.9845 -0.794483
    endloop
  endfacet
  facet normal -0.951053 -0 -0.309028
    outer loop
      vertex -10.9571 15.9845 -0.27376
      vertex -10.7879 -15.9845 -0.794483
      vertex -10.9571 -15.9845 -0.27376
    endloop
  endfacet
  facet normal -0.210791 -0.413854 0.885603
    outer loop
      vertex -7.85363 -13.6029 3.41103
      vertex -9.47414 -16.7401 1.55926
      vertex -7.6975 -13.6628 3.4202
    endloop
  endfacet
  facet normal -0.210785 -0.413868 0.885597
    outer loop
      vertex -9.69561 -16.6272 1.55926
      vertex -7.85363 -13.6029 3.41103
      vertex -7.91897 -13.55 3.4202
    endloop
  endfacet
  facet normal -0.210935 -0.41378 0.885603
    outer loop
      vertex -7.85363 -13.6029 3.41103
      vertex -9.69561 -16.6272 1.55926
      vertex -9.47414 -16.7401 1.55926
    endloop
  endfacet
  facet normal -0.210864 -0.413823 0.8856
    outer loop
      vertex -6.35363 -11.0048 4.98221
      vertex -1.12051 -2.27114 10.3093
      vertex -1.34198 -2.15829 10.3093
    endloop
  endfacet
  facet normal -0.210949 -0.413774 0.885602
    outer loop
      vertex -1.12051 -2.27114 10.3093
      vertex -6.35363 -11.0048 4.98221
      vertex -6.22366 -11.1101 4.96397
    endloop
  endfacet
  facet normal -0.210715 -0.413906 0.885596
    outer loop
      vertex -6.35363 -11.0048 4.98221
      vertex -1.34198 -2.15829 10.3093
      vertex -6.43213 -10.9747 4.9776
    endloop
  endfacet
  facet normal -0.802432 -0.127077 0.583056
    outer loop
      vertex -10.4055 -16.3668 1.23744
      vertex -10.7879 -15.9845 0.794483
      vertex -10.7116 -16.4663 0.794483
    endloop
  endfacet
  facet normal -0.723286 6.74959e-06 0.690549
    outer loop
      vertex -10.4661 15.9845 1.23744
      vertex -8.59541 12.4606 3.19685
      vertex -8.54348 12.6544 3.25124
    endloop
  endfacet
  facet normal -0.723284 8.51683e-06 0.69055
    outer loop
      vertex -10.4661 15.9845 1.23744
      vertex -8.57085 11.992 3.22258
      vertex -8.59541 12.4606 3.19685
    endloop
  endfacet
  facet normal -0.723265 2.7767e-05 0.69057
    outer loop
      vertex -10.4661 15.9845 1.23744
      vertex -8.40267 11.5538 3.39874
      vertex -8.57085 11.992 3.22258
    endloop
  endfacet
  facet normal -0.723308 -8.92327e-06 0.690525
    outer loop
      vertex -2.37764 0.772542 9.70965
      vertex -7.51993 10.8816 4.32336
      vertex -7.71373 10.9335 4.12036
    endloop
  endfacet
  facet normal -0.72328 1.96423e-05 0.690555
    outer loop
      vertex -2.5 0 9.58148
      vertex -7.71373 10.9335 4.12036
      vertex -8.10733 11.1891 3.7081
    endloop
  endfacet
  facet normal -0.723307 0 0.690527
    outer loop
      vertex -8.10733 -11.1891 3.7081
      vertex -8.10733 11.1891 3.7081
      vertex -8.40267 11.5538 3.39874
    endloop
  endfacet
  facet normal -0.723303 -3.46571e-06 0.690531
    outer loop
      vertex -7.51993 10.8816 4.32336
      vertex -2.37764 0.772542 9.70965
      vertex -2.11244 1.51554 9.98744
    endloop
  endfacet
  facet normal -0.723308 0 0.690526
    outer loop
      vertex -2.11244 1.51554 9.98744
      vertex -2.37764 0.772542 9.70965
      vertex -2.11244 1.29303 9.98744
    endloop
  endfacet
  facet normal -0.723303 -2.71944e-06 0.690531
    outer loop
      vertex -7.71373 10.9335 4.12036
      vertex -2.5 0 9.58148
      vertex -2.37764 0.772542 9.70965
    endloop
  endfacet
  facet normal -0.723299 0 0.690535
    outer loop
      vertex -8.10733 11.1891 3.7081
      vertex -8.10733 -11.1891 3.7081
      vertex -2.5 0 9.58148
    endloop
  endfacet
  facet normal -0.723308 0 0.690526
    outer loop
      vertex -2.37764 -0.772542 9.70965
      vertex -2.11244 -1.51554 9.98744
      vertex -2.11244 -1.29303 9.98744
    endloop
  endfacet
  facet normal -0.72328 -1.96423e-05 0.690555
    outer loop
      vertex -7.71373 -10.9335 4.12036
      vertex -2.5 0 9.58148
      vertex -8.10733 -11.1891 3.7081
    endloop
  endfacet
  facet normal -0.723308 8.92327e-06 0.690525
    outer loop
      vertex -7.51993 -10.8816 4.32336
      vertex -2.37764 -0.772542 9.70965
      vertex -7.71373 -10.9335 4.12036
    endloop
  endfacet
  facet normal -0.723294 0 0.690541
    outer loop
      vertex -8.40267 -11.5538 3.39874
      vertex -8.40267 11.5538 3.39874
      vertex -10.4661 15.9845 1.23744
    endloop
  endfacet
  facet normal -0.723303 3.46571e-06 0.690531
    outer loop
      vertex -2.37764 -0.772542 9.70965
      vertex -7.51993 -10.8816 4.32336
      vertex -2.11244 -1.51554 9.98744
    endloop
  endfacet
  facet normal -0.723303 2.71944e-06 0.690531
    outer loop
      vertex -2.5 0 9.58148
      vertex -7.71373 -10.9335 4.12036
      vertex -2.37764 -0.772542 9.70965
    endloop
  endfacet
  facet normal -0.723307 0 0.690527
    outer loop
      vertex -8.40267 11.5538 3.39874
      vertex -8.40267 -11.5538 3.39874
      vertex -8.10733 -11.1891 3.7081
    endloop
  endfacet
  facet normal -0.723299 -7.97718e-07 0.690535
    outer loop
      vertex -10.4661 15.9845 1.23744
      vertex -8.57085 -11.992 3.22258
      vertex -8.40267 -11.5538 3.39874
    endloop
  endfacet
  facet normal -0.723293 0 0.690541
    outer loop
      vertex -10.4661 -15.9845 1.23744
      vertex -8.57085 -11.992 3.22258
      vertex -10.4661 15.9845 1.23744
    endloop
  endfacet
  facet normal -0.723286 -6.74959e-06 0.690549
    outer loop
      vertex -8.59541 -12.4606 3.19685
      vertex -10.4661 -15.9845 1.23744
      vertex -8.54348 -12.6544 3.25124
    endloop
  endfacet
  facet normal -0.723284 -8.51683e-06 0.69055
    outer loop
      vertex -8.57085 -11.992 3.22258
      vertex -10.4661 -15.9845 1.23744
      vertex -8.59541 -12.4606 3.19685
    endloop
  endfacet
  facet normal -0.141571 -0.277799 0.95015
    outer loop
      vertex -1.11013 -2.20563 10.33
      vertex -1.12051 -2.27114 10.3093
      vertex -1.10077 -2.2104 10.33
    endloop
  endfacet
  facet normal 0.420845 -0.4209 0.803575
    outer loop
      vertex 15.4994 -0.727346 3.31083
      vertex 19.1846 -1.00111 1.23744
      vertex 19.4584 -0.727346 1.23744
    endloop
  endfacet
  facet normal 0.420884 -0.420763 0.803626
    outer loop
      vertex 15.4208 -0.881678 3.27119
      vertex 19.1846 -1.00111 1.23744
      vertex 15.4994 -0.727346 3.31083
    endloop
  endfacet
  facet normal 0.420882 -0.420769 0.803624
    outer loop
      vertex 19.1846 -1.00111 1.23744
      vertex 15.4208 -0.881678 3.27119
      vertex 15.3014 -1.00111 3.27119
    endloop
  endfacet
  facet normal 0.420843 -0.420935 0.803558
    outer loop
      vertex 2.75111 -0.727346 9.98744
      vertex 12.9937 -0.881678 4.5423
      vertex 12.9151 -0.727346 4.66431
    endloop
  endfacet
  facet normal 0.420861 -0.420855 0.80359
    outer loop
      vertex 2.47735 -1.00111 9.98744
      vertex 12.9937 -0.881678 4.5423
      vertex 2.75111 -0.727346 9.98744
    endloop
  endfacet
  facet normal 0.420899 -0.420669 0.803667
    outer loop
      vertex 12.9937 -0.881678 4.5423
      vertex 2.47735 -1.00111 9.98744
      vertex 13.1132 -1.00111 4.4172
    endloop
  endfacet
  facet normal 0.294956 -0.510876 0.807469
    outer loop
      vertex 2.35029 -0.826226 10.1445
      vertex 2.17109 -1.17793 9.98744
      vertex 2.47735 -1.00111 9.98744
    endloop
  endfacet
  facet normal 0.295106 -0.511115 0.807263
    outer loop
      vertex -0.0932355 -2.48523 9.98744
      vertex -0.180525 -2.47141 10.0281
      vertex -0.147654 -2.51665 9.98744
    endloop
  endfacet
  facet normal 0.462714 -0.0731271 -0.883487
    outer loop
      vertex 19.2129 -0.245508 -1.55926
      vertex 15.7073 0 -3.41559
      vertex 19.2517 0 -1.55926
    endloop
  endfacet
  facet normal 0.462697 -0.073313 -0.88348
    outer loop
      vertex 15.7073 0 -3.41559
      vertex 19.2129 -0.245508 -1.55926
      vertex 15.6684 -0.245508 -3.41559
    endloop
  endfacet
  facet normal 0.462696 -0.0734441 -0.88347
    outer loop
      vertex 12.7461 -0.245508 -4.94604
      vertex 2.54448 0 -10.3093
      vertex 12.7073 0 -4.98677
    endloop
  endfacet
  facet normal 0.462705 -0.0732765 -0.883479
    outer loop
      vertex 2.54448 0 -10.3093
      vertex 12.7461 -0.245508 -4.94604
      vertex 2.5056 -0.245508 -10.3093
    endloop
  endfacet
  facet normal 0.268497 -0.528648 -0.805258
    outer loop
      vertex -0.147654 -2.51665 -9.98744
      vertex -0.261674 -2.45855 -10.0636
      vertex -0.180525 -2.47141 -10.0281
    endloop
  endfacet
  facet normal -0.141554 -0.277802 -0.950152
    outer loop
      vertex -1.34198 -2.15829 -10.3093
      vertex -1.11013 -2.20563 -10.33
      vertex -1.12051 -2.27114 -10.3093
    endloop
  endfacet
  facet normal -0.141554 -0.277805 -0.950151
    outer loop
      vertex -1.11013 -2.20563 -10.33
      vertex -1.34198 -2.15829 -10.3093
      vertex -1.30444 -2.10662 -10.33
    endloop
  endfacet
  facet normal 0.422054 0.415276 -0.805863
    outer loop
      vertex 15.4994 0.727346 -3.31083
      vertex 19.1 0.466985 -1.55926
      vertex 15.6321 0.466985 -3.3755
    endloop
  endfacet
  facet normal 0.422071 0.415154 -0.805917
    outer loop
      vertex 19.1 0.466985 -1.55926
      vertex 15.4994 0.727346 -3.31083
      vertex 19.4584 0.727346 -1.23744
    endloop
  endfacet
  facet normal 0.422077 0.415156 -0.805913
    outer loop
      vertex 12.7824 0.466985 -4.86793
      vertex 2.75111 0.727346 -9.98744
      vertex 12.9151 0.727346 -4.66431
    endloop
  endfacet
  facet normal 0.422081 0.415135 -0.805923
    outer loop
      vertex 2.42604 0.466985 -10.2918
      vertex 2.75111 0.727346 -9.98744
      vertex 12.7824 0.466985 -4.86793
    endloop
  endfacet
  facet normal 0.424002 0.412899 -0.806062
    outer loop
      vertex 2.75111 0.727346 -9.98744
      vertex 2.42604 0.466985 -10.2918
      vertex 2.4226 0.488673 -10.2825
    endloop
  endfacet
  facet normal -0.210949 -0.413774 -0.885602
    outer loop
      vertex -6.35363 -11.0048 -4.98221
      vertex -1.12051 -2.27114 -10.3093
      vertex -6.22366 -11.1101 -4.96397
    endloop
  endfacet
  facet normal -0.210864 -0.413823 -0.8856
    outer loop
      vertex -1.12051 -2.27114 -10.3093
      vertex -6.35363 -11.0048 -4.98221
      vertex -1.34198 -2.15829 -10.3093
    endloop
  endfacet
  facet normal -0.210715 -0.413906 -0.885596
    outer loop
      vertex -1.34198 -2.15829 -10.3093
      vertex -6.35363 -11.0048 -4.98221
      vertex -6.43213 -10.9747 -4.9776
    endloop
  endfacet
  facet normal -0.210791 -0.413854 -0.885603
    outer loop
      vertex -9.47414 -16.7401 -1.55926
      vertex -7.85363 -13.6029 -3.41103
      vertex -7.6975 -13.6628 -3.4202
    endloop
  endfacet
  facet normal -0.210935 -0.41378 -0.885603
    outer loop
      vertex -9.69561 -16.6272 -1.55926
      vertex -7.85363 -13.6029 -3.41103
      vertex -9.47414 -16.7401 -1.55926
    endloop
  endfacet
  facet normal -0.210785 -0.413868 -0.885597
    outer loop
      vertex -7.85363 -13.6029 -3.41103
      vertex -9.69561 -16.6272 -1.55926
      vertex -7.91897 -13.55 -3.4202
    endloop
  endfacet
  facet normal -0.585355 0.0925937 -0.805473
    outer loop
      vertex -1.97646 1.51554 -10.0862
      vertex -2.05187 1.89793 -9.98744
      vertex -1.82297 1.66903 -10.1801
    endloop
  endfacet
  facet normal -0.585119 0.0926819 -0.805634
    outer loop
      vertex -2.05187 1.89793 -9.98744
      vertex -1.97646 1.51554 -10.0862
      vertex -2.11244 1.51554 -9.98744
    endloop
  endfacet
  facet normal -0.565023 0.16277 -0.80886
    outer loop
      vertex -2.05187 1.89793 -9.98744
      vertex -1.66733 1.82467 -10.2708
      vertex -1.70634 1.78566 -10.2514
    endloop
  endfacet
  facet normal -0.564981 0.162959 -0.808852
    outer loop
      vertex -2.05187 1.89793 -9.98744
      vertex -6.86807 10.8326 -4.82327
      vertex -1.66733 1.82467 -10.2708
    endloop
  endfacet
  facet normal -0.564954 0.162982 -0.808866
    outer loop
      vertex -6.86807 10.8326 -4.82327
      vertex -2.05187 1.89793 -9.98744
      vertex -7.20027 10.8152 -4.59475
    endloop
  endfacet
  facet normal -0.564986 0.162954 -0.808849
    outer loop
      vertex -8.44114 12.9645 -3.295
      vertex -9.98423 16.23 -1.55926
      vertex -8.25997 13.2435 -3.36534
    endloop
  endfacet
  facet normal -0.564986 0.162954 -0.808849
    outer loop
      vertex -9.98423 16.23 -1.55926
      vertex -8.44114 12.9645 -3.295
      vertex -10.4055 16.3668 -1.23744
    endloop
  endfacet
  facet normal -0.940442 -0.148963 -0.30558
    outer loop
      vertex -10.8725 -16.5186 -0.27376
      vertex -10.9571 -15.9845 -0.27376
      vertex -10.7879 -15.9845 -0.794483
    endloop
  endfacet
  facet normal -0.268952 -0.528045 -0.805502
    outer loop
      vertex -9.61102 -17.1613 -1.23744
      vertex -9.95598 -16.9856 -1.23744
      vertex -9.47414 -16.7401 -1.55926
    endloop
  endfacet
  facet normal -0.527925 -0.269089 -0.805534
    outer loop
      vertex -9.87138 -16.4514 -1.55926
      vertex -10.2297 -16.7118 -1.23744
      vertex -9.98423 -16.23 -1.55926
    endloop
  endfacet
  facet normal -0.127173 -0.802472 -0.582981
    outer loop
      vertex -9.22863 -17.5437 -0.794483
      vertex -9.61102 -17.1613 -1.23744
      vertex -9.22863 -17.2219 -1.23744
    endloop
  endfacet
  facet normal -0.432349 -0.848361 -0.305545
    outer loop
      vertex -9.76275 -17.6283 -0.27376
      vertex -10.1451 -17.2459 -0.794483
      vertex -9.71047 -17.4674 -0.794483
    endloop
  endfacet
  facet normal 0.148958 -0.940442 0.305581
    outer loop
      vertex -9.22863 -17.5437 0.794483
      vertex -9.22863 -17.7129 0.27376
      vertex -8.69451 -17.6283 0.27376
    endloop
  endfacet
  facet normal 0.453976 -0.891014 0
    outer loop
      vertex -8.69451 -17.6283 -0.27376
      vertex -8.21267 -17.3828 0.27376
      vertex -8.69451 -17.6283 0.27376
    endloop
  endfacet
  facet normal 0.453976 -0.891014 0
    outer loop
      vertex -8.21267 -17.3828 0.27376
      vertex -8.69451 -17.6283 -0.27376
      vertex -8.21267 -17.3828 -0.27376
    endloop
  endfacet
  facet normal 0.528045 -0.268953 0.805502
    outer loop
      vertex 19.6341 -0.382388 1.23744
      vertex 19.2129 -0.245508 1.55926
      vertex 19.4584 -0.727346 1.23744
    endloop
  endfacet
  facet normal 0.723876 -0.368871 0.583042
    outer loop
      vertex 19.9402 -0.481838 0.794483
      vertex 19.6341 -0.382388 1.23744
      vertex 19.7187 -0.916511 0.794483
    endloop
  endfacet
  facet normal 0.314718 -0.617592 0.720786
    outer loop
      vertex -6.89504 -13.7818 3.28122
      vertex -8.50128 -16.9856 1.23744
      vertex -6.607 -13.7046 3.2216
    endloop
  endfacet
  facet normal 0.314548 -0.617568 0.720881
    outer loop
      vertex -8.50128 -16.9856 1.23744
      vertex -6.89504 -13.7818 3.28122
      vertex -8.84624 -17.1613 1.23744
    endloop
  endfacet
  facet normal 0.314685 -0.617586 0.720806
    outer loop
      vertex -0.492612 -2.69242 9.98744
      vertex -5.64225 -12.0336 4.23212
      vertex -0.147654 -2.51665 9.98744
    endloop
  endfacet
  facet normal 0.314567 -0.617564 0.720876
    outer loop
      vertex -5.64225 -12.0336 4.23212
      vertex -0.492612 -2.69242 9.98744
      vertex -5.71943 -11.7455 4.51261
    endloop
  endfacet
  facet normal -0.275291 -0.140338 -0.951063
    outer loop
      vertex -1.51775 -1.98253 -10.3093
      vertex -1.52635 -1.96566 -10.3093
      vertex -1.51296 -1.97905 -10.3112
    endloop
  endfacet
  facet normal -0.220548 0.220411 -0.950146
    outer loop
      vertex -1.46946 2.02254 -10.3112
      vertex -1.34198 2.15829 -10.3093
      vertex -1.30444 2.10662 -10.33
    endloop
  endfacet
  facet normal -0.218481 0.218531 -0.951058
    outer loop
      vertex -1.51775 1.98253 -10.3093
      vertex -1.46946 2.02254 -10.3112
      vertex -1.51296 1.97905 -10.3112
    endloop
  endfacet
  facet normal -0.218317 0.21833 -0.951141
    outer loop
      vertex -1.46946 2.02254 -10.3112
      vertex -1.51775 1.98253 -10.3093
      vertex -1.34198 2.15829 -10.3093
    endloop
  endfacet
  facet normal -0.0488156 -0.308159 -0.950082
    outer loop
      vertex -0.918882 -2.30308 -10.3093
      vertex -1.12051 -2.27114 -10.3093
      vertex -1.09187 -2.21494 -10.329
    endloop
  endfacet
  facet normal -0.09251 0.585364 -0.805475
    outer loop
      vertex -9.47414 16.7401 -1.55926
      vertex -9.61102 17.1613 -1.23744
      vertex -9.22863 16.7789 -1.55926
    endloop
  endfacet
  facet normal 0.09251 0.585364 -0.805475
    outer loop
      vertex -8.98312 16.7401 -1.55926
      vertex -9.22863 16.7789 -1.55926
      vertex -8.84624 17.1613 -1.23744
    endloop
  endfacet
  facet normal 0.0876503 0.552044 -0.829196
    outer loop
      vertex -7.4155 13.7711 -3.37019
      vertex -8.98312 16.7401 -1.55926
      vertex -7.27328 13.7785 -3.35023
    endloop
  endfacet
  facet normal 0.0870418 0.551843 -0.829393
    outer loop
      vertex -7.47815 13.747 -3.3928
      vertex -8.98312 16.7401 -1.55926
      vertex -7.4155 13.7711 -3.37019
    endloop
  endfacet
  facet normal 0.0872212 0.551899 -0.829337
    outer loop
      vertex -8.98312 16.7401 -1.55926
      vertex -7.47815 13.747 -3.3928
      vertex -9.22863 16.7789 -1.55926
    endloop
  endfacet
  facet normal 0.0878242 0.55212 -0.829127
    outer loop
      vertex -5.98891 11.3002 -4.86446
      vertex -0.697812 2.38948 -10.2377
      vertex -0.772542 2.37764 -10.2535
    endloop
  endfacet
  facet normal 0.0873808 0.551958 -0.829281
    outer loop
      vertex -6.04107 11.2579 -4.89807
      vertex -0.772542 2.37764 -10.2535
      vertex -0.881874 2.32193 -10.3021
    endloop
  endfacet
  facet normal 0.0875309 0.552009 -0.829231
    outer loop
      vertex -0.697812 2.38948 -10.2377
      vertex -5.98891 11.3002 -4.86446
      vertex -5.91135 11.4196 -4.77679
    endloop
  endfacet
  facet normal 0.0869636 0.5518 -0.82943
    outer loop
      vertex -0.772542 2.37764 -10.2535
      vertex -6.04107 11.2579 -4.89807
      vertex -5.98891 11.3002 -4.86446
    endloop
  endfacet
  facet normal 0.268497 0.528648 -0.805258
    outer loop
      vertex -0.180525 2.47141 -10.0281
      vertex -0.261674 2.45855 -10.0636
      vertex -0.147654 2.51665 -9.98744
    endloop
  endfacet
  facet normal 0.307637 0.0487208 -0.950256
    outer loop
      vertex 2.46444 0.224536 -10.3237
      vertex 2.54448 0 -10.3093
      vertex 2.5 0 -10.3237
    endloop
  endfacet
  facet normal 0.307629 0.0487178 -0.950258
    outer loop
      vertex 2.54448 0 -10.3093
      vertex 2.46444 0.224536 -10.3237
      vertex 2.5056 0.245508 -10.3093
    endloop
  endfacet
  facet normal 0.848377 0.432315 -0.30555
    outer loop
      vertex 19.9402 0.481838 -0.794483
      vertex 19.7187 0.916511 -0.794483
      vertex 20.1011 0.534122 -0.27376
    endloop
  endfacet
  facet normal 0.848387 0.43226 -0.305598
    outer loop
      vertex 20.1011 0.534122 -0.27376
      vertex 19.7187 0.916511 -0.794483
      vertex 19.8556 1.01596 -0.27376
    endloop
  endfacet
  facet normal 0.314718 0.617592 -0.720786
    outer loop
      vertex -6.89504 13.7818 -3.28122
      vertex -8.50128 16.9856 -1.23744
      vertex -6.607 13.7046 -3.2216
    endloop
  endfacet
  facet normal 0.314548 0.617568 -0.720881
    outer loop
      vertex -8.50128 16.9856 -1.23744
      vertex -6.89504 13.7818 -3.28122
      vertex -8.84624 17.1613 -1.23744
    endloop
  endfacet
  facet normal 0.314685 0.617586 -0.720806
    outer loop
      vertex -0.492612 2.69242 -9.98744
      vertex -5.64225 12.0336 -4.23212
      vertex -0.147654 2.51665 -9.98744
    endloop
  endfacet
  facet normal 0.314567 0.617564 -0.720876
    outer loop
      vertex -5.64225 12.0336 -4.23212
      vertex -0.492612 2.69242 -9.98744
      vertex -5.71943 11.7455 -4.51261
    endloop
  endfacet
  facet normal 0.405267 0.701945 -0.585689
    outer loop
      vertex 19.1846 1.00111 -1.23744
      vertex -8.31212 17.2459 -0.794483
      vertex 19.3738 1.26147 -0.794483
    endloop
  endfacet
  facet normal 0.4053 0.701998 -0.585602
    outer loop
      vertex -8.31212 17.2459 -0.794483
      vertex 19.1846 1.00111 -1.23744
      vertex -8.50128 16.9856 -1.23744
    endloop
  endfacet
  facet normal 0.5 0.866025 -0
    outer loop
      vertex 19.4732 1.39835 -0.27376
      vertex -8.21267 17.3828 0.27376
      vertex 19.4732 1.39835 0.27376
    endloop
  endfacet
  facet normal 0.5 0.866025 0
    outer loop
      vertex -8.21267 17.3828 0.27376
      vertex 19.4732 1.39835 -0.27376
      vertex -8.21267 17.3828 -0.27376
    endloop
  endfacet
  facet normal 0.891013 0.453978 0
    outer loop
      vertex 20.1011 0.534122 0.27376
      vertex 19.8556 1.01596 -0.27376
      vertex 19.8556 1.01596 0.27376
    endloop
  endfacet
  facet normal 0.891013 0.453978 0
    outer loop
      vertex 19.8556 1.01596 -0.27376
      vertex 20.1011 0.534122 0.27376
      vertex 20.1011 0.534122 -0.27376
    endloop
  endfacet
  facet normal 0.802441 -0.127068 0.583046
    outer loop
      vertex 20.0165 0 0.794483
      vertex 19.6341 -0.382388 1.23744
      vertex 19.9402 -0.481838 0.794483
    endloop
  endfacet
  facet normal 0.940458 -0.148923 0.305548
    outer loop
      vertex 20.0165 0 0.794483
      vertex 19.9402 -0.481838 0.794483
      vertex 20.1011 -0.534122 0.27376
    endloop
  endfacet
  facet normal 0.574569 0.574471 0.582969
    outer loop
      vertex 19.3738 1.26147 0.794483
      vertex 19.4584 0.727346 1.23744
      vertex 19.7187 0.916511 0.794483
    endloop
  endfacet
  facet normal 0.574442 0.574517 0.583049
    outer loop
      vertex 19.4584 0.727346 1.23744
      vertex 19.3738 1.26147 0.794483
      vertex 19.1846 1.00111 1.23744
    endloop
  endfacet
  facet normal 0.67329 0.673307 0.305512
    outer loop
      vertex 19.3738 1.26147 0.794483
      vertex 19.8556 1.01596 0.27376
      vertex 19.4732 1.39835 0.27376
    endloop
  endfacet
  facet normal 0.673337 0.673222 0.305596
    outer loop
      vertex 19.8556 1.01596 0.27376
      vertex 19.3738 1.26147 0.794483
      vertex 19.7187 0.916511 0.794483
    endloop
  endfacet
  facet normal -0.585355 -0.0925937 0.805473
    outer loop
      vertex -1.97646 -1.51554 10.0862
      vertex -2.05187 -1.89793 9.98744
      vertex -1.82297 -1.66903 10.1801
    endloop
  endfacet
  facet normal -0.585119 -0.0926819 0.805634
    outer loop
      vertex -2.05187 -1.89793 9.98744
      vertex -1.97646 -1.51554 10.0862
      vertex -2.11244 -1.51554 9.98744
    endloop
  endfacet
  facet normal -0.585231 -0.0927753 0.805542
    outer loop
      vertex -1.82297 -1.66903 10.1801
      vertex -2.05187 -1.89793 9.98744
      vertex -1.70634 -1.78566 10.2514
    endloop
  endfacet
  facet normal -0.585231 0.0927753 0.805542
    outer loop
      vertex -1.70634 1.78566 10.2514
      vertex -2.05187 1.89793 9.98744
      vertex -1.82297 1.66903 10.1801
    endloop
  endfacet
  facet normal -0.148923 0.940459 -0.305547
    outer loop
      vertex -9.71047 17.4674 -0.794483
      vertex -9.76275 17.6283 -0.27376
      vertex -9.22863 17.5437 -0.794483
    endloop
  endfacet
  facet normal 0.148958 0.940442 -0.305581
    outer loop
      vertex -8.69451 17.6283 -0.27376
      vertex -9.22863 17.5437 -0.794483
      vertex -9.22863 17.7129 -0.27376
    endloop
  endfacet
  facet normal -0.848384 0.432291 -0.305563
    outer loop
      vertex -10.7116 16.4663 -0.794483
      vertex -10.8725 16.5186 -0.27376
      vertex -10.4901 16.901 -0.794483
    endloop
  endfacet
  facet normal -0.574631 0.574463 -0.582916
    outer loop
      vertex -10.2297 16.7118 -1.23744
      vertex -10.1451 17.2459 -0.794483
      vertex -9.95598 16.9856 -1.23744
    endloop
  endfacet
  facet normal -0.574385 0.574552 -0.583071
    outer loop
      vertex -10.1451 17.2459 -0.794483
      vertex -10.2297 16.7118 -1.23744
      vertex -10.4901 16.901 -0.794483
    endloop
  endfacet
  facet normal -0.723856 0.368852 -0.583079
    outer loop
      vertex -10.4055 16.3668 -1.23744
      vertex -10.4901 16.901 -0.794483
      vertex -10.2297 16.7118 -1.23744
    endloop
  endfacet
  facet normal -0.269092 0.527864 -0.805574
    outer loop
      vertex -9.69561 16.6272 -1.55926
      vertex -9.95598 16.9856 -1.23744
      vertex -9.47414 16.7401 -1.55926
    endloop
  endfacet
  facet normal -0.210791 0.413854 -0.885603
    outer loop
      vertex -7.85363 13.6029 -3.41103
      vertex -9.47414 16.7401 -1.55926
      vertex -7.6975 13.6628 -3.4202
    endloop
  endfacet
  facet normal -0.210785 0.413868 -0.885597
    outer loop
      vertex -9.69561 16.6272 -1.55926
      vertex -7.85363 13.6029 -3.41103
      vertex -7.91897 13.55 -3.4202
    endloop
  endfacet
  facet normal -0.210935 0.41378 -0.885603
    outer loop
      vertex -7.85363 13.6029 -3.41103
      vertex -9.69561 16.6272 -1.55926
      vertex -9.47414 16.7401 -1.55926
    endloop
  endfacet
  facet normal -0.210864 0.413823 -0.8856
    outer loop
      vertex -6.35363 11.0048 -4.98221
      vertex -1.12051 2.27114 -10.3093
      vertex -1.34198 2.15829 -10.3093
    endloop
  endfacet
  facet normal -0.210949 0.413774 -0.885602
    outer loop
      vertex -1.12051 2.27114 -10.3093
      vertex -6.35363 11.0048 -4.98221
      vertex -6.22366 11.1101 -4.96397
    endloop
  endfacet
  facet normal -0.210715 0.413906 -0.885596
    outer loop
      vertex -6.35363 11.0048 -4.98221
      vertex -1.34198 2.15829 -10.3093
      vertex -6.43213 10.9747 -4.9776
    endloop
  endfacet
  facet normal -0.848384 -0.432292 -0.305563
    outer loop
      vertex -10.627 -17.0004 -0.27376
      vertex -10.8725 -16.5186 -0.27376
      vertex -10.4901 -16.901 -0.794483
    endloop
  endfacet
  facet normal -0.673267 0.673267 0.305653
    outer loop
      vertex -10.627 17.0004 0.27376
      vertex -10.1451 17.2459 0.794483
      vertex -10.2446 17.3828 0.27376
    endloop
  endfacet
  facet normal -0.673197 0.673393 0.305529
    outer loop
      vertex -10.1451 17.2459 0.794483
      vertex -10.627 17.0004 0.27376
      vertex -10.4901 16.901 0.794483
    endloop
  endfacet
  facet normal 0.148923 0.940459 0.305547
    outer loop
      vertex -8.69451 17.6283 0.27376
      vertex -9.22863 17.5437 0.794483
      vertex -8.74679 17.4674 0.794483
    endloop
  endfacet
  facet normal 0.148958 0.940442 0.305581
    outer loop
      vertex -9.22863 17.7129 0.27376
      vertex -9.22863 17.5437 0.794483
      vertex -8.69451 17.6283 0.27376
    endloop
  endfacet
  facet normal -0.0765503 -0.48323 0.87214
    outer loop
      vertex -7.6975 -13.6628 3.4202
      vertex -9.22863 -16.7789 1.55926
      vertex -7.47815 -13.747 3.3928
    endloop
  endfacet
  facet normal -0.0763799 -0.483299 0.872117
    outer loop
      vertex -9.22863 -16.7789 1.55926
      vertex -7.6975 -13.6628 3.4202
      vertex -9.47414 -16.7401 1.55926
    endloop
  endfacet
  facet normal -0.0765806 -0.483432 0.872026
    outer loop
      vertex -1.12051 -2.27114 10.3093
      vertex -0.881874 -2.32193 10.3021
      vertex -0.918882 -2.30308 10.3093
    endloop
  endfacet
  facet normal -0.0765359 -0.483237 0.872138
    outer loop
      vertex -1.12051 -2.27114 10.3093
      vertex -6.04107 -11.2579 4.89807
      vertex -0.881874 -2.32193 10.3021
    endloop
  endfacet
  facet normal -0.0764355 -0.483282 0.872121
    outer loop
      vertex -6.04107 -11.2579 4.89807
      vertex -1.12051 -2.27114 10.3093
      vertex -6.22366 -11.1101 4.96397
    endloop
  endfacet
  facet normal 0.432258 -0.848388 0.305599
    outer loop
      vertex -8.31212 -17.2459 0.794483
      vertex -8.69451 -17.6283 0.27376
      vertex -8.21267 -17.3828 0.27376
    endloop
  endfacet
  facet normal -0.802468 -0.127203 0.582978
    outer loop
      vertex -10.4661 -15.9845 1.23744
      vertex -10.7879 -15.9845 0.794483
      vertex -10.4055 -16.3668 1.23744
    endloop
  endfacet
  facet normal -0.527985 -0.269043 0.805511
    outer loop
      vertex -9.98423 -16.23 1.55926
      vertex -10.4055 -16.3668 1.23744
      vertex -10.2297 -16.7118 1.23744
    endloop
  endfacet
  facet normal 0.419005 -0.41907 0.805491
    outer loop
      vertex 2.37764 -0.772542 10.1582
      vertex 2.75111 -0.727346 9.98744
      vertex 2.4226 -0.488673 10.2825
    endloop
  endfacet
  facet normal 0.419011 -0.419005 0.805521
    outer loop
      vertex 2.75111 -0.727346 9.98744
      vertex 2.37764 -0.772542 10.1582
      vertex 2.47735 -1.00111 9.98744
    endloop
  endfacet
  facet normal 0.418981 -0.419023 0.805528
    outer loop
      vertex 2.47735 -1.00111 9.98744
      vertex 2.37764 -0.772542 10.1582
      vertex 2.35029 -0.826226 10.1445
    endloop
  endfacet
  facet normal 0.361562 -0.626373 0.690601
    outer loop
      vertex 0.772542 -2.37764 9.63161
      vertex -5.64225 -12.0336 4.23212
      vertex -5.61185 -12.1471 4.11326
    endloop
  endfacet
  facet normal 0.361658 -0.626408 0.690519
    outer loop
      vertex 2.02254 -1.46946 9.80078
      vertex 2.47735 -1.00111 9.98744
      vertex 2.17109 -1.17793 9.98744
    endloop
  endfacet
  facet normal 0.361664 -0.626391 0.690531
    outer loop
      vertex -0.147654 -2.51665 9.98744
      vertex 0 -2.5 9.92521
      vertex -0.0932355 -2.48523 9.98744
    endloop
  endfacet
  facet normal 0.361663 -0.626397 0.690526
    outer loop
      vertex -5.64225 -12.0336 4.23212
      vertex 0 -2.5 9.92521
      vertex -0.147654 -2.51665 9.98744
    endloop
  endfacet
  facet normal 0.361647 -0.626394 0.690537
    outer loop
      vertex -5.64225 -12.0336 4.23212
      vertex 0.772542 -2.37764 9.63161
      vertex 0 -2.5 9.92521
    endloop
  endfacet
  facet normal 0.361737 -0.626415 0.690471
    outer loop
      vertex -5.63641 -12.6157 3.701
      vertex 0.772542 -2.37764 9.63161
      vertex -5.61185 -12.1471 4.11326
    endloop
  endfacet
  facet normal 0.361655 -0.626397 0.69053
    outer loop
      vertex 0.772542 -2.37764 9.63161
      vertex -5.63641 -12.6157 3.701
      vertex 1.46946 -2.02254 9.58873
    endloop
  endfacet
  facet normal 0.361774 -0.626427 0.690441
    outer loop
      vertex -5.80459 -13.0538 3.39164
      vertex 1.46946 -2.02254 9.58873
      vertex -5.63641 -12.6157 3.701
    endloop
  endfacet
  facet normal 0.361646 -0.626397 0.690535
    outer loop
      vertex 1.46946 -2.02254 9.58873
      vertex -5.80459 -13.0538 3.39164
      vertex 2.02254 -1.46946 9.80078
    endloop
  endfacet
  facet normal 0.361632 -0.626393 0.690547
    outer loop
      vertex 2.02254 -1.46946 9.80078
      vertex -5.80459 -13.0538 3.39164
      vertex 2.47735 -1.00111 9.98744
    endloop
  endfacet
  facet normal 0.351918 -0.623751 0.697917
    outer loop
      vertex -5.80459 -13.0538 3.39164
      vertex -8.50128 -16.9856 1.23744
      vertex 2.47735 -1.00111 9.98744
    endloop
  endfacet
  facet normal 0.362439 -0.626596 0.689938
    outer loop
      vertex -6.09993 -13.4186 3.21548
      vertex -8.50128 -16.9856 1.23744
      vertex -5.80459 -13.0538 3.39164
    endloop
  endfacet
  facet normal 0.361642 -0.626393 0.690541
    outer loop
      vertex -6.49352 -13.6742 3.18975
      vertex -8.50128 -16.9856 1.23744
      vertex -6.09993 -13.4186 3.21548
    endloop
  endfacet
  facet normal 0.361618 -0.626389 0.690557
    outer loop
      vertex -8.50128 -16.9856 1.23744
      vertex -6.49352 -13.6742 3.18975
      vertex -6.607 -13.7046 3.2216
    endloop
  endfacet
  facet normal 0.419011 -0.419005 -0.805521
    outer loop
      vertex 2.37764 -0.772542 -10.1582
      vertex 2.75111 -0.727346 -9.98744
      vertex 2.47735 -1.00111 -9.98744
    endloop
  endfacet
  facet normal 0.419005 -0.41907 -0.805491
    outer loop
      vertex 2.75111 -0.727346 -9.98744
      vertex 2.37764 -0.772542 -10.1582
      vertex 2.4226 -0.488673 -10.2825
    endloop
  endfacet
  facet normal 0.418981 -0.419023 -0.805528
    outer loop
      vertex 2.37764 -0.772542 -10.1582
      vertex 2.47735 -1.00111 -9.98744
      vertex 2.35029 -0.826226 -10.1445
    endloop
  endfacet
  facet normal 0.277677 0.140823 -0.950297
    outer loop
      vertex 2.46329 0.231762 -10.3237
      vertex 2.4622 0.238635 -10.323
      vertex 2.5056 0.245508 -10.3093
    endloop
  endfacet
  facet normal -0.0765503 -0.48323 -0.87214
    outer loop
      vertex -9.22863 -16.7789 -1.55926
      vertex -7.6975 -13.6628 -3.4202
      vertex -7.47815 -13.747 -3.3928
    endloop
  endfacet
  facet normal -0.0763799 -0.483299 -0.872117
    outer loop
      vertex -7.6975 -13.6628 -3.4202
      vertex -9.22863 -16.7789 -1.55926
      vertex -9.47414 -16.7401 -1.55926
    endloop
  endfacet
  facet normal -0.0765806 -0.483432 -0.872026
    outer loop
      vertex -0.881874 -2.32193 -10.3021
      vertex -1.12051 -2.27114 -10.3093
      vertex -0.918882 -2.30308 -10.3093
    endloop
  endfacet
  facet normal -0.0765359 -0.483237 -0.872138
    outer loop
      vertex -6.04107 -11.2579 -4.89807
      vertex -1.12051 -2.27114 -10.3093
      vertex -0.881874 -2.32193 -10.3021
    endloop
  endfacet
  facet normal -0.0764355 -0.483282 -0.872121
    outer loop
      vertex -1.12051 -2.27114 -10.3093
      vertex -6.04107 -11.2579 -4.89807
      vertex -6.22366 -11.1101 -4.96397
    endloop
  endfacet
  facet normal 0.295106 -0.511115 -0.807263
    outer loop
      vertex -0.147654 -2.51665 -9.98744
      vertex -0.180525 -2.47141 -10.0281
      vertex -0.0932355 -2.48523 -9.98744
    endloop
  endfacet
  facet normal 0.294956 -0.510876 -0.807469
    outer loop
      vertex 2.47735 -1.00111 -9.98744
      vertex 2.17109 -1.17793 -9.98744
      vertex 2.35029 -0.826226 -10.1445
    endloop
  endfacet
  facet normal -0.707107 -0.707107 0
    outer loop
      vertex -10.2446 -17.3828 -0.27376
      vertex -10.627 -17.0004 0.27376
      vertex -10.627 -17.0004 -0.27376
    endloop
  endfacet
  facet normal -0.707107 -0.707107 0
    outer loop
      vertex -10.627 -17.0004 0.27376
      vertex -10.2446 -17.3828 -0.27376
      vertex -10.2446 -17.3828 0.27376
    endloop
  endfacet
  facet normal -0.848384 -0.432292 0.305563
    outer loop
      vertex -10.4901 -16.901 0.794483
      vertex -10.8725 -16.5186 0.27376
      vertex -10.627 -17.0004 0.27376
    endloop
  endfacet
  facet normal -0.940455 -0.148935 0.305553
    outer loop
      vertex -10.7879 -15.9845 0.794483
      vertex -10.8725 -16.5186 0.27376
      vertex -10.7116 -16.4663 0.794483
    endloop
  endfacet
  facet normal -0.802432 0.127077 0.583056
    outer loop
      vertex -10.7116 16.4663 0.794483
      vertex -10.7879 15.9845 0.794483
      vertex -10.4055 16.3668 1.23744
    endloop
  endfacet
  facet normal -0.527985 -0.269043 -0.805511
    outer loop
      vertex -10.2297 -16.7118 -1.23744
      vertex -10.4055 -16.3668 -1.23744
      vertex -9.98423 -16.23 -1.55926
    endloop
  endfacet
  facet normal -0.723856 -0.368852 -0.583079
    outer loop
      vertex -10.2297 -16.7118 -1.23744
      vertex -10.4901 -16.901 -0.794483
      vertex -10.4055 -16.3668 -1.23744
    endloop
  endfacet
  facet normal -0.127068 -0.802441 -0.583046
    outer loop
      vertex -9.22863 -17.5437 -0.794483
      vertex -9.71047 -17.4674 -0.794483
      vertex -9.61102 -17.1613 -1.23744
    endloop
  endfacet
  facet normal -0.368901 -0.723862 -0.58304
    outer loop
      vertex -9.71047 -17.4674 -0.794483
      vertex -10.1451 -17.2459 -0.794483
      vertex -9.61102 -17.1613 -1.23744
    endloop
  endfacet
  facet normal 0.432317 -0.848377 -0.305547
    outer loop
      vertex -8.69451 -17.6283 -0.27376
      vertex -8.74679 -17.4674 -0.794483
      vertex -8.31212 -17.2459 -0.794483
    endloop
  endfacet
  facet normal 0.148923 -0.940459 -0.305547
    outer loop
      vertex -8.69451 -17.6283 -0.27376
      vertex -9.22863 -17.5437 -0.794483
      vertex -8.74679 -17.4674 -0.794483
    endloop
  endfacet
  facet normal 0.141622 -0.57086 -0.808741
    outer loop
      vertex -8.84624 -17.1613 -1.23744
      vertex -6.94684 -13.7956 -3.28055
      vertex -6.89504 -13.7818 -3.28122
    endloop
  endfacet
  facet normal 0.142713 -0.571209 -0.808302
    outer loop
      vertex -8.98312 -16.7401 -1.55926
      vertex -6.94684 -13.7956 -3.28055
      vertex -8.84624 -17.1613 -1.23744
    endloop
  endfacet
  facet normal 0.142625 -0.571173 -0.808344
    outer loop
      vertex -6.94684 -13.7956 -3.28055
      vertex -8.98312 -16.7401 -1.55926
      vertex -7.27328 -13.7785 -3.35023
    endloop
  endfacet
  facet normal 0.142966 -0.570992 -0.808411
    outer loop
      vertex -0.492612 -2.69242 -9.98744
      vertex -0.697812 -2.38948 -10.2377
      vertex -0.58525 -2.40731 -10.2052
    endloop
  endfacet
  facet normal 0.142594 -0.571174 -0.808349
    outer loop
      vertex -5.73331 -11.6937 -4.55166
      vertex -0.492612 -2.69242 -9.98744
      vertex -5.71943 -11.7455 -4.51261
    endloop
  endfacet
  facet normal 0.142697 -0.571208 -0.808306
    outer loop
      vertex -5.91135 -11.4196 -4.77679
      vertex -0.492612 -2.69242 -9.98744
      vertex -5.73331 -11.6937 -4.55166
    endloop
  endfacet
  facet normal 0.142611 -0.571177 -0.808343
    outer loop
      vertex -0.492612 -2.69242 -9.98744
      vertex -5.91135 -11.4196 -4.77679
      vertex -0.697812 -2.38948 -10.2377
    endloop
  endfacet
  facet normal 0.269022 -0.52797 -0.805527
    outer loop
      vertex -0.492612 -2.69242 -9.98744
      vertex -0.261674 -2.45855 -10.0636
      vertex -0.147654 -2.51665 -9.98744
    endloop
  endfacet
  facet normal 0.268939 -0.52791 -0.805595
    outer loop
      vertex -0.261674 -2.45855 -10.0636
      vertex -0.492612 -2.69242 -9.98744
      vertex -0.58525 -2.40731 -10.2052
    endloop
  endfacet
  facet normal 0.5 -0.866025 0
    outer loop
      vertex -8.21267 -17.3828 -0.27376
      vertex 19.4732 -1.39835 0.27376
      vertex -8.21267 -17.3828 0.27376
    endloop
  endfacet
  facet normal 0.5 -0.866025 0
    outer loop
      vertex 19.4732 -1.39835 0.27376
      vertex -8.21267 -17.3828 -0.27376
      vertex 19.4732 -1.39835 -0.27376
    endloop
  endfacet
  facet normal 0.156441 -0.987687 0
    outer loop
      vertex -9.22863 -17.7129 -0.27376
      vertex -8.69451 -17.6283 0.27376
      vertex -9.22863 -17.7129 0.27376
    endloop
  endfacet
  facet normal 0.156441 -0.987687 0
    outer loop
      vertex -8.69451 -17.6283 0.27376
      vertex -9.22863 -17.7129 -0.27376
      vertex -8.69451 -17.6283 -0.27376
    endloop
  endfacet
  facet normal 0.891013 -0.453978 0
    outer loop
      vertex 19.8556 -1.01596 0.27376
      vertex 20.1011 -0.534122 -0.27376
      vertex 20.1011 -0.534122 0.27376
    endloop
  endfacet
  facet normal 0.891013 -0.453978 0
    outer loop
      vertex 20.1011 -0.534122 -0.27376
      vertex 19.8556 -1.01596 0.27376
      vertex 19.8556 -1.01596 -0.27376
    endloop
  endfacet
  facet normal -0.268952 0.528045 -0.805502
    outer loop
      vertex -9.47414 16.7401 -1.55926
      vertex -9.95598 16.9856 -1.23744
      vertex -9.61102 17.1613 -1.23744
    endloop
  endfacet
  facet normal 0.802471 0.127174 -0.582981
    outer loop
      vertex 19.6947 0 -1.23744
      vertex 19.6341 0.382388 -1.23744
      vertex 20.0165 0 -0.794483
    endloop
  endfacet
  facet normal 0.585206 0.0927422 -0.805563
    outer loop
      vertex 19.6947 0 -1.23744
      vertex 19.2517 0 -1.55926
      vertex 19.6341 0.382388 -1.23744
    endloop
  endfacet
  facet normal 0.420843 0.420935 -0.803558
    outer loop
      vertex 2.75111 0.727346 -9.98744
      vertex 12.9937 0.881678 -4.5423
      vertex 12.9151 0.727346 -4.66431
    endloop
  endfacet
  facet normal 0.420861 0.420855 -0.80359
    outer loop
      vertex 2.47735 1.00111 -9.98744
      vertex 12.9937 0.881678 -4.5423
      vertex 2.75111 0.727346 -9.98744
    endloop
  endfacet
  facet normal 0.420899 0.420669 -0.803667
    outer loop
      vertex 12.9937 0.881678 -4.5423
      vertex 2.47735 1.00111 -9.98744
      vertex 13.1132 1.00111 -4.4172
    endloop
  endfacet
  facet normal 0.420845 0.4209 -0.803575
    outer loop
      vertex 15.4994 0.727346 -3.31083
      vertex 19.1846 1.00111 -1.23744
      vertex 19.4584 0.727346 -1.23744
    endloop
  endfacet
  facet normal 0.420884 0.420763 -0.803626
    outer loop
      vertex 15.4208 0.881678 -3.27119
      vertex 19.1846 1.00111 -1.23744
      vertex 15.4994 0.727346 -3.31083
    endloop
  endfacet
  facet normal 0.420882 0.420769 -0.803624
    outer loop
      vertex 19.1846 1.00111 -1.23744
      vertex 15.4208 0.881678 -3.27119
      vertex 15.3014 1.00111 -3.27119
    endloop
  endfacet
  facet normal -0.141571 -0.277799 -0.95015
    outer loop
      vertex -1.10077 -2.2104 -10.33
      vertex -1.12051 -2.27114 -10.3093
      vertex -1.11013 -2.20563 -10.33
    endloop
  endfacet
  facet normal -0.141554 0.277805 -0.950151
    outer loop
      vertex -1.34198 2.15829 -10.3093
      vertex -1.11013 2.20563 -10.33
      vertex -1.30444 2.10662 -10.33
    endloop
  endfacet
  facet normal -0.141554 0.277802 -0.950152
    outer loop
      vertex -1.11013 2.20563 -10.33
      vertex -1.34198 2.15829 -10.3093
      vertex -1.12051 2.27114 -10.3093
    endloop
  endfacet
  facet normal 0.67329 0.673307 -0.305512
    outer loop
      vertex 19.8556 1.01596 -0.27376
      vertex 19.3738 1.26147 -0.794483
      vertex 19.4732 1.39835 -0.27376
    endloop
  endfacet
  facet normal 0.673337 0.673222 -0.305596
    outer loop
      vertex 19.3738 1.26147 -0.794483
      vertex 19.8556 1.01596 -0.27376
      vertex 19.7187 0.916511 -0.794483
    endloop
  endfacet
  facet normal 0.707098 0.707116 0
    outer loop
      vertex 19.8556 1.01596 0.27376
      vertex 19.4732 1.39835 -0.27376
      vertex 19.4732 1.39835 0.27376
    endloop
  endfacet
  facet normal 0.707098 0.707116 0
    outer loop
      vertex 19.4732 1.39835 -0.27376
      vertex 19.8556 1.01596 0.27376
      vertex 19.8556 1.01596 -0.27376
    endloop
  endfacet
  facet normal 0.848377 0.432315 0.30555
    outer loop
      vertex 20.1011 0.534122 0.27376
      vertex 19.7187 0.916511 0.794483
      vertex 19.9402 0.481838 0.794483
    endloop
  endfacet
  facet normal 0.723876 0.368871 0.583042
    outer loop
      vertex 19.7187 0.916511 0.794483
      vertex 19.6341 0.382388 1.23744
      vertex 19.9402 0.481838 0.794483
    endloop
  endfacet
  facet normal 0.527871 0.269087 0.805571
    outer loop
      vertex 19.4584 0.727346 1.23744
      vertex 19.1 0.466985 1.55926
      vertex 19.2129 0.245508 1.55926
    endloop
  endfacet
  facet normal 0.528045 0.268953 0.805502
    outer loop
      vertex 19.4584 0.727346 1.23744
      vertex 19.2129 0.245508 1.55926
      vertex 19.6341 0.382388 1.23744
    endloop
  endfacet
  facet normal 0.475783 0.824081 0.307444
    outer loop
      vertex -8.21267 17.3828 0.27376
      vertex 19.3738 1.26147 0.794483
      vertex 19.4732 1.39835 0.27376
    endloop
  endfacet
  facet normal 0.475771 0.824062 0.307514
    outer loop
      vertex 19.3738 1.26147 0.794483
      vertex -8.21267 17.3828 0.27376
      vertex -8.31212 17.2459 0.794483
    endloop
  endfacet
  facet normal 0.405267 0.701945 0.585689
    outer loop
      vertex -8.31212 17.2459 0.794483
      vertex 19.1846 1.00111 1.23744
      vertex 19.3738 1.26147 0.794483
    endloop
  endfacet
  facet normal 0.4053 0.701998 0.585602
    outer loop
      vertex 19.1846 1.00111 1.23744
      vertex -8.31212 17.2459 0.794483
      vertex -8.50128 16.9856 1.23744
    endloop
  endfacet
  facet normal 0.277563 0.141431 0.95024
    outer loop
      vertex 2.5056 0.245508 10.3093
      vertex 2.44105 0.372189 10.3093
      vertex 2.4622 0.238635 10.323
    endloop
  endfacet
  facet normal 0.277677 0.140823 0.950297
    outer loop
      vertex 2.5056 0.245508 10.3093
      vertex 2.4622 0.238635 10.323
      vertex 2.46329 0.231762 10.3237
    endloop
  endfacet
  facet normal 0.0876503 0.552044 0.829196
    outer loop
      vertex -8.98312 16.7401 1.55926
      vertex -7.4155 13.7711 3.37019
      vertex -7.27328 13.7785 3.35023
    endloop
  endfacet
  facet normal 0.0870418 0.551843 0.829393
    outer loop
      vertex -8.98312 16.7401 1.55926
      vertex -7.47815 13.747 3.3928
      vertex -7.4155 13.7711 3.37019
    endloop
  endfacet
  facet normal 0.0872212 0.551899 0.829337
    outer loop
      vertex -7.47815 13.747 3.3928
      vertex -8.98312 16.7401 1.55926
      vertex -9.22863 16.7789 1.55926
    endloop
  endfacet
  facet normal 0.0875309 0.552009 0.829231
    outer loop
      vertex -5.98891 11.3002 4.86446
      vertex -0.697812 2.38948 10.2377
      vertex -5.91135 11.4196 4.77679
    endloop
  endfacet
  facet normal 0.0878242 0.55212 0.829127
    outer loop
      vertex -0.697812 2.38948 10.2377
      vertex -5.98891 11.3002 4.86446
      vertex -0.772542 2.37764 10.2535
    endloop
  endfacet
  facet normal 0.0869636 0.5518 0.82943
    outer loop
      vertex -6.04107 11.2579 4.89807
      vertex -0.772542 2.37764 10.2535
      vertex -5.98891 11.3002 4.86446
    endloop
  endfacet
  facet normal 0.0873808 0.551958 0.829281
    outer loop
      vertex -0.772542 2.37764 10.2535
      vertex -6.04107 11.2579 4.89807
      vertex -0.881874 2.32193 10.3021
    endloop
  endfacet
  facet normal -0.574631 0.574463 0.582916
    outer loop
      vertex -10.1451 17.2459 0.794483
      vertex -10.2297 16.7118 1.23744
      vertex -9.95598 16.9856 1.23744
    endloop
  endfacet
  facet normal -0.574385 0.574552 0.583071
    outer loop
      vertex -10.2297 16.7118 1.23744
      vertex -10.1451 17.2459 0.794483
      vertex -10.4901 16.901 0.794483
    endloop
  endfacet
  facet normal 0.277677 -0.140823 0.950297
    outer loop
      vertex 2.46329 -0.231762 10.3237
      vertex 2.4622 -0.238635 10.323
      vertex 2.5056 -0.245508 10.3093
    endloop
  endfacet
  facet normal -0.707107 0.707107 0
    outer loop
      vertex -10.627 17.0004 -0.27376
      vertex -10.2446 17.3828 0.27376
      vertex -10.2446 17.3828 -0.27376
    endloop
  endfacet
  facet normal -0.707107 0.707107 0
    outer loop
      vertex -10.2446 17.3828 0.27376
      vertex -10.627 17.0004 -0.27376
      vertex -10.627 17.0004 0.27376
    endloop
  endfacet
  facet normal -0.368772 0.724028 0.582916
    outer loop
      vertex -9.61102 17.1613 1.23744
      vertex -10.1451 17.2459 0.794483
      vertex -9.95598 16.9856 1.23744
    endloop
  endfacet
  facet normal -0.940442 0.148963 -0.30558
    outer loop
      vertex -10.7879 15.9845 -0.794483
      vertex -10.9571 15.9845 -0.27376
      vertex -10.8725 16.5186 -0.27376
    endloop
  endfacet
  facet normal -0.723866 0.368844 -0.583071
    outer loop
      vertex -10.4055 16.3668 -1.23744
      vertex -10.7116 16.4663 -0.794483
      vertex -10.4901 16.901 -0.794483
    endloop
  endfacet
  facet normal -0.156441 0.987687 0
    outer loop
      vertex -9.22863 17.7129 -0.27376
      vertex -9.76275 17.6283 0.27376
      vertex -9.22863 17.7129 0.27376
    endloop
  endfacet
  facet normal -0.156441 0.987687 0
    outer loop
      vertex -9.76275 17.6283 0.27376
      vertex -9.22863 17.7129 -0.27376
      vertex -9.76275 17.6283 -0.27376
    endloop
  endfacet
  facet normal -0.527925 0.269089 -0.805534
    outer loop
      vertex -9.98423 16.23 -1.55926
      vertex -10.2297 16.7118 -1.23744
      vertex -9.87138 16.4514 -1.55926
    endloop
  endfacet
  facet normal -0.527985 0.269043 -0.805511
    outer loop
      vertex -9.98423 16.23 -1.55926
      vertex -10.4055 16.3668 -1.23744
      vertex -10.2297 16.7118 -1.23744
    endloop
  endfacet
  facet normal -0.564986 -0.162954 -0.808849
    outer loop
      vertex -9.98423 -16.23 -1.55926
      vertex -8.44114 -12.9645 -3.295
      vertex -8.25997 -13.2435 -3.36534
    endloop
  endfacet
  facet normal -0.564986 -0.162954 -0.808849
    outer loop
      vertex -8.44114 -12.9645 -3.295
      vertex -9.98423 -16.23 -1.55926
      vertex -10.4055 -16.3668 -1.23744
    endloop
  endfacet
  facet normal -0.565023 -0.16277 -0.80886
    outer loop
      vertex -1.66733 -1.82467 -10.2708
      vertex -2.05187 -1.89793 -9.98744
      vertex -1.70634 -1.78566 -10.2514
    endloop
  endfacet
  facet normal -0.564981 -0.162959 -0.808852
    outer loop
      vertex -6.86807 -10.8326 -4.82327
      vertex -2.05187 -1.89793 -9.98744
      vertex -1.66733 -1.82467 -10.2708
    endloop
  endfacet
  facet normal -0.564954 -0.162982 -0.808866
    outer loop
      vertex -2.05187 -1.89793 -9.98744
      vertex -6.86807 -10.8326 -4.82327
      vertex -7.20027 -10.8152 -4.59475
    endloop
  endfacet
  facet normal -0.890999 0.454006 0
    outer loop
      vertex -10.8725 16.5186 -0.27376
      vertex -10.627 17.0004 0.27376
      vertex -10.627 17.0004 -0.27376
    endloop
  endfacet
  facet normal -0.890999 0.454006 0
    outer loop
      vertex -10.627 17.0004 0.27376
      vertex -10.8725 16.5186 -0.27376
      vertex -10.8725 16.5186 0.27376
    endloop
  endfacet
  facet normal -0.723856 0.368852 0.583079
    outer loop
      vertex -10.2297 16.7118 1.23744
      vertex -10.4901 16.901 0.794483
      vertex -10.4055 16.3668 1.23744
    endloop
  endfacet
  facet normal -0.723866 0.368844 0.583071
    outer loop
      vertex -10.4901 16.901 0.794483
      vertex -10.7116 16.4663 0.794483
      vertex -10.4055 16.3668 1.23744
    endloop
  endfacet
  facet normal -0.47188 0.240522 0.848221
    outer loop
      vertex -9.98423 16.23 1.55926
      vertex -8.10789 13.397 3.40643
      vertex -9.87138 16.4514 1.55926
    endloop
  endfacet
  facet normal -0.471999 0.24042 0.848184
    outer loop
      vertex -8.10789 13.397 3.40643
      vertex -9.98423 16.23 1.55926
      vertex -8.21835 13.3075 3.37033
    endloop
  endfacet
  facet normal -0.471732 0.240635 0.848271
    outer loop
      vertex -8.21835 13.3075 3.37033
      vertex -9.98423 16.23 1.55926
      vertex -8.25997 13.2435 3.36534
    endloop
  endfacet
  facet normal -0.472363 0.240801 0.847873
    outer loop
      vertex -1.51775 1.98253 10.3093
      vertex -1.66733 1.82467 10.2708
      vertex -1.52635 1.96566 10.3093
    endloop
  endfacet
  facet normal -0.472029 0.240404 0.848171
    outer loop
      vertex -6.79176 10.8366 4.8646
      vertex -1.51775 1.98253 10.3093
      vertex -6.65907 10.8876 4.92399
    endloop
  endfacet
  facet normal -0.472024 0.240408 0.848173
    outer loop
      vertex -1.51775 1.98253 10.3093
      vertex -6.79176 10.8366 4.8646
      vertex -1.66733 1.82467 10.2708
    endloop
  endfacet
  facet normal -0.471986 0.240437 0.848186
    outer loop
      vertex -1.66733 1.82467 10.2708
      vertex -6.79176 10.8366 4.8646
      vertex -6.86807 10.8326 4.82327
    endloop
  endfacet
  facet normal -0.269092 0.527864 0.805574
    outer loop
      vertex -9.47414 16.7401 1.55926
      vertex -9.95598 16.9856 1.23744
      vertex -9.69561 16.6272 1.55926
    endloop
  endfacet
  facet normal -0.09251 0.585364 0.805475
    outer loop
      vertex -9.22863 16.7789 1.55926
      vertex -9.61102 17.1613 1.23744
      vertex -9.47414 16.7401 1.55926
    endloop
  endfacet
  facet normal -0.432349 0.848361 0.305545
    outer loop
      vertex -9.76275 17.6283 0.27376
      vertex -10.1451 17.2459 0.794483
      vertex -9.71047 17.4674 0.794483
    endloop
  endfacet
  facet normal 0.368873 -0.723875 0.583042
    outer loop
      vertex -8.31212 -17.2459 0.794483
      vertex -8.84624 -17.1613 1.23744
      vertex -8.74679 -17.4674 0.794483
    endloop
  endfacet
  facet normal -0.432349 -0.848361 0.305545
    outer loop
      vertex -9.71047 -17.4674 0.794483
      vertex -10.1451 -17.2459 0.794483
      vertex -9.76275 -17.6283 0.27376
    endloop
  endfacet
  facet normal -0.673197 -0.673393 0.305529
    outer loop
      vertex -10.627 -17.0004 0.27376
      vertex -10.1451 -17.2459 0.794483
      vertex -10.4901 -16.901 0.794483
    endloop
  endfacet
  facet normal -0.673267 -0.673267 0.305653
    outer loop
      vertex -10.1451 -17.2459 0.794483
      vertex -10.627 -17.0004 0.27376
      vertex -10.2446 -17.3828 0.27376
    endloop
  endfacet
  facet normal -0.275291 -0.140338 0.951063
    outer loop
      vertex -1.51296 -1.97905 10.3112
      vertex -1.52635 -1.96566 10.3093
      vertex -1.51775 -1.98253 10.3093
    endloop
  endfacet
  facet normal -0.220548 -0.220411 0.950146
    outer loop
      vertex -1.46946 -2.02254 10.3112
      vertex -1.34198 -2.15829 10.3093
      vertex -1.30444 -2.10662 10.33
    endloop
  endfacet
  facet normal -0.218481 -0.218531 0.951058
    outer loop
      vertex -1.51775 -1.98253 10.3093
      vertex -1.46946 -2.02254 10.3112
      vertex -1.51296 -1.97905 10.3112
    endloop
  endfacet
  facet normal -0.218317 -0.21833 0.951141
    outer loop
      vertex -1.46946 -2.02254 10.3112
      vertex -1.51775 -1.98253 10.3093
      vertex -1.34198 -2.15829 10.3093
    endloop
  endfacet
  facet normal -0.472363 -0.240801 0.847873
    outer loop
      vertex -1.66733 -1.82467 10.2708
      vertex -1.51775 -1.98253 10.3093
      vertex -1.52635 -1.96566 10.3093
    endloop
  endfacet
  facet normal -0.472024 -0.240408 0.848173
    outer loop
      vertex -6.79176 -10.8366 4.8646
      vertex -1.51775 -1.98253 10.3093
      vertex -1.66733 -1.82467 10.2708
    endloop
  endfacet
  facet normal -0.472029 -0.240404 0.848171
    outer loop
      vertex -1.51775 -1.98253 10.3093
      vertex -6.79176 -10.8366 4.8646
      vertex -6.65907 -10.8876 4.92399
    endloop
  endfacet
  facet normal -0.471986 -0.240437 0.848186
    outer loop
      vertex -6.79176 -10.8366 4.8646
      vertex -1.66733 -1.82467 10.2708
      vertex -6.86807 -10.8326 4.82327
    endloop
  endfacet
  facet normal -0.471999 -0.24042 0.848184
    outer loop
      vertex -9.98423 -16.23 1.55926
      vertex -8.10789 -13.397 3.40643
      vertex -8.21835 -13.3075 3.37033
    endloop
  endfacet
  facet normal -0.471732 -0.240635 0.848271
    outer loop
      vertex -9.98423 -16.23 1.55926
      vertex -8.21835 -13.3075 3.37033
      vertex -8.25997 -13.2435 3.36534
    endloop
  endfacet
  facet normal -0.47188 -0.240522 0.848221
    outer loop
      vertex -8.10789 -13.397 3.40643
      vertex -9.98423 -16.23 1.55926
      vertex -9.87138 -16.4514 1.55926
    endloop
  endfacet
  facet normal 0.269022 -0.52797 0.805527
    outer loop
      vertex -0.261674 -2.45855 10.0636
      vertex -0.492612 -2.69242 9.98744
      vertex -0.147654 -2.51665 9.98744
    endloop
  endfacet
  facet normal 0.268939 -0.52791 0.805595
    outer loop
      vertex -0.492612 -2.69242 9.98744
      vertex -0.261674 -2.45855 10.0636
      vertex -0.58525 -2.40731 10.2052
    endloop
  endfacet
  facet normal 0.268497 -0.528648 0.805258
    outer loop
      vertex -0.180525 -2.47141 10.0281
      vertex -0.261674 -2.45855 10.0636
      vertex -0.147654 -2.51665 9.98744
    endloop
  endfacet
  facet normal -0.141554 -0.277805 0.950151
    outer loop
      vertex -1.34198 -2.15829 10.3093
      vertex -1.11013 -2.20563 10.33
      vertex -1.30444 -2.10662 10.33
    endloop
  endfacet
  facet normal -0.141554 -0.277802 0.950152
    outer loop
      vertex -1.11013 -2.20563 10.33
      vertex -1.34198 -2.15829 10.3093
      vertex -1.12051 -2.27114 10.3093
    endloop
  endfacet
  facet normal -0.337029 -0.337048 0.879096
    outer loop
      vertex -6.65907 -10.8876 4.92399
      vertex -1.34198 -2.15829 10.3093
      vertex -1.51775 -1.98253 10.3093
    endloop
  endfacet
  facet normal -0.337028 -0.337048 0.879096
    outer loop
      vertex -1.34198 -2.15829 10.3093
      vertex -6.65907 -10.8876 4.92399
      vertex -6.43213 -10.9747 4.9776
    endloop
  endfacet
  facet normal -0.337038 -0.337046 0.879094
    outer loop
      vertex -9.87138 -16.4514 1.55926
      vertex -7.91897 -13.55 3.4202
      vertex -8.10789 -13.397 3.40643
    endloop
  endfacet
  facet normal -0.337075 -0.337018 0.87909
    outer loop
      vertex -7.91897 -13.55 3.4202
      vertex -9.87138 -16.4514 1.55926
      vertex -9.69561 -16.6272 1.55926
    endloop
  endfacet
  facet normal 0.4053 -0.701998 0.585602
    outer loop
      vertex -8.31212 -17.2459 0.794483
      vertex 19.1846 -1.00111 1.23744
      vertex -8.50128 -16.9856 1.23744
    endloop
  endfacet
  facet normal 0.405267 -0.701945 0.585689
    outer loop
      vertex 19.1846 -1.00111 1.23744
      vertex -8.31212 -17.2459 0.794483
      vertex 19.3738 -1.26147 0.794483
    endloop
  endfacet
  facet normal -0.148923 -0.940459 0.305547
    outer loop
      vertex -9.71047 -17.4674 0.794483
      vertex -9.76275 -17.6283 0.27376
      vertex -9.22863 -17.5437 0.794483
    endloop
  endfacet
  facet normal -0.127068 -0.802441 0.583046
    outer loop
      vertex -9.61102 -17.1613 1.23744
      vertex -9.71047 -17.4674 0.794483
      vertex -9.22863 -17.5437 0.794483
    endloop
  endfacet
  facet normal -0.432246 -0.848381 -0.305636
    outer loop
      vertex -9.76275 -17.6283 -0.27376
      vertex -10.2446 -17.3828 -0.27376
      vertex -10.1451 -17.2459 -0.794483
    endloop
  endfacet
  facet normal -0.156441 -0.987687 0
    outer loop
      vertex -9.76275 -17.6283 -0.27376
      vertex -9.22863 -17.7129 0.27376
      vertex -9.76275 -17.6283 0.27376
    endloop
  endfacet
  facet normal -0.156441 -0.987687 -0
    outer loop
      vertex -9.22863 -17.7129 0.27376
      vertex -9.76275 -17.6283 -0.27376
      vertex -9.22863 -17.7129 -0.27376
    endloop
  endfacet
  facet normal -0.951053 0 0.309028
    outer loop
      vertex -10.9571 -15.9845 0.27376
      vertex -10.7879 15.9845 0.794483
      vertex -10.9571 15.9845 0.27376
    endloop
  endfacet
  facet normal -0.951053 0 0.309028
    outer loop
      vertex -10.7879 15.9845 0.794483
      vertex -10.9571 -15.9845 0.27376
      vertex -10.7879 -15.9845 0.794483
    endloop
  endfacet
  facet normal -0.809041 0 0.587753
    outer loop
      vertex -10.7879 -15.9845 0.794483
      vertex -10.4661 15.9845 1.23744
      vertex -10.7879 15.9845 0.794483
    endloop
  endfacet
  facet normal -0.809041 0 0.587753
    outer loop
      vertex -10.4661 15.9845 1.23744
      vertex -10.7879 -15.9845 0.794483
      vertex -10.4661 -15.9845 1.23744
    endloop
  endfacet
  facet normal -0.337028 -0.337048 -0.879096
    outer loop
      vertex -6.65907 -10.8876 -4.92399
      vertex -1.34198 -2.15829 -10.3093
      vertex -6.43213 -10.9747 -4.9776
    endloop
  endfacet
  facet normal -0.337029 -0.337048 -0.879096
    outer loop
      vertex -1.34198 -2.15829 -10.3093
      vertex -6.65907 -10.8876 -4.92399
      vertex -1.51775 -1.98253 -10.3093
    endloop
  endfacet
  facet normal -0.337075 -0.337018 -0.87909
    outer loop
      vertex -9.87138 -16.4514 -1.55926
      vertex -7.91897 -13.55 -3.4202
      vertex -9.69561 -16.6272 -1.55926
    endloop
  endfacet
  facet normal -0.337038 -0.337046 -0.879094
    outer loop
      vertex -7.91897 -13.55 -3.4202
      vertex -9.87138 -16.4514 -1.55926
      vertex -8.10789 -13.397 -3.40643
    endloop
  endfacet
  facet normal 0.0927417 -0.585206 -0.805563
    outer loop
      vertex -8.84624 -17.1613 -1.23744
      vertex -9.22863 -17.2219 -1.23744
      vertex -9.22863 -16.7789 -1.55926
    endloop
  endfacet
  facet normal 0.127173 -0.802472 -0.582981
    outer loop
      vertex -8.84624 -17.1613 -1.23744
      vertex -9.22863 -17.5437 -0.794483
      vertex -9.22863 -17.2219 -1.23744
    endloop
  endfacet
  facet normal 0.368765 -0.724014 0.582938
    outer loop
      vertex -8.50128 -16.9856 1.23744
      vertex -8.84624 -17.1613 1.23744
      vertex -8.31212 -17.2459 0.794483
    endloop
  endfacet
  facet normal 0.127068 -0.802441 0.583046
    outer loop
      vertex -8.84624 -17.1613 1.23744
      vertex -9.22863 -17.5437 0.794483
      vertex -8.74679 -17.4674 0.794483
    endloop
  endfacet
  facet normal -0.148958 -0.940442 0.305581
    outer loop
      vertex -9.22863 -17.5437 0.794483
      vertex -9.76275 -17.6283 0.27376
      vertex -9.22863 -17.7129 0.27376
    endloop
  endfacet
  facet normal -0.453969 -0.891018 0
    outer loop
      vertex -10.2446 -17.3828 -0.27376
      vertex -9.76275 -17.6283 0.27376
      vertex -10.2446 -17.3828 0.27376
    endloop
  endfacet
  facet normal -0.453969 -0.891018 -0
    outer loop
      vertex -9.76275 -17.6283 0.27376
      vertex -10.2446 -17.3828 -0.27376
      vertex -9.76275 -17.6283 -0.27376
    endloop
  endfacet
  facet normal 0.848387 -0.43226 0.305598
    outer loop
      vertex 20.1011 -0.534122 0.27376
      vertex 19.7187 -0.916511 0.794483
      vertex 19.8556 -1.01596 0.27376
    endloop
  endfacet
  facet normal -0.0501157 -0.307543 -0.950214
    outer loop
      vertex -1.09187 -2.21494 -10.329
      vertex -1.12051 -2.27114 -10.3093
      vertex -1.10077 -2.2104 -10.33
    endloop
  endfacet
  facet normal -0.0488156 0.308159 -0.950082
    outer loop
      vertex -1.09187 2.21494 -10.329
      vertex -1.12051 2.27114 -10.3093
      vertex -0.918882 2.30308 -10.3093
    endloop
  endfacet
  facet normal 0.724011 0.368766 -0.582941
    outer loop
      vertex 19.6341 0.382388 -1.23744
      vertex 19.4584 0.727346 -1.23744
      vertex 19.7187 0.916511 -0.794483
    endloop
  endfacet
  facet normal -0.587648 0.000577103 0.809117
    outer loop
      vertex -2.02254 -1.46946 10.0527
      vertex -2.11244 -1.51554 9.98744
      vertex -1.97646 -1.51554 10.0862
    endloop
  endfacet
  facet normal -0.587454 0 0.809257
    outer loop
      vertex -2.11244 -1.51554 9.98744
      vertex -2.02254 -1.46946 10.0527
      vertex -2.11244 -1.29303 9.98744
    endloop
  endfacet
  facet normal -0.587648 -0.000577103 0.809117
    outer loop
      vertex -2.11244 1.51554 9.98744
      vertex -2.02254 1.46946 10.0527
      vertex -1.97646 1.51554 10.0862
    endloop
  endfacet
  facet normal -0.587454 0 0.809257
    outer loop
      vertex -2.02254 1.46946 10.0527
      vertex -2.11244 1.51554 9.98744
      vertex -2.11244 1.29303 9.98744
    endloop
  endfacet
  facet normal -0.0501157 -0.307543 0.950214
    outer loop
      vertex -1.10077 -2.2104 10.33
      vertex -1.12051 -2.27114 10.3093
      vertex -1.09187 -2.21494 10.329
    endloop
  endfacet
  facet normal -0.148923 0.940459 0.305547
    outer loop
      vertex -9.22863 17.5437 0.794483
      vertex -9.76275 17.6283 0.27376
      vertex -9.71047 17.4674 0.794483
    endloop
  endfacet
  facet normal -0.148958 0.940442 0.305581
    outer loop
      vertex -9.22863 17.7129 0.27376
      vertex -9.76275 17.6283 0.27376
      vertex -9.22863 17.5437 0.794483
    endloop
  endfacet
  facet normal -0.432246 0.848381 -0.305636
    outer loop
      vertex -10.1451 17.2459 -0.794483
      vertex -10.2446 17.3828 -0.27376
      vertex -9.76275 17.6283 -0.27376
    endloop
  endfacet
  facet normal -0.432349 0.848361 -0.305545
    outer loop
      vertex -9.71047 17.4674 -0.794483
      vertex -10.1451 17.2459 -0.794483
      vertex -9.76275 17.6283 -0.27376
    endloop
  endfacet
  facet normal -0.890999 -0.454006 0
    outer loop
      vertex -10.627 -17.0004 -0.27376
      vertex -10.8725 -16.5186 0.27376
      vertex -10.8725 -16.5186 -0.27376
    endloop
  endfacet
  facet normal -0.890999 -0.454006 0
    outer loop
      vertex -10.8725 -16.5186 0.27376
      vertex -10.627 -17.0004 -0.27376
      vertex -10.627 -17.0004 0.27376
    endloop
  endfacet
  facet normal -0.673197 -0.673393 -0.305529
    outer loop
      vertex -10.1451 -17.2459 -0.794483
      vertex -10.627 -17.0004 -0.27376
      vertex -10.4901 -16.901 -0.794483
    endloop
  endfacet
  facet normal -0.673267 -0.673267 -0.305653
    outer loop
      vertex -10.627 -17.0004 -0.27376
      vertex -10.1451 -17.2459 -0.794483
      vertex -10.2446 -17.3828 -0.27376
    endloop
  endfacet
  facet normal -0.802468 -0.127203 -0.582978
    outer loop
      vertex -10.4055 -16.3668 -1.23744
      vertex -10.7879 -15.9845 -0.794483
      vertex -10.4661 -15.9845 -1.23744
    endloop
  endfacet
  facet normal -0.631739 -0.100125 -0.768687
    outer loop
      vertex -7.26042 -10.8121 -4.54572
      vertex -2.05187 -1.89793 -9.98744
      vertex -7.20027 -10.8152 -4.59475
    endloop
  endfacet
  facet normal -0.631809 -0.100055 -0.768639
    outer loop
      vertex -7.51993 -10.8816 -4.32336
      vertex -2.05187 -1.89793 -9.98744
      vertex -7.26042 -10.8121 -4.54572
    endloop
  endfacet
  facet normal -0.631791 -0.100075 -0.768652
    outer loop
      vertex -2.05187 -1.89793 -9.98744
      vertex -7.51993 -10.8816 -4.32336
      vertex -2.11244 -1.51554 -9.98744
    endloop
  endfacet
  facet normal -0.631727 -0.100138 -0.768696
    outer loop
      vertex -10.4661 -15.9845 -1.23744
      vertex -8.44114 -12.9645 -3.295
      vertex -10.4055 -16.3668 -1.23744
    endloop
  endfacet
  facet normal -0.631763 -0.100097 -0.768672
    outer loop
      vertex -8.44114 -12.9645 -3.295
      vertex -10.4661 -15.9845 -1.23744
      vertex -8.47395 -12.914 -3.27461
    endloop
  endfacet
  facet normal -0.631824 -0.10003 -0.76863
    outer loop
      vertex -8.47395 -12.914 -3.27461
      vertex -10.4661 -15.9845 -1.23744
      vertex -8.54348 -12.6544 -3.25124
    endloop
  endfacet
  facet normal -0.940442 0.148963 0.30558
    outer loop
      vertex -10.8725 16.5186 0.27376
      vertex -10.9571 15.9845 0.27376
      vertex -10.7879 15.9845 0.794483
    endloop
  endfacet
  facet normal -0.848384 0.432292 -0.305563
    outer loop
      vertex -10.4901 16.901 -0.794483
      vertex -10.8725 16.5186 -0.27376
      vertex -10.627 17.0004 -0.27376
    endloop
  endfacet
  facet normal -0.848384 0.432291 0.305563
    outer loop
      vertex -10.4901 16.901 0.794483
      vertex -10.8725 16.5186 0.27376
      vertex -10.7116 16.4663 0.794483
    endloop
  endfacet
  facet normal -0.940455 0.148935 0.305553
    outer loop
      vertex -10.7116 16.4663 0.794483
      vertex -10.8725 16.5186 0.27376
      vertex -10.7879 15.9845 0.794483
    endloop
  endfacet
  facet normal -0.848384 0.432292 0.305563
    outer loop
      vertex -10.627 17.0004 0.27376
      vertex -10.8725 16.5186 0.27376
      vertex -10.4901 16.901 0.794483
    endloop
  endfacet
  facet normal -0.631727 0.100138 0.768696
    outer loop
      vertex -10.4661 15.9845 1.23744
      vertex -8.44114 12.9645 3.295
      vertex -10.4055 16.3668 1.23744
    endloop
  endfacet
  facet normal -0.631763 0.100097 0.768672
    outer loop
      vertex -8.44114 12.9645 3.295
      vertex -10.4661 15.9845 1.23744
      vertex -8.47395 12.914 3.27461
    endloop
  endfacet
  facet normal -0.631824 0.10003 0.76863
    outer loop
      vertex -8.47395 12.914 3.27461
      vertex -10.4661 15.9845 1.23744
      vertex -8.54348 12.6544 3.25124
    endloop
  endfacet
  facet normal -0.631739 0.100125 0.768687
    outer loop
      vertex -7.26042 10.8121 4.54572
      vertex -2.05187 1.89793 9.98744
      vertex -7.20027 10.8152 4.59475
    endloop
  endfacet
  facet normal -0.631809 0.100055 0.768639
    outer loop
      vertex -7.51993 10.8816 4.32336
      vertex -2.05187 1.89793 9.98744
      vertex -7.26042 10.8121 4.54572
    endloop
  endfacet
  facet normal -0.631791 0.100075 0.768652
    outer loop
      vertex -2.05187 1.89793 9.98744
      vertex -7.51993 10.8816 4.32336
      vertex -2.11244 1.51554 9.98744
    endloop
  endfacet
  facet normal -0.337028 0.337048 0.879096
    outer loop
      vertex -6.65907 10.8876 4.92399
      vertex -1.34198 2.15829 10.3093
      vertex -6.43213 10.9747 4.9776
    endloop
  endfacet
  facet normal -0.337029 0.337048 0.879096
    outer loop
      vertex -1.34198 2.15829 10.3093
      vertex -6.65907 10.8876 4.92399
      vertex -1.51775 1.98253 10.3093
    endloop
  endfacet
  facet normal -0.337075 0.337018 0.87909
    outer loop
      vertex -9.87138 16.4514 1.55926
      vertex -7.91897 13.55 3.4202
      vertex -9.69561 16.6272 1.55926
    endloop
  endfacet
  facet normal -0.337038 0.337046 0.879094
    outer loop
      vertex -7.91897 13.55 3.4202
      vertex -9.87138 16.4514 1.55926
      vertex -8.10789 13.397 3.40643
    endloop
  endfacet
  facet normal -0.527925 0.269089 0.805534
    outer loop
      vertex -9.87138 16.4514 1.55926
      vertex -10.2297 16.7118 1.23744
      vertex -9.98423 16.23 1.55926
    endloop
  endfacet
  facet normal -0.419009 0.418937 0.805558
    outer loop
      vertex -9.95598 16.9856 1.23744
      vertex -9.87138 16.4514 1.55926
      vertex -9.69561 16.6272 1.55926
    endloop
  endfacet
  facet normal -0.419046 0.418924 0.805545
    outer loop
      vertex -9.87138 16.4514 1.55926
      vertex -9.95598 16.9856 1.23744
      vertex -10.2297 16.7118 1.23744
    endloop
  endfacet
  facet normal -0.127068 0.802441 0.583046
    outer loop
      vertex -9.22863 17.5437 0.794483
      vertex -9.71047 17.4674 0.794483
      vertex -9.61102 17.1613 1.23744
    endloop
  endfacet
  facet normal -0.368901 0.723862 0.58304
    outer loop
      vertex -9.71047 17.4674 0.794483
      vertex -10.1451 17.2459 0.794483
      vertex -9.61102 17.1613 1.23744
    endloop
  endfacet
  facet normal 0.0876503 -0.552044 0.829196
    outer loop
      vertex -7.4155 -13.7711 3.37019
      vertex -8.98312 -16.7401 1.55926
      vertex -7.27328 -13.7785 3.35023
    endloop
  endfacet
  facet normal 0.0870418 -0.551843 0.829393
    outer loop
      vertex -7.47815 -13.747 3.3928
      vertex -8.98312 -16.7401 1.55926
      vertex -7.4155 -13.7711 3.37019
    endloop
  endfacet
  facet normal 0.0872212 -0.551899 0.829337
    outer loop
      vertex -8.98312 -16.7401 1.55926
      vertex -7.47815 -13.747 3.3928
      vertex -9.22863 -16.7789 1.55926
    endloop
  endfacet
  facet normal 0.0878242 -0.55212 0.829127
    outer loop
      vertex -5.98891 -11.3002 4.86446
      vertex -0.697812 -2.38948 10.2377
      vertex -0.772542 -2.37764 10.2535
    endloop
  endfacet
  facet normal 0.0873808 -0.551958 0.829281
    outer loop
      vertex -6.04107 -11.2579 4.89807
      vertex -0.772542 -2.37764 10.2535
      vertex -0.881874 -2.32193 10.3021
    endloop
  endfacet
  facet normal 0.0875309 -0.552009 0.829231
    outer loop
      vertex -0.697812 -2.38948 10.2377
      vertex -5.98891 -11.3002 4.86446
      vertex -5.91135 -11.4196 4.77679
    endloop
  endfacet
  facet normal 0.0869636 -0.5518 0.82943
    outer loop
      vertex -0.772542 -2.37764 10.2535
      vertex -6.04107 -11.2579 4.89807
      vertex -5.98891 -11.3002 4.86446
    endloop
  endfacet
  facet normal -0.574631 -0.574463 0.582916
    outer loop
      vertex -10.2297 -16.7118 1.23744
      vertex -10.1451 -17.2459 0.794483
      vertex -9.95598 -16.9856 1.23744
    endloop
  endfacet
  facet normal -0.574385 -0.574552 0.583071
    outer loop
      vertex -10.1451 -17.2459 0.794483
      vertex -10.2297 -16.7118 1.23744
      vertex -10.4901 -16.901 0.794483
    endloop
  endfacet
  facet normal -0.269092 -0.527864 0.805574
    outer loop
      vertex -9.69561 -16.6272 1.55926
      vertex -9.95598 -16.9856 1.23744
      vertex -9.47414 -16.7401 1.55926
    endloop
  endfacet
  facet normal -0.564986 -0.162954 0.808849
    outer loop
      vertex -8.44114 -12.9645 3.295
      vertex -9.98423 -16.23 1.55926
      vertex -8.25997 -13.2435 3.36534
    endloop
  endfacet
  facet normal -0.564986 -0.162954 0.808849
    outer loop
      vertex -9.98423 -16.23 1.55926
      vertex -8.44114 -12.9645 3.295
      vertex -10.4055 -16.3668 1.23744
    endloop
  endfacet
  facet normal -0.565023 -0.16277 0.80886
    outer loop
      vertex -2.05187 -1.89793 9.98744
      vertex -1.66733 -1.82467 10.2708
      vertex -1.70634 -1.78566 10.2514
    endloop
  endfacet
  facet normal -0.564981 -0.162959 0.808852
    outer loop
      vertex -2.05187 -1.89793 9.98744
      vertex -6.86807 -10.8326 4.82327
      vertex -1.66733 -1.82467 10.2708
    endloop
  endfacet
  facet normal -0.564954 -0.162982 0.808866
    outer loop
      vertex -6.86807 -10.8326 4.82327
      vertex -2.05187 -1.89793 9.98744
      vertex -7.20027 -10.8152 4.59475
    endloop
  endfacet
  facet normal -0.368772 -0.724028 0.582916
    outer loop
      vertex -9.95598 -16.9856 1.23744
      vertex -10.1451 -17.2459 0.794483
      vertex -9.61102 -17.1613 1.23744
    endloop
  endfacet
  facet normal -0.148923 -0.940459 -0.305547
    outer loop
      vertex -9.22863 -17.5437 -0.794483
      vertex -9.76275 -17.6283 -0.27376
      vertex -9.71047 -17.4674 -0.794483
    endloop
  endfacet
  facet normal -0.148958 -0.940442 -0.305581
    outer loop
      vertex -9.22863 -17.7129 -0.27376
      vertex -9.76275 -17.6283 -0.27376
      vertex -9.22863 -17.5437 -0.794483
    endloop
  endfacet
  facet normal -0.940455 -0.148935 -0.305553
    outer loop
      vertex -10.7116 -16.4663 -0.794483
      vertex -10.8725 -16.5186 -0.27376
      vertex -10.7879 -15.9845 -0.794483
    endloop
  endfacet
  facet normal -0.848384 -0.432291 -0.305563
    outer loop
      vertex -10.4901 -16.901 -0.794483
      vertex -10.8725 -16.5186 -0.27376
      vertex -10.7116 -16.4663 -0.794483
    endloop
  endfacet
  facet normal -0.47188 -0.240522 -0.848221
    outer loop
      vertex -9.98423 -16.23 -1.55926
      vertex -8.10789 -13.397 -3.40643
      vertex -9.87138 -16.4514 -1.55926
    endloop
  endfacet
  facet normal -0.471999 -0.24042 -0.848184
    outer loop
      vertex -8.10789 -13.397 -3.40643
      vertex -9.98423 -16.23 -1.55926
      vertex -8.21835 -13.3075 -3.37033
    endloop
  endfacet
  facet normal -0.471732 -0.240635 -0.848271
    outer loop
      vertex -8.21835 -13.3075 -3.37033
      vertex -9.98423 -16.23 -1.55926
      vertex -8.25997 -13.2435 -3.36534
    endloop
  endfacet
  facet normal -0.472363 -0.240801 -0.847873
    outer loop
      vertex -1.51775 -1.98253 -10.3093
      vertex -1.66733 -1.82467 -10.2708
      vertex -1.52635 -1.96566 -10.3093
    endloop
  endfacet
  facet normal -0.472029 -0.240404 -0.848171
    outer loop
      vertex -6.79176 -10.8366 -4.8646
      vertex -1.51775 -1.98253 -10.3093
      vertex -6.65907 -10.8876 -4.92399
    endloop
  endfacet
  facet normal -0.472024 -0.240408 -0.848173
    outer loop
      vertex -1.51775 -1.98253 -10.3093
      vertex -6.79176 -10.8366 -4.8646
      vertex -1.66733 -1.82467 -10.2708
    endloop
  endfacet
  facet normal -0.471986 -0.240437 -0.848186
    outer loop
      vertex -1.66733 -1.82467 -10.2708
      vertex -6.79176 -10.8366 -4.8646
      vertex -6.86807 -10.8326 -4.82327
    endloop
  endfacet
  facet normal -0.220548 -0.220411 -0.950146
    outer loop
      vertex -1.34198 -2.15829 -10.3093
      vertex -1.46946 -2.02254 -10.3112
      vertex -1.30444 -2.10662 -10.33
    endloop
  endfacet
  facet normal -0.218317 -0.21833 -0.951141
    outer loop
      vertex -1.51775 -1.98253 -10.3093
      vertex -1.46946 -2.02254 -10.3112
      vertex -1.34198 -2.15829 -10.3093
    endloop
  endfacet
  facet normal -0.218481 -0.218531 -0.951058
    outer loop
      vertex -1.46946 -2.02254 -10.3112
      vertex -1.51775 -1.98253 -10.3093
      vertex -1.51296 -1.97905 -10.3112
    endloop
  endfacet
  facet normal 0.307629 -0.0487178 -0.950258
    outer loop
      vertex 2.46444 -0.224536 -10.3237
      vertex 2.54448 0 -10.3093
      vertex 2.5056 -0.245508 -10.3093
    endloop
  endfacet
  facet normal 0.307637 -0.0487208 -0.950256
    outer loop
      vertex 2.54448 0 -10.3093
      vertex 2.46444 -0.224536 -10.3237
      vertex 2.5 0 -10.3237
    endloop
  endfacet
  facet normal 0.277563 0.141431 -0.95024
    outer loop
      vertex 2.4622 0.238635 -10.323
      vertex 2.44105 0.372189 -10.3093
      vertex 2.5056 0.245508 -10.3093
    endloop
  endfacet
  facet normal 0.307523 -0.0489415 -0.950281
    outer loop
      vertex 2.5056 -0.245508 -10.3093
      vertex 2.46329 -0.231762 -10.3237
      vertex 2.46444 -0.224536 -10.3237
    endloop
  endfacet
  facet normal 0.462714 -0.0731271 0.883487
    outer loop
      vertex 15.7073 0 3.41559
      vertex 19.2129 -0.245508 1.55926
      vertex 19.2517 0 1.55926
    endloop
  endfacet
  facet normal 0.462697 -0.073313 0.88348
    outer loop
      vertex 19.2129 -0.245508 1.55926
      vertex 15.7073 0 3.41559
      vertex 15.6684 -0.245508 3.41559
    endloop
  endfacet
  facet normal 0.462696 -0.0734441 0.88347
    outer loop
      vertex 2.54448 0 10.3093
      vertex 12.7461 -0.245508 4.94604
      vertex 12.7073 0 4.98677
    endloop
  endfacet
  facet normal 0.462705 -0.0732765 0.883479
    outer loop
      vertex 12.7461 -0.245508 4.94604
      vertex 2.54448 0 10.3093
      vertex 2.5056 -0.245508 10.3093
    endloop
  endfacet
  facet normal 0.277563 -0.141431 0.95024
    outer loop
      vertex 2.4622 -0.238635 10.323
      vertex 2.44105 -0.372189 10.3093
      vertex 2.5056 -0.245508 10.3093
    endloop
  endfacet
  facet normal -0.220548 0.220411 0.950146
    outer loop
      vertex -1.34198 2.15829 10.3093
      vertex -1.46946 2.02254 10.3112
      vertex -1.30444 2.10662 10.33
    endloop
  endfacet
  facet normal -0.218317 0.21833 0.951141
    outer loop
      vertex -1.51775 1.98253 10.3093
      vertex -1.46946 2.02254 10.3112
      vertex -1.34198 2.15829 10.3093
    endloop
  endfacet
  facet normal -0.218481 0.218531 0.951058
    outer loop
      vertex -1.46946 2.02254 10.3112
      vertex -1.51775 1.98253 10.3093
      vertex -1.51296 1.97905 10.3112
    endloop
  endfacet
  facet normal -0.0488156 0.308159 0.950082
    outer loop
      vertex -0.918882 2.30308 10.3093
      vertex -1.12051 2.27114 10.3093
      vertex -1.09187 2.21494 10.329
    endloop
  endfacet
  facet normal -0.141571 0.277799 0.95015
    outer loop
      vertex -1.10077 2.2104 10.33
      vertex -1.12051 2.27114 10.3093
      vertex -1.11013 2.20563 10.33
    endloop
  endfacet
  facet normal -0.0501157 0.307543 0.950214
    outer loop
      vertex -1.09187 2.21494 10.329
      vertex -1.12051 2.27114 10.3093
      vertex -1.10077 2.2104 10.33
    endloop
  endfacet
  facet normal 0.127173 0.802472 0.582981
    outer loop
      vertex -9.22863 17.5437 0.794483
      vertex -9.22863 17.2219 1.23744
      vertex -8.84624 17.1613 1.23744
    endloop
  endfacet
  facet normal -0.127173 0.802472 0.582981
    outer loop
      vertex -9.22863 17.5437 0.794483
      vertex -9.61102 17.1613 1.23744
      vertex -9.22863 17.2219 1.23744
    endloop
  endfacet
  facet normal -0.127173 -0.802472 0.582981
    outer loop
      vertex -9.22863 -17.2219 1.23744
      vertex -9.61102 -17.1613 1.23744
      vertex -9.22863 -17.5437 0.794483
    endloop
  endfacet
  facet normal 0.127173 -0.802472 0.582981
    outer loop
      vertex -9.22863 -17.2219 1.23744
      vertex -9.22863 -17.5437 0.794483
      vertex -8.84624 -17.1613 1.23744
    endloop
  endfacet
  facet normal -0.723866 -0.368844 0.583071
    outer loop
      vertex -10.4055 -16.3668 1.23744
      vertex -10.7116 -16.4663 0.794483
      vertex -10.4901 -16.901 0.794483
    endloop
  endfacet
  facet normal -0.848384 -0.432291 0.305563
    outer loop
      vertex -10.7116 -16.4663 0.794483
      vertex -10.8725 -16.5186 0.27376
      vertex -10.4901 -16.901 0.794483
    endloop
  endfacet
  facet normal -0.432246 -0.848381 0.305636
    outer loop
      vertex -10.1451 -17.2459 0.794483
      vertex -10.2446 -17.3828 0.27376
      vertex -9.76275 -17.6283 0.27376
    endloop
  endfacet
  facet normal -0.987686 -0.156447 0
    outer loop
      vertex -10.8725 -16.5186 -0.27376
      vertex -10.9571 -15.9845 0.27376
      vertex -10.9571 -15.9845 -0.27376
    endloop
  endfacet
  facet normal -0.987686 -0.156447 0
    outer loop
      vertex -10.9571 -15.9845 0.27376
      vertex -10.8725 -16.5186 -0.27376
      vertex -10.8725 -16.5186 0.27376
    endloop
  endfacet
  facet normal -0.09251 -0.585364 -0.805475
    outer loop
      vertex -9.22863 -16.7789 -1.55926
      vertex -9.61102 -17.1613 -1.23744
      vertex -9.47414 -16.7401 -1.55926
    endloop
  endfacet
  facet normal -0.368772 -0.724028 -0.582916
    outer loop
      vertex -9.61102 -17.1613 -1.23744
      vertex -10.1451 -17.2459 -0.794483
      vertex -9.95598 -16.9856 -1.23744
    endloop
  endfacet
  facet normal -0.419009 -0.418937 -0.805558
    outer loop
      vertex -9.95598 -16.9856 -1.23744
      vertex -9.87138 -16.4514 -1.55926
      vertex -9.69561 -16.6272 -1.55926
    endloop
  endfacet
  facet normal -0.419046 -0.418924 -0.805545
    outer loop
      vertex -9.87138 -16.4514 -1.55926
      vertex -9.95598 -16.9856 -1.23744
      vertex -10.2297 -16.7118 -1.23744
    endloop
  endfacet
  facet normal -0.141571 0.277799 -0.95015
    outer loop
      vertex -1.11013 2.20563 -10.33
      vertex -1.12051 2.27114 -10.3093
      vertex -1.10077 2.2104 -10.33
    endloop
  endfacet
  facet normal -0.0501157 0.307543 -0.950214
    outer loop
      vertex -1.10077 2.2104 -10.33
      vertex -1.12051 2.27114 -10.3093
      vertex -1.09187 2.21494 -10.329
    endloop
  endfacet
  facet normal 0.307637 -0.0487208 0.950256
    outer loop
      vertex 2.46444 -0.224536 10.3237
      vertex 2.54448 0 10.3093
      vertex 2.5 0 10.3237
    endloop
  endfacet
  facet normal 0.307629 -0.0487178 0.950258
    outer loop
      vertex 2.54448 0 10.3093
      vertex 2.46444 -0.224536 10.3237
      vertex 2.5056 -0.245508 10.3093
    endloop
  endfacet
  facet normal -0.564986 0.162954 0.808849
    outer loop
      vertex -9.98423 16.23 1.55926
      vertex -8.44114 12.9645 3.295
      vertex -8.25997 13.2435 3.36534
    endloop
  endfacet
  facet normal -0.564986 0.162954 0.808849
    outer loop
      vertex -8.44114 12.9645 3.295
      vertex -9.98423 16.23 1.55926
      vertex -10.4055 16.3668 1.23744
    endloop
  endfacet
  facet normal -0.565023 0.16277 0.80886
    outer loop
      vertex -1.66733 1.82467 10.2708
      vertex -2.05187 1.89793 9.98744
      vertex -1.70634 1.78566 10.2514
    endloop
  endfacet
  facet normal -0.564981 0.162959 0.808852
    outer loop
      vertex -6.86807 10.8326 4.82327
      vertex -2.05187 1.89793 9.98744
      vertex -1.66733 1.82467 10.2708
    endloop
  endfacet
  facet normal -0.564954 0.162982 0.808866
    outer loop
      vertex -2.05187 1.89793 9.98744
      vertex -6.86807 10.8326 4.82327
      vertex -7.20027 10.8152 4.59475
    endloop
  endfacet
  facet normal 0.0927417 0.585206 0.805563
    outer loop
      vertex -9.22863 17.2219 1.23744
      vertex -9.22863 16.7789 1.55926
      vertex -8.84624 17.1613 1.23744
    endloop
  endfacet
  facet normal -0.0927417 0.585206 0.805563
    outer loop
      vertex -9.22863 17.2219 1.23744
      vertex -9.61102 17.1613 1.23744
      vertex -9.22863 16.7789 1.55926
    endloop
  endfacet
  facet normal -0.0927417 -0.585206 0.805563
    outer loop
      vertex -9.22863 -16.7789 1.55926
      vertex -9.61102 -17.1613 1.23744
      vertex -9.22863 -17.2219 1.23744
    endloop
  endfacet
  facet normal 0.0927417 -0.585206 0.805563
    outer loop
      vertex -9.22863 -16.7789 1.55926
      vertex -9.22863 -17.2219 1.23744
      vertex -8.84624 -17.1613 1.23744
    endloop
  endfacet
  facet normal -0.527925 -0.269089 0.805534
    outer loop
      vertex -9.98423 -16.23 1.55926
      vertex -10.2297 -16.7118 1.23744
      vertex -9.87138 -16.4514 1.55926
    endloop
  endfacet
  facet normal -0.419009 -0.418937 0.805558
    outer loop
      vertex -9.87138 -16.4514 1.55926
      vertex -9.95598 -16.9856 1.23744
      vertex -9.69561 -16.6272 1.55926
    endloop
  endfacet
  facet normal -0.419046 -0.418924 0.805545
    outer loop
      vertex -9.95598 -16.9856 1.23744
      vertex -9.87138 -16.4514 1.55926
      vertex -10.2297 -16.7118 1.23744
    endloop
  endfacet
  facet normal 0.307523 -0.0489415 0.950281
    outer loop
      vertex 2.46444 -0.224536 10.3237
      vertex 2.46329 -0.231762 10.3237
      vertex 2.5056 -0.245508 10.3093
    endloop
  endfacet
  facet normal 0.277563 -0.141431 -0.95024
    outer loop
      vertex 2.5056 -0.245508 -10.3093
      vertex 2.44105 -0.372189 -10.3093
      vertex 2.4622 -0.238635 -10.323
    endloop
  endfacet
  facet normal 0.307523 0.0489415 -0.950281
    outer loop
      vertex 2.46444 0.224536 -10.3237
      vertex 2.46329 0.231762 -10.3237
      vertex 2.5056 0.245508 -10.3093
    endloop
  endfacet
  facet normal 0.277677 -0.140823 -0.950297
    outer loop
      vertex 2.5056 -0.245508 -10.3093
      vertex 2.4622 -0.238635 -10.323
      vertex 2.46329 -0.231762 -10.3237
    endloop
  endfacet
  facet normal -0.89104 -0.453925 -0.000167479
    outer loop
      vertex 2.37764 0.772542 -10.1582
      vertex 2.02254 1.46946 -9.80078
      vertex 2.17109 1.17793 -9.98744
    endloop
  endfacet
  facet normal -0.891005 -0.453993 0
    outer loop
      vertex 2.02254 1.46946 -9.80078
      vertex 2.37764 0.772542 -10.1582
      vertex 2.02254 1.46946 9.80078
    endloop
  endfacet
  facet normal -0.891056 -0.453893 -0.000263475
    outer loop
      vertex 2.37764 0.772542 -10.1582
      vertex 2.17109 1.17793 -9.98744
      vertex 2.35029 0.826226 -10.1445
    endloop
  endfacet
  facet normal -0.891005 -0.453993 -0
    outer loop
      vertex 2.37764 0.772542 10.1582
      vertex 2.02254 1.46946 9.80078
      vertex 2.37764 0.772542 -10.1582
    endloop
  endfacet
  facet normal -0.89104 -0.453925 0.000167479
    outer loop
      vertex 2.02254 1.46946 9.80078
      vertex 2.37764 0.772542 10.1582
      vertex 2.17109 1.17793 9.98744
    endloop
  endfacet
  facet normal -0.891056 -0.453893 0.000263475
    outer loop
      vertex 2.17109 1.17793 9.98744
      vertex 2.37764 0.772542 10.1582
      vertex 2.35029 0.826226 10.1445
    endloop
  endfacet
  facet normal -0.987684 -0.156463 6.91314e-05
    outer loop
      vertex 2.46444 0.224536 -10.3237
      vertex 2.37764 0.772542 -10.1582
      vertex 2.4226 0.488673 -10.2825
    endloop
  endfacet
  facet normal -0.987688 -0.156436 0
    outer loop
      vertex 2.37764 0.772542 -10.1582
      vertex 2.5 0 -10.3237
      vertex 2.37764 0.772542 10.1582
    endloop
  endfacet
  facet normal -0.987726 -0.156193 -0.00110438
    outer loop
      vertex 2.44105 0.372189 -10.3093
      vertex 2.4226 0.488673 -10.2825
      vertex 2.42604 0.466985 -10.2918
    endloop
  endfacet
  facet normal -0.987688 -0.156436 -0
    outer loop
      vertex 2.5 0 10.3237
      vertex 2.37764 0.772542 10.1582
      vertex 2.5 0 -10.3237
    endloop
  endfacet
  facet normal -0.987695 -0.156392 -0.00021647
    outer loop
      vertex 2.4622 0.238635 -10.323
      vertex 2.4226 0.488673 -10.2825
      vertex 2.44105 0.372189 -10.3093
    endloop
  endfacet
  facet normal -0.98769 -0.156422 6.99408e-05
    outer loop
      vertex 2.46444 0.224536 10.3237
      vertex 2.37764 0.772542 10.1582
      vertex 2.5 0 10.3237
    endloop
  endfacet
  facet normal -0.98757 -0.15712 0.00440116
    outer loop
      vertex 2.4226 0.488673 -10.2825
      vertex 2.4622 0.238635 -10.323
      vertex 2.46444 0.224536 -10.3237
    endloop
  endfacet
  facet normal -0.987684 -0.156463 -6.91314e-05
    outer loop
      vertex 2.37764 0.772542 10.1582
      vertex 2.46444 0.224536 10.3237
      vertex 2.4226 0.488673 10.2825
    endloop
  endfacet
  facet normal -0.987557 -0.157167 0.00539055
    outer loop
      vertex 2.46444 0.224536 -10.3237
      vertex 2.4622 0.238635 -10.323
      vertex 2.46329 0.231762 -10.3237
    endloop
  endfacet
  facet normal -0.98769 -0.156422 -6.99408e-05
    outer loop
      vertex 2.37764 0.772542 -10.1582
      vertex 2.46444 0.224536 -10.3237
      vertex 2.5 0 -10.3237
    endloop
  endfacet
  facet normal -0.98757 -0.15712 -0.00440116
    outer loop
      vertex 2.4622 0.238635 10.323
      vertex 2.4226 0.488673 10.2825
      vertex 2.46444 0.224536 10.3237
    endloop
  endfacet
  facet normal -0.987557 -0.157167 -0.00539055
    outer loop
      vertex 2.4622 0.238635 10.323
      vertex 2.46444 0.224536 10.3237
      vertex 2.46329 0.231762 10.3237
    endloop
  endfacet
  facet normal -0.987726 -0.156193 0.00110438
    outer loop
      vertex 2.4226 0.488673 10.2825
      vertex 2.44105 0.372189 10.3093
      vertex 2.42604 0.466985 10.2918
    endloop
  endfacet
  facet normal -0.987695 -0.156392 0.00021647
    outer loop
      vertex 2.4226 0.488673 10.2825
      vertex 2.4622 0.238635 10.323
      vertex 2.44105 0.372189 10.3093
    endloop
  endfacet
  facet normal -0.707107 -0.707107 0
    outer loop
      vertex 2.02254 1.46946 -9.80078
      vertex 1.46946 2.02254 9.58873
      vertex 1.46946 2.02254 -9.58873
    endloop
  endfacet
  facet normal -0.707107 -0.707107 0
    outer loop
      vertex 1.46946 2.02254 9.58873
      vertex 2.02254 1.46946 -9.80078
      vertex 2.02254 1.46946 9.80078
    endloop
  endfacet
  facet normal -0.156436 -0.987688 0
    outer loop
      vertex 0 2.5 9.92521
      vertex 0.772542 2.37764 -9.63161
      vertex 0.772542 2.37764 9.63161
    endloop
  endfacet
  facet normal -0.156436 -0.987688 0
    outer loop
      vertex 0.772542 2.37764 -9.63161
      vertex 0 2.5 9.92521
      vertex 0 2.5 -9.92521
    endloop
  endfacet
  facet normal -0.891056 0.453893 -0.000263475
    outer loop
      vertex 2.17109 -1.17793 -9.98744
      vertex 2.37764 -0.772542 -10.1582
      vertex 2.35029 -0.826226 -10.1445
    endloop
  endfacet
  facet normal -0.891005 0.453993 0
    outer loop
      vertex 2.37764 -0.772542 -10.1582
      vertex 2.02254 -1.46946 -9.80078
      vertex 2.37764 -0.772542 10.1582
    endloop
  endfacet
  facet normal -0.89104 0.453925 -0.000167479
    outer loop
      vertex 2.37764 -0.772542 -10.1582
      vertex 2.17109 -1.17793 -9.98744
      vertex 2.02254 -1.46946 -9.80078
    endloop
  endfacet
  facet normal -0.891005 0.453993 0
    outer loop
      vertex 2.02254 -1.46946 9.80078
      vertex 2.37764 -0.772542 10.1582
      vertex 2.02254 -1.46946 -9.80078
    endloop
  endfacet
  facet normal -0.89104 0.453925 0.000167479
    outer loop
      vertex 2.17109 -1.17793 9.98744
      vertex 2.37764 -0.772542 10.1582
      vertex 2.02254 -1.46946 9.80078
    endloop
  endfacet
  facet normal -0.891056 0.453893 0.000263475
    outer loop
      vertex 2.37764 -0.772542 10.1582
      vertex 2.17109 -1.17793 9.98744
      vertex 2.35029 -0.826226 10.1445
    endloop
  endfacet
  facet normal -0.453993 -0.891005 0
    outer loop
      vertex 0.772542 2.37764 9.63161
      vertex 1.46946 2.02254 -9.58873
      vertex 1.46946 2.02254 9.58873
    endloop
  endfacet
  facet normal -0.453993 -0.891005 0
    outer loop
      vertex 1.46946 2.02254 -9.58873
      vertex 0.772542 2.37764 9.63161
      vertex 0.772542 2.37764 -9.63161
    endloop
  endfacet
  facet normal 0.454005 -0.890999 7.9408e-05
    outer loop
      vertex -0.772542 2.37764 10.2535
      vertex -1.11013 2.20563 10.33
      vertex -1.30444 2.10662 10.33
    endloop
  endfacet
  facet normal 0.454051 -0.890967 -0.00394082
    outer loop
      vertex -1.11013 2.20563 10.33
      vertex -1.09187 2.21494 10.329
      vertex -1.10077 2.2104 10.33
    endloop
  endfacet
  facet normal 0.453989 -0.891007 -6.83923e-05
    outer loop
      vertex -0.772542 2.37764 10.2535
      vertex -1.30444 2.10662 10.33
      vertex -1.46946 2.02254 10.3112
    endloop
  endfacet
  facet normal 0.454299 -0.890847 0.001717
    outer loop
      vertex -1.11013 2.20563 10.33
      vertex -0.772542 2.37764 10.2535
      vertex -1.09187 2.21494 10.329
    endloop
  endfacet
  facet normal 0.453988 -0.891008 5.55834e-05
    outer loop
      vertex -1.09187 2.21494 10.329
      vertex -0.772542 2.37764 10.2535
      vertex -0.918882 2.30308 10.3093
    endloop
  endfacet
  facet normal 0.453756 -0.891126 -0.000711457
    outer loop
      vertex -0.918882 2.30308 10.3093
      vertex -0.772542 2.37764 10.2535
      vertex -0.881874 2.32193 10.3021
    endloop
  endfacet
  facet normal 0.453993 -0.891005 0
    outer loop
      vertex -1.46946 2.02254 10.3112
      vertex -0.772542 2.37764 -10.2535
      vertex -0.772542 2.37764 10.2535
    endloop
  endfacet
  facet normal 0.453993 -0.891005 0
    outer loop
      vertex -1.46946 2.02254 -10.3112
      vertex -0.772542 2.37764 -10.2535
      vertex -1.46946 2.02254 10.3112
    endloop
  endfacet
  facet normal 0.453989 -0.891007 6.83923e-05
    outer loop
      vertex -1.30444 2.10662 -10.33
      vertex -0.772542 2.37764 -10.2535
      vertex -1.46946 2.02254 -10.3112
    endloop
  endfacet
  facet normal 0.453988 -0.891008 -5.55834e-05
    outer loop
      vertex -0.918882 2.30308 -10.3093
      vertex -0.772542 2.37764 -10.2535
      vertex -1.09187 2.21494 -10.329
    endloop
  endfacet
  facet normal 0.453756 -0.891126 0.000711457
    outer loop
      vertex -0.772542 2.37764 -10.2535
      vertex -0.918882 2.30308 -10.3093
      vertex -0.881874 2.32193 -10.3021
    endloop
  endfacet
  facet normal 0.454005 -0.890999 -7.9408e-05
    outer loop
      vertex -0.772542 2.37764 -10.2535
      vertex -1.30444 2.10662 -10.33
      vertex -1.11013 2.20563 -10.33
    endloop
  endfacet
  facet normal 0.454299 -0.890847 -0.001717
    outer loop
      vertex -0.772542 2.37764 -10.2535
      vertex -1.11013 2.20563 -10.33
      vertex -1.09187 2.21494 -10.329
    endloop
  endfacet
  facet normal 0.454051 -0.890967 0.00394082
    outer loop
      vertex -1.09187 2.21494 -10.329
      vertex -1.11013 2.20563 -10.33
      vertex -1.10077 2.2104 -10.33
    endloop
  endfacet
  facet normal 0.156579 0.987665 0.000452909
    outer loop
      vertex -0.58525 -2.40731 10.2052
      vertex -0.772542 -2.37764 10.2535
      vertex -0.697812 -2.38948 10.2377
    endloop
  endfacet
  facet normal 0.156548 0.98767 0.000331693
    outer loop
      vertex -0.261674 -2.45855 10.0636
      vertex -0.772542 -2.37764 10.2535
      vertex -0.58525 -2.40731 10.2052
    endloop
  endfacet
  facet normal 0.156847 0.987623 0.000764127
    outer loop
      vertex 0 -2.5 9.92521
      vertex -0.261674 -2.45855 10.0636
      vertex -0.180525 -2.47141 10.0281
    endloop
  endfacet
  facet normal 0.15617 0.98773 -0.000452197
    outer loop
      vertex 0 -2.5 9.92521
      vertex -0.180525 -2.47141 10.0281
      vertex -0.0932355 -2.48523 9.98744
    endloop
  endfacet
  facet normal 0.156369 0.987699 -0.000161517
    outer loop
      vertex -0.261674 -2.45855 10.0636
      vertex 0 -2.5 9.92521
      vertex -0.772542 -2.37764 10.2535
    endloop
  endfacet
  facet normal 0.156436 0.987688 -0
    outer loop
      vertex 0 -2.5 -9.92521
      vertex -0.772542 -2.37764 10.2535
      vertex 0 -2.5 9.92521
    endloop
  endfacet
  facet normal 0.15617 0.98773 0.000452197
    outer loop
      vertex -0.180525 -2.47141 -10.0281
      vertex 0 -2.5 -9.92521
      vertex -0.0932355 -2.48523 -9.98744
    endloop
  endfacet
  facet normal 0.156847 0.987623 -0.000764127
    outer loop
      vertex -0.261674 -2.45855 -10.0636
      vertex 0 -2.5 -9.92521
      vertex -0.180525 -2.47141 -10.0281
    endloop
  endfacet
  facet normal 0.156369 0.987699 0.000161517
    outer loop
      vertex 0 -2.5 -9.92521
      vertex -0.261674 -2.45855 -10.0636
      vertex -0.772542 -2.37764 -10.2535
    endloop
  endfacet
  facet normal 0.156548 0.98767 -0.000331693
    outer loop
      vertex -0.772542 -2.37764 -10.2535
      vertex -0.261674 -2.45855 -10.0636
      vertex -0.58525 -2.40731 -10.2052
    endloop
  endfacet
  facet normal 0.156579 0.987665 -0.000452909
    outer loop
      vertex -0.772542 -2.37764 -10.2535
      vertex -0.58525 -2.40731 -10.2052
      vertex -0.697812 -2.38948 -10.2377
    endloop
  endfacet
  facet normal 0.156436 0.987688 0
    outer loop
      vertex 0 -2.5 -9.92521
      vertex -0.772542 -2.37764 -10.2535
      vertex -0.772542 -2.37764 10.2535
    endloop
  endfacet
  facet normal -0.707107 0.707107 0
    outer loop
      vertex 1.46946 -2.02254 -9.58873
      vertex 2.02254 -1.46946 9.80078
      vertex 2.02254 -1.46946 -9.80078
    endloop
  endfacet
  facet normal -0.707107 0.707107 0
    outer loop
      vertex 2.02254 -1.46946 9.80078
      vertex 1.46946 -2.02254 -9.58873
      vertex 1.46946 -2.02254 9.58873
    endloop
  endfacet
  facet normal 0.890974 0.454054 0.000156074
    outer loop
      vertex -2.02254 -1.46946 10.0527
      vertex -2.37764 -0.772542 9.70965
      vertex -2.11244 -1.29303 9.98744
    endloop
  endfacet
  facet normal 0.891005 0.453993 0
    outer loop
      vertex -2.37764 -0.772542 9.70965
      vertex -2.02254 -1.46946 10.0527
      vertex -2.37764 -0.772542 -9.70965
    endloop
  endfacet
  facet normal 0.891005 0.453993 -0
    outer loop
      vertex -2.02254 -1.46946 -10.0527
      vertex -2.37764 -0.772542 -9.70965
      vertex -2.02254 -1.46946 10.0527
    endloop
  endfacet
  facet normal 0.890974 0.454054 -0.000156074
    outer loop
      vertex -2.37764 -0.772542 -9.70965
      vertex -2.02254 -1.46946 -10.0527
      vertex -2.11244 -1.29303 -9.98744
    endloop
  endfacet
  facet normal 0.156579 -0.987665 0.000452909
    outer loop
      vertex -0.772542 2.37764 10.2535
      vertex -0.58525 2.40731 10.2052
      vertex -0.697812 2.38948 10.2377
    endloop
  endfacet
  facet normal 0.156548 -0.98767 0.000331693
    outer loop
      vertex -0.772542 2.37764 10.2535
      vertex -0.261674 2.45855 10.0636
      vertex -0.58525 2.40731 10.2052
    endloop
  endfacet
  facet normal 0.156369 -0.987699 -0.000161517
    outer loop
      vertex 0 2.5 9.92521
      vertex -0.261674 2.45855 10.0636
      vertex -0.772542 2.37764 10.2535
    endloop
  endfacet
  facet normal 0.156847 -0.987623 0.000764127
    outer loop
      vertex -0.261674 2.45855 10.0636
      vertex 0 2.5 9.92521
      vertex -0.180525 2.47141 10.0281
    endloop
  endfacet
  facet normal 0.15617 -0.98773 -0.000452197
    outer loop
      vertex -0.180525 2.47141 10.0281
      vertex 0 2.5 9.92521
      vertex -0.0932355 2.48523 9.98744
    endloop
  endfacet
  facet normal 0.156436 -0.987688 0
    outer loop
      vertex -0.772542 2.37764 10.2535
      vertex 0 2.5 -9.92521
      vertex 0 2.5 9.92521
    endloop
  endfacet
  facet normal 0.156436 -0.987688 0
    outer loop
      vertex -0.772542 2.37764 -10.2535
      vertex 0 2.5 -9.92521
      vertex -0.772542 2.37764 10.2535
    endloop
  endfacet
  facet normal 0.156369 -0.987699 0.000161517
    outer loop
      vertex -0.261674 2.45855 -10.0636
      vertex 0 2.5 -9.92521
      vertex -0.772542 2.37764 -10.2535
    endloop
  endfacet
  facet normal 0.15617 -0.98773 0.000452197
    outer loop
      vertex 0 2.5 -9.92521
      vertex -0.180525 2.47141 -10.0281
      vertex -0.0932355 2.48523 -9.98744
    endloop
  endfacet
  facet normal 0.156847 -0.987623 -0.000764127
    outer loop
      vertex 0 2.5 -9.92521
      vertex -0.261674 2.45855 -10.0636
      vertex -0.180525 2.47141 -10.0281
    endloop
  endfacet
  facet normal 0.156548 -0.98767 -0.000331693
    outer loop
      vertex -0.261674 2.45855 -10.0636
      vertex -0.772542 2.37764 -10.2535
      vertex -0.58525 2.40731 -10.2052
    endloop
  endfacet
  facet normal 0.156579 -0.987665 -0.000452909
    outer loop
      vertex -0.58525 2.40731 -10.2052
      vertex -0.772542 2.37764 -10.2535
      vertex -0.697812 2.38948 -10.2377
    endloop
  endfacet
  facet normal -0.453993 0.891005 0
    outer loop
      vertex 1.46946 -2.02254 -9.58873
      vertex 0.772542 -2.37764 9.63161
      vertex 1.46946 -2.02254 9.58873
    endloop
  endfacet
  facet normal -0.453993 0.891005 0
    outer loop
      vertex 0.772542 -2.37764 9.63161
      vertex 1.46946 -2.02254 -9.58873
      vertex 0.772542 -2.37764 -9.63161
    endloop
  endfacet
  facet normal -0.156436 0.987688 0
    outer loop
      vertex 0.772542 -2.37764 -9.63161
      vertex 0 -2.5 9.92521
      vertex 0.772542 -2.37764 9.63161
    endloop
  endfacet
  facet normal -0.156436 0.987688 0
    outer loop
      vertex 0 -2.5 9.92521
      vertex 0.772542 -2.37764 -9.63161
      vertex 0 -2.5 -9.92521
    endloop
  endfacet
  facet normal 0.987688 0.156436 0
    outer loop
      vertex -2.37764 -0.772542 9.70965
      vertex -2.5 0 -9.58148
      vertex -2.5 0 9.58148
    endloop
  endfacet
  facet normal 0.987688 0.156436 0
    outer loop
      vertex -2.5 0 -9.58148
      vertex -2.37764 -0.772542 9.70965
      vertex -2.37764 -0.772542 -9.70965
    endloop
  endfacet
  facet normal 0.890974 -0.454054 0.000156074
    outer loop
      vertex -2.37764 0.772542 9.70965
      vertex -2.02254 1.46946 10.0527
      vertex -2.11244 1.29303 9.98744
    endloop
  endfacet
  facet normal 0.891005 -0.453993 0
    outer loop
      vertex -2.02254 1.46946 10.0527
      vertex -2.37764 0.772542 9.70965
      vertex -2.02254 1.46946 -10.0527
    endloop
  endfacet
  facet normal 0.891005 -0.453993 0
    outer loop
      vertex -2.37764 0.772542 -9.70965
      vertex -2.02254 1.46946 -10.0527
      vertex -2.37764 0.772542 9.70965
    endloop
  endfacet
  facet normal 0.890974 -0.454054 -0.000156074
    outer loop
      vertex -2.02254 1.46946 -10.0527
      vertex -2.37764 0.772542 -9.70965
      vertex -2.11244 1.29303 -9.98744
    endloop
  endfacet
  facet normal 0.707025 -0.707188 0.0011457
    outer loop
      vertex -1.52635 1.96566 10.3093
      vertex -1.46946 2.02254 10.3112
      vertex -1.51296 1.97905 10.3112
    endloop
  endfacet
  facet normal 0.707107 -0.707107 0
    outer loop
      vertex -1.46946 2.02254 10.3112
      vertex -2.02254 1.46946 10.0527
      vertex -1.46946 2.02254 -10.3112
    endloop
  endfacet
  facet normal 0.707032 -0.707181 0.00072789
    outer loop
      vertex -1.66733 1.82467 10.2708
      vertex -1.46946 2.02254 10.3112
      vertex -1.52635 1.96566 10.3093
    endloop
  endfacet
  facet normal 0.707107 -0.707107 0
    outer loop
      vertex -2.02254 1.46946 -10.0527
      vertex -1.46946 2.02254 -10.3112
      vertex -2.02254 1.46946 10.0527
    endloop
  endfacet
  facet normal 0.707107 -0.707107 2.16847e-15
    outer loop
      vertex -1.46946 2.02254 10.3112
      vertex -1.66733 1.82467 10.2708
      vertex -1.70634 1.78566 10.2514
    endloop
  endfacet
  facet normal 0.707107 -0.707107 -4.67944e-15
    outer loop
      vertex -1.82297 1.66903 -10.1801
      vertex -1.46946 2.02254 -10.3112
      vertex -2.02254 1.46946 -10.0527
    endloop
  endfacet
  facet normal 0.707107 -0.707107 1.97943e-15
    outer loop
      vertex -1.46946 2.02254 10.3112
      vertex -1.70634 1.78566 10.2514
      vertex -1.82297 1.66903 10.1801
    endloop
  endfacet
  facet normal 0.707107 -0.707107 5.19938e-15
    outer loop
      vertex -1.46946 2.02254 10.3112
      vertex -1.82297 1.66903 10.1801
      vertex -2.02254 1.46946 10.0527
    endloop
  endfacet
  facet normal 0.707107 -0.707107 -1.97943e-15
    outer loop
      vertex -1.70634 1.78566 -10.2514
      vertex -1.46946 2.02254 -10.3112
      vertex -1.82297 1.66903 -10.1801
    endloop
  endfacet
  facet normal 0.707032 -0.707181 -0.00072789
    outer loop
      vertex -1.46946 2.02254 -10.3112
      vertex -1.66733 1.82467 -10.2708
      vertex -1.52635 1.96566 -10.3093
    endloop
  endfacet
  facet normal 0.707107 -0.707107 6.92331e-14
    outer loop
      vertex -2.02254 1.46946 10.0527
      vertex -1.82297 1.66903 10.1801
      vertex -1.97646 1.51554 10.0862
    endloop
  endfacet
  facet normal 0.707107 -0.707107 -2.71059e-15
    outer loop
      vertex -1.66733 1.82467 -10.2708
      vertex -1.46946 2.02254 -10.3112
      vertex -1.70634 1.78566 -10.2514
    endloop
  endfacet
  facet normal 0.707025 -0.707188 -0.0011457
    outer loop
      vertex -1.46946 2.02254 -10.3112
      vertex -1.52635 1.96566 -10.3093
      vertex -1.51296 1.97905 -10.3112
    endloop
  endfacet
  facet normal 0.707107 -0.707107 -6.6223e-14
    outer loop
      vertex -1.82297 1.66903 -10.1801
      vertex -2.02254 1.46946 -10.0527
      vertex -1.97646 1.51554 -10.0862
    endloop
  endfacet
  facet normal -0.98769 0.156422 -6.99408e-05
    outer loop
      vertex 2.37764 -0.772542 -10.1582
      vertex 2.5 0 -10.3237
      vertex 2.46444 -0.224536 -10.3237
    endloop
  endfacet
  facet normal -0.987688 0.156436 0
    outer loop
      vertex 2.5 0 -10.3237
      vertex 2.37764 -0.772542 -10.1582
      vertex 2.5 0 10.3237
    endloop
  endfacet
  facet normal -0.987557 0.157167 0.00539055
    outer loop
      vertex 2.4622 -0.238635 -10.323
      vertex 2.46444 -0.224536 -10.3237
      vertex 2.46329 -0.231762 -10.3237
    endloop
  endfacet
  facet normal -0.987688 0.156436 0
    outer loop
      vertex 2.37764 -0.772542 10.1582
      vertex 2.5 0 10.3237
      vertex 2.37764 -0.772542 -10.1582
    endloop
  endfacet
  facet normal -0.987597 0.157 0.00189449
    outer loop
      vertex 2.46444 -0.224536 -10.3237
      vertex 2.4622 -0.238635 -10.323
      vertex 2.37764 -0.772542 -10.1582
    endloop
  endfacet
  facet normal -0.98769 0.156422 6.99408e-05
    outer loop
      vertex 2.5 0 10.3237
      vertex 2.37764 -0.772542 10.1582
      vertex 2.46444 -0.224536 10.3237
    endloop
  endfacet
  facet normal -0.987695 0.156392 -0.00021647
    outer loop
      vertex 2.4226 -0.488673 -10.2825
      vertex 2.4622 -0.238635 -10.323
      vertex 2.44105 -0.372189 -10.3093
    endloop
  endfacet
  facet normal -0.987597 0.157 -0.00189449
    outer loop
      vertex 2.4622 -0.238635 10.323
      vertex 2.46444 -0.224536 10.3237
      vertex 2.37764 -0.772542 10.1582
    endloop
  endfacet
  facet normal -0.987726 0.156193 -0.00110438
    outer loop
      vertex 2.4226 -0.488673 -10.2825
      vertex 2.44105 -0.372189 -10.3093
      vertex 2.42604 -0.466985 -10.2918
    endloop
  endfacet
  facet normal -0.98769 0.156422 -2.50203e-05
    outer loop
      vertex 2.4622 -0.238635 -10.323
      vertex 2.4226 -0.488673 -10.2825
      vertex 2.37764 -0.772542 -10.1582
    endloop
  endfacet
  facet normal -0.987557 0.157167 -0.00539055
    outer loop
      vertex 2.46444 -0.224536 10.3237
      vertex 2.4622 -0.238635 10.323
      vertex 2.46329 -0.231762 10.3237
    endloop
  endfacet
  facet normal -0.987726 0.156193 0.00110438
    outer loop
      vertex 2.44105 -0.372189 10.3093
      vertex 2.4226 -0.488673 10.2825
      vertex 2.42604 -0.466985 10.2918
    endloop
  endfacet
  facet normal -0.98769 0.156422 2.50203e-05
    outer loop
      vertex 2.4226 -0.488673 10.2825
      vertex 2.4622 -0.238635 10.323
      vertex 2.37764 -0.772542 10.1582
    endloop
  endfacet
  facet normal -0.987695 0.156392 0.00021647
    outer loop
      vertex 2.4622 -0.238635 10.323
      vertex 2.4226 -0.488673 10.2825
      vertex 2.44105 -0.372189 10.3093
    endloop
  endfacet
  facet normal 0.707107 0.707107 2.373e-14
    outer loop
      vertex -1.46946 -2.02254 10.3112
      vertex -2.02254 -1.46946 10.0527
      vertex -1.97646 -1.51554 10.0862
    endloop
  endfacet
  facet normal 0.707107 0.707107 0
    outer loop
      vertex -2.02254 -1.46946 10.0527
      vertex -1.46946 -2.02254 10.3112
      vertex -2.02254 -1.46946 -10.0527
    endloop
  endfacet
  facet normal 0.707107 0.707107 -1.50138e-15
    outer loop
      vertex -1.46946 -2.02254 10.3112
      vertex -1.97646 -1.51554 10.0862
      vertex -1.82297 -1.66903 10.1801
    endloop
  endfacet
  facet normal 0.707107 0.707107 -0
    outer loop
      vertex -1.46946 -2.02254 -10.3112
      vertex -2.02254 -1.46946 -10.0527
      vertex -1.46946 -2.02254 10.3112
    endloop
  endfacet
  facet normal 0.707107 0.707107 1.97943e-15
    outer loop
      vertex -1.46946 -2.02254 10.3112
      vertex -1.82297 -1.66903 10.1801
      vertex -1.70634 -1.78566 10.2514
    endloop
  endfacet
  facet normal 0.707107 0.707107 -2.63254e-14
    outer loop
      vertex -2.02254 -1.46946 -10.0527
      vertex -1.46946 -2.02254 -10.3112
      vertex -1.97646 -1.51554 -10.0862
    endloop
  endfacet
  facet normal 0.707107 0.707107 2.16847e-15
    outer loop
      vertex -1.46946 -2.02254 10.3112
      vertex -1.70634 -1.78566 10.2514
      vertex -1.66733 -1.82467 10.2708
    endloop
  endfacet
  facet normal 0.707107 0.707107 2.25207e-15
    outer loop
      vertex -1.97646 -1.51554 -10.0862
      vertex -1.46946 -2.02254 -10.3112
      vertex -1.82297 -1.66903 -10.1801
    endloop
  endfacet
  facet normal 0.707032 0.707181 0.00072789
    outer loop
      vertex -1.46946 -2.02254 10.3112
      vertex -1.66733 -1.82467 10.2708
      vertex -1.52635 -1.96566 10.3093
    endloop
  endfacet
  facet normal 0.707107 0.707107 -1.97943e-15
    outer loop
      vertex -1.82297 -1.66903 -10.1801
      vertex -1.46946 -2.02254 -10.3112
      vertex -1.70634 -1.78566 -10.2514
    endloop
  endfacet
  facet normal 0.707025 0.707188 0.0011457
    outer loop
      vertex -1.46946 -2.02254 10.3112
      vertex -1.52635 -1.96566 10.3093
      vertex -1.51296 -1.97905 10.3112
    endloop
  endfacet
  facet normal 0.707107 0.707107 -2.71059e-15
    outer loop
      vertex -1.70634 -1.78566 -10.2514
      vertex -1.46946 -2.02254 -10.3112
      vertex -1.66733 -1.82467 -10.2708
    endloop
  endfacet
  facet normal 0.707032 0.707181 -0.00072789
    outer loop
      vertex -1.66733 -1.82467 -10.2708
      vertex -1.46946 -2.02254 -10.3112
      vertex -1.52635 -1.96566 -10.3093
    endloop
  endfacet
  facet normal 0.707025 0.707188 -0.0011457
    outer loop
      vertex -1.52635 -1.96566 -10.3093
      vertex -1.46946 -2.02254 -10.3112
      vertex -1.51296 -1.97905 -10.3112
    endloop
  endfacet
  facet normal 0.987688 -0.156436 0
    outer loop
      vertex -2.5 0 9.58148
      vertex -2.37764 0.772542 -9.70965
      vertex -2.37764 0.772542 9.70965
    endloop
  endfacet
  facet normal 0.987688 -0.156436 0
    outer loop
      vertex -2.37764 0.772542 -9.70965
      vertex -2.5 0 9.58148
      vertex -2.5 0 -9.58148
    endloop
  endfacet
  facet normal 0.454051 0.890967 -0.00394082
    outer loop
      vertex -1.09187 -2.21494 10.329
      vertex -1.11013 -2.20563 10.33
      vertex -1.10077 -2.2104 10.33
    endloop
  endfacet
  facet normal 0.454299 0.890847 0.001717
    outer loop
      vertex -0.772542 -2.37764 10.2535
      vertex -1.11013 -2.20563 10.33
      vertex -1.09187 -2.21494 10.329
    endloop
  endfacet
  facet normal 0.454005 0.890999 7.9408e-05
    outer loop
      vertex -1.11013 -2.20563 10.33
      vertex -0.772542 -2.37764 10.2535
      vertex -1.30444 -2.10662 10.33
    endloop
  endfacet
  facet normal 0.453988 0.891008 5.55834e-05
    outer loop
      vertex -0.772542 -2.37764 10.2535
      vertex -1.09187 -2.21494 10.329
      vertex -0.918882 -2.30308 10.3093
    endloop
  endfacet
  facet normal 0.453756 0.891126 -0.000711457
    outer loop
      vertex -0.772542 -2.37764 10.2535
      vertex -0.918882 -2.30308 10.3093
      vertex -0.881874 -2.32193 10.3021
    endloop
  endfacet
  facet normal 0.453989 0.891007 -6.83923e-05
    outer loop
      vertex -1.30444 -2.10662 10.33
      vertex -0.772542 -2.37764 10.2535
      vertex -1.46946 -2.02254 10.3112
    endloop
  endfacet
  facet normal 0.453993 0.891005 -0
    outer loop
      vertex -0.772542 -2.37764 -10.2535
      vertex -1.46946 -2.02254 10.3112
      vertex -0.772542 -2.37764 10.2535
    endloop
  endfacet
  facet normal 0.453756 0.891126 0.000711457
    outer loop
      vertex -0.918882 -2.30308 -10.3093
      vertex -0.772542 -2.37764 -10.2535
      vertex -0.881874 -2.32193 -10.3021
    endloop
  endfacet
  facet normal 0.453988 0.891008 -5.55834e-05
    outer loop
      vertex -0.772542 -2.37764 -10.2535
      vertex -0.918882 -2.30308 -10.3093
      vertex -1.09187 -2.21494 -10.329
    endloop
  endfacet
  facet normal 0.453993 0.891005 0
    outer loop
      vertex -0.772542 -2.37764 -10.2535
      vertex -1.46946 -2.02254 -10.3112
      vertex -1.46946 -2.02254 10.3112
    endloop
  endfacet
  facet normal 0.454299 0.890847 -0.001717
    outer loop
      vertex -1.11013 -2.20563 -10.33
      vertex -0.772542 -2.37764 -10.2535
      vertex -1.09187 -2.21494 -10.329
    endloop
  endfacet
  facet normal 0.454051 0.890967 0.00394082
    outer loop
      vertex -1.11013 -2.20563 -10.33
      vertex -1.09187 -2.21494 -10.329
      vertex -1.10077 -2.2104 -10.33
    endloop
  endfacet
  facet normal 0.454005 0.890999 -7.9408e-05
    outer loop
      vertex -1.30444 -2.10662 -10.33
      vertex -0.772542 -2.37764 -10.2535
      vertex -1.11013 -2.20563 -10.33
    endloop
  endfacet
  facet normal 0.453989 0.891007 6.83923e-05
    outer loop
      vertex -0.772542 -2.37764 -10.2535
      vertex -1.30444 -2.10662 -10.33
      vertex -1.46946 -2.02254 -10.3112
    endloop
  endfacet
endsolid OpenSCAD_Model
