solid OpenSCAD_Model
  facet normal -0.156453 -0.987685 0
    outer loop
      vertex 31.9836 1.5 4.66156
      vertex 32.4471 1.42658 -4.45725
      vertex 32.4471 1.42658 4.45725
    endloop
  endfacet
  facet normal -0.156453 -0.987685 0
    outer loop
      vertex 32.4471 1.42658 -4.45725
      vertex 31.9836 1.5 4.66156
      vertex 31.9836 1.5 -4.66156
    endloop
  endfacet
  facet normal -0.890838 -0.453949 -0.0183666
    outer loop
      vertex 33.4102 0.463525 -4.34667
      vertex 33.1971 0.881678 -4.34571
      vertex 33.1991 0.877792 -4.34667
    endloop
  endfacet
  facet normal -0.890972 -0.454059 0
    outer loop
      vertex 33.1971 0.881678 -4.34571
      vertex 33.4102 0.463525 -4.34667
      vertex 33.1971 0.881678 4.34571
    endloop
  endfacet
  facet normal -0.890972 -0.454059 -0
    outer loop
      vertex 33.4102 0.463525 4.34667
      vertex 33.1971 0.881678 4.34571
      vertex 33.4102 0.463525 -4.34667
    endloop
  endfacet
  facet normal -0.890838 -0.453949 0.0183666
    outer loop
      vertex 33.1971 0.881678 4.34571
      vertex 33.4102 0.463525 4.34667
      vertex 33.1991 0.877792 4.34667
    endloop
  endfacet
  facet normal -0.98583 -0.156158 0.0612687
    outer loop
      vertex 33.4836 0 -4.34705
      vertex 33.4102 0.463525 -4.34667
      vertex 33.4105 0.461482 -4.34705
    endloop
  endfacet
  facet normal -0.987693 -0.156403 0
    outer loop
      vertex 33.4102 0.463525 -4.34667
      vertex 33.4836 0 -4.34705
      vertex 33.4102 0.463525 4.34667
    endloop
  endfacet
  facet normal -0.987693 -0.156403 -0
    outer loop
      vertex 33.4836 0 4.34705
      vertex 33.4102 0.463525 4.34667
      vertex 33.4836 0 -4.34705
    endloop
  endfacet
  facet normal -0.98583 -0.156158 -0.0612687
    outer loop
      vertex 33.4102 0.463525 4.34667
      vertex 33.4836 0 4.34705
      vertex 33.4105 0.461482 4.34705
    endloop
  endfacet
  facet normal -0.707045 -0.707169 0
    outer loop
      vertex 33.1971 0.881678 -4.34571
      vertex 32.8652 1.21352 4.34853
      vertex 32.8652 1.21352 -4.34853
    endloop
  endfacet
  facet normal -0.707045 -0.707169 0
    outer loop
      vertex 32.8652 1.21352 4.34853
      vertex 33.1971 0.881678 -4.34571
      vertex 33.1971 0.881678 4.34571
    endloop
  endfacet
  facet normal -0.707045 0.707169 0
    outer loop
      vertex 32.8652 -1.21352 -4.34853
      vertex 33.1971 -0.881678 4.34571
      vertex 33.1971 -0.881678 -4.34571
    endloop
  endfacet
  facet normal -0.707045 0.707169 0
    outer loop
      vertex 33.1971 -0.881678 4.34571
      vertex 32.8652 -1.21352 -4.34853
      vertex 32.8652 -1.21352 4.34853
    endloop
  endfacet
  facet normal -0.454103 0.890949 0
    outer loop
      vertex 32.5637 -1.36719 -4.42731
      vertex 32.5637 -1.36719 4.42731
      vertex 32.8652 -1.21352 4.34853
    endloop
  endfacet
  facet normal -0.454103 0.890949 0
    outer loop
      vertex 32.5637 -1.36719 -4.42731
      vertex 32.8652 -1.21352 4.34853
      vertex 32.8652 -1.21352 -4.34853
    endloop
  endfacet
  facet normal -0.453865 0.89107 0
    outer loop
      vertex 32.5637 -1.36719 4.42731
      vertex 32.5637 -1.36719 -4.42731
      vertex 32.4471 -1.42658 4.45725
    endloop
  endfacet
  facet normal -0.453865 0.89107 0
    outer loop
      vertex 32.4471 -1.42658 4.45725
      vertex 32.5637 -1.36719 -4.42731
      vertex 32.4471 -1.42658 -4.45725
    endloop
  endfacet
  facet normal 0.707045 -0.707169 0
    outer loop
      vertex 30.77 0.881678 5.61681
      vertex 31.1019 1.21352 -5.27204
      vertex 31.1019 1.21352 5.27204
    endloop
  endfacet
  facet normal 0.707045 -0.707169 0
    outer loop
      vertex 31.1019 1.21352 -5.27204
      vertex 30.77 0.881678 5.61681
      vertex 30.77 0.881678 -5.61681
    endloop
  endfacet
  facet normal -0.453865 -0.89107 0
    outer loop
      vertex 32.5637 1.36719 -4.42731
      vertex 32.5637 1.36719 4.42731
      vertex 32.4471 1.42658 4.45725
    endloop
  endfacet
  facet normal -0.454103 -0.890949 -0
    outer loop
      vertex 32.5637 1.36719 4.42731
      vertex 32.5637 1.36719 -4.42731
      vertex 32.8652 1.21352 4.34853
    endloop
  endfacet
  facet normal -0.454103 -0.890949 -0
    outer loop
      vertex 32.8652 1.21352 4.34853
      vertex 32.5637 1.36719 -4.42731
      vertex 32.8652 1.21352 -4.34853
    endloop
  endfacet
  facet normal -0.453865 -0.89107 0
    outer loop
      vertex 32.5637 1.36719 -4.42731
      vertex 32.4471 1.42658 4.45725
      vertex 32.4471 1.42658 -4.45725
    endloop
  endfacet
  facet normal -0.890838 0.453949 -0.0183666
    outer loop
      vertex 33.1971 -0.881678 -4.34571
      vertex 33.4102 -0.463525 -4.34667
      vertex 33.1991 -0.877792 -4.34667
    endloop
  endfacet
  facet normal -0.890972 0.454059 0
    outer loop
      vertex 33.4102 -0.463525 -4.34667
      vertex 33.1971 -0.881678 -4.34571
      vertex 33.4102 -0.463525 4.34667
    endloop
  endfacet
  facet normal -0.890972 0.454059 0
    outer loop
      vertex 33.1971 -0.881678 4.34571
      vertex 33.4102 -0.463525 4.34667
      vertex 33.1971 -0.881678 -4.34571
    endloop
  endfacet
  facet normal -0.890838 0.453949 0.0183666
    outer loop
      vertex 33.4102 -0.463525 4.34667
      vertex 33.1971 -0.881678 4.34571
      vertex 33.1991 -0.877792 4.34667
    endloop
  endfacet
  facet normal 0.453984 -0.89101 0
    outer loop
      vertex 31.4035 1.36719 -5.03492
      vertex 31.4035 1.36719 5.03492
      vertex 31.1019 1.21352 5.27204
    endloop
  endfacet
  facet normal 0.454174 -0.890913 0
    outer loop
      vertex 31.4035 1.36719 5.03492
      vertex 31.4035 1.36719 -5.03492
      vertex 31.52 1.42658 4.94277
    endloop
  endfacet
  facet normal 0.454174 -0.890913 0
    outer loop
      vertex 31.52 1.42658 4.94277
      vertex 31.4035 1.36719 -5.03492
      vertex 31.52 1.42658 -4.94277
    endloop
  endfacet
  facet normal 0.453984 -0.89101 0
    outer loop
      vertex 31.4035 1.36719 -5.03492
      vertex 31.1019 1.21352 5.27204
      vertex 31.1019 1.21352 -5.27204
    endloop
  endfacet
  facet normal 0.872477 -0.483256 -0.072443
    outer loop
      vertex 30.557 0.463525 5.84095
      vertex 30.77 0.881678 5.61681
      vertex 30.7681 0.877792 5.61985
    endloop
  endfacet
  facet normal 0.891058 -0.45389 0
    outer loop
      vertex 30.77 0.881678 5.61681
      vertex 30.557 0.463525 5.84095
      vertex 30.77 0.881678 -5.61681
    endloop
  endfacet
  facet normal 0.891058 -0.45389 0
    outer loop
      vertex 30.557 0.463525 -5.84095
      vertex 30.77 0.881678 -5.61681
      vertex 30.557 0.463525 5.84095
    endloop
  endfacet
  facet normal 0.872477 -0.483256 0.072443
    outer loop
      vertex 30.77 0.881678 -5.61681
      vertex 30.557 0.463525 -5.84095
      vertex 30.7681 0.877792 -5.61985
    endloop
  endfacet
  facet normal 0.454174 0.890913 -0
    outer loop
      vertex 31.4035 -1.36719 -5.03492
      vertex 31.4035 -1.36719 5.03492
      vertex 31.52 -1.42658 4.94277
    endloop
  endfacet
  facet normal 0.454174 0.890913 0
    outer loop
      vertex 31.4035 -1.36719 -5.03492
      vertex 31.52 -1.42658 4.94277
      vertex 31.52 -1.42658 -4.94277
    endloop
  endfacet
  facet normal 0.453984 0.89101 0
    outer loop
      vertex 31.4035 -1.36719 5.03492
      vertex 31.4035 -1.36719 -5.03492
      vertex 31.1019 -1.21352 5.27204
    endloop
  endfacet
  facet normal 0.453984 0.89101 0
    outer loop
      vertex 31.1019 -1.21352 5.27204
      vertex 31.4035 -1.36719 -5.03492
      vertex 31.1019 -1.21352 -5.27204
    endloop
  endfacet
  facet normal 0.15642 -0.987691 0
    outer loop
      vertex 31.52 1.42658 4.94277
      vertex 31.9836 1.5 -4.66156
      vertex 31.9836 1.5 4.66156
    endloop
  endfacet
  facet normal 0.15642 -0.987691 0
    outer loop
      vertex 31.9836 1.5 -4.66156
      vertex 31.52 1.42658 4.94277
      vertex 31.52 1.42658 -4.94277
    endloop
  endfacet
  facet normal -0.98583 0.156158 0.0612687
    outer loop
      vertex 33.4102 -0.463525 -4.34667
      vertex 33.4836 0 -4.34705
      vertex 33.4105 -0.461482 -4.34705
    endloop
  endfacet
  facet normal -0.987693 0.156403 0
    outer loop
      vertex 33.4836 0 -4.34705
      vertex 33.4102 -0.463525 -4.34667
      vertex 33.4836 0 4.34705
    endloop
  endfacet
  facet normal -0.987693 0.156403 0
    outer loop
      vertex 33.4102 -0.463525 4.34667
      vertex 33.4836 0 4.34705
      vertex 33.4102 -0.463525 -4.34667
    endloop
  endfacet
  facet normal -0.98583 0.156158 -0.0612687
    outer loop
      vertex 33.4836 0 4.34705
      vertex 33.4102 -0.463525 4.34667
      vertex 33.4105 -0.461482 4.34705
    endloop
  endfacet
  facet normal 0.707045 0.707169 0
    outer loop
      vertex 31.1019 -1.21352 5.27204
      vertex 30.77 -0.881678 -5.61681
      vertex 30.77 -0.881678 5.61681
    endloop
  endfacet
  facet normal 0.707045 0.707169 0
    outer loop
      vertex 30.77 -0.881678 -5.61681
      vertex 31.1019 -1.21352 5.27204
      vertex 31.1019 -1.21352 -5.27204
    endloop
  endfacet
  facet normal 0.15642 0.987691 -0
    outer loop
      vertex 31.9836 -1.5 -4.66156
      vertex 31.52 -1.42658 4.94277
      vertex 31.9836 -1.5 4.66156
    endloop
  endfacet
  facet normal 0.15642 0.987691 0
    outer loop
      vertex 31.52 -1.42658 4.94277
      vertex 31.9836 -1.5 -4.66156
      vertex 31.52 -1.42658 -4.94277
    endloop
  endfacet
  facet normal -0.156453 0.987685 0
    outer loop
      vertex 32.4471 -1.42658 -4.45725
      vertex 31.9836 -1.5 4.66156
      vertex 32.4471 -1.42658 4.45725
    endloop
  endfacet
  facet normal -0.156453 0.987685 0
    outer loop
      vertex 31.9836 -1.5 4.66156
      vertex 32.4471 -1.42658 -4.45725
      vertex 31.9836 -1.5 -4.66156
    endloop
  endfacet
  facet normal 0.872477 0.483256 -0.072443
    outer loop
      vertex 30.77 -0.881678 5.61681
      vertex 30.557 -0.463525 5.84095
      vertex 30.7681 -0.877792 5.61985
    endloop
  endfacet
  facet normal 0.891058 0.45389 0
    outer loop
      vertex 30.557 -0.463525 5.84095
      vertex 30.77 -0.881678 5.61681
      vertex 30.557 -0.463525 -5.84095
    endloop
  endfacet
  facet normal 0.891058 0.45389 -0
    outer loop
      vertex 30.77 -0.881678 -5.61681
      vertex 30.557 -0.463525 -5.84095
      vertex 30.77 -0.881678 5.61681
    endloop
  endfacet
  facet normal 0.872477 0.483256 0.072443
    outer loop
      vertex 30.557 -0.463525 -5.84095
      vertex 30.77 -0.881678 -5.61681
      vertex 30.7681 -0.877792 -5.61985
    endloop
  endfacet
  facet normal 0.984089 -0.166273 -0.062633
    outer loop
      vertex 30.4836 0 5.91822
      vertex 30.557 0.463525 5.84095
      vertex 30.5567 0.461482 5.84166
    endloop
  endfacet
  facet normal 0.987693 -0.156403 0
    outer loop
      vertex 30.557 0.463525 5.84095
      vertex 30.4836 0 5.91822
      vertex 30.557 0.463525 -5.84095
    endloop
  endfacet
  facet normal 0.987693 -0.156403 0
    outer loop
      vertex 30.4836 0 -5.91822
      vertex 30.557 0.463525 -5.84095
      vertex 30.4836 0 5.91822
    endloop
  endfacet
  facet normal 0.984089 -0.166273 0.062633
    outer loop
      vertex 30.557 0.463525 -5.84095
      vertex 30.4836 0 -5.91822
      vertex 30.5567 0.461482 -5.84166
    endloop
  endfacet
  facet normal 0.984089 0.166273 -0.062633
    outer loop
      vertex 30.557 -0.463525 5.84095
      vertex 30.4836 0 5.91822
      vertex 30.5567 -0.461482 5.84166
    endloop
  endfacet
  facet normal 0.987693 0.156403 0
    outer loop
      vertex 30.4836 0 5.91822
      vertex 30.557 -0.463525 5.84095
      vertex 30.4836 0 -5.91822
    endloop
  endfacet
  facet normal 0.987693 0.156403 -0
    outer loop
      vertex 30.557 -0.463525 -5.84095
      vertex 30.4836 0 -5.91822
      vertex 30.557 -0.463525 5.84095
    endloop
  endfacet
  facet normal 0.984089 0.166273 0.062633
    outer loop
      vertex 30.4836 0 -5.91822
      vertex 30.557 -0.463525 -5.84095
      vertex 30.5567 -0.461482 -5.84166
    endloop
  endfacet
  facet normal 0.838676 -0.54463 0.000338925
    outer loop
      vertex -17.3621 28.3087 4.33618
      vertex -17.1065 28.7023 4.33807
      vertex -17.1945 28.5668 4.35628
    endloop
  endfacet
  facet normal 0.838677 -0.544629 0
    outer loop
      vertex -17.1065 28.7023 4.33807
      vertex -17.3621 28.3087 4.33618
      vertex -17.1065 28.7023 -4.33807
    endloop
  endfacet
  facet normal 0.838677 -0.544629 0
    outer loop
      vertex -17.3621 28.3087 -4.33618
      vertex -17.1065 28.7023 -4.33807
      vertex -17.3621 28.3087 4.33618
    endloop
  endfacet
  facet normal 0.838676 -0.54463 -0.000338925
    outer loop
      vertex -17.1065 28.7023 -4.33807
      vertex -17.3621 28.3087 -4.33618
      vertex -17.1945 28.5668 -4.35628
    endloop
  endfacet
  facet normal 0.629282 -0.777175 0.00143064
    outer loop
      vertex -17.1065 28.7023 4.33807
      vertex -16.7418 28.9976 4.33848
      vertex -16.8646 28.8982 4.35571
    endloop
  endfacet
  facet normal 0.629284 -0.777175 0
    outer loop
      vertex -17.1065 28.7023 -4.33807
      vertex -16.7418 28.9976 4.33848
      vertex -17.1065 28.7023 4.33807
    endloop
  endfacet
  facet normal 0.629284 -0.777175 0
    outer loop
      vertex -17.1065 28.7023 -4.33807
      vertex -16.7418 28.9976 -4.33848
      vertex -16.7418 28.9976 4.33848
    endloop
  endfacet
  facet normal 0.629282 -0.777175 -0.00143064
    outer loop
      vertex -16.7418 28.9976 -4.33848
      vertex -17.1065 28.7023 -4.33807
      vertex -16.8646 28.8982 -4.35571
    endloop
  endfacet
  facet normal -0.544629 -0.838677 0
    outer loop
      vertex -15.3817 29.0689 -4.35961
      vertex -14.9881 28.8133 4.47077
      vertex -15.3817 29.0689 4.35961
    endloop
  endfacet
  facet normal -0.544629 -0.838677 -0
    outer loop
      vertex -14.9881 28.8133 4.47077
      vertex -15.3817 29.0689 -4.35961
      vertex -14.9881 28.8133 -4.47077
    endloop
  endfacet
  facet normal -0.965872 0.25902 0
    outer loop
      vertex -14.538 27.4001 -5.38993
      vertex -14.5 27.5418 5.28312
      vertex -14.5 27.5418 -5.28312
    endloop
  endfacet
  facet normal -0.965872 0.25902 0
    outer loop
      vertex -14.538 27.4001 -5.38993
      vertex -14.538 27.4001 5.38993
      vertex -14.5 27.5418 5.28312
    endloop
  endfacet
  facet normal -0.96592 0.258839 0
    outer loop
      vertex -14.6215 27.0885 -5.60616
      vertex -14.538 27.4001 5.38993
      vertex -14.538 27.4001 -5.38993
    endloop
  endfacet
  facet normal -0.96592 0.258839 0
    outer loop
      vertex -14.538 27.4001 5.38993
      vertex -14.6215 27.0885 -5.60616
      vertex -14.6215 27.0885 5.60616
    endloop
  endfacet
  facet normal -0.777071 -0.629413 0
    outer loop
      vertex -14.6927 28.4486 -4.67638
      vertex -14.9881 28.8133 4.47077
      vertex -14.9881 28.8133 -4.47077
    endloop
  endfacet
  facet normal -0.777071 -0.629413 0
    outer loop
      vertex -14.9881 28.8133 4.47077
      vertex -14.6927 28.4486 -4.67638
      vertex -14.6927 28.4486 4.67638
    endloop
  endfacet
  facet normal 0.965848 -0.259085 -0.00359025
    outer loop
      vertex -17.4836 27.8554 4.36197
      vertex -17.3621 28.3087 4.33618
      vertex -17.4051 28.1481 4.35778
    endloop
  endfacet
  facet normal 0.965905 -0.258896 0
    outer loop
      vertex -17.3621 28.3087 4.33618
      vertex -17.4836 27.8554 4.36197
      vertex -17.3621 28.3087 -4.33618
    endloop
  endfacet
  facet normal 0.965905 -0.258896 0
    outer loop
      vertex -17.4836 27.8554 -4.36197
      vertex -17.3621 28.3087 -4.33618
      vertex -17.4836 27.8554 4.36197
    endloop
  endfacet
  facet normal 0.965848 -0.259085 0.00359025
    outer loop
      vertex -17.3621 28.3087 -4.33618
      vertex -17.4836 27.8554 -4.36197
      vertex -17.4051 28.1481 -4.35778
    endloop
  endfacet
  facet normal 0.998625 0.0524135 0
    outer loop
      vertex -17.459 27.3867 4.47356
      vertex -17.4836 27.8554 -4.36197
      vertex -17.4836 27.8554 4.36197
    endloop
  endfacet
  facet normal 0.998625 0.0524135 0
    outer loop
      vertex -17.4836 27.8554 -4.36197
      vertex -17.459 27.3867 4.47356
      vertex -17.459 27.3867 -4.47356
    endloop
  endfacet
  facet normal -0.259058 -0.965857 0.00322485
    outer loop
      vertex -15.835 29.1904 4.33505
      vertex -15.3817 29.0689 4.35961
      vertex -15.5234 29.1069 4.35778
    endloop
  endfacet
  facet normal -0.258896 -0.965905 0
    outer loop
      vertex -15.835 29.1904 -4.33505
      vertex -15.3817 29.0689 4.35961
      vertex -15.835 29.1904 4.33505
    endloop
  endfacet
  facet normal -0.25884 -0.96592 -3.1433e-06
    outer loop
      vertex -15.5234 29.1069 -4.35778
      vertex -15.3817 29.0689 4.35961
      vertex -15.835 29.1904 -4.33505
    endloop
  endfacet
  facet normal -0.25902 -0.965872 -0
    outer loop
      vertex -15.3817 29.0689 4.35961
      vertex -15.5234 29.1069 -4.35778
      vertex -15.3817 29.0689 -4.35961
    endloop
  endfacet
  facet normal 0.358423 -0.933559 0.000858706
    outer loop
      vertex -16.7418 28.9976 4.33848
      vertex -16.3037 29.1658 4.33764
      vertex -16.4483 29.1103 4.35571
    endloop
  endfacet
  facet normal 0.358422 -0.93356 0
    outer loop
      vertex -16.7418 28.9976 4.33848
      vertex -16.3037 29.1658 -4.33764
      vertex -16.3037 29.1658 4.33764
    endloop
  endfacet
  facet normal 0.358422 -0.93356 0
    outer loop
      vertex -16.7418 28.9976 -4.33848
      vertex -16.3037 29.1658 -4.33764
      vertex -16.7418 28.9976 4.33848
    endloop
  endfacet
  facet normal 0.358423 -0.933559 -0.000858706
    outer loop
      vertex -16.3037 29.1658 -4.33764
      vertex -16.7418 28.9976 -4.33848
      vertex -16.4483 29.1103 -4.35571
    endloop
  endfacet
  facet normal -0.0532771 0.998578 0.00180378
    outer loop
      vertex -15.6799 26.2314 5.83235
      vertex -16.1486 26.2068 5.60729
      vertex -15.8412 26.2229 5.77376
    endloop
  endfacet
  facet normal -0.0524135 0.998625 0
    outer loop
      vertex -15.6799 26.2314 5.83235
      vertex -16.1486 26.2068 -5.60729
      vertex -16.1486 26.2068 5.60729
    endloop
  endfacet
  facet normal -0.0524135 0.998625 0
    outer loop
      vertex -15.6799 26.2314 -5.83235
      vertex -16.1486 26.2068 -5.60729
      vertex -15.6799 26.2314 5.83235
    endloop
  endfacet
  facet normal -0.0532771 0.998578 -0.00180378
    outer loop
      vertex -16.1486 26.2068 -5.60729
      vertex -15.6799 26.2314 -5.83235
      vertex -15.8412 26.2229 -5.77376
    endloop
  endfacet
  facet normal -0.838271 0.545251 -0.00154409
    outer loop
      vertex -14.8771 26.6949 -5.83192
      vertex -14.6215 27.0885 -5.60616
      vertex -14.704 26.9614 -5.69942
    endloop
  endfacet
  facet normal -0.838677 0.544629 0
    outer loop
      vertex -14.6215 27.0885 -5.60616
      vertex -14.8771 26.6949 -5.83192
      vertex -14.6215 27.0885 5.60616
    endloop
  endfacet
  facet normal -0.838677 0.544629 0
    outer loop
      vertex -14.8771 26.6949 5.83192
      vertex -14.6215 27.0885 5.60616
      vertex -14.8771 26.6949 -5.83192
    endloop
  endfacet
  facet normal -0.838271 0.545251 0.00154409
    outer loop
      vertex -14.6215 27.0885 5.60616
      vertex -14.8771 26.6949 5.83192
      vertex -14.704 26.9614 5.69942
    endloop
  endfacet
  facet normal 0.544629 0.838677 0
    outer loop
      vertex -16.6019 26.3283 5.28548
      vertex -16.9955 26.5839 -4.95907
      vertex -16.9955 26.5839 4.95907
    endloop
  endfacet
  facet normal 0.544629 0.838677 0
    outer loop
      vertex -16.9955 26.5839 -4.95907
      vertex -16.6019 26.3283 5.28548
      vertex -16.6019 26.3283 -5.28548
    endloop
  endfacet
  facet normal 0.0523973 -0.998622 -0.00288555
    outer loop
      vertex -16.3037 29.1658 4.33764
      vertex -15.835 29.1904 4.33505
      vertex -15.9863 29.1824 4.35628
    endloop
  endfacet
  facet normal 0.0524135 -0.998625 0
    outer loop
      vertex -16.3037 29.1658 4.33764
      vertex -15.835 29.1904 -4.33505
      vertex -15.835 29.1904 4.33505
    endloop
  endfacet
  facet normal 0.0524135 -0.998625 0
    outer loop
      vertex -16.3037 29.1658 -4.33764
      vertex -15.835 29.1904 -4.33505
      vertex -16.3037 29.1658 4.33764
    endloop
  endfacet
  facet normal 0.0523973 -0.998622 0.00288555
    outer loop
      vertex -15.835 29.1904 -4.33505
      vertex -16.3037 29.1658 -4.33764
      vertex -15.9863 29.1824 -4.35628
    endloop
  endfacet
  facet normal 0.777175 0.629284 0
    outer loop
      vertex -16.9955 26.5839 4.95907
      vertex -17.2908 26.9486 -4.6793
      vertex -17.2908 26.9486 4.6793
    endloop
  endfacet
  facet normal 0.777175 0.629284 0
    outer loop
      vertex -17.2908 26.9486 -4.6793
      vertex -16.9955 26.5839 4.95907
      vertex -16.9955 26.5839 -4.95907
    endloop
  endfacet
  facet normal 0.93356 0.358422 0
    outer loop
      vertex -17.2908 26.9486 4.6793
      vertex -17.459 27.3867 -4.47356
      vertex -17.459 27.3867 4.47356
    endloop
  endfacet
  facet normal 0.93356 0.358422 0
    outer loop
      vertex -17.459 27.3867 -4.47356
      vertex -17.2908 26.9486 4.6793
      vertex -17.2908 26.9486 -4.6793
    endloop
  endfacet
  facet normal -0.933631 -0.358236 0
    outer loop
      vertex -14.5246 28.0105 -4.95629
      vertex -14.6927 28.4486 4.67638
      vertex -14.6927 28.4486 -4.67638
    endloop
  endfacet
  facet normal -0.933631 -0.358236 0
    outer loop
      vertex -14.6927 28.4486 4.67638
      vertex -14.5246 28.0105 -4.95629
      vertex -14.5246 28.0105 4.95629
    endloop
  endfacet
  facet normal -0.629534 0.776972 -0.000947334
    outer loop
      vertex -14.8771 26.6949 5.83192
      vertex -15.2418 26.3995 5.90965
      vertex -14.9975 26.5974 5.87537
    endloop
  endfacet
  facet normal -0.629413 0.777071 0
    outer loop
      vertex -14.8771 26.6949 -5.83192
      vertex -15.2418 26.3995 5.90965
      vertex -14.8771 26.6949 5.83192
    endloop
  endfacet
  facet normal -0.629534 0.776972 0.000947334
    outer loop
      vertex -15.2418 26.3995 -5.90965
      vertex -14.8771 26.6949 -5.83192
      vertex -14.9975 26.5974 -5.87537
    endloop
  endfacet
  facet normal -0.629413 0.777071 0
    outer loop
      vertex -14.8771 26.6949 -5.83192
      vertex -15.2418 26.3995 -5.90965
      vertex -15.2418 26.3995 5.90965
    endloop
  endfacet
  facet normal -0.998625 -0.0524135 0
    outer loop
      vertex -14.5 27.5418 -5.28312
      vertex -14.5246 28.0105 4.95629
      vertex -14.5246 28.0105 -4.95629
    endloop
  endfacet
  facet normal -0.998625 -0.0524135 0
    outer loop
      vertex -14.5246 28.0105 4.95629
      vertex -14.5 27.5418 -5.28312
      vertex -14.5 27.5418 5.28312
    endloop
  endfacet
  facet normal -0.358269 0.933619 0.000209849
    outer loop
      vertex -15.2418 26.3995 5.90965
      vertex -15.6799 26.2314 5.83235
      vertex -15.3893 26.3429 5.90099
    endloop
  endfacet
  facet normal -0.358236 0.933631 0
    outer loop
      vertex -15.2418 26.3995 5.90965
      vertex -15.6799 26.2314 -5.83235
      vertex -15.6799 26.2314 5.83235
    endloop
  endfacet
  facet normal -0.358236 0.933631 0
    outer loop
      vertex -15.2418 26.3995 -5.90965
      vertex -15.6799 26.2314 -5.83235
      vertex -15.2418 26.3995 5.90965
    endloop
  endfacet
  facet normal -0.358269 0.933619 -0.000209849
    outer loop
      vertex -15.6799 26.2314 -5.83235
      vertex -15.2418 26.3995 -5.90965
      vertex -15.3893 26.3429 -5.90099
    endloop
  endfacet
  facet normal 0.256508 0.966535 0.00360105
    outer loop
      vertex -16.1486 26.2068 5.60729
      vertex -16.6019 26.3283 5.28548
      vertex -16.3092 26.2498 5.50571
    endloop
  endfacet
  facet normal 0.258896 0.965905 0
    outer loop
      vertex -16.1486 26.2068 5.60729
      vertex -16.6019 26.3283 -5.28548
      vertex -16.6019 26.3283 5.28548
    endloop
  endfacet
  facet normal 0.258896 0.965905 -0
    outer loop
      vertex -16.1486 26.2068 -5.60729
      vertex -16.6019 26.3283 -5.28548
      vertex -16.1486 26.2068 5.60729
    endloop
  endfacet
  facet normal 0.256508 0.966535 -0.00360105
    outer loop
      vertex -16.6019 26.3283 -5.28548
      vertex -16.1486 26.2068 -5.60729
      vertex -16.3092 26.2498 -5.50571
    endloop
  endfacet
  facet normal 0.838676 0.54463 0.000338925
    outer loop
      vertex -17.1065 -28.7023 4.33807
      vertex -17.3621 -28.3087 4.33618
      vertex -17.1945 -28.5668 4.35628
    endloop
  endfacet
  facet normal 0.838677 0.544629 0
    outer loop
      vertex -17.3621 -28.3087 4.33618
      vertex -17.1065 -28.7023 4.33807
      vertex -17.3621 -28.3087 -4.33618
    endloop
  endfacet
  facet normal 0.838677 0.544629 -0
    outer loop
      vertex -17.1065 -28.7023 -4.33807
      vertex -17.3621 -28.3087 -4.33618
      vertex -17.1065 -28.7023 4.33807
    endloop
  endfacet
  facet normal 0.838676 0.54463 -0.000338925
    outer loop
      vertex -17.3621 -28.3087 -4.33618
      vertex -17.1065 -28.7023 -4.33807
      vertex -17.1945 -28.5668 -4.35628
    endloop
  endfacet
  facet normal -0.259058 0.965857 0.00322485
    outer loop
      vertex -15.3817 -29.0689 4.35961
      vertex -15.835 -29.1904 4.33505
      vertex -15.5234 -29.1069 4.35778
    endloop
  endfacet
  facet normal -0.258896 0.965905 0
    outer loop
      vertex -15.3817 -29.0689 4.35961
      vertex -15.835 -29.1904 -4.33505
      vertex -15.835 -29.1904 4.33505
    endloop
  endfacet
  facet normal -0.25884 0.96592 -3.1433e-06
    outer loop
      vertex -15.3817 -29.0689 4.35961
      vertex -15.5234 -29.1069 -4.35778
      vertex -15.835 -29.1904 -4.33505
    endloop
  endfacet
  facet normal -0.25902 0.965872 0
    outer loop
      vertex -15.5234 -29.1069 -4.35778
      vertex -15.3817 -29.0689 4.35961
      vertex -15.3817 -29.0689 -4.35961
    endloop
  endfacet
  facet normal -0.629534 -0.776972 -0.000947334
    outer loop
      vertex -15.2418 -26.3995 5.90965
      vertex -14.8771 -26.6949 5.83192
      vertex -14.9975 -26.5974 5.87537
    endloop
  endfacet
  facet normal -0.629413 -0.777071 0
    outer loop
      vertex -15.2418 -26.3995 5.90965
      vertex -14.8771 -26.6949 -5.83192
      vertex -14.8771 -26.6949 5.83192
    endloop
  endfacet
  facet normal -0.629413 -0.777071 0
    outer loop
      vertex -15.2418 -26.3995 -5.90965
      vertex -14.8771 -26.6949 -5.83192
      vertex -15.2418 -26.3995 5.90965
    endloop
  endfacet
  facet normal -0.629534 -0.776972 0.000947334
    outer loop
      vertex -14.8771 -26.6949 -5.83192
      vertex -15.2418 -26.3995 -5.90965
      vertex -14.9975 -26.5974 -5.87537
    endloop
  endfacet
  facet normal 0.544629 -0.838677 0
    outer loop
      vertex -16.9955 -26.5839 -4.95907
      vertex -16.6019 -26.3283 5.28548
      vertex -16.9955 -26.5839 4.95907
    endloop
  endfacet
  facet normal 0.544629 -0.838677 0
    outer loop
      vertex -16.6019 -26.3283 5.28548
      vertex -16.9955 -26.5839 -4.95907
      vertex -16.6019 -26.3283 -5.28548
    endloop
  endfacet
  facet normal 0.358423 0.933559 0.000858706
    outer loop
      vertex -16.3037 -29.1658 4.33764
      vertex -16.7418 -28.9976 4.33848
      vertex -16.4483 -29.1103 4.35571
    endloop
  endfacet
  facet normal 0.358422 0.93356 -0
    outer loop
      vertex -16.3037 -29.1658 -4.33764
      vertex -16.7418 -28.9976 4.33848
      vertex -16.3037 -29.1658 4.33764
    endloop
  endfacet
  facet normal 0.358422 0.93356 0
    outer loop
      vertex -16.3037 -29.1658 -4.33764
      vertex -16.7418 -28.9976 -4.33848
      vertex -16.7418 -28.9976 4.33848
    endloop
  endfacet
  facet normal 0.358423 0.933559 -0.000858706
    outer loop
      vertex -16.7418 -28.9976 -4.33848
      vertex -16.3037 -29.1658 -4.33764
      vertex -16.4483 -29.1103 -4.35571
    endloop
  endfacet
  facet normal -0.544629 0.838677 0
    outer loop
      vertex -14.9881 -28.8133 4.47077
      vertex -15.3817 -29.0689 -4.35961
      vertex -15.3817 -29.0689 4.35961
    endloop
  endfacet
  facet normal -0.544629 0.838677 0
    outer loop
      vertex -15.3817 -29.0689 -4.35961
      vertex -14.9881 -28.8133 4.47077
      vertex -14.9881 -28.8133 -4.47077
    endloop
  endfacet
  facet normal -0.777071 0.629413 0
    outer loop
      vertex -14.9881 -28.8133 -4.47077
      vertex -14.6927 -28.4486 4.67638
      vertex -14.6927 -28.4486 -4.67638
    endloop
  endfacet
  facet normal -0.777071 0.629413 0
    outer loop
      vertex -14.6927 -28.4486 4.67638
      vertex -14.9881 -28.8133 -4.47077
      vertex -14.9881 -28.8133 4.47077
    endloop
  endfacet
  facet normal 0.93356 -0.358422 0
    outer loop
      vertex -17.459 -27.3867 4.47356
      vertex -17.2908 -26.9486 -4.6793
      vertex -17.2908 -26.9486 4.6793
    endloop
  endfacet
  facet normal 0.93356 -0.358422 0
    outer loop
      vertex -17.2908 -26.9486 -4.6793
      vertex -17.459 -27.3867 4.47356
      vertex -17.459 -27.3867 -4.47356
    endloop
  endfacet
  facet normal -0.0532771 -0.998578 0.00180378
    outer loop
      vertex -16.1486 -26.2068 5.60729
      vertex -15.6799 -26.2314 5.83235
      vertex -15.8412 -26.2229 5.77376
    endloop
  endfacet
  facet normal -0.0524135 -0.998625 0
    outer loop
      vertex -16.1486 -26.2068 -5.60729
      vertex -15.6799 -26.2314 5.83235
      vertex -16.1486 -26.2068 5.60729
    endloop
  endfacet
  facet normal -0.0532771 -0.998578 -0.00180378
    outer loop
      vertex -15.6799 -26.2314 -5.83235
      vertex -16.1486 -26.2068 -5.60729
      vertex -15.8412 -26.2229 -5.77376
    endloop
  endfacet
  facet normal -0.0524135 -0.998625 0
    outer loop
      vertex -16.1486 -26.2068 -5.60729
      vertex -15.6799 -26.2314 -5.83235
      vertex -15.6799 -26.2314 5.83235
    endloop
  endfacet
  facet normal 0.629282 0.777175 0.00143064
    outer loop
      vertex -16.7418 -28.9976 4.33848
      vertex -17.1065 -28.7023 4.33807
      vertex -16.8646 -28.8982 4.35571
    endloop
  endfacet
  facet normal 0.629284 0.777175 0
    outer loop
      vertex -16.7418 -28.9976 4.33848
      vertex -17.1065 -28.7023 -4.33807
      vertex -17.1065 -28.7023 4.33807
    endloop
  endfacet
  facet normal 0.629284 0.777175 -0
    outer loop
      vertex -16.7418 -28.9976 -4.33848
      vertex -17.1065 -28.7023 -4.33807
      vertex -16.7418 -28.9976 4.33848
    endloop
  endfacet
  facet normal 0.629282 0.777175 -0.00143064
    outer loop
      vertex -17.1065 -28.7023 -4.33807
      vertex -16.7418 -28.9976 -4.33848
      vertex -16.8646 -28.8982 -4.35571
    endloop
  endfacet
  facet normal -0.998625 0.0524135 0
    outer loop
      vertex -14.5246 -28.0105 -4.95629
      vertex -14.5 -27.5418 5.28312
      vertex -14.5 -27.5418 -5.28312
    endloop
  endfacet
  facet normal -0.998625 0.0524135 0
    outer loop
      vertex -14.5 -27.5418 5.28312
      vertex -14.5246 -28.0105 -4.95629
      vertex -14.5246 -28.0105 4.95629
    endloop
  endfacet
  facet normal 0.777175 -0.629284 0
    outer loop
      vertex -17.2908 -26.9486 4.6793
      vertex -16.9955 -26.5839 -4.95907
      vertex -16.9955 -26.5839 4.95907
    endloop
  endfacet
  facet normal 0.777175 -0.629284 0
    outer loop
      vertex -16.9955 -26.5839 -4.95907
      vertex -17.2908 -26.9486 4.6793
      vertex -17.2908 -26.9486 -4.6793
    endloop
  endfacet
  facet normal -0.358269 -0.933619 0.000209849
    outer loop
      vertex -15.6799 -26.2314 5.83235
      vertex -15.2418 -26.3995 5.90965
      vertex -15.3893 -26.3429 5.90099
    endloop
  endfacet
  facet normal -0.358236 -0.933631 0
    outer loop
      vertex -15.6799 -26.2314 -5.83235
      vertex -15.2418 -26.3995 5.90965
      vertex -15.6799 -26.2314 5.83235
    endloop
  endfacet
  facet normal -0.358269 -0.933619 -0.000209849
    outer loop
      vertex -15.2418 -26.3995 -5.90965
      vertex -15.6799 -26.2314 -5.83235
      vertex -15.3893 -26.3429 -5.90099
    endloop
  endfacet
  facet normal -0.358236 -0.933631 0
    outer loop
      vertex -15.6799 -26.2314 -5.83235
      vertex -15.2418 -26.3995 -5.90965
      vertex -15.2418 -26.3995 5.90965
    endloop
  endfacet
  facet normal -0.933631 0.358236 0
    outer loop
      vertex -14.6927 -28.4486 -4.67638
      vertex -14.5246 -28.0105 4.95629
      vertex -14.5246 -28.0105 -4.95629
    endloop
  endfacet
  facet normal -0.933631 0.358236 0
    outer loop
      vertex -14.5246 -28.0105 4.95629
      vertex -14.6927 -28.4486 -4.67638
      vertex -14.6927 -28.4486 4.67638
    endloop
  endfacet
  facet normal 0.965848 0.259085 -0.00359025
    outer loop
      vertex -17.3621 -28.3087 4.33618
      vertex -17.4836 -27.8554 4.36197
      vertex -17.4051 -28.1481 4.35778
    endloop
  endfacet
  facet normal 0.965905 0.258896 0
    outer loop
      vertex -17.4836 -27.8554 4.36197
      vertex -17.3621 -28.3087 4.33618
      vertex -17.4836 -27.8554 -4.36197
    endloop
  endfacet
  facet normal 0.965905 0.258896 -0
    outer loop
      vertex -17.3621 -28.3087 -4.33618
      vertex -17.4836 -27.8554 -4.36197
      vertex -17.3621 -28.3087 4.33618
    endloop
  endfacet
  facet normal 0.965848 0.259085 0.00359025
    outer loop
      vertex -17.4836 -27.8554 -4.36197
      vertex -17.3621 -28.3087 -4.33618
      vertex -17.4051 -28.1481 -4.35778
    endloop
  endfacet
  facet normal 0.0523973 0.998622 -0.00288555
    outer loop
      vertex -15.835 -29.1904 4.33505
      vertex -16.3037 -29.1658 4.33764
      vertex -15.9863 -29.1824 4.35628
    endloop
  endfacet
  facet normal 0.0524135 0.998625 -0
    outer loop
      vertex -15.835 -29.1904 -4.33505
      vertex -16.3037 -29.1658 4.33764
      vertex -15.835 -29.1904 4.33505
    endloop
  endfacet
  facet normal 0.0524135 0.998625 0
    outer loop
      vertex -15.835 -29.1904 -4.33505
      vertex -16.3037 -29.1658 -4.33764
      vertex -16.3037 -29.1658 4.33764
    endloop
  endfacet
  facet normal 0.0523973 0.998622 0.00288555
    outer loop
      vertex -16.3037 -29.1658 -4.33764
      vertex -15.835 -29.1904 -4.33505
      vertex -15.9863 -29.1824 -4.35628
    endloop
  endfacet
  facet normal 0.998625 -0.0524135 0
    outer loop
      vertex -17.4836 -27.8554 4.36197
      vertex -17.459 -27.3867 -4.47356
      vertex -17.459 -27.3867 4.47356
    endloop
  endfacet
  facet normal 0.998625 -0.0524135 0
    outer loop
      vertex -17.459 -27.3867 -4.47356
      vertex -17.4836 -27.8554 4.36197
      vertex -17.4836 -27.8554 -4.36197
    endloop
  endfacet
  facet normal -0.838271 -0.545251 -0.00154409
    outer loop
      vertex -14.6215 -27.0885 -5.60616
      vertex -14.8771 -26.6949 -5.83192
      vertex -14.704 -26.9614 -5.69942
    endloop
  endfacet
  facet normal -0.838677 -0.544629 0
    outer loop
      vertex -14.8771 -26.6949 -5.83192
      vertex -14.6215 -27.0885 -5.60616
      vertex -14.8771 -26.6949 5.83192
    endloop
  endfacet
  facet normal -0.838677 -0.544629 -0
    outer loop
      vertex -14.6215 -27.0885 5.60616
      vertex -14.8771 -26.6949 5.83192
      vertex -14.6215 -27.0885 -5.60616
    endloop
  endfacet
  facet normal -0.838271 -0.545251 0.00154409
    outer loop
      vertex -14.8771 -26.6949 5.83192
      vertex -14.6215 -27.0885 5.60616
      vertex -14.704 -26.9614 5.69942
    endloop
  endfacet
  facet normal 0.256508 -0.966535 0.00360105
    outer loop
      vertex -16.6019 -26.3283 5.28548
      vertex -16.1486 -26.2068 5.60729
      vertex -16.3092 -26.2498 5.50571
    endloop
  endfacet
  facet normal 0.258896 -0.965905 0
    outer loop
      vertex -16.6019 -26.3283 -5.28548
      vertex -16.1486 -26.2068 5.60729
      vertex -16.6019 -26.3283 5.28548
    endloop
  endfacet
  facet normal 0.256508 -0.966535 -0.00360105
    outer loop
      vertex -16.1486 -26.2068 -5.60729
      vertex -16.6019 -26.3283 -5.28548
      vertex -16.3092 -26.2498 -5.50571
    endloop
  endfacet
  facet normal 0.258896 -0.965905 0
    outer loop
      vertex -16.6019 -26.3283 -5.28548
      vertex -16.1486 -26.2068 -5.60729
      vertex -16.1486 -26.2068 5.60729
    endloop
  endfacet
  facet normal -0.96592 -0.258839 0
    outer loop
      vertex -14.538 -27.4001 -5.38993
      vertex -14.6215 -27.0885 5.60616
      vertex -14.6215 -27.0885 -5.60616
    endloop
  endfacet
  facet normal -0.96592 -0.258839 0
    outer loop
      vertex -14.538 -27.4001 -5.38993
      vertex -14.538 -27.4001 5.38993
      vertex -14.6215 -27.0885 5.60616
    endloop
  endfacet
  facet normal -0.965872 -0.25902 0
    outer loop
      vertex -14.5 -27.5418 -5.28312
      vertex -14.538 -27.4001 5.38993
      vertex -14.538 -27.4001 -5.38993
    endloop
  endfacet
  facet normal -0.965872 -0.25902 0
    outer loop
      vertex -14.538 -27.4001 5.38993
      vertex -14.5 -27.5418 -5.28312
      vertex -14.5 -27.5418 5.28312
    endloop
  endfacet
  facet normal 0.269004 0.527946 0.805549
    outer loop
      vertex -0.925961 5.06093 18.7734
      vertex -1.18325 4.26906 19.3783
      vertex -0.766944 4.05694 19.3783
    endloop
  endfacet
  facet normal 0.36885 0.723857 0.583078
    outer loop
      vertex -16.4413 32.8335 1.49339
      vertex -16.6283 32.2581 2.32601
      vertex -15.9799 31.9277 2.32601
    endloop
  endfacet
  facet normal 0.432267 0.848424 0.305487
    outer loop
      vertex -16.3431 33.1359 0.514586
      vertex -16.4413 32.8335 1.49339
      vertex -15.4373 32.6744 0.514586
    endloop
  endfacet
  facet normal 0.723909 0.368869 0.583002
    outer loop
      vertex 37.4816 0.90571 1.49339
      vertex 36.5759 1.36719 2.32601
      vertex 36.9063 0.718776 2.32601
    endloop
  endfacet
  facet normal 0.405271 0.70195 0.58568
    outer loop
      vertex -15.6243 32.4172 1.49339
      vertex 36.0613 1.88178 2.32601
      vertex 36.4169 2.37118 1.49339
    endloop
  endfacet
  facet normal 0.40525 0.701916 0.585735
    outer loop
      vertex 36.0613 1.88178 2.32601
      vertex -15.6243 32.4172 1.49339
      vertex -15.9799 31.9277 2.32601
    endloop
  endfacet
  facet normal 0.127165 0.802402 0.583078
    outer loop
      vertex -16.4413 32.8335 1.49339
      vertex -17.347 32.372 2.32601
      vertex -16.6283 32.2581 2.32601
    endloop
  endfacet
  facet normal -0.269026 -0.527956 0.805535
    outer loop
      vertex -18.2248 -31.2541 2.93094
      vertex -18.7142 -31.9277 2.32601
      vertex -18.0658 -32.2581 2.32601
    endloop
  endfacet
  facet normal -0.631746 -0.100119 -0.768683
    outer loop
      vertex -19.6731 -30.046 -2.32601
      vertex -3.8569 -3.56754 -18.7734
      vertex -19.5592 -30.7647 -2.32601
    endloop
  endfacet
  facet normal -0.631791 -0.100073 -0.768652
    outer loop
      vertex -3.8569 -3.56754 -18.7734
      vertex -19.6731 -30.046 -2.32601
      vertex -3.97075 -2.84877 -18.7734
    endloop
  endfacet
  facet normal 0.36884 0.723858 0.583084
    outer loop
      vertex -15.6243 32.4172 1.49339
      vertex -16.4413 32.8335 1.49339
      vertex -15.9799 31.9277 2.32601
    endloop
  endfacet
  facet normal -1 0 0
    outer loop
      vertex -20.596 -30.046 -0.514586
      vertex -20.596 30.046 0.514586
      vertex -20.596 30.046 -0.514586
    endloop
  endfacet
  facet normal -1 -0 0
    outer loop
      vertex -20.596 30.046 0.514586
      vertex -20.596 -30.046 -0.514586
      vertex -20.596 -30.046 0.514586
    endloop
  endfacet
  facet normal 0.802476 -0.127055 -0.583
    outer loop
      vertex 37.4816 -0.90571 -1.49339
      vertex 37.0201 0 -2.32601
      vertex 37.625 0 -1.49339
    endloop
  endfacet
  facet normal -0.809033 0 0.587764
    outer loop
      vertex -20.278 -30.046 1.49339
      vertex -19.6731 30.046 2.32601
      vertex -20.278 30.046 1.49339
    endloop
  endfacet
  facet normal -0.809033 0 0.587764
    outer loop
      vertex -19.6731 30.046 2.32601
      vertex -20.278 -30.046 1.49339
      vertex -19.6731 -30.046 2.32601
    endloop
  endfacet
  facet normal 0.127165 -0.802402 0.583078
    outer loop
      vertex -16.6283 -32.2581 2.32601
      vertex -17.347 -32.372 2.32601
      vertex -16.4413 -32.8335 1.49339
    endloop
  endfacet
  facet normal 0.36165 0.626397 0.690533
    outer loop
      vertex 36.0613 1.88178 2.32601
      vertex -15.9799 31.9277 2.32601
      vertex 4.65667 1.88178 18.7734
    endloop
  endfacet
  facet normal -0.940448 0.149006 0.305539
    outer loop
      vertex -20.1345 30.9517 1.49339
      vertex -20.596 30.046 0.514586
      vertex -20.278 30.046 1.49339
    endloop
  endfacet
  facet normal 0.52796 0.268983 0.805547
    outer loop
      vertex 36.9063 0.718776 2.32601
      vertex 35.9023 0.877792 2.93094
      vertex 36.1144 0.461482 2.93094
    endloop
  endfacet
  facet normal 0.268998 -0.527947 -0.805551
    outer loop
      vertex -0.277543 -4.73055 -18.7734
      vertex -0.925961 -5.06093 -18.7734
      vertex -0.766944 -4.05694 -19.3783
    endloop
  endfacet
  facet normal -0.574407 -0.574519 -0.583082
    outer loop
      vertex -19.0698 -32.4172 -1.49339
      vertex -19.2288 -31.4132 -2.32601
      vertex -18.7142 -31.9277 -2.32601
    endloop
  endfacet
  facet normal -0.574554 -0.574465 -0.58299
    outer loop
      vertex -19.2288 -31.4132 -2.32601
      vertex -19.0698 -32.4172 -1.49339
      vertex -19.7182 -31.7687 -1.49339
    endloop
  endfacet
  facet normal -0.848373 -0.432286 0.305601
    outer loop
      vertex -19.7182 -31.7687 1.49339
      vertex -20.1345 -30.9517 1.49339
      vertex -19.9755 -31.9557 0.514586
    endloop
  endfacet
  facet normal 0.418986 -0.418978 -0.805548
    outer loop
      vertex 4.65667 -1.88178 -18.7734
      vertex 4.49765 -0.877792 -19.3783
      vertex 5.17125 -1.36719 -18.7734
    endloop
  endfacet
  facet normal 0.418988 -0.418978 -0.805548
    outer loop
      vertex 4.49765 -0.877792 -19.3783
      vertex 4.65667 -1.88178 -18.7734
      vertex 4.16727 -1.20818 -19.3783
    endloop
  endfacet
  facet normal 0.890999 -0.454004 0
    outer loop
      vertex 37.3226 -1.9097 0.514586
      vertex 37.7841 -1.00399 -0.514586
      vertex 37.7841 -1.00399 0.514586
    endloop
  endfacet
  facet normal 0.890999 -0.454004 0
    outer loop
      vertex 37.7841 -1.00399 -0.514586
      vertex 37.3226 -1.9097 0.514586
      vertex 37.3226 -1.9097 -0.514586
    endloop
  endfacet
  facet normal 0.31467 0.617585 -0.720813
    outer loop
      vertex -0.925961 5.06093 -18.7734
      vertex -15.9799 31.9277 -2.32601
      vertex -0.277543 4.73055 -18.7734
    endloop
  endfacet
  facet normal 0.314701 0.617591 -0.720794
    outer loop
      vertex -15.9799 31.9277 -2.32601
      vertex -0.925961 5.06093 -18.7734
      vertex -16.6283 32.2581 -2.32601
    endloop
  endfacet
  facet normal 0.987691 -0.156419 0
    outer loop
      vertex 37.7841 -1.00399 0.514586
      vertex 37.9431 0 -0.514586
      vertex 37.9431 0 0.514586
    endloop
  endfacet
  facet normal 0.987691 -0.156419 0
    outer loop
      vertex 37.9431 0 -0.514586
      vertex 37.7841 -1.00399 0.514586
      vertex 37.7841 -1.00399 -0.514586
    endloop
  endfacet
  facet normal 0.453969 0.891018 -0
    outer loop
      vertex -15.4373 32.6744 -0.514586
      vertex -16.3431 33.1359 0.514586
      vertex -15.4373 32.6744 0.514586
    endloop
  endfacet
  facet normal 0.453969 0.891018 0
    outer loop
      vertex -16.3431 33.1359 0.514586
      vertex -15.4373 32.6744 -0.514586
      vertex -16.3431 33.1359 -0.514586
    endloop
  endfacet
  facet normal 0.432267 0.848424 -0.305487
    outer loop
      vertex -15.4373 32.6744 -0.514586
      vertex -16.4413 32.8335 -1.49339
      vertex -16.3431 33.1359 -0.514586
    endloop
  endfacet
  facet normal -0.723299 0 -0.690535
    outer loop
      vertex -3.97075 -2.84877 -18.7734
      vertex -19.6731 30.046 -2.32601
      vertex -3.97075 2.84877 -18.7734
    endloop
  endfacet
  facet normal -0.723299 -0 -0.690535
    outer loop
      vertex -19.6731 30.046 -2.32601
      vertex -3.97075 -2.84877 -18.7734
      vertex -19.6731 -30.046 -2.32601
    endloop
  endfacet
  facet normal -0.148888 0.940465 -0.305544
    outer loop
      vertex -17.347 32.9769 -1.49339
      vertex -18.2528 32.8335 -1.49339
      vertex -17.347 33.2949 -0.514586
    endloop
  endfacet
  facet normal -0.848373 0.432286 -0.305601
    outer loop
      vertex -19.7182 31.7687 -1.49339
      vertex -20.1345 30.9517 -1.49339
      vertex -19.9755 31.9557 -0.514586
    endloop
  endfacet
  facet normal -0.585231 -0.0926981 -0.80555
    outer loop
      vertex -3.8569 -3.56754 -18.7734
      vertex -3.97075 -2.84877 -18.7734
      vertex -3.06503 -3.31025 -19.3783
    endloop
  endfacet
  facet normal -0.564856 -0.16307 -0.808916
    outer loop
      vertex -17.4051 -28.1481 -4.35778
      vertex -18.7673 -30.5075 -2.93094
      vertex -17.4836 -27.8554 -4.36197
    endloop
  endfacet
  facet normal -0.56493 -0.163002 -0.808878
    outer loop
      vertex -16.3092 -26.2498 -5.50571
      vertex -3.8569 -3.56754 -18.7734
      vertex -3.06503 -3.31025 -19.3783
    endloop
  endfacet
  facet normal -0.564896 -0.163031 -0.808896
    outer loop
      vertex -16.6019 -26.3283 -5.28548
      vertex -3.8569 -3.56754 -18.7734
      vertex -16.3092 -26.2498 -5.50571
    endloop
  endfacet
  facet normal -0.564948 -0.162986 -0.808869
    outer loop
      vertex -16.9955 -26.5839 -4.95907
      vertex -3.8569 -3.56754 -18.7734
      vertex -16.6019 -26.3283 -5.28548
    endloop
  endfacet
  facet normal -0.565175 -0.162786 -0.808751
    outer loop
      vertex -17.2908 -26.9486 -4.6793
      vertex -3.8569 -3.56754 -18.7734
      vertex -16.9955 -26.5839 -4.95907
    endloop
  endfacet
  facet normal -0.56495 -0.162997 -0.808865
    outer loop
      vertex -19.5592 -30.7647 -2.32601
      vertex -17.4836 -27.8554 -4.36197
      vertex -18.7673 -30.5075 -2.93094
    endloop
  endfacet
  facet normal -0.56503 -0.162913 -0.808827
    outer loop
      vertex -17.4836 -27.8554 -4.36197
      vertex -19.5592 -30.7647 -2.32601
      vertex -17.459 -27.3867 -4.47356
    endloop
  endfacet
  facet normal -0.564927 -0.163006 -0.80888
    outer loop
      vertex -17.2908 -26.9486 -4.6793
      vertex -19.5592 -30.7647 -2.32601
      vertex -3.8569 -3.56754 -18.7734
    endloop
  endfacet
  facet normal -0.565045 -0.162898 -0.808819
    outer loop
      vertex -17.459 -27.3867 -4.47356
      vertex -19.5592 -30.7647 -2.32601
      vertex -17.2908 -26.9486 -4.6793
    endloop
  endfacet
  facet normal -0.587764 0 0.809033
    outer loop
      vertex -3.97075 2.84877 18.7734
      vertex -3.13813 -2.84877 19.3783
      vertex -3.13813 2.84877 19.3783
    endloop
  endfacet
  facet normal -0.587764 0 0.809033
    outer loop
      vertex -3.13813 -2.84877 19.3783
      vertex -3.97075 2.84877 18.7734
      vertex -3.97075 -2.84877 18.7734
    endloop
  endfacet
  facet normal -0.418926 0.419052 0.805541
    outer loop
      vertex -18.7142 31.9277 2.32601
      vertex -18.5552 30.9238 2.93094
      vertex -18.2248 31.2541 2.93094
    endloop
  endfacet
  facet normal -0.418959 0.41904 0.80553
    outer loop
      vertex -18.5552 30.9238 2.93094
      vertex -18.7142 31.9277 2.32601
      vertex -19.2288 31.4132 2.32601
    endloop
  endfacet
  facet normal -0.848371 -0.432288 -0.305604
    outer loop
      vertex -19.9755 -31.9557 -0.514586
      vertex -20.437 -31.05 -0.514586
      vertex -20.1345 -30.9517 -1.49339
    endloop
  endfacet
  facet normal 0.294939 -0.51085 0.807492
    outer loop
      vertex 4.16727 -1.20818 19.3783
      vertex -0.277543 -4.73055 18.7734
      vertex 4.65667 -1.88178 18.7734
    endloop
  endfacet
  facet normal 0.294936 -0.510847 0.807495
    outer loop
      vertex -0.277543 -4.73055 18.7734
      vertex 4.16727 -1.20818 19.3783
      vertex -0.766944 -4.05694 19.3783
    endloop
  endfacet
  facet normal 0.14249 0.571136 0.808394
    outer loop
      vertex -14.538 27.4001 5.38993
      vertex -0.925961 5.06093 18.7734
      vertex -14.5 27.5418 5.28312
    endloop
  endfacet
  facet normal 0.142567 0.571163 0.808361
    outer loop
      vertex -0.925961 5.06093 18.7734
      vertex -14.5246 28.0105 4.95629
      vertex -14.5 27.5418 5.28312
    endloop
  endfacet
  facet normal 0.142645 0.571189 0.808329
    outer loop
      vertex -0.925961 5.06093 18.7734
      vertex -14.6927 28.4486 4.67638
      vertex -14.5246 28.0105 4.95629
    endloop
  endfacet
  facet normal 0.142737 0.57122 0.808291
    outer loop
      vertex -16.6283 32.2581 2.32601
      vertex -14.6927 28.4486 4.67638
      vertex -0.925961 5.06093 18.7734
    endloop
  endfacet
  facet normal 0.142455 0.571142 0.808396
    outer loop
      vertex -16.6283 32.2581 2.32601
      vertex -14.9881 28.8133 4.47077
      vertex -14.6927 28.4486 4.67638
    endloop
  endfacet
  facet normal 0.142636 0.571188 0.808331
    outer loop
      vertex -16.6283 32.2581 2.32601
      vertex -15.3817 29.0689 4.35961
      vertex -14.9881 28.8133 4.47077
    endloop
  endfacet
  facet normal 0.142664 0.571193 0.808322
    outer loop
      vertex -16.8856 31.4663 2.93094
      vertex -15.3817 29.0689 4.35961
      vertex -16.6283 32.2581 2.32601
    endloop
  endfacet
  facet normal 0.142748 0.571224 0.808286
    outer loop
      vertex -15.3817 29.0689 4.35961
      vertex -16.8856 31.4663 2.93094
      vertex -15.5234 29.1069 4.35778
    endloop
  endfacet
  facet normal 0.14258 0.571167 0.808356
    outer loop
      vertex -0.925961 5.06093 18.7734
      vertex -14.538 27.4001 5.38993
      vertex -1.18325 4.26906 19.3783
    endloop
  endfacet
  facet normal -0.951066 0 0.308988
    outer loop
      vertex -20.596 -30.046 0.514586
      vertex -20.278 30.046 1.49339
      vertex -20.596 30.046 0.514586
    endloop
  endfacet
  facet normal -0.951066 0 0.308988
    outer loop
      vertex -20.278 30.046 1.49339
      vertex -20.596 -30.046 0.514586
      vertex -20.278 -30.046 1.49339
    endloop
  endfacet
  facet normal -0.802467 0.127144 0.582994
    outer loop
      vertex -20.1345 30.9517 1.49339
      vertex -20.278 30.046 1.49339
      vertex -19.6731 30.046 2.32601
    endloop
  endfacet
  facet normal 0.432297 -0.848395 -0.305523
    outer loop
      vertex -15.4373 -32.6744 -0.514586
      vertex -16.4413 -32.8335 -1.49339
      vertex -15.6243 -32.4172 -1.49339
    endloop
  endfacet
  facet normal 0.418986 0.418978 -0.805548
    outer loop
      vertex 4.49765 0.877792 -19.3783
      vertex 4.65667 1.88178 -18.7734
      vertex 5.17125 1.36719 -18.7734
    endloop
  endfacet
  facet normal 0.418988 0.418978 -0.805548
    outer loop
      vertex 4.65667 1.88178 -18.7734
      vertex 4.49765 0.877792 -19.3783
      vertex 4.16727 1.20818 -19.3783
    endloop
  endfacet
  facet normal 0.294939 0.51085 0.807492
    outer loop
      vertex -0.277543 4.73055 18.7734
      vertex 4.16727 1.20818 19.3783
      vertex 4.65667 1.88178 18.7734
    endloop
  endfacet
  facet normal 0.294936 0.510847 0.807495
    outer loop
      vertex 4.16727 1.20818 19.3783
      vertex -0.277543 4.73055 18.7734
      vertex -0.766944 4.05694 19.3783
    endloop
  endfacet
  facet normal 0.432297 0.848395 0.305523
    outer loop
      vertex -15.4373 32.6744 0.514586
      vertex -16.4413 32.8335 1.49339
      vertex -15.6243 32.4172 1.49339
    endloop
  endfacet
  facet normal 0.0488691 0.308625 -0.949928
    outer loop
      vertex -1.48572 3.33817 -19.6963
      vertex -1.64474 3.36335 -19.6963
      vertex -1.18325 4.26906 -19.3783
    endloop
  endfacet
  facet normal 0.36165 0.626397 -0.690533
    outer loop
      vertex 4.65667 1.88178 -18.7734
      vertex -15.9799 31.9277 -2.32601
      vertex 36.0613 1.88178 -2.32601
    endloop
  endfacet
  facet normal 0.420859 0.420868 -0.803584
    outer loop
      vertex 32.5637 1.36719 -4.42731
      vertex 36.0613 1.88178 -2.32601
      vertex 36.5759 1.36719 -2.32601
    endloop
  endfacet
  facet normal 0.420791 0.421062 -0.803518
    outer loop
      vertex 32.4471 1.42658 -4.45725
      vertex 36.0613 1.88178 -2.32601
      vertex 32.5637 1.36719 -4.42731
    endloop
  endfacet
  facet normal 0.420886 0.420776 -0.803618
    outer loop
      vertex 31.9836 1.5 -4.66156
      vertex 36.0613 1.88178 -2.32601
      vertex 32.4471 1.42658 -4.45725
    endloop
  endfacet
  facet normal 0.420861 0.420853 -0.803591
    outer loop
      vertex 4.65667 1.88178 -18.7734
      vertex 31.4035 1.36719 -5.03492
      vertex 5.17125 1.36719 -18.7734
    endloop
  endfacet
  facet normal 0.420792 0.421201 -0.803445
    outer loop
      vertex 31.4035 1.36719 -5.03492
      vertex 4.65667 1.88178 -18.7734
      vertex 31.52 1.42658 -4.94277
    endloop
  endfacet
  facet normal 0.420927 0.420524 -0.803729
    outer loop
      vertex 31.52 1.42658 -4.94277
      vertex 4.65667 1.88178 -18.7734
      vertex 31.9836 1.5 -4.66156
    endloop
  endfacet
  facet normal 0.420856 0.420875 -0.803582
    outer loop
      vertex 31.9836 1.5 -4.66156
      vertex 4.65667 1.88178 -18.7734
      vertex 36.0613 1.88178 -2.32601
    endloop
  endfacet
  facet normal 0.848375 0.432285 -0.305596
    outer loop
      vertex 37.4816 0.90571 -1.49339
      vertex 37.3226 1.9097 -0.514586
      vertex 37.7841 1.00399 -0.514586
    endloop
  endfacet
  facet normal -0.673256 0.67335 -0.305492
    outer loop
      vertex -19.0698 32.4172 -1.49339
      vertex -19.9755 31.9557 -0.514586
      vertex -19.2567 32.6744 -0.514586
    endloop
  endfacet
  facet normal -0.673327 0.673223 -0.305618
    outer loop
      vertex -19.9755 31.9557 -0.514586
      vertex -19.0698 32.4172 -1.49339
      vertex -19.7182 31.7687 -1.49339
    endloop
  endfacet
  facet normal -0.36884 0.723858 0.583084
    outer loop
      vertex -18.2528 32.8335 1.49339
      vertex -19.0698 32.4172 1.49339
      vertex -18.7142 31.9277 2.32601
    endloop
  endfacet
  facet normal -0.940448 -0.149006 -0.305539
    outer loop
      vertex -20.1345 -30.9517 -1.49339
      vertex -20.596 -30.046 -0.514586
      vertex -20.278 -30.046 -1.49339
    endloop
  endfacet
  facet normal -0.471963 -0.240459 -0.848192
    outer loop
      vertex -18.7673 -30.5075 -2.93094
      vertex -17.1945 -28.5668 -4.35628
      vertex -18.5552 -30.9238 -2.93094
    endloop
  endfacet
  facet normal -0.471986 -0.240435 -0.848186
    outer loop
      vertex -17.1945 -28.5668 -4.35628
      vertex -18.7673 -30.5075 -2.93094
      vertex -17.3621 -28.3087 -4.33618
    endloop
  endfacet
  facet normal -0.471973 -0.240447 -0.84819
    outer loop
      vertex -17.3621 -28.3087 -4.33618
      vertex -18.7673 -30.5075 -2.93094
      vertex -17.4051 -28.1481 -4.35778
    endloop
  endfacet
  facet normal -0.471933 -0.240476 -0.848204
    outer loop
      vertex -16.1486 -26.2068 -5.60729
      vertex -2.85291 -3.72656 -19.3783
      vertex -15.8412 -26.2229 -5.77376
    endloop
  endfacet
  facet normal -0.471944 -0.240467 -0.848201
    outer loop
      vertex -2.85291 -3.72656 -19.3783
      vertex -16.1486 -26.2068 -5.60729
      vertex -3.06503 -3.31025 -19.3783
    endloop
  endfacet
  facet normal -0.472105 -0.240343 -0.848147
    outer loop
      vertex -3.06503 -3.31025 -19.3783
      vertex -16.1486 -26.2068 -5.60729
      vertex -16.3092 -26.2498 -5.50571
    endloop
  endfacet
  facet normal -0.432305 0.848405 -0.305485
    outer loop
      vertex -18.2528 32.8335 -1.49339
      vertex -19.2567 32.6744 -0.514586
      vertex -18.351 33.1359 -0.514586
    endloop
  endfacet
  facet normal -0.723915 0.368822 -0.583025
    outer loop
      vertex -19.5592 30.7647 -2.32601
      vertex -20.1345 30.9517 -1.49339
      vertex -19.2288 31.4132 -2.32601
    endloop
  endfacet
  facet normal 0.802478 0.127052 0.582998
    outer loop
      vertex 37.4816 0.90571 1.49339
      vertex 36.9063 0.718776 2.32601
      vertex 37.0201 0 2.32601
    endloop
  endfacet
  facet normal 0.422074 0.415171 -0.805907
    outer loop
      vertex 31.1019 1.21352 -5.27204
      vertex 5.17125 1.36719 -18.7734
      vertex 31.4035 1.36719 -5.03492
    endloop
  endfacet
  facet normal 0.422076 0.415159 -0.805912
    outer loop
      vertex 30.77 0.881678 -5.61681
      vertex 5.17125 1.36719 -18.7734
      vertex 31.1019 1.21352 -5.27204
    endloop
  endfacet
  facet normal 0.420655 0.422416 -0.802879
    outer loop
      vertex 30.7681 0.877792 -5.61985
      vertex 5.17125 1.36719 -18.7734
      vertex 30.77 0.881678 -5.61681
    endloop
  endfacet
  facet normal 0.422072 0.415174 -0.805907
    outer loop
      vertex 5.17125 1.36719 -18.7734
      vertex 30.7681 0.877792 -5.61985
      vertex 4.49765 0.877792 -19.3783
    endloop
  endfacet
  facet normal 0.421872 0.416121 -0.805523
    outer loop
      vertex 33.1971 0.881678 -4.34571
      vertex 35.9023 0.877792 -2.93094
      vertex 33.1991 0.877792 -4.34667
    endloop
  endfacet
  facet normal 0.42205 0.415275 -0.805866
    outer loop
      vertex 32.8652 1.21352 -4.34853
      vertex 35.9023 0.877792 -2.93094
      vertex 33.1971 0.881678 -4.34571
    endloop
  endfacet
  facet normal 0.422055 0.415225 -0.805889
    outer loop
      vertex 35.9023 0.877792 -2.93094
      vertex 32.8652 1.21352 -4.34853
      vertex 36.5759 1.36719 -2.32601
    endloop
  endfacet
  facet normal 0.422113 0.414994 -0.805978
    outer loop
      vertex 36.5759 1.36719 -2.32601
      vertex 32.8652 1.21352 -4.34853
      vertex 32.5637 1.36719 -4.42731
    endloop
  endfacet
  facet normal -0.0927033 0.585261 0.805528
    outer loop
      vertex -17.347 32.372 2.32601
      vertex -17.8085 31.4663 2.93094
      vertex -17.347 31.5394 2.93094
    endloop
  endfacet
  facet normal -0.527976 0.268995 0.805533
    outer loop
      vertex -19.2288 31.4132 2.32601
      vertex -19.5592 30.7647 2.32601
      vertex -18.5552 30.9238 2.93094
    endloop
  endfacet
  facet normal -0.148888 0.940465 0.305544
    outer loop
      vertex -17.347 33.2949 0.514586
      vertex -18.2528 32.8335 1.49339
      vertex -17.347 32.9769 1.49339
    endloop
  endfacet
  facet normal -0.940448 0.149006 -0.305539
    outer loop
      vertex -20.278 30.046 -1.49339
      vertex -20.596 30.046 -0.514586
      vertex -20.1345 30.9517 -1.49339
    endloop
  endfacet
  facet normal -0.890997 0.454008 0
    outer loop
      vertex -20.437 31.05 -0.514586
      vertex -19.9755 31.9557 0.514586
      vertex -19.9755 31.9557 -0.514586
    endloop
  endfacet
  facet normal -0.890997 0.454008 0
    outer loop
      vertex -19.9755 31.9557 0.514586
      vertex -20.437 31.05 -0.514586
      vertex -20.437 31.05 0.514586
    endloop
  endfacet
  facet normal -0.432305 0.848405 0.305485
    outer loop
      vertex -18.351 33.1359 0.514586
      vertex -19.2567 32.6744 0.514586
      vertex -18.2528 32.8335 1.49339
    endloop
  endfacet
  facet normal -0.220948 0.220948 0.949929
    outer loop
      vertex -2.52253 4.05694 19.3783
      vertex -2.06105 3.15123 19.6963
      vertex -1.9472 3.26508 19.6963
    endloop
  endfacet
  facet normal -0.220948 0.220948 0.949929
    outer loop
      vertex -2.06105 3.15123 19.6963
      vertex -2.52253 4.05694 19.3783
      vertex -2.85291 3.72656 19.3783
    endloop
  endfacet
  facet normal 0.0927537 0.585269 0.805517
    outer loop
      vertex -16.6283 32.2581 2.32601
      vertex -17.347 32.372 2.32601
      vertex -16.8856 31.4663 2.93094
    endloop
  endfacet
  facet normal -0.0927413 0.585272 0.805516
    outer loop
      vertex -17.347 32.372 2.32601
      vertex -18.0658 32.2581 2.32601
      vertex -17.8085 31.4663 2.93094
    endloop
  endfacet
  facet normal -0.802467 -0.127144 0.582994
    outer loop
      vertex -19.6731 -30.046 2.32601
      vertex -20.278 -30.046 1.49339
      vertex -20.1345 -30.9517 1.49339
    endloop
  endfacet
  facet normal 0.0927537 -0.585269 0.805517
    outer loop
      vertex -16.8856 -31.4663 2.93094
      vertex -17.347 -32.372 2.32601
      vertex -16.6283 -32.2581 2.32601
    endloop
  endfacet
  facet normal 0.673294 -0.673274 0.305577
    outer loop
      vertex 36.4169 -2.37118 1.49339
      vertex 37.3226 -1.9097 0.514586
      vertex 37.0653 -1.72276 1.49339
    endloop
  endfacet
  facet normal 0.67328 -0.673299 0.305552
    outer loop
      vertex 37.3226 -1.9097 0.514586
      vertex 36.4169 -2.37118 1.49339
      vertex 36.6038 -2.62848 0.514586
    endloop
  endfacet
  facet normal 0.220949 0.220944 0.949929
    outer loop
      vertex 4.16727 1.20818 19.3783
      vertex 3.70578 0.302466 19.6963
      vertex 4.49765 0.877792 19.3783
    endloop
  endfacet
  facet normal 0.220949 0.220943 0.949929
    outer loop
      vertex 3.70578 0.302466 19.6963
      vertex 4.16727 1.20818 19.3783
      vertex 3.59194 0.416309 19.6963
    endloop
  endfacet
  facet normal -0.432305 -0.848405 0.305485
    outer loop
      vertex -18.2528 -32.8335 1.49339
      vertex -19.2567 -32.6744 0.514586
      vertex -18.351 -33.1359 0.514586
    endloop
  endfacet
  facet normal 0.802478 -0.127052 0.582998
    outer loop
      vertex 37.0201 0 2.32601
      vertex 36.9063 -0.718776 2.32601
      vertex 37.4816 -0.90571 1.49339
    endloop
  endfacet
  facet normal 0.475778 0.824072 0.307474
    outer loop
      vertex -15.4373 32.6744 0.514586
      vertex 36.4169 2.37118 1.49339
      vertex 36.6038 2.62848 0.514586
    endloop
  endfacet
  facet normal 0.475784 0.824081 0.307442
    outer loop
      vertex 36.4169 2.37118 1.49339
      vertex -15.4373 32.6744 0.514586
      vertex -15.6243 32.4172 1.49339
    endloop
  endfacet
  facet normal 0.420859 -0.420868 0.803584
    outer loop
      vertex 32.5637 -1.36719 4.42731
      vertex 36.0613 -1.88178 2.32601
      vertex 36.5759 -1.36719 2.32601
    endloop
  endfacet
  facet normal 0.420791 -0.421062 0.803518
    outer loop
      vertex 32.4471 -1.42658 4.45725
      vertex 36.0613 -1.88178 2.32601
      vertex 32.5637 -1.36719 4.42731
    endloop
  endfacet
  facet normal 0.420886 -0.420776 0.803618
    outer loop
      vertex 31.9836 -1.5 4.66156
      vertex 36.0613 -1.88178 2.32601
      vertex 32.4471 -1.42658 4.45725
    endloop
  endfacet
  facet normal 0.420861 -0.420853 0.803591
    outer loop
      vertex 4.65667 -1.88178 18.7734
      vertex 31.4035 -1.36719 5.03492
      vertex 5.17125 -1.36719 18.7734
    endloop
  endfacet
  facet normal 0.420792 -0.421201 0.803445
    outer loop
      vertex 31.4035 -1.36719 5.03492
      vertex 4.65667 -1.88178 18.7734
      vertex 31.52 -1.42658 4.94277
    endloop
  endfacet
  facet normal 0.420927 -0.420524 0.803729
    outer loop
      vertex 31.52 -1.42658 4.94277
      vertex 4.65667 -1.88178 18.7734
      vertex 31.9836 -1.5 4.66156
    endloop
  endfacet
  facet normal 0.420856 -0.420875 0.803582
    outer loop
      vertex 31.9836 -1.5 4.66156
      vertex 4.65667 -1.88178 18.7734
      vertex 36.0613 -1.88178 2.32601
    endloop
  endfacet
  facet normal -0.585233 -0.0927029 -0.805549
    outer loop
      vertex -3.06503 -3.31025 -19.3783
      vertex -3.97075 -2.84877 -18.7734
      vertex -3.13813 -2.84877 -19.3783
    endloop
  endfacet
  facet normal 0.14249 0.571136 -0.808394
    outer loop
      vertex -0.925961 5.06093 -18.7734
      vertex -14.538 27.4001 -5.38993
      vertex -14.5 27.5418 -5.28312
    endloop
  endfacet
  facet normal 0.14258 0.571167 -0.808356
    outer loop
      vertex -14.538 27.4001 -5.38993
      vertex -0.925961 5.06093 -18.7734
      vertex -1.18325 4.26906 -19.3783
    endloop
  endfacet
  facet normal 0.142567 0.571163 -0.808361
    outer loop
      vertex -14.5246 28.0105 -4.95629
      vertex -0.925961 5.06093 -18.7734
      vertex -14.5 27.5418 -5.28312
    endloop
  endfacet
  facet normal 0.142645 0.571189 -0.808329
    outer loop
      vertex -14.6927 28.4486 -4.67638
      vertex -0.925961 5.06093 -18.7734
      vertex -14.5246 28.0105 -4.95629
    endloop
  endfacet
  facet normal 0.142737 0.57122 -0.808291
    outer loop
      vertex -14.6927 28.4486 -4.67638
      vertex -16.6283 32.2581 -2.32601
      vertex -0.925961 5.06093 -18.7734
    endloop
  endfacet
  facet normal 0.142455 0.571142 -0.808396
    outer loop
      vertex -14.9881 28.8133 -4.47077
      vertex -16.6283 32.2581 -2.32601
      vertex -14.6927 28.4486 -4.67638
    endloop
  endfacet
  facet normal 0.142636 0.571188 -0.808331
    outer loop
      vertex -15.3817 29.0689 -4.35961
      vertex -16.6283 32.2581 -2.32601
      vertex -14.9881 28.8133 -4.47077
    endloop
  endfacet
  facet normal 0.142748 0.571224 -0.808286
    outer loop
      vertex -16.8856 31.4663 -2.93094
      vertex -15.3817 29.0689 -4.35961
      vertex -15.5234 29.1069 -4.35778
    endloop
  endfacet
  facet normal 0.142664 0.571193 -0.808322
    outer loop
      vertex -15.3817 29.0689 -4.35961
      vertex -16.8856 31.4663 -2.93094
      vertex -16.6283 32.2581 -2.32601
    endloop
  endfacet
  facet normal 0.148954 0.940469 0.305501
    outer loop
      vertex -16.3431 33.1359 0.514586
      vertex -17.347 33.2949 0.514586
      vertex -16.4413 32.8335 1.49339
    endloop
  endfacet
  facet normal 0.432297 0.848395 -0.305523
    outer loop
      vertex -15.6243 32.4172 -1.49339
      vertex -16.4413 32.8335 -1.49339
      vertex -15.4373 32.6744 -0.514586
    endloop
  endfacet
  facet normal 0.36884 0.723858 -0.583084
    outer loop
      vertex -15.9799 31.9277 -2.32601
      vertex -16.4413 32.8335 -1.49339
      vertex -15.6243 32.4172 -1.49339
    endloop
  endfacet
  facet normal -0.574407 -0.574519 0.583082
    outer loop
      vertex -19.2288 -31.4132 2.32601
      vertex -19.0698 -32.4172 1.49339
      vertex -18.7142 -31.9277 2.32601
    endloop
  endfacet
  facet normal -0.574554 -0.574465 0.58299
    outer loop
      vertex -19.0698 -32.4172 1.49339
      vertex -19.2288 -31.4132 2.32601
      vertex -19.7182 -31.7687 1.49339
    endloop
  endfacet
  facet normal 0.462703 -0.0732934 -0.883478
    outer loop
      vertex 36.1144 -0.461482 -2.93094
      vertex 33.4836 0 -4.34705
      vertex 36.1875 0 -2.93094
    endloop
  endfacet
  facet normal 0.462703 -0.0732934 -0.883478
    outer loop
      vertex 33.4836 0 -4.34705
      vertex 36.1144 -0.461482 -2.93094
      vertex 33.4105 -0.461482 -4.34705
    endloop
  endfacet
  facet normal 0.4627 -0.0732769 -0.883481
    outer loop
      vertex 30.5567 -0.461482 -5.84166
      vertex 4.78286 0 -19.3783
      vertex 30.4836 0 -5.91822
    endloop
  endfacet
  facet normal 0.4627 -0.0732828 -0.883481
    outer loop
      vertex 4.78286 0 -19.3783
      vertex 30.5567 -0.461482 -5.84166
      vertex 4.70977 -0.461482 -19.3783
    endloop
  endfacet
  facet normal -0.809033 0 -0.587764
    outer loop
      vertex -19.6731 -30.046 -2.32601
      vertex -20.278 30.046 -1.49339
      vertex -19.6731 30.046 -2.32601
    endloop
  endfacet
  facet normal -0.809033 -0 -0.587764
    outer loop
      vertex -20.278 30.046 -1.49339
      vertex -19.6731 -30.046 -2.32601
      vertex -20.278 -30.046 -1.49339
    endloop
  endfacet
  facet normal 0.148954 -0.940469 0.305501
    outer loop
      vertex -16.4413 -32.8335 1.49339
      vertex -17.347 -33.2949 0.514586
      vertex -16.3431 -33.1359 0.514586
    endloop
  endfacet
  facet normal 0.268998 0.527947 -0.805551
    outer loop
      vertex -0.766944 4.05694 -19.3783
      vertex -0.925961 5.06093 -18.7734
      vertex -0.277543 4.73055 -18.7734
    endloop
  endfacet
  facet normal -0.210886 0.413808 -0.885602
    outer loop
      vertex -16.7418 28.9976 -4.33848
      vertex -17.8085 31.4663 -2.93094
      vertex -16.4483 29.1103 -4.35571
    endloop
  endfacet
  facet normal -0.210765 0.41389 -0.885592
    outer loop
      vertex -18.2248 31.2541 -2.93094
      vertex -16.7418 28.9976 -4.33848
      vertex -16.8646 28.8982 -4.35571
    endloop
  endfacet
  facet normal -0.210922 0.413792 -0.885601
    outer loop
      vertex -16.7418 28.9976 -4.33848
      vertex -18.2248 31.2541 -2.93094
      vertex -17.8085 31.4663 -2.93094
    endloop
  endfacet
  facet normal -0.210854 0.413826 -0.885601
    outer loop
      vertex -15.2418 26.3995 -5.90965
      vertex -2.10622 4.26906 -19.3783
      vertex -2.52253 4.05694 -19.3783
    endloop
  endfacet
  facet normal -0.210927 0.413784 -0.885603
    outer loop
      vertex -2.10622 4.26906 -19.3783
      vertex -15.2418 26.3995 -5.90965
      vertex -14.9975 26.5974 -5.87537
    endloop
  endfacet
  facet normal -0.210803 0.413854 -0.8856
    outer loop
      vertex -15.2418 26.3995 -5.90965
      vertex -2.52253 4.05694 -19.3783
      vertex -15.3893 26.3429 -5.90099
    endloop
  endfacet
  facet normal 0.308616 -0.0488884 0.94993
    outer loop
      vertex 3.80406 0 19.6963
      vertex 3.77887 -0.159016 19.6963
      vertex 4.70977 -0.461482 19.3783
    endloop
  endfacet
  facet normal 0.31467 0.617585 0.720813
    outer loop
      vertex -15.9799 31.9277 2.32601
      vertex -0.925961 5.06093 18.7734
      vertex -0.277543 4.73055 18.7734
    endloop
  endfacet
  facet normal 0.314701 0.617591 0.720794
    outer loop
      vertex -0.925961 5.06093 18.7734
      vertex -15.9799 31.9277 2.32601
      vertex -16.6283 32.2581 2.32601
    endloop
  endfacet
  facet normal -0.574407 0.574519 0.583082
    outer loop
      vertex -19.0698 32.4172 1.49339
      vertex -19.2288 31.4132 2.32601
      vertex -18.7142 31.9277 2.32601
    endloop
  endfacet
  facet normal -0.574554 0.574465 0.58299
    outer loop
      vertex -19.2288 31.4132 2.32601
      vertex -19.0698 32.4172 1.49339
      vertex -19.7182 31.7687 1.49339
    endloop
  endfacet
  facet normal -0.432303 0.848407 0.305483
    outer loop
      vertex -18.2528 32.8335 1.49339
      vertex -19.2567 32.6744 0.514586
      vertex -19.0698 32.4172 1.49339
    endloop
  endfacet
  facet normal -0.127148 0.802406 0.583076
    outer loop
      vertex -17.347 32.372 2.32601
      vertex -18.2528 32.8335 1.49339
      vertex -18.0658 32.2581 2.32601
    endloop
  endfacet
  facet normal -0.36885 0.723857 0.583078
    outer loop
      vertex -18.2528 32.8335 1.49339
      vertex -18.7142 31.9277 2.32601
      vertex -18.0658 32.2581 2.32601
    endloop
  endfacet
  facet normal -0.94044 0.148934 0.305601
    outer loop
      vertex -20.437 31.05 0.514586
      vertex -20.596 30.046 0.514586
      vertex -20.1345 30.9517 1.49339
    endloop
  endfacet
  facet normal -0.987691 0.156417 0
    outer loop
      vertex -20.596 30.046 -0.514586
      vertex -20.437 31.05 0.514586
      vertex -20.437 31.05 -0.514586
    endloop
  endfacet
  facet normal -0.987691 0.156417 0
    outer loop
      vertex -20.437 31.05 0.514586
      vertex -20.596 30.046 -0.514586
      vertex -20.596 30.046 0.514586
    endloop
  endfacet
  facet normal -0.278411 0.141855 0.949929
    outer loop
      vertex -2.06105 3.15123 19.6963
      vertex -3.06503 3.31025 19.3783
      vertex -2.13414 3.00778 19.6963
    endloop
  endfacet
  facet normal -0.269113 0.527953 0.805508
    outer loop
      vertex -18.0658 32.2581 2.32601
      vertex -18.2248 31.2541 2.93094
      vertex -17.8085 31.4663 2.93094
    endloop
  endfacet
  facet normal -0.269026 0.527956 0.805535
    outer loop
      vertex -18.0658 32.2581 2.32601
      vertex -18.7142 31.9277 2.32601
      vertex -18.2248 31.2541 2.93094
    endloop
  endfacet
  facet normal -0.148939 -0.940472 -0.3055
    outer loop
      vertex -17.347 -33.2949 -0.514586
      vertex -18.351 -33.1359 -0.514586
      vertex -18.2528 -32.8335 -1.49339
    endloop
  endfacet
  facet normal -0.723913 -0.368868 0.582998
    outer loop
      vertex -19.2288 -31.4132 2.32601
      vertex -20.1345 -30.9517 1.49339
      vertex -19.7182 -31.7687 1.49339
    endloop
  endfacet
  facet normal 0.220949 -0.220944 0.949929
    outer loop
      vertex 3.70578 -0.302466 19.6963
      vertex 4.16727 -1.20818 19.3783
      vertex 4.49765 -0.877792 19.3783
    endloop
  endfacet
  facet normal 0.220949 -0.220943 0.949929
    outer loop
      vertex 4.16727 -1.20818 19.3783
      vertex 3.70578 -0.302466 19.6963
      vertex 3.59194 -0.416309 19.6963
    endloop
  endfacet
  facet normal -0.585231 -0.0926981 0.80555
    outer loop
      vertex -3.06503 -3.31025 19.3783
      vertex -3.97075 -2.84877 18.7734
      vertex -3.8569 -3.56754 18.7734
    endloop
  endfacet
  facet normal 0.0927232 0.58526 0.805527
    outer loop
      vertex -17.347 32.372 2.32601
      vertex -17.347 31.5394 2.93094
      vertex -16.8856 31.4663 2.93094
    endloop
  endfacet
  facet normal 0.574504 0.574487 0.583018
    outer loop
      vertex 36.4169 2.37118 1.49339
      vertex 36.5759 1.36719 2.32601
      vertex 37.0653 1.72276 1.49339
    endloop
  endfacet
  facet normal 0.574483 0.574494 0.583031
    outer loop
      vertex 36.5759 1.36719 2.32601
      vertex 36.4169 2.37118 1.49339
      vertex 36.0613 1.88178 2.32601
    endloop
  endfacet
  facet normal 0.451509 0.230033 0.862105
    outer loop
      vertex 35.9023 0.877792 2.93094
      vertex 33.4105 0.461482 4.34705
      vertex 36.1144 0.461482 2.93094
    endloop
  endfacet
  facet normal 0.452288 0.226849 0.86254
    outer loop
      vertex 35.9023 0.877792 2.93094
      vertex 33.4102 0.463525 4.34667
      vertex 33.4105 0.461482 4.34705
    endloop
  endfacet
  facet normal 0.451501 0.230074 0.862098
    outer loop
      vertex 33.4102 0.463525 4.34667
      vertex 35.9023 0.877792 2.93094
      vertex 33.1991 0.877792 4.34667
    endloop
  endfacet
  facet normal 0.451163 0.233129 0.861454
    outer loop
      vertex 30.557 0.463525 5.84095
      vertex 4.70977 0.461482 19.3783
      vertex 30.5567 0.461482 5.84166
    endloop
  endfacet
  facet normal 0.451505 0.230042 0.862105
    outer loop
      vertex 30.7681 0.877792 5.61985
      vertex 4.70977 0.461482 19.3783
      vertex 30.557 0.463525 5.84095
    endloop
  endfacet
  facet normal 0.451503 0.230052 0.862103
    outer loop
      vertex 4.70977 0.461482 19.3783
      vertex 30.7681 0.877792 5.61985
      vertex 4.49765 0.877792 19.3783
    endloop
  endfacet
  facet normal 0.475778 0.824072 -0.307474
    outer loop
      vertex 36.4169 2.37118 -1.49339
      vertex -15.4373 32.6744 -0.514586
      vertex 36.6038 2.62848 -0.514586
    endloop
  endfacet
  facet normal 0.475784 0.824081 -0.307442
    outer loop
      vertex -15.4373 32.6744 -0.514586
      vertex 36.4169 2.37118 -1.49339
      vertex -15.6243 32.4172 -1.49339
    endloop
  endfacet
  facet normal 0.848391 0.432269 0.305576
    outer loop
      vertex 37.3226 1.9097 0.514586
      vertex 37.0653 1.72276 1.49339
      vertex 37.4816 0.90571 1.49339
    endloop
  endfacet
  facet normal 0.890999 0.454004 0
    outer loop
      vertex 37.7841 1.00399 0.514586
      vertex 37.3226 1.9097 -0.514586
      vertex 37.3226 1.9097 0.514586
    endloop
  endfacet
  facet normal 0.890999 0.454004 0
    outer loop
      vertex 37.3226 1.9097 -0.514586
      vertex 37.7841 1.00399 0.514586
      vertex 37.7841 1.00399 -0.514586
    endloop
  endfacet
  facet normal 0.527959 0.269022 0.805535
    outer loop
      vertex 36.5759 1.36719 2.32601
      vertex 35.9023 0.877792 2.93094
      vertex 36.9063 0.718776 2.32601
    endloop
  endfacet
  facet normal 0.987691 0.156419 0
    outer loop
      vertex 37.9431 0 0.514586
      vertex 37.7841 1.00399 -0.514586
      vertex 37.7841 1.00399 0.514586
    endloop
  endfacet
  facet normal 0.987691 0.156419 0
    outer loop
      vertex 37.7841 1.00399 -0.514586
      vertex 37.9431 0 0.514586
      vertex 37.9431 0 -0.514586
    endloop
  endfacet
  facet normal 0.527959 -0.269022 -0.805535
    outer loop
      vertex 36.5759 -1.36719 -2.32601
      vertex 35.9023 -0.877792 -2.93094
      vertex 36.9063 -0.718776 -2.32601
    endloop
  endfacet
  facet normal 0.848375 0.432285 0.305596
    outer loop
      vertex 37.7841 1.00399 0.514586
      vertex 37.3226 1.9097 0.514586
      vertex 37.4816 0.90571 1.49339
    endloop
  endfacet
  facet normal 0.36165 -0.626397 -0.690533
    outer loop
      vertex 36.0613 -1.88178 -2.32601
      vertex -15.9799 -31.9277 -2.32601
      vertex 4.65667 -1.88178 -18.7734
    endloop
  endfacet
  facet normal 0.127165 -0.802402 -0.583078
    outer loop
      vertex -16.4413 -32.8335 -1.49339
      vertex -17.347 -32.372 -2.32601
      vertex -16.6283 -32.2581 -2.32601
    endloop
  endfacet
  facet normal 0.156432 -0.987689 0
    outer loop
      vertex -17.347 -33.2949 -0.514586
      vertex -16.3431 -33.1359 0.514586
      vertex -17.347 -33.2949 0.514586
    endloop
  endfacet
  facet normal 0.156432 -0.987689 0
    outer loop
      vertex -16.3431 -33.1359 0.514586
      vertex -17.347 -33.2949 -0.514586
      vertex -16.3431 -33.1359 -0.514586
    endloop
  endfacet
  facet normal 0.220949 0.220944 -0.949929
    outer loop
      vertex 3.70578 0.302466 -19.6963
      vertex 4.16727 1.20818 -19.3783
      vertex 4.49765 0.877792 -19.3783
    endloop
  endfacet
  facet normal 0.220949 0.220943 -0.949929
    outer loop
      vertex 4.16727 1.20818 -19.3783
      vertex 3.70578 0.302466 -19.6963
      vertex 3.59194 0.416309 -19.6963
    endloop
  endfacet
  facet normal -0.0927033 0.585261 -0.805528
    outer loop
      vertex -17.347 31.5394 -2.93094
      vertex -17.8085 31.4663 -2.93094
      vertex -17.347 32.372 -2.32601
    endloop
  endfacet
  facet normal 0.361651 0.626397 -0.690532
    outer loop
      vertex -0.277543 4.73055 -18.7734
      vertex -15.9799 31.9277 -2.32601
      vertex 4.65667 1.88178 -18.7734
    endloop
  endfacet
  facet normal -0.337048 0.337033 -0.879095
    outer loop
      vertex -18.5552 30.9238 -2.93094
      vertex -16.8646 28.8982 -4.35571
      vertex -17.1065 28.7023 -4.33807
    endloop
  endfacet
  facet normal -0.337045 0.337035 -0.879095
    outer loop
      vertex -18.5552 30.9238 -2.93094
      vertex -17.1065 28.7023 -4.33807
      vertex -17.1945 28.5668 -4.35628
    endloop
  endfacet
  facet normal -0.336985 0.337087 -0.879098
    outer loop
      vertex -16.8646 28.8982 -4.35571
      vertex -18.5552 30.9238 -2.93094
      vertex -18.2248 31.2541 -2.93094
    endloop
  endfacet
  facet normal -0.337039 0.337039 -0.879096
    outer loop
      vertex -15.6799 26.2314 -5.83235
      vertex -2.52253 4.05694 -19.3783
      vertex -2.85291 3.72656 -19.3783
    endloop
  endfacet
  facet normal -0.336979 0.337079 -0.879104
    outer loop
      vertex -2.52253 4.05694 -19.3783
      vertex -15.6799 26.2314 -5.83235
      vertex -15.3893 26.3429 -5.90099
    endloop
  endfacet
  facet normal -0.337077 0.337014 -0.879091
    outer loop
      vertex -15.6799 26.2314 -5.83235
      vertex -2.85291 3.72656 -19.3783
      vertex -15.8412 26.2229 -5.77376
    endloop
  endfacet
  facet normal 0.148954 0.940469 -0.305501
    outer loop
      vertex -16.4413 32.8335 -1.49339
      vertex -17.347 33.2949 -0.514586
      vertex -16.3431 33.1359 -0.514586
    endloop
  endfacet
  facet normal 0.156432 0.987689 -0
    outer loop
      vertex -16.3431 33.1359 -0.514586
      vertex -17.347 33.2949 0.514586
      vertex -16.3431 33.1359 0.514586
    endloop
  endfacet
  facet normal 0.156432 0.987689 0
    outer loop
      vertex -17.347 33.2949 0.514586
      vertex -16.3431 33.1359 -0.514586
      vertex -17.347 33.2949 -0.514586
    endloop
  endfacet
  facet normal -0.148939 0.940472 0.3055
    outer loop
      vertex -17.347 33.2949 0.514586
      vertex -18.351 33.1359 0.514586
      vertex -18.2528 32.8335 1.49339
    endloop
  endfacet
  facet normal 0.148904 0.940463 0.305544
    outer loop
      vertex -17.347 33.2949 0.514586
      vertex -17.347 32.9769 1.49339
      vertex -16.4413 32.8335 1.49339
    endloop
  endfacet
  facet normal 0.148904 0.940463 -0.305544
    outer loop
      vertex -16.4413 32.8335 -1.49339
      vertex -17.347 32.9769 -1.49339
      vertex -17.347 33.2949 -0.514586
    endloop
  endfacet
  facet normal 0.0927537 0.585269 -0.805517
    outer loop
      vertex -16.8856 31.4663 -2.93094
      vertex -17.347 32.372 -2.32601
      vertex -16.6283 32.2581 -2.32601
    endloop
  endfacet
  facet normal -0.951066 0 -0.308988
    outer loop
      vertex -20.278 -30.046 -1.49339
      vertex -20.596 30.046 -0.514586
      vertex -20.278 30.046 -1.49339
    endloop
  endfacet
  facet normal -0.951066 -0 -0.308988
    outer loop
      vertex -20.596 30.046 -0.514586
      vertex -20.278 -30.046 -1.49339
      vertex -20.596 -30.046 -0.514586
    endloop
  endfacet
  facet normal -0.94044 -0.148934 -0.305601
    outer loop
      vertex -20.437 -31.05 -0.514586
      vertex -20.596 -30.046 -0.514586
      vertex -20.1345 -30.9517 -1.49339
    endloop
  endfacet
  facet normal -0.723915 -0.368822 -0.583025
    outer loop
      vertex -19.2288 -31.4132 -2.32601
      vertex -20.1345 -30.9517 -1.49339
      vertex -19.5592 -30.7647 -2.32601
    endloop
  endfacet
  facet normal -0.673327 -0.673223 -0.305618
    outer loop
      vertex -19.0698 -32.4172 -1.49339
      vertex -19.9755 -31.9557 -0.514586
      vertex -19.7182 -31.7687 -1.49339
    endloop
  endfacet
  facet normal -0.673256 -0.67335 -0.305492
    outer loop
      vertex -19.9755 -31.9557 -0.514586
      vertex -19.0698 -32.4172 -1.49339
      vertex -19.2567 -32.6744 -0.514586
    endloop
  endfacet
  facet normal -0.587764 0 -0.809033
    outer loop
      vertex -3.97075 -2.84877 -18.7734
      vertex -3.13813 2.84877 -19.3783
      vertex -3.13813 -2.84877 -19.3783
    endloop
  endfacet
  facet normal -0.587764 0 -0.809033
    outer loop
      vertex -3.13813 2.84877 -19.3783
      vertex -3.97075 -2.84877 -18.7734
      vertex -3.97075 2.84877 -18.7734
    endloop
  endfacet
  facet normal -0.802467 -0.127144 -0.582994
    outer loop
      vertex -20.1345 -30.9517 -1.49339
      vertex -20.278 -30.046 -1.49339
      vertex -19.6731 -30.046 -2.32601
    endloop
  endfacet
  facet normal -0.269026 -0.527956 -0.805535
    outer loop
      vertex -18.0658 -32.2581 -2.32601
      vertex -18.7142 -31.9277 -2.32601
      vertex -18.2248 -31.2541 -2.93094
    endloop
  endfacet
  facet normal -0.0927413 -0.585272 -0.805516
    outer loop
      vertex -17.347 -32.372 -2.32601
      vertex -18.0658 -32.2581 -2.32601
      vertex -17.8085 -31.4663 -2.93094
    endloop
  endfacet
  facet normal 0.451509 -0.230033 -0.862105
    outer loop
      vertex 35.9023 -0.877792 -2.93094
      vertex 33.4105 -0.461482 -4.34705
      vertex 36.1144 -0.461482 -2.93094
    endloop
  endfacet
  facet normal 0.452288 -0.226849 -0.86254
    outer loop
      vertex 35.9023 -0.877792 -2.93094
      vertex 33.4102 -0.463525 -4.34667
      vertex 33.4105 -0.461482 -4.34705
    endloop
  endfacet
  facet normal 0.451501 -0.230074 -0.862098
    outer loop
      vertex 33.4102 -0.463525 -4.34667
      vertex 35.9023 -0.877792 -2.93094
      vertex 33.1991 -0.877792 -4.34667
    endloop
  endfacet
  facet normal 0.451163 -0.233129 -0.861454
    outer loop
      vertex 30.557 -0.463525 -5.84095
      vertex 4.70977 -0.461482 -19.3783
      vertex 30.5567 -0.461482 -5.84166
    endloop
  endfacet
  facet normal 0.451505 -0.230042 -0.862105
    outer loop
      vertex 30.7681 -0.877792 -5.61985
      vertex 4.70977 -0.461482 -19.3783
      vertex 30.557 -0.463525 -5.84095
    endloop
  endfacet
  facet normal 0.451503 -0.230052 -0.862103
    outer loop
      vertex 4.70977 -0.461482 -19.3783
      vertex 30.7681 -0.877792 -5.61985
      vertex 4.49765 -0.877792 -19.3783
    endloop
  endfacet
  facet normal 0.269004 0.527946 -0.805549
    outer loop
      vertex -0.766944 4.05694 -19.3783
      vertex -1.18325 4.26906 -19.3783
      vertex -0.925961 5.06093 -18.7734
    endloop
  endfacet
  facet normal 0.268998 0.527947 0.805551
    outer loop
      vertex -0.277543 4.73055 18.7734
      vertex -0.925961 5.06093 18.7734
      vertex -0.766944 4.05694 19.3783
    endloop
  endfacet
  facet normal 0.361651 0.626397 0.690532
    outer loop
      vertex 4.65667 1.88178 18.7734
      vertex -15.9799 31.9277 2.32601
      vertex -0.277543 4.73055 18.7734
    endloop
  endfacet
  facet normal 0.0874205 0.55197 0.829269
    outer loop
      vertex -16.8856 31.4663 2.93094
      vertex -15.835 29.1904 4.33505
      vertex -15.5234 29.1069 4.35778
    endloop
  endfacet
  facet normal 0.0871882 0.551905 0.829337
    outer loop
      vertex -16.8856 31.4663 2.93094
      vertex -15.9863 29.1824 4.35628
      vertex -15.835 29.1904 4.33505
    endloop
  endfacet
  facet normal 0.0874483 0.551965 0.829269
    outer loop
      vertex -15.9863 29.1824 4.35628
      vertex -16.8856 31.4663 2.93094
      vertex -17.347 31.5394 2.93094
    endloop
  endfacet
  facet normal 0.0874935 0.551995 0.829244
    outer loop
      vertex -14.6215 27.0885 5.60616
      vertex -1.18325 4.26906 19.3783
      vertex -14.538 27.4001 5.38993
    endloop
  endfacet
  facet normal 0.0874324 0.551973 0.829266
    outer loop
      vertex -1.18325 4.26906 19.3783
      vertex -14.6215 27.0885 5.60616
      vertex -1.64474 4.34216 19.3783
    endloop
  endfacet
  facet normal 0.087236 0.551902 0.829334
    outer loop
      vertex -1.64474 4.34216 19.3783
      vertex -14.6215 27.0885 5.60616
      vertex -14.704 26.9614 5.69942
    endloop
  endfacet
  facet normal -0.210927 0.413784 0.885603
    outer loop
      vertex -15.2418 26.3995 5.90965
      vertex -2.10622 4.26906 19.3783
      vertex -14.9975 26.5974 5.87537
    endloop
  endfacet
  facet normal -0.210854 0.413826 0.885601
    outer loop
      vertex -2.10622 4.26906 19.3783
      vertex -15.2418 26.3995 5.90965
      vertex -2.52253 4.05694 19.3783
    endloop
  endfacet
  facet normal -0.210803 0.413854 0.8856
    outer loop
      vertex -2.52253 4.05694 19.3783
      vertex -15.2418 26.3995 5.90965
      vertex -15.3893 26.3429 5.90099
    endloop
  endfacet
  facet normal -0.210886 0.413808 0.885602
    outer loop
      vertex -17.8085 31.4663 2.93094
      vertex -16.7418 28.9976 4.33848
      vertex -16.4483 29.1103 4.35571
    endloop
  endfacet
  facet normal -0.210922 0.413792 0.885601
    outer loop
      vertex -18.2248 31.2541 2.93094
      vertex -16.7418 28.9976 4.33848
      vertex -17.8085 31.4663 2.93094
    endloop
  endfacet
  facet normal -0.210765 0.41389 0.885592
    outer loop
      vertex -16.7418 28.9976 4.33848
      vertex -18.2248 31.2541 2.93094
      vertex -16.8646 28.8982 4.35571
    endloop
  endfacet
  facet normal 0 0 1
    outer loop
      vertex 3.77887 0.159016 19.6963
      vertex 3.77887 -0.159016 19.6963
      vertex 3.80406 0 19.6963
    endloop
  endfacet
  facet normal 0 0 1
    outer loop
      vertex 3.70578 0.302466 19.6963
      vertex 3.77887 -0.159016 19.6963
      vertex 3.77887 0.159016 19.6963
    endloop
  endfacet
  facet normal 0 0 1
    outer loop
      vertex 3.70578 0.302466 19.6963
      vertex 3.70578 -0.302466 19.6963
      vertex 3.77887 -0.159016 19.6963
    endloop
  endfacet
  facet normal 0 0 1
    outer loop
      vertex 3.59194 0.416309 19.6963
      vertex 3.70578 -0.302466 19.6963
      vertex 3.70578 0.302466 19.6963
    endloop
  endfacet
  facet normal 0 0 1
    outer loop
      vertex 3.59194 0.416309 19.6963
      vertex 3.59194 -0.416309 19.6963
      vertex 3.70578 -0.302466 19.6963
    endloop
  endfacet
  facet normal 0 0 1
    outer loop
      vertex 3.59194 0.416309 19.6963
      vertex 2.5 0 19.6963
      vertex 3.59194 -0.416309 19.6963
    endloop
  endfacet
  facet normal 0 0 1
    outer loop
      vertex 3.59194 0.416309 19.6963
      vertex 2.37764 0.772542 19.6963
      vertex 2.5 0 19.6963
    endloop
  endfacet
  facet normal -0 -0 1
    outer loop
      vertex 2.37764 0.772542 19.6963
      vertex 3.59194 0.416309 19.6963
      vertex 2.1287 1.26111 19.6963
    endloop
  endfacet
  facet normal 0 0 1
    outer loop
      vertex 2.37764 -0.772542 19.6963
      vertex 3.59194 -0.416309 19.6963
      vertex 2.5 0 19.6963
    endloop
  endfacet
  facet normal 0 0 1
    outer loop
      vertex 3.59194 -0.416309 19.6963
      vertex 2.37764 -0.772542 19.6963
      vertex 2.1287 -1.26111 19.6963
    endloop
  endfacet
  facet normal 0 0 1
    outer loop
      vertex -0.772542 -2.37764 19.6963
      vertex -1.34227 -3.26508 19.6963
      vertex -0.0134331 -2.49787 19.6963
    endloop
  endfacet
  facet normal 0 0 1
    outer loop
      vertex -1.46946 -2.02254 19.6963
      vertex -1.34227 -3.26508 19.6963
      vertex -0.772542 -2.37764 19.6963
    endloop
  endfacet
  facet normal -0 0 1
    outer loop
      vertex -2.15932 -2.84877 19.6963
      vertex -1.34227 -3.26508 19.6963
      vertex -1.46946 -2.02254 19.6963
    endloop
  endfacet
  facet normal 0 0 1
    outer loop
      vertex -1.34227 -3.26508 19.6963
      vertex -2.15932 -2.84877 19.6963
      vertex -1.48572 -3.33817 19.6963
    endloop
  endfacet
  facet normal 0 0 1
    outer loop
      vertex -1.48572 -3.33817 19.6963
      vertex -2.15932 -2.84877 19.6963
      vertex -1.64474 -3.36335 19.6963
    endloop
  endfacet
  facet normal 0 0 1
    outer loop
      vertex -1.64474 -3.36335 19.6963
      vertex -2.15932 -2.84877 19.6963
      vertex -1.80375 -3.33817 19.6963
    endloop
  endfacet
  facet normal 0 0 1
    outer loop
      vertex -2.15932 -2.84877 19.6963
      vertex -1.46946 -2.02254 19.6963
      vertex -2.02254 -1.46946 19.6963
    endloop
  endfacet
  facet normal 0 0 1
    outer loop
      vertex -1.80375 -3.33817 19.6963
      vertex -2.15932 -2.84877 19.6963
      vertex -1.9472 -3.26508 19.6963
    endloop
  endfacet
  facet normal 0 0 1
    outer loop
      vertex -1.9472 -3.26508 19.6963
      vertex -2.15932 -2.84877 19.6963
      vertex -2.06105 -3.15123 19.6963
    endloop
  endfacet
  facet normal 0 0 1
    outer loop
      vertex -2.15932 -2.84877 19.6963
      vertex -2.02254 -1.46946 19.6963
      vertex -2.15932 -1.20102 19.6963
    endloop
  endfacet
  facet normal 0 0 1
    outer loop
      vertex -2.06105 -3.15123 19.6963
      vertex -2.15932 -2.84877 19.6963
      vertex -2.13414 -3.00778 19.6963
    endloop
  endfacet
  facet normal 0 0 1
    outer loop
      vertex -1.34227 3.26508 19.6963
      vertex -0.772542 2.37764 19.6963
      vertex -0.0134331 2.49787 19.6963
    endloop
  endfacet
  facet normal 0 0 1
    outer loop
      vertex -1.34227 3.26508 19.6963
      vertex -1.46946 2.02254 19.6963
      vertex -0.772542 2.37764 19.6963
    endloop
  endfacet
  facet normal 0 0 1
    outer loop
      vertex -2.15932 2.84877 19.6963
      vertex -1.34227 3.26508 19.6963
      vertex -1.48572 3.33817 19.6963
    endloop
  endfacet
  facet normal 0 0 1
    outer loop
      vertex -2.15932 2.84877 19.6963
      vertex -1.48572 3.33817 19.6963
      vertex -1.64474 3.36335 19.6963
    endloop
  endfacet
  facet normal 0 0 1
    outer loop
      vertex -2.15932 2.84877 19.6963
      vertex -1.64474 3.36335 19.6963
      vertex -1.80375 3.33817 19.6963
    endloop
  endfacet
  facet normal 0 0 1
    outer loop
      vertex -2.15932 2.84877 19.6963
      vertex -1.80375 3.33817 19.6963
      vertex -1.9472 3.26508 19.6963
    endloop
  endfacet
  facet normal 0 0 1
    outer loop
      vertex -1.34227 3.26508 19.6963
      vertex -2.15932 2.84877 19.6963
      vertex -1.46946 2.02254 19.6963
    endloop
  endfacet
  facet normal 0 0 1
    outer loop
      vertex -2.15932 2.84877 19.6963
      vertex -1.9472 3.26508 19.6963
      vertex -2.06105 3.15123 19.6963
    endloop
  endfacet
  facet normal 0 0 1
    outer loop
      vertex -2.15932 2.84877 19.6963
      vertex -2.06105 3.15123 19.6963
      vertex -2.13414 3.00778 19.6963
    endloop
  endfacet
  facet normal 0 0 1
    outer loop
      vertex -1.46946 2.02254 19.6963
      vertex -2.15932 2.84877 19.6963
      vertex -2.02254 1.46946 19.6963
    endloop
  endfacet
  facet normal 0 0 1
    outer loop
      vertex -2.02254 1.46946 19.6963
      vertex -2.15932 2.84877 19.6963
      vertex -2.15932 1.20102 19.6963
    endloop
  endfacet
  facet normal -0.848371 0.432288 0.305604
    outer loop
      vertex -19.9755 31.9557 0.514586
      vertex -20.437 31.05 0.514586
      vertex -20.1345 30.9517 1.49339
    endloop
  endfacet
  facet normal -0.156417 0.987691 0
    outer loop
      vertex -17.347 33.2949 -0.514586
      vertex -18.351 33.1359 0.514586
      vertex -17.347 33.2949 0.514586
    endloop
  endfacet
  facet normal -0.156417 0.987691 0
    outer loop
      vertex -18.351 33.1359 0.514586
      vertex -17.347 33.2949 -0.514586
      vertex -18.351 33.1359 -0.514586
    endloop
  endfacet
  facet normal -0.36885 0.723857 -0.583078
    outer loop
      vertex -18.0658 32.2581 -2.32601
      vertex -18.7142 31.9277 -2.32601
      vertex -18.2528 32.8335 -1.49339
    endloop
  endfacet
  facet normal -0.585233 0.0927029 0.805549
    outer loop
      vertex -3.06503 3.31025 19.3783
      vertex -3.97075 2.84877 18.7734
      vertex -3.13813 2.84877 19.3783
    endloop
  endfacet
  facet normal -0.723915 0.368822 0.583025
    outer loop
      vertex -19.2288 31.4132 2.32601
      vertex -20.1345 30.9517 1.49339
      vertex -19.5592 30.7647 2.32601
    endloop
  endfacet
  facet normal -0.802447 0.127172 0.583014
    outer loop
      vertex -19.5592 30.7647 2.32601
      vertex -20.1345 30.9517 1.49339
      vertex -19.6731 30.046 2.32601
    endloop
  endfacet
  facet normal -0.585231 0.0926981 0.80555
    outer loop
      vertex -3.8569 3.56754 18.7734
      vertex -3.97075 2.84877 18.7734
      vertex -3.06503 3.31025 19.3783
    endloop
  endfacet
  facet normal 0.36885 -0.723857 0.583078
    outer loop
      vertex -15.9799 -31.9277 2.32601
      vertex -16.6283 -32.2581 2.32601
      vertex -16.4413 -32.8335 1.49339
    endloop
  endfacet
  facet normal 0.148904 -0.940463 0.305544
    outer loop
      vertex -17.347 -32.9769 1.49339
      vertex -17.347 -33.2949 0.514586
      vertex -16.4413 -32.8335 1.49339
    endloop
  endfacet
  facet normal 0.432267 -0.848424 0.305487
    outer loop
      vertex -15.4373 -32.6744 0.514586
      vertex -16.4413 -32.8335 1.49339
      vertex -16.3431 -33.1359 0.514586
    endloop
  endfacet
  facet normal -0.723299 0 0.690535
    outer loop
      vertex -19.6731 30.046 2.32601
      vertex -3.97075 -2.84877 18.7734
      vertex -3.97075 2.84877 18.7734
    endloop
  endfacet
  facet normal -0.723299 0 0.690535
    outer loop
      vertex -3.97075 -2.84877 18.7734
      vertex -19.6731 30.046 2.32601
      vertex -19.6731 -30.046 2.32601
    endloop
  endfacet
  facet normal 0.127056 -0.802476 0.583
    outer loop
      vertex -17.347 -32.372 2.32601
      vertex -17.347 -32.9769 1.49339
      vertex -16.4413 -32.8335 1.49339
    endloop
  endfacet
  facet normal 0.36165 -0.626397 0.690533
    outer loop
      vertex 4.65667 -1.88178 18.7734
      vertex -15.9799 -31.9277 2.32601
      vertex 36.0613 -1.88178 2.32601
    endloop
  endfacet
  facet normal -0.0488721 -0.308624 0.949928
    outer loop
      vertex -1.80375 -3.33817 19.6963
      vertex -2.10622 -4.26906 19.3783
      vertex -1.64474 -3.36335 19.6963
    endloop
  endfacet
  facet normal 0.141855 -0.278411 0.949929
    outer loop
      vertex -1.34227 -3.26508 19.6963
      vertex -1.48572 -3.33817 19.6963
      vertex -1.18325 -4.26906 19.3783
    endloop
  endfacet
  facet normal 0.574504 -0.574487 0.583018
    outer loop
      vertex 36.5759 -1.36719 2.32601
      vertex 36.4169 -2.37118 1.49339
      vertex 37.0653 -1.72276 1.49339
    endloop
  endfacet
  facet normal 0.574483 -0.574494 0.583031
    outer loop
      vertex 36.4169 -2.37118 1.49339
      vertex 36.5759 -1.36719 2.32601
      vertex 36.0613 -1.88178 2.32601
    endloop
  endfacet
  facet normal 0.418986 -0.418978 0.805548
    outer loop
      vertex 4.49765 -0.877792 19.3783
      vertex 4.65667 -1.88178 18.7734
      vertex 5.17125 -1.36719 18.7734
    endloop
  endfacet
  facet normal 0.418988 -0.418978 0.805548
    outer loop
      vertex 4.65667 -1.88178 18.7734
      vertex 4.49765 -0.877792 19.3783
      vertex 4.16727 -1.20818 19.3783
    endloop
  endfacet
  facet normal -0.308617 0.048886 0.949929
    outer loop
      vertex -3.06503 3.31025 19.3783
      vertex -3.13813 2.84877 19.3783
      vertex -2.15932 2.84877 19.6963
    endloop
  endfacet
  facet normal 0.141858 0.278411 0.949928
    outer loop
      vertex -1.18325 4.26906 19.3783
      vertex -1.34227 3.26508 19.6963
      vertex -0.766944 4.05694 19.3783
    endloop
  endfacet
  facet normal 0.141855 0.278411 0.949929
    outer loop
      vertex -1.18325 4.26906 19.3783
      vertex -1.48572 3.33817 19.6963
      vertex -1.34227 3.26508 19.6963
    endloop
  endfacet
  facet normal 0.418986 0.418978 0.805548
    outer loop
      vertex 4.65667 1.88178 18.7734
      vertex 4.49765 0.877792 19.3783
      vertex 5.17125 1.36719 18.7734
    endloop
  endfacet
  facet normal 0.418988 0.418978 0.805548
    outer loop
      vertex 4.49765 0.877792 19.3783
      vertex 4.65667 1.88178 18.7734
      vertex 4.16727 1.20818 19.3783
    endloop
  endfacet
  facet normal 0.422055 0.415225 0.805889
    outer loop
      vertex 32.8652 1.21352 4.34853
      vertex 35.9023 0.877792 2.93094
      vertex 36.5759 1.36719 2.32601
    endloop
  endfacet
  facet normal 0.421872 0.416121 0.805523
    outer loop
      vertex 35.9023 0.877792 2.93094
      vertex 33.1971 0.881678 4.34571
      vertex 33.1991 0.877792 4.34667
    endloop
  endfacet
  facet normal 0.42205 0.415275 0.805866
    outer loop
      vertex 35.9023 0.877792 2.93094
      vertex 32.8652 1.21352 4.34853
      vertex 33.1971 0.881678 4.34571
    endloop
  endfacet
  facet normal 0.422113 0.414994 0.805978
    outer loop
      vertex 32.8652 1.21352 4.34853
      vertex 36.5759 1.36719 2.32601
      vertex 32.5637 1.36719 4.42731
    endloop
  endfacet
  facet normal 0.422074 0.415171 0.805907
    outer loop
      vertex 5.17125 1.36719 18.7734
      vertex 31.1019 1.21352 5.27204
      vertex 31.4035 1.36719 5.03492
    endloop
  endfacet
  facet normal 0.422076 0.415159 0.805912
    outer loop
      vertex 5.17125 1.36719 18.7734
      vertex 30.77 0.881678 5.61681
      vertex 31.1019 1.21352 5.27204
    endloop
  endfacet
  facet normal 0.420655 0.422416 0.802879
    outer loop
      vertex 5.17125 1.36719 18.7734
      vertex 30.7681 0.877792 5.61985
      vertex 30.77 0.881678 5.61681
    endloop
  endfacet
  facet normal 0.422072 0.415174 0.805907
    outer loop
      vertex 30.7681 0.877792 5.61985
      vertex 5.17125 1.36719 18.7734
      vertex 4.49765 0.877792 19.3783
    endloop
  endfacet
  facet normal 0.405271 0.70195 -0.58568
    outer loop
      vertex 36.0613 1.88178 -2.32601
      vertex -15.6243 32.4172 -1.49339
      vertex 36.4169 2.37118 -1.49339
    endloop
  endfacet
  facet normal 0.40525 0.701916 -0.585735
    outer loop
      vertex -15.6243 32.4172 -1.49339
      vertex 36.0613 1.88178 -2.32601
      vertex -15.9799 31.9277 -2.32601
    endloop
  endfacet
  facet normal 0.585247 0.092659 0.805544
    outer loop
      vertex 36.9063 0.718776 2.32601
      vertex 36.1144 0.461482 2.93094
      vertex 37.0201 0 2.32601
    endloop
  endfacet
  facet normal 0.585261 -0.0927069 0.805528
    outer loop
      vertex 36.1875 0 2.93094
      vertex 36.1144 -0.461482 2.93094
      vertex 37.0201 0 2.32601
    endloop
  endfacet
  facet normal 0.40525 -0.701916 0.585735
    outer loop
      vertex -15.6243 -32.4172 1.49339
      vertex 36.0613 -1.88178 2.32601
      vertex -15.9799 -31.9277 2.32601
    endloop
  endfacet
  facet normal 0.405271 -0.70195 0.58568
    outer loop
      vertex 36.0613 -1.88178 2.32601
      vertex -15.6243 -32.4172 1.49339
      vertex 36.4169 -2.37118 1.49339
    endloop
  endfacet
  facet normal 0.72391 0.368844 -0.583017
    outer loop
      vertex 37.4816 0.90571 -1.49339
      vertex 36.5759 1.36719 -2.32601
      vertex 37.0653 1.72276 -1.49339
    endloop
  endfacet
  facet normal 0.707097 -0.707117 0
    outer loop
      vertex 36.6038 -2.62848 0.514586
      vertex 37.3226 -1.9097 -0.514586
      vertex 37.3226 -1.9097 0.514586
    endloop
  endfacet
  facet normal 0.707097 -0.707117 0
    outer loop
      vertex 37.3226 -1.9097 -0.514586
      vertex 36.6038 -2.62848 0.514586
      vertex 36.6038 -2.62848 -0.514586
    endloop
  endfacet
  facet normal 0.707097 0.707117 0
    outer loop
      vertex 37.3226 1.9097 0.514586
      vertex 36.6038 2.62848 -0.514586
      vertex 36.6038 2.62848 0.514586
    endloop
  endfacet
  facet normal 0.707097 0.707117 0
    outer loop
      vertex 36.6038 2.62848 -0.514586
      vertex 37.3226 1.9097 0.514586
      vertex 37.3226 1.9097 -0.514586
    endloop
  endfacet
  facet normal 0.67328 0.673299 0.305552
    outer loop
      vertex 36.4169 2.37118 1.49339
      vertex 37.3226 1.9097 0.514586
      vertex 36.6038 2.62848 0.514586
    endloop
  endfacet
  facet normal 0.673294 0.673274 0.305577
    outer loop
      vertex 37.3226 1.9097 0.514586
      vertex 36.4169 2.37118 1.49339
      vertex 37.0653 1.72276 1.49339
    endloop
  endfacet
  facet normal 0.723909 0.368869 -0.583002
    outer loop
      vertex 36.9063 0.718776 -2.32601
      vertex 36.5759 1.36719 -2.32601
      vertex 37.4816 0.90571 -1.49339
    endloop
  endfacet
  facet normal -0.308987 0 -0.951066
    outer loop
      vertex -3.13813 -2.84877 -19.3783
      vertex -2.15932 -1.20102 -19.6963
      vertex -2.15932 -2.84877 -19.6963
    endloop
  endfacet
  facet normal -0.308934 -3.43393e-05 -0.951083
    outer loop
      vertex -2.15932 -1.20102 -19.6963
      vertex -3.13813 -2.84877 -19.3783
      vertex -2.37764 -0.772542 -19.6254
    endloop
  endfacet
  facet normal -0.309109 3.65535e-05 -0.951027
    outer loop
      vertex -2.37764 -0.772542 -19.6254
      vertex -3.13813 -2.84877 -19.3783
      vertex -2.5 0 -19.5856
    endloop
  endfacet
  facet normal -0.308934 3.43393e-05 -0.951083
    outer loop
      vertex -3.13813 2.84877 -19.3783
      vertex -2.15932 1.20102 -19.6963
      vertex -2.37764 0.772542 -19.6254
    endloop
  endfacet
  facet normal -0.309109 -3.65535e-05 -0.951027
    outer loop
      vertex -3.13813 2.84877 -19.3783
      vertex -2.37764 0.772542 -19.6254
      vertex -2.5 0 -19.5856
    endloop
  endfacet
  facet normal -0.308962 -0 -0.951074
    outer loop
      vertex -3.13813 2.84877 -19.3783
      vertex -2.5 0 -19.5856
      vertex -3.13813 -2.84877 -19.3783
    endloop
  endfacet
  facet normal -0.308987 0 -0.951066
    outer loop
      vertex -2.15932 1.20102 -19.6963
      vertex -3.13813 2.84877 -19.3783
      vertex -2.15932 2.84877 -19.6963
    endloop
  endfacet
  facet normal 0.5 -0.866026 0
    outer loop
      vertex -15.4373 -32.6744 -0.514586
      vertex 36.6038 -2.62848 0.514586
      vertex -15.4373 -32.6744 0.514586
    endloop
  endfacet
  facet normal 0.5 -0.866026 0
    outer loop
      vertex 36.6038 -2.62848 0.514586
      vertex -15.4373 -32.6744 -0.514586
      vertex 36.6038 -2.62848 -0.514586
    endloop
  endfacet
  facet normal -0.890997 -0.454008 0
    outer loop
      vertex -19.9755 -31.9557 -0.514586
      vertex -20.437 -31.05 0.514586
      vertex -20.437 -31.05 -0.514586
    endloop
  endfacet
  facet normal -0.890997 -0.454008 0
    outer loop
      vertex -20.437 -31.05 0.514586
      vertex -19.9755 -31.9557 -0.514586
      vertex -19.9755 -31.9557 0.514586
    endloop
  endfacet
  facet normal -0.36884 -0.723858 -0.583084
    outer loop
      vertex -18.2528 -32.8335 -1.49339
      vertex -19.0698 -32.4172 -1.49339
      vertex -18.7142 -31.9277 -2.32601
    endloop
  endfacet
  facet normal 0.451509 0.230033 -0.862105
    outer loop
      vertex 33.4105 0.461482 -4.34705
      vertex 35.9023 0.877792 -2.93094
      vertex 36.1144 0.461482 -2.93094
    endloop
  endfacet
  facet normal 0.452288 0.226849 -0.86254
    outer loop
      vertex 33.4102 0.463525 -4.34667
      vertex 35.9023 0.877792 -2.93094
      vertex 33.4105 0.461482 -4.34705
    endloop
  endfacet
  facet normal 0.451501 0.230074 -0.862098
    outer loop
      vertex 35.9023 0.877792 -2.93094
      vertex 33.4102 0.463525 -4.34667
      vertex 33.1991 0.877792 -4.34667
    endloop
  endfacet
  facet normal 0.451163 0.233129 -0.861454
    outer loop
      vertex 4.70977 0.461482 -19.3783
      vertex 30.557 0.463525 -5.84095
      vertex 30.5567 0.461482 -5.84166
    endloop
  endfacet
  facet normal 0.451505 0.230042 -0.862105
    outer loop
      vertex 4.70977 0.461482 -19.3783
      vertex 30.7681 0.877792 -5.61985
      vertex 30.557 0.463525 -5.84095
    endloop
  endfacet
  facet normal 0.451503 0.230052 -0.862103
    outer loop
      vertex 30.7681 0.877792 -5.61985
      vertex 4.70977 0.461482 -19.3783
      vertex 4.49765 0.877792 -19.3783
    endloop
  endfacet
  facet normal 0.294939 0.51085 -0.807492
    outer loop
      vertex 4.16727 1.20818 -19.3783
      vertex -0.277543 4.73055 -18.7734
      vertex 4.65667 1.88178 -18.7734
    endloop
  endfacet
  facet normal 0.294936 0.510847 -0.807495
    outer loop
      vertex -0.277543 4.73055 -18.7734
      vertex 4.16727 1.20818 -19.3783
      vertex -0.766944 4.05694 -19.3783
    endloop
  endfacet
  facet normal -0.454008 0.890997 0
    outer loop
      vertex -18.351 33.1359 -0.514586
      vertex -19.2567 32.6744 0.514586
      vertex -18.351 33.1359 0.514586
    endloop
  endfacet
  facet normal -0.454008 0.890997 0
    outer loop
      vertex -19.2567 32.6744 0.514586
      vertex -18.351 33.1359 -0.514586
      vertex -19.2567 32.6744 -0.514586
    endloop
  endfacet
  facet normal -0.127043 0.802477 0.583001
    outer loop
      vertex -17.347 32.9769 1.49339
      vertex -18.2528 32.8335 1.49339
      vertex -17.347 32.372 2.32601
    endloop
  endfacet
  facet normal 0.127056 0.802476 0.583
    outer loop
      vertex -17.347 32.9769 1.49339
      vertex -17.347 32.372 2.32601
      vertex -16.4413 32.8335 1.49339
    endloop
  endfacet
  facet normal 0.127165 0.802402 -0.583078
    outer loop
      vertex -16.6283 32.2581 -2.32601
      vertex -17.347 32.372 -2.32601
      vertex -16.4413 32.8335 -1.49339
    endloop
  endfacet
  facet normal 0.36885 0.723857 -0.583078
    outer loop
      vertex -15.9799 31.9277 -2.32601
      vertex -16.6283 32.2581 -2.32601
      vertex -16.4413 32.8335 -1.49339
    endloop
  endfacet
  facet normal -0.336979 -0.337079 -0.879104
    outer loop
      vertex -15.6799 -26.2314 -5.83235
      vertex -2.52253 -4.05694 -19.3783
      vertex -15.3893 -26.3429 -5.90099
    endloop
  endfacet
  facet normal -0.337039 -0.337039 -0.879096
    outer loop
      vertex -2.52253 -4.05694 -19.3783
      vertex -15.6799 -26.2314 -5.83235
      vertex -2.85291 -3.72656 -19.3783
    endloop
  endfacet
  facet normal -0.337077 -0.337014 -0.879091
    outer loop
      vertex -2.85291 -3.72656 -19.3783
      vertex -15.6799 -26.2314 -5.83235
      vertex -15.8412 -26.2229 -5.77376
    endloop
  endfacet
  facet normal -0.336985 -0.337087 -0.879098
    outer loop
      vertex -18.5552 -30.9238 -2.93094
      vertex -16.8646 -28.8982 -4.35571
      vertex -18.2248 -31.2541 -2.93094
    endloop
  endfacet
  facet normal -0.337048 -0.337033 -0.879095
    outer loop
      vertex -16.8646 -28.8982 -4.35571
      vertex -18.5552 -30.9238 -2.93094
      vertex -17.1065 -28.7023 -4.33807
    endloop
  endfacet
  facet normal -0.337045 -0.337035 -0.879095
    outer loop
      vertex -17.1065 -28.7023 -4.33807
      vertex -18.5552 -30.9238 -2.93094
      vertex -17.1945 -28.5668 -4.35628
    endloop
  endfacet
  facet normal -0.418926 0.419052 -0.805541
    outer loop
      vertex -18.5552 30.9238 -2.93094
      vertex -18.7142 31.9277 -2.32601
      vertex -18.2248 31.2541 -2.93094
    endloop
  endfacet
  facet normal -0.418959 0.41904 -0.80553
    outer loop
      vertex -18.7142 31.9277 -2.32601
      vertex -18.5552 30.9238 -2.93094
      vertex -19.2288 31.4132 -2.32601
    endloop
  endfacet
  facet normal -0.527976 0.268998 -0.805532
    outer loop
      vertex -18.7673 30.5075 -2.93094
      vertex -19.5592 30.7647 -2.32601
      vertex -18.5552 30.9238 -2.93094
    endloop
  endfacet
  facet normal -0.141857 0.278411 -0.949928
    outer loop
      vertex -1.9472 3.26508 -19.6963
      vertex -2.52253 4.05694 -19.3783
      vertex -2.10622 4.26906 -19.3783
    endloop
  endfacet
  facet normal -0.527976 -0.268995 -0.805533
    outer loop
      vertex -19.2288 -31.4132 -2.32601
      vertex -19.5592 -30.7647 -2.32601
      vertex -18.5552 -30.9238 -2.93094
    endloop
  endfacet
  facet normal 0.36885 -0.723857 -0.583078
    outer loop
      vertex -16.4413 -32.8335 -1.49339
      vertex -16.6283 -32.2581 -2.32601
      vertex -15.9799 -31.9277 -2.32601
    endloop
  endfacet
  facet normal 0.40525 -0.701916 -0.585735
    outer loop
      vertex 36.0613 -1.88178 -2.32601
      vertex -15.6243 -32.4172 -1.49339
      vertex -15.9799 -31.9277 -2.32601
    endloop
  endfacet
  facet normal 0.405271 -0.70195 -0.58568
    outer loop
      vertex -15.6243 -32.4172 -1.49339
      vertex 36.0613 -1.88178 -2.32601
      vertex 36.4169 -2.37118 -1.49339
    endloop
  endfacet
  facet normal -0.631791 0.100073 -0.768652
    outer loop
      vertex -19.6731 30.046 -2.32601
      vertex -3.8569 3.56754 -18.7734
      vertex -3.97075 2.84877 -18.7734
    endloop
  endfacet
  facet normal -0.631746 0.100119 -0.768683
    outer loop
      vertex -3.8569 3.56754 -18.7734
      vertex -19.6731 30.046 -2.32601
      vertex -19.5592 30.7647 -2.32601
    endloop
  endfacet
  facet normal -0.0764918 0.483245 0.872137
    outer loop
      vertex -17.347 31.5394 2.93094
      vertex -16.3037 29.1658 4.33764
      vertex -15.9863 29.1824 4.35628
    endloop
  endfacet
  facet normal -0.0764911 0.483246 0.872137
    outer loop
      vertex -17.347 31.5394 2.93094
      vertex -16.4483 29.1103 4.35571
      vertex -16.3037 29.1658 4.33764
    endloop
  endfacet
  facet normal -0.0765419 0.483229 0.872141
    outer loop
      vertex -16.4483 29.1103 4.35571
      vertex -17.347 31.5394 2.93094
      vertex -17.8085 31.4663 2.93094
    endloop
  endfacet
  facet normal -0.0764584 0.483271 0.872126
    outer loop
      vertex -14.8771 26.6949 5.83192
      vertex -1.64474 4.34216 19.3783
      vertex -14.704 26.9614 5.69942
    endloop
  endfacet
  facet normal -0.0765451 0.483229 0.872141
    outer loop
      vertex -1.64474 4.34216 19.3783
      vertex -14.8771 26.6949 5.83192
      vertex -2.10622 4.26906 19.3783
    endloop
  endfacet
  facet normal -0.0765695 0.483217 0.872146
    outer loop
      vertex -2.10622 4.26906 19.3783
      vertex -14.8771 26.6949 5.83192
      vertex -14.9975 26.5974 5.87537
    endloop
  endfacet
  facet normal -0.723913 0.368868 0.582998
    outer loop
      vertex -19.7182 31.7687 1.49339
      vertex -20.1345 30.9517 1.49339
      vertex -19.2288 31.4132 2.32601
    endloop
  endfacet
  facet normal -0.432303 0.848407 -0.305483
    outer loop
      vertex -19.0698 32.4172 -1.49339
      vertex -19.2567 32.6744 -0.514586
      vertex -18.2528 32.8335 -1.49339
    endloop
  endfacet
  facet normal -0.278411 0.141857 0.949928
    outer loop
      vertex -2.85291 3.72656 19.3783
      vertex -3.06503 3.31025 19.3783
      vertex -2.06105 3.15123 19.6963
    endloop
  endfacet
  facet normal -0.336979 0.337079 0.879104
    outer loop
      vertex -15.6799 26.2314 5.83235
      vertex -2.52253 4.05694 19.3783
      vertex -15.3893 26.3429 5.90099
    endloop
  endfacet
  facet normal -0.337039 0.337039 0.879096
    outer loop
      vertex -2.52253 4.05694 19.3783
      vertex -15.6799 26.2314 5.83235
      vertex -2.85291 3.72656 19.3783
    endloop
  endfacet
  facet normal -0.337077 0.337014 0.879091
    outer loop
      vertex -2.85291 3.72656 19.3783
      vertex -15.6799 26.2314 5.83235
      vertex -15.8412 26.2229 5.77376
    endloop
  endfacet
  facet normal -0.336985 0.337087 0.879098
    outer loop
      vertex -18.5552 30.9238 2.93094
      vertex -16.8646 28.8982 4.35571
      vertex -18.2248 31.2541 2.93094
    endloop
  endfacet
  facet normal -0.337048 0.337033 0.879095
    outer loop
      vertex -16.8646 28.8982 4.35571
      vertex -18.5552 30.9238 2.93094
      vertex -17.1065 28.7023 4.33807
    endloop
  endfacet
  facet normal -0.337045 0.337035 0.879095
    outer loop
      vertex -17.1065 28.7023 4.33807
      vertex -18.5552 30.9238 2.93094
      vertex -17.1945 28.5668 4.35628
    endloop
  endfacet
  facet normal -0.471963 0.240459 0.848192
    outer loop
      vertex -18.7673 30.5075 2.93094
      vertex -17.1945 28.5668 4.35628
      vertex -18.5552 30.9238 2.93094
    endloop
  endfacet
  facet normal -0.471986 0.240435 0.848186
    outer loop
      vertex -17.1945 28.5668 4.35628
      vertex -18.7673 30.5075 2.93094
      vertex -17.3621 28.3087 4.33618
    endloop
  endfacet
  facet normal -0.471973 0.240447 0.84819
    outer loop
      vertex -17.3621 28.3087 4.33618
      vertex -18.7673 30.5075 2.93094
      vertex -17.4051 28.1481 4.35778
    endloop
  endfacet
  facet normal -0.471933 0.240476 0.848204
    outer loop
      vertex -16.1486 26.2068 5.60729
      vertex -2.85291 3.72656 19.3783
      vertex -15.8412 26.2229 5.77376
    endloop
  endfacet
  facet normal -0.471944 0.240467 0.848201
    outer loop
      vertex -2.85291 3.72656 19.3783
      vertex -16.1486 26.2068 5.60729
      vertex -3.06503 3.31025 19.3783
    endloop
  endfacet
  facet normal -0.472105 0.240343 0.848147
    outer loop
      vertex -3.06503 3.31025 19.3783
      vertex -16.1486 26.2068 5.60729
      vertex -16.3092 26.2498 5.50571
    endloop
  endfacet
  facet normal -0.527976 0.268998 0.805532
    outer loop
      vertex -18.5552 30.9238 2.93094
      vertex -19.5592 30.7647 2.32601
      vertex -18.7673 30.5075 2.93094
    endloop
  endfacet
  facet normal -0.631746 0.100119 0.768683
    outer loop
      vertex -19.6731 30.046 2.32601
      vertex -3.8569 3.56754 18.7734
      vertex -19.5592 30.7647 2.32601
    endloop
  endfacet
  facet normal -0.631791 0.100073 0.768652
    outer loop
      vertex -3.8569 3.56754 18.7734
      vertex -19.6731 30.046 2.32601
      vertex -3.97075 2.84877 18.7734
    endloop
  endfacet
  facet normal -0.308617 -0.048886 0.949929
    outer loop
      vertex -2.15932 -2.84877 19.6963
      vertex -3.13813 -2.84877 19.3783
      vertex -3.06503 -3.31025 19.3783
    endloop
  endfacet
  facet normal 0.27841 -0.141854 0.949929
    outer loop
      vertex 3.77887 -0.159016 19.6963
      vertex 3.70578 -0.302466 19.6963
      vertex 4.70977 -0.461482 19.3783
    endloop
  endfacet
  facet normal 0.30862 0.0488796 0.949929
    outer loop
      vertex 4.70977 0.461482 19.3783
      vertex 3.80406 0 19.6963
      vertex 4.78286 0 19.3783
    endloop
  endfacet
  facet normal -0.564856 0.16307 0.808916
    outer loop
      vertex -17.4051 28.1481 4.35778
      vertex -18.7673 30.5075 2.93094
      vertex -17.4836 27.8554 4.36197
    endloop
  endfacet
  facet normal -0.56493 0.163002 0.808878
    outer loop
      vertex -16.3092 26.2498 5.50571
      vertex -3.8569 3.56754 18.7734
      vertex -3.06503 3.31025 19.3783
    endloop
  endfacet
  facet normal -0.564896 0.163031 0.808896
    outer loop
      vertex -16.6019 26.3283 5.28548
      vertex -3.8569 3.56754 18.7734
      vertex -16.3092 26.2498 5.50571
    endloop
  endfacet
  facet normal -0.564948 0.162986 0.808869
    outer loop
      vertex -16.9955 26.5839 4.95907
      vertex -3.8569 3.56754 18.7734
      vertex -16.6019 26.3283 5.28548
    endloop
  endfacet
  facet normal -0.565175 0.162786 0.808751
    outer loop
      vertex -17.2908 26.9486 4.6793
      vertex -3.8569 3.56754 18.7734
      vertex -16.9955 26.5839 4.95907
    endloop
  endfacet
  facet normal -0.56495 0.162997 0.808865
    outer loop
      vertex -19.5592 30.7647 2.32601
      vertex -17.4836 27.8554 4.36197
      vertex -18.7673 30.5075 2.93094
    endloop
  endfacet
  facet normal -0.56503 0.162913 0.808827
    outer loop
      vertex -17.4836 27.8554 4.36197
      vertex -19.5592 30.7647 2.32601
      vertex -17.459 27.3867 4.47356
    endloop
  endfacet
  facet normal -0.564927 0.163006 0.80888
    outer loop
      vertex -17.2908 26.9486 4.6793
      vertex -19.5592 30.7647 2.32601
      vertex -3.8569 3.56754 18.7734
    endloop
  endfacet
  facet normal -0.565045 0.162898 0.808819
    outer loop
      vertex -17.459 27.3867 4.47356
      vertex -19.5592 30.7647 2.32601
      vertex -17.2908 26.9486 4.6793
    endloop
  endfacet
  facet normal 0.361651 -0.626397 0.690532
    outer loop
      vertex -0.277543 -4.73055 18.7734
      vertex -15.9799 -31.9277 2.32601
      vertex 4.65667 -1.88178 18.7734
    endloop
  endfacet
  facet normal 0.453969 -0.891018 0
    outer loop
      vertex -16.3431 -33.1359 -0.514586
      vertex -15.4373 -32.6744 0.514586
      vertex -16.3431 -33.1359 0.514586
    endloop
  endfacet
  facet normal 0.453969 -0.891018 0
    outer loop
      vertex -15.4373 -32.6744 0.514586
      vertex -16.3431 -33.1359 -0.514586
      vertex -15.4373 -32.6744 -0.514586
    endloop
  endfacet
  facet normal -0.585233 -0.0927029 0.805549
    outer loop
      vertex -3.13813 -2.84877 19.3783
      vertex -3.97075 -2.84877 18.7734
      vertex -3.06503 -3.31025 19.3783
    endloop
  endfacet
  facet normal -0.527976 -0.268995 0.805533
    outer loop
      vertex -18.5552 -30.9238 2.93094
      vertex -19.5592 -30.7647 2.32601
      vertex -19.2288 -31.4132 2.32601
    endloop
  endfacet
  facet normal -0.0764918 -0.483245 0.872137
    outer loop
      vertex -16.3037 -29.1658 4.33764
      vertex -17.347 -31.5394 2.93094
      vertex -15.9863 -29.1824 4.35628
    endloop
  endfacet
  facet normal -0.0764911 -0.483246 0.872137
    outer loop
      vertex -16.4483 -29.1103 4.35571
      vertex -17.347 -31.5394 2.93094
      vertex -16.3037 -29.1658 4.33764
    endloop
  endfacet
  facet normal -0.0765419 -0.483229 0.872141
    outer loop
      vertex -17.347 -31.5394 2.93094
      vertex -16.4483 -29.1103 4.35571
      vertex -17.8085 -31.4663 2.93094
    endloop
  endfacet
  facet normal -0.0765451 -0.483229 0.872141
    outer loop
      vertex -14.8771 -26.6949 5.83192
      vertex -1.64474 -4.34216 19.3783
      vertex -2.10622 -4.26906 19.3783
    endloop
  endfacet
  facet normal -0.0764584 -0.483271 0.872126
    outer loop
      vertex -1.64474 -4.34216 19.3783
      vertex -14.8771 -26.6949 5.83192
      vertex -14.704 -26.9614 5.69942
    endloop
  endfacet
  facet normal -0.0765695 -0.483217 0.872146
    outer loop
      vertex -14.8771 -26.6949 5.83192
      vertex -2.10622 -4.26906 19.3783
      vertex -14.9975 -26.5974 5.87537
    endloop
  endfacet
  facet normal -0.127043 -0.802477 0.583001
    outer loop
      vertex -17.347 -32.372 2.32601
      vertex -18.2528 -32.8335 1.49339
      vertex -17.347 -32.9769 1.49339
    endloop
  endfacet
  facet normal 0.155263 -0.268923 0.950565
    outer loop
      vertex 2.1287 -1.26111 19.6963
      vertex 4.16727 -1.20818 19.3783
      vertex 3.59194 -0.416309 19.6963
    endloop
  endfacet
  facet normal 0.155263 -0.268905 0.95057
    outer loop
      vertex 2.02254 -1.46946 19.6547
      vertex 4.16727 -1.20818 19.3783
      vertex 2.1287 -1.26111 19.6963
    endloop
  endfacet
  facet normal 0.15526 -0.268866 0.950582
    outer loop
      vertex 1.46946 -2.02254 19.5886
      vertex 4.16727 -1.20818 19.3783
      vertex 2.02254 -1.46946 19.6547
    endloop
  endfacet
  facet normal 0.155363 -0.269046 0.950514
    outer loop
      vertex -0.766944 -4.05694 19.3783
      vertex 1.46946 -2.02254 19.5886
      vertex 0.772542 -2.37764 19.602
    endloop
  endfacet
  facet normal 0.155287 -0.268967 0.950549
    outer loop
      vertex 1.46946 -2.02254 19.5886
      vertex -0.766944 -4.05694 19.3783
      vertex 4.16727 -1.20818 19.3783
    endloop
  endfacet
  facet normal 0.155176 -0.268885 0.95059
    outer loop
      vertex 0 -2.5 19.6935
      vertex -0.766944 -4.05694 19.3783
      vertex 0.772542 -2.37764 19.602
    endloop
  endfacet
  facet normal 0.155468 -0.269012 0.950506
    outer loop
      vertex -0.0134331 -2.49787 19.6963
      vertex -0.766944 -4.05694 19.3783
      vertex 0 -2.5 19.6935
    endloop
  endfacet
  facet normal 0.155265 -0.268925 0.950564
    outer loop
      vertex -0.766944 -4.05694 19.3783
      vertex -0.0134331 -2.49787 19.6963
      vertex -1.34227 -3.26508 19.6963
    endloop
  endfacet
  facet normal -0.210886 -0.413808 0.885602
    outer loop
      vertex -16.7418 -28.9976 4.33848
      vertex -17.8085 -31.4663 2.93094
      vertex -16.4483 -29.1103 4.35571
    endloop
  endfacet
  facet normal -0.210765 -0.41389 0.885592
    outer loop
      vertex -18.2248 -31.2541 2.93094
      vertex -16.7418 -28.9976 4.33848
      vertex -16.8646 -28.8982 4.35571
    endloop
  endfacet
  facet normal -0.210922 -0.413792 0.885601
    outer loop
      vertex -16.7418 -28.9976 4.33848
      vertex -18.2248 -31.2541 2.93094
      vertex -17.8085 -31.4663 2.93094
    endloop
  endfacet
  facet normal -0.210854 -0.413826 0.885601
    outer loop
      vertex -15.2418 -26.3995 5.90965
      vertex -2.10622 -4.26906 19.3783
      vertex -2.52253 -4.05694 19.3783
    endloop
  endfacet
  facet normal -0.210927 -0.413784 0.885603
    outer loop
      vertex -2.10622 -4.26906 19.3783
      vertex -15.2418 -26.3995 5.90965
      vertex -14.9975 -26.5974 5.87537
    endloop
  endfacet
  facet normal -0.210803 -0.413854 0.8856
    outer loop
      vertex -15.2418 -26.3995 5.90965
      vertex -2.52253 -4.05694 19.3783
      vertex -15.3893 -26.3429 5.90099
    endloop
  endfacet
  facet normal 0.268998 -0.527947 0.805551
    outer loop
      vertex -0.766944 -4.05694 19.3783
      vertex -0.925961 -5.06093 18.7734
      vertex -0.277543 -4.73055 18.7734
    endloop
  endfacet
  facet normal 0.0488691 -0.308625 0.949928
    outer loop
      vertex -1.48572 -3.33817 19.6963
      vertex -1.64474 -3.36335 19.6963
      vertex -1.18325 -4.26906 19.3783
    endloop
  endfacet
  facet normal 0.141858 -0.278411 0.949928
    outer loop
      vertex -0.766944 -4.05694 19.3783
      vertex -1.34227 -3.26508 19.6963
      vertex -1.18325 -4.26906 19.3783
    endloop
  endfacet
  facet normal 0.585247 -0.092659 0.805544
    outer loop
      vertex 37.0201 0 2.32601
      vertex 36.1144 -0.461482 2.93094
      vertex 36.9063 -0.718776 2.32601
    endloop
  endfacet
  facet normal 0.585261 0.0927069 0.805528
    outer loop
      vertex 37.0201 0 2.32601
      vertex 36.1144 0.461482 2.93094
      vertex 36.1875 0 2.93094
    endloop
  endfacet
  facet normal 0.30862 -0.0488796 0.949929
    outer loop
      vertex 4.78286 0 19.3783
      vertex 3.80406 0 19.6963
      vertex 4.70977 -0.461482 19.3783
    endloop
  endfacet
  facet normal 0.72391 0.368844 0.583017
    outer loop
      vertex 37.0653 1.72276 1.49339
      vertex 36.5759 1.36719 2.32601
      vertex 37.4816 0.90571 1.49339
    endloop
  endfacet
  facet normal 0.451163 -0.233129 0.861454
    outer loop
      vertex 4.70977 -0.461482 19.3783
      vertex 30.557 -0.463525 5.84095
      vertex 30.5567 -0.461482 5.84166
    endloop
  endfacet
  facet normal 0.451505 -0.230042 0.862105
    outer loop
      vertex 4.70977 -0.461482 19.3783
      vertex 30.7681 -0.877792 5.61985
      vertex 30.557 -0.463525 5.84095
    endloop
  endfacet
  facet normal 0.451503 -0.230052 0.862103
    outer loop
      vertex 30.7681 -0.877792 5.61985
      vertex 4.70977 -0.461482 19.3783
      vertex 4.49765 -0.877792 19.3783
    endloop
  endfacet
  facet normal 0.451509 -0.230033 0.862105
    outer loop
      vertex 33.4105 -0.461482 4.34705
      vertex 35.9023 -0.877792 2.93094
      vertex 36.1144 -0.461482 2.93094
    endloop
  endfacet
  facet normal 0.452288 -0.226849 0.86254
    outer loop
      vertex 33.4102 -0.463525 4.34667
      vertex 35.9023 -0.877792 2.93094
      vertex 33.4105 -0.461482 4.34705
    endloop
  endfacet
  facet normal 0.451501 -0.230074 0.862098
    outer loop
      vertex 35.9023 -0.877792 2.93094
      vertex 33.4102 -0.463525 4.34667
      vertex 33.1991 -0.877792 4.34667
    endloop
  endfacet
  facet normal 0.422074 -0.415171 0.805907
    outer loop
      vertex 31.1019 -1.21352 5.27204
      vertex 5.17125 -1.36719 18.7734
      vertex 31.4035 -1.36719 5.03492
    endloop
  endfacet
  facet normal 0.422076 -0.415159 0.805912
    outer loop
      vertex 30.77 -0.881678 5.61681
      vertex 5.17125 -1.36719 18.7734
      vertex 31.1019 -1.21352 5.27204
    endloop
  endfacet
  facet normal 0.420655 -0.422416 0.802879
    outer loop
      vertex 30.7681 -0.877792 5.61985
      vertex 5.17125 -1.36719 18.7734
      vertex 30.77 -0.881678 5.61681
    endloop
  endfacet
  facet normal 0.422072 -0.415174 0.805907
    outer loop
      vertex 5.17125 -1.36719 18.7734
      vertex 30.7681 -0.877792 5.61985
      vertex 4.49765 -0.877792 19.3783
    endloop
  endfacet
  facet normal 0.421872 -0.416121 0.805523
    outer loop
      vertex 33.1971 -0.881678 4.34571
      vertex 35.9023 -0.877792 2.93094
      vertex 33.1991 -0.877792 4.34667
    endloop
  endfacet
  facet normal 0.42205 -0.415275 0.805866
    outer loop
      vertex 32.8652 -1.21352 4.34853
      vertex 35.9023 -0.877792 2.93094
      vertex 33.1971 -0.881678 4.34571
    endloop
  endfacet
  facet normal 0.422055 -0.415225 0.805889
    outer loop
      vertex 35.9023 -0.877792 2.93094
      vertex 32.8652 -1.21352 4.34853
      vertex 36.5759 -1.36719 2.32601
    endloop
  endfacet
  facet normal 0.422113 -0.414994 0.805978
    outer loop
      vertex 36.5759 -1.36719 2.32601
      vertex 32.8652 -1.21352 4.34853
      vertex 32.5637 -1.36719 4.42731
    endloop
  endfacet
  facet normal 0.4627 -0.0732769 0.883481
    outer loop
      vertex 4.78286 0 19.3783
      vertex 30.5567 -0.461482 5.84166
      vertex 30.4836 0 5.91822
    endloop
  endfacet
  facet normal 0.4627 -0.0732828 0.883481
    outer loop
      vertex 30.5567 -0.461482 5.84166
      vertex 4.78286 0 19.3783
      vertex 4.70977 -0.461482 19.3783
    endloop
  endfacet
  facet normal 0.462703 -0.0732934 0.883478
    outer loop
      vertex 33.4836 0 4.34705
      vertex 36.1144 -0.461482 2.93094
      vertex 36.1875 0 2.93094
    endloop
  endfacet
  facet normal 0.462703 -0.0732934 0.883478
    outer loop
      vertex 36.1144 -0.461482 2.93094
      vertex 33.4836 0 4.34705
      vertex 33.4105 -0.461482 4.34705
    endloop
  endfacet
  facet normal 0.36884 -0.723858 0.583084
    outer loop
      vertex -15.9799 -31.9277 2.32601
      vertex -16.4413 -32.8335 1.49339
      vertex -15.6243 -32.4172 1.49339
    endloop
  endfacet
  facet normal 0.432297 -0.848395 0.305523
    outer loop
      vertex -15.6243 -32.4172 1.49339
      vertex -16.4413 -32.8335 1.49339
      vertex -15.4373 -32.6744 0.514586
    endloop
  endfacet
  facet normal 0.94044 0.148936 0.305598
    outer loop
      vertex 37.7841 1.00399 0.514586
      vertex 37.4816 0.90571 1.49339
      vertex 37.9431 0 0.514586
    endloop
  endfacet
  facet normal 0.72391 -0.368844 0.583017
    outer loop
      vertex 37.4816 -0.90571 1.49339
      vertex 36.5759 -1.36719 2.32601
      vertex 37.0653 -1.72276 1.49339
    endloop
  endfacet
  facet normal 0.848391 0.432269 -0.305576
    outer loop
      vertex 37.4816 0.90571 -1.49339
      vertex 37.0653 1.72276 -1.49339
      vertex 37.3226 1.9097 -0.514586
    endloop
  endfacet
  facet normal 0.5 0.866026 -0
    outer loop
      vertex 36.6038 2.62848 -0.514586
      vertex -15.4373 32.6744 0.514586
      vertex 36.6038 2.62848 0.514586
    endloop
  endfacet
  facet normal 0.5 0.866026 0
    outer loop
      vertex -15.4373 32.6744 0.514586
      vertex 36.6038 2.62848 -0.514586
      vertex -15.4373 32.6744 -0.514586
    endloop
  endfacet
  facet normal 0.574504 0.574487 -0.583018
    outer loop
      vertex 36.5759 1.36719 -2.32601
      vertex 36.4169 2.37118 -1.49339
      vertex 37.0653 1.72276 -1.49339
    endloop
  endfacet
  facet normal 0.574483 0.574494 -0.583031
    outer loop
      vertex 36.4169 2.37118 -1.49339
      vertex 36.5759 1.36719 -2.32601
      vertex 36.0613 1.88178 -2.32601
    endloop
  endfacet
  facet normal 0.940436 -0.148898 -0.305631
    outer loop
      vertex 37.9431 0 -0.514586
      vertex 37.4816 -0.90571 -1.49339
      vertex 37.625 0 -1.49339
    endloop
  endfacet
  facet normal 0.52796 -0.268983 -0.805547
    outer loop
      vertex 36.9063 -0.718776 -2.32601
      vertex 35.9023 -0.877792 -2.93094
      vertex 36.1144 -0.461482 -2.93094
    endloop
  endfacet
  facet normal -0.156417 -0.987691 0
    outer loop
      vertex -18.351 -33.1359 -0.514586
      vertex -17.347 -33.2949 0.514586
      vertex -18.351 -33.1359 0.514586
    endloop
  endfacet
  facet normal -0.156417 -0.987691 -0
    outer loop
      vertex -17.347 -33.2949 0.514586
      vertex -18.351 -33.1359 -0.514586
      vertex -17.347 -33.2949 -0.514586
    endloop
  endfacet
  facet normal -0.269026 0.527956 -0.805535
    outer loop
      vertex -18.2248 31.2541 -2.93094
      vertex -18.7142 31.9277 -2.32601
      vertex -18.0658 32.2581 -2.32601
    endloop
  endfacet
  facet normal -0.308617 -0.048886 -0.949929
    outer loop
      vertex -3.06503 -3.31025 -19.3783
      vertex -3.13813 -2.84877 -19.3783
      vertex -2.15932 -2.84877 -19.6963
    endloop
  endfacet
  facet normal 0.0927232 0.58526 -0.805527
    outer loop
      vertex -16.8856 31.4663 -2.93094
      vertex -17.347 31.5394 -2.93094
      vertex -17.347 32.372 -2.32601
    endloop
  endfacet
  facet normal -0.148939 0.940472 -0.3055
    outer loop
      vertex -18.2528 32.8335 -1.49339
      vertex -18.351 33.1359 -0.514586
      vertex -17.347 33.2949 -0.514586
    endloop
  endfacet
  facet normal -0.527976 0.268995 -0.805533
    outer loop
      vertex -18.5552 30.9238 -2.93094
      vertex -19.5592 30.7647 -2.32601
      vertex -19.2288 31.4132 -2.32601
    endloop
  endfacet
  facet normal -0.848373 -0.432286 -0.305601
    outer loop
      vertex -19.9755 -31.9557 -0.514586
      vertex -20.1345 -30.9517 -1.49339
      vertex -19.7182 -31.7687 -1.49339
    endloop
  endfacet
  facet normal -0.802447 -0.127172 -0.583014
    outer loop
      vertex -19.5592 -30.7647 -2.32601
      vertex -20.1345 -30.9517 -1.49339
      vertex -19.6731 -30.046 -2.32601
    endloop
  endfacet
  facet normal -0.723913 0.368868 -0.582998
    outer loop
      vertex -19.2288 31.4132 -2.32601
      vertex -20.1345 30.9517 -1.49339
      vertex -19.7182 31.7687 -1.49339
    endloop
  endfacet
  facet normal -0.574407 0.574519 -0.583082
    outer loop
      vertex -19.2288 31.4132 -2.32601
      vertex -19.0698 32.4172 -1.49339
      vertex -18.7142 31.9277 -2.32601
    endloop
  endfacet
  facet normal -0.574554 0.574465 -0.58299
    outer loop
      vertex -19.0698 32.4172 -1.49339
      vertex -19.2288 31.4132 -2.32601
      vertex -19.7182 31.7687 -1.49339
    endloop
  endfacet
  facet normal -0.585231 0.0926981 -0.80555
    outer loop
      vertex -3.06503 3.31025 -19.3783
      vertex -3.97075 2.84877 -18.7734
      vertex -3.8569 3.56754 -18.7734
    endloop
  endfacet
  facet normal 0.278409 0.141856 -0.949929
    outer loop
      vertex 4.70977 0.461482 -19.3783
      vertex 3.70578 0.302466 -19.6963
      vertex 4.49765 0.877792 -19.3783
    endloop
  endfacet
  facet normal -0.527976 -0.268998 -0.805532
    outer loop
      vertex -18.5552 -30.9238 -2.93094
      vertex -19.5592 -30.7647 -2.32601
      vertex -18.7673 -30.5075 -2.93094
    endloop
  endfacet
  facet normal -0.723913 -0.368868 -0.582998
    outer loop
      vertex -19.7182 -31.7687 -1.49339
      vertex -20.1345 -30.9517 -1.49339
      vertex -19.2288 -31.4132 -2.32601
    endloop
  endfacet
  facet normal 0.294939 -0.51085 -0.807492
    outer loop
      vertex -0.277543 -4.73055 -18.7734
      vertex 4.16727 -1.20818 -19.3783
      vertex 4.65667 -1.88178 -18.7734
    endloop
  endfacet
  facet normal 0.294936 -0.510847 -0.807495
    outer loop
      vertex 4.16727 -1.20818 -19.3783
      vertex -0.277543 -4.73055 -18.7734
      vertex -0.766944 -4.05694 -19.3783
    endloop
  endfacet
  facet normal 0.148954 -0.940469 -0.305501
    outer loop
      vertex -16.3431 -33.1359 -0.514586
      vertex -17.347 -33.2949 -0.514586
      vertex -16.4413 -32.8335 -1.49339
    endloop
  endfacet
  facet normal -0.269113 -0.527953 -0.805508
    outer loop
      vertex -18.0658 -32.2581 -2.32601
      vertex -18.2248 -31.2541 -2.93094
      vertex -17.8085 -31.4663 -2.93094
    endloop
  endfacet
  facet normal 0.36884 -0.723858 -0.583084
    outer loop
      vertex -15.6243 -32.4172 -1.49339
      vertex -16.4413 -32.8335 -1.49339
      vertex -15.9799 -31.9277 -2.32601
    endloop
  endfacet
  facet normal 0.361651 -0.626397 -0.690532
    outer loop
      vertex 4.65667 -1.88178 -18.7734
      vertex -15.9799 -31.9277 -2.32601
      vertex -0.277543 -4.73055 -18.7734
    endloop
  endfacet
  facet normal 0.127056 -0.802476 -0.583
    outer loop
      vertex -16.4413 -32.8335 -1.49339
      vertex -17.347 -32.9769 -1.49339
      vertex -17.347 -32.372 -2.32601
    endloop
  endfacet
  facet normal 0.148904 -0.940463 -0.305544
    outer loop
      vertex -16.4413 -32.8335 -1.49339
      vertex -17.347 -33.2949 -0.514586
      vertex -17.347 -32.9769 -1.49339
    endloop
  endfacet
  facet normal -0.308624 -0.0488721 0.949928
    outer loop
      vertex -2.15932 -2.84877 19.6963
      vertex -3.06503 -3.31025 19.3783
      vertex -2.13414 -3.00778 19.6963
    endloop
  endfacet
  facet normal -0.848371 0.432288 -0.305604
    outer loop
      vertex -20.1345 30.9517 -1.49339
      vertex -20.437 31.05 -0.514586
      vertex -19.9755 31.9557 -0.514586
    endloop
  endfacet
  facet normal -0.94044 0.148934 -0.305601
    outer loop
      vertex -20.1345 30.9517 -1.49339
      vertex -20.596 30.046 -0.514586
      vertex -20.437 31.05 -0.514586
    endloop
  endfacet
  facet normal -0.141855 0.278411 0.949929
    outer loop
      vertex -1.80375 3.33817 19.6963
      vertex -2.10622 4.26906 19.3783
      vertex -1.9472 3.26508 19.6963
    endloop
  endfacet
  facet normal -0.141857 0.278411 0.949928
    outer loop
      vertex -2.10622 4.26906 19.3783
      vertex -2.52253 4.05694 19.3783
      vertex -1.9472 3.26508 19.6963
    endloop
  endfacet
  facet normal -0.308624 0.0488721 0.949928
    outer loop
      vertex -2.13414 3.00778 19.6963
      vertex -3.06503 3.31025 19.3783
      vertex -2.15932 2.84877 19.6963
    endloop
  endfacet
  facet normal -0.308987 0 0.951066
    outer loop
      vertex -3.13813 2.84877 19.3783
      vertex -2.15932 1.20102 19.6963
      vertex -2.15932 2.84877 19.6963
    endloop
  endfacet
  facet normal -0.308934 3.43393e-05 0.951083
    outer loop
      vertex -2.15932 1.20102 19.6963
      vertex -3.13813 2.84877 19.3783
      vertex -2.37764 0.772542 19.6254
    endloop
  endfacet
  facet normal -0.309109 -3.65535e-05 0.951027
    outer loop
      vertex -2.37764 0.772542 19.6254
      vertex -3.13813 2.84877 19.3783
      vertex -2.5 0 19.5856
    endloop
  endfacet
  facet normal -0.308934 -3.43393e-05 0.951083
    outer loop
      vertex -3.13813 -2.84877 19.3783
      vertex -2.15932 -1.20102 19.6963
      vertex -2.37764 -0.772542 19.6254
    endloop
  endfacet
  facet normal -0.309109 3.65535e-05 0.951027
    outer loop
      vertex -3.13813 -2.84877 19.3783
      vertex -2.37764 -0.772542 19.6254
      vertex -2.5 0 19.5856
    endloop
  endfacet
  facet normal -0.308962 0 0.951074
    outer loop
      vertex -3.13813 -2.84877 19.3783
      vertex -2.5 0 19.5856
      vertex -3.13813 2.84877 19.3783
    endloop
  endfacet
  facet normal -0.308987 0 0.951066
    outer loop
      vertex -2.15932 -1.20102 19.6963
      vertex -3.13813 -2.84877 19.3783
      vertex -2.15932 -2.84877 19.6963
    endloop
  endfacet
  facet normal -0.0488721 0.308624 0.949928
    outer loop
      vertex -1.64474 3.36335 19.6963
      vertex -2.10622 4.26906 19.3783
      vertex -1.80375 3.33817 19.6963
    endloop
  endfacet
  facet normal 0.278409 -0.141856 0.949929
    outer loop
      vertex 4.70977 -0.461482 19.3783
      vertex 3.70578 -0.302466 19.6963
      vertex 4.49765 -0.877792 19.3783
    endloop
  endfacet
  facet normal 0.31467 -0.617585 0.720813
    outer loop
      vertex -0.925961 -5.06093 18.7734
      vertex -15.9799 -31.9277 2.32601
      vertex -0.277543 -4.73055 18.7734
    endloop
  endfacet
  facet normal 0.314701 -0.617591 0.720794
    outer loop
      vertex -15.9799 -31.9277 2.32601
      vertex -0.925961 -5.06093 18.7734
      vertex -16.6283 -32.2581 2.32601
    endloop
  endfacet
  facet normal 0.0488849 -0.308617 0.949929
    outer loop
      vertex -1.64474 -3.36335 19.6963
      vertex -1.64474 -4.34216 19.3783
      vertex -1.18325 -4.26906 19.3783
    endloop
  endfacet
  facet normal 0.432267 -0.848424 -0.305487
    outer loop
      vertex -16.3431 -33.1359 -0.514586
      vertex -16.4413 -32.8335 -1.49339
      vertex -15.4373 -32.6744 -0.514586
    endloop
  endfacet
  facet normal -0.987691 -0.156417 0
    outer loop
      vertex -20.437 -31.05 -0.514586
      vertex -20.596 -30.046 0.514586
      vertex -20.596 -30.046 -0.514586
    endloop
  endfacet
  facet normal -0.987691 -0.156417 0
    outer loop
      vertex -20.596 -30.046 0.514586
      vertex -20.437 -31.05 -0.514586
      vertex -20.437 -31.05 0.514586
    endloop
  endfacet
  facet normal -0.631791 -0.100073 0.768652
    outer loop
      vertex -19.6731 -30.046 2.32601
      vertex -3.8569 -3.56754 18.7734
      vertex -3.97075 -2.84877 18.7734
    endloop
  endfacet
  facet normal -0.631746 -0.100119 0.768683
    outer loop
      vertex -3.8569 -3.56754 18.7734
      vertex -19.6731 -30.046 2.32601
      vertex -19.5592 -30.7647 2.32601
    endloop
  endfacet
  facet normal -0.337048 -0.337033 0.879095
    outer loop
      vertex -18.5552 -30.9238 2.93094
      vertex -16.8646 -28.8982 4.35571
      vertex -17.1065 -28.7023 4.33807
    endloop
  endfacet
  facet normal -0.337045 -0.337035 0.879095
    outer loop
      vertex -18.5552 -30.9238 2.93094
      vertex -17.1065 -28.7023 4.33807
      vertex -17.1945 -28.5668 4.35628
    endloop
  endfacet
  facet normal -0.336985 -0.337087 0.879098
    outer loop
      vertex -16.8646 -28.8982 4.35571
      vertex -18.5552 -30.9238 2.93094
      vertex -18.2248 -31.2541 2.93094
    endloop
  endfacet
  facet normal -0.337039 -0.337039 0.879096
    outer loop
      vertex -15.6799 -26.2314 5.83235
      vertex -2.52253 -4.05694 19.3783
      vertex -2.85291 -3.72656 19.3783
    endloop
  endfacet
  facet normal -0.336979 -0.337079 0.879104
    outer loop
      vertex -2.52253 -4.05694 19.3783
      vertex -15.6799 -26.2314 5.83235
      vertex -15.3893 -26.3429 5.90099
    endloop
  endfacet
  facet normal -0.337077 -0.337014 0.879091
    outer loop
      vertex -15.6799 -26.2314 5.83235
      vertex -2.85291 -3.72656 19.3783
      vertex -15.8412 -26.2229 5.77376
    endloop
  endfacet
  facet normal -0.0927033 -0.585261 0.805528
    outer loop
      vertex -17.347 -31.5394 2.93094
      vertex -17.8085 -31.4663 2.93094
      vertex -17.347 -32.372 2.32601
    endloop
  endfacet
  facet normal 0.0927232 -0.58526 0.805527
    outer loop
      vertex -17.347 -31.5394 2.93094
      vertex -17.347 -32.372 2.32601
      vertex -16.8856 -31.4663 2.93094
    endloop
  endfacet
  facet normal -0.471986 -0.240435 0.848186
    outer loop
      vertex -18.7673 -30.5075 2.93094
      vertex -17.1945 -28.5668 4.35628
      vertex -17.3621 -28.3087 4.33618
    endloop
  endfacet
  facet normal -0.471973 -0.240447 0.84819
    outer loop
      vertex -18.7673 -30.5075 2.93094
      vertex -17.3621 -28.3087 4.33618
      vertex -17.4051 -28.1481 4.35778
    endloop
  endfacet
  facet normal -0.471963 -0.240459 0.848192
    outer loop
      vertex -17.1945 -28.5668 4.35628
      vertex -18.7673 -30.5075 2.93094
      vertex -18.5552 -30.9238 2.93094
    endloop
  endfacet
  facet normal -0.471944 -0.240467 0.848201
    outer loop
      vertex -16.1486 -26.2068 5.60729
      vertex -2.85291 -3.72656 19.3783
      vertex -3.06503 -3.31025 19.3783
    endloop
  endfacet
  facet normal -0.471933 -0.240476 0.848204
    outer loop
      vertex -2.85291 -3.72656 19.3783
      vertex -16.1486 -26.2068 5.60729
      vertex -15.8412 -26.2229 5.77376
    endloop
  endfacet
  facet normal -0.472105 -0.240343 0.848147
    outer loop
      vertex -16.1486 -26.2068 5.60729
      vertex -3.06503 -3.31025 19.3783
      vertex -16.3092 -26.2498 5.50571
    endloop
  endfacet
  facet normal -0.048886 -0.308617 0.949929
    outer loop
      vertex -1.64474 -3.36335 19.6963
      vertex -2.10622 -4.26906 19.3783
      vertex -1.64474 -4.34216 19.3783
    endloop
  endfacet
  facet normal -0.418926 -0.419052 0.805541
    outer loop
      vertex -18.5552 -30.9238 2.93094
      vertex -18.7142 -31.9277 2.32601
      vertex -18.2248 -31.2541 2.93094
    endloop
  endfacet
  facet normal -0.418959 -0.41904 0.80553
    outer loop
      vertex -18.7142 -31.9277 2.32601
      vertex -18.5552 -30.9238 2.93094
      vertex -19.2288 -31.4132 2.32601
    endloop
  endfacet
  facet normal 0.269004 -0.527946 0.805549
    outer loop
      vertex -0.766944 -4.05694 19.3783
      vertex -1.18325 -4.26906 19.3783
      vertex -0.925961 -5.06093 18.7734
    endloop
  endfacet
  facet normal 0.308616 0.0488884 0.94993
    outer loop
      vertex 4.70977 0.461482 19.3783
      vertex 3.77887 0.159016 19.6963
      vertex 3.80406 0 19.6963
    endloop
  endfacet
  facet normal 0.155263 0.268923 0.950565
    outer loop
      vertex 4.16727 1.20818 19.3783
      vertex 2.1287 1.26111 19.6963
      vertex 3.59194 0.416309 19.6963
    endloop
  endfacet
  facet normal 0.155263 0.268905 0.95057
    outer loop
      vertex 4.16727 1.20818 19.3783
      vertex 2.02254 1.46946 19.6547
      vertex 2.1287 1.26111 19.6963
    endloop
  endfacet
  facet normal 0.15526 0.268866 0.950582
    outer loop
      vertex 4.16727 1.20818 19.3783
      vertex 1.46946 2.02254 19.5886
      vertex 2.02254 1.46946 19.6547
    endloop
  endfacet
  facet normal 0.155287 0.268967 0.950549
    outer loop
      vertex -0.766944 4.05694 19.3783
      vertex 1.46946 2.02254 19.5886
      vertex 4.16727 1.20818 19.3783
    endloop
  endfacet
  facet normal 0.155363 0.269046 0.950514
    outer loop
      vertex 1.46946 2.02254 19.5886
      vertex -0.766944 4.05694 19.3783
      vertex 0.772542 2.37764 19.602
    endloop
  endfacet
  facet normal 0.155176 0.268885 0.95059
    outer loop
      vertex -0.766944 4.05694 19.3783
      vertex 0 2.5 19.6935
      vertex 0.772542 2.37764 19.602
    endloop
  endfacet
  facet normal 0.155468 0.269012 0.950506
    outer loop
      vertex -0.766944 4.05694 19.3783
      vertex -0.0134331 2.49787 19.6963
      vertex 0 2.5 19.6935
    endloop
  endfacet
  facet normal 0.155265 0.268925 0.950564
    outer loop
      vertex -0.0134331 2.49787 19.6963
      vertex -0.766944 4.05694 19.3783
      vertex -1.34227 3.26508 19.6963
    endloop
  endfacet
  facet normal 0.420859 0.420868 0.803584
    outer loop
      vertex 36.0613 1.88178 2.32601
      vertex 32.5637 1.36719 4.42731
      vertex 36.5759 1.36719 2.32601
    endloop
  endfacet
  facet normal 0.420791 0.421062 0.803518
    outer loop
      vertex 36.0613 1.88178 2.32601
      vertex 32.4471 1.42658 4.45725
      vertex 32.5637 1.36719 4.42731
    endloop
  endfacet
  facet normal 0.420886 0.420776 0.803618
    outer loop
      vertex 36.0613 1.88178 2.32601
      vertex 31.9836 1.5 4.66156
      vertex 32.4471 1.42658 4.45725
    endloop
  endfacet
  facet normal 0.420792 0.421201 0.803445
    outer loop
      vertex 4.65667 1.88178 18.7734
      vertex 31.4035 1.36719 5.03492
      vertex 31.52 1.42658 4.94277
    endloop
  endfacet
  facet normal 0.420927 0.420524 0.803729
    outer loop
      vertex 4.65667 1.88178 18.7734
      vertex 31.52 1.42658 4.94277
      vertex 31.9836 1.5 4.66156
    endloop
  endfacet
  facet normal 0.420856 0.420875 0.803582
    outer loop
      vertex 4.65667 1.88178 18.7734
      vertex 31.9836 1.5 4.66156
      vertex 36.0613 1.88178 2.32601
    endloop
  endfacet
  facet normal 0.420861 0.420853 0.803591
    outer loop
      vertex 31.4035 1.36719 5.03492
      vertex 4.65667 1.88178 18.7734
      vertex 5.17125 1.36719 18.7734
    endloop
  endfacet
  facet normal 0.848391 -0.432269 0.305576
    outer loop
      vertex 37.4816 -0.90571 1.49339
      vertex 37.0653 -1.72276 1.49339
      vertex 37.3226 -1.9097 0.514586
    endloop
  endfacet
  facet normal 0.848375 -0.432285 0.305596
    outer loop
      vertex 37.4816 -0.90571 1.49339
      vertex 37.3226 -1.9097 0.514586
      vertex 37.7841 -1.00399 0.514586
    endloop
  endfacet
  facet normal 0.462703 0.0732934 0.883478
    outer loop
      vertex 36.1144 0.461482 2.93094
      vertex 33.4836 0 4.34705
      vertex 36.1875 0 2.93094
    endloop
  endfacet
  facet normal 0.462703 0.0732934 0.883478
    outer loop
      vertex 33.4836 0 4.34705
      vertex 36.1144 0.461482 2.93094
      vertex 33.4105 0.461482 4.34705
    endloop
  endfacet
  facet normal 0.4627 0.0732769 0.883481
    outer loop
      vertex 30.5567 0.461482 5.84166
      vertex 4.78286 0 19.3783
      vertex 30.4836 0 5.91822
    endloop
  endfacet
  facet normal 0.4627 0.0732828 0.883481
    outer loop
      vertex 4.78286 0 19.3783
      vertex 30.5567 0.461482 5.84166
      vertex 4.70977 0.461482 19.3783
    endloop
  endfacet
  facet normal 0.940436 0.148898 0.305631
    outer loop
      vertex 37.9431 0 0.514586
      vertex 37.4816 0.90571 1.49339
      vertex 37.625 0 1.49339
    endloop
  endfacet
  facet normal 0.94044 -0.148936 0.305598
    outer loop
      vertex 37.9431 0 0.514586
      vertex 37.4816 -0.90571 1.49339
      vertex 37.7841 -1.00399 0.514586
    endloop
  endfacet
  facet normal 0.673294 -0.673274 -0.305577
    outer loop
      vertex 37.3226 -1.9097 -0.514586
      vertex 36.4169 -2.37118 -1.49339
      vertex 37.0653 -1.72276 -1.49339
    endloop
  endfacet
  facet normal 0.67328 -0.673299 -0.305552
    outer loop
      vertex 36.4169 -2.37118 -1.49339
      vertex 37.3226 -1.9097 -0.514586
      vertex 36.6038 -2.62848 -0.514586
    endloop
  endfacet
  facet normal 0.475784 -0.824081 -0.307442
    outer loop
      vertex 36.4169 -2.37118 -1.49339
      vertex -15.4373 -32.6744 -0.514586
      vertex -15.6243 -32.4172 -1.49339
    endloop
  endfacet
  facet normal 0.475778 -0.824072 -0.307474
    outer loop
      vertex -15.4373 -32.6744 -0.514586
      vertex 36.4169 -2.37118 -1.49339
      vertex 36.6038 -2.62848 -0.514586
    endloop
  endfacet
  facet normal 0.67328 0.673299 -0.305552
    outer loop
      vertex 37.3226 1.9097 -0.514586
      vertex 36.4169 2.37118 -1.49339
      vertex 36.6038 2.62848 -0.514586
    endloop
  endfacet
  facet normal 0.673294 0.673274 -0.305577
    outer loop
      vertex 36.4169 2.37118 -1.49339
      vertex 37.3226 1.9097 -0.514586
      vertex 37.0653 1.72276 -1.49339
    endloop
  endfacet
  facet normal -0.585233 0.0927029 -0.805549
    outer loop
      vertex -3.13813 2.84877 -19.3783
      vertex -3.97075 2.84877 -18.7734
      vertex -3.06503 3.31025 -19.3783
    endloop
  endfacet
  facet normal -0.56493 0.163002 -0.808878
    outer loop
      vertex -3.8569 3.56754 -18.7734
      vertex -16.3092 26.2498 -5.50571
      vertex -3.06503 3.31025 -19.3783
    endloop
  endfacet
  facet normal -0.564896 0.163031 -0.808896
    outer loop
      vertex -3.8569 3.56754 -18.7734
      vertex -16.6019 26.3283 -5.28548
      vertex -16.3092 26.2498 -5.50571
    endloop
  endfacet
  facet normal -0.564948 0.162986 -0.808869
    outer loop
      vertex -3.8569 3.56754 -18.7734
      vertex -16.9955 26.5839 -4.95907
      vertex -16.6019 26.3283 -5.28548
    endloop
  endfacet
  facet normal -0.565175 0.162786 -0.808751
    outer loop
      vertex -3.8569 3.56754 -18.7734
      vertex -17.2908 26.9486 -4.6793
      vertex -16.9955 26.5839 -4.95907
    endloop
  endfacet
  facet normal -0.56503 0.162913 -0.808827
    outer loop
      vertex -19.5592 30.7647 -2.32601
      vertex -17.4836 27.8554 -4.36197
      vertex -17.459 27.3867 -4.47356
    endloop
  endfacet
  facet normal -0.565045 0.162898 -0.808819
    outer loop
      vertex -19.5592 30.7647 -2.32601
      vertex -17.459 27.3867 -4.47356
      vertex -17.2908 26.9486 -4.6793
    endloop
  endfacet
  facet normal -0.56495 0.162997 -0.808865
    outer loop
      vertex -17.4836 27.8554 -4.36197
      vertex -19.5592 30.7647 -2.32601
      vertex -18.7673 30.5075 -2.93094
    endloop
  endfacet
  facet normal -0.564927 0.163006 -0.80888
    outer loop
      vertex -19.5592 30.7647 -2.32601
      vertex -17.2908 26.9486 -4.6793
      vertex -3.8569 3.56754 -18.7734
    endloop
  endfacet
  facet normal -0.564856 0.16307 -0.808916
    outer loop
      vertex -17.4051 28.1481 -4.35778
      vertex -17.4836 27.8554 -4.36197
      vertex -18.7673 30.5075 -2.93094
    endloop
  endfacet
  facet normal 0.802478 -0.127052 -0.582998
    outer loop
      vertex 37.4816 -0.90571 -1.49339
      vertex 36.9063 -0.718776 -2.32601
      vertex 37.0201 0 -2.32601
    endloop
  endfacet
  facet normal 0.462703 0.0732934 -0.883478
    outer loop
      vertex 33.4836 0 -4.34705
      vertex 36.1144 0.461482 -2.93094
      vertex 36.1875 0 -2.93094
    endloop
  endfacet
  facet normal 0.462703 0.0732934 -0.883478
    outer loop
      vertex 36.1144 0.461482 -2.93094
      vertex 33.4836 0 -4.34705
      vertex 33.4105 0.461482 -4.34705
    endloop
  endfacet
  facet normal 0.4627 0.0732769 -0.883481
    outer loop
      vertex 4.78286 0 -19.3783
      vertex 30.5567 0.461482 -5.84166
      vertex 30.4836 0 -5.91822
    endloop
  endfacet
  facet normal 0.4627 0.0732828 -0.883481
    outer loop
      vertex 30.5567 0.461482 -5.84166
      vertex 4.78286 0 -19.3783
      vertex 4.70977 0.461482 -19.3783
    endloop
  endfacet
  facet normal -0.471986 0.240435 -0.848186
    outer loop
      vertex -18.7673 30.5075 -2.93094
      vertex -17.1945 28.5668 -4.35628
      vertex -17.3621 28.3087 -4.33618
    endloop
  endfacet
  facet normal -0.471973 0.240447 -0.84819
    outer loop
      vertex -18.7673 30.5075 -2.93094
      vertex -17.3621 28.3087 -4.33618
      vertex -17.4051 28.1481 -4.35778
    endloop
  endfacet
  facet normal -0.471963 0.240459 -0.848192
    outer loop
      vertex -17.1945 28.5668 -4.35628
      vertex -18.7673 30.5075 -2.93094
      vertex -18.5552 30.9238 -2.93094
    endloop
  endfacet
  facet normal -0.471944 0.240467 -0.848201
    outer loop
      vertex -16.1486 26.2068 -5.60729
      vertex -2.85291 3.72656 -19.3783
      vertex -3.06503 3.31025 -19.3783
    endloop
  endfacet
  facet normal -0.471933 0.240476 -0.848204
    outer loop
      vertex -2.85291 3.72656 -19.3783
      vertex -16.1486 26.2068 -5.60729
      vertex -15.8412 26.2229 -5.77376
    endloop
  endfacet
  facet normal -0.472105 0.240343 -0.848147
    outer loop
      vertex -16.1486 26.2068 -5.60729
      vertex -3.06503 3.31025 -19.3783
      vertex -16.3092 26.2498 -5.50571
    endloop
  endfacet
  facet normal -0.432303 -0.848407 -0.305483
    outer loop
      vertex -18.2528 -32.8335 -1.49339
      vertex -19.2567 -32.6744 -0.514586
      vertex -19.0698 -32.4172 -1.49339
    endloop
  endfacet
  facet normal -0.432305 -0.848405 -0.305485
    outer loop
      vertex -18.351 -33.1359 -0.514586
      vertex -19.2567 -32.6744 -0.514586
      vertex -18.2528 -32.8335 -1.49339
    endloop
  endfacet
  facet normal 0.14249 -0.571136 -0.808394
    outer loop
      vertex -14.538 -27.4001 -5.38993
      vertex -0.925961 -5.06093 -18.7734
      vertex -14.5 -27.5418 -5.28312
    endloop
  endfacet
  facet normal 0.142567 -0.571163 -0.808361
    outer loop
      vertex -0.925961 -5.06093 -18.7734
      vertex -14.5246 -28.0105 -4.95629
      vertex -14.5 -27.5418 -5.28312
    endloop
  endfacet
  facet normal 0.142645 -0.571189 -0.808329
    outer loop
      vertex -0.925961 -5.06093 -18.7734
      vertex -14.6927 -28.4486 -4.67638
      vertex -14.5246 -28.0105 -4.95629
    endloop
  endfacet
  facet normal 0.142737 -0.57122 -0.808291
    outer loop
      vertex -16.6283 -32.2581 -2.32601
      vertex -14.6927 -28.4486 -4.67638
      vertex -0.925961 -5.06093 -18.7734
    endloop
  endfacet
  facet normal 0.142455 -0.571142 -0.808396
    outer loop
      vertex -16.6283 -32.2581 -2.32601
      vertex -14.9881 -28.8133 -4.47077
      vertex -14.6927 -28.4486 -4.67638
    endloop
  endfacet
  facet normal 0.142636 -0.571188 -0.808331
    outer loop
      vertex -16.6283 -32.2581 -2.32601
      vertex -15.3817 -29.0689 -4.35961
      vertex -14.9881 -28.8133 -4.47077
    endloop
  endfacet
  facet normal 0.142664 -0.571193 -0.808322
    outer loop
      vertex -16.8856 -31.4663 -2.93094
      vertex -15.3817 -29.0689 -4.35961
      vertex -16.6283 -32.2581 -2.32601
    endloop
  endfacet
  facet normal 0.142748 -0.571224 -0.808286
    outer loop
      vertex -15.3817 -29.0689 -4.35961
      vertex -16.8856 -31.4663 -2.93094
      vertex -15.5234 -29.1069 -4.35778
    endloop
  endfacet
  facet normal 0.14258 -0.571167 -0.808356
    outer loop
      vertex -0.925961 -5.06093 -18.7734
      vertex -14.538 -27.4001 -5.38993
      vertex -1.18325 -4.26906 -19.3783
    endloop
  endfacet
  facet normal -0.0488721 -0.308624 -0.949928
    outer loop
      vertex -1.64474 -3.36335 -19.6963
      vertex -2.10622 -4.26906 -19.3783
      vertex -1.80375 -3.33817 -19.6963
    endloop
  endfacet
  facet normal -0.269113 0.527953 -0.805508
    outer loop
      vertex -17.8085 31.4663 -2.93094
      vertex -18.2248 31.2541 -2.93094
      vertex -18.0658 32.2581 -2.32601
    endloop
  endfacet
  facet normal -0.36884 0.723858 -0.583084
    outer loop
      vertex -18.7142 31.9277 -2.32601
      vertex -19.0698 32.4172 -1.49339
      vertex -18.2528 32.8335 -1.49339
    endloop
  endfacet
  facet normal -0.0764918 -0.483245 -0.872137
    outer loop
      vertex -17.347 -31.5394 -2.93094
      vertex -16.3037 -29.1658 -4.33764
      vertex -15.9863 -29.1824 -4.35628
    endloop
  endfacet
  facet normal -0.0764911 -0.483246 -0.872137
    outer loop
      vertex -17.347 -31.5394 -2.93094
      vertex -16.4483 -29.1103 -4.35571
      vertex -16.3037 -29.1658 -4.33764
    endloop
  endfacet
  facet normal -0.0765419 -0.483229 -0.872141
    outer loop
      vertex -16.4483 -29.1103 -4.35571
      vertex -17.347 -31.5394 -2.93094
      vertex -17.8085 -31.4663 -2.93094
    endloop
  endfacet
  facet normal -0.0764584 -0.483271 -0.872126
    outer loop
      vertex -14.8771 -26.6949 -5.83192
      vertex -1.64474 -4.34216 -19.3783
      vertex -14.704 -26.9614 -5.69942
    endloop
  endfacet
  facet normal -0.0765451 -0.483229 -0.872141
    outer loop
      vertex -1.64474 -4.34216 -19.3783
      vertex -14.8771 -26.6949 -5.83192
      vertex -2.10622 -4.26906 -19.3783
    endloop
  endfacet
  facet normal -0.0765695 -0.483217 -0.872146
    outer loop
      vertex -2.10622 -4.26906 -19.3783
      vertex -14.8771 -26.6949 -5.83192
      vertex -14.9975 -26.5974 -5.87537
    endloop
  endfacet
  facet normal -0.418926 -0.419052 -0.805541
    outer loop
      vertex -18.7142 -31.9277 -2.32601
      vertex -18.5552 -30.9238 -2.93094
      vertex -18.2248 -31.2541 -2.93094
    endloop
  endfacet
  facet normal -0.418959 -0.41904 -0.80553
    outer loop
      vertex -18.5552 -30.9238 -2.93094
      vertex -18.7142 -31.9277 -2.32601
      vertex -19.2288 -31.4132 -2.32601
    endloop
  endfacet
  facet normal -0.127148 -0.802406 -0.583076
    outer loop
      vertex -17.347 -32.372 -2.32601
      vertex -18.2528 -32.8335 -1.49339
      vertex -18.0658 -32.2581 -2.32601
    endloop
  endfacet
  facet normal -0.36885 -0.723857 -0.583078
    outer loop
      vertex -18.2528 -32.8335 -1.49339
      vertex -18.7142 -31.9277 -2.32601
      vertex -18.0658 -32.2581 -2.32601
    endloop
  endfacet
  facet normal 0.0927232 -0.58526 -0.805527
    outer loop
      vertex -16.8856 -31.4663 -2.93094
      vertex -17.347 -32.372 -2.32601
      vertex -17.347 -31.5394 -2.93094
    endloop
  endfacet
  facet normal -0.148888 -0.940465 -0.305544
    outer loop
      vertex -17.347 -33.2949 -0.514586
      vertex -18.2528 -32.8335 -1.49339
      vertex -17.347 -32.9769 -1.49339
    endloop
  endfacet
  facet normal -0.127043 -0.802477 -0.583001
    outer loop
      vertex -17.347 -32.9769 -1.49339
      vertex -18.2528 -32.8335 -1.49339
      vertex -17.347 -32.372 -2.32601
    endloop
  endfacet
  facet normal -0.802447 0.127172 -0.583014
    outer loop
      vertex -19.6731 30.046 -2.32601
      vertex -20.1345 30.9517 -1.49339
      vertex -19.5592 30.7647 -2.32601
    endloop
  endfacet
  facet normal -0.802467 0.127144 -0.582994
    outer loop
      vertex -19.6731 30.046 -2.32601
      vertex -20.278 30.046 -1.49339
      vertex -20.1345 30.9517 -1.49339
    endloop
  endfacet
  facet normal -0.848373 0.432286 0.305601
    outer loop
      vertex -19.9755 31.9557 0.514586
      vertex -20.1345 30.9517 1.49339
      vertex -19.7182 31.7687 1.49339
    endloop
  endfacet
  facet normal -0.673256 0.67335 0.305492
    outer loop
      vertex -19.9755 31.9557 0.514586
      vertex -19.0698 32.4172 1.49339
      vertex -19.2567 32.6744 0.514586
    endloop
  endfacet
  facet normal -0.673327 0.673223 0.305618
    outer loop
      vertex -19.0698 32.4172 1.49339
      vertex -19.9755 31.9557 0.514586
      vertex -19.7182 31.7687 1.49339
    endloop
  endfacet
  facet normal -0.220948 -0.220948 0.949929
    outer loop
      vertex -2.06105 -3.15123 19.6963
      vertex -2.52253 -4.05694 19.3783
      vertex -1.9472 -3.26508 19.6963
    endloop
  endfacet
  facet normal -0.220948 -0.220948 0.949929
    outer loop
      vertex -2.52253 -4.05694 19.3783
      vertex -2.06105 -3.15123 19.6963
      vertex -2.85291 -3.72656 19.3783
    endloop
  endfacet
  facet normal -0.278411 -0.141855 0.949929
    outer loop
      vertex -2.13414 -3.00778 19.6963
      vertex -3.06503 -3.31025 19.3783
      vertex -2.06105 -3.15123 19.6963
    endloop
  endfacet
  facet normal -0.278411 -0.141857 0.949928
    outer loop
      vertex -2.06105 -3.15123 19.6963
      vertex -3.06503 -3.31025 19.3783
      vertex -2.85291 -3.72656 19.3783
    endloop
  endfacet
  facet normal -0.141857 -0.278411 0.949928
    outer loop
      vertex -1.9472 -3.26508 19.6963
      vertex -2.52253 -4.05694 19.3783
      vertex -2.10622 -4.26906 19.3783
    endloop
  endfacet
  facet normal -0.141855 -0.278411 0.949929
    outer loop
      vertex -1.9472 -3.26508 19.6963
      vertex -2.10622 -4.26906 19.3783
      vertex -1.80375 -3.33817 19.6963
    endloop
  endfacet
  facet normal -0.527976 -0.268998 0.805532
    outer loop
      vertex -18.7673 -30.5075 2.93094
      vertex -19.5592 -30.7647 2.32601
      vertex -18.5552 -30.9238 2.93094
    endloop
  endfacet
  facet normal -0.56493 -0.163002 0.808878
    outer loop
      vertex -3.8569 -3.56754 18.7734
      vertex -16.3092 -26.2498 5.50571
      vertex -3.06503 -3.31025 19.3783
    endloop
  endfacet
  facet normal -0.564896 -0.163031 0.808896
    outer loop
      vertex -3.8569 -3.56754 18.7734
      vertex -16.6019 -26.3283 5.28548
      vertex -16.3092 -26.2498 5.50571
    endloop
  endfacet
  facet normal -0.564948 -0.162986 0.808869
    outer loop
      vertex -3.8569 -3.56754 18.7734
      vertex -16.9955 -26.5839 4.95907
      vertex -16.6019 -26.3283 5.28548
    endloop
  endfacet
  facet normal -0.565175 -0.162786 0.808751
    outer loop
      vertex -3.8569 -3.56754 18.7734
      vertex -17.2908 -26.9486 4.6793
      vertex -16.9955 -26.5839 4.95907
    endloop
  endfacet
  facet normal -0.56503 -0.162913 0.808827
    outer loop
      vertex -19.5592 -30.7647 2.32601
      vertex -17.4836 -27.8554 4.36197
      vertex -17.459 -27.3867 4.47356
    endloop
  endfacet
  facet normal -0.565045 -0.162898 0.808819
    outer loop
      vertex -19.5592 -30.7647 2.32601
      vertex -17.459 -27.3867 4.47356
      vertex -17.2908 -26.9486 4.6793
    endloop
  endfacet
  facet normal -0.56495 -0.162997 0.808865
    outer loop
      vertex -17.4836 -27.8554 4.36197
      vertex -19.5592 -30.7647 2.32601
      vertex -18.7673 -30.5075 2.93094
    endloop
  endfacet
  facet normal -0.564927 -0.163006 0.80888
    outer loop
      vertex -19.5592 -30.7647 2.32601
      vertex -17.2908 -26.9486 4.6793
      vertex -3.8569 -3.56754 18.7734
    endloop
  endfacet
  facet normal -0.564856 -0.16307 0.808916
    outer loop
      vertex -17.4051 -28.1481 4.35778
      vertex -17.4836 -27.8554 4.36197
      vertex -18.7673 -30.5075 2.93094
    endloop
  endfacet
  facet normal 0.27841 0.141854 0.949929
    outer loop
      vertex 4.70977 0.461482 19.3783
      vertex 3.70578 0.302466 19.6963
      vertex 3.77887 0.159016 19.6963
    endloop
  endfacet
  facet normal 0.0874205 -0.55197 0.829269
    outer loop
      vertex -15.835 -29.1904 4.33505
      vertex -16.8856 -31.4663 2.93094
      vertex -15.5234 -29.1069 4.35778
    endloop
  endfacet
  facet normal 0.0871882 -0.551905 0.829337
    outer loop
      vertex -15.9863 -29.1824 4.35628
      vertex -16.8856 -31.4663 2.93094
      vertex -15.835 -29.1904 4.33505
    endloop
  endfacet
  facet normal 0.0874483 -0.551965 0.829269
    outer loop
      vertex -16.8856 -31.4663 2.93094
      vertex -15.9863 -29.1824 4.35628
      vertex -17.347 -31.5394 2.93094
    endloop
  endfacet
  facet normal 0.0874324 -0.551973 0.829266
    outer loop
      vertex -14.6215 -27.0885 5.60616
      vertex -1.18325 -4.26906 19.3783
      vertex -1.64474 -4.34216 19.3783
    endloop
  endfacet
  facet normal 0.0874935 -0.551995 0.829244
    outer loop
      vertex -1.18325 -4.26906 19.3783
      vertex -14.6215 -27.0885 5.60616
      vertex -14.538 -27.4001 5.38993
    endloop
  endfacet
  facet normal 0.087236 -0.551902 0.829334
    outer loop
      vertex -14.6215 -27.0885 5.60616
      vertex -1.64474 -4.34216 19.3783
      vertex -14.704 -26.9614 5.69942
    endloop
  endfacet
  facet normal 0.14249 -0.571136 0.808394
    outer loop
      vertex -0.925961 -5.06093 18.7734
      vertex -14.538 -27.4001 5.38993
      vertex -14.5 -27.5418 5.28312
    endloop
  endfacet
  facet normal 0.14258 -0.571167 0.808356
    outer loop
      vertex -14.538 -27.4001 5.38993
      vertex -0.925961 -5.06093 18.7734
      vertex -1.18325 -4.26906 19.3783
    endloop
  endfacet
  facet normal 0.142567 -0.571163 0.808361
    outer loop
      vertex -14.5246 -28.0105 4.95629
      vertex -0.925961 -5.06093 18.7734
      vertex -14.5 -27.5418 5.28312
    endloop
  endfacet
  facet normal 0.142645 -0.571189 0.808329
    outer loop
      vertex -14.6927 -28.4486 4.67638
      vertex -0.925961 -5.06093 18.7734
      vertex -14.5246 -28.0105 4.95629
    endloop
  endfacet
  facet normal 0.142737 -0.57122 0.808291
    outer loop
      vertex -14.6927 -28.4486 4.67638
      vertex -16.6283 -32.2581 2.32601
      vertex -0.925961 -5.06093 18.7734
    endloop
  endfacet
  facet normal 0.142455 -0.571142 0.808396
    outer loop
      vertex -14.9881 -28.8133 4.47077
      vertex -16.6283 -32.2581 2.32601
      vertex -14.6927 -28.4486 4.67638
    endloop
  endfacet
  facet normal 0.142636 -0.571188 0.808331
    outer loop
      vertex -15.3817 -29.0689 4.35961
      vertex -16.6283 -32.2581 2.32601
      vertex -14.9881 -28.8133 4.47077
    endloop
  endfacet
  facet normal 0.142748 -0.571224 0.808286
    outer loop
      vertex -16.8856 -31.4663 2.93094
      vertex -15.3817 -29.0689 4.35961
      vertex -15.5234 -29.1069 4.35778
    endloop
  endfacet
  facet normal 0.142664 -0.571193 0.808322
    outer loop
      vertex -15.3817 -29.0689 4.35961
      vertex -16.8856 -31.4663 2.93094
      vertex -16.6283 -32.2581 2.32601
    endloop
  endfacet
  facet normal 0.278409 0.141856 0.949929
    outer loop
      vertex 4.49765 0.877792 19.3783
      vertex 3.70578 0.302466 19.6963
      vertex 4.70977 0.461482 19.3783
    endloop
  endfacet
  facet normal 0.475784 -0.824081 0.307442
    outer loop
      vertex -15.4373 -32.6744 0.514586
      vertex 36.4169 -2.37118 1.49339
      vertex -15.6243 -32.4172 1.49339
    endloop
  endfacet
  facet normal 0.475778 -0.824072 0.307474
    outer loop
      vertex 36.4169 -2.37118 1.49339
      vertex -15.4373 -32.6744 0.514586
      vertex 36.6038 -2.62848 0.514586
    endloop
  endfacet
  facet normal 0.802476 0.127055 0.583
    outer loop
      vertex 37.4816 0.90571 1.49339
      vertex 37.0201 0 2.32601
      vertex 37.625 0 1.49339
    endloop
  endfacet
  facet normal 0.723909 -0.368869 0.583002
    outer loop
      vertex 36.9063 -0.718776 2.32601
      vertex 36.5759 -1.36719 2.32601
      vertex 37.4816 -0.90571 1.49339
    endloop
  endfacet
  facet normal 0.527959 0.269022 -0.805535
    outer loop
      vertex 36.9063 0.718776 -2.32601
      vertex 35.9023 0.877792 -2.93094
      vertex 36.5759 1.36719 -2.32601
    endloop
  endfacet
  facet normal 0.585247 -0.092659 -0.805544
    outer loop
      vertex 36.9063 -0.718776 -2.32601
      vertex 36.1144 -0.461482 -2.93094
      vertex 37.0201 0 -2.32601
    endloop
  endfacet
  facet normal 0.0874205 0.55197 -0.829269
    outer loop
      vertex -15.835 29.1904 -4.33505
      vertex -16.8856 31.4663 -2.93094
      vertex -15.5234 29.1069 -4.35778
    endloop
  endfacet
  facet normal 0.0871882 0.551905 -0.829337
    outer loop
      vertex -15.9863 29.1824 -4.35628
      vertex -16.8856 31.4663 -2.93094
      vertex -15.835 29.1904 -4.33505
    endloop
  endfacet
  facet normal 0.0874483 0.551965 -0.829269
    outer loop
      vertex -16.8856 31.4663 -2.93094
      vertex -15.9863 29.1824 -4.35628
      vertex -17.347 31.5394 -2.93094
    endloop
  endfacet
  facet normal 0.0874324 0.551973 -0.829266
    outer loop
      vertex -14.6215 27.0885 -5.60616
      vertex -1.18325 4.26906 -19.3783
      vertex -1.64474 4.34216 -19.3783
    endloop
  endfacet
  facet normal 0.0874935 0.551995 -0.829244
    outer loop
      vertex -1.18325 4.26906 -19.3783
      vertex -14.6215 27.0885 -5.60616
      vertex -14.538 27.4001 -5.38993
    endloop
  endfacet
  facet normal 0.087236 0.551902 -0.829334
    outer loop
      vertex -14.6215 27.0885 -5.60616
      vertex -1.64474 4.34216 -19.3783
      vertex -14.704 26.9614 -5.69942
    endloop
  endfacet
  facet normal -0.0764918 0.483245 -0.872137
    outer loop
      vertex -16.3037 29.1658 -4.33764
      vertex -17.347 31.5394 -2.93094
      vertex -15.9863 29.1824 -4.35628
    endloop
  endfacet
  facet normal -0.0764911 0.483246 -0.872137
    outer loop
      vertex -16.4483 29.1103 -4.35571
      vertex -17.347 31.5394 -2.93094
      vertex -16.3037 29.1658 -4.33764
    endloop
  endfacet
  facet normal -0.0765419 0.483229 -0.872141
    outer loop
      vertex -17.347 31.5394 -2.93094
      vertex -16.4483 29.1103 -4.35571
      vertex -17.8085 31.4663 -2.93094
    endloop
  endfacet
  facet normal -0.0765451 0.483229 -0.872141
    outer loop
      vertex -14.8771 26.6949 -5.83192
      vertex -1.64474 4.34216 -19.3783
      vertex -2.10622 4.26906 -19.3783
    endloop
  endfacet
  facet normal -0.0764584 0.483271 -0.872126
    outer loop
      vertex -1.64474 4.34216 -19.3783
      vertex -14.8771 26.6949 -5.83192
      vertex -14.704 26.9614 -5.69942
    endloop
  endfacet
  facet normal -0.0765695 0.483217 -0.872146
    outer loop
      vertex -14.8771 26.6949 -5.83192
      vertex -2.10622 4.26906 -19.3783
      vertex -14.9975 26.5974 -5.87537
    endloop
  endfacet
  facet normal 0.94044 0.148936 -0.305598
    outer loop
      vertex 37.9431 0 -0.514586
      vertex 37.4816 0.90571 -1.49339
      vertex 37.7841 1.00399 -0.514586
    endloop
  endfacet
  facet normal 0.940436 0.148898 -0.305631
    outer loop
      vertex 37.625 0 -1.49339
      vertex 37.4816 0.90571 -1.49339
      vertex 37.9431 0 -0.514586
    endloop
  endfacet
  facet normal 0.848391 -0.432269 -0.305576
    outer loop
      vertex 37.3226 -1.9097 -0.514586
      vertex 37.0653 -1.72276 -1.49339
      vertex 37.4816 -0.90571 -1.49339
    endloop
  endfacet
  facet normal 0.723909 -0.368869 -0.583002
    outer loop
      vertex 37.4816 -0.90571 -1.49339
      vertex 36.5759 -1.36719 -2.32601
      vertex 36.9063 -0.718776 -2.32601
    endloop
  endfacet
  facet normal 0.585247 0.092659 -0.805544
    outer loop
      vertex 37.0201 0 -2.32601
      vertex 36.1144 0.461482 -2.93094
      vertex 36.9063 0.718776 -2.32601
    endloop
  endfacet
  facet normal 0.141855 0.278411 -0.949929
    outer loop
      vertex -1.34227 3.26508 -19.6963
      vertex -1.48572 3.33817 -19.6963
      vertex -1.18325 4.26906 -19.3783
    endloop
  endfacet
  facet normal 0.422055 -0.415225 -0.805889
    outer loop
      vertex 32.8652 -1.21352 -4.34853
      vertex 35.9023 -0.877792 -2.93094
      vertex 36.5759 -1.36719 -2.32601
    endloop
  endfacet
  facet normal 0.421872 -0.416121 -0.805523
    outer loop
      vertex 35.9023 -0.877792 -2.93094
      vertex 33.1971 -0.881678 -4.34571
      vertex 33.1991 -0.877792 -4.34667
    endloop
  endfacet
  facet normal 0.42205 -0.415275 -0.805866
    outer loop
      vertex 35.9023 -0.877792 -2.93094
      vertex 32.8652 -1.21352 -4.34853
      vertex 33.1971 -0.881678 -4.34571
    endloop
  endfacet
  facet normal 0.422113 -0.414994 -0.805978
    outer loop
      vertex 32.8652 -1.21352 -4.34853
      vertex 36.5759 -1.36719 -2.32601
      vertex 32.5637 -1.36719 -4.42731
    endloop
  endfacet
  facet normal 0.422074 -0.415171 -0.805907
    outer loop
      vertex 5.17125 -1.36719 -18.7734
      vertex 31.1019 -1.21352 -5.27204
      vertex 31.4035 -1.36719 -5.03492
    endloop
  endfacet
  facet normal 0.422076 -0.415159 -0.805912
    outer loop
      vertex 5.17125 -1.36719 -18.7734
      vertex 30.77 -0.881678 -5.61681
      vertex 31.1019 -1.21352 -5.27204
    endloop
  endfacet
  facet normal 0.420655 -0.422416 -0.802879
    outer loop
      vertex 5.17125 -1.36719 -18.7734
      vertex 30.7681 -0.877792 -5.61985
      vertex 30.77 -0.881678 -5.61681
    endloop
  endfacet
  facet normal 0.422072 -0.415174 -0.805907
    outer loop
      vertex 30.7681 -0.877792 -5.61985
      vertex 5.17125 -1.36719 -18.7734
      vertex 4.49765 -0.877792 -19.3783
    endloop
  endfacet
  facet normal 0.420859 -0.420868 -0.803584
    outer loop
      vertex 36.0613 -1.88178 -2.32601
      vertex 32.5637 -1.36719 -4.42731
      vertex 36.5759 -1.36719 -2.32601
    endloop
  endfacet
  facet normal 0.420791 -0.421062 -0.803518
    outer loop
      vertex 36.0613 -1.88178 -2.32601
      vertex 32.4471 -1.42658 -4.45725
      vertex 32.5637 -1.36719 -4.42731
    endloop
  endfacet
  facet normal 0.420886 -0.420776 -0.803618
    outer loop
      vertex 36.0613 -1.88178 -2.32601
      vertex 31.9836 -1.5 -4.66156
      vertex 32.4471 -1.42658 -4.45725
    endloop
  endfacet
  facet normal 0.420792 -0.421201 -0.803445
    outer loop
      vertex 4.65667 -1.88178 -18.7734
      vertex 31.4035 -1.36719 -5.03492
      vertex 31.52 -1.42658 -4.94277
    endloop
  endfacet
  facet normal 0.420927 -0.420524 -0.803729
    outer loop
      vertex 4.65667 -1.88178 -18.7734
      vertex 31.52 -1.42658 -4.94277
      vertex 31.9836 -1.5 -4.66156
    endloop
  endfacet
  facet normal 0.420856 -0.420875 -0.803582
    outer loop
      vertex 4.65667 -1.88178 -18.7734
      vertex 31.9836 -1.5 -4.66156
      vertex 36.0613 -1.88178 -2.32601
    endloop
  endfacet
  facet normal 0.420861 -0.420853 -0.803591
    outer loop
      vertex 31.4035 -1.36719 -5.03492
      vertex 4.65667 -1.88178 -18.7734
      vertex 5.17125 -1.36719 -18.7734
    endloop
  endfacet
  facet normal -0.0488721 0.308624 -0.949928
    outer loop
      vertex -1.80375 3.33817 -19.6963
      vertex -2.10622 4.26906 -19.3783
      vertex -1.64474 3.36335 -19.6963
    endloop
  endfacet
  facet normal -0.210886 -0.413808 -0.885602
    outer loop
      vertex -17.8085 -31.4663 -2.93094
      vertex -16.7418 -28.9976 -4.33848
      vertex -16.4483 -29.1103 -4.35571
    endloop
  endfacet
  facet normal -0.210922 -0.413792 -0.885601
    outer loop
      vertex -18.2248 -31.2541 -2.93094
      vertex -16.7418 -28.9976 -4.33848
      vertex -17.8085 -31.4663 -2.93094
    endloop
  endfacet
  facet normal -0.210765 -0.41389 -0.885592
    outer loop
      vertex -16.7418 -28.9976 -4.33848
      vertex -18.2248 -31.2541 -2.93094
      vertex -16.8646 -28.8982 -4.35571
    endloop
  endfacet
  facet normal -0.210927 -0.413784 -0.885603
    outer loop
      vertex -15.2418 -26.3995 -5.90965
      vertex -2.10622 -4.26906 -19.3783
      vertex -14.9975 -26.5974 -5.87537
    endloop
  endfacet
  facet normal -0.210854 -0.413826 -0.885601
    outer loop
      vertex -2.10622 -4.26906 -19.3783
      vertex -15.2418 -26.3995 -5.90965
      vertex -2.52253 -4.05694 -19.3783
    endloop
  endfacet
  facet normal -0.210803 -0.413854 -0.8856
    outer loop
      vertex -2.52253 -4.05694 -19.3783
      vertex -15.2418 -26.3995 -5.90965
      vertex -15.3893 -26.3429 -5.90099
    endloop
  endfacet
  facet normal -0.707058 -0.707156 0
    outer loop
      vertex -19.2567 -32.6744 -0.514586
      vertex -19.9755 -31.9557 0.514586
      vertex -19.9755 -31.9557 -0.514586
    endloop
  endfacet
  facet normal -0.707058 -0.707156 0
    outer loop
      vertex -19.9755 -31.9557 0.514586
      vertex -19.2567 -32.6744 -0.514586
      vertex -19.2567 -32.6744 0.514586
    endloop
  endfacet
  facet normal -0.848371 -0.432288 0.305604
    outer loop
      vertex -20.1345 -30.9517 1.49339
      vertex -20.437 -31.05 0.514586
      vertex -19.9755 -31.9557 0.514586
    endloop
  endfacet
  facet normal -0.141855 -0.278411 -0.949929
    outer loop
      vertex -1.80375 -3.33817 -19.6963
      vertex -2.10622 -4.26906 -19.3783
      vertex -1.9472 -3.26508 -19.6963
    endloop
  endfacet
  facet normal 0.127056 0.802476 -0.583
    outer loop
      vertex -16.4413 32.8335 -1.49339
      vertex -17.347 32.372 -2.32601
      vertex -17.347 32.9769 -1.49339
    endloop
  endfacet
  facet normal -0.127043 0.802477 -0.583001
    outer loop
      vertex -17.347 32.372 -2.32601
      vertex -18.2528 32.8335 -1.49339
      vertex -17.347 32.9769 -1.49339
    endloop
  endfacet
  facet normal -0.127148 0.802406 -0.583076
    outer loop
      vertex -18.0658 32.2581 -2.32601
      vertex -18.2528 32.8335 -1.49339
      vertex -17.347 32.372 -2.32601
    endloop
  endfacet
  facet normal -0.0927413 0.585272 -0.805516
    outer loop
      vertex -17.8085 31.4663 -2.93094
      vertex -18.0658 32.2581 -2.32601
      vertex -17.347 32.372 -2.32601
    endloop
  endfacet
  facet normal 0.0874205 -0.55197 -0.829269
    outer loop
      vertex -16.8856 -31.4663 -2.93094
      vertex -15.835 -29.1904 -4.33505
      vertex -15.5234 -29.1069 -4.35778
    endloop
  endfacet
  facet normal 0.0871882 -0.551905 -0.829337
    outer loop
      vertex -16.8856 -31.4663 -2.93094
      vertex -15.9863 -29.1824 -4.35628
      vertex -15.835 -29.1904 -4.33505
    endloop
  endfacet
  facet normal 0.0874483 -0.551965 -0.829269
    outer loop
      vertex -15.9863 -29.1824 -4.35628
      vertex -16.8856 -31.4663 -2.93094
      vertex -17.347 -31.5394 -2.93094
    endloop
  endfacet
  facet normal 0.0874935 -0.551995 -0.829244
    outer loop
      vertex -14.6215 -27.0885 -5.60616
      vertex -1.18325 -4.26906 -19.3783
      vertex -14.538 -27.4001 -5.38993
    endloop
  endfacet
  facet normal 0.0874324 -0.551973 -0.829266
    outer loop
      vertex -1.18325 -4.26906 -19.3783
      vertex -14.6215 -27.0885 -5.60616
      vertex -1.64474 -4.34216 -19.3783
    endloop
  endfacet
  facet normal 0.087236 -0.551902 -0.829334
    outer loop
      vertex -1.64474 -4.34216 -19.3783
      vertex -14.6215 -27.0885 -5.60616
      vertex -14.704 -26.9614 -5.69942
    endloop
  endfacet
  facet normal -0.0927033 -0.585261 -0.805528
    outer loop
      vertex -17.347 -32.372 -2.32601
      vertex -17.8085 -31.4663 -2.93094
      vertex -17.347 -31.5394 -2.93094
    endloop
  endfacet
  facet normal 0.0488849 -0.308617 -0.949929
    outer loop
      vertex -1.18325 -4.26906 -19.3783
      vertex -1.64474 -4.34216 -19.3783
      vertex -1.64474 -3.36335 -19.6963
    endloop
  endfacet
  facet normal 0.0927537 -0.585269 -0.805517
    outer loop
      vertex -16.6283 -32.2581 -2.32601
      vertex -17.347 -32.372 -2.32601
      vertex -16.8856 -31.4663 -2.93094
    endloop
  endfacet
  facet normal -0.707058 0.707156 0
    outer loop
      vertex -19.9755 31.9557 -0.514586
      vertex -19.2567 32.6744 0.514586
      vertex -19.2567 32.6744 -0.514586
    endloop
  endfacet
  facet normal -0.707058 0.707156 0
    outer loop
      vertex -19.2567 32.6744 0.514586
      vertex -19.9755 31.9557 -0.514586
      vertex -19.9755 31.9557 0.514586
    endloop
  endfacet
  facet normal 0.0488849 0.308617 0.949929
    outer loop
      vertex -1.64474 4.34216 19.3783
      vertex -1.64474 3.36335 19.6963
      vertex -1.18325 4.26906 19.3783
    endloop
  endfacet
  facet normal -0.048886 0.308617 0.949929
    outer loop
      vertex -1.64474 4.34216 19.3783
      vertex -2.10622 4.26906 19.3783
      vertex -1.64474 3.36335 19.6963
    endloop
  endfacet
  facet normal 0.0488691 0.308625 0.949928
    outer loop
      vertex -1.18325 4.26906 19.3783
      vertex -1.64474 3.36335 19.6963
      vertex -1.48572 3.33817 19.6963
    endloop
  endfacet
  facet normal -0.148939 -0.940472 0.3055
    outer loop
      vertex -18.2528 -32.8335 1.49339
      vertex -18.351 -33.1359 0.514586
      vertex -17.347 -33.2949 0.514586
    endloop
  endfacet
  facet normal -0.148888 -0.940465 0.305544
    outer loop
      vertex -17.347 -32.9769 1.49339
      vertex -18.2528 -32.8335 1.49339
      vertex -17.347 -33.2949 0.514586
    endloop
  endfacet
  facet normal -0.802447 -0.127172 0.583014
    outer loop
      vertex -19.6731 -30.046 2.32601
      vertex -20.1345 -30.9517 1.49339
      vertex -19.5592 -30.7647 2.32601
    endloop
  endfacet
  facet normal -0.723915 -0.368822 0.583025
    outer loop
      vertex -19.5592 -30.7647 2.32601
      vertex -20.1345 -30.9517 1.49339
      vertex -19.2288 -31.4132 2.32601
    endloop
  endfacet
  facet normal 0.802476 -0.127055 0.583
    outer loop
      vertex 37.625 0 1.49339
      vertex 37.0201 0 2.32601
      vertex 37.4816 -0.90571 1.49339
    endloop
  endfacet
  facet normal 0.940436 -0.148898 0.305631
    outer loop
      vertex 37.625 0 1.49339
      vertex 37.4816 -0.90571 1.49339
      vertex 37.9431 0 0.514586
    endloop
  endfacet
  facet normal 0.52796 -0.268983 0.805547
    outer loop
      vertex 36.1144 -0.461482 2.93094
      vertex 35.9023 -0.877792 2.93094
      vertex 36.9063 -0.718776 2.32601
    endloop
  endfacet
  facet normal 0.527959 -0.269022 0.805535
    outer loop
      vertex 36.9063 -0.718776 2.32601
      vertex 35.9023 -0.877792 2.93094
      vertex 36.5759 -1.36719 2.32601
    endloop
  endfacet
  facet normal 0.72391 -0.368844 -0.583017
    outer loop
      vertex 37.0653 -1.72276 -1.49339
      vertex 36.5759 -1.36719 -2.32601
      vertex 37.4816 -0.90571 -1.49339
    endloop
  endfacet
  facet normal 0.585261 -0.0927069 -0.805528
    outer loop
      vertex 37.0201 0 -2.32601
      vertex 36.1144 -0.461482 -2.93094
      vertex 36.1875 0 -2.93094
    endloop
  endfacet
  facet normal 0.585261 0.0927069 -0.805528
    outer loop
      vertex 36.1875 0 -2.93094
      vertex 36.1144 0.461482 -2.93094
      vertex 37.0201 0 -2.32601
    endloop
  endfacet
  facet normal 0.52796 0.268983 -0.805547
    outer loop
      vertex 36.1144 0.461482 -2.93094
      vertex 35.9023 0.877792 -2.93094
      vertex 36.9063 0.718776 -2.32601
    endloop
  endfacet
  facet normal 0.574504 -0.574487 -0.583018
    outer loop
      vertex 36.4169 -2.37118 -1.49339
      vertex 36.5759 -1.36719 -2.32601
      vertex 37.0653 -1.72276 -1.49339
    endloop
  endfacet
  facet normal 0.574483 -0.574494 -0.583031
    outer loop
      vertex 36.5759 -1.36719 -2.32601
      vertex 36.4169 -2.37118 -1.49339
      vertex 36.0613 -1.88178 -2.32601
    endloop
  endfacet
  facet normal -0.278411 -0.141857 -0.949928
    outer loop
      vertex -2.85291 -3.72656 -19.3783
      vertex -3.06503 -3.31025 -19.3783
      vertex -2.06105 -3.15123 -19.6963
    endloop
  endfacet
  facet normal 0.31467 -0.617585 -0.720813
    outer loop
      vertex -15.9799 -31.9277 -2.32601
      vertex -0.925961 -5.06093 -18.7734
      vertex -0.277543 -4.73055 -18.7734
    endloop
  endfacet
  facet normal 0.314701 -0.617591 -0.720794
    outer loop
      vertex -0.925961 -5.06093 -18.7734
      vertex -15.9799 -31.9277 -2.32601
      vertex -16.6283 -32.2581 -2.32601
    endloop
  endfacet
  facet normal -0.278411 -0.141855 -0.949929
    outer loop
      vertex -2.06105 -3.15123 -19.6963
      vertex -3.06503 -3.31025 -19.3783
      vertex -2.13414 -3.00778 -19.6963
    endloop
  endfacet
  facet normal 0.141858 -0.278411 -0.949928
    outer loop
      vertex -1.18325 -4.26906 -19.3783
      vertex -1.34227 -3.26508 -19.6963
      vertex -0.766944 -4.05694 -19.3783
    endloop
  endfacet
  facet normal -0.454008 -0.890997 0
    outer loop
      vertex -19.2567 -32.6744 -0.514586
      vertex -18.351 -33.1359 0.514586
      vertex -19.2567 -32.6744 0.514586
    endloop
  endfacet
  facet normal -0.454008 -0.890997 -0
    outer loop
      vertex -18.351 -33.1359 0.514586
      vertex -19.2567 -32.6744 -0.514586
      vertex -18.351 -33.1359 -0.514586
    endloop
  endfacet
  facet normal -0.940448 -0.149006 0.305539
    outer loop
      vertex -20.278 -30.046 1.49339
      vertex -20.596 -30.046 0.514586
      vertex -20.1345 -30.9517 1.49339
    endloop
  endfacet
  facet normal -0.94044 -0.148934 0.305601
    outer loop
      vertex -20.1345 -30.9517 1.49339
      vertex -20.596 -30.046 0.514586
      vertex -20.437 -31.05 0.514586
    endloop
  endfacet
  facet normal -0.0927413 -0.585272 0.805516
    outer loop
      vertex -17.8085 -31.4663 2.93094
      vertex -18.0658 -32.2581 2.32601
      vertex -17.347 -32.372 2.32601
    endloop
  endfacet
  facet normal -0.269113 -0.527953 0.805508
    outer loop
      vertex -17.8085 -31.4663 2.93094
      vertex -18.2248 -31.2541 2.93094
      vertex -18.0658 -32.2581 2.32601
    endloop
  endfacet
  facet normal 0.94044 -0.148936 -0.305598
    outer loop
      vertex 37.7841 -1.00399 -0.514586
      vertex 37.4816 -0.90571 -1.49339
      vertex 37.9431 0 -0.514586
    endloop
  endfacet
  facet normal 0.848375 -0.432285 -0.305596
    outer loop
      vertex 37.7841 -1.00399 -0.514586
      vertex 37.3226 -1.9097 -0.514586
      vertex 37.4816 -0.90571 -1.49339
    endloop
  endfacet
  facet normal 0.802478 0.127052 -0.582998
    outer loop
      vertex 37.0201 0 -2.32601
      vertex 36.9063 0.718776 -2.32601
      vertex 37.4816 0.90571 -1.49339
    endloop
  endfacet
  facet normal 0.802476 0.127055 -0.583
    outer loop
      vertex 37.625 0 -1.49339
      vertex 37.0201 0 -2.32601
      vertex 37.4816 0.90571 -1.49339
    endloop
  endfacet
  facet normal 0.220949 -0.220944 -0.949929
    outer loop
      vertex 4.16727 -1.20818 -19.3783
      vertex 3.70578 -0.302466 -19.6963
      vertex 4.49765 -0.877792 -19.3783
    endloop
  endfacet
  facet normal 0.220949 -0.220943 -0.949929
    outer loop
      vertex 3.70578 -0.302466 -19.6963
      vertex 4.16727 -1.20818 -19.3783
      vertex 3.59194 -0.416309 -19.6963
    endloop
  endfacet
  facet normal 0.30862 -0.0488796 -0.949929
    outer loop
      vertex 4.70977 -0.461482 -19.3783
      vertex 3.80406 0 -19.6963
      vertex 4.78286 0 -19.3783
    endloop
  endfacet
  facet normal 0.269004 -0.527946 -0.805549
    outer loop
      vertex -0.925961 -5.06093 -18.7734
      vertex -1.18325 -4.26906 -19.3783
      vertex -0.766944 -4.05694 -19.3783
    endloop
  endfacet
  facet normal -0.048886 -0.308617 -0.949929
    outer loop
      vertex -1.64474 -4.34216 -19.3783
      vertex -2.10622 -4.26906 -19.3783
      vertex -1.64474 -3.36335 -19.6963
    endloop
  endfacet
  facet normal -0.127148 -0.802406 0.583076
    outer loop
      vertex -18.0658 -32.2581 2.32601
      vertex -18.2528 -32.8335 1.49339
      vertex -17.347 -32.372 2.32601
    endloop
  endfacet
  facet normal -0.36885 -0.723857 0.583078
    outer loop
      vertex -18.0658 -32.2581 2.32601
      vertex -18.7142 -31.9277 2.32601
      vertex -18.2528 -32.8335 1.49339
    endloop
  endfacet
  facet normal -0.673327 -0.673223 0.305618
    outer loop
      vertex -19.9755 -31.9557 0.514586
      vertex -19.0698 -32.4172 1.49339
      vertex -19.7182 -31.7687 1.49339
    endloop
  endfacet
  facet normal -0.673256 -0.67335 0.305492
    outer loop
      vertex -19.0698 -32.4172 1.49339
      vertex -19.9755 -31.9557 0.514586
      vertex -19.2567 -32.6744 0.514586
    endloop
  endfacet
  facet normal -0.432303 -0.848407 0.305483
    outer loop
      vertex -19.0698 -32.4172 1.49339
      vertex -19.2567 -32.6744 0.514586
      vertex -18.2528 -32.8335 1.49339
    endloop
  endfacet
  facet normal -0.220948 0.220948 -0.949929
    outer loop
      vertex -2.06105 3.15123 -19.6963
      vertex -2.52253 4.05694 -19.3783
      vertex -1.9472 3.26508 -19.6963
    endloop
  endfacet
  facet normal -0.220948 0.220948 -0.949929
    outer loop
      vertex -2.52253 4.05694 -19.3783
      vertex -2.06105 3.15123 -19.6963
      vertex -2.85291 3.72656 -19.3783
    endloop
  endfacet
  facet normal 0.0488849 0.308617 -0.949929
    outer loop
      vertex -1.18325 4.26906 -19.3783
      vertex -1.64474 3.36335 -19.6963
      vertex -1.64474 4.34216 -19.3783
    endloop
  endfacet
  facet normal -0.141857 -0.278411 -0.949928
    outer loop
      vertex -2.10622 -4.26906 -19.3783
      vertex -2.52253 -4.05694 -19.3783
      vertex -1.9472 -3.26508 -19.6963
    endloop
  endfacet
  facet normal -0.220948 -0.220948 -0.949929
    outer loop
      vertex -2.52253 -4.05694 -19.3783
      vertex -2.06105 -3.15123 -19.6963
      vertex -1.9472 -3.26508 -19.6963
    endloop
  endfacet
  facet normal -0.220948 -0.220948 -0.949929
    outer loop
      vertex -2.06105 -3.15123 -19.6963
      vertex -2.52253 -4.05694 -19.3783
      vertex -2.85291 -3.72656 -19.3783
    endloop
  endfacet
  facet normal -0.36884 -0.723858 0.583084
    outer loop
      vertex -18.7142 -31.9277 2.32601
      vertex -19.0698 -32.4172 1.49339
      vertex -18.2528 -32.8335 1.49339
    endloop
  endfacet
  facet normal 0.308616 0.0488884 -0.94993
    outer loop
      vertex 3.80406 0 -19.6963
      vertex 3.77887 0.159016 -19.6963
      vertex 4.70977 0.461482 -19.3783
    endloop
  endfacet
  facet normal 0.30862 0.0488796 -0.949929
    outer loop
      vertex 4.78286 0 -19.3783
      vertex 3.80406 0 -19.6963
      vertex 4.70977 0.461482 -19.3783
    endloop
  endfacet
  facet normal -0.141855 0.278411 -0.949929
    outer loop
      vertex -1.9472 3.26508 -19.6963
      vertex -2.10622 4.26906 -19.3783
      vertex -1.80375 3.33817 -19.6963
    endloop
  endfacet
  facet normal 0.27841 -0.141854 -0.949929
    outer loop
      vertex 4.70977 -0.461482 -19.3783
      vertex 3.70578 -0.302466 -19.6963
      vertex 3.77887 -0.159016 -19.6963
    endloop
  endfacet
  facet normal 0.278409 -0.141856 -0.949929
    outer loop
      vertex 4.49765 -0.877792 -19.3783
      vertex 3.70578 -0.302466 -19.6963
      vertex 4.70977 -0.461482 -19.3783
    endloop
  endfacet
  facet normal 0.27841 0.141854 -0.949929
    outer loop
      vertex 3.77887 0.159016 -19.6963
      vertex 3.70578 0.302466 -19.6963
      vertex 4.70977 0.461482 -19.3783
    endloop
  endfacet
  facet normal -0.048886 0.308617 -0.949929
    outer loop
      vertex -1.64474 3.36335 -19.6963
      vertex -2.10622 4.26906 -19.3783
      vertex -1.64474 4.34216 -19.3783
    endloop
  endfacet
  facet normal -0.308617 0.048886 -0.949929
    outer loop
      vertex -2.15932 2.84877 -19.6963
      vertex -3.13813 2.84877 -19.3783
      vertex -3.06503 3.31025 -19.3783
    endloop
  endfacet
  facet normal 0.308616 -0.0488884 -0.94993
    outer loop
      vertex 4.70977 -0.461482 -19.3783
      vertex 3.77887 -0.159016 -19.6963
      vertex 3.80406 0 -19.6963
    endloop
  endfacet
  facet normal 0.141858 0.278411 -0.949928
    outer loop
      vertex -0.766944 4.05694 -19.3783
      vertex -1.34227 3.26508 -19.6963
      vertex -1.18325 4.26906 -19.3783
    endloop
  endfacet
  facet normal 0 0 -1
    outer loop
      vertex -0.772542 2.37764 -19.6963
      vertex -1.34227 3.26508 -19.6963
      vertex -0.0134331 2.49787 -19.6963
    endloop
  endfacet
  facet normal 0 0 -1
    outer loop
      vertex -1.46946 2.02254 -19.6963
      vertex -1.34227 3.26508 -19.6963
      vertex -0.772542 2.37764 -19.6963
    endloop
  endfacet
  facet normal 0 0 -1
    outer loop
      vertex -2.15932 2.84877 -19.6963
      vertex -1.34227 3.26508 -19.6963
      vertex -1.46946 2.02254 -19.6963
    endloop
  endfacet
  facet normal -0 0 -1
    outer loop
      vertex -1.34227 3.26508 -19.6963
      vertex -2.15932 2.84877 -19.6963
      vertex -1.48572 3.33817 -19.6963
    endloop
  endfacet
  facet normal -0 0 -1
    outer loop
      vertex -1.48572 3.33817 -19.6963
      vertex -2.15932 2.84877 -19.6963
      vertex -1.64474 3.36335 -19.6963
    endloop
  endfacet
  facet normal 0 0 -1
    outer loop
      vertex -1.64474 3.36335 -19.6963
      vertex -2.15932 2.84877 -19.6963
      vertex -1.80375 3.33817 -19.6963
    endloop
  endfacet
  facet normal 0 0 -1
    outer loop
      vertex -2.15932 2.84877 -19.6963
      vertex -1.46946 2.02254 -19.6963
      vertex -2.02254 1.46946 -19.6963
    endloop
  endfacet
  facet normal 0 0 -1
    outer loop
      vertex -1.80375 3.33817 -19.6963
      vertex -2.15932 2.84877 -19.6963
      vertex -1.9472 3.26508 -19.6963
    endloop
  endfacet
  facet normal 0 0 -1
    outer loop
      vertex -1.9472 3.26508 -19.6963
      vertex -2.15932 2.84877 -19.6963
      vertex -2.06105 3.15123 -19.6963
    endloop
  endfacet
  facet normal 0 0 -1
    outer loop
      vertex -2.15932 2.84877 -19.6963
      vertex -2.02254 1.46946 -19.6963
      vertex -2.15932 1.20102 -19.6963
    endloop
  endfacet
  facet normal 0 0 -1
    outer loop
      vertex -2.06105 3.15123 -19.6963
      vertex -2.15932 2.84877 -19.6963
      vertex -2.13414 3.00778 -19.6963
    endloop
  endfacet
  facet normal 0 0 -1
    outer loop
      vertex 3.77887 -0.159016 -19.6963
      vertex 3.77887 0.159016 -19.6963
      vertex 3.80406 0 -19.6963
    endloop
  endfacet
  facet normal 0 0 -1
    outer loop
      vertex 3.70578 -0.302466 -19.6963
      vertex 3.77887 0.159016 -19.6963
      vertex 3.77887 -0.159016 -19.6963
    endloop
  endfacet
  facet normal 0 0 -1
    outer loop
      vertex 3.70578 -0.302466 -19.6963
      vertex 3.70578 0.302466 -19.6963
      vertex 3.77887 0.159016 -19.6963
    endloop
  endfacet
  facet normal 0 0 -1
    outer loop
      vertex 3.59194 -0.416309 -19.6963
      vertex 3.70578 0.302466 -19.6963
      vertex 3.70578 -0.302466 -19.6963
    endloop
  endfacet
  facet normal 0 0 -1
    outer loop
      vertex 3.59194 -0.416309 -19.6963
      vertex 3.59194 0.416309 -19.6963
      vertex 3.70578 0.302466 -19.6963
    endloop
  endfacet
  facet normal 0 0 -1
    outer loop
      vertex 3.59194 -0.416309 -19.6963
      vertex 2.5 0 -19.6963
      vertex 3.59194 0.416309 -19.6963
    endloop
  endfacet
  facet normal -0 0 -1
    outer loop
      vertex 3.59194 -0.416309 -19.6963
      vertex 2.37764 -0.772542 -19.6963
      vertex 2.5 0 -19.6963
    endloop
  endfacet
  facet normal 0 -0 -1
    outer loop
      vertex 2.37764 -0.772542 -19.6963
      vertex 3.59194 -0.416309 -19.6963
      vertex 2.1287 -1.26111 -19.6963
    endloop
  endfacet
  facet normal 0 0 -1
    outer loop
      vertex 2.37764 0.772542 -19.6963
      vertex 3.59194 0.416309 -19.6963
      vertex 2.5 0 -19.6963
    endloop
  endfacet
  facet normal 0 0 -1
    outer loop
      vertex 3.59194 0.416309 -19.6963
      vertex 2.37764 0.772542 -19.6963
      vertex 2.1287 1.26111 -19.6963
    endloop
  endfacet
  facet normal 0 0 -1
    outer loop
      vertex -1.34227 -3.26508 -19.6963
      vertex -0.772542 -2.37764 -19.6963
      vertex -0.0134331 -2.49787 -19.6963
    endloop
  endfacet
  facet normal 0 0 -1
    outer loop
      vertex -1.34227 -3.26508 -19.6963
      vertex -1.46946 -2.02254 -19.6963
      vertex -0.772542 -2.37764 -19.6963
    endloop
  endfacet
  facet normal 0 0 -1
    outer loop
      vertex -2.15932 -2.84877 -19.6963
      vertex -1.34227 -3.26508 -19.6963
      vertex -1.48572 -3.33817 -19.6963
    endloop
  endfacet
  facet normal 0 0 -1
    outer loop
      vertex -2.15932 -2.84877 -19.6963
      vertex -1.48572 -3.33817 -19.6963
      vertex -1.64474 -3.36335 -19.6963
    endloop
  endfacet
  facet normal 0 0 -1
    outer loop
      vertex -2.15932 -2.84877 -19.6963
      vertex -1.64474 -3.36335 -19.6963
      vertex -1.80375 -3.33817 -19.6963
    endloop
  endfacet
  facet normal 0 0 -1
    outer loop
      vertex -2.15932 -2.84877 -19.6963
      vertex -1.80375 -3.33817 -19.6963
      vertex -1.9472 -3.26508 -19.6963
    endloop
  endfacet
  facet normal 0 0 -1
    outer loop
      vertex -1.34227 -3.26508 -19.6963
      vertex -2.15932 -2.84877 -19.6963
      vertex -1.46946 -2.02254 -19.6963
    endloop
  endfacet
  facet normal 0 0 -1
    outer loop
      vertex -2.15932 -2.84877 -19.6963
      vertex -1.9472 -3.26508 -19.6963
      vertex -2.06105 -3.15123 -19.6963
    endloop
  endfacet
  facet normal 0 0 -1
    outer loop
      vertex -2.15932 -2.84877 -19.6963
      vertex -2.06105 -3.15123 -19.6963
      vertex -2.13414 -3.00778 -19.6963
    endloop
  endfacet
  facet normal -0 0 -1
    outer loop
      vertex -1.46946 -2.02254 -19.6963
      vertex -2.15932 -2.84877 -19.6963
      vertex -2.02254 -1.46946 -19.6963
    endloop
  endfacet
  facet normal -0 0 -1
    outer loop
      vertex -2.02254 -1.46946 -19.6963
      vertex -2.15932 -2.84877 -19.6963
      vertex -2.15932 -1.20102 -19.6963
    endloop
  endfacet
  facet normal -0.308624 -0.0488721 -0.949928
    outer loop
      vertex -2.13414 -3.00778 -19.6963
      vertex -3.06503 -3.31025 -19.3783
      vertex -2.15932 -2.84877 -19.6963
    endloop
  endfacet
  facet normal -0.278411 0.141855 -0.949929
    outer loop
      vertex -2.13414 3.00778 -19.6963
      vertex -3.06503 3.31025 -19.3783
      vertex -2.06105 3.15123 -19.6963
    endloop
  endfacet
  facet normal -0.278411 0.141857 -0.949928
    outer loop
      vertex -2.06105 3.15123 -19.6963
      vertex -3.06503 3.31025 -19.3783
      vertex -2.85291 3.72656 -19.3783
    endloop
  endfacet
  facet normal 0.155263 -0.268923 -0.950565
    outer loop
      vertex 4.16727 -1.20818 -19.3783
      vertex 2.1287 -1.26111 -19.6963
      vertex 3.59194 -0.416309 -19.6963
    endloop
  endfacet
  facet normal 0.155263 -0.268905 -0.95057
    outer loop
      vertex 4.16727 -1.20818 -19.3783
      vertex 2.02254 -1.46946 -19.6547
      vertex 2.1287 -1.26111 -19.6963
    endloop
  endfacet
  facet normal 0.15526 -0.268866 -0.950582
    outer loop
      vertex 4.16727 -1.20818 -19.3783
      vertex 1.46946 -2.02254 -19.5886
      vertex 2.02254 -1.46946 -19.6547
    endloop
  endfacet
  facet normal 0.155287 -0.268967 -0.950549
    outer loop
      vertex -0.766944 -4.05694 -19.3783
      vertex 1.46946 -2.02254 -19.5886
      vertex 4.16727 -1.20818 -19.3783
    endloop
  endfacet
  facet normal 0.155363 -0.269046 -0.950514
    outer loop
      vertex 1.46946 -2.02254 -19.5886
      vertex -0.766944 -4.05694 -19.3783
      vertex 0.772542 -2.37764 -19.602
    endloop
  endfacet
  facet normal 0.155176 -0.268885 -0.95059
    outer loop
      vertex -0.766944 -4.05694 -19.3783
      vertex 0 -2.5 -19.6935
      vertex 0.772542 -2.37764 -19.602
    endloop
  endfacet
  facet normal 0.155468 -0.269012 -0.950506
    outer loop
      vertex -0.766944 -4.05694 -19.3783
      vertex -0.0134331 -2.49787 -19.6963
      vertex 0 -2.5 -19.6935
    endloop
  endfacet
  facet normal 0.155265 -0.268925 -0.950564
    outer loop
      vertex -0.0134331 -2.49787 -19.6963
      vertex -0.766944 -4.05694 -19.3783
      vertex -1.34227 -3.26508 -19.6963
    endloop
  endfacet
  facet normal 0.155263 0.268923 -0.950565
    outer loop
      vertex 2.1287 1.26111 -19.6963
      vertex 4.16727 1.20818 -19.3783
      vertex 3.59194 0.416309 -19.6963
    endloop
  endfacet
  facet normal 0.155263 0.268905 -0.95057
    outer loop
      vertex 2.02254 1.46946 -19.6547
      vertex 4.16727 1.20818 -19.3783
      vertex 2.1287 1.26111 -19.6963
    endloop
  endfacet
  facet normal 0.15526 0.268866 -0.950582
    outer loop
      vertex 1.46946 2.02254 -19.5886
      vertex 4.16727 1.20818 -19.3783
      vertex 2.02254 1.46946 -19.6547
    endloop
  endfacet
  facet normal 0.155363 0.269046 -0.950514
    outer loop
      vertex -0.766944 4.05694 -19.3783
      vertex 1.46946 2.02254 -19.5886
      vertex 0.772542 2.37764 -19.602
    endloop
  endfacet
  facet normal 0.155287 0.268967 -0.950549
    outer loop
      vertex 1.46946 2.02254 -19.5886
      vertex -0.766944 4.05694 -19.3783
      vertex 4.16727 1.20818 -19.3783
    endloop
  endfacet
  facet normal 0.155176 0.268885 -0.95059
    outer loop
      vertex 0 2.5 -19.6935
      vertex -0.766944 4.05694 -19.3783
      vertex 0.772542 2.37764 -19.602
    endloop
  endfacet
  facet normal 0.155468 0.269012 -0.950506
    outer loop
      vertex -0.0134331 2.49787 -19.6963
      vertex -0.766944 4.05694 -19.3783
      vertex 0 2.5 -19.6935
    endloop
  endfacet
  facet normal 0.155265 0.268925 -0.950564
    outer loop
      vertex -0.766944 4.05694 -19.3783
      vertex -0.0134331 2.49787 -19.6963
      vertex -1.34227 3.26508 -19.6963
    endloop
  endfacet
  facet normal -0.308624 0.0488721 -0.949928
    outer loop
      vertex -2.15932 2.84877 -19.6963
      vertex -3.06503 3.31025 -19.3783
      vertex -2.13414 3.00778 -19.6963
    endloop
  endfacet
  facet normal 0.141855 -0.278411 -0.949929
    outer loop
      vertex -1.18325 -4.26906 -19.3783
      vertex -1.48572 -3.33817 -19.6963
      vertex -1.34227 -3.26508 -19.6963
    endloop
  endfacet
  facet normal 0.0488691 -0.308625 -0.949928
    outer loop
      vertex -1.18325 -4.26906 -19.3783
      vertex -1.64474 -3.36335 -19.6963
      vertex -1.48572 -3.33817 -19.6963
    endloop
  endfacet
  facet normal -0.891005 -0.453994 1.18418e-05
    outer loop
      vertex 2.37764 0.772542 -19.6963
      vertex 2.02254 1.46946 -19.6547
      vertex 2.1287 1.26111 -19.6963
    endloop
  endfacet
  facet normal -0.891005 -0.453993 0
    outer loop
      vertex 2.02254 1.46946 -19.6547
      vertex 2.37764 0.772542 -19.6963
      vertex 2.02254 1.46946 19.6547
    endloop
  endfacet
  facet normal -0.891005 -0.453993 -0
    outer loop
      vertex 2.37764 0.772542 19.6963
      vertex 2.02254 1.46946 19.6547
      vertex 2.37764 0.772542 -19.6963
    endloop
  endfacet
  facet normal -0.891005 -0.453994 -1.18418e-05
    outer loop
      vertex 2.02254 1.46946 19.6547
      vertex 2.37764 0.772542 19.6963
      vertex 2.1287 1.26111 19.6963
    endloop
  endfacet
  facet normal -0.987688 -0.156436 0
    outer loop
      vertex 2.5 0 -19.6963
      vertex 2.37764 0.772542 19.6963
      vertex 2.37764 0.772542 -19.6963
    endloop
  endfacet
  facet normal -0.987688 -0.156436 0
    outer loop
      vertex 2.37764 0.772542 19.6963
      vertex 2.5 0 -19.6963
      vertex 2.5 0 19.6963
    endloop
  endfacet
  facet normal -0.707107 -0.707107 0
    outer loop
      vertex 2.02254 1.46946 -19.6547
      vertex 1.46946 2.02254 19.5886
      vertex 1.46946 2.02254 -19.5886
    endloop
  endfacet
  facet normal -0.707107 -0.707107 0
    outer loop
      vertex 1.46946 2.02254 19.5886
      vertex 2.02254 1.46946 -19.6547
      vertex 2.02254 1.46946 19.6547
    endloop
  endfacet
  facet normal -0.156436 -0.987688 0
    outer loop
      vertex 0 2.5 19.6935
      vertex 0.772542 2.37764 -19.602
      vertex 0.772542 2.37764 19.602
    endloop
  endfacet
  facet normal -0.156436 -0.987688 0
    outer loop
      vertex 0.772542 2.37764 -19.602
      vertex 0 2.5 19.6935
      vertex 0 2.5 -19.6935
    endloop
  endfacet
  facet normal 0.987688 -0.156436 0
    outer loop
      vertex -2.5 0 19.5856
      vertex -2.37764 0.772542 -19.6254
      vertex -2.37764 0.772542 19.6254
    endloop
  endfacet
  facet normal 0.987688 -0.156436 0
    outer loop
      vertex -2.37764 0.772542 -19.6254
      vertex -2.5 0 19.5856
      vertex -2.5 0 -19.5856
    endloop
  endfacet
  facet normal -0.891005 0.453994 1.18418e-05
    outer loop
      vertex 2.02254 -1.46946 -19.6547
      vertex 2.37764 -0.772542 -19.6963
      vertex 2.1287 -1.26111 -19.6963
    endloop
  endfacet
  facet normal -0.891005 0.453993 0
    outer loop
      vertex 2.37764 -0.772542 -19.6963
      vertex 2.02254 -1.46946 -19.6547
      vertex 2.37764 -0.772542 19.6963
    endloop
  endfacet
  facet normal -0.891005 0.453993 0
    outer loop
      vertex 2.02254 -1.46946 19.6547
      vertex 2.37764 -0.772542 19.6963
      vertex 2.02254 -1.46946 -19.6547
    endloop
  endfacet
  facet normal -0.891005 0.453994 -1.18418e-05
    outer loop
      vertex 2.37764 -0.772542 19.6963
      vertex 2.02254 -1.46946 19.6547
      vertex 2.1287 -1.26111 19.6963
    endloop
  endfacet
  facet normal -0.453993 -0.891005 0
    outer loop
      vertex 0.772542 2.37764 19.602
      vertex 1.46946 2.02254 -19.5886
      vertex 1.46946 2.02254 19.5886
    endloop
  endfacet
  facet normal -0.453993 -0.891005 0
    outer loop
      vertex 1.46946 2.02254 -19.5886
      vertex 0.772542 2.37764 19.602
      vertex 0.772542 2.37764 -19.602
    endloop
  endfacet
  facet normal 0.453993 -0.891005 0
    outer loop
      vertex -1.46946 2.02254 -19.6963
      vertex -0.772542 2.37764 19.6963
      vertex -1.46946 2.02254 19.6963
    endloop
  endfacet
  facet normal 0.453993 -0.891005 0
    outer loop
      vertex -0.772542 2.37764 19.6963
      vertex -1.46946 2.02254 -19.6963
      vertex -0.772542 2.37764 -19.6963
    endloop
  endfacet
  facet normal 0.156433 0.987688 -0.000855178
    outer loop
      vertex 0 -2.5 19.6935
      vertex -0.772542 -2.37764 19.6963
      vertex -0.0134331 -2.49787 19.6963
    endloop
  endfacet
  facet normal 0.156436 0.987688 -0
    outer loop
      vertex 0 -2.5 -19.6935
      vertex -0.772542 -2.37764 19.6963
      vertex 0 -2.5 19.6935
    endloop
  endfacet
  facet normal 0.156433 0.987688 0.000855178
    outer loop
      vertex -0.772542 -2.37764 -19.6963
      vertex 0 -2.5 -19.6935
      vertex -0.0134331 -2.49787 -19.6963
    endloop
  endfacet
  facet normal 0.156436 0.987688 0
    outer loop
      vertex 0 -2.5 -19.6935
      vertex -0.772542 -2.37764 -19.6963
      vertex -0.772542 -2.37764 19.6963
    endloop
  endfacet
  facet normal -0.707107 0.707107 0
    outer loop
      vertex 1.46946 -2.02254 -19.5886
      vertex 2.02254 -1.46946 19.6547
      vertex 2.02254 -1.46946 -19.6547
    endloop
  endfacet
  facet normal -0.707107 0.707107 0
    outer loop
      vertex 2.02254 -1.46946 19.6547
      vertex 1.46946 -2.02254 -19.5886
      vertex 1.46946 -2.02254 19.5886
    endloop
  endfacet
  facet normal 0.891003 0.453998 6.55429e-05
    outer loop
      vertex -2.02254 -1.46946 19.6963
      vertex -2.37764 -0.772542 19.6254
      vertex -2.15932 -1.20102 19.6963
    endloop
  endfacet
  facet normal 0.891005 0.453993 0
    outer loop
      vertex -2.37764 -0.772542 19.6254
      vertex -2.02254 -1.46946 19.6963
      vertex -2.37764 -0.772542 -19.6254
    endloop
  endfacet
  facet normal 0.891005 0.453993 -0
    outer loop
      vertex -2.02254 -1.46946 -19.6963
      vertex -2.37764 -0.772542 -19.6254
      vertex -2.02254 -1.46946 19.6963
    endloop
  endfacet
  facet normal 0.891003 0.453998 -6.55429e-05
    outer loop
      vertex -2.37764 -0.772542 -19.6254
      vertex -2.02254 -1.46946 -19.6963
      vertex -2.15932 -1.20102 -19.6963
    endloop
  endfacet
  facet normal 0.156433 -0.987688 -0.000855178
    outer loop
      vertex -0.772542 2.37764 19.6963
      vertex 0 2.5 19.6935
      vertex -0.0134331 2.49787 19.6963
    endloop
  endfacet
  facet normal 0.156436 -0.987688 0
    outer loop
      vertex -0.772542 2.37764 19.6963
      vertex 0 2.5 -19.6935
      vertex 0 2.5 19.6935
    endloop
  endfacet
  facet normal 0.156436 -0.987688 0
    outer loop
      vertex -0.772542 2.37764 -19.6963
      vertex 0 2.5 -19.6935
      vertex -0.772542 2.37764 19.6963
    endloop
  endfacet
  facet normal 0.156433 -0.987688 0.000855178
    outer loop
      vertex 0 2.5 -19.6935
      vertex -0.772542 2.37764 -19.6963
      vertex -0.0134331 2.49787 -19.6963
    endloop
  endfacet
  facet normal -0.453993 0.891005 0
    outer loop
      vertex 1.46946 -2.02254 -19.5886
      vertex 0.772542 -2.37764 19.602
      vertex 1.46946 -2.02254 19.5886
    endloop
  endfacet
  facet normal -0.453993 0.891005 0
    outer loop
      vertex 0.772542 -2.37764 19.602
      vertex 1.46946 -2.02254 -19.5886
      vertex 0.772542 -2.37764 -19.602
    endloop
  endfacet
  facet normal -0.156436 0.987688 0
    outer loop
      vertex 0.772542 -2.37764 -19.602
      vertex 0 -2.5 19.6935
      vertex 0.772542 -2.37764 19.602
    endloop
  endfacet
  facet normal -0.156436 0.987688 0
    outer loop
      vertex 0 -2.5 19.6935
      vertex 0.772542 -2.37764 -19.602
      vertex 0 -2.5 -19.6935
    endloop
  endfacet
  facet normal 0.987688 0.156436 0
    outer loop
      vertex -2.37764 -0.772542 19.6254
      vertex -2.5 0 -19.5856
      vertex -2.5 0 19.5856
    endloop
  endfacet
  facet normal 0.987688 0.156436 0
    outer loop
      vertex -2.5 0 -19.5856
      vertex -2.37764 -0.772542 19.6254
      vertex -2.37764 -0.772542 -19.6254
    endloop
  endfacet
  facet normal 0.891003 -0.453998 6.55429e-05
    outer loop
      vertex -2.37764 0.772542 19.6254
      vertex -2.02254 1.46946 19.6963
      vertex -2.15932 1.20102 19.6963
    endloop
  endfacet
  facet normal 0.891005 -0.453993 0
    outer loop
      vertex -2.02254 1.46946 19.6963
      vertex -2.37764 0.772542 19.6254
      vertex -2.02254 1.46946 -19.6963
    endloop
  endfacet
  facet normal 0.891005 -0.453993 0
    outer loop
      vertex -2.37764 0.772542 -19.6254
      vertex -2.02254 1.46946 -19.6963
      vertex -2.37764 0.772542 19.6254
    endloop
  endfacet
  facet normal 0.891003 -0.453998 -6.55429e-05
    outer loop
      vertex -2.02254 1.46946 -19.6963
      vertex -2.37764 0.772542 -19.6254
      vertex -2.15932 1.20102 -19.6963
    endloop
  endfacet
  facet normal 0.707107 -0.707107 0
    outer loop
      vertex -2.02254 1.46946 19.6963
      vertex -1.46946 2.02254 -19.6963
      vertex -1.46946 2.02254 19.6963
    endloop
  endfacet
  facet normal 0.707107 -0.707107 0
    outer loop
      vertex -1.46946 2.02254 -19.6963
      vertex -2.02254 1.46946 19.6963
      vertex -2.02254 1.46946 -19.6963
    endloop
  endfacet
  facet normal -0.987688 0.156436 0
    outer loop
      vertex 2.37764 -0.772542 -19.6963
      vertex 2.5 0 19.6963
      vertex 2.5 0 -19.6963
    endloop
  endfacet
  facet normal -0.987688 0.156436 0
    outer loop
      vertex 2.5 0 19.6963
      vertex 2.37764 -0.772542 -19.6963
      vertex 2.37764 -0.772542 19.6963
    endloop
  endfacet
  facet normal 0.707107 0.707107 0
    outer loop
      vertex -1.46946 -2.02254 19.6963
      vertex -2.02254 -1.46946 -19.6963
      vertex -2.02254 -1.46946 19.6963
    endloop
  endfacet
  facet normal 0.707107 0.707107 0
    outer loop
      vertex -2.02254 -1.46946 -19.6963
      vertex -1.46946 -2.02254 19.6963
      vertex -1.46946 -2.02254 -19.6963
    endloop
  endfacet
  facet normal 0.453993 0.891005 -0
    outer loop
      vertex -0.772542 -2.37764 -19.6963
      vertex -1.46946 -2.02254 19.6963
      vertex -0.772542 -2.37764 19.6963
    endloop
  endfacet
  facet normal 0.453993 0.891005 0
    outer loop
      vertex -1.46946 -2.02254 19.6963
      vertex -0.772542 -2.37764 -19.6963
      vertex -1.46946 -2.02254 -19.6963
    endloop
  endfacet
endsolid OpenSCAD_Model
