solid OpenSCAD_Model
  facet normal -0.454037 -0.890983 0
    outer loop
      vertex 36.3974 1.42658 4.69624
      vertex 36.8155 1.21352 -4.58702
      vertex 36.8155 1.21352 4.58702
    endloop
  endfacet
  facet normal -0.454037 -0.890983 0
    outer loop
      vertex 36.8155 1.21352 -4.58702
      vertex 36.3974 1.42658 4.69624
      vertex 36.3974 1.42658 -4.69624
    endloop
  endfacet
  facet normal -0.891051 -0.453903 -0.000848752
    outer loop
      vertex 37.3604 0.463525 -4.55404
      vertex 37.1474 0.881678 -4.56249
      vertex 37.337 0.509477 -4.56249
    endloop
  endfacet
  facet normal -0.891058 -0.45389 0
    outer loop
      vertex 37.1474 0.881678 -4.56249
      vertex 37.3604 0.463525 -4.55404
      vertex 37.1474 0.881678 4.56249
    endloop
  endfacet
  facet normal -0.891058 -0.45389 -0
    outer loop
      vertex 37.3604 0.463525 4.55404
      vertex 37.1474 0.881678 4.56249
      vertex 37.3604 0.463525 -4.55404
    endloop
  endfacet
  facet normal -0.891051 -0.453903 0.000848752
    outer loop
      vertex 37.1474 0.881678 4.56249
      vertex 37.3604 0.463525 4.55404
      vertex 37.337 0.509477 4.56249
    endloop
  endfacet
  facet normal -0.98766 -0.156611 0
    outer loop
      vertex 37.4339 0 -4.55404
      vertex 37.3604 0.463525 4.55404
      vertex 37.3604 0.463525 -4.55404
    endloop
  endfacet
  facet normal -0.98766 -0.156611 0
    outer loop
      vertex 37.3604 0.463525 4.55404
      vertex 37.4339 0 -4.55404
      vertex 37.4339 0 4.55404
    endloop
  endfacet
  facet normal -0.707012 -0.707201 -0.000896615
    outer loop
      vertex 37.1474 0.881678 -4.56249
      vertex 36.8155 1.21352 -4.58702
      vertex 37.06 0.969083 -4.58494
    endloop
  endfacet
  facet normal -0.707045 -0.707169 0
    outer loop
      vertex 36.8155 1.21352 -4.58702
      vertex 37.1474 0.881678 -4.56249
      vertex 36.8155 1.21352 4.58702
    endloop
  endfacet
  facet normal -0.707045 -0.707169 -0
    outer loop
      vertex 37.1474 0.881678 4.56249
      vertex 36.8155 1.21352 4.58702
      vertex 37.1474 0.881678 -4.56249
    endloop
  endfacet
  facet normal -0.707012 -0.707201 0.000896615
    outer loop
      vertex 36.8155 1.21352 4.58702
      vertex 37.1474 0.881678 4.56249
      vertex 37.06 0.969083 4.58494
    endloop
  endfacet
  facet normal 0.454037 -0.890983 0
    outer loop
      vertex 35.0522 1.21352 5.51053
      vertex 35.4703 1.42658 -5.18176
      vertex 35.4703 1.42658 5.18176
    endloop
  endfacet
  facet normal 0.454037 -0.890983 0
    outer loop
      vertex 35.4703 1.42658 -5.18176
      vertex 35.0522 1.21352 5.51053
      vertex 35.0522 1.21352 -5.51053
    endloop
  endfacet
  facet normal 0.891234 -0.453544 0.000848388
    outer loop
      vertex 34.5073 0.463525 6.04831
      vertex 34.7203 0.881678 5.83359
      vertex 34.5307 0.509477 6.03224
    endloop
  endfacet
  facet normal 0.891058 -0.45389 0
    outer loop
      vertex 34.7203 0.881678 5.83359
      vertex 34.5073 0.463525 6.04831
      vertex 34.7203 0.881678 -5.83359
    endloop
  endfacet
  facet normal 0.891058 -0.45389 0
    outer loop
      vertex 34.5073 0.463525 -6.04831
      vertex 34.7203 0.881678 -5.83359
      vertex 34.5073 0.463525 6.04831
    endloop
  endfacet
  facet normal 0.891234 -0.453544 -0.000848388
    outer loop
      vertex 34.7203 0.881678 -5.83359
      vertex 34.5073 0.463525 -6.04831
      vertex 34.5307 0.509477 -6.03224
    endloop
  endfacet
  facet normal -0.98766 0.156611 0
    outer loop
      vertex 37.3604 -0.463525 -4.55404
      vertex 37.4339 0 4.55404
      vertex 37.4339 0 -4.55404
    endloop
  endfacet
  facet normal -0.98766 0.156611 0
    outer loop
      vertex 37.4339 0 4.55404
      vertex 37.3604 -0.463525 -4.55404
      vertex 37.3604 -0.463525 4.55404
    endloop
  endfacet
  facet normal -0.156453 -0.987685 0
    outer loop
      vertex 35.9339 1.5 4.90118
      vertex 36.3974 1.42658 -4.69624
      vertex 36.3974 1.42658 4.69624
    endloop
  endfacet
  facet normal -0.156453 -0.987685 0
    outer loop
      vertex 36.3974 1.42658 -4.69624
      vertex 35.9339 1.5 4.90118
      vertex 35.9339 1.5 -4.90118
    endloop
  endfacet
  facet normal -0.156453 0.987685 0
    outer loop
      vertex 36.3974 -1.42658 -4.69624
      vertex 35.9339 -1.5 4.90118
      vertex 36.3974 -1.42658 4.69624
    endloop
  endfacet
  facet normal -0.156453 0.987685 0
    outer loop
      vertex 35.9339 -1.5 4.90118
      vertex 36.3974 -1.42658 -4.69624
      vertex 35.9339 -1.5 -4.90118
    endloop
  endfacet
  facet normal -0.707012 0.707201 -0.000896615
    outer loop
      vertex 36.8155 -1.21352 -4.58702
      vertex 37.1474 -0.881678 -4.56249
      vertex 37.06 -0.969083 -4.58494
    endloop
  endfacet
  facet normal -0.707045 0.707169 0
    outer loop
      vertex 37.1474 -0.881678 -4.56249
      vertex 36.8155 -1.21352 -4.58702
      vertex 37.1474 -0.881678 4.56249
    endloop
  endfacet
  facet normal -0.707045 0.707169 0
    outer loop
      vertex 36.8155 -1.21352 4.58702
      vertex 37.1474 -0.881678 4.56249
      vertex 36.8155 -1.21352 -4.58702
    endloop
  endfacet
  facet normal -0.707012 0.707201 0.000896615
    outer loop
      vertex 37.1474 -0.881678 4.56249
      vertex 36.8155 -1.21352 4.58702
      vertex 37.06 -0.969083 4.58494
    endloop
  endfacet
  facet normal 0.891234 0.453544 0.000848388
    outer loop
      vertex 34.7203 -0.881678 5.83359
      vertex 34.5073 -0.463525 6.04831
      vertex 34.5307 -0.509477 6.03224
    endloop
  endfacet
  facet normal 0.891058 0.45389 0
    outer loop
      vertex 34.5073 -0.463525 6.04831
      vertex 34.7203 -0.881678 5.83359
      vertex 34.5073 -0.463525 -6.04831
    endloop
  endfacet
  facet normal 0.891058 0.45389 -0
    outer loop
      vertex 34.7203 -0.881678 -5.83359
      vertex 34.5073 -0.463525 -6.04831
      vertex 34.7203 -0.881678 5.83359
    endloop
  endfacet
  facet normal 0.891234 0.453544 -0.000848388
    outer loop
      vertex 34.5073 -0.463525 -6.04831
      vertex 34.7203 -0.881678 -5.83359
      vertex 34.5307 -0.509477 -6.03224
    endloop
  endfacet
  facet normal -0.891051 0.453903 -0.000848752
    outer loop
      vertex 37.1474 -0.881678 -4.56249
      vertex 37.3604 -0.463525 -4.55404
      vertex 37.337 -0.509477 -4.56249
    endloop
  endfacet
  facet normal -0.891058 0.45389 0
    outer loop
      vertex 37.3604 -0.463525 -4.55404
      vertex 37.1474 -0.881678 -4.56249
      vertex 37.3604 -0.463525 4.55404
    endloop
  endfacet
  facet normal -0.891058 0.45389 0
    outer loop
      vertex 37.1474 -0.881678 4.56249
      vertex 37.3604 -0.463525 4.55404
      vertex 37.1474 -0.881678 -4.56249
    endloop
  endfacet
  facet normal -0.891051 0.453903 0.000848752
    outer loop
      vertex 37.3604 -0.463525 4.55404
      vertex 37.1474 -0.881678 4.56249
      vertex 37.337 -0.509477 4.56249
    endloop
  endfacet
  facet normal 0.707481 -0.706732 0.000897047
    outer loop
      vertex 34.7203 0.881678 5.83359
      vertex 35.0522 1.21352 5.51053
      vertex 34.8077 0.969083 5.76449
    endloop
  endfacet
  facet normal 0.707045 -0.707169 0
    outer loop
      vertex 34.7203 0.881678 5.83359
      vertex 35.0522 1.21352 -5.51053
      vertex 35.0522 1.21352 5.51053
    endloop
  endfacet
  facet normal 0.707045 -0.707169 0
    outer loop
      vertex 34.7203 0.881678 -5.83359
      vertex 35.0522 1.21352 -5.51053
      vertex 34.7203 0.881678 5.83359
    endloop
  endfacet
  facet normal 0.707481 -0.706732 -0.000897047
    outer loop
      vertex 35.0522 1.21352 -5.51053
      vertex 34.7203 0.881678 -5.83359
      vertex 34.8077 0.969083 -5.76449
    endloop
  endfacet
  facet normal -0.454037 0.890983 0
    outer loop
      vertex 36.8155 -1.21352 -4.58702
      vertex 36.3974 -1.42658 4.69624
      vertex 36.8155 -1.21352 4.58702
    endloop
  endfacet
  facet normal -0.454037 0.890983 0
    outer loop
      vertex 36.3974 -1.42658 4.69624
      vertex 36.8155 -1.21352 -4.58702
      vertex 36.3974 -1.42658 -4.69624
    endloop
  endfacet
  facet normal 0.15642 -0.987691 0
    outer loop
      vertex 35.4703 1.42658 5.18176
      vertex 35.9339 1.5 -4.90118
      vertex 35.9339 1.5 4.90118
    endloop
  endfacet
  facet normal 0.15642 -0.987691 0
    outer loop
      vertex 35.9339 1.5 -4.90118
      vertex 35.4703 1.42658 5.18176
      vertex 35.4703 1.42658 -5.18176
    endloop
  endfacet
  facet normal 0.987693 -0.156403 0
    outer loop
      vertex 34.4339 0 6.12521
      vertex 34.5073 0.463525 -6.04831
      vertex 34.5073 0.463525 6.04831
    endloop
  endfacet
  facet normal 0.987693 -0.156403 0
    outer loop
      vertex 34.5073 0.463525 -6.04831
      vertex 34.4339 0 6.12521
      vertex 34.4339 0 -6.12521
    endloop
  endfacet
  facet normal 0.15642 0.987691 -0
    outer loop
      vertex 35.9339 -1.5 -4.90118
      vertex 35.4703 -1.42658 5.18176
      vertex 35.9339 -1.5 4.90118
    endloop
  endfacet
  facet normal 0.15642 0.987691 0
    outer loop
      vertex 35.4703 -1.42658 5.18176
      vertex 35.9339 -1.5 -4.90118
      vertex 35.4703 -1.42658 -5.18176
    endloop
  endfacet
  facet normal 0.987693 0.156403 0
    outer loop
      vertex 34.5073 -0.463525 6.04831
      vertex 34.4339 0 -6.12521
      vertex 34.4339 0 6.12521
    endloop
  endfacet
  facet normal 0.987693 0.156403 0
    outer loop
      vertex 34.4339 0 -6.12521
      vertex 34.5073 -0.463525 6.04831
      vertex 34.5073 -0.463525 -6.04831
    endloop
  endfacet
  facet normal 0.707481 0.706732 0.000897047
    outer loop
      vertex 35.0522 -1.21352 5.51053
      vertex 34.7203 -0.881678 5.83359
      vertex 34.8077 -0.969083 5.76449
    endloop
  endfacet
  facet normal 0.707045 0.707169 -0
    outer loop
      vertex 35.0522 -1.21352 -5.51053
      vertex 34.7203 -0.881678 5.83359
      vertex 35.0522 -1.21352 5.51053
    endloop
  endfacet
  facet normal 0.707481 0.706732 -0.000897047
    outer loop
      vertex 34.7203 -0.881678 -5.83359
      vertex 35.0522 -1.21352 -5.51053
      vertex 34.8077 -0.969083 -5.76449
    endloop
  endfacet
  facet normal 0.707045 0.707169 0
    outer loop
      vertex 35.0522 -1.21352 -5.51053
      vertex 34.7203 -0.881678 -5.83359
      vertex 34.7203 -0.881678 5.83359
    endloop
  endfacet
  facet normal 0.454037 0.890983 -0
    outer loop
      vertex 35.4703 -1.42658 -5.18176
      vertex 35.0522 -1.21352 5.51053
      vertex 35.4703 -1.42658 5.18176
    endloop
  endfacet
  facet normal 0.454037 0.890983 0
    outer loop
      vertex 35.0522 -1.21352 5.51053
      vertex 35.4703 -1.42658 -5.18176
      vertex 35.0522 -1.21352 -5.51053
    endloop
  endfacet
  facet normal 0.256667 0.966495 0.00323374
    outer loop
      vertex -18.1237 29.6279 5.82873
      vertex -18.577 29.7493 5.52397
      vertex -18.4263 29.7089 5.63738
    endloop
  endfacet
  facet normal 0.258697 0.965959 0
    outer loop
      vertex -18.1237 29.6279 5.82873
      vertex -18.577 29.7493 -5.52397
      vertex -18.577 29.7493 5.52397
    endloop
  endfacet
  facet normal 0.258697 0.965959 -0
    outer loop
      vertex -18.1237 29.6279 -5.82873
      vertex -18.577 29.7493 -5.52397
      vertex -18.1237 29.6279 5.82873
    endloop
  endfacet
  facet normal 0.256667 0.966495 -0.00323374
    outer loop
      vertex -18.577 29.7493 -5.52397
      vertex -18.1237 29.6279 -5.82873
      vertex -18.4263 29.7089 -5.63738
    endloop
  endfacet
  facet normal 0.838693 -0.544602 0.00135953
    outer loop
      vertex -19.3372 31.7297 4.55763
      vertex -19.0816 32.1233 4.5469
      vertex -19.2082 31.9284 4.57309
    endloop
  endfacet
  facet normal 0.838677 -0.544629 0
    outer loop
      vertex -19.0816 32.1233 4.5469
      vertex -19.3372 31.7297 4.55763
      vertex -19.0816 32.1233 -4.5469
    endloop
  endfacet
  facet normal 0.838677 -0.544629 0
    outer loop
      vertex -19.3372 31.7297 -4.55763
      vertex -19.0816 32.1233 -4.5469
      vertex -19.3372 31.7297 4.55763
    endloop
  endfacet
  facet normal 0.838693 -0.544602 -0.00135953
    outer loop
      vertex -19.0816 32.1233 -4.5469
      vertex -19.3372 31.7297 -4.55763
      vertex -19.2082 31.9284 -4.57309
    endloop
  endfacet
  facet normal 0.629418 -0.777066 0.00142928
    outer loop
      vertex -19.0816 32.1233 4.5469
      vertex -18.7169 32.4187 4.54458
      vertex -18.8525 32.3089 4.5636
    endloop
  endfacet
  facet normal 0.629413 -0.777071 0
    outer loop
      vertex -19.0816 32.1233 4.5469
      vertex -18.7169 32.4187 -4.54458
      vertex -18.7169 32.4187 4.54458
    endloop
  endfacet
  facet normal 0.629413 -0.777071 0
    outer loop
      vertex -19.0816 32.1233 -4.5469
      vertex -18.7169 32.4187 -4.54458
      vertex -19.0816 32.1233 4.5469
    endloop
  endfacet
  facet normal 0.629418 -0.777066 -0.00142928
    outer loop
      vertex -18.7169 32.4187 -4.54458
      vertex -19.0816 32.1233 -4.5469
      vertex -18.8525 32.3089 -4.5636
    endloop
  endfacet
  facet normal 0.965891 -0.258947 -0.000576851
    outer loop
      vertex -19.4587 31.2764 4.60046
      vertex -19.3372 31.7297 4.55763
      vertex -19.4183 31.4271 4.5983
    endloop
  endfacet
  facet normal 0.965905 -0.258896 0
    outer loop
      vertex -19.3372 31.7297 4.55763
      vertex -19.4587 31.2764 4.60046
      vertex -19.3372 31.7297 -4.55763
    endloop
  endfacet
  facet normal 0.965905 -0.258896 0
    outer loop
      vertex -19.4587 31.2764 -4.60046
      vertex -19.3372 31.7297 -4.55763
      vertex -19.4587 31.2764 4.60046
    endloop
  endfacet
  facet normal 0.965891 -0.258947 0.000576851
    outer loop
      vertex -19.3372 31.7297 -4.55763
      vertex -19.4587 31.2764 -4.60046
      vertex -19.4183 31.4271 -4.5983
    endloop
  endfacet
  facet normal -0.529623 -0.845487 -0.0682028
    outer loop
      vertex -17.3568 32.49 4.59714
      vertex -16.9632 32.2344 4.70926
      vertex -17.3352 32.4759 4.6042
    endloop
  endfacet
  facet normal -0.544629 -0.838677 0
    outer loop
      vertex -17.3568 32.49 -4.59714
      vertex -16.9632 32.2344 4.70926
      vertex -17.3568 32.49 4.59714
    endloop
  endfacet
  facet normal -0.546595 -0.837397 0.000118338
    outer loop
      vertex -17.3352 32.4759 -4.6042
      vertex -16.9632 32.2344 4.70926
      vertex -17.3568 32.49 -4.59714
    endloop
  endfacet
  facet normal -0.544513 -0.838753 -0
    outer loop
      vertex -16.9632 32.2344 4.70926
      vertex -17.3352 32.4759 -4.6042
      vertex -16.9632 32.2344 -4.70926
    endloop
  endfacet
  facet normal 0.933587 0.358351 0
    outer loop
      vertex -19.266 30.3696 4.91779
      vertex -19.4342 30.8078 -4.71205
      vertex -19.4342 30.8078 4.71205
    endloop
  endfacet
  facet normal 0.933587 0.358351 0
    outer loop
      vertex -19.4342 30.8078 -4.71205
      vertex -19.266 30.3696 4.91779
      vertex -19.266 30.3696 -4.91779
    endloop
  endfacet
  facet normal 0.0520268 -0.99863 0.00553193
    outer loop
      vertex -18.2788 32.5869 4.54935
      vertex -17.8101 32.6114 4.56408
      vertex -17.8744 32.6081 4.57309
    endloop
  endfacet
  facet normal 0.052201 -0.998637 0
    outer loop
      vertex -18.2788 32.5869 -4.54935
      vertex -17.8101 32.6114 4.56408
      vertex -18.2788 32.5869 4.54935
    endloop
  endfacet
  facet normal 0.052201 -0.998637 0
    outer loop
      vertex -18.2788 32.5869 -4.54935
      vertex -17.8101 32.6114 -4.56408
      vertex -17.8101 32.6114 4.56408
    endloop
  endfacet
  facet normal 0.0520268 -0.99863 -0.00553193
    outer loop
      vertex -17.8101 32.6114 -4.56408
      vertex -18.2788 32.5869 -4.54935
      vertex -17.8744 32.6081 -4.57309
    endloop
  endfacet
  facet normal -0.0515683 0.998668 -0.00142369
    outer loop
      vertex -17.6551 29.6524 6.04117
      vertex -18.1237 29.6279 5.82873
      vertex -17.8871 29.6403 5.95686
    endloop
  endfacet
  facet normal -0.0522121 0.998636 0
    outer loop
      vertex -17.6551 29.6524 6.04117
      vertex -18.1237 29.6279 -5.82873
      vertex -18.1237 29.6279 5.82873
    endloop
  endfacet
  facet normal -0.0522121 0.998636 0
    outer loop
      vertex -17.6551 29.6524 -6.04117
      vertex -18.1237 29.6279 -5.82873
      vertex -17.6551 29.6524 6.04117
    endloop
  endfacet
  facet normal -0.0515683 0.998668 0.00142369
    outer loop
      vertex -18.1237 29.6279 -5.82873
      vertex -17.6551 29.6524 -6.04117
      vertex -17.8871 29.6403 -5.95686
    endloop
  endfacet
  facet normal -0.93356 -0.358422 0
    outer loop
      vertex -16.4997 31.4315 -5.19478
      vertex -16.6679 31.8696 4.91487
      vertex -16.6679 31.8696 -4.91487
    endloop
  endfacet
  facet normal -0.93356 -0.358422 0
    outer loop
      vertex -16.6679 31.8696 4.91487
      vertex -16.4997 31.4315 -5.19478
      vertex -16.4997 31.4315 5.19478
    endloop
  endfacet
  facet normal -0.258697 -0.965959 0
    outer loop
      vertex -17.8101 32.6114 -4.56408
      vertex -17.3568 32.49 4.59714
      vertex -17.8101 32.6114 4.56408
    endloop
  endfacet
  facet normal -0.258697 -0.965959 -0
    outer loop
      vertex -17.3568 32.49 4.59714
      vertex -17.8101 32.6114 -4.56408
      vertex -17.3568 32.49 -4.59714
    endloop
  endfacet
  facet normal 0.777071 0.629413 0
    outer loop
      vertex -18.9706 30.0049 5.19757
      vertex -19.266 30.3696 -4.91779
      vertex -19.266 30.3696 4.91779
    endloop
  endfacet
  facet normal 0.777071 0.629413 0
    outer loop
      vertex -19.266 30.3696 -4.91779
      vertex -18.9706 30.0049 5.19757
      vertex -18.9706 30.0049 -5.19757
    endloop
  endfacet
  facet normal -0.998631 -0.0523103 0
    outer loop
      vertex -16.4765 30.9886 -5.50366
      vertex -16.4997 31.4315 5.19478
      vertex -16.4997 31.4315 -5.19478
    endloop
  endfacet
  facet normal -0.998631 -0.0523103 0
    outer loop
      vertex -16.4765 30.9886 -5.50366
      vertex -16.4765 30.9886 5.50366
      vertex -16.4997 31.4315 5.19478
    endloop
  endfacet
  facet normal -0.998531 -0.0541839 0
    outer loop
      vertex -16.4751 30.9628 -5.52065
      vertex -16.4765 30.9886 5.50366
      vertex -16.4765 30.9886 -5.50366
    endloop
  endfacet
  facet normal -0.998531 -0.0541839 0
    outer loop
      vertex -16.4765 30.9886 5.50366
      vertex -16.4751 30.9628 -5.52065
      vertex -16.4751 30.9628 5.52065
    endloop
  endfacet
  facet normal 0.544629 0.838677 0
    outer loop
      vertex -18.577 29.7493 5.52397
      vertex -18.9706 30.0049 -5.19757
      vertex -18.9706 30.0049 5.19757
    endloop
  endfacet
  facet normal 0.544629 0.838677 0
    outer loop
      vertex -18.9706 30.0049 -5.19757
      vertex -18.577 29.7493 5.52397
      vertex -18.577 29.7493 -5.52397
    endloop
  endfacet
  facet normal -0.77726 -0.62918 0
    outer loop
      vertex -16.6679 31.8696 -4.91487
      vertex -16.9632 32.2344 4.70926
      vertex -16.9632 32.2344 -4.70926
    endloop
  endfacet
  facet normal -0.77726 -0.62918 0
    outer loop
      vertex -16.9632 32.2344 4.70926
      vertex -16.6679 31.8696 -4.91487
      vertex -16.6679 31.8696 4.91487
    endloop
  endfacet
  facet normal 0.998636 0.0522121 0
    outer loop
      vertex -19.4342 30.8078 4.71205
      vertex -19.4587 31.2764 -4.60046
      vertex -19.4587 31.2764 4.60046
    endloop
  endfacet
  facet normal 0.998636 0.0522121 0
    outer loop
      vertex -19.4587 31.2764 -4.60046
      vertex -19.4342 30.8078 4.71205
      vertex -19.4342 30.8078 -4.71205
    endloop
  endfacet
  facet normal -0.629416 0.777068 -0.00110927
    outer loop
      vertex -16.8522 30.1159 6.04362
      vertex -17.2169 29.8206 6.11575
      vertex -16.9472 30.039 6.07791
    endloop
  endfacet
  facet normal -0.629284 0.777175 0
    outer loop
      vertex -16.8522 30.1159 -6.04362
      vertex -17.2169 29.8206 6.11575
      vertex -16.8522 30.1159 6.04362
    endloop
  endfacet
  facet normal -0.629416 0.777068 0.00110927
    outer loop
      vertex -17.2169 29.8206 -6.11575
      vertex -16.8522 30.1159 -6.04362
      vertex -16.9472 30.039 -6.07791
    endloop
  endfacet
  facet normal -0.629284 0.777175 0
    outer loop
      vertex -16.8522 30.1159 -6.04362
      vertex -17.2169 29.8206 -6.11575
      vertex -17.2169 29.8206 6.11575
    endloop
  endfacet
  facet normal -0.965905 0.258896 0
    outer loop
      vertex -16.5966 30.5095 -5.83518
      vertex -16.4751 30.9628 5.52065
      vertex -16.4751 30.9628 -5.52065
    endloop
  endfacet
  facet normal -0.965905 0.258896 0
    outer loop
      vertex -16.4751 30.9628 5.52065
      vertex -16.5966 30.5095 -5.83518
      vertex -16.5966 30.5095 5.83518
    endloop
  endfacet
  facet normal -0.358137 0.933668 -0.0014404
    outer loop
      vertex -17.2169 29.8206 6.11575
      vertex -17.6551 29.6524 6.04117
      vertex -17.3798 29.7581 6.10619
    endloop
  endfacet
  facet normal -0.358351 0.933587 0
    outer loop
      vertex -17.2169 29.8206 6.11575
      vertex -17.6551 29.6524 -6.04117
      vertex -17.6551 29.6524 6.04117
    endloop
  endfacet
  facet normal -0.358351 0.933587 0
    outer loop
      vertex -17.2169 29.8206 -6.11575
      vertex -17.6551 29.6524 -6.04117
      vertex -17.2169 29.8206 6.11575
    endloop
  endfacet
  facet normal -0.358137 0.933668 0.0014404
    outer loop
      vertex -17.6551 29.6524 -6.04117
      vertex -17.2169 29.8206 -6.11575
      vertex -17.3798 29.7581 -6.10619
    endloop
  endfacet
  facet normal 0.35847 -0.933524 -0.00563511
    outer loop
      vertex -18.7169 32.4187 4.54458
      vertex -18.2788 32.5869 4.54935
      vertex -18.3929 32.543 4.5636
    endloop
  endfacet
  facet normal 0.358422 -0.93356 0
    outer loop
      vertex -18.7169 32.4187 -4.54458
      vertex -18.2788 32.5869 4.54935
      vertex -18.7169 32.4187 4.54458
    endloop
  endfacet
  facet normal 0.358422 -0.93356 0
    outer loop
      vertex -18.7169 32.4187 -4.54458
      vertex -18.2788 32.5869 -4.54935
      vertex -18.2788 32.5869 4.54935
    endloop
  endfacet
  facet normal 0.35847 -0.933524 0.00563511
    outer loop
      vertex -18.2788 32.5869 -4.54935
      vertex -18.7169 32.4187 -4.54458
      vertex -18.3929 32.543 -4.5636
    endloop
  endfacet
  facet normal -0.840447 0.541842 0.00743277
    outer loop
      vertex -16.8522 30.1159 -6.04362
      vertex -16.5966 30.5095 -5.83518
      vertex -16.6317 30.4556 -5.87479
    endloop
  endfacet
  facet normal -0.838677 0.544629 0
    outer loop
      vertex -16.5966 30.5095 -5.83518
      vertex -16.8522 30.1159 -6.04362
      vertex -16.5966 30.5095 5.83518
    endloop
  endfacet
  facet normal -0.838677 0.544629 0
    outer loop
      vertex -16.8522 30.1159 6.04362
      vertex -16.5966 30.5095 5.83518
      vertex -16.8522 30.1159 -6.04362
    endloop
  endfacet
  facet normal -0.840447 0.541842 -0.00743277
    outer loop
      vertex -16.5966 30.5095 5.83518
      vertex -16.8522 30.1159 6.04362
      vertex -16.6317 30.4556 5.87479
    endloop
  endfacet
  facet normal -0.258697 0.965959 0
    outer loop
      vertex -17.3568 -32.49 4.59714
      vertex -17.8101 -32.6114 -4.56408
      vertex -17.8101 -32.6114 4.56408
    endloop
  endfacet
  facet normal -0.258697 0.965959 0
    outer loop
      vertex -17.8101 -32.6114 -4.56408
      vertex -17.3568 -32.49 4.59714
      vertex -17.3568 -32.49 -4.59714
    endloop
  endfacet
  facet normal 0.965891 0.258947 -0.000576851
    outer loop
      vertex -19.3372 -31.7297 4.55763
      vertex -19.4587 -31.2764 4.60046
      vertex -19.4183 -31.4271 4.5983
    endloop
  endfacet
  facet normal 0.965905 0.258896 0
    outer loop
      vertex -19.4587 -31.2764 4.60046
      vertex -19.3372 -31.7297 4.55763
      vertex -19.4587 -31.2764 -4.60046
    endloop
  endfacet
  facet normal 0.965905 0.258896 -0
    outer loop
      vertex -19.3372 -31.7297 -4.55763
      vertex -19.4587 -31.2764 -4.60046
      vertex -19.3372 -31.7297 4.55763
    endloop
  endfacet
  facet normal 0.965891 0.258947 0.000576851
    outer loop
      vertex -19.4587 -31.2764 -4.60046
      vertex -19.3372 -31.7297 -4.55763
      vertex -19.4183 -31.4271 -4.5983
    endloop
  endfacet
  facet normal 0.998636 -0.0522121 0
    outer loop
      vertex -19.4587 -31.2764 4.60046
      vertex -19.4342 -30.8078 -4.71205
      vertex -19.4342 -30.8078 4.71205
    endloop
  endfacet
  facet normal 0.998636 -0.0522121 0
    outer loop
      vertex -19.4342 -30.8078 -4.71205
      vertex -19.4587 -31.2764 4.60046
      vertex -19.4587 -31.2764 -4.60046
    endloop
  endfacet
  facet normal -0.0515683 -0.998668 -0.00142369
    outer loop
      vertex -18.1237 -29.6279 5.82873
      vertex -17.6551 -29.6524 6.04117
      vertex -17.8871 -29.6403 5.95686
    endloop
  endfacet
  facet normal -0.0522121 -0.998636 0
    outer loop
      vertex -18.1237 -29.6279 -5.82873
      vertex -17.6551 -29.6524 6.04117
      vertex -18.1237 -29.6279 5.82873
    endloop
  endfacet
  facet normal -0.0515683 -0.998668 0.00142369
    outer loop
      vertex -17.6551 -29.6524 -6.04117
      vertex -18.1237 -29.6279 -5.82873
      vertex -17.8871 -29.6403 -5.95686
    endloop
  endfacet
  facet normal -0.0522121 -0.998636 0
    outer loop
      vertex -18.1237 -29.6279 -5.82873
      vertex -17.6551 -29.6524 -6.04117
      vertex -17.6551 -29.6524 6.04117
    endloop
  endfacet
  facet normal 0.544629 -0.838677 0
    outer loop
      vertex -18.9706 -30.0049 -5.19757
      vertex -18.577 -29.7493 5.52397
      vertex -18.9706 -30.0049 5.19757
    endloop
  endfacet
  facet normal 0.544629 -0.838677 0
    outer loop
      vertex -18.577 -29.7493 5.52397
      vertex -18.9706 -30.0049 -5.19757
      vertex -18.577 -29.7493 -5.52397
    endloop
  endfacet
  facet normal -0.629416 -0.777068 -0.00110927
    outer loop
      vertex -17.2169 -29.8206 6.11575
      vertex -16.8522 -30.1159 6.04362
      vertex -16.9472 -30.039 6.07791
    endloop
  endfacet
  facet normal -0.629284 -0.777175 0
    outer loop
      vertex -17.2169 -29.8206 6.11575
      vertex -16.8522 -30.1159 -6.04362
      vertex -16.8522 -30.1159 6.04362
    endloop
  endfacet
  facet normal -0.629284 -0.777175 0
    outer loop
      vertex -17.2169 -29.8206 -6.11575
      vertex -16.8522 -30.1159 -6.04362
      vertex -17.2169 -29.8206 6.11575
    endloop
  endfacet
  facet normal -0.629416 -0.777068 0.00110927
    outer loop
      vertex -16.8522 -30.1159 -6.04362
      vertex -17.2169 -29.8206 -6.11575
      vertex -16.9472 -30.039 -6.07791
    endloop
  endfacet
  facet normal -0.965905 -0.258896 0
    outer loop
      vertex -16.4751 -30.9628 -5.52065
      vertex -16.5966 -30.5095 5.83518
      vertex -16.5966 -30.5095 -5.83518
    endloop
  endfacet
  facet normal -0.965905 -0.258896 0
    outer loop
      vertex -16.5966 -30.5095 5.83518
      vertex -16.4751 -30.9628 -5.52065
      vertex -16.4751 -30.9628 5.52065
    endloop
  endfacet
  facet normal 0.35847 0.933524 -0.00563511
    outer loop
      vertex -18.2788 -32.5869 4.54935
      vertex -18.7169 -32.4187 4.54458
      vertex -18.3929 -32.543 4.5636
    endloop
  endfacet
  facet normal 0.358422 0.93356 0
    outer loop
      vertex -18.2788 -32.5869 4.54935
      vertex -18.7169 -32.4187 -4.54458
      vertex -18.7169 -32.4187 4.54458
    endloop
  endfacet
  facet normal 0.358422 0.93356 -0
    outer loop
      vertex -18.2788 -32.5869 -4.54935
      vertex -18.7169 -32.4187 -4.54458
      vertex -18.2788 -32.5869 4.54935
    endloop
  endfacet
  facet normal 0.35847 0.933524 0.00563511
    outer loop
      vertex -18.7169 -32.4187 -4.54458
      vertex -18.2788 -32.5869 -4.54935
      vertex -18.3929 -32.543 -4.5636
    endloop
  endfacet
  facet normal 0.777071 -0.629413 0
    outer loop
      vertex -19.266 -30.3696 4.91779
      vertex -18.9706 -30.0049 -5.19757
      vertex -18.9706 -30.0049 5.19757
    endloop
  endfacet
  facet normal 0.777071 -0.629413 0
    outer loop
      vertex -18.9706 -30.0049 -5.19757
      vertex -19.266 -30.3696 4.91779
      vertex -19.266 -30.3696 -4.91779
    endloop
  endfacet
  facet normal -0.840447 -0.541842 0.00743277
    outer loop
      vertex -16.5966 -30.5095 -5.83518
      vertex -16.8522 -30.1159 -6.04362
      vertex -16.6317 -30.4556 -5.87479
    endloop
  endfacet
  facet normal -0.838677 -0.544629 0
    outer loop
      vertex -16.8522 -30.1159 -6.04362
      vertex -16.5966 -30.5095 -5.83518
      vertex -16.8522 -30.1159 6.04362
    endloop
  endfacet
  facet normal -0.838677 -0.544629 -0
    outer loop
      vertex -16.5966 -30.5095 5.83518
      vertex -16.8522 -30.1159 6.04362
      vertex -16.5966 -30.5095 -5.83518
    endloop
  endfacet
  facet normal -0.840447 -0.541842 -0.00743277
    outer loop
      vertex -16.8522 -30.1159 6.04362
      vertex -16.5966 -30.5095 5.83518
      vertex -16.6317 -30.4556 5.87479
    endloop
  endfacet
  facet normal -0.358137 -0.933668 -0.0014404
    outer loop
      vertex -17.6551 -29.6524 6.04117
      vertex -17.2169 -29.8206 6.11575
      vertex -17.3798 -29.7581 6.10619
    endloop
  endfacet
  facet normal -0.358351 -0.933587 0
    outer loop
      vertex -17.6551 -29.6524 -6.04117
      vertex -17.2169 -29.8206 6.11575
      vertex -17.6551 -29.6524 6.04117
    endloop
  endfacet
  facet normal -0.358137 -0.933668 0.0014404
    outer loop
      vertex -17.2169 -29.8206 -6.11575
      vertex -17.6551 -29.6524 -6.04117
      vertex -17.3798 -29.7581 -6.10619
    endloop
  endfacet
  facet normal -0.358351 -0.933587 0
    outer loop
      vertex -17.6551 -29.6524 -6.04117
      vertex -17.2169 -29.8206 -6.11575
      vertex -17.2169 -29.8206 6.11575
    endloop
  endfacet
  facet normal 0.256667 -0.966495 0.00323374
    outer loop
      vertex -18.577 -29.7493 5.52397
      vertex -18.1237 -29.6279 5.82873
      vertex -18.4263 -29.7089 5.63738
    endloop
  endfacet
  facet normal 0.258697 -0.965959 0
    outer loop
      vertex -18.577 -29.7493 -5.52397
      vertex -18.1237 -29.6279 5.82873
      vertex -18.577 -29.7493 5.52397
    endloop
  endfacet
  facet normal 0.256667 -0.966495 -0.00323374
    outer loop
      vertex -18.1237 -29.6279 -5.82873
      vertex -18.577 -29.7493 -5.52397
      vertex -18.4263 -29.7089 -5.63738
    endloop
  endfacet
  facet normal 0.258697 -0.965959 0
    outer loop
      vertex -18.577 -29.7493 -5.52397
      vertex -18.1237 -29.6279 -5.82873
      vertex -18.1237 -29.6279 5.82873
    endloop
  endfacet
  facet normal 0.0520268 0.99863 0.00553193
    outer loop
      vertex -17.8101 -32.6114 4.56408
      vertex -18.2788 -32.5869 4.54935
      vertex -17.8744 -32.6081 4.57309
    endloop
  endfacet
  facet normal 0.052201 0.998637 0
    outer loop
      vertex -17.8101 -32.6114 4.56408
      vertex -18.2788 -32.5869 -4.54935
      vertex -18.2788 -32.5869 4.54935
    endloop
  endfacet
  facet normal 0.052201 0.998637 -0
    outer loop
      vertex -17.8101 -32.6114 -4.56408
      vertex -18.2788 -32.5869 -4.54935
      vertex -17.8101 -32.6114 4.56408
    endloop
  endfacet
  facet normal 0.0520268 0.99863 -0.00553193
    outer loop
      vertex -18.2788 -32.5869 -4.54935
      vertex -17.8101 -32.6114 -4.56408
      vertex -17.8744 -32.6081 -4.57309
    endloop
  endfacet
  facet normal 0.629418 0.777066 0.00142928
    outer loop
      vertex -18.7169 -32.4187 4.54458
      vertex -19.0816 -32.1233 4.5469
      vertex -18.8525 -32.3089 4.5636
    endloop
  endfacet
  facet normal 0.629413 0.777071 -0
    outer loop
      vertex -18.7169 -32.4187 -4.54458
      vertex -19.0816 -32.1233 4.5469
      vertex -18.7169 -32.4187 4.54458
    endloop
  endfacet
  facet normal 0.629413 0.777071 0
    outer loop
      vertex -18.7169 -32.4187 -4.54458
      vertex -19.0816 -32.1233 -4.5469
      vertex -19.0816 -32.1233 4.5469
    endloop
  endfacet
  facet normal 0.629418 0.777066 -0.00142928
    outer loop
      vertex -19.0816 -32.1233 -4.5469
      vertex -18.7169 -32.4187 -4.54458
      vertex -18.8525 -32.3089 -4.5636
    endloop
  endfacet
  facet normal -0.529623 0.845487 -0.0682028
    outer loop
      vertex -16.9632 -32.2344 4.70926
      vertex -17.3568 -32.49 4.59714
      vertex -17.3352 -32.4759 4.6042
    endloop
  endfacet
  facet normal -0.544629 0.838677 0
    outer loop
      vertex -16.9632 -32.2344 4.70926
      vertex -17.3568 -32.49 -4.59714
      vertex -17.3568 -32.49 4.59714
    endloop
  endfacet
  facet normal -0.546595 0.837397 0.000118338
    outer loop
      vertex -16.9632 -32.2344 4.70926
      vertex -17.3352 -32.4759 -4.6042
      vertex -17.3568 -32.49 -4.59714
    endloop
  endfacet
  facet normal -0.544513 0.838753 0
    outer loop
      vertex -17.3352 -32.4759 -4.6042
      vertex -16.9632 -32.2344 4.70926
      vertex -16.9632 -32.2344 -4.70926
    endloop
  endfacet
  facet normal -0.77726 0.62918 0
    outer loop
      vertex -16.9632 -32.2344 -4.70926
      vertex -16.6679 -31.8696 4.91487
      vertex -16.6679 -31.8696 -4.91487
    endloop
  endfacet
  facet normal -0.77726 0.62918 0
    outer loop
      vertex -16.6679 -31.8696 4.91487
      vertex -16.9632 -32.2344 -4.70926
      vertex -16.9632 -32.2344 4.70926
    endloop
  endfacet
  facet normal 0.838693 0.544602 0.00135953
    outer loop
      vertex -19.0816 -32.1233 4.5469
      vertex -19.3372 -31.7297 4.55763
      vertex -19.2082 -31.9284 4.57309
    endloop
  endfacet
  facet normal 0.838677 0.544629 0
    outer loop
      vertex -19.3372 -31.7297 4.55763
      vertex -19.0816 -32.1233 4.5469
      vertex -19.3372 -31.7297 -4.55763
    endloop
  endfacet
  facet normal 0.838677 0.544629 -0
    outer loop
      vertex -19.0816 -32.1233 -4.5469
      vertex -19.3372 -31.7297 -4.55763
      vertex -19.0816 -32.1233 4.5469
    endloop
  endfacet
  facet normal 0.838693 0.544602 -0.00135953
    outer loop
      vertex -19.3372 -31.7297 -4.55763
      vertex -19.0816 -32.1233 -4.5469
      vertex -19.2082 -31.9284 -4.57309
    endloop
  endfacet
  facet normal 0.933587 -0.358351 0
    outer loop
      vertex -19.4342 -30.8078 4.71205
      vertex -19.266 -30.3696 -4.91779
      vertex -19.266 -30.3696 4.91779
    endloop
  endfacet
  facet normal 0.933587 -0.358351 0
    outer loop
      vertex -19.266 -30.3696 -4.91779
      vertex -19.4342 -30.8078 4.71205
      vertex -19.4342 -30.8078 -4.71205
    endloop
  endfacet
  facet normal -0.998531 0.0541839 0
    outer loop
      vertex -16.4765 -30.9886 -5.50366
      vertex -16.4751 -30.9628 5.52065
      vertex -16.4751 -30.9628 -5.52065
    endloop
  endfacet
  facet normal -0.998531 0.0541839 0
    outer loop
      vertex -16.4765 -30.9886 -5.50366
      vertex -16.4765 -30.9886 5.50366
      vertex -16.4751 -30.9628 5.52065
    endloop
  endfacet
  facet normal -0.998631 0.0523103 0
    outer loop
      vertex -16.4997 -31.4315 -5.19478
      vertex -16.4765 -30.9886 5.50366
      vertex -16.4765 -30.9886 -5.50366
    endloop
  endfacet
  facet normal -0.998631 0.0523103 0
    outer loop
      vertex -16.4765 -30.9886 5.50366
      vertex -16.4997 -31.4315 -5.19478
      vertex -16.4997 -31.4315 5.19478
    endloop
  endfacet
  facet normal -0.93356 0.358422 0
    outer loop
      vertex -16.6679 -31.8696 -4.91487
      vertex -16.4997 -31.4315 5.19478
      vertex -16.4997 -31.4315 -5.19478
    endloop
  endfacet
  facet normal -0.93356 0.358422 0
    outer loop
      vertex -16.4997 -31.4315 5.19478
      vertex -16.6679 -31.8696 -4.91487
      vertex -16.6679 -31.8696 4.91487
    endloop
  endfacet
  facet normal -0.141874 -0.278422 -0.949923
    outer loop
      vertex -1.99134 -3.68534 -21.7448
      vertex -2.78487 -4.47887 -21.3937
      vertex -2.14971 -3.60464 -21.7448
    endloop
  endfacet
  facet normal 0.141867 -0.278429 -0.949922
    outer loop
      vertex -1.30631 -4.71305 -21.3937
      vertex -1.64024 -3.68534 -21.7448
      vertex -0.846706 -4.47887 -21.3937
    endloop
  endfacet
  facet normal -0.308641 0.0488817 -0.949922
    outer loop
      vertex -2.38389 3.14504 -21.7448
      vertex -3.46449 3.14504 -21.3937
      vertex -3.3838 3.65452 -21.3937
    endloop
  endfacet
  facet normal 0.36165 0.626395 0.690535
    outer loop
      vertex 39.8117 2.07749 2.56791
      vertex -0.306408 5.22253 20.7258
      vertex 5.14096 2.07749 20.7258
    endloop
  endfacet
  facet normal 0.0927179 -0.58526 0.805527
    outer loop
      vertex -19.1511 -34.8195 3.23576
      vertex -19.1511 -35.7387 2.56791
      vertex -18.6417 -34.7388 3.23576
    endloop
  endfacet
  facet normal -0.368817 0.723912 0.583031
    outer loop
      vertex -20.151 36.2481 1.6487
      vertex -21.0531 35.7885 1.6487
      vertex -20.6605 35.2482 2.56791
    endloop
  endfacet
  facet normal 0.361649 -0.626396 -0.690534
    outer loop
      vertex 39.8117 -2.07749 -2.56791
      vertex -17.6418 -35.2482 -2.56791
      vertex -0.306408 -5.22253 -20.7258
    endloop
  endfacet
  facet normal -0.0927008 -0.585262 -0.805528
    outer loop
      vertex -19.1511 -35.7387 -2.56791
      vertex -19.9447 -35.613 -2.56791
      vertex -19.6606 -34.7388 -3.23576
    endloop
  endfacet
  facet normal -0.585287 -0.0926982 -0.80551
    outer loop
      vertex -4.25802 -3.93857 -20.7258
      vertex -4.3837 -3.14504 -20.7258
      vertex -3.3838 -3.65452 -21.3937
    endloop
  endfacet
  facet normal 0.368849 0.723894 -0.583033
    outer loop
      vertex -17.6418 35.2482 -2.56791
      vertex -18.1512 36.2481 -1.6487
      vertex -17.2492 35.7885 -1.6487
    endloop
  endfacet
  facet normal 0.422049 0.415301 -0.805853
    outer loop
      vertex 36.8155 1.21352 -4.58702
      vertex 39.6361 0.969083 -3.23576
      vertex 37.06 0.969083 -4.58494
    endloop
  endfacet
  facet normal 0.422062 0.4152 -0.805898
    outer loop
      vertex 39.6361 0.969083 -3.23576
      vertex 36.8155 1.21352 -4.58702
      vertex 40.3798 1.50938 -2.56791
    endloop
  endfacet
  facet normal 0.42208 0.415137 -0.805921
    outer loop
      vertex 36.3974 1.42658 -4.69624
      vertex 40.3798 1.50938 -2.56791
      vertex 36.8155 1.21352 -4.58702
    endloop
  endfacet
  facet normal 0.422105 0.415031 -0.805963
    outer loop
      vertex 35.9339 1.5 -4.90118
      vertex 40.3798 1.50938 -2.56791
      vertex 36.3974 1.42658 -4.69624
    endloop
  endfacet
  facet normal 0.421856 0.416193 -0.805494
    outer loop
      vertex 35.9339 1.5 -4.90118
      vertex 5.70906 1.50938 -20.7258
      vertex 40.3798 1.50938 -2.56791
    endloop
  endfacet
  facet normal 0.422152 0.414798 -0.806059
    outer loop
      vertex 35.4703 1.42658 -5.18176
      vertex 5.70906 1.50938 -20.7258
      vertex 35.9339 1.5 -4.90118
    endloop
  endfacet
  facet normal 0.422047 0.415298 -0.805856
    outer loop
      vertex 35.0522 1.21352 -5.51053
      vertex 5.70906 1.50938 -20.7258
      vertex 35.4703 1.42658 -5.18176
    endloop
  endfacet
  facet normal 0.422081 0.415132 -0.805924
    outer loop
      vertex 34.8077 0.969083 -5.76449
      vertex 5.70906 1.50938 -20.7258
      vertex 35.0522 1.21352 -5.51053
    endloop
  endfacet
  facet normal 0.422051 0.415283 -0.805861
    outer loop
      vertex 5.70906 1.50938 -20.7258
      vertex 34.8077 0.969083 -5.76449
      vertex 4.96541 0.969083 -21.3937
    endloop
  endfacet
  facet normal 0.269023 -0.527994 -0.805511
    outer loop
      vertex -0.306408 -5.22253 -20.7258
      vertex -1.02226 -5.58727 -20.7258
      vertex -0.846706 -4.47887 -21.3937
    endloop
  endfacet
  facet normal 0.361649 0.626396 0.690534
    outer loop
      vertex 39.8117 2.07749 2.56791
      vertex -17.6418 35.2482 2.56791
      vertex -0.306408 5.22253 20.7258
    endloop
  endfacet
  facet normal 0.220961 0.220963 0.949922
    outer loop
      vertex 4.60066 1.33383 21.3937
      vertex 4.09118 0.333922 21.7448
      vertex 4.96541 0.969083 21.3937
    endloop
  endfacet
  facet normal 0.220966 0.22096 0.949921
    outer loop
      vertex 4.09118 0.333922 21.7448
      vertex 4.60066 1.33383 21.3937
      vertex 3.9655 0.459605 21.7448
    endloop
  endfacet
  facet normal 0.368924 -0.723892 0.582989
    outer loop
      vertex -17.6418 -35.2482 2.56791
      vertex -18.3576 -35.613 2.56791
      vertex -18.1512 -36.2481 1.6487
    endloop
  endfacet
  facet normal 0.451498 0.230117 0.862088
    outer loop
      vertex 34.7203 0.881678 5.83359
      vertex 5.19959 0.509477 21.3937
      vertex 34.5307 0.509477 6.03224
    endloop
  endfacet
  facet normal 0.451503 0.230073 0.862097
    outer loop
      vertex 4.96541 0.969083 21.3937
      vertex 34.7203 0.881678 5.83359
      vertex 34.8077 0.969083 5.76449
    endloop
  endfacet
  facet normal 0.451506 0.230053 0.862101
    outer loop
      vertex 34.7203 0.881678 5.83359
      vertex 4.96541 0.969083 21.3937
      vertex 5.19959 0.509477 21.3937
    endloop
  endfacet
  facet normal 0.451497 0.230068 0.862102
    outer loop
      vertex 39.6361 0.969083 3.23576
      vertex 37.337 0.509477 4.56249
      vertex 39.8703 0.509477 3.23576
    endloop
  endfacet
  facet normal 0.451514 0.230002 0.86211
    outer loop
      vertex 39.6361 0.969083 3.23576
      vertex 37.1474 0.881678 4.56249
      vertex 37.337 0.509477 4.56249
    endloop
  endfacet
  facet normal 0.451508 0.230051 0.862101
    outer loop
      vertex 37.1474 0.881678 4.56249
      vertex 39.6361 0.969083 3.23576
      vertex 37.06 0.969083 4.58494
    endloop
  endfacet
  facet normal -0.723894 0.368849 0.583033
    outer loop
      vertex -21.7689 35.0727 1.6487
      vertex -22.2285 34.1707 1.6487
      vertex -21.2286 34.6801 2.56791
    endloop
  endfacet
  facet normal 0.0488817 -0.308641 -0.949922
    outer loop
      vertex -1.30631 -4.71305 -21.3937
      vertex -1.81579 -4.79374 -21.3937
      vertex -1.81579 -3.71314 -21.7448
    endloop
  endfacet
  facet normal -0.564879 0.163028 0.808909
    outer loop
      vertex -19.4183 31.4271 4.5983
      vertex -20.7192 33.6802 3.23576
      vertex -19.4587 31.2764 4.60046
    endloop
  endfacet
  facet normal -0.565008 0.162935 0.808838
    outer loop
      vertex -18.4263 29.7089 5.63738
      vertex -4.25802 3.93857 20.7258
      vertex -3.3838 3.65452 21.3937
    endloop
  endfacet
  facet normal -0.565014 0.16293 0.808835
    outer loop
      vertex -18.577 29.7493 5.52397
      vertex -4.25802 3.93857 20.7258
      vertex -18.4263 29.7089 5.63738
    endloop
  endfacet
  facet normal -0.564924 0.163007 0.808881
    outer loop
      vertex -18.9706 30.0049 5.19757
      vertex -4.25802 3.93857 20.7258
      vertex -18.577 29.7493 5.52397
    endloop
  endfacet
  facet normal -0.564772 0.16314 0.808961
    outer loop
      vertex -19.266 30.3696 4.91779
      vertex -4.25802 3.93857 20.7258
      vertex -18.9706 30.0049 5.19757
    endloop
  endfacet
  facet normal -0.564976 0.162949 0.808857
    outer loop
      vertex -21.5934 33.9643 2.56791
      vertex -19.4587 31.2764 4.60046
      vertex -20.7192 33.6802 3.23576
    endloop
  endfacet
  facet normal -0.564844 0.1631 0.808919
    outer loop
      vertex -19.4587 31.2764 4.60046
      vertex -21.5934 33.9643 2.56791
      vertex -19.4342 30.8078 4.71205
    endloop
  endfacet
  facet normal -0.564949 0.162985 0.808869
    outer loop
      vertex -19.266 30.3696 4.91779
      vertex -21.5934 33.9643 2.56791
      vertex -4.25802 3.93857 20.7258
    endloop
  endfacet
  facet normal -0.565127 0.162811 0.808779
    outer loop
      vertex -19.4342 30.8078 4.71205
      vertex -21.5934 33.9643 2.56791
      vertex -19.266 30.3696 4.91779
    endloop
  endfacet
  facet normal 0.314671 -0.617585 -0.720813
    outer loop
      vertex -17.6418 -35.2482 -2.56791
      vertex -1.02226 -5.58727 -20.7258
      vertex -0.306408 -5.22253 -20.7258
    endloop
  endfacet
  facet normal 0.314754 -0.6176 -0.720763
    outer loop
      vertex -1.02226 -5.58727 -20.7258
      vertex -17.6418 -35.2482 -2.56791
      vertex -18.3576 -35.613 -2.56791
    endloop
  endfacet
  facet normal 0.36165 0.626395 -0.690535
    outer loop
      vertex 5.14096 2.07749 -20.7258
      vertex -0.306408 5.22253 -20.7258
      vertex 39.8117 2.07749 -2.56791
    endloop
  endfacet
  facet normal 0.36165 -0.626395 -0.690535
    outer loop
      vertex 39.8117 -2.07749 -2.56791
      vertex -0.306408 -5.22253 -20.7258
      vertex 5.14096 -2.07749 -20.7258
    endloop
  endfacet
  facet normal 0.294964 -0.510893 -0.807456
    outer loop
      vertex -0.306408 -5.22253 -20.7258
      vertex 4.60066 -1.33383 -21.3937
      vertex 5.14096 -2.07749 -20.7258
    endloop
  endfacet
  facet normal 0.294964 -0.510893 -0.807455
    outer loop
      vertex 4.60066 -1.33383 -21.3937
      vertex -0.306408 -5.22253 -20.7258
      vertex -0.846706 -4.47887 -21.3937
    endloop
  endfacet
  facet normal 0.405281 0.701967 -0.585653
    outer loop
      vertex 39.8117 2.07749 -2.56791
      vertex -17.2492 35.7885 -1.6487
      vertex 40.2042 2.61778 -1.6487
    endloop
  endfacet
  facet normal 0.405268 0.701946 -0.585687
    outer loop
      vertex -17.2492 35.7885 -1.6487
      vertex 39.8117 2.07749 -2.56791
      vertex -17.6418 35.2482 -2.56791
    endloop
  endfacet
  facet normal 0.155275 0.268943 0.950558
    outer loop
      vertex 4.60066 1.33383 21.3937
      vertex 1.75776 1.73425 21.7448
      vertex 3.9655 0.459605 21.7448
    endloop
  endfacet
  facet normal 0.155285 0.269041 0.950528
    outer loop
      vertex 4.60066 1.33383 21.3937
      vertex 1.46946 2.02254 21.7103
      vertex 1.75776 1.73425 21.7448
    endloop
  endfacet
  facet normal 0.155263 0.268923 0.950565
    outer loop
      vertex -0.846706 4.47887 21.3937
      vertex 1.46946 2.02254 21.7103
      vertex 4.60066 1.33383 21.3937
    endloop
  endfacet
  facet normal 0.155332 0.268984 0.950536
    outer loop
      vertex 1.46946 2.02254 21.7103
      vertex -0.846706 4.47887 21.3937
      vertex 0.772542 2.37764 21.7237
    endloop
  endfacet
  facet normal 0.155263 0.268935 0.950562
    outer loop
      vertex -0.846706 4.47887 21.3937
      vertex 0.594533 2.40583 21.7448
      vertex 0.772542 2.37764 21.7237
    endloop
  endfacet
  facet normal 0.155273 0.268942 0.950558
    outer loop
      vertex 0.594533 2.40583 21.7448
      vertex -0.846706 4.47887 21.3937
      vertex -1.48187 3.60464 21.7448
    endloop
  endfacet
  facet normal 0.475769 -0.824057 -0.307528
    outer loop
      vertex 40.2042 -2.61778 -1.6487
      vertex -17.0428 -36.0726 -0.568104
      vertex -17.2492 -35.7885 -1.6487
    endloop
  endfacet
  facet normal 0.475774 -0.824065 -0.3075
    outer loop
      vertex -17.0428 -36.0726 -0.568104
      vertex 40.2042 -2.61778 -1.6487
      vertex 40.4106 -2.90184 -0.568104
    endloop
  endfacet
  facet normal 0.092712 0.585259 -0.805529
    outer loop
      vertex -18.6417 34.7388 -3.23576
      vertex -19.1511 35.7387 -2.56791
      vertex -18.3576 35.613 -2.56791
    endloop
  endfacet
  facet normal -0.220962 -0.220962 -0.949922
    outer loop
      vertex -2.78487 -4.47887 -21.3937
      vertex -2.27539 -3.47896 -21.7448
      vertex -2.14971 -3.60464 -21.7448
    endloop
  endfacet
  facet normal -0.220962 -0.220962 -0.949922
    outer loop
      vertex -2.27539 -3.47896 -21.7448
      vertex -2.78487 -4.47887 -21.3937
      vertex -3.14962 -4.11412 -21.3937
    endloop
  endfacet
  facet normal -0.723894 0.368849 -0.583033
    outer loop
      vertex -21.2286 34.6801 -2.56791
      vertex -22.2285 34.1707 -1.6487
      vertex -21.7689 35.0727 -1.6487
    endloop
  endfacet
  facet normal -0.848368 0.432287 -0.305614
    outer loop
      vertex -21.7689 35.0727 -1.6487
      vertex -22.5625 34.2792 -0.568104
      vertex -22.053 35.2791 -0.568104
    endloop
  endfacet
  facet normal -0.723298 0 0.690536
    outer loop
      vertex -21.7191 33.1707 2.56791
      vertex -4.3837 -3.14504 20.7258
      vertex -4.3837 3.14504 20.7258
    endloop
  endfacet
  facet normal -0.723298 0 0.690536
    outer loop
      vertex -4.3837 -3.14504 20.7258
      vertex -21.7191 33.1707 2.56791
      vertex -21.7191 -33.1707 2.56791
    endloop
  endfacet
  facet normal -0.585286 -0.0926959 0.805511
    outer loop
      vertex -3.46449 -3.14504 21.3937
      vertex -4.3837 -3.14504 20.7258
      vertex -3.3838 -3.65452 21.3937
    endloop
  endfacet
  facet normal 0.80248 -0.127045 -0.582997
    outer loop
      vertex 41.3797 -0.999905 -1.6487
      vertex 40.8702 0 -2.56791
      vertex 41.538 0 -1.6487
    endloop
  endfacet
  facet normal -0.127107 0.802484 0.582978
    outer loop
      vertex -19.1511 35.7387 2.56791
      vertex -20.151 36.2481 1.6487
      vertex -19.9447 35.613 2.56791
    endloop
  endfacet
  facet normal -0.148908 0.940455 -0.305566
    outer loop
      vertex -19.1511 36.4065 -1.6487
      vertex -20.2595 36.5821 -0.568104
      vertex -19.1511 36.7576 -0.568104
    endloop
  endfacet
  facet normal 0.802436 -0.127111 -0.583044
    outer loop
      vertex 41.3797 -0.999905 -1.6487
      vertex 40.7445 -0.793529 -2.56791
      vertex 40.8702 0 -2.56791
    endloop
  endfacet
  facet normal 0.422062 -0.4152 -0.805898
    outer loop
      vertex 36.8155 -1.21352 -4.58702
      vertex 39.6361 -0.969083 -3.23576
      vertex 40.3798 -1.50938 -2.56791
    endloop
  endfacet
  facet normal 0.422049 -0.415301 -0.805853
    outer loop
      vertex 39.6361 -0.969083 -3.23576
      vertex 36.8155 -1.21352 -4.58702
      vertex 37.06 -0.969083 -4.58494
    endloop
  endfacet
  facet normal 0.42208 -0.415137 -0.805921
    outer loop
      vertex 40.3798 -1.50938 -2.56791
      vertex 36.3974 -1.42658 -4.69624
      vertex 36.8155 -1.21352 -4.58702
    endloop
  endfacet
  facet normal 0.422105 -0.415031 -0.805963
    outer loop
      vertex 40.3798 -1.50938 -2.56791
      vertex 35.9339 -1.5 -4.90118
      vertex 36.3974 -1.42658 -4.69624
    endloop
  endfacet
  facet normal 0.421856 -0.416193 -0.805494
    outer loop
      vertex 5.70906 -1.50938 -20.7258
      vertex 35.9339 -1.5 -4.90118
      vertex 40.3798 -1.50938 -2.56791
    endloop
  endfacet
  facet normal 0.422152 -0.414798 -0.806059
    outer loop
      vertex 5.70906 -1.50938 -20.7258
      vertex 35.4703 -1.42658 -5.18176
      vertex 35.9339 -1.5 -4.90118
    endloop
  endfacet
  facet normal 0.422047 -0.415298 -0.805856
    outer loop
      vertex 5.70906 -1.50938 -20.7258
      vertex 35.0522 -1.21352 -5.51053
      vertex 35.4703 -1.42658 -5.18176
    endloop
  endfacet
  facet normal 0.422081 -0.415132 -0.805924
    outer loop
      vertex 5.70906 -1.50938 -20.7258
      vertex 34.8077 -0.969083 -5.76449
      vertex 35.0522 -1.21352 -5.51053
    endloop
  endfacet
  facet normal 0.422051 -0.415283 -0.805861
    outer loop
      vertex 34.8077 -0.969083 -5.76449
      vertex 5.70906 -1.50938 -20.7258
      vertex 4.96541 -0.969083 -21.3937
    endloop
  endfacet
  facet normal 0.269027 -0.527994 -0.80551
    outer loop
      vertex -1.02226 -5.58727 -20.7258
      vertex -1.30631 -4.71305 -21.3937
      vertex -0.846706 -4.47887 -21.3937
    endloop
  endfacet
  facet normal 0.092712 -0.585259 -0.805529
    outer loop
      vertex -18.3576 -35.613 -2.56791
      vertex -19.1511 -35.7387 -2.56791
      vertex -18.6417 -34.7388 -3.23576
    endloop
  endfacet
  facet normal 0.42086 -0.420853 -0.803592
    outer loop
      vertex 39.8117 -2.07749 -2.56791
      vertex 5.70906 -1.50938 -20.7258
      vertex 40.3798 -1.50938 -2.56791
    endloop
  endfacet
  facet normal 0.42086 -0.420853 -0.803592
    outer loop
      vertex 5.70906 -1.50938 -20.7258
      vertex 39.8117 -2.07749 -2.56791
      vertex 5.14096 -2.07749 -20.7258
    endloop
  endfacet
  facet normal 0.52797 0.268981 -0.805541
    outer loop
      vertex 40.7445 0.793529 -2.56791
      vertex 39.6361 0.969083 -3.23576
      vertex 40.3798 1.50938 -2.56791
    endloop
  endfacet
  facet normal -0.585286 0.0926959 -0.805511
    outer loop
      vertex -3.46449 3.14504 -21.3937
      vertex -4.3837 3.14504 -20.7258
      vertex -3.3838 3.65452 -21.3937
    endloop
  endfacet
  facet normal -0.802473 -0.127112 -0.582992
    outer loop
      vertex -22.2285 -34.1707 -1.6487
      vertex -22.3869 -33.1707 -1.6487
      vertex -21.7191 -33.1707 -2.56791
    endloop
  endfacet
  facet normal -0.940425 0.148963 -0.305632
    outer loop
      vertex -22.3869 33.1707 -1.6487
      vertex -22.5625 34.2792 -0.568104
      vertex -22.2285 34.1707 -1.6487
    endloop
  endfacet
  facet normal -0.940425 -0.148963 0.305632
    outer loop
      vertex -22.3869 -33.1707 1.6487
      vertex -22.5625 -34.2792 0.568104
      vertex -22.2285 -34.1707 1.6487
    endloop
  endfacet
  facet normal -0.951058 0 0.309011
    outer loop
      vertex -22.738 -33.1707 0.568104
      vertex -22.3869 33.1707 1.6487
      vertex -22.738 33.1707 0.568104
    endloop
  endfacet
  facet normal -0.951058 0 0.309011
    outer loop
      vertex -22.3869 33.1707 1.6487
      vertex -22.738 -33.1707 0.568104
      vertex -22.3869 -33.1707 1.6487
    endloop
  endfacet
  facet normal -0.432236 0.848389 0.305627
    outer loop
      vertex -20.2595 36.5821 0.568104
      vertex -21.0531 35.7885 1.6487
      vertex -20.151 36.2481 1.6487
    endloop
  endfacet
  facet normal 0.269027 0.527994 -0.80551
    outer loop
      vertex -0.846706 4.47887 -21.3937
      vertex -1.30631 4.71305 -21.3937
      vertex -1.02226 5.58727 -20.7258
    endloop
  endfacet
  facet normal -0.127124 0.802472 0.582991
    outer loop
      vertex -19.1511 36.4065 1.6487
      vertex -20.151 36.2481 1.6487
      vertex -19.1511 35.7387 2.56791
    endloop
  endfacet
  facet normal 0.52797 0.268981 0.805541
    outer loop
      vertex 40.3798 1.50938 2.56791
      vertex 39.6361 0.969083 3.23576
      vertex 40.7445 0.793529 2.56791
    endloop
  endfacet
  facet normal 0.314671 0.617585 0.720813
    outer loop
      vertex -17.6418 35.2482 2.56791
      vertex -1.02226 5.58727 20.7258
      vertex -0.306408 5.22253 20.7258
    endloop
  endfacet
  facet normal 0.314754 0.6176 0.720763
    outer loop
      vertex -1.02226 5.58727 20.7258
      vertex -17.6418 35.2482 2.56791
      vertex -18.3576 35.613 2.56791
    endloop
  endfacet
  facet normal -0.631793 0.100071 0.768651
    outer loop
      vertex -21.7191 33.1707 2.56791
      vertex -4.25802 3.93857 20.7258
      vertex -21.5934 33.9643 2.56791
    endloop
  endfacet
  facet normal -0.631799 0.100065 0.768646
    outer loop
      vertex -4.25802 3.93857 20.7258
      vertex -21.7191 33.1707 2.56791
      vertex -4.3837 3.14504 20.7258
    endloop
  endfacet
  facet normal -0.527958 0.269068 0.80552
    outer loop
      vertex -21.2286 34.6801 2.56791
      vertex -21.5934 33.9643 2.56791
      vertex -20.485 34.1398 3.23576
    endloop
  endfacet
  facet normal 0.127122 0.802474 0.582989
    outer loop
      vertex -18.1512 36.2481 1.6487
      vertex -19.1511 35.7387 2.56791
      vertex -18.3576 35.613 2.56791
    endloop
  endfacet
  facet normal 0.848392 0.432295 -0.305535
    outer loop
      vertex 41.7136 1.1084 -0.568104
      vertex 40.9201 1.90193 -1.6487
      vertex 41.2041 2.10831 -0.568104
    endloop
  endfacet
  facet normal 0.0902586 -0.552996 0.828281
    outer loop
      vertex -17.3568 -32.49 4.59714
      vertex -18.6417 -34.7388 3.23576
      vertex -17.3352 -32.4759 4.6042
    endloop
  endfacet
  facet normal 0.0873353 -0.551941 0.829297
    outer loop
      vertex -17.8101 -32.6114 4.56408
      vertex -18.6417 -34.7388 3.23576
      vertex -17.3568 -32.49 4.59714
    endloop
  endfacet
  facet normal 0.0878532 -0.55206 0.829163
    outer loop
      vertex -17.8744 -32.6081 4.57309
      vertex -18.6417 -34.7388 3.23576
      vertex -17.8101 -32.6114 4.56408
    endloop
  endfacet
  facet normal 0.0874449 -0.551975 0.829263
    outer loop
      vertex -18.6417 -34.7388 3.23576
      vertex -17.8744 -32.6081 4.57309
      vertex -19.1511 -34.8195 3.23576
    endloop
  endfacet
  facet normal 0.0874207 -0.55197 0.829268
    outer loop
      vertex -1.30631 -4.71305 21.3937
      vertex -16.5966 -30.5095 5.83518
      vertex -16.4751 -30.9628 5.52065
    endloop
  endfacet
  facet normal 0.0878243 -0.552117 0.829128
    outer loop
      vertex -16.5966 -30.5095 5.83518
      vertex -1.81579 -4.79374 21.3937
      vertex -16.6317 -30.4556 5.87479
    endloop
  endfacet
  facet normal 0.0874194 -0.55197 0.829269
    outer loop
      vertex -16.5966 -30.5095 5.83518
      vertex -1.30631 -4.71305 21.3937
      vertex -1.81579 -4.79374 21.3937
    endloop
  endfacet
  facet normal 0.0853355 -0.551205 0.829995
    outer loop
      vertex -1.30631 -4.71305 21.3937
      vertex -16.4751 -30.9628 5.52065
      vertex -16.4765 -30.9886 5.50366
    endloop
  endfacet
  facet normal -0.432236 -0.848389 0.305627
    outer loop
      vertex -20.151 -36.2481 1.6487
      vertex -21.0531 -35.7885 1.6487
      vertex -20.2595 -36.5821 0.568104
    endloop
  endfacet
  facet normal 0.987696 0.156388 0
    outer loop
      vertex 41.8891 0 0.568104
      vertex 41.7136 1.1084 -0.568104
      vertex 41.7136 1.1084 0.568104
    endloop
  endfacet
  facet normal 0.987696 0.156388 0
    outer loop
      vertex 41.7136 1.1084 -0.568104
      vertex 41.8891 0 0.568104
      vertex 41.8891 0 -0.568104
    endloop
  endfacet
  facet normal -0.308643 0.0488766 -0.949921
    outer loop
      vertex -2.38389 3.14504 -21.7448
      vertex -3.3838 3.65452 -21.3937
      vertex -2.35609 3.32059 -21.7448
    endloop
  endfacet
  facet normal 0.940464 -0.14889 -0.305549
    outer loop
      vertex 41.7136 -1.1084 -0.568104
      vertex 41.3797 -0.999905 -1.6487
      vertex 41.538 0 -1.6487
    endloop
  endfacet
  facet normal 0.848392 0.432295 0.305535
    outer loop
      vertex 41.2041 2.10831 0.568104
      vertex 40.9201 1.90193 1.6487
      vertex 41.7136 1.1084 0.568104
    endloop
  endfacet
  facet normal -0.210857 0.413826 -0.8856
    outer loop
      vertex -17.2169 29.8206 -6.11575
      vertex -2.32527 4.71305 -21.3937
      vertex -2.78487 4.47887 -21.3937
    endloop
  endfacet
  facet normal -0.210858 0.413825 -0.8856
    outer loop
      vertex -2.32527 4.71305 -21.3937
      vertex -17.2169 29.8206 -6.11575
      vertex -16.9472 30.039 -6.07791
    endloop
  endfacet
  facet normal -0.210765 0.413877 -0.885598
    outer loop
      vertex -17.2169 29.8206 -6.11575
      vertex -2.78487 4.47887 -21.3937
      vertex -17.3798 29.7581 -6.10619
    endloop
  endfacet
  facet normal -0.210763 0.413862 -0.885606
    outer loop
      vertex -18.7169 32.4187 -4.54458
      vertex -19.6606 34.7388 -3.23576
      vertex -18.3929 32.543 -4.5636
    endloop
  endfacet
  facet normal -0.210865 0.41382 -0.885601
    outer loop
      vertex -20.1202 34.5046 -3.23576
      vertex -18.7169 32.4187 -4.54458
      vertex -18.8525 32.3089 -4.5636
    endloop
  endfacet
  facet normal -0.21087 0.413816 -0.885602
    outer loop
      vertex -18.7169 32.4187 -4.54458
      vertex -20.1202 34.5046 -3.23576
      vertex -19.6606 34.7388 -3.23576
    endloop
  endfacet
  facet normal 0.127124 0.802472 0.582991
    outer loop
      vertex -19.1511 36.4065 1.6487
      vertex -19.1511 35.7387 2.56791
      vertex -18.1512 36.2481 1.6487
    endloop
  endfacet
  facet normal -0.141868 -0.278428 -0.949922
    outer loop
      vertex -2.32527 -4.71305 -21.3937
      vertex -2.78487 -4.47887 -21.3937
      vertex -1.99134 -3.68534 -21.7448
    endloop
  endfacet
  facet normal 0.527968 0.269035 -0.805525
    outer loop
      vertex 39.8703 0.509477 -3.23576
      vertex 39.6361 0.969083 -3.23576
      vertex 40.7445 0.793529 -2.56791
    endloop
  endfacet
  facet normal 0.4627 -0.073302 -0.883479
    outer loop
      vertex 34.5073 -0.463525 -6.04831
      vertex 5.28028 0 -21.3937
      vertex 34.4339 0 -6.12521
    endloop
  endfacet
  facet normal 0.462699 -0.0733439 -0.883476
    outer loop
      vertex 5.19959 -0.509477 -21.3937
      vertex 34.5073 -0.463525 -6.04831
      vertex 34.5307 -0.509477 -6.03224
    endloop
  endfacet
  facet normal 0.462701 -0.0732818 -0.88348
    outer loop
      vertex 34.5073 -0.463525 -6.04831
      vertex 5.19959 -0.509477 -21.3937
      vertex 5.28028 0 -21.3937
    endloop
  endfacet
  facet normal 0.462704 -0.0732912 -0.883478
    outer loop
      vertex 39.8703 -0.509477 -3.23576
      vertex 37.4339 0 -4.55404
      vertex 39.951 0 -3.23576
    endloop
  endfacet
  facet normal 0.462689 -0.0733674 -0.88348
    outer loop
      vertex 39.8703 -0.509477 -3.23576
      vertex 37.3604 -0.463525 -4.55404
      vertex 37.4339 0 -4.55404
    endloop
  endfacet
  facet normal 0.462699 -0.0731557 -0.883492
    outer loop
      vertex 37.3604 -0.463525 -4.55404
      vertex 39.8703 -0.509477 -3.23576
      vertex 37.337 -0.509477 -4.56249
    endloop
  endfacet
  facet normal 0.27843 -0.141866 -0.949922
    outer loop
      vertex 4.96541 -0.969083 -21.3937
      vertex 4.17188 -0.175553 -21.7448
      vertex 5.19959 -0.509477 -21.3937
    endloop
  endfacet
  facet normal 0.940464 0.14889 -0.305549
    outer loop
      vertex 41.538 0 -1.6487
      vertex 41.3797 0.999905 -1.6487
      vertex 41.7136 1.1084 -0.568104
    endloop
  endfacet
  facet normal 0.848396 0.432275 -0.305553
    outer loop
      vertex 41.3797 0.999905 -1.6487
      vertex 40.9201 1.90193 -1.6487
      vertex 41.7136 1.1084 -0.568104
    endloop
  endfacet
  facet normal 0.987696 -0.156388 0
    outer loop
      vertex 41.7136 -1.1084 0.568104
      vertex 41.8891 0 -0.568104
      vertex 41.8891 0 0.568104
    endloop
  endfacet
  facet normal 0.987696 -0.156388 0
    outer loop
      vertex 41.8891 0 -0.568104
      vertex 41.7136 -1.1084 0.568104
      vertex 41.7136 -1.1084 -0.568104
    endloop
  endfacet
  facet normal 0.585263 0.0927093 -0.805526
    outer loop
      vertex 40.8702 0 -2.56791
      vertex 39.8703 0.509477 -3.23576
      vertex 40.7445 0.793529 -2.56791
    endloop
  endfacet
  facet normal 0.278421 0.141875 -0.949923
    outer loop
      vertex 4.17188 0.175553 -21.7448
      vertex 4.09118 0.333922 -21.7448
      vertex 4.96541 0.969083 -21.3937
    endloop
  endfacet
  facet normal 0.142667 -0.571197 -0.808319
    outer loop
      vertex -1.02226 -5.58727 -20.7258
      vertex -16.4765 -30.9886 -5.50366
      vertex -1.30631 -4.71305 -21.3937
    endloop
  endfacet
  facet normal 0.142669 -0.571198 -0.808319
    outer loop
      vertex -1.02226 -5.58727 -20.7258
      vertex -16.4997 -31.4315 -5.19478
      vertex -16.4765 -30.9886 -5.50366
    endloop
  endfacet
  facet normal 0.142785 -0.571238 -0.80827
    outer loop
      vertex -1.02226 -5.58727 -20.7258
      vertex -16.6679 -31.8696 -4.91487
      vertex -16.4997 -31.4315 -5.19478
    endloop
  endfacet
  facet normal 0.142559 -0.57116 -0.808364
    outer loop
      vertex -18.3576 -35.613 -2.56791
      vertex -16.6679 -31.8696 -4.91487
      vertex -1.02226 -5.58727 -20.7258
    endloop
  endfacet
  facet normal 0.142947 -0.571252 -0.808231
    outer loop
      vertex -18.3576 -35.613 -2.56791
      vertex -16.9632 -32.2344 -4.70926
      vertex -16.6679 -31.8696 -4.91487
    endloop
  endfacet
  facet normal 0.142489 -0.571157 -0.808379
    outer loop
      vertex -18.3576 -35.613 -2.56791
      vertex -17.3352 -32.4759 -4.6042
      vertex -16.9632 -32.2344 -4.70926
    endloop
  endfacet
  facet normal 0.14264 -0.571178 -0.808337
    outer loop
      vertex -17.3352 -32.4759 -4.6042
      vertex -18.3576 -35.613 -2.56791
      vertex -18.6417 -34.7388 -3.23576
    endloop
  endfacet
  facet normal -0.940425 -0.148963 -0.305632
    outer loop
      vertex -22.2285 -34.1707 -1.6487
      vertex -22.5625 -34.2792 -0.568104
      vertex -22.3869 -33.1707 -1.6487
    endloop
  endfacet
  facet normal -0.848368 0.432287 0.305614
    outer loop
      vertex -22.053 35.2791 0.568104
      vertex -22.5625 34.2792 0.568104
      vertex -21.7689 35.0727 1.6487
    endloop
  endfacet
  facet normal -0.940457 -0.148895 0.305567
    outer loop
      vertex -22.3869 -33.1707 1.6487
      vertex -22.738 -33.1707 0.568104
      vertex -22.5625 -34.2792 0.568104
    endloop
  endfacet
  facet normal -0.940457 -0.148895 -0.305567
    outer loop
      vertex -22.5625 -34.2792 -0.568104
      vertex -22.738 -33.1707 -0.568104
      vertex -22.3869 -33.1707 -1.6487
    endloop
  endfacet
  facet normal -0.0488766 0.308643 -0.949921
    outer loop
      vertex -1.99134 3.68534 -21.7448
      vertex -2.32527 4.71305 -21.3937
      vertex -1.81579 3.71314 -21.7448
    endloop
  endfacet
  facet normal -0.723892 -0.368924 -0.582989
    outer loop
      vertex -21.2286 -34.6801 -2.56791
      vertex -22.2285 -34.1707 -1.6487
      vertex -21.5934 -33.9643 -2.56791
    endloop
  endfacet
  facet normal 0.220961 0.220963 -0.949922
    outer loop
      vertex 4.09118 0.333922 -21.7448
      vertex 4.60066 1.33383 -21.3937
      vertex 4.96541 0.969083 -21.3937
    endloop
  endfacet
  facet normal 0.220966 0.22096 -0.949921
    outer loop
      vertex 4.60066 1.33383 -21.3937
      vertex 4.09118 0.333922 -21.7448
      vertex 3.9655 0.459605 -21.7448
    endloop
  endfacet
  facet normal -0.890997 0.454009 0
    outer loop
      vertex -22.5625 34.2792 -0.568104
      vertex -22.053 35.2791 0.568104
      vertex -22.053 35.2791 -0.568104
    endloop
  endfacet
  facet normal -0.890997 0.454009 0
    outer loop
      vertex -22.053 35.2791 0.568104
      vertex -22.5625 34.2792 -0.568104
      vertex -22.5625 34.2792 0.568104
    endloop
  endfacet
  facet normal -0.802473 0.127112 0.582992
    outer loop
      vertex -22.2285 34.1707 1.6487
      vertex -22.3869 33.1707 1.6487
      vertex -21.7191 33.1707 2.56791
    endloop
  endfacet
  facet normal -0.940457 0.148895 0.305567
    outer loop
      vertex -22.5625 34.2792 0.568104
      vertex -22.738 33.1707 0.568104
      vertex -22.3869 33.1707 1.6487
    endloop
  endfacet
  facet normal -0.809036 0 -0.587759
    outer loop
      vertex -21.7191 -33.1707 -2.56791
      vertex -22.3869 33.1707 -1.6487
      vertex -21.7191 33.1707 -2.56791
    endloop
  endfacet
  facet normal -0.809036 -0 -0.587759
    outer loop
      vertex -22.3869 33.1707 -1.6487
      vertex -21.7191 -33.1707 -2.56791
      vertex -22.3869 -33.1707 -1.6487
    endloop
  endfacet
  facet normal 0.585261 0.092704 -0.805528
    outer loop
      vertex 39.951 0 -3.23576
      vertex 39.8703 0.509477 -3.23576
      vertex 40.8702 0 -2.56791
    endloop
  endfacet
  facet normal 0.419023 0.419016 -0.805509
    outer loop
      vertex 4.96541 0.969083 -21.3937
      vertex 5.14096 2.07749 -20.7258
      vertex 5.70906 1.50938 -20.7258
    endloop
  endfacet
  facet normal 0.419015 0.419019 -0.805512
    outer loop
      vertex 5.14096 2.07749 -20.7258
      vertex 4.96541 0.969083 -21.3937
      vertex 4.60066 1.33383 -21.3937
    endloop
  endfacet
  facet normal 0.361649 0.626396 -0.690534
    outer loop
      vertex -0.306408 5.22253 -20.7258
      vertex -17.6418 35.2482 -2.56791
      vertex 39.8117 2.07749 -2.56791
    endloop
  endfacet
  facet normal 0.0927179 0.58526 -0.805527
    outer loop
      vertex -18.6417 34.7388 -3.23576
      vertex -19.1511 34.8195 -3.23576
      vertex -19.1511 35.7387 -2.56791
    endloop
  endfacet
  facet normal 0.419023 0.419016 0.805509
    outer loop
      vertex 5.14096 2.07749 20.7258
      vertex 4.96541 0.969083 21.3937
      vertex 5.70906 1.50938 20.7258
    endloop
  endfacet
  facet normal 0.419015 0.419019 0.805512
    outer loop
      vertex 4.96541 0.969083 21.3937
      vertex 5.14096 2.07749 20.7258
      vertex 4.60066 1.33383 21.3937
    endloop
  endfacet
  facet normal -0.0488817 0.308641 0.949922
    outer loop
      vertex -1.81579 4.79374 21.3937
      vertex -2.32527 4.71305 21.3937
      vertex -1.81579 3.71314 21.7448
    endloop
  endfacet
  facet normal 0.141874 0.278422 0.949923
    outer loop
      vertex -0.846706 4.47887 21.3937
      vertex -1.64024 3.68534 21.7448
      vertex -1.48187 3.60464 21.7448
    endloop
  endfacet
  facet normal 0.148978 0.940422 0.305632
    outer loop
      vertex -18.0427 36.5821 0.568104
      vertex -19.1511 36.4065 1.6487
      vertex -18.1512 36.2481 1.6487
    endloop
  endfacet
  facet normal -0.471919 0.240478 0.848211
    outer loop
      vertex -20.7192 33.6802 3.23576
      vertex -19.2082 31.9284 4.57309
      vertex -20.485 34.1398 3.23576
    endloop
  endfacet
  facet normal -0.471974 0.24042 0.848198
    outer loop
      vertex -19.2082 31.9284 4.57309
      vertex -20.7192 33.6802 3.23576
      vertex -19.3372 31.7297 4.55763
    endloop
  endfacet
  facet normal -0.471909 0.240479 0.848217
    outer loop
      vertex -19.3372 31.7297 4.55763
      vertex -20.7192 33.6802 3.23576
      vertex -19.4183 31.4271 4.5983
    endloop
  endfacet
  facet normal -0.471943 0.24047 0.8482
    outer loop
      vertex -18.1237 29.6279 5.82873
      vertex -3.14962 4.11412 21.3937
      vertex -17.8871 29.6403 5.95686
    endloop
  endfacet
  facet normal -0.471944 0.24047 0.8482
    outer loop
      vertex -3.14962 4.11412 21.3937
      vertex -18.1237 29.6279 5.82873
      vertex -3.3838 3.65452 21.3937
    endloop
  endfacet
  facet normal -0.471993 0.240432 0.848184
    outer loop
      vertex -3.3838 3.65452 21.3937
      vertex -18.1237 29.6279 5.82873
      vertex -18.4263 29.7089 5.63738
    endloop
  endfacet
  facet normal -0.0488766 0.308643 0.949921
    outer loop
      vertex -1.81579 3.71314 21.7448
      vertex -2.32527 4.71305 21.3937
      vertex -1.99134 3.68534 21.7448
    endloop
  endfacet
  facet normal -0.308643 0.0488766 0.949921
    outer loop
      vertex -2.35609 3.32059 21.7448
      vertex -3.3838 3.65452 21.3937
      vertex -2.38389 3.14504 21.7448
    endloop
  endfacet
  facet normal 0.269023 0.527994 0.805511
    outer loop
      vertex -0.306408 5.22253 20.7258
      vertex -1.02226 5.58727 20.7258
      vertex -0.846706 4.47887 21.3937
    endloop
  endfacet
  facet normal 0.278421 -0.141875 -0.949923
    outer loop
      vertex 4.96541 -0.969083 -21.3937
      vertex 4.09118 -0.333922 -21.7448
      vertex 4.17188 -0.175553 -21.7448
    endloop
  endfacet
  facet normal 0.294964 0.510893 -0.807456
    outer loop
      vertex 4.60066 1.33383 -21.3937
      vertex -0.306408 5.22253 -20.7258
      vertex 5.14096 2.07749 -20.7258
    endloop
  endfacet
  facet normal 0.294964 0.510893 -0.807455
    outer loop
      vertex -0.306408 5.22253 -20.7258
      vertex 4.60066 1.33383 -21.3937
      vertex -0.846706 4.47887 -21.3937
    endloop
  endfacet
  facet normal 0.80248 0.127045 -0.582997
    outer loop
      vertex 41.538 0 -1.6487
      vertex 40.8702 0 -2.56791
      vertex 41.3797 0.999905 -1.6487
    endloop
  endfacet
  facet normal 0.848396 0.432275 0.305553
    outer loop
      vertex 41.7136 1.1084 0.568104
      vertex 40.9201 1.90193 1.6487
      vertex 41.3797 0.999905 1.6487
    endloop
  endfacet
  facet normal -0.432236 0.848389 -0.305627
    outer loop
      vertex -20.151 36.2481 -1.6487
      vertex -21.0531 35.7885 -1.6487
      vertex -20.2595 36.5821 -0.568104
    endloop
  endfacet
  facet normal -0.368817 0.723912 -0.583031
    outer loop
      vertex -20.6605 35.2482 -2.56791
      vertex -21.0531 35.7885 -1.6487
      vertex -20.151 36.2481 -1.6487
    endloop
  endfacet
  facet normal 0.673269 -0.673316 -0.305542
    outer loop
      vertex 41.2041 -2.10831 -0.568104
      vertex 40.2042 -2.61778 -1.6487
      vertex 40.9201 -1.90193 -1.6487
    endloop
  endfacet
  facet normal 0.673294 -0.673269 -0.305588
    outer loop
      vertex 40.2042 -2.61778 -1.6487
      vertex 41.2041 -2.10831 -0.568104
      vertex 40.4106 -2.90184 -0.568104
    endloop
  endfacet
  facet normal -0.673276 -0.673276 -0.305611
    outer loop
      vertex -21.0531 -35.7885 -1.6487
      vertex -22.053 -35.2791 -0.568104
      vertex -21.7689 -35.0727 -1.6487
    endloop
  endfacet
  facet normal -0.673246 -0.673331 -0.305557
    outer loop
      vertex -22.053 -35.2791 -0.568104
      vertex -21.0531 -35.7885 -1.6487
      vertex -21.2594 -36.0726 -0.568104
    endloop
  endfacet
  facet normal 0.848396 -0.432275 -0.305553
    outer loop
      vertex 41.7136 -1.1084 -0.568104
      vertex 40.9201 -1.90193 -1.6487
      vertex 41.3797 -0.999905 -1.6487
    endloop
  endfacet
  facet normal -0.308641 0.0488817 0.949922
    outer loop
      vertex -3.3838 3.65452 21.3937
      vertex -3.46449 3.14504 21.3937
      vertex -2.38389 3.14504 21.7448
    endloop
  endfacet
  facet normal 0.155275 -0.268943 -0.950558
    outer loop
      vertex 4.60066 -1.33383 -21.3937
      vertex 1.75776 -1.73425 -21.7448
      vertex 3.9655 -0.459605 -21.7448
    endloop
  endfacet
  facet normal 0.155285 -0.269041 -0.950528
    outer loop
      vertex 4.60066 -1.33383 -21.3937
      vertex 1.46946 -2.02254 -21.7103
      vertex 1.75776 -1.73425 -21.7448
    endloop
  endfacet
  facet normal 0.155263 -0.268923 -0.950565
    outer loop
      vertex -0.846706 -4.47887 -21.3937
      vertex 1.46946 -2.02254 -21.7103
      vertex 4.60066 -1.33383 -21.3937
    endloop
  endfacet
  facet normal 0.155332 -0.268984 -0.950536
    outer loop
      vertex 1.46946 -2.02254 -21.7103
      vertex -0.846706 -4.47887 -21.3937
      vertex 0.772542 -2.37764 -21.7237
    endloop
  endfacet
  facet normal 0.155263 -0.268935 -0.950562
    outer loop
      vertex -0.846706 -4.47887 -21.3937
      vertex 0.594533 -2.40583 -21.7448
      vertex 0.772542 -2.37764 -21.7237
    endloop
  endfacet
  facet normal 0.155273 -0.268942 -0.950558
    outer loop
      vertex 0.594533 -2.40583 -21.7448
      vertex -0.846706 -4.47887 -21.3937
      vertex -1.48187 -3.60464 -21.7448
    endloop
  endfacet
  facet normal 0.52797 -0.268981 -0.805541
    outer loop
      vertex 40.3798 -1.50938 -2.56791
      vertex 39.6361 -0.969083 -3.23576
      vertex 40.7445 -0.793529 -2.56791
    endloop
  endfacet
  facet normal 0.432287 0.848368 -0.305614
    outer loop
      vertex -17.2492 35.7885 -1.6487
      vertex -18.0427 36.5821 -0.568104
      vertex -17.0428 36.0726 -0.568104
    endloop
  endfacet
  facet normal 0.454009 -0.890997 0
    outer loop
      vertex -18.0427 -36.5821 -0.568104
      vertex -17.0428 -36.0726 0.568104
      vertex -18.0427 -36.5821 0.568104
    endloop
  endfacet
  facet normal 0.454009 -0.890997 0
    outer loop
      vertex -17.0428 -36.0726 0.568104
      vertex -18.0427 -36.5821 -0.568104
      vertex -17.0428 -36.0726 -0.568104
    endloop
  endfacet
  facet normal 0.723908 -0.368805 -0.583043
    outer loop
      vertex 41.3797 -0.999905 -1.6487
      vertex 40.3798 -1.50938 -2.56791
      vertex 40.7445 -0.793529 -2.56791
    endloop
  endfacet
  facet normal -0.148908 -0.940455 -0.305566
    outer loop
      vertex -19.1511 -36.7576 -0.568104
      vertex -20.2595 -36.5821 -0.568104
      vertex -19.1511 -36.4065 -1.6487
    endloop
  endfacet
  facet normal -0.471944 0.24047 -0.8482
    outer loop
      vertex -18.1237 29.6279 -5.82873
      vertex -3.14962 4.11412 -21.3937
      vertex -3.3838 3.65452 -21.3937
    endloop
  endfacet
  facet normal -0.471943 0.24047 -0.8482
    outer loop
      vertex -3.14962 4.11412 -21.3937
      vertex -18.1237 29.6279 -5.82873
      vertex -17.8871 29.6403 -5.95686
    endloop
  endfacet
  facet normal -0.471993 0.240432 -0.848184
    outer loop
      vertex -18.1237 29.6279 -5.82873
      vertex -3.3838 3.65452 -21.3937
      vertex -18.4263 29.7089 -5.63738
    endloop
  endfacet
  facet normal -0.471974 0.24042 -0.848198
    outer loop
      vertex -20.7192 33.6802 -3.23576
      vertex -19.2082 31.9284 -4.57309
      vertex -19.3372 31.7297 -4.55763
    endloop
  endfacet
  facet normal -0.471909 0.240479 -0.848217
    outer loop
      vertex -20.7192 33.6802 -3.23576
      vertex -19.3372 31.7297 -4.55763
      vertex -19.4183 31.4271 -4.5983
    endloop
  endfacet
  facet normal -0.471919 0.240478 -0.848211
    outer loop
      vertex -19.2082 31.9284 -4.57309
      vertex -20.7192 33.6802 -3.23576
      vertex -20.485 34.1398 -3.23576
    endloop
  endfacet
  facet normal -0.337088 0.336993 -0.879095
    outer loop
      vertex -20.485 34.1398 -3.23576
      vertex -18.8525 32.3089 -4.5636
      vertex -19.0816 32.1233 -4.5469
    endloop
  endfacet
  facet normal -0.337019 0.337046 -0.879101
    outer loop
      vertex -20.485 34.1398 -3.23576
      vertex -19.0816 32.1233 -4.5469
      vertex -19.2082 31.9284 -4.57309
    endloop
  endfacet
  facet normal -0.337038 0.337038 -0.879096
    outer loop
      vertex -18.8525 32.3089 -4.5636
      vertex -20.485 34.1398 -3.23576
      vertex -20.1202 34.5046 -3.23576
    endloop
  endfacet
  facet normal -0.33704 0.33704 -0.879095
    outer loop
      vertex -17.6551 29.6524 -6.04117
      vertex -2.78487 4.47887 -21.3937
      vertex -3.14962 4.11412 -21.3937
    endloop
  endfacet
  facet normal -0.337031 0.337046 -0.879096
    outer loop
      vertex -2.78487 4.47887 -21.3937
      vertex -17.6551 29.6524 -6.04117
      vertex -17.3798 29.7581 -6.10619
    endloop
  endfacet
  facet normal -0.337046 0.337036 -0.879094
    outer loop
      vertex -17.6551 29.6524 -6.04117
      vertex -3.14962 4.11412 -21.3937
      vertex -17.8871 29.6403 -5.95686
    endloop
  endfacet
  facet normal 0.141874 0.278422 -0.949923
    outer loop
      vertex -1.48187 3.60464 -21.7448
      vertex -1.64024 3.68534 -21.7448
      vertex -0.846706 4.47887 -21.3937
    endloop
  endfacet
  facet normal 0.155275 0.268943 -0.950558
    outer loop
      vertex 1.75776 1.73425 -21.7448
      vertex 4.60066 1.33383 -21.3937
      vertex 3.9655 0.459605 -21.7448
    endloop
  endfacet
  facet normal 0.155285 0.269041 -0.950528
    outer loop
      vertex 1.46946 2.02254 -21.7103
      vertex 4.60066 1.33383 -21.3937
      vertex 1.75776 1.73425 -21.7448
    endloop
  endfacet
  facet normal 0.155332 0.268984 -0.950536
    outer loop
      vertex -0.846706 4.47887 -21.3937
      vertex 1.46946 2.02254 -21.7103
      vertex 0.772542 2.37764 -21.7237
    endloop
  endfacet
  facet normal 0.155263 0.268923 -0.950565
    outer loop
      vertex 1.46946 2.02254 -21.7103
      vertex -0.846706 4.47887 -21.3937
      vertex 4.60066 1.33383 -21.3937
    endloop
  endfacet
  facet normal 0.155263 0.268935 -0.950562
    outer loop
      vertex 0.594533 2.40583 -21.7448
      vertex -0.846706 4.47887 -21.3937
      vertex 0.772542 2.37764 -21.7237
    endloop
  endfacet
  facet normal 0.155273 0.268942 -0.950558
    outer loop
      vertex -0.846706 4.47887 -21.3937
      vertex 0.594533 2.40583 -21.7448
      vertex -1.48187 3.60464 -21.7448
    endloop
  endfacet
  facet normal -0.337038 -0.337038 -0.879096
    outer loop
      vertex -20.485 -34.1398 -3.23576
      vertex -18.8525 -32.3089 -4.5636
      vertex -20.1202 -34.5046 -3.23576
    endloop
  endfacet
  facet normal -0.337088 -0.336993 -0.879095
    outer loop
      vertex -18.8525 -32.3089 -4.5636
      vertex -20.485 -34.1398 -3.23576
      vertex -19.0816 -32.1233 -4.5469
    endloop
  endfacet
  facet normal -0.337019 -0.337046 -0.879101
    outer loop
      vertex -19.0816 -32.1233 -4.5469
      vertex -20.485 -34.1398 -3.23576
      vertex -19.2082 -31.9284 -4.57309
    endloop
  endfacet
  facet normal -0.337031 -0.337046 -0.879096
    outer loop
      vertex -17.6551 -29.6524 -6.04117
      vertex -2.78487 -4.47887 -21.3937
      vertex -17.3798 -29.7581 -6.10619
    endloop
  endfacet
  facet normal -0.33704 -0.33704 -0.879095
    outer loop
      vertex -2.78487 -4.47887 -21.3937
      vertex -17.6551 -29.6524 -6.04117
      vertex -3.14962 -4.11412 -21.3937
    endloop
  endfacet
  facet normal -0.337046 -0.337036 -0.879094
    outer loop
      vertex -3.14962 -4.11412 -21.3937
      vertex -17.6551 -29.6524 -6.04117
      vertex -17.8871 -29.6403 -5.95686
    endloop
  endfacet
  facet normal -0.723298 0 -0.690536
    outer loop
      vertex -4.3837 -3.14504 -20.7258
      vertex -21.7191 33.1707 -2.56791
      vertex -4.3837 3.14504 -20.7258
    endloop
  endfacet
  facet normal -0.723298 -0 -0.690536
    outer loop
      vertex -21.7191 33.1707 -2.56791
      vertex -4.3837 -3.14504 -20.7258
      vertex -21.7191 -33.1707 -2.56791
    endloop
  endfacet
  facet normal -0.210763 -0.413862 -0.885606
    outer loop
      vertex -19.6606 -34.7388 -3.23576
      vertex -18.7169 -32.4187 -4.54458
      vertex -18.3929 -32.543 -4.5636
    endloop
  endfacet
  facet normal -0.21087 -0.413816 -0.885602
    outer loop
      vertex -20.1202 -34.5046 -3.23576
      vertex -18.7169 -32.4187 -4.54458
      vertex -19.6606 -34.7388 -3.23576
    endloop
  endfacet
  facet normal -0.210865 -0.41382 -0.885601
    outer loop
      vertex -18.7169 -32.4187 -4.54458
      vertex -20.1202 -34.5046 -3.23576
      vertex -18.8525 -32.3089 -4.5636
    endloop
  endfacet
  facet normal -0.210858 -0.413825 -0.8856
    outer loop
      vertex -17.2169 -29.8206 -6.11575
      vertex -2.32527 -4.71305 -21.3937
      vertex -16.9472 -30.039 -6.07791
    endloop
  endfacet
  facet normal -0.210857 -0.413826 -0.8856
    outer loop
      vertex -2.32527 -4.71305 -21.3937
      vertex -17.2169 -29.8206 -6.11575
      vertex -2.78487 -4.47887 -21.3937
    endloop
  endfacet
  facet normal -0.210765 -0.413877 -0.885598
    outer loop
      vertex -2.78487 -4.47887 -21.3937
      vertex -17.2169 -29.8206 -6.11575
      vertex -17.3798 -29.7581 -6.10619
    endloop
  endfacet
  facet normal -0.0926999 -0.585261 -0.805528
    outer loop
      vertex -19.1511 -35.7387 -2.56791
      vertex -19.6606 -34.7388 -3.23576
      vertex -19.1511 -34.8195 -3.23576
    endloop
  endfacet
  facet normal -0.723894 -0.368849 0.583033
    outer loop
      vertex -21.2286 -34.6801 2.56791
      vertex -22.2285 -34.1707 1.6487
      vertex -21.7689 -35.0727 1.6487
    endloop
  endfacet
  facet normal -0.951058 0 -0.309011
    outer loop
      vertex -22.3869 -33.1707 -1.6487
      vertex -22.738 33.1707 -0.568104
      vertex -22.3869 33.1707 -1.6487
    endloop
  endfacet
  facet normal -0.951058 -0 -0.309011
    outer loop
      vertex -22.738 33.1707 -0.568104
      vertex -22.3869 -33.1707 -1.6487
      vertex -22.738 -33.1707 -0.568104
    endloop
  endfacet
  facet normal -0.585287 0.0926982 -0.80551
    outer loop
      vertex -3.3838 3.65452 -21.3937
      vertex -4.3837 3.14504 -20.7258
      vertex -4.25802 3.93857 -20.7258
    endloop
  endfacet
  facet normal -0.84837 0.432274 -0.305625
    outer loop
      vertex -22.2285 34.1707 -1.6487
      vertex -22.5625 34.2792 -0.568104
      vertex -21.7689 35.0727 -1.6487
    endloop
  endfacet
  facet normal -0.0488817 0.308641 -0.949922
    outer loop
      vertex -1.81579 3.71314 -21.7448
      vertex -2.32527 4.71305 -21.3937
      vertex -1.81579 4.79374 -21.3937
    endloop
  endfacet
  facet normal -0.0765337 0.483237 -0.872138
    outer loop
      vertex -16.8522 30.1159 -6.04362
      vertex -1.81579 4.79374 -21.3937
      vertex -2.32527 4.71305 -21.3937
    endloop
  endfacet
  facet normal -0.0766222 0.483194 -0.872154
    outer loop
      vertex -1.81579 4.79374 -21.3937
      vertex -16.8522 30.1159 -6.04362
      vertex -16.6317 30.4556 -5.87479
    endloop
  endfacet
  facet normal -0.0764211 0.483289 -0.872119
    outer loop
      vertex -16.8522 30.1159 -6.04362
      vertex -2.32527 4.71305 -21.3937
      vertex -16.9472 30.039 -6.07791
    endloop
  endfacet
  facet normal -0.0765311 0.483237 -0.872138
    outer loop
      vertex -18.2788 32.5869 -4.54935
      vertex -19.1511 34.8195 -3.23576
      vertex -17.8744 32.6081 -4.57309
    endloop
  endfacet
  facet normal -0.0769454 0.483098 -0.872179
    outer loop
      vertex -18.3929 32.543 -4.5636
      vertex -19.1511 34.8195 -3.23576
      vertex -18.2788 32.5869 -4.54935
    endloop
  endfacet
  facet normal -0.076537 0.483217 -0.872149
    outer loop
      vertex -19.1511 34.8195 -3.23576
      vertex -18.3929 32.543 -4.5636
      vertex -19.6606 34.7388 -3.23576
    endloop
  endfacet
  facet normal -0.368932 0.723908 -0.582963
    outer loop
      vertex -19.9447 35.613 -2.56791
      vertex -20.6605 35.2482 -2.56791
      vertex -20.151 36.2481 -1.6487
    endloop
  endfacet
  facet normal -0.527958 0.269068 -0.80552
    outer loop
      vertex -20.485 34.1398 -3.23576
      vertex -21.5934 33.9643 -2.56791
      vertex -21.2286 34.6801 -2.56791
    endloop
  endfacet
  facet normal -0.673246 0.673331 0.305557
    outer loop
      vertex -22.053 35.2791 0.568104
      vertex -21.0531 35.7885 1.6487
      vertex -21.2594 36.0726 0.568104
    endloop
  endfacet
  facet normal -0.673276 0.673276 0.305611
    outer loop
      vertex -21.0531 35.7885 1.6487
      vertex -22.053 35.2791 0.568104
      vertex -21.7689 35.0727 1.6487
    endloop
  endfacet
  facet normal -0.940425 0.148963 0.305632
    outer loop
      vertex -22.2285 34.1707 1.6487
      vertex -22.5625 34.2792 0.568104
      vertex -22.3869 33.1707 1.6487
    endloop
  endfacet
  facet normal -0.802473 0.127112 -0.582992
    outer loop
      vertex -21.7191 33.1707 -2.56791
      vertex -22.3869 33.1707 -1.6487
      vertex -22.2285 34.1707 -1.6487
    endloop
  endfacet
  facet normal -0.565008 0.162935 -0.808838
    outer loop
      vertex -4.25802 3.93857 -20.7258
      vertex -18.4263 29.7089 -5.63738
      vertex -3.3838 3.65452 -21.3937
    endloop
  endfacet
  facet normal -0.565014 0.16293 -0.808835
    outer loop
      vertex -4.25802 3.93857 -20.7258
      vertex -18.577 29.7493 -5.52397
      vertex -18.4263 29.7089 -5.63738
    endloop
  endfacet
  facet normal -0.564924 0.163007 -0.808881
    outer loop
      vertex -4.25802 3.93857 -20.7258
      vertex -18.9706 30.0049 -5.19757
      vertex -18.577 29.7493 -5.52397
    endloop
  endfacet
  facet normal -0.564772 0.16314 -0.808961
    outer loop
      vertex -4.25802 3.93857 -20.7258
      vertex -19.266 30.3696 -4.91779
      vertex -18.9706 30.0049 -5.19757
    endloop
  endfacet
  facet normal -0.564844 0.1631 -0.808919
    outer loop
      vertex -21.5934 33.9643 -2.56791
      vertex -19.4587 31.2764 -4.60046
      vertex -19.4342 30.8078 -4.71205
    endloop
  endfacet
  facet normal -0.565127 0.162811 -0.808779
    outer loop
      vertex -21.5934 33.9643 -2.56791
      vertex -19.4342 30.8078 -4.71205
      vertex -19.266 30.3696 -4.91779
    endloop
  endfacet
  facet normal -0.564976 0.162949 -0.808857
    outer loop
      vertex -19.4587 31.2764 -4.60046
      vertex -21.5934 33.9643 -2.56791
      vertex -20.7192 33.6802 -3.23576
    endloop
  endfacet
  facet normal -0.564949 0.162985 -0.808869
    outer loop
      vertex -21.5934 33.9643 -2.56791
      vertex -19.266 30.3696 -4.91779
      vertex -4.25802 3.93857 -20.7258
    endloop
  endfacet
  facet normal -0.564879 0.163028 -0.808909
    outer loop
      vertex -19.4183 31.4271 -4.5983
      vertex -19.4587 31.2764 -4.60046
      vertex -20.7192 33.6802 -3.23576
    endloop
  endfacet
  facet normal -0.987698 -0.156374 0
    outer loop
      vertex -22.5625 -34.2792 -0.568104
      vertex -22.738 -33.1707 0.568104
      vertex -22.738 -33.1707 -0.568104
    endloop
  endfacet
  facet normal -0.987698 -0.156374 0
    outer loop
      vertex -22.738 -33.1707 0.568104
      vertex -22.5625 -34.2792 -0.568104
      vertex -22.5625 -34.2792 0.568104
    endloop
  endfacet
  facet normal -1 0 0
    outer loop
      vertex -22.738 -33.1707 -0.568104
      vertex -22.738 33.1707 0.568104
      vertex -22.738 33.1707 -0.568104
    endloop
  endfacet
  facet normal -1 -0 0
    outer loop
      vertex -22.738 33.1707 0.568104
      vertex -22.738 -33.1707 -0.568104
      vertex -22.738 -33.1707 0.568104
    endloop
  endfacet
  facet normal 0.269023 0.527994 -0.805511
    outer loop
      vertex -0.846706 4.47887 -21.3937
      vertex -1.02226 5.58727 -20.7258
      vertex -0.306408 5.22253 -20.7258
    endloop
  endfacet
  facet normal 0.368924 0.723892 0.582989
    outer loop
      vertex -18.1512 36.2481 1.6487
      vertex -18.3576 35.613 2.56791
      vertex -17.6418 35.2482 2.56791
    endloop
  endfacet
  facet normal 0.432274 0.84837 0.305625
    outer loop
      vertex -18.0427 36.5821 0.568104
      vertex -18.1512 36.2481 1.6487
      vertex -17.2492 35.7885 1.6487
    endloop
  endfacet
  facet normal 0.475774 0.824065 -0.3075
    outer loop
      vertex 40.2042 2.61778 -1.6487
      vertex -17.0428 36.0726 -0.568104
      vertex 40.4106 2.90184 -0.568104
    endloop
  endfacet
  facet normal 0.475769 0.824057 -0.307528
    outer loop
      vertex -17.0428 36.0726 -0.568104
      vertex 40.2042 2.61778 -1.6487
      vertex -17.2492 35.7885 -1.6487
    endloop
  endfacet
  facet normal 0.269027 0.527994 0.80551
    outer loop
      vertex -1.02226 5.58727 20.7258
      vertex -1.30631 4.71305 21.3937
      vertex -0.846706 4.47887 21.3937
    endloop
  endfacet
  facet normal 0.141867 0.278429 0.949922
    outer loop
      vertex -1.30631 4.71305 21.3937
      vertex -1.64024 3.68534 21.7448
      vertex -0.846706 4.47887 21.3937
    endloop
  endfacet
  facet normal 0.148908 0.940455 0.305566
    outer loop
      vertex -19.1511 36.7576 0.568104
      vertex -19.1511 36.4065 1.6487
      vertex -18.0427 36.5821 0.568104
    endloop
  endfacet
  facet normal 0.0874207 0.55197 0.829268
    outer loop
      vertex -16.5966 30.5095 5.83518
      vertex -1.30631 4.71305 21.3937
      vertex -16.4751 30.9628 5.52065
    endloop
  endfacet
  facet normal 0.0853355 0.551205 0.829995
    outer loop
      vertex -16.4751 30.9628 5.52065
      vertex -1.30631 4.71305 21.3937
      vertex -16.4765 30.9886 5.50366
    endloop
  endfacet
  facet normal 0.0874194 0.55197 0.829269
    outer loop
      vertex -1.30631 4.71305 21.3937
      vertex -16.5966 30.5095 5.83518
      vertex -1.81579 4.79374 21.3937
    endloop
  endfacet
  facet normal 0.0878243 0.552117 0.829128
    outer loop
      vertex -1.81579 4.79374 21.3937
      vertex -16.5966 30.5095 5.83518
      vertex -16.6317 30.4556 5.87479
    endloop
  endfacet
  facet normal 0.0902586 0.552996 0.828281
    outer loop
      vertex -18.6417 34.7388 3.23576
      vertex -17.3568 32.49 4.59714
      vertex -17.3352 32.4759 4.6042
    endloop
  endfacet
  facet normal 0.0873353 0.551941 0.829297
    outer loop
      vertex -18.6417 34.7388 3.23576
      vertex -17.8101 32.6114 4.56408
      vertex -17.3568 32.49 4.59714
    endloop
  endfacet
  facet normal 0.0878532 0.55206 0.829163
    outer loop
      vertex -18.6417 34.7388 3.23576
      vertex -17.8744 32.6081 4.57309
      vertex -17.8101 32.6114 4.56408
    endloop
  endfacet
  facet normal 0.0874449 0.551975 0.829263
    outer loop
      vertex -17.8744 32.6081 4.57309
      vertex -18.6417 34.7388 3.23576
      vertex -19.1511 34.8195 3.23576
    endloop
  endfacet
  facet normal 0.27843 -0.141866 0.949922
    outer loop
      vertex 5.19959 -0.509477 21.3937
      vertex 4.17188 -0.175553 21.7448
      vertex 4.96541 -0.969083 21.3937
    endloop
  endfacet
  facet normal -0.278428 0.141868 0.949922
    outer loop
      vertex -3.14962 4.11412 21.3937
      vertex -3.3838 3.65452 21.3937
      vertex -2.35609 3.32059 21.7448
    endloop
  endfacet
  facet normal -0.585287 0.0926982 0.80551
    outer loop
      vertex -4.25802 3.93857 20.7258
      vertex -4.3837 3.14504 20.7258
      vertex -3.3838 3.65452 21.3937
    endloop
  endfacet
  facet normal -0.41901 0.41901 0.80552
    outer loop
      vertex -20.6605 35.2482 2.56791
      vertex -20.485 34.1398 3.23576
      vertex -20.1202 34.5046 3.23576
    endloop
  endfacet
  facet normal -0.41901 0.41901 0.80552
    outer loop
      vertex -20.485 34.1398 3.23576
      vertex -20.6605 35.2482 2.56791
      vertex -21.2286 34.6801 2.56791
    endloop
  endfacet
  facet normal 0.127124 0.802472 -0.582991
    outer loop
      vertex -18.1512 36.2481 -1.6487
      vertex -19.1511 35.7387 -2.56791
      vertex -19.1511 36.4065 -1.6487
    endloop
  endfacet
  facet normal -0.527959 0.269034 0.805531
    outer loop
      vertex -20.485 34.1398 3.23576
      vertex -21.5934 33.9643 2.56791
      vertex -20.7192 33.6802 3.23576
    endloop
  endfacet
  facet normal -0.802477 -0.127106 0.582988
    outer loop
      vertex -21.7191 -33.1707 2.56791
      vertex -22.2285 -34.1707 1.6487
      vertex -21.5934 -33.9643 2.56791
    endloop
  endfacet
  facet normal 0.27843 0.141866 0.949922
    outer loop
      vertex 4.96541 0.969083 21.3937
      vertex 4.17188 0.175553 21.7448
      vertex 5.19959 0.509477 21.3937
    endloop
  endfacet
  facet normal 0.723907 -0.368845 -0.583019
    outer loop
      vertex 40.9201 -1.90193 -1.6487
      vertex 40.3798 -1.50938 -2.56791
      vertex 41.3797 -0.999905 -1.6487
    endloop
  endfacet
  facet normal 0.940455 0.148908 0.305566
    outer loop
      vertex 41.7136 1.1084 0.568104
      vertex 41.538 0 1.6487
      vertex 41.8891 0 0.568104
    endloop
  endfacet
  facet normal 0.723908 0.368805 0.583043
    outer loop
      vertex 41.3797 0.999905 1.6487
      vertex 40.3798 1.50938 2.56791
      vertex 40.7445 0.793529 2.56791
    endloop
  endfacet
  facet normal 0.127124 -0.802472 0.582991
    outer loop
      vertex -19.1511 -35.7387 2.56791
      vertex -19.1511 -36.4065 1.6487
      vertex -18.1512 -36.2481 1.6487
    endloop
  endfacet
  facet normal -0.574484 -0.574484 0.58304
    outer loop
      vertex -21.2286 -34.6801 2.56791
      vertex -21.0531 -35.7885 1.6487
      vertex -20.6605 -35.2482 2.56791
    endloop
  endfacet
  facet normal -0.574484 -0.574484 0.58304
    outer loop
      vertex -21.0531 -35.7885 1.6487
      vertex -21.2286 -34.6801 2.56791
      vertex -21.7689 -35.0727 1.6487
    endloop
  endfacet
  facet normal -0.432292 -0.848378 -0.305578
    outer loop
      vertex -20.2595 -36.5821 -0.568104
      vertex -21.2594 -36.0726 -0.568104
      vertex -21.0531 -35.7885 -1.6487
    endloop
  endfacet
  facet normal -0.574484 -0.574484 -0.58304
    outer loop
      vertex -21.0531 -35.7885 -1.6487
      vertex -21.2286 -34.6801 -2.56791
      vertex -20.6605 -35.2482 -2.56791
    endloop
  endfacet
  facet normal -0.574484 -0.574484 -0.58304
    outer loop
      vertex -21.2286 -34.6801 -2.56791
      vertex -21.0531 -35.7885 -1.6487
      vertex -21.7689 -35.0727 -1.6487
    endloop
  endfacet
  facet normal 0.127122 -0.802474 -0.582989
    outer loop
      vertex -18.1512 -36.2481 -1.6487
      vertex -19.1511 -35.7387 -2.56791
      vertex -18.3576 -35.613 -2.56791
    endloop
  endfacet
  facet normal -0.127107 -0.802484 -0.582978
    outer loop
      vertex -19.1511 -35.7387 -2.56791
      vertex -20.151 -36.2481 -1.6487
      vertex -19.9447 -35.613 -2.56791
    endloop
  endfacet
  facet normal 0.432287 -0.848368 -0.305614
    outer loop
      vertex -17.0428 -36.0726 -0.568104
      vertex -18.0427 -36.5821 -0.568104
      vertex -17.2492 -35.7885 -1.6487
    endloop
  endfacet
  facet normal 0.220961 -0.220963 0.949922
    outer loop
      vertex 4.09118 -0.333922 21.7448
      vertex 4.60066 -1.33383 21.3937
      vertex 4.96541 -0.969083 21.3937
    endloop
  endfacet
  facet normal 0.220966 -0.22096 0.949921
    outer loop
      vertex 4.60066 -1.33383 21.3937
      vertex 4.09118 -0.333922 21.7448
      vertex 3.9655 -0.459605 21.7448
    endloop
  endfacet
  facet normal -0.0926999 -0.585261 0.805528
    outer loop
      vertex -19.1511 -34.8195 3.23576
      vertex -19.6606 -34.7388 3.23576
      vertex -19.1511 -35.7387 2.56791
    endloop
  endfacet
  facet normal 0.0488766 -0.308643 -0.949921
    outer loop
      vertex -1.30631 -4.71305 -21.3937
      vertex -1.81579 -3.71314 -21.7448
      vertex -1.64024 -3.68534 -21.7448
    endloop
  endfacet
  facet normal 0.419023 -0.419016 -0.805509
    outer loop
      vertex 5.14096 -2.07749 -20.7258
      vertex 4.96541 -0.969083 -21.3937
      vertex 5.70906 -1.50938 -20.7258
    endloop
  endfacet
  facet normal 0.419015 -0.419019 -0.805512
    outer loop
      vertex 4.96541 -0.969083 -21.3937
      vertex 5.14096 -2.07749 -20.7258
      vertex 4.60066 -1.33383 -21.3937
    endloop
  endfacet
  facet normal 0.451498 -0.230117 -0.862088
    outer loop
      vertex 34.7203 -0.881678 -5.83359
      vertex 5.19959 -0.509477 -21.3937
      vertex 34.5307 -0.509477 -6.03224
    endloop
  endfacet
  facet normal 0.451503 -0.230073 -0.862097
    outer loop
      vertex 4.96541 -0.969083 -21.3937
      vertex 34.7203 -0.881678 -5.83359
      vertex 34.8077 -0.969083 -5.76449
    endloop
  endfacet
  facet normal 0.451506 -0.230053 -0.862101
    outer loop
      vertex 34.7203 -0.881678 -5.83359
      vertex 4.96541 -0.969083 -21.3937
      vertex 5.19959 -0.509477 -21.3937
    endloop
  endfacet
  facet normal 0.451497 -0.230068 -0.862102
    outer loop
      vertex 39.6361 -0.969083 -3.23576
      vertex 37.337 -0.509477 -4.56249
      vertex 39.8703 -0.509477 -3.23576
    endloop
  endfacet
  facet normal 0.451514 -0.230002 -0.86211
    outer loop
      vertex 39.6361 -0.969083 -3.23576
      vertex 37.1474 -0.881678 -4.56249
      vertex 37.337 -0.509477 -4.56249
    endloop
  endfacet
  facet normal 0.451508 -0.230051 -0.862101
    outer loop
      vertex 37.1474 -0.881678 -4.56249
      vertex 39.6361 -0.969083 -3.23576
      vertex 37.06 -0.969083 -4.58494
    endloop
  endfacet
  facet normal 0.451497 0.230068 -0.862102
    outer loop
      vertex 37.337 0.509477 -4.56249
      vertex 39.6361 0.969083 -3.23576
      vertex 39.8703 0.509477 -3.23576
    endloop
  endfacet
  facet normal 0.451514 0.230002 -0.86211
    outer loop
      vertex 37.1474 0.881678 -4.56249
      vertex 39.6361 0.969083 -3.23576
      vertex 37.337 0.509477 -4.56249
    endloop
  endfacet
  facet normal 0.451508 0.230051 -0.862101
    outer loop
      vertex 39.6361 0.969083 -3.23576
      vertex 37.1474 0.881678 -4.56249
      vertex 37.06 0.969083 -4.58494
    endloop
  endfacet
  facet normal 0.451498 0.230117 -0.862088
    outer loop
      vertex 5.19959 0.509477 -21.3937
      vertex 34.7203 0.881678 -5.83359
      vertex 34.5307 0.509477 -6.03224
    endloop
  endfacet
  facet normal 0.451506 0.230053 -0.862101
    outer loop
      vertex 4.96541 0.969083 -21.3937
      vertex 34.7203 0.881678 -5.83359
      vertex 5.19959 0.509477 -21.3937
    endloop
  endfacet
  facet normal 0.451503 0.230073 -0.862097
    outer loop
      vertex 34.7203 0.881678 -5.83359
      vertex 4.96541 0.969083 -21.3937
      vertex 34.8077 0.969083 -5.76449
    endloop
  endfacet
  facet normal 0.723907 0.368845 -0.583019
    outer loop
      vertex 41.3797 0.999905 -1.6487
      vertex 40.3798 1.50938 -2.56791
      vertex 40.9201 1.90193 -1.6487
    endloop
  endfacet
  facet normal 0.723908 0.368805 -0.583043
    outer loop
      vertex 40.7445 0.793529 -2.56791
      vertex 40.3798 1.50938 -2.56791
      vertex 41.3797 0.999905 -1.6487
    endloop
  endfacet
  facet normal 0.802436 0.127111 -0.583044
    outer loop
      vertex 40.8702 0 -2.56791
      vertex 40.7445 0.793529 -2.56791
      vertex 41.3797 0.999905 -1.6487
    endloop
  endfacet
  facet normal 0.42086 0.420853 -0.803592
    outer loop
      vertex 5.70906 1.50938 -20.7258
      vertex 39.8117 2.07749 -2.56791
      vertex 40.3798 1.50938 -2.56791
    endloop
  endfacet
  facet normal 0.42086 0.420853 -0.803592
    outer loop
      vertex 39.8117 2.07749 -2.56791
      vertex 5.70906 1.50938 -20.7258
      vertex 5.14096 2.07749 -20.7258
    endloop
  endfacet
  facet normal 0.585263 -0.0927093 -0.805526
    outer loop
      vertex 40.7445 -0.793529 -2.56791
      vertex 39.8703 -0.509477 -3.23576
      vertex 40.8702 0 -2.56791
    endloop
  endfacet
  facet normal 0.527968 -0.269035 -0.805525
    outer loop
      vertex 40.7445 -0.793529 -2.56791
      vertex 39.6361 -0.969083 -3.23576
      vertex 39.8703 -0.509477 -3.23576
    endloop
  endfacet
  facet normal 0.141874 -0.278422 -0.949923
    outer loop
      vertex -0.846706 -4.47887 -21.3937
      vertex -1.64024 -3.68534 -21.7448
      vertex -1.48187 -3.60464 -21.7448
    endloop
  endfacet
  facet normal 0.127124 -0.802472 -0.582991
    outer loop
      vertex -18.1512 -36.2481 -1.6487
      vertex -19.1511 -36.4065 -1.6487
      vertex -19.1511 -35.7387 -2.56791
    endloop
  endfacet
  facet normal -0.269034 -0.527959 -0.805531
    outer loop
      vertex -19.9447 -35.613 -2.56791
      vertex -20.1202 -34.5046 -3.23576
      vertex -19.6606 -34.7388 -3.23576
    endloop
  endfacet
  facet normal 0.0488817 0.308641 -0.949922
    outer loop
      vertex -1.30631 4.71305 -21.3937
      vertex -1.81579 3.71314 -21.7448
      vertex -1.81579 4.79374 -21.3937
    endloop
  endfacet
  facet normal -0.278422 -0.141874 -0.949923
    outer loop
      vertex -2.27539 -3.47896 -21.7448
      vertex -3.14962 -4.11412 -21.3937
      vertex -2.35609 -3.32059 -21.7448
    endloop
  endfacet
  facet normal -0.587817 0 -0.808994
    outer loop
      vertex -4.3837 -3.14504 -20.7258
      vertex -3.46449 3.14504 -21.3937
      vertex -3.46449 -3.14504 -21.3937
    endloop
  endfacet
  facet normal -0.587817 0 -0.808994
    outer loop
      vertex -3.46449 3.14504 -21.3937
      vertex -4.3837 -3.14504 -20.7258
      vertex -4.3837 3.14504 -20.7258
    endloop
  endfacet
  facet normal 0.0927179 -0.58526 -0.805527
    outer loop
      vertex -18.6417 -34.7388 -3.23576
      vertex -19.1511 -35.7387 -2.56791
      vertex -19.1511 -34.8195 -3.23576
    endloop
  endfacet
  facet normal 0.0902586 -0.552996 -0.828281
    outer loop
      vertex -18.6417 -34.7388 -3.23576
      vertex -17.3568 -32.49 -4.59714
      vertex -17.3352 -32.4759 -4.6042
    endloop
  endfacet
  facet normal 0.0873353 -0.551941 -0.829297
    outer loop
      vertex -18.6417 -34.7388 -3.23576
      vertex -17.8101 -32.6114 -4.56408
      vertex -17.3568 -32.49 -4.59714
    endloop
  endfacet
  facet normal 0.0878532 -0.55206 -0.829163
    outer loop
      vertex -18.6417 -34.7388 -3.23576
      vertex -17.8744 -32.6081 -4.57309
      vertex -17.8101 -32.6114 -4.56408
    endloop
  endfacet
  facet normal 0.0874449 -0.551975 -0.829263
    outer loop
      vertex -17.8744 -32.6081 -4.57309
      vertex -18.6417 -34.7388 -3.23576
      vertex -19.1511 -34.8195 -3.23576
    endloop
  endfacet
  facet normal 0.0874207 -0.55197 -0.829268
    outer loop
      vertex -16.5966 -30.5095 -5.83518
      vertex -1.30631 -4.71305 -21.3937
      vertex -16.4751 -30.9628 -5.52065
    endloop
  endfacet
  facet normal 0.0853355 -0.551205 -0.829995
    outer loop
      vertex -16.4751 -30.9628 -5.52065
      vertex -1.30631 -4.71305 -21.3937
      vertex -16.4765 -30.9886 -5.50366
    endloop
  endfacet
  facet normal 0.0874194 -0.55197 -0.829269
    outer loop
      vertex -1.30631 -4.71305 -21.3937
      vertex -16.5966 -30.5095 -5.83518
      vertex -1.81579 -4.79374 -21.3937
    endloop
  endfacet
  facet normal 0.0878243 -0.552117 -0.829128
    outer loop
      vertex -1.81579 -4.79374 -21.3937
      vertex -16.5966 -30.5095 -5.83518
      vertex -16.6317 -30.4556 -5.87479
    endloop
  endfacet
  facet normal -0.0488766 -0.308643 -0.949921
    outer loop
      vertex -1.81579 -3.71314 -21.7448
      vertex -2.32527 -4.71305 -21.3937
      vertex -1.99134 -3.68534 -21.7448
    endloop
  endfacet
  facet normal -0.0488817 -0.308641 -0.949922
    outer loop
      vertex -1.81579 -4.79374 -21.3937
      vertex -2.32527 -4.71305 -21.3937
      vertex -1.81579 -3.71314 -21.7448
    endloop
  endfacet
  facet normal -0.802473 -0.127112 0.582992
    outer loop
      vertex -21.7191 -33.1707 2.56791
      vertex -22.3869 -33.1707 1.6487
      vertex -22.2285 -34.1707 1.6487
    endloop
  endfacet
  facet normal -0.809036 0 0.587759
    outer loop
      vertex -22.3869 -33.1707 1.6487
      vertex -21.7191 33.1707 2.56791
      vertex -22.3869 33.1707 1.6487
    endloop
  endfacet
  facet normal -0.809036 0 0.587759
    outer loop
      vertex -21.7191 33.1707 2.56791
      vertex -22.3869 -33.1707 1.6487
      vertex -21.7191 -33.1707 2.56791
    endloop
  endfacet
  facet normal -0.890997 -0.454009 0
    outer loop
      vertex -22.053 -35.2791 -0.568104
      vertex -22.5625 -34.2792 0.568104
      vertex -22.5625 -34.2792 -0.568104
    endloop
  endfacet
  facet normal -0.890997 -0.454009 0
    outer loop
      vertex -22.5625 -34.2792 0.568104
      vertex -22.053 -35.2791 -0.568104
      vertex -22.053 -35.2791 0.568104
    endloop
  endfacet
  facet normal -0.269068 -0.527958 -0.80552
    outer loop
      vertex -19.9447 -35.613 -2.56791
      vertex -20.6605 -35.2482 -2.56791
      vertex -20.1202 -34.5046 -3.23576
    endloop
  endfacet
  facet normal -0.723894 -0.368849 -0.583033
    outer loop
      vertex -21.7689 -35.0727 -1.6487
      vertex -22.2285 -34.1707 -1.6487
      vertex -21.2286 -34.6801 -2.56791
    endloop
  endfacet
  facet normal -0.631799 0.100065 -0.768646
    outer loop
      vertex -21.7191 33.1707 -2.56791
      vertex -4.25802 3.93857 -20.7258
      vertex -4.3837 3.14504 -20.7258
    endloop
  endfacet
  facet normal -0.631793 0.100071 -0.768651
    outer loop
      vertex -4.25802 3.93857 -20.7258
      vertex -21.7191 33.1707 -2.56791
      vertex -21.5934 33.9643 -2.56791
    endloop
  endfacet
  facet normal 0.308644 0.0488758 -0.949921
    outer loop
      vertex 4.19968 0 -21.7448
      vertex 4.17188 0.175553 -21.7448
      vertex 5.19959 0.509477 -21.3937
    endloop
  endfacet
  facet normal 0.308641 0.048882 -0.949922
    outer loop
      vertex 5.28028 0 -21.3937
      vertex 4.19968 0 -21.7448
      vertex 5.19959 0.509477 -21.3937
    endloop
  endfacet
  facet normal -0.269068 0.527958 -0.80552
    outer loop
      vertex -20.1202 34.5046 -3.23576
      vertex -20.6605 35.2482 -2.56791
      vertex -19.9447 35.613 -2.56791
    endloop
  endfacet
  facet normal -0.432292 0.848378 -0.305578
    outer loop
      vertex -21.0531 35.7885 -1.6487
      vertex -21.2594 36.0726 -0.568104
      vertex -20.2595 36.5821 -0.568104
    endloop
  endfacet
  facet normal -0.127107 0.802484 -0.582978
    outer loop
      vertex -19.9447 35.613 -2.56791
      vertex -20.151 36.2481 -1.6487
      vertex -19.1511 35.7387 -2.56791
    endloop
  endfacet
  facet normal -0.269034 0.527959 -0.805531
    outer loop
      vertex -19.6606 34.7388 -3.23576
      vertex -20.1202 34.5046 -3.23576
      vertex -19.9447 35.613 -2.56791
    endloop
  endfacet
  facet normal -0.940457 0.148895 -0.305567
    outer loop
      vertex -22.3869 33.1707 -1.6487
      vertex -22.738 33.1707 -0.568104
      vertex -22.5625 34.2792 -0.568104
    endloop
  endfacet
  facet normal -0.84837 0.432274 0.305625
    outer loop
      vertex -21.7689 35.0727 1.6487
      vertex -22.5625 34.2792 0.568104
      vertex -22.2285 34.1707 1.6487
    endloop
  endfacet
  facet normal 0.142667 0.571197 -0.808319
    outer loop
      vertex -16.4765 30.9886 -5.50366
      vertex -1.02226 5.58727 -20.7258
      vertex -1.30631 4.71305 -21.3937
    endloop
  endfacet
  facet normal 0.142669 0.571198 -0.808319
    outer loop
      vertex -16.4997 31.4315 -5.19478
      vertex -1.02226 5.58727 -20.7258
      vertex -16.4765 30.9886 -5.50366
    endloop
  endfacet
  facet normal 0.142785 0.571238 -0.80827
    outer loop
      vertex -16.6679 31.8696 -4.91487
      vertex -1.02226 5.58727 -20.7258
      vertex -16.4997 31.4315 -5.19478
    endloop
  endfacet
  facet normal 0.142559 0.57116 -0.808364
    outer loop
      vertex -16.6679 31.8696 -4.91487
      vertex -18.3576 35.613 -2.56791
      vertex -1.02226 5.58727 -20.7258
    endloop
  endfacet
  facet normal 0.142947 0.571252 -0.808231
    outer loop
      vertex -16.9632 32.2344 -4.70926
      vertex -18.3576 35.613 -2.56791
      vertex -16.6679 31.8696 -4.91487
    endloop
  endfacet
  facet normal 0.142489 0.571157 -0.808379
    outer loop
      vertex -17.3352 32.4759 -4.6042
      vertex -18.3576 35.613 -2.56791
      vertex -16.9632 32.2344 -4.70926
    endloop
  endfacet
  facet normal 0.14264 0.571178 -0.808337
    outer loop
      vertex -18.3576 35.613 -2.56791
      vertex -17.3352 32.4759 -4.6042
      vertex -18.6417 34.7388 -3.23576
    endloop
  endfacet
  facet normal 0.148978 0.940422 -0.305632
    outer loop
      vertex -18.1512 36.2481 -1.6487
      vertex -19.1511 36.4065 -1.6487
      vertex -18.0427 36.5821 -0.568104
    endloop
  endfacet
  facet normal 0.673294 0.673269 0.305588
    outer loop
      vertex 40.2042 2.61778 1.6487
      vertex 41.2041 2.10831 0.568104
      vertex 40.4106 2.90184 0.568104
    endloop
  endfacet
  facet normal 0.673269 0.673316 0.305542
    outer loop
      vertex 41.2041 2.10831 0.568104
      vertex 40.2042 2.61778 1.6487
      vertex 40.9201 1.90193 1.6487
    endloop
  endfacet
  facet normal 0.432287 0.848368 0.305614
    outer loop
      vertex -17.0428 36.0726 0.568104
      vertex -18.0427 36.5821 0.568104
      vertex -17.2492 35.7885 1.6487
    endloop
  endfacet
  facet normal 0.148908 0.940455 -0.305566
    outer loop
      vertex -18.0427 36.5821 -0.568104
      vertex -19.1511 36.4065 -1.6487
      vertex -19.1511 36.7576 -0.568104
    endloop
  endfacet
  facet normal -0.156388 0.987696 0
    outer loop
      vertex -19.1511 36.7576 -0.568104
      vertex -20.2595 36.5821 0.568104
      vertex -19.1511 36.7576 0.568104
    endloop
  endfacet
  facet normal -0.156388 0.987696 0
    outer loop
      vertex -20.2595 36.5821 0.568104
      vertex -19.1511 36.7576 -0.568104
      vertex -20.2595 36.5821 -0.568104
    endloop
  endfacet
  facet normal 0.432274 0.84837 -0.305625
    outer loop
      vertex -17.2492 35.7885 -1.6487
      vertex -18.1512 36.2481 -1.6487
      vertex -18.0427 36.5821 -0.568104
    endloop
  endfacet
  facet normal 0.5 0.866025 -0
    outer loop
      vertex 40.4106 2.90184 -0.568104
      vertex -17.0428 36.0726 0.568104
      vertex 40.4106 2.90184 0.568104
    endloop
  endfacet
  facet normal 0.5 0.866025 0
    outer loop
      vertex -17.0428 36.0726 0.568104
      vertex 40.4106 2.90184 -0.568104
      vertex -17.0428 36.0726 -0.568104
    endloop
  endfacet
  facet normal 0.454009 0.890997 -0
    outer loop
      vertex -17.0428 36.0726 -0.568104
      vertex -18.0427 36.5821 0.568104
      vertex -17.0428 36.0726 0.568104
    endloop
  endfacet
  facet normal 0.454009 0.890997 0
    outer loop
      vertex -18.0427 36.5821 0.568104
      vertex -17.0428 36.0726 -0.568104
      vertex -18.0427 36.5821 -0.568104
    endloop
  endfacet
  facet normal -0.0926999 0.585261 0.805528
    outer loop
      vertex -19.1511 35.7387 2.56791
      vertex -19.6606 34.7388 3.23576
      vertex -19.1511 34.8195 3.23576
    endloop
  endfacet
  facet normal -0.0927008 0.585262 0.805528
    outer loop
      vertex -19.1511 35.7387 2.56791
      vertex -19.9447 35.613 2.56791
      vertex -19.6606 34.7388 3.23576
    endloop
  endfacet
  facet normal 0.142667 0.571197 0.808319
    outer loop
      vertex -1.02226 5.58727 20.7258
      vertex -16.4765 30.9886 5.50366
      vertex -1.30631 4.71305 21.3937
    endloop
  endfacet
  facet normal 0.142669 0.571198 0.808319
    outer loop
      vertex -1.02226 5.58727 20.7258
      vertex -16.4997 31.4315 5.19478
      vertex -16.4765 30.9886 5.50366
    endloop
  endfacet
  facet normal 0.142785 0.571238 0.80827
    outer loop
      vertex -1.02226 5.58727 20.7258
      vertex -16.6679 31.8696 4.91487
      vertex -16.4997 31.4315 5.19478
    endloop
  endfacet
  facet normal 0.142559 0.57116 0.808364
    outer loop
      vertex -18.3576 35.613 2.56791
      vertex -16.6679 31.8696 4.91487
      vertex -1.02226 5.58727 20.7258
    endloop
  endfacet
  facet normal 0.142947 0.571252 0.808231
    outer loop
      vertex -18.3576 35.613 2.56791
      vertex -16.9632 32.2344 4.70926
      vertex -16.6679 31.8696 4.91487
    endloop
  endfacet
  facet normal 0.142489 0.571157 0.808379
    outer loop
      vertex -18.3576 35.613 2.56791
      vertex -17.3352 32.4759 4.6042
      vertex -16.9632 32.2344 4.70926
    endloop
  endfacet
  facet normal 0.14264 0.571178 0.808337
    outer loop
      vertex -17.3352 32.4759 4.6042
      vertex -18.3576 35.613 2.56791
      vertex -18.6417 34.7388 3.23576
    endloop
  endfacet
  facet normal 0.0927179 0.58526 0.805527
    outer loop
      vertex -19.1511 35.7387 2.56791
      vertex -19.1511 34.8195 3.23576
      vertex -18.6417 34.7388 3.23576
    endloop
  endfacet
  facet normal 0.092712 0.585259 0.805529
    outer loop
      vertex -18.3576 35.613 2.56791
      vertex -19.1511 35.7387 2.56791
      vertex -18.6417 34.7388 3.23576
    endloop
  endfacet
  facet normal -0.308641 -0.0488817 0.949922
    outer loop
      vertex -2.38389 -3.14504 21.7448
      vertex -3.46449 -3.14504 21.3937
      vertex -3.3838 -3.65452 21.3937
    endloop
  endfacet
  facet normal -0.278422 0.141874 0.949923
    outer loop
      vertex -2.27539 3.47896 21.7448
      vertex -3.14962 4.11412 21.3937
      vertex -2.35609 3.32059 21.7448
    endloop
  endfacet
  facet normal -0.127124 0.802472 -0.582991
    outer loop
      vertex -19.1511 35.7387 -2.56791
      vertex -20.151 36.2481 -1.6487
      vertex -19.1511 36.4065 -1.6487
    endloop
  endfacet
  facet normal -0.148978 0.940422 -0.305632
    outer loop
      vertex -20.151 36.2481 -1.6487
      vertex -20.2595 36.5821 -0.568104
      vertex -19.1511 36.4065 -1.6487
    endloop
  endfacet
  facet normal -0.574484 0.574484 0.58304
    outer loop
      vertex -21.0531 35.7885 1.6487
      vertex -21.2286 34.6801 2.56791
      vertex -20.6605 35.2482 2.56791
    endloop
  endfacet
  facet normal -0.574484 0.574484 0.58304
    outer loop
      vertex -21.2286 34.6801 2.56791
      vertex -21.0531 35.7885 1.6487
      vertex -21.7689 35.0727 1.6487
    endloop
  endfacet
  facet normal -0.723892 -0.368924 0.582989
    outer loop
      vertex -21.5934 -33.9643 2.56791
      vertex -22.2285 -34.1707 1.6487
      vertex -21.2286 -34.6801 2.56791
    endloop
  endfacet
  facet normal -0.585287 -0.0926982 0.80551
    outer loop
      vertex -3.3838 -3.65452 21.3937
      vertex -4.3837 -3.14504 20.7258
      vertex -4.25802 -3.93857 20.7258
    endloop
  endfacet
  facet normal -0.565008 -0.162935 0.808838
    outer loop
      vertex -4.25802 -3.93857 20.7258
      vertex -18.4263 -29.7089 5.63738
      vertex -3.3838 -3.65452 21.3937
    endloop
  endfacet
  facet normal -0.565014 -0.16293 0.808835
    outer loop
      vertex -4.25802 -3.93857 20.7258
      vertex -18.577 -29.7493 5.52397
      vertex -18.4263 -29.7089 5.63738
    endloop
  endfacet
  facet normal -0.564924 -0.163007 0.808881
    outer loop
      vertex -4.25802 -3.93857 20.7258
      vertex -18.9706 -30.0049 5.19757
      vertex -18.577 -29.7493 5.52397
    endloop
  endfacet
  facet normal -0.564772 -0.16314 0.808961
    outer loop
      vertex -4.25802 -3.93857 20.7258
      vertex -19.266 -30.3696 4.91779
      vertex -18.9706 -30.0049 5.19757
    endloop
  endfacet
  facet normal -0.564844 -0.1631 0.808919
    outer loop
      vertex -21.5934 -33.9643 2.56791
      vertex -19.4587 -31.2764 4.60046
      vertex -19.4342 -30.8078 4.71205
    endloop
  endfacet
  facet normal -0.565127 -0.162811 0.808779
    outer loop
      vertex -21.5934 -33.9643 2.56791
      vertex -19.4342 -30.8078 4.71205
      vertex -19.266 -30.3696 4.91779
    endloop
  endfacet
  facet normal -0.564976 -0.162949 0.808857
    outer loop
      vertex -19.4587 -31.2764 4.60046
      vertex -21.5934 -33.9643 2.56791
      vertex -20.7192 -33.6802 3.23576
    endloop
  endfacet
  facet normal -0.564949 -0.162985 0.808869
    outer loop
      vertex -21.5934 -33.9643 2.56791
      vertex -19.266 -30.3696 4.91779
      vertex -4.25802 -3.93857 20.7258
    endloop
  endfacet
  facet normal -0.564879 -0.163028 0.808909
    outer loop
      vertex -19.4183 -31.4271 4.5983
      vertex -19.4587 -31.2764 4.60046
      vertex -20.7192 -33.6802 3.23576
    endloop
  endfacet
  facet normal 0.294964 0.510893 0.807456
    outer loop
      vertex -0.306408 5.22253 20.7258
      vertex 4.60066 1.33383 21.3937
      vertex 5.14096 2.07749 20.7258
    endloop
  endfacet
  facet normal 0.294964 0.510893 0.807455
    outer loop
      vertex 4.60066 1.33383 21.3937
      vertex -0.306408 5.22253 20.7258
      vertex -0.846706 4.47887 21.3937
    endloop
  endfacet
  facet normal -0.220962 0.220962 0.949922
    outer loop
      vertex -2.78487 4.47887 21.3937
      vertex -2.27539 3.47896 21.7448
      vertex -2.14971 3.60464 21.7448
    endloop
  endfacet
  facet normal -0.220962 0.220962 0.949922
    outer loop
      vertex -2.27539 3.47896 21.7448
      vertex -2.78487 4.47887 21.3937
      vertex -3.14962 4.11412 21.3937
    endloop
  endfacet
  facet normal 0.422049 -0.415301 0.805853
    outer loop
      vertex 36.8155 -1.21352 4.58702
      vertex 39.6361 -0.969083 3.23576
      vertex 37.06 -0.969083 4.58494
    endloop
  endfacet
  facet normal 0.422062 -0.4152 0.805898
    outer loop
      vertex 39.6361 -0.969083 3.23576
      vertex 36.8155 -1.21352 4.58702
      vertex 40.3798 -1.50938 2.56791
    endloop
  endfacet
  facet normal 0.42208 -0.415137 0.805921
    outer loop
      vertex 36.3974 -1.42658 4.69624
      vertex 40.3798 -1.50938 2.56791
      vertex 36.8155 -1.21352 4.58702
    endloop
  endfacet
  facet normal 0.422105 -0.415031 0.805963
    outer loop
      vertex 35.9339 -1.5 4.90118
      vertex 40.3798 -1.50938 2.56791
      vertex 36.3974 -1.42658 4.69624
    endloop
  endfacet
  facet normal 0.421856 -0.416193 0.805494
    outer loop
      vertex 35.9339 -1.5 4.90118
      vertex 5.70906 -1.50938 20.7258
      vertex 40.3798 -1.50938 2.56791
    endloop
  endfacet
  facet normal 0.422152 -0.414798 0.806059
    outer loop
      vertex 35.4703 -1.42658 5.18176
      vertex 5.70906 -1.50938 20.7258
      vertex 35.9339 -1.5 4.90118
    endloop
  endfacet
  facet normal 0.422047 -0.415298 0.805856
    outer loop
      vertex 35.0522 -1.21352 5.51053
      vertex 5.70906 -1.50938 20.7258
      vertex 35.4703 -1.42658 5.18176
    endloop
  endfacet
  facet normal 0.422081 -0.415132 0.805924
    outer loop
      vertex 34.8077 -0.969083 5.76449
      vertex 5.70906 -1.50938 20.7258
      vertex 35.0522 -1.21352 5.51053
    endloop
  endfacet
  facet normal 0.422051 -0.415283 0.805861
    outer loop
      vertex 5.70906 -1.50938 20.7258
      vertex 34.8077 -0.969083 5.76449
      vertex 4.96541 -0.969083 21.3937
    endloop
  endfacet
  facet normal 0.422062 0.4152 0.805898
    outer loop
      vertex 36.8155 1.21352 4.58702
      vertex 39.6361 0.969083 3.23576
      vertex 40.3798 1.50938 2.56791
    endloop
  endfacet
  facet normal 0.422049 0.415301 0.805853
    outer loop
      vertex 39.6361 0.969083 3.23576
      vertex 36.8155 1.21352 4.58702
      vertex 37.06 0.969083 4.58494
    endloop
  endfacet
  facet normal 0.42208 0.415137 0.805921
    outer loop
      vertex 40.3798 1.50938 2.56791
      vertex 36.3974 1.42658 4.69624
      vertex 36.8155 1.21352 4.58702
    endloop
  endfacet
  facet normal 0.422105 0.415031 0.805963
    outer loop
      vertex 40.3798 1.50938 2.56791
      vertex 35.9339 1.5 4.90118
      vertex 36.3974 1.42658 4.69624
    endloop
  endfacet
  facet normal 0.421856 0.416193 0.805494
    outer loop
      vertex 5.70906 1.50938 20.7258
      vertex 35.9339 1.5 4.90118
      vertex 40.3798 1.50938 2.56791
    endloop
  endfacet
  facet normal 0.422152 0.414798 0.806059
    outer loop
      vertex 5.70906 1.50938 20.7258
      vertex 35.4703 1.42658 5.18176
      vertex 35.9339 1.5 4.90118
    endloop
  endfacet
  facet normal 0.422047 0.415298 0.805856
    outer loop
      vertex 5.70906 1.50938 20.7258
      vertex 35.0522 1.21352 5.51053
      vertex 35.4703 1.42658 5.18176
    endloop
  endfacet
  facet normal 0.422081 0.415132 0.805924
    outer loop
      vertex 5.70906 1.50938 20.7258
      vertex 34.8077 0.969083 5.76449
      vertex 35.0522 1.21352 5.51053
    endloop
  endfacet
  facet normal 0.422051 0.415283 0.805861
    outer loop
      vertex 34.8077 0.969083 5.76449
      vertex 5.70906 1.50938 20.7258
      vertex 4.96541 0.969083 21.3937
    endloop
  endfacet
  facet normal 0.585263 0.0927093 0.805526
    outer loop
      vertex 40.7445 0.793529 2.56791
      vertex 39.8703 0.509477 3.23576
      vertex 40.8702 0 2.56791
    endloop
  endfacet
  facet normal 0.585261 -0.092704 0.805528
    outer loop
      vertex 39.951 0 3.23576
      vertex 39.8703 -0.509477 3.23576
      vertex 40.8702 0 2.56791
    endloop
  endfacet
  facet normal 0.432274 -0.84837 0.305625
    outer loop
      vertex -17.2492 -35.7885 1.6487
      vertex -18.1512 -36.2481 1.6487
      vertex -18.0427 -36.5821 0.568104
    endloop
  endfacet
  facet normal -0.707062 -0.707151 0
    outer loop
      vertex -21.2594 -36.0726 -0.568104
      vertex -22.053 -35.2791 0.568104
      vertex -22.053 -35.2791 -0.568104
    endloop
  endfacet
  facet normal -0.707062 -0.707151 0
    outer loop
      vertex -22.053 -35.2791 0.568104
      vertex -21.2594 -36.0726 -0.568104
      vertex -21.2594 -36.0726 0.568104
    endloop
  endfacet
  facet normal -0.848368 -0.432287 -0.305614
    outer loop
      vertex -22.053 -35.2791 -0.568104
      vertex -22.5625 -34.2792 -0.568104
      vertex -21.7689 -35.0727 -1.6487
    endloop
  endfacet
  facet normal -0.0765311 -0.483237 -0.872138
    outer loop
      vertex -19.1511 -34.8195 -3.23576
      vertex -18.2788 -32.5869 -4.54935
      vertex -17.8744 -32.6081 -4.57309
    endloop
  endfacet
  facet normal -0.0769454 -0.483098 -0.872179
    outer loop
      vertex -19.1511 -34.8195 -3.23576
      vertex -18.3929 -32.543 -4.5636
      vertex -18.2788 -32.5869 -4.54935
    endloop
  endfacet
  facet normal -0.076537 -0.483217 -0.872149
    outer loop
      vertex -18.3929 -32.543 -4.5636
      vertex -19.1511 -34.8195 -3.23576
      vertex -19.6606 -34.7388 -3.23576
    endloop
  endfacet
  facet normal -0.0766222 -0.483194 -0.872154
    outer loop
      vertex -16.8522 -30.1159 -6.04362
      vertex -1.81579 -4.79374 -21.3937
      vertex -16.6317 -30.4556 -5.87479
    endloop
  endfacet
  facet normal -0.0765337 -0.483237 -0.872138
    outer loop
      vertex -1.81579 -4.79374 -21.3937
      vertex -16.8522 -30.1159 -6.04362
      vertex -2.32527 -4.71305 -21.3937
    endloop
  endfacet
  facet normal -0.0764211 -0.483289 -0.872119
    outer loop
      vertex -2.32527 -4.71305 -21.3937
      vertex -16.8522 -30.1159 -6.04362
      vertex -16.9472 -30.039 -6.07791
    endloop
  endfacet
  facet normal -0.269068 -0.527958 0.80552
    outer loop
      vertex -20.1202 -34.5046 3.23576
      vertex -20.6605 -35.2482 2.56791
      vertex -19.9447 -35.613 2.56791
    endloop
  endfacet
  facet normal 0.940455 -0.148908 0.305566
    outer loop
      vertex 41.8891 0 0.568104
      vertex 41.538 0 1.6487
      vertex 41.7136 -1.1084 0.568104
    endloop
  endfacet
  facet normal 0.574476 -0.574516 -0.583017
    outer loop
      vertex 40.2042 -2.61778 -1.6487
      vertex 40.3798 -1.50938 -2.56791
      vertex 40.9201 -1.90193 -1.6487
    endloop
  endfacet
  facet normal 0.574513 -0.574502 -0.582994
    outer loop
      vertex 40.3798 -1.50938 -2.56791
      vertex 40.2042 -2.61778 -1.6487
      vertex 39.8117 -2.07749 -2.56791
    endloop
  endfacet
  facet normal -0.454009 -0.890997 0
    outer loop
      vertex -21.2594 -36.0726 -0.568104
      vertex -20.2595 -36.5821 0.568104
      vertex -21.2594 -36.0726 0.568104
    endloop
  endfacet
  facet normal -0.454009 -0.890997 -0
    outer loop
      vertex -20.2595 -36.5821 0.568104
      vertex -21.2594 -36.0726 -0.568104
      vertex -20.2595 -36.5821 -0.568104
    endloop
  endfacet
  facet normal 0.475769 -0.824057 0.307528
    outer loop
      vertex -17.0428 -36.0726 0.568104
      vertex 40.2042 -2.61778 1.6487
      vertex -17.2492 -35.7885 1.6487
    endloop
  endfacet
  facet normal 0.475774 -0.824065 0.3075
    outer loop
      vertex 40.2042 -2.61778 1.6487
      vertex -17.0428 -36.0726 0.568104
      vertex 40.4106 -2.90184 0.568104
    endloop
  endfacet
  facet normal 0.848392 -0.432295 0.305535
    outer loop
      vertex 41.7136 -1.1084 0.568104
      vertex 40.9201 -1.90193 1.6487
      vertex 41.2041 -2.10831 0.568104
    endloop
  endfacet
  facet normal 0.673269 -0.673316 0.305542
    outer loop
      vertex 40.2042 -2.61778 1.6487
      vertex 41.2041 -2.10831 0.568104
      vertex 40.9201 -1.90193 1.6487
    endloop
  endfacet
  facet normal 0.673294 -0.673269 0.305588
    outer loop
      vertex 41.2041 -2.10831 0.568104
      vertex 40.2042 -2.61778 1.6487
      vertex 40.4106 -2.90184 0.568104
    endloop
  endfacet
  facet normal 0.368924 -0.723892 -0.582989
    outer loop
      vertex -18.1512 -36.2481 -1.6487
      vertex -18.3576 -35.613 -2.56791
      vertex -17.6418 -35.2482 -2.56791
    endloop
  endfacet
  facet normal -0.141868 0.278428 -0.949922
    outer loop
      vertex -1.99134 3.68534 -21.7448
      vertex -2.78487 4.47887 -21.3937
      vertex -2.32527 4.71305 -21.3937
    endloop
  endfacet
  facet normal -0.30901 0 -0.951059
    outer loop
      vertex -3.46449 -3.14504 -21.3937
      vertex -2.38389 -0.733067 -21.7448
      vertex -2.38389 -3.14504 -21.7448
    endloop
  endfacet
  facet normal -0.309155 7.13645e-05 -0.951012
    outer loop
      vertex -2.38389 -0.733067 -21.7448
      vertex -3.46449 -3.14504 -21.3937
      vertex -2.5 0 -21.707
    endloop
  endfacet
  facet normal -0.309155 -7.13645e-05 -0.951012
    outer loop
      vertex -3.46449 3.14504 -21.3937
      vertex -2.38389 0.733067 -21.7448
      vertex -2.5 0 -21.707
    endloop
  endfacet
  facet normal -0.308944 -0 -0.95108
    outer loop
      vertex -3.46449 3.14504 -21.3937
      vertex -2.5 0 -21.707
      vertex -3.46449 -3.14504 -21.3937
    endloop
  endfacet
  facet normal -0.30901 0 -0.951059
    outer loop
      vertex -2.38389 0.733067 -21.7448
      vertex -3.46449 3.14504 -21.3937
      vertex -2.38389 3.14504 -21.7448
    endloop
  endfacet
  facet normal -0.278428 -0.141868 -0.949922
    outer loop
      vertex -3.14962 -4.11412 -21.3937
      vertex -3.3838 -3.65452 -21.3937
      vertex -2.35609 -3.32059 -21.7448
    endloop
  endfacet
  facet normal 0.27843 0.141866 -0.949922
    outer loop
      vertex 5.19959 0.509477 -21.3937
      vertex 4.17188 0.175553 -21.7448
      vertex 4.96541 0.969083 -21.3937
    endloop
  endfacet
  facet normal -0.308643 -0.0488766 -0.949921
    outer loop
      vertex -2.35609 -3.32059 -21.7448
      vertex -3.3838 -3.65452 -21.3937
      vertex -2.38389 -3.14504 -21.7448
    endloop
  endfacet
  facet normal 0.308644 -0.0488758 -0.949921
    outer loop
      vertex 5.19959 -0.509477 -21.3937
      vertex 4.17188 -0.175553 -21.7448
      vertex 4.19968 0 -21.7448
    endloop
  endfacet
  facet normal 0.308641 -0.048882 -0.949922
    outer loop
      vertex 5.19959 -0.509477 -21.3937
      vertex 4.19968 0 -21.7448
      vertex 5.28028 0 -21.3937
    endloop
  endfacet
  facet normal 0.220961 -0.220963 -0.949922
    outer loop
      vertex 4.60066 -1.33383 -21.3937
      vertex 4.09118 -0.333922 -21.7448
      vertex 4.96541 -0.969083 -21.3937
    endloop
  endfacet
  facet normal 0.220966 -0.22096 -0.949921
    outer loop
      vertex 4.09118 -0.333922 -21.7448
      vertex 4.60066 -1.33383 -21.3937
      vertex 3.9655 -0.459605 -21.7448
    endloop
  endfacet
  facet normal 0.141867 0.278429 -0.949922
    outer loop
      vertex -0.846706 4.47887 -21.3937
      vertex -1.64024 3.68534 -21.7448
      vertex -1.30631 4.71305 -21.3937
    endloop
  endfacet
  facet normal 0.574476 0.574516 -0.583017
    outer loop
      vertex 40.3798 1.50938 -2.56791
      vertex 40.2042 2.61778 -1.6487
      vertex 40.9201 1.90193 -1.6487
    endloop
  endfacet
  facet normal 0.574513 0.574502 -0.582994
    outer loop
      vertex 40.2042 2.61778 -1.6487
      vertex 40.3798 1.50938 -2.56791
      vertex 39.8117 2.07749 -2.56791
    endloop
  endfacet
  facet normal 0.673294 0.673269 -0.305588
    outer loop
      vertex 41.2041 2.10831 -0.568104
      vertex 40.2042 2.61778 -1.6487
      vertex 40.4106 2.90184 -0.568104
    endloop
  endfacet
  facet normal 0.673269 0.673316 -0.305542
    outer loop
      vertex 40.2042 2.61778 -1.6487
      vertex 41.2041 2.10831 -0.568104
      vertex 40.9201 1.90193 -1.6487
    endloop
  endfacet
  facet normal 0.940455 0.148908 -0.305566
    outer loop
      vertex 41.8891 0 -0.568104
      vertex 41.538 0 -1.6487
      vertex 41.7136 1.1084 -0.568104
    endloop
  endfacet
  facet normal 0.940455 -0.148908 -0.305566
    outer loop
      vertex 41.7136 -1.1084 -0.568104
      vertex 41.538 0 -1.6487
      vertex 41.8891 0 -0.568104
    endloop
  endfacet
  facet normal 0.585261 -0.092704 -0.805528
    outer loop
      vertex 40.8702 0 -2.56791
      vertex 39.8703 -0.509477 -3.23576
      vertex 39.951 0 -3.23576
    endloop
  endfacet
  facet normal 0 0 -1
    outer loop
      vertex -1.48187 -3.60464 -21.7448
      vertex 0 -2.5 -21.7448
      vertex 0.594533 -2.40583 -21.7448
    endloop
  endfacet
  facet normal 0 0 -1
    outer loop
      vertex -1.48187 -3.60464 -21.7448
      vertex -0.772542 -2.37764 -21.7448
      vertex 0 -2.5 -21.7448
    endloop
  endfacet
  facet normal 0 0 -1
    outer loop
      vertex -1.48187 -3.60464 -21.7448
      vertex -1.46946 -2.02254 -21.7448
      vertex -0.772542 -2.37764 -21.7448
    endloop
  endfacet
  facet normal 0 0 -1
    outer loop
      vertex -2.38389 -3.14504 -21.7448
      vertex -1.48187 -3.60464 -21.7448
      vertex -1.64024 -3.68534 -21.7448
    endloop
  endfacet
  facet normal 0 0 -1
    outer loop
      vertex -2.38389 -3.14504 -21.7448
      vertex -1.64024 -3.68534 -21.7448
      vertex -1.81579 -3.71314 -21.7448
    endloop
  endfacet
  facet normal 0 0 -1
    outer loop
      vertex -2.38389 -3.14504 -21.7448
      vertex -1.81579 -3.71314 -21.7448
      vertex -1.99134 -3.68534 -21.7448
    endloop
  endfacet
  facet normal 0 0 -1
    outer loop
      vertex -1.48187 -3.60464 -21.7448
      vertex -2.38389 -3.14504 -21.7448
      vertex -1.46946 -2.02254 -21.7448
    endloop
  endfacet
  facet normal 0 0 -1
    outer loop
      vertex -2.38389 -3.14504 -21.7448
      vertex -1.99134 -3.68534 -21.7448
      vertex -2.14971 -3.60464 -21.7448
    endloop
  endfacet
  facet normal 0 0 -1
    outer loop
      vertex -2.38389 -3.14504 -21.7448
      vertex -2.14971 -3.60464 -21.7448
      vertex -2.27539 -3.47896 -21.7448
    endloop
  endfacet
  facet normal 0 0 -1
    outer loop
      vertex -2.38389 -3.14504 -21.7448
      vertex -2.27539 -3.47896 -21.7448
      vertex -2.35609 -3.32059 -21.7448
    endloop
  endfacet
  facet normal -0 0 -1
    outer loop
      vertex -1.46946 -2.02254 -21.7448
      vertex -2.38389 -3.14504 -21.7448
      vertex -2.02254 -1.46946 -21.7448
    endloop
  endfacet
  facet normal -0 0 -1
    outer loop
      vertex -2.02254 -1.46946 -21.7448
      vertex -2.38389 -3.14504 -21.7448
      vertex -2.37764 -0.772542 -21.7448
    endloop
  endfacet
  facet normal -0 0 -1
    outer loop
      vertex -2.37764 -0.772542 -21.7448
      vertex -2.38389 -3.14504 -21.7448
      vertex -2.38389 -0.733067 -21.7448
    endloop
  endfacet
  facet normal 0 0 -1
    outer loop
      vertex 4.17188 -0.175553 -21.7448
      vertex 4.17188 0.175553 -21.7448
      vertex 4.19968 0 -21.7448
    endloop
  endfacet
  facet normal 0 0 -1
    outer loop
      vertex 4.09118 -0.333922 -21.7448
      vertex 4.17188 0.175553 -21.7448
      vertex 4.17188 -0.175553 -21.7448
    endloop
  endfacet
  facet normal 0 0 -1
    outer loop
      vertex 4.09118 -0.333922 -21.7448
      vertex 4.09118 0.333922 -21.7448
      vertex 4.17188 0.175553 -21.7448
    endloop
  endfacet
  facet normal 0 0 -1
    outer loop
      vertex 3.9655 -0.459605 -21.7448
      vertex 4.09118 0.333922 -21.7448
      vertex 4.09118 -0.333922 -21.7448
    endloop
  endfacet
  facet normal 0 0 -1
    outer loop
      vertex 3.9655 -0.459605 -21.7448
      vertex 3.9655 0.459605 -21.7448
      vertex 4.09118 0.333922 -21.7448
    endloop
  endfacet
  facet normal 0 0 -1
    outer loop
      vertex 3.9655 -0.459605 -21.7448
      vertex 2.5 0 -21.7448
      vertex 3.9655 0.459605 -21.7448
    endloop
  endfacet
  facet normal -0 0 -1
    outer loop
      vertex 3.9655 -0.459605 -21.7448
      vertex 2.37764 -0.772542 -21.7448
      vertex 2.5 0 -21.7448
    endloop
  endfacet
  facet normal 0 0 -1
    outer loop
      vertex 3.9655 -0.459605 -21.7448
      vertex 2.02254 -1.46946 -21.7448
      vertex 2.37764 -0.772542 -21.7448
    endloop
  endfacet
  facet normal 0 -0 -1
    outer loop
      vertex 2.02254 -1.46946 -21.7448
      vertex 3.9655 -0.459605 -21.7448
      vertex 1.75776 -1.73425 -21.7448
    endloop
  endfacet
  facet normal 0 0 -1
    outer loop
      vertex 2.37764 0.772542 -21.7448
      vertex 3.9655 0.459605 -21.7448
      vertex 2.5 0 -21.7448
    endloop
  endfacet
  facet normal 0 0 -1
    outer loop
      vertex 2.02254 1.46946 -21.7448
      vertex 3.9655 0.459605 -21.7448
      vertex 2.37764 0.772542 -21.7448
    endloop
  endfacet
  facet normal 0 0 -1
    outer loop
      vertex 3.9655 0.459605 -21.7448
      vertex 2.02254 1.46946 -21.7448
      vertex 1.75776 1.73425 -21.7448
    endloop
  endfacet
  facet normal 0 0 -1
    outer loop
      vertex 0 2.5 -21.7448
      vertex -1.48187 3.60464 -21.7448
      vertex 0.594533 2.40583 -21.7448
    endloop
  endfacet
  facet normal 0 0 -1
    outer loop
      vertex -0.772542 2.37764 -21.7448
      vertex -1.48187 3.60464 -21.7448
      vertex 0 2.5 -21.7448
    endloop
  endfacet
  facet normal 0 0 -1
    outer loop
      vertex -1.46946 2.02254 -21.7448
      vertex -1.48187 3.60464 -21.7448
      vertex -0.772542 2.37764 -21.7448
    endloop
  endfacet
  facet normal 0 0 -1
    outer loop
      vertex -2.38389 3.14504 -21.7448
      vertex -1.48187 3.60464 -21.7448
      vertex -1.46946 2.02254 -21.7448
    endloop
  endfacet
  facet normal -0 0 -1
    outer loop
      vertex -1.48187 3.60464 -21.7448
      vertex -2.38389 3.14504 -21.7448
      vertex -1.64024 3.68534 -21.7448
    endloop
  endfacet
  facet normal -0 0 -1
    outer loop
      vertex -1.64024 3.68534 -21.7448
      vertex -2.38389 3.14504 -21.7448
      vertex -1.81579 3.71314 -21.7448
    endloop
  endfacet
  facet normal 0 0 -1
    outer loop
      vertex -2.38389 3.14504 -21.7448
      vertex -1.46946 2.02254 -21.7448
      vertex -2.02254 1.46946 -21.7448
    endloop
  endfacet
  facet normal 0 0 -1
    outer loop
      vertex -1.81579 3.71314 -21.7448
      vertex -2.38389 3.14504 -21.7448
      vertex -1.99134 3.68534 -21.7448
    endloop
  endfacet
  facet normal 0 0 -1
    outer loop
      vertex -1.99134 3.68534 -21.7448
      vertex -2.38389 3.14504 -21.7448
      vertex -2.14971 3.60464 -21.7448
    endloop
  endfacet
  facet normal 0 0 -1
    outer loop
      vertex -2.14971 3.60464 -21.7448
      vertex -2.38389 3.14504 -21.7448
      vertex -2.27539 3.47896 -21.7448
    endloop
  endfacet
  facet normal 0 0 -1
    outer loop
      vertex -2.38389 3.14504 -21.7448
      vertex -2.02254 1.46946 -21.7448
      vertex -2.37764 0.772542 -21.7448
    endloop
  endfacet
  facet normal 0 0 -1
    outer loop
      vertex -2.38389 3.14504 -21.7448
      vertex -2.37764 0.772542 -21.7448
      vertex -2.38389 0.733067 -21.7448
    endloop
  endfacet
  facet normal 0 0 -1
    outer loop
      vertex -2.27539 3.47896 -21.7448
      vertex -2.38389 3.14504 -21.7448
      vertex -2.35609 3.32059 -21.7448
    endloop
  endfacet
  facet normal -0.308641 -0.0488817 -0.949922
    outer loop
      vertex -3.3838 -3.65452 -21.3937
      vertex -3.46449 -3.14504 -21.3937
      vertex -2.38389 -3.14504 -21.7448
    endloop
  endfacet
  facet normal -0.585286 -0.0926959 -0.805511
    outer loop
      vertex -3.3838 -3.65452 -21.3937
      vertex -4.3837 -3.14504 -20.7258
      vertex -3.46449 -3.14504 -21.3937
    endloop
  endfacet
  facet normal -0.564879 -0.163028 -0.808909
    outer loop
      vertex -19.4183 -31.4271 -4.5983
      vertex -20.7192 -33.6802 -3.23576
      vertex -19.4587 -31.2764 -4.60046
    endloop
  endfacet
  facet normal -0.565008 -0.162935 -0.808838
    outer loop
      vertex -18.4263 -29.7089 -5.63738
      vertex -4.25802 -3.93857 -20.7258
      vertex -3.3838 -3.65452 -21.3937
    endloop
  endfacet
  facet normal -0.565014 -0.16293 -0.808835
    outer loop
      vertex -18.577 -29.7493 -5.52397
      vertex -4.25802 -3.93857 -20.7258
      vertex -18.4263 -29.7089 -5.63738
    endloop
  endfacet
  facet normal -0.564924 -0.163007 -0.808881
    outer loop
      vertex -18.9706 -30.0049 -5.19757
      vertex -4.25802 -3.93857 -20.7258
      vertex -18.577 -29.7493 -5.52397
    endloop
  endfacet
  facet normal -0.564772 -0.16314 -0.808961
    outer loop
      vertex -19.266 -30.3696 -4.91779
      vertex -4.25802 -3.93857 -20.7258
      vertex -18.9706 -30.0049 -5.19757
    endloop
  endfacet
  facet normal -0.564976 -0.162949 -0.808857
    outer loop
      vertex -21.5934 -33.9643 -2.56791
      vertex -19.4587 -31.2764 -4.60046
      vertex -20.7192 -33.6802 -3.23576
    endloop
  endfacet
  facet normal -0.564844 -0.1631 -0.808919
    outer loop
      vertex -19.4587 -31.2764 -4.60046
      vertex -21.5934 -33.9643 -2.56791
      vertex -19.4342 -30.8078 -4.71205
    endloop
  endfacet
  facet normal -0.564949 -0.162985 -0.808869
    outer loop
      vertex -19.266 -30.3696 -4.91779
      vertex -21.5934 -33.9643 -2.56791
      vertex -4.25802 -3.93857 -20.7258
    endloop
  endfacet
  facet normal -0.565127 -0.162811 -0.808779
    outer loop
      vertex -19.4342 -30.8078 -4.71205
      vertex -21.5934 -33.9643 -2.56791
      vertex -19.266 -30.3696 -4.91779
    endloop
  endfacet
  facet normal -0.471919 -0.240478 -0.848211
    outer loop
      vertex -20.7192 -33.6802 -3.23576
      vertex -19.2082 -31.9284 -4.57309
      vertex -20.485 -34.1398 -3.23576
    endloop
  endfacet
  facet normal -0.471974 -0.24042 -0.848198
    outer loop
      vertex -19.2082 -31.9284 -4.57309
      vertex -20.7192 -33.6802 -3.23576
      vertex -19.3372 -31.7297 -4.55763
    endloop
  endfacet
  facet normal -0.471909 -0.240479 -0.848217
    outer loop
      vertex -19.3372 -31.7297 -4.55763
      vertex -20.7192 -33.6802 -3.23576
      vertex -19.4183 -31.4271 -4.5983
    endloop
  endfacet
  facet normal -0.471943 -0.24047 -0.8482
    outer loop
      vertex -18.1237 -29.6279 -5.82873
      vertex -3.14962 -4.11412 -21.3937
      vertex -17.8871 -29.6403 -5.95686
    endloop
  endfacet
  facet normal -0.471944 -0.24047 -0.8482
    outer loop
      vertex -3.14962 -4.11412 -21.3937
      vertex -18.1237 -29.6279 -5.82873
      vertex -3.3838 -3.65452 -21.3937
    endloop
  endfacet
  facet normal -0.471993 -0.240432 -0.848184
    outer loop
      vertex -3.3838 -3.65452 -21.3937
      vertex -18.1237 -29.6279 -5.82873
      vertex -18.4263 -29.7089 -5.63738
    endloop
  endfacet
  facet normal -0.527959 0.269034 -0.805531
    outer loop
      vertex -20.7192 33.6802 -3.23576
      vertex -21.5934 33.9643 -2.56791
      vertex -20.485 34.1398 -3.23576
    endloop
  endfacet
  facet normal 0.0902586 0.552996 -0.828281
    outer loop
      vertex -17.3568 32.49 -4.59714
      vertex -18.6417 34.7388 -3.23576
      vertex -17.3352 32.4759 -4.6042
    endloop
  endfacet
  facet normal 0.0873353 0.551941 -0.829297
    outer loop
      vertex -17.8101 32.6114 -4.56408
      vertex -18.6417 34.7388 -3.23576
      vertex -17.3568 32.49 -4.59714
    endloop
  endfacet
  facet normal 0.0878532 0.55206 -0.829163
    outer loop
      vertex -17.8744 32.6081 -4.57309
      vertex -18.6417 34.7388 -3.23576
      vertex -17.8101 32.6114 -4.56408
    endloop
  endfacet
  facet normal 0.0874449 0.551975 -0.829263
    outer loop
      vertex -18.6417 34.7388 -3.23576
      vertex -17.8744 32.6081 -4.57309
      vertex -19.1511 34.8195 -3.23576
    endloop
  endfacet
  facet normal 0.0874207 0.55197 -0.829268
    outer loop
      vertex -1.30631 4.71305 -21.3937
      vertex -16.5966 30.5095 -5.83518
      vertex -16.4751 30.9628 -5.52065
    endloop
  endfacet
  facet normal 0.0878243 0.552117 -0.829128
    outer loop
      vertex -16.5966 30.5095 -5.83518
      vertex -1.81579 4.79374 -21.3937
      vertex -16.6317 30.4556 -5.87479
    endloop
  endfacet
  facet normal 0.0874194 0.55197 -0.829269
    outer loop
      vertex -16.5966 30.5095 -5.83518
      vertex -1.30631 4.71305 -21.3937
      vertex -1.81579 4.79374 -21.3937
    endloop
  endfacet
  facet normal 0.0853355 0.551205 -0.829995
    outer loop
      vertex -1.30631 4.71305 -21.3937
      vertex -16.4751 30.9628 -5.52065
      vertex -16.4765 30.9886 -5.50366
    endloop
  endfacet
  facet normal -0.673246 0.673331 -0.305557
    outer loop
      vertex -21.0531 35.7885 -1.6487
      vertex -22.053 35.2791 -0.568104
      vertex -21.2594 36.0726 -0.568104
    endloop
  endfacet
  facet normal -0.673276 0.673276 -0.305611
    outer loop
      vertex -22.053 35.2791 -0.568104
      vertex -21.0531 35.7885 -1.6487
      vertex -21.7689 35.0727 -1.6487
    endloop
  endfacet
  facet normal -0.41901 0.41901 -0.80552
    outer loop
      vertex -20.485 34.1398 -3.23576
      vertex -20.6605 35.2482 -2.56791
      vertex -20.1202 34.5046 -3.23576
    endloop
  endfacet
  facet normal -0.41901 0.41901 -0.80552
    outer loop
      vertex -20.6605 35.2482 -2.56791
      vertex -20.485 34.1398 -3.23576
      vertex -21.2286 34.6801 -2.56791
    endloop
  endfacet
  facet normal -0.574484 0.574484 -0.58304
    outer loop
      vertex -21.2286 34.6801 -2.56791
      vertex -21.0531 35.7885 -1.6487
      vertex -20.6605 35.2482 -2.56791
    endloop
  endfacet
  facet normal -0.574484 0.574484 -0.58304
    outer loop
      vertex -21.0531 35.7885 -1.6487
      vertex -21.2286 34.6801 -2.56791
      vertex -21.7689 35.0727 -1.6487
    endloop
  endfacet
  facet normal -0.987698 0.156374 0
    outer loop
      vertex -22.738 33.1707 -0.568104
      vertex -22.5625 34.2792 0.568104
      vertex -22.5625 34.2792 -0.568104
    endloop
  endfacet
  facet normal -0.987698 0.156374 0
    outer loop
      vertex -22.5625 34.2792 0.568104
      vertex -22.738 33.1707 -0.568104
      vertex -22.738 33.1707 0.568104
    endloop
  endfacet
  facet normal -0.723892 0.368924 -0.582989
    outer loop
      vertex -21.5934 33.9643 -2.56791
      vertex -22.2285 34.1707 -1.6487
      vertex -21.2286 34.6801 -2.56791
    endloop
  endfacet
  facet normal -0.802477 0.127106 -0.582988
    outer loop
      vertex -21.7191 33.1707 -2.56791
      vertex -22.2285 34.1707 -1.6487
      vertex -21.5934 33.9643 -2.56791
    endloop
  endfacet
  facet normal -0.220962 0.220962 -0.949922
    outer loop
      vertex -2.27539 3.47896 -21.7448
      vertex -2.78487 4.47887 -21.3937
      vertex -2.14971 3.60464 -21.7448
    endloop
  endfacet
  facet normal -0.220962 0.220962 -0.949922
    outer loop
      vertex -2.78487 4.47887 -21.3937
      vertex -2.27539 3.47896 -21.7448
      vertex -3.14962 4.11412 -21.3937
    endloop
  endfacet
  facet normal 0.70712 0.707093 0
    outer loop
      vertex 41.2041 2.10831 0.568104
      vertex 40.4106 2.90184 -0.568104
      vertex 40.4106 2.90184 0.568104
    endloop
  endfacet
  facet normal 0.70712 0.707093 0
    outer loop
      vertex 40.4106 2.90184 -0.568104
      vertex 41.2041 2.10831 0.568104
      vertex 41.2041 2.10831 -0.568104
    endloop
  endfacet
  facet normal 0.723907 0.368845 0.583019
    outer loop
      vertex 40.9201 1.90193 1.6487
      vertex 40.3798 1.50938 2.56791
      vertex 41.3797 0.999905 1.6487
    endloop
  endfacet
  facet normal 0.368849 0.723894 0.583033
    outer loop
      vertex -17.2492 35.7885 1.6487
      vertex -18.1512 36.2481 1.6487
      vertex -17.6418 35.2482 2.56791
    endloop
  endfacet
  facet normal 0.475774 0.824065 0.3075
    outer loop
      vertex -17.0428 36.0726 0.568104
      vertex 40.2042 2.61778 1.6487
      vertex 40.4106 2.90184 0.568104
    endloop
  endfacet
  facet normal 0.475769 0.824057 0.307528
    outer loop
      vertex 40.2042 2.61778 1.6487
      vertex -17.0428 36.0726 0.568104
      vertex -17.2492 35.7885 1.6487
    endloop
  endfacet
  facet normal -0.148908 0.940455 0.305566
    outer loop
      vertex -19.1511 36.7576 0.568104
      vertex -20.2595 36.5821 0.568104
      vertex -19.1511 36.4065 1.6487
    endloop
  endfacet
  facet normal -0.148978 0.940422 0.305632
    outer loop
      vertex -19.1511 36.4065 1.6487
      vertex -20.2595 36.5821 0.568104
      vertex -20.151 36.2481 1.6487
    endloop
  endfacet
  facet normal 0.314671 0.617585 -0.720813
    outer loop
      vertex -1.02226 5.58727 -20.7258
      vertex -17.6418 35.2482 -2.56791
      vertex -0.306408 5.22253 -20.7258
    endloop
  endfacet
  facet normal 0.314754 0.6176 -0.720763
    outer loop
      vertex -17.6418 35.2482 -2.56791
      vertex -1.02226 5.58727 -20.7258
      vertex -18.3576 35.613 -2.56791
    endloop
  endfacet
  facet normal 0.156388 0.987696 -0
    outer loop
      vertex -18.0427 36.5821 -0.568104
      vertex -19.1511 36.7576 0.568104
      vertex -18.0427 36.5821 0.568104
    endloop
  endfacet
  facet normal 0.156388 0.987696 0
    outer loop
      vertex -19.1511 36.7576 0.568104
      vertex -18.0427 36.5821 -0.568104
      vertex -19.1511 36.7576 -0.568104
    endloop
  endfacet
  facet normal -0.368932 0.723908 0.582963
    outer loop
      vertex -20.151 36.2481 1.6487
      vertex -20.6605 35.2482 2.56791
      vertex -19.9447 35.613 2.56791
    endloop
  endfacet
  facet normal -0.269068 0.527958 0.80552
    outer loop
      vertex -19.9447 35.613 2.56791
      vertex -20.6605 35.2482 2.56791
      vertex -20.1202 34.5046 3.23576
    endloop
  endfacet
  facet normal -0.587817 0 0.808994
    outer loop
      vertex -4.3837 3.14504 20.7258
      vertex -3.46449 -3.14504 21.3937
      vertex -3.46449 3.14504 21.3937
    endloop
  endfacet
  facet normal -0.587817 0 0.808994
    outer loop
      vertex -3.46449 -3.14504 21.3937
      vertex -4.3837 3.14504 20.7258
      vertex -4.3837 -3.14504 20.7258
    endloop
  endfacet
  facet normal 0.0488817 0.308641 0.949922
    outer loop
      vertex -1.81579 4.79374 21.3937
      vertex -1.81579 3.71314 21.7448
      vertex -1.30631 4.71305 21.3937
    endloop
  endfacet
  facet normal -0.723892 0.368924 0.582989
    outer loop
      vertex -21.2286 34.6801 2.56791
      vertex -22.2285 34.1707 1.6487
      vertex -21.5934 33.9643 2.56791
    endloop
  endfacet
  facet normal -0.802477 0.127106 0.582988
    outer loop
      vertex -21.5934 33.9643 2.56791
      vertex -22.2285 34.1707 1.6487
      vertex -21.7191 33.1707 2.56791
    endloop
  endfacet
  facet normal -0.337038 0.337038 0.879096
    outer loop
      vertex -20.485 34.1398 3.23576
      vertex -18.8525 32.3089 4.5636
      vertex -20.1202 34.5046 3.23576
    endloop
  endfacet
  facet normal -0.337088 0.336993 0.879095
    outer loop
      vertex -18.8525 32.3089 4.5636
      vertex -20.485 34.1398 3.23576
      vertex -19.0816 32.1233 4.5469
    endloop
  endfacet
  facet normal -0.337019 0.337046 0.879101
    outer loop
      vertex -19.0816 32.1233 4.5469
      vertex -20.485 34.1398 3.23576
      vertex -19.2082 31.9284 4.57309
    endloop
  endfacet
  facet normal -0.337031 0.337046 0.879096
    outer loop
      vertex -17.6551 29.6524 6.04117
      vertex -2.78487 4.47887 21.3937
      vertex -17.3798 29.7581 6.10619
    endloop
  endfacet
  facet normal -0.33704 0.33704 0.879095
    outer loop
      vertex -2.78487 4.47887 21.3937
      vertex -17.6551 29.6524 6.04117
      vertex -3.14962 4.11412 21.3937
    endloop
  endfacet
  facet normal -0.337046 0.337036 0.879094
    outer loop
      vertex -3.14962 4.11412 21.3937
      vertex -17.6551 29.6524 6.04117
      vertex -17.8871 29.6403 5.95686
    endloop
  endfacet
  facet normal -0.527959 -0.269034 0.805531
    outer loop
      vertex -20.7192 -33.6802 3.23576
      vertex -21.5934 -33.9643 2.56791
      vertex -20.485 -34.1398 3.23576
    endloop
  endfacet
  facet normal -0.432292 -0.848378 0.305578
    outer loop
      vertex -21.0531 -35.7885 1.6487
      vertex -21.2594 -36.0726 0.568104
      vertex -20.2595 -36.5821 0.568104
    endloop
  endfacet
  facet normal -0.471944 -0.24047 0.8482
    outer loop
      vertex -18.1237 -29.6279 5.82873
      vertex -3.14962 -4.11412 21.3937
      vertex -3.3838 -3.65452 21.3937
    endloop
  endfacet
  facet normal -0.471943 -0.24047 0.8482
    outer loop
      vertex -3.14962 -4.11412 21.3937
      vertex -18.1237 -29.6279 5.82873
      vertex -17.8871 -29.6403 5.95686
    endloop
  endfacet
  facet normal -0.471993 -0.240432 0.848184
    outer loop
      vertex -18.1237 -29.6279 5.82873
      vertex -3.3838 -3.65452 21.3937
      vertex -18.4263 -29.7089 5.63738
    endloop
  endfacet
  facet normal -0.471974 -0.24042 0.848198
    outer loop
      vertex -20.7192 -33.6802 3.23576
      vertex -19.2082 -31.9284 4.57309
      vertex -19.3372 -31.7297 4.55763
    endloop
  endfacet
  facet normal -0.471909 -0.240479 0.848217
    outer loop
      vertex -20.7192 -33.6802 3.23576
      vertex -19.3372 -31.7297 4.55763
      vertex -19.4183 -31.4271 4.5983
    endloop
  endfacet
  facet normal -0.471919 -0.240478 0.848211
    outer loop
      vertex -19.2082 -31.9284 4.57309
      vertex -20.7192 -33.6802 3.23576
      vertex -20.485 -34.1398 3.23576
    endloop
  endfacet
  facet normal -0.41901 -0.41901 0.80552
    outer loop
      vertex -20.485 -34.1398 3.23576
      vertex -20.6605 -35.2482 2.56791
      vertex -20.1202 -34.5046 3.23576
    endloop
  endfacet
  facet normal -0.41901 -0.41901 0.80552
    outer loop
      vertex -20.6605 -35.2482 2.56791
      vertex -20.485 -34.1398 3.23576
      vertex -21.2286 -34.6801 2.56791
    endloop
  endfacet
  facet normal -0.527958 -0.269068 0.80552
    outer loop
      vertex -20.485 -34.1398 3.23576
      vertex -21.5934 -33.9643 2.56791
      vertex -21.2286 -34.6801 2.56791
    endloop
  endfacet
  facet normal 0.527968 0.269035 0.805525
    outer loop
      vertex 40.7445 0.793529 2.56791
      vertex 39.6361 0.969083 3.23576
      vertex 39.8703 0.509477 3.23576
    endloop
  endfacet
  facet normal 0.42086 0.420853 0.803592
    outer loop
      vertex 39.8117 2.07749 2.56791
      vertex 5.70906 1.50938 20.7258
      vertex 40.3798 1.50938 2.56791
    endloop
  endfacet
  facet normal 0.42086 0.420853 0.803592
    outer loop
      vertex 5.70906 1.50938 20.7258
      vertex 39.8117 2.07749 2.56791
      vertex 5.14096 2.07749 20.7258
    endloop
  endfacet
  facet normal 0.723908 -0.368805 0.583043
    outer loop
      vertex 40.7445 -0.793529 2.56791
      vertex 40.3798 -1.50938 2.56791
      vertex 41.3797 -0.999905 1.6487
    endloop
  endfacet
  facet normal -0.84837 -0.432274 -0.305625
    outer loop
      vertex -21.7689 -35.0727 -1.6487
      vertex -22.5625 -34.2792 -0.568104
      vertex -22.2285 -34.1707 -1.6487
    endloop
  endfacet
  facet normal -0.527959 -0.269034 -0.805531
    outer loop
      vertex -20.485 -34.1398 -3.23576
      vertex -21.5934 -33.9643 -2.56791
      vertex -20.7192 -33.6802 -3.23576
    endloop
  endfacet
  facet normal -0.368932 -0.723908 -0.582963
    outer loop
      vertex -20.151 -36.2481 -1.6487
      vertex -20.6605 -35.2482 -2.56791
      vertex -19.9447 -35.613 -2.56791
    endloop
  endfacet
  facet normal -0.368932 -0.723908 0.582963
    outer loop
      vertex -19.9447 -35.613 2.56791
      vertex -20.6605 -35.2482 2.56791
      vertex -20.151 -36.2481 1.6487
    endloop
  endfacet
  facet normal -0.127124 -0.802472 0.582991
    outer loop
      vertex -19.1511 -35.7387 2.56791
      vertex -20.151 -36.2481 1.6487
      vertex -19.1511 -36.4065 1.6487
    endloop
  endfacet
  facet normal 0.848392 -0.432295 -0.305535
    outer loop
      vertex 41.2041 -2.10831 -0.568104
      vertex 40.9201 -1.90193 -1.6487
      vertex 41.7136 -1.1084 -0.568104
    endloop
  endfacet
  facet normal 0.432274 -0.84837 -0.305625
    outer loop
      vertex -18.0427 -36.5821 -0.568104
      vertex -18.1512 -36.2481 -1.6487
      vertex -17.2492 -35.7885 -1.6487
    endloop
  endfacet
  facet normal 0.890999 -0.454005 0
    outer loop
      vertex 41.2041 -2.10831 0.568104
      vertex 41.7136 -1.1084 -0.568104
      vertex 41.7136 -1.1084 0.568104
    endloop
  endfacet
  facet normal 0.890999 -0.454005 0
    outer loop
      vertex 41.7136 -1.1084 -0.568104
      vertex 41.2041 -2.10831 0.568104
      vertex 41.2041 -2.10831 -0.568104
    endloop
  endfacet
  facet normal 0.70712 -0.707093 0
    outer loop
      vertex 40.4106 -2.90184 0.568104
      vertex 41.2041 -2.10831 -0.568104
      vertex 41.2041 -2.10831 0.568104
    endloop
  endfacet
  facet normal 0.70712 -0.707093 0
    outer loop
      vertex 41.2041 -2.10831 -0.568104
      vertex 40.4106 -2.90184 0.568104
      vertex 40.4106 -2.90184 -0.568104
    endloop
  endfacet
  facet normal 0.148978 -0.940422 -0.305632
    outer loop
      vertex -18.0427 -36.5821 -0.568104
      vertex -19.1511 -36.4065 -1.6487
      vertex -18.1512 -36.2481 -1.6487
    endloop
  endfacet
  facet normal 0.156388 -0.987696 0
    outer loop
      vertex -19.1511 -36.7576 -0.568104
      vertex -18.0427 -36.5821 0.568104
      vertex -19.1511 -36.7576 0.568104
    endloop
  endfacet
  facet normal 0.156388 -0.987696 0
    outer loop
      vertex -18.0427 -36.5821 0.568104
      vertex -19.1511 -36.7576 -0.568104
      vertex -18.0427 -36.5821 -0.568104
    endloop
  endfacet
  facet normal -0.33704 -0.33704 0.879095
    outer loop
      vertex -17.6551 -29.6524 6.04117
      vertex -2.78487 -4.47887 21.3937
      vertex -3.14962 -4.11412 21.3937
    endloop
  endfacet
  facet normal -0.337031 -0.337046 0.879096
    outer loop
      vertex -2.78487 -4.47887 21.3937
      vertex -17.6551 -29.6524 6.04117
      vertex -17.3798 -29.7581 6.10619
    endloop
  endfacet
  facet normal -0.337046 -0.337036 0.879094
    outer loop
      vertex -17.6551 -29.6524 6.04117
      vertex -3.14962 -4.11412 21.3937
      vertex -17.8871 -29.6403 5.95686
    endloop
  endfacet
  facet normal -0.337088 -0.336993 0.879095
    outer loop
      vertex -20.485 -34.1398 3.23576
      vertex -18.8525 -32.3089 4.5636
      vertex -19.0816 -32.1233 4.5469
    endloop
  endfacet
  facet normal -0.337019 -0.337046 0.879101
    outer loop
      vertex -20.485 -34.1398 3.23576
      vertex -19.0816 -32.1233 4.5469
      vertex -19.2082 -31.9284 4.57309
    endloop
  endfacet
  facet normal -0.337038 -0.337038 0.879096
    outer loop
      vertex -18.8525 -32.3089 4.5636
      vertex -20.485 -34.1398 3.23576
      vertex -20.1202 -34.5046 3.23576
    endloop
  endfacet
  facet normal -0.148908 -0.940455 0.305566
    outer loop
      vertex -19.1511 -36.4065 1.6487
      vertex -20.2595 -36.5821 0.568104
      vertex -19.1511 -36.7576 0.568104
    endloop
  endfacet
  facet normal 0.462704 0.0732912 -0.883478
    outer loop
      vertex 37.4339 0 -4.55404
      vertex 39.8703 0.509477 -3.23576
      vertex 39.951 0 -3.23576
    endloop
  endfacet
  facet normal 0.462689 0.0733674 -0.88348
    outer loop
      vertex 37.3604 0.463525 -4.55404
      vertex 39.8703 0.509477 -3.23576
      vertex 37.4339 0 -4.55404
    endloop
  endfacet
  facet normal 0.462699 0.0731557 -0.883492
    outer loop
      vertex 39.8703 0.509477 -3.23576
      vertex 37.3604 0.463525 -4.55404
      vertex 37.337 0.509477 -4.56249
    endloop
  endfacet
  facet normal 0.4627 0.073302 -0.883479
    outer loop
      vertex 5.28028 0 -21.3937
      vertex 34.5073 0.463525 -6.04831
      vertex 34.4339 0 -6.12521
    endloop
  endfacet
  facet normal 0.462701 0.0732818 -0.88348
    outer loop
      vertex 5.19959 0.509477 -21.3937
      vertex 34.5073 0.463525 -6.04831
      vertex 5.28028 0 -21.3937
    endloop
  endfacet
  facet normal 0.462699 0.0733439 -0.883476
    outer loop
      vertex 34.5073 0.463525 -6.04831
      vertex 5.19959 0.509477 -21.3937
      vertex 34.5307 0.509477 -6.03224
    endloop
  endfacet
  facet normal 0.0488766 0.308643 -0.949921
    outer loop
      vertex -1.64024 3.68534 -21.7448
      vertex -1.81579 3.71314 -21.7448
      vertex -1.30631 4.71305 -21.3937
    endloop
  endfacet
  facet normal -0.454009 0.890997 0
    outer loop
      vertex -20.2595 36.5821 -0.568104
      vertex -21.2594 36.0726 0.568104
      vertex -20.2595 36.5821 0.568104
    endloop
  endfacet
  facet normal -0.454009 0.890997 0
    outer loop
      vertex -21.2594 36.0726 0.568104
      vertex -20.2595 36.5821 -0.568104
      vertex -21.2594 36.0726 -0.568104
    endloop
  endfacet
  facet normal -0.707062 0.707151 0
    outer loop
      vertex -22.053 35.2791 -0.568104
      vertex -21.2594 36.0726 0.568104
      vertex -21.2594 36.0726 -0.568104
    endloop
  endfacet
  facet normal -0.707062 0.707151 0
    outer loop
      vertex -21.2594 36.0726 0.568104
      vertex -22.053 35.2791 -0.568104
      vertex -22.053 35.2791 0.568104
    endloop
  endfacet
  facet normal 0.52797 -0.268981 0.805541
    outer loop
      vertex 40.7445 -0.793529 2.56791
      vertex 39.6361 -0.969083 3.23576
      vertex 40.3798 -1.50938 2.56791
    endloop
  endfacet
  facet normal 0.940464 0.14889 0.305549
    outer loop
      vertex 41.7136 1.1084 0.568104
      vertex 41.3797 0.999905 1.6487
      vertex 41.538 0 1.6487
    endloop
  endfacet
  facet normal 0.890999 0.454005 0
    outer loop
      vertex 41.7136 1.1084 0.568104
      vertex 41.2041 2.10831 -0.568104
      vertex 41.2041 2.10831 0.568104
    endloop
  endfacet
  facet normal 0.890999 0.454005 0
    outer loop
      vertex 41.2041 2.10831 -0.568104
      vertex 41.7136 1.1084 0.568104
      vertex 41.7136 1.1084 -0.568104
    endloop
  endfacet
  facet normal 0.405281 0.701967 0.585653
    outer loop
      vertex -17.2492 35.7885 1.6487
      vertex 39.8117 2.07749 2.56791
      vertex 40.2042 2.61778 1.6487
    endloop
  endfacet
  facet normal 0.405268 0.701946 0.585687
    outer loop
      vertex 39.8117 2.07749 2.56791
      vertex -17.2492 35.7885 1.6487
      vertex -17.6418 35.2482 2.56791
    endloop
  endfacet
  facet normal 0.368924 0.723892 -0.582989
    outer loop
      vertex -17.6418 35.2482 -2.56791
      vertex -18.3576 35.613 -2.56791
      vertex -18.1512 36.2481 -1.6487
    endloop
  endfacet
  facet normal 0.127122 0.802474 -0.582989
    outer loop
      vertex -18.3576 35.613 -2.56791
      vertex -19.1511 35.7387 -2.56791
      vertex -18.1512 36.2481 -1.6487
    endloop
  endfacet
  facet normal -0.269034 0.527959 0.805531
    outer loop
      vertex -19.9447 35.613 2.56791
      vertex -20.1202 34.5046 3.23576
      vertex -19.6606 34.7388 3.23576
    endloop
  endfacet
  facet normal -0.0766222 0.483194 0.872154
    outer loop
      vertex -16.8522 30.1159 6.04362
      vertex -1.81579 4.79374 21.3937
      vertex -16.6317 30.4556 5.87479
    endloop
  endfacet
  facet normal -0.0765337 0.483237 0.872138
    outer loop
      vertex -1.81579 4.79374 21.3937
      vertex -16.8522 30.1159 6.04362
      vertex -2.32527 4.71305 21.3937
    endloop
  endfacet
  facet normal -0.0764211 0.483289 0.872119
    outer loop
      vertex -2.32527 4.71305 21.3937
      vertex -16.8522 30.1159 6.04362
      vertex -16.9472 30.039 6.07791
    endloop
  endfacet
  facet normal -0.0765311 0.483237 0.872138
    outer loop
      vertex -19.1511 34.8195 3.23576
      vertex -18.2788 32.5869 4.54935
      vertex -17.8744 32.6081 4.57309
    endloop
  endfacet
  facet normal -0.0769454 0.483098 0.872179
    outer loop
      vertex -19.1511 34.8195 3.23576
      vertex -18.3929 32.543 4.5636
      vertex -18.2788 32.5869 4.54935
    endloop
  endfacet
  facet normal -0.076537 0.483217 0.872149
    outer loop
      vertex -18.3929 32.543 4.5636
      vertex -19.1511 34.8195 3.23576
      vertex -19.6606 34.7388 3.23576
    endloop
  endfacet
  facet normal -0.308643 -0.0488766 0.949921
    outer loop
      vertex -2.38389 -3.14504 21.7448
      vertex -3.3838 -3.65452 21.3937
      vertex -2.35609 -3.32059 21.7448
    endloop
  endfacet
  facet normal 0.0488766 0.308643 0.949921
    outer loop
      vertex -1.30631 4.71305 21.3937
      vertex -1.81579 3.71314 21.7448
      vertex -1.64024 3.68534 21.7448
    endloop
  endfacet
  facet normal -0.585286 0.0926959 0.805511
    outer loop
      vertex -3.3838 3.65452 21.3937
      vertex -4.3837 3.14504 20.7258
      vertex -3.46449 3.14504 21.3937
    endloop
  endfacet
  facet normal 0.155275 -0.268943 0.950558
    outer loop
      vertex 1.75776 -1.73425 21.7448
      vertex 4.60066 -1.33383 21.3937
      vertex 3.9655 -0.459605 21.7448
    endloop
  endfacet
  facet normal 0.155285 -0.269041 0.950528
    outer loop
      vertex 1.46946 -2.02254 21.7103
      vertex 4.60066 -1.33383 21.3937
      vertex 1.75776 -1.73425 21.7448
    endloop
  endfacet
  facet normal 0.155332 -0.268984 0.950536
    outer loop
      vertex -0.846706 -4.47887 21.3937
      vertex 1.46946 -2.02254 21.7103
      vertex 0.772542 -2.37764 21.7237
    endloop
  endfacet
  facet normal 0.155263 -0.268923 0.950565
    outer loop
      vertex 1.46946 -2.02254 21.7103
      vertex -0.846706 -4.47887 21.3937
      vertex 4.60066 -1.33383 21.3937
    endloop
  endfacet
  facet normal 0.155263 -0.268935 0.950562
    outer loop
      vertex 0.594533 -2.40583 21.7448
      vertex -0.846706 -4.47887 21.3937
      vertex 0.772542 -2.37764 21.7237
    endloop
  endfacet
  facet normal 0.155273 -0.268942 0.950558
    outer loop
      vertex -0.846706 -4.47887 21.3937
      vertex 0.594533 -2.40583 21.7448
      vertex -1.48187 -3.60464 21.7448
    endloop
  endfacet
  facet normal -0.30901 0 0.951059
    outer loop
      vertex -3.46449 3.14504 21.3937
      vertex -2.38389 0.733067 21.7448
      vertex -2.38389 3.14504 21.7448
    endloop
  endfacet
  facet normal -0.309155 -7.13645e-05 0.951012
    outer loop
      vertex -2.38389 0.733067 21.7448
      vertex -3.46449 3.14504 21.3937
      vertex -2.5 0 21.707
    endloop
  endfacet
  facet normal -0.309155 7.13645e-05 0.951012
    outer loop
      vertex -3.46449 -3.14504 21.3937
      vertex -2.38389 -0.733067 21.7448
      vertex -2.5 0 21.707
    endloop
  endfacet
  facet normal -0.308944 0 0.95108
    outer loop
      vertex -3.46449 -3.14504 21.3937
      vertex -2.5 0 21.707
      vertex -3.46449 3.14504 21.3937
    endloop
  endfacet
  facet normal -0.30901 0 0.951059
    outer loop
      vertex -2.38389 -0.733067 21.7448
      vertex -3.46449 -3.14504 21.3937
      vertex -2.38389 -3.14504 21.7448
    endloop
  endfacet
  facet normal 0.36165 -0.626395 0.690535
    outer loop
      vertex 5.14096 -2.07749 20.7258
      vertex -0.306408 -5.22253 20.7258
      vertex 39.8117 -2.07749 2.56791
    endloop
  endfacet
  facet normal -0.84837 -0.432274 0.305625
    outer loop
      vertex -22.2285 -34.1707 1.6487
      vertex -22.5625 -34.2792 0.568104
      vertex -21.7689 -35.0727 1.6487
    endloop
  endfacet
  facet normal -0.848368 -0.432287 0.305614
    outer loop
      vertex -21.7689 -35.0727 1.6487
      vertex -22.5625 -34.2792 0.568104
      vertex -22.053 -35.2791 0.568104
    endloop
  endfacet
  facet normal -0.631799 -0.100065 0.768646
    outer loop
      vertex -21.7191 -33.1707 2.56791
      vertex -4.25802 -3.93857 20.7258
      vertex -4.3837 -3.14504 20.7258
    endloop
  endfacet
  facet normal -0.631793 -0.100071 0.768651
    outer loop
      vertex -4.25802 -3.93857 20.7258
      vertex -21.7191 -33.1707 2.56791
      vertex -21.5934 -33.9643 2.56791
    endloop
  endfacet
  facet normal 0.574476 0.574516 0.583017
    outer loop
      vertex 40.2042 2.61778 1.6487
      vertex 40.3798 1.50938 2.56791
      vertex 40.9201 1.90193 1.6487
    endloop
  endfacet
  facet normal 0.574513 0.574502 0.582994
    outer loop
      vertex 40.3798 1.50938 2.56791
      vertex 40.2042 2.61778 1.6487
      vertex 39.8117 2.07749 2.56791
    endloop
  endfacet
  facet normal 0.278421 0.141875 0.949923
    outer loop
      vertex 4.96541 0.969083 21.3937
      vertex 4.09118 0.333922 21.7448
      vertex 4.17188 0.175553 21.7448
    endloop
  endfacet
  facet normal 0.527968 -0.269035 0.805525
    outer loop
      vertex 39.8703 -0.509477 3.23576
      vertex 39.6361 -0.969083 3.23576
      vertex 40.7445 -0.793529 2.56791
    endloop
  endfacet
  facet normal 0.80248 -0.127045 0.582997
    outer loop
      vertex 41.538 0 1.6487
      vertex 40.8702 0 2.56791
      vertex 41.3797 -0.999905 1.6487
    endloop
  endfacet
  facet normal -0.802477 -0.127106 -0.582988
    outer loop
      vertex -21.5934 -33.9643 -2.56791
      vertex -22.2285 -34.1707 -1.6487
      vertex -21.7191 -33.1707 -2.56791
    endloop
  endfacet
  facet normal -0.631793 -0.100071 -0.768651
    outer loop
      vertex -21.7191 -33.1707 -2.56791
      vertex -4.25802 -3.93857 -20.7258
      vertex -21.5934 -33.9643 -2.56791
    endloop
  endfacet
  facet normal -0.631799 -0.100065 -0.768646
    outer loop
      vertex -4.25802 -3.93857 -20.7258
      vertex -21.7191 -33.1707 -2.56791
      vertex -4.3837 -3.14504 -20.7258
    endloop
  endfacet
  facet normal -0.432236 -0.848389 -0.305627
    outer loop
      vertex -20.2595 -36.5821 -0.568104
      vertex -21.0531 -35.7885 -1.6487
      vertex -20.151 -36.2481 -1.6487
    endloop
  endfacet
  facet normal 0.148908 -0.940455 -0.305566
    outer loop
      vertex -18.0427 -36.5821 -0.568104
      vertex -19.1511 -36.7576 -0.568104
      vertex -19.1511 -36.4065 -1.6487
    endloop
  endfacet
  facet normal -0.148978 -0.940422 0.305632
    outer loop
      vertex -20.151 -36.2481 1.6487
      vertex -20.2595 -36.5821 0.568104
      vertex -19.1511 -36.4065 1.6487
    endloop
  endfacet
  facet normal 0.368849 -0.723894 -0.583033
    outer loop
      vertex -17.2492 -35.7885 -1.6487
      vertex -18.1512 -36.2481 -1.6487
      vertex -17.6418 -35.2482 -2.56791
    endloop
  endfacet
  facet normal 0.405268 -0.701946 -0.585687
    outer loop
      vertex 39.8117 -2.07749 -2.56791
      vertex -17.2492 -35.7885 -1.6487
      vertex -17.6418 -35.2482 -2.56791
    endloop
  endfacet
  facet normal 0.405281 -0.701967 -0.585653
    outer loop
      vertex -17.2492 -35.7885 -1.6487
      vertex 39.8117 -2.07749 -2.56791
      vertex 40.2042 -2.61778 -1.6487
    endloop
  endfacet
  facet normal 0.432287 -0.848368 0.305614
    outer loop
      vertex -17.2492 -35.7885 1.6487
      vertex -18.0427 -36.5821 0.568104
      vertex -17.0428 -36.0726 0.568104
    endloop
  endfacet
  facet normal 0.092712 -0.585259 0.805529
    outer loop
      vertex -18.6417 -34.7388 3.23576
      vertex -19.1511 -35.7387 2.56791
      vertex -18.3576 -35.613 2.56791
    endloop
  endfacet
  facet normal 0.127122 -0.802474 0.582989
    outer loop
      vertex -18.3576 -35.613 2.56791
      vertex -19.1511 -35.7387 2.56791
      vertex -18.1512 -36.2481 1.6487
    endloop
  endfacet
  facet normal -0.127107 -0.802484 0.582978
    outer loop
      vertex -19.9447 -35.613 2.56791
      vertex -20.151 -36.2481 1.6487
      vertex -19.1511 -35.7387 2.56791
    endloop
  endfacet
  facet normal -0.0927008 -0.585262 0.805528
    outer loop
      vertex -19.6606 -34.7388 3.23576
      vertex -19.9447 -35.613 2.56791
      vertex -19.1511 -35.7387 2.56791
    endloop
  endfacet
  facet normal -0.278422 0.141874 -0.949923
    outer loop
      vertex -2.35609 3.32059 -21.7448
      vertex -3.14962 4.11412 -21.3937
      vertex -2.27539 3.47896 -21.7448
    endloop
  endfacet
  facet normal -0.278428 0.141868 -0.949922
    outer loop
      vertex -2.35609 3.32059 -21.7448
      vertex -3.3838 3.65452 -21.3937
      vertex -3.14962 4.11412 -21.3937
    endloop
  endfacet
  facet normal -0.141874 0.278422 -0.949923
    outer loop
      vertex -2.14971 3.60464 -21.7448
      vertex -2.78487 4.47887 -21.3937
      vertex -1.99134 3.68534 -21.7448
    endloop
  endfacet
  facet normal -0.0927008 0.585262 -0.805528
    outer loop
      vertex -19.6606 34.7388 -3.23576
      vertex -19.9447 35.613 -2.56791
      vertex -19.1511 35.7387 -2.56791
    endloop
  endfacet
  facet normal -0.0926999 0.585261 -0.805528
    outer loop
      vertex -19.1511 34.8195 -3.23576
      vertex -19.6606 34.7388 -3.23576
      vertex -19.1511 35.7387 -2.56791
    endloop
  endfacet
  facet normal -0.432292 0.848378 0.305578
    outer loop
      vertex -20.2595 36.5821 0.568104
      vertex -21.2594 36.0726 0.568104
      vertex -21.0531 35.7885 1.6487
    endloop
  endfacet
  facet normal -0.141868 0.278428 0.949922
    outer loop
      vertex -2.32527 4.71305 21.3937
      vertex -2.78487 4.47887 21.3937
      vertex -1.99134 3.68534 21.7448
    endloop
  endfacet
  facet normal -0.278428 -0.141868 0.949922
    outer loop
      vertex -2.35609 -3.32059 21.7448
      vertex -3.3838 -3.65452 21.3937
      vertex -3.14962 -4.11412 21.3937
    endloop
  endfacet
  facet normal -0.278422 -0.141874 0.949923
    outer loop
      vertex -2.35609 -3.32059 21.7448
      vertex -3.14962 -4.11412 21.3937
      vertex -2.27539 -3.47896 21.7448
    endloop
  endfacet
  facet normal -0.210857 -0.413826 0.8856
    outer loop
      vertex -17.2169 -29.8206 6.11575
      vertex -2.32527 -4.71305 21.3937
      vertex -2.78487 -4.47887 21.3937
    endloop
  endfacet
  facet normal -0.210858 -0.413825 0.8856
    outer loop
      vertex -2.32527 -4.71305 21.3937
      vertex -17.2169 -29.8206 6.11575
      vertex -16.9472 -30.039 6.07791
    endloop
  endfacet
  facet normal -0.210765 -0.413877 0.885598
    outer loop
      vertex -17.2169 -29.8206 6.11575
      vertex -2.78487 -4.47887 21.3937
      vertex -17.3798 -29.7581 6.10619
    endloop
  endfacet
  facet normal -0.210763 -0.413862 0.885606
    outer loop
      vertex -18.7169 -32.4187 4.54458
      vertex -19.6606 -34.7388 3.23576
      vertex -18.3929 -32.543 4.5636
    endloop
  endfacet
  facet normal -0.210865 -0.41382 0.885601
    outer loop
      vertex -20.1202 -34.5046 3.23576
      vertex -18.7169 -32.4187 4.54458
      vertex -18.8525 -32.3089 4.5636
    endloop
  endfacet
  facet normal -0.21087 -0.413816 0.885602
    outer loop
      vertex -18.7169 -32.4187 4.54458
      vertex -20.1202 -34.5046 3.23576
      vertex -19.6606 -34.7388 3.23576
    endloop
  endfacet
  facet normal 0.141874 -0.278422 0.949923
    outer loop
      vertex -1.48187 -3.60464 21.7448
      vertex -1.64024 -3.68534 21.7448
      vertex -0.846706 -4.47887 21.3937
    endloop
  endfacet
  facet normal 0.294964 -0.510893 0.807456
    outer loop
      vertex 4.60066 -1.33383 21.3937
      vertex -0.306408 -5.22253 20.7258
      vertex 5.14096 -2.07749 20.7258
    endloop
  endfacet
  facet normal 0.294964 -0.510893 0.807455
    outer loop
      vertex -0.306408 -5.22253 20.7258
      vertex 4.60066 -1.33383 21.3937
      vertex -0.846706 -4.47887 21.3937
    endloop
  endfacet
  facet normal 0.314671 -0.617585 0.720813
    outer loop
      vertex -1.02226 -5.58727 20.7258
      vertex -17.6418 -35.2482 2.56791
      vertex -0.306408 -5.22253 20.7258
    endloop
  endfacet
  facet normal 0.314754 -0.6176 0.720763
    outer loop
      vertex -17.6418 -35.2482 2.56791
      vertex -1.02226 -5.58727 20.7258
      vertex -18.3576 -35.613 2.56791
    endloop
  endfacet
  facet normal 0.361649 -0.626396 0.690534
    outer loop
      vertex -0.306408 -5.22253 20.7258
      vertex -17.6418 -35.2482 2.56791
      vertex 39.8117 -2.07749 2.56791
    endloop
  endfacet
  facet normal -0.673234 -0.673319 0.305608
    outer loop
      vertex -21.2594 -36.0726 0.568104
      vertex -21.7689 -35.0727 1.6487
      vertex -22.053 -35.2791 0.568104
    endloop
  endfacet
  facet normal -0.673289 -0.673289 0.305555
    outer loop
      vertex -21.7689 -35.0727 1.6487
      vertex -21.2594 -36.0726 0.568104
      vertex -21.0531 -35.7885 1.6487
    endloop
  endfacet
  facet normal 0.80248 0.127045 0.582997
    outer loop
      vertex 41.3797 0.999905 1.6487
      vertex 40.8702 0 2.56791
      vertex 41.538 0 1.6487
    endloop
  endfacet
  facet normal 0.802436 0.127111 0.583044
    outer loop
      vertex 41.3797 0.999905 1.6487
      vertex 40.7445 0.793529 2.56791
      vertex 40.8702 0 2.56791
    endloop
  endfacet
  facet normal 0.462704 -0.0732912 0.883478
    outer loop
      vertex 37.4339 0 4.55404
      vertex 39.8703 -0.509477 3.23576
      vertex 39.951 0 3.23576
    endloop
  endfacet
  facet normal 0.462689 -0.0733674 0.88348
    outer loop
      vertex 37.3604 -0.463525 4.55404
      vertex 39.8703 -0.509477 3.23576
      vertex 37.4339 0 4.55404
    endloop
  endfacet
  facet normal 0.462699 -0.0731557 0.883492
    outer loop
      vertex 39.8703 -0.509477 3.23576
      vertex 37.3604 -0.463525 4.55404
      vertex 37.337 -0.509477 4.56249
    endloop
  endfacet
  facet normal 0.4627 -0.073302 0.883479
    outer loop
      vertex 5.28028 0 21.3937
      vertex 34.5073 -0.463525 6.04831
      vertex 34.4339 0 6.12521
    endloop
  endfacet
  facet normal 0.462701 -0.0732818 0.88348
    outer loop
      vertex 5.19959 -0.509477 21.3937
      vertex 34.5073 -0.463525 6.04831
      vertex 5.28028 0 21.3937
    endloop
  endfacet
  facet normal 0.462699 -0.0733439 0.883476
    outer loop
      vertex 34.5073 -0.463525 6.04831
      vertex 5.19959 -0.509477 21.3937
      vertex 34.5307 -0.509477 6.03224
    endloop
  endfacet
  facet normal 0.574476 -0.574516 0.583017
    outer loop
      vertex 40.3798 -1.50938 2.56791
      vertex 40.2042 -2.61778 1.6487
      vertex 40.9201 -1.90193 1.6487
    endloop
  endfacet
  facet normal 0.574513 -0.574502 0.582994
    outer loop
      vertex 40.2042 -2.61778 1.6487
      vertex 40.3798 -1.50938 2.56791
      vertex 39.8117 -2.07749 2.56791
    endloop
  endfacet
  facet normal -0.527958 -0.269068 -0.80552
    outer loop
      vertex -21.2286 -34.6801 -2.56791
      vertex -21.5934 -33.9643 -2.56791
      vertex -20.485 -34.1398 -3.23576
    endloop
  endfacet
  facet normal -0.368817 -0.723912 -0.583031
    outer loop
      vertex -20.151 -36.2481 -1.6487
      vertex -21.0531 -35.7885 -1.6487
      vertex -20.6605 -35.2482 -2.56791
    endloop
  endfacet
  facet normal -0.127124 -0.802472 -0.582991
    outer loop
      vertex -19.1511 -36.4065 -1.6487
      vertex -20.151 -36.2481 -1.6487
      vertex -19.1511 -35.7387 -2.56791
    endloop
  endfacet
  facet normal -0.148978 -0.940422 -0.305632
    outer loop
      vertex -19.1511 -36.4065 -1.6487
      vertex -20.2595 -36.5821 -0.568104
      vertex -20.151 -36.2481 -1.6487
    endloop
  endfacet
  facet normal 0.148908 -0.940455 0.305566
    outer loop
      vertex -19.1511 -36.4065 1.6487
      vertex -19.1511 -36.7576 0.568104
      vertex -18.0427 -36.5821 0.568104
    endloop
  endfacet
  facet normal 0.148978 -0.940422 0.305632
    outer loop
      vertex -18.1512 -36.2481 1.6487
      vertex -19.1511 -36.4065 1.6487
      vertex -18.0427 -36.5821 0.568104
    endloop
  endfacet
  facet normal -0.156388 -0.987696 0
    outer loop
      vertex -20.2595 -36.5821 -0.568104
      vertex -19.1511 -36.7576 0.568104
      vertex -20.2595 -36.5821 0.568104
    endloop
  endfacet
  facet normal -0.156388 -0.987696 -0
    outer loop
      vertex -19.1511 -36.7576 0.568104
      vertex -20.2595 -36.5821 -0.568104
      vertex -19.1511 -36.7576 -0.568104
    endloop
  endfacet
  facet normal 0.405268 -0.701946 0.585687
    outer loop
      vertex -17.2492 -35.7885 1.6487
      vertex 39.8117 -2.07749 2.56791
      vertex -17.6418 -35.2482 2.56791
    endloop
  endfacet
  facet normal 0.405281 -0.701967 0.585653
    outer loop
      vertex 39.8117 -2.07749 2.56791
      vertex -17.2492 -35.7885 1.6487
      vertex 40.2042 -2.61778 1.6487
    endloop
  endfacet
  facet normal 0.368849 -0.723894 0.583033
    outer loop
      vertex -17.6418 -35.2482 2.56791
      vertex -18.1512 -36.2481 1.6487
      vertex -17.2492 -35.7885 1.6487
    endloop
  endfacet
  facet normal 0.5 -0.866025 0
    outer loop
      vertex -17.0428 -36.0726 -0.568104
      vertex 40.4106 -2.90184 0.568104
      vertex -17.0428 -36.0726 0.568104
    endloop
  endfacet
  facet normal 0.5 -0.866025 0
    outer loop
      vertex 40.4106 -2.90184 0.568104
      vertex -17.0428 -36.0726 -0.568104
      vertex 40.4106 -2.90184 -0.568104
    endloop
  endfacet
  facet normal -0.269034 -0.527959 0.805531
    outer loop
      vertex -19.6606 -34.7388 3.23576
      vertex -20.1202 -34.5046 3.23576
      vertex -19.9447 -35.613 2.56791
    endloop
  endfacet
  facet normal -0.141874 0.278422 0.949923
    outer loop
      vertex -1.99134 3.68534 21.7448
      vertex -2.78487 4.47887 21.3937
      vertex -2.14971 3.60464 21.7448
    endloop
  endfacet
  facet normal 0.141867 -0.278429 0.949922
    outer loop
      vertex -0.846706 -4.47887 21.3937
      vertex -1.64024 -3.68534 21.7448
      vertex -1.30631 -4.71305 21.3937
    endloop
  endfacet
  facet normal 0.0488766 -0.308643 0.949921
    outer loop
      vertex -1.64024 -3.68534 21.7448
      vertex -1.81579 -3.71314 21.7448
      vertex -1.30631 -4.71305 21.3937
    endloop
  endfacet
  facet normal -0.210763 0.413862 0.885606
    outer loop
      vertex -19.6606 34.7388 3.23576
      vertex -18.7169 32.4187 4.54458
      vertex -18.3929 32.543 4.5636
    endloop
  endfacet
  facet normal -0.21087 0.413816 0.885602
    outer loop
      vertex -20.1202 34.5046 3.23576
      vertex -18.7169 32.4187 4.54458
      vertex -19.6606 34.7388 3.23576
    endloop
  endfacet
  facet normal -0.210865 0.41382 0.885601
    outer loop
      vertex -18.7169 32.4187 4.54458
      vertex -20.1202 34.5046 3.23576
      vertex -18.8525 32.3089 4.5636
    endloop
  endfacet
  facet normal -0.210858 0.413825 0.8856
    outer loop
      vertex -17.2169 29.8206 6.11575
      vertex -2.32527 4.71305 21.3937
      vertex -16.9472 30.039 6.07791
    endloop
  endfacet
  facet normal -0.210857 0.413826 0.8856
    outer loop
      vertex -2.32527 4.71305 21.3937
      vertex -17.2169 29.8206 6.11575
      vertex -2.78487 4.47887 21.3937
    endloop
  endfacet
  facet normal -0.210765 0.413877 0.885598
    outer loop
      vertex -2.78487 4.47887 21.3937
      vertex -17.2169 29.8206 6.11575
      vertex -17.3798 29.7581 6.10619
    endloop
  endfacet
  facet normal -0.0765311 -0.483237 0.872138
    outer loop
      vertex -18.2788 -32.5869 4.54935
      vertex -19.1511 -34.8195 3.23576
      vertex -17.8744 -32.6081 4.57309
    endloop
  endfacet
  facet normal -0.0769454 -0.483098 0.872179
    outer loop
      vertex -18.3929 -32.543 4.5636
      vertex -19.1511 -34.8195 3.23576
      vertex -18.2788 -32.5869 4.54935
    endloop
  endfacet
  facet normal -0.076537 -0.483217 0.872149
    outer loop
      vertex -19.1511 -34.8195 3.23576
      vertex -18.3929 -32.543 4.5636
      vertex -19.6606 -34.7388 3.23576
    endloop
  endfacet
  facet normal -0.0765337 -0.483237 0.872138
    outer loop
      vertex -16.8522 -30.1159 6.04362
      vertex -1.81579 -4.79374 21.3937
      vertex -2.32527 -4.71305 21.3937
    endloop
  endfacet
  facet normal -0.0766222 -0.483194 0.872154
    outer loop
      vertex -1.81579 -4.79374 21.3937
      vertex -16.8522 -30.1159 6.04362
      vertex -16.6317 -30.4556 5.87479
    endloop
  endfacet
  facet normal -0.0764211 -0.483289 0.872119
    outer loop
      vertex -16.8522 -30.1159 6.04362
      vertex -2.32527 -4.71305 21.3937
      vertex -16.9472 -30.039 6.07791
    endloop
  endfacet
  facet normal -0.220962 -0.220962 0.949922
    outer loop
      vertex -2.27539 -3.47896 21.7448
      vertex -2.78487 -4.47887 21.3937
      vertex -2.14971 -3.60464 21.7448
    endloop
  endfacet
  facet normal -0.220962 -0.220962 0.949922
    outer loop
      vertex -2.78487 -4.47887 21.3937
      vertex -2.27539 -3.47896 21.7448
      vertex -3.14962 -4.11412 21.3937
    endloop
  endfacet
  facet normal 0.269027 -0.527994 0.80551
    outer loop
      vertex -0.846706 -4.47887 21.3937
      vertex -1.30631 -4.71305 21.3937
      vertex -1.02226 -5.58727 20.7258
    endloop
  endfacet
  facet normal 0.142667 -0.571197 0.808319
    outer loop
      vertex -16.4765 -30.9886 5.50366
      vertex -1.02226 -5.58727 20.7258
      vertex -1.30631 -4.71305 21.3937
    endloop
  endfacet
  facet normal 0.142669 -0.571198 0.808319
    outer loop
      vertex -16.4997 -31.4315 5.19478
      vertex -1.02226 -5.58727 20.7258
      vertex -16.4765 -30.9886 5.50366
    endloop
  endfacet
  facet normal 0.142785 -0.571238 0.80827
    outer loop
      vertex -16.6679 -31.8696 4.91487
      vertex -1.02226 -5.58727 20.7258
      vertex -16.4997 -31.4315 5.19478
    endloop
  endfacet
  facet normal 0.142559 -0.57116 0.808364
    outer loop
      vertex -16.6679 -31.8696 4.91487
      vertex -18.3576 -35.613 2.56791
      vertex -1.02226 -5.58727 20.7258
    endloop
  endfacet
  facet normal 0.142947 -0.571252 0.808231
    outer loop
      vertex -16.9632 -32.2344 4.70926
      vertex -18.3576 -35.613 2.56791
      vertex -16.6679 -31.8696 4.91487
    endloop
  endfacet
  facet normal 0.142489 -0.571157 0.808379
    outer loop
      vertex -17.3352 -32.4759 4.6042
      vertex -18.3576 -35.613 2.56791
      vertex -16.9632 -32.2344 4.70926
    endloop
  endfacet
  facet normal 0.14264 -0.571178 0.808337
    outer loop
      vertex -18.3576 -35.613 2.56791
      vertex -17.3352 -32.4759 4.6042
      vertex -18.6417 -34.7388 3.23576
    endloop
  endfacet
  facet normal 0 0 1
    outer loop
      vertex 4.17188 0.175553 21.7448
      vertex 4.17188 -0.175553 21.7448
      vertex 4.19968 0 21.7448
    endloop
  endfacet
  facet normal 0 0 1
    outer loop
      vertex 4.09118 0.333922 21.7448
      vertex 4.17188 -0.175553 21.7448
      vertex 4.17188 0.175553 21.7448
    endloop
  endfacet
  facet normal 0 0 1
    outer loop
      vertex 4.09118 0.333922 21.7448
      vertex 4.09118 -0.333922 21.7448
      vertex 4.17188 -0.175553 21.7448
    endloop
  endfacet
  facet normal 0 0 1
    outer loop
      vertex 3.9655 0.459605 21.7448
      vertex 4.09118 -0.333922 21.7448
      vertex 4.09118 0.333922 21.7448
    endloop
  endfacet
  facet normal 0 0 1
    outer loop
      vertex 3.9655 0.459605 21.7448
      vertex 3.9655 -0.459605 21.7448
      vertex 4.09118 -0.333922 21.7448
    endloop
  endfacet
  facet normal 0 0 1
    outer loop
      vertex 3.9655 0.459605 21.7448
      vertex 2.5 0 21.7448
      vertex 3.9655 -0.459605 21.7448
    endloop
  endfacet
  facet normal 0 0 1
    outer loop
      vertex 3.9655 0.459605 21.7448
      vertex 2.37764 0.772542 21.7448
      vertex 2.5 0 21.7448
    endloop
  endfacet
  facet normal 0 0 1
    outer loop
      vertex 3.9655 0.459605 21.7448
      vertex 2.02254 1.46946 21.7448
      vertex 2.37764 0.772542 21.7448
    endloop
  endfacet
  facet normal -0 -0 1
    outer loop
      vertex 2.02254 1.46946 21.7448
      vertex 3.9655 0.459605 21.7448
      vertex 1.75776 1.73425 21.7448
    endloop
  endfacet
  facet normal 0 0 1
    outer loop
      vertex 2.37764 -0.772542 21.7448
      vertex 3.9655 -0.459605 21.7448
      vertex 2.5 0 21.7448
    endloop
  endfacet
  facet normal 0 0 1
    outer loop
      vertex 2.02254 -1.46946 21.7448
      vertex 3.9655 -0.459605 21.7448
      vertex 2.37764 -0.772542 21.7448
    endloop
  endfacet
  facet normal 0 0 1
    outer loop
      vertex 3.9655 -0.459605 21.7448
      vertex 2.02254 -1.46946 21.7448
      vertex 1.75776 -1.73425 21.7448
    endloop
  endfacet
  facet normal 0 0 1
    outer loop
      vertex -1.48187 3.60464 21.7448
      vertex 0 2.5 21.7448
      vertex 0.594533 2.40583 21.7448
    endloop
  endfacet
  facet normal 0 0 1
    outer loop
      vertex -1.48187 3.60464 21.7448
      vertex -0.772542 2.37764 21.7448
      vertex 0 2.5 21.7448
    endloop
  endfacet
  facet normal 0 0 1
    outer loop
      vertex -1.48187 3.60464 21.7448
      vertex -1.46946 2.02254 21.7448
      vertex -0.772542 2.37764 21.7448
    endloop
  endfacet
  facet normal 0 0 1
    outer loop
      vertex -2.38389 3.14504 21.7448
      vertex -1.48187 3.60464 21.7448
      vertex -1.64024 3.68534 21.7448
    endloop
  endfacet
  facet normal 0 0 1
    outer loop
      vertex -2.38389 3.14504 21.7448
      vertex -1.64024 3.68534 21.7448
      vertex -1.81579 3.71314 21.7448
    endloop
  endfacet
  facet normal 0 0 1
    outer loop
      vertex -2.38389 3.14504 21.7448
      vertex -1.81579 3.71314 21.7448
      vertex -1.99134 3.68534 21.7448
    endloop
  endfacet
  facet normal 0 0 1
    outer loop
      vertex -1.48187 3.60464 21.7448
      vertex -2.38389 3.14504 21.7448
      vertex -1.46946 2.02254 21.7448
    endloop
  endfacet
  facet normal 0 0 1
    outer loop
      vertex -2.38389 3.14504 21.7448
      vertex -1.99134 3.68534 21.7448
      vertex -2.14971 3.60464 21.7448
    endloop
  endfacet
  facet normal 0 0 1
    outer loop
      vertex -2.38389 3.14504 21.7448
      vertex -2.14971 3.60464 21.7448
      vertex -2.27539 3.47896 21.7448
    endloop
  endfacet
  facet normal 0 0 1
    outer loop
      vertex -2.38389 3.14504 21.7448
      vertex -2.27539 3.47896 21.7448
      vertex -2.35609 3.32059 21.7448
    endloop
  endfacet
  facet normal 0 0 1
    outer loop
      vertex -1.46946 2.02254 21.7448
      vertex -2.38389 3.14504 21.7448
      vertex -2.02254 1.46946 21.7448
    endloop
  endfacet
  facet normal 0 0 1
    outer loop
      vertex -2.02254 1.46946 21.7448
      vertex -2.38389 3.14504 21.7448
      vertex -2.37764 0.772542 21.7448
    endloop
  endfacet
  facet normal 0 0 1
    outer loop
      vertex -2.37764 0.772542 21.7448
      vertex -2.38389 3.14504 21.7448
      vertex -2.38389 0.733067 21.7448
    endloop
  endfacet
  facet normal -0 0 1
    outer loop
      vertex 0 -2.5 21.7448
      vertex -1.48187 -3.60464 21.7448
      vertex 0.594533 -2.40583 21.7448
    endloop
  endfacet
  facet normal 0 0 1
    outer loop
      vertex -0.772542 -2.37764 21.7448
      vertex -1.48187 -3.60464 21.7448
      vertex 0 -2.5 21.7448
    endloop
  endfacet
  facet normal 0 0 1
    outer loop
      vertex -1.46946 -2.02254 21.7448
      vertex -1.48187 -3.60464 21.7448
      vertex -0.772542 -2.37764 21.7448
    endloop
  endfacet
  facet normal -0 0 1
    outer loop
      vertex -2.38389 -3.14504 21.7448
      vertex -1.48187 -3.60464 21.7448
      vertex -1.46946 -2.02254 21.7448
    endloop
  endfacet
  facet normal 0 0 1
    outer loop
      vertex -1.48187 -3.60464 21.7448
      vertex -2.38389 -3.14504 21.7448
      vertex -1.64024 -3.68534 21.7448
    endloop
  endfacet
  facet normal 0 0 1
    outer loop
      vertex -1.64024 -3.68534 21.7448
      vertex -2.38389 -3.14504 21.7448
      vertex -1.81579 -3.71314 21.7448
    endloop
  endfacet
  facet normal 0 0 1
    outer loop
      vertex -2.38389 -3.14504 21.7448
      vertex -1.46946 -2.02254 21.7448
      vertex -2.02254 -1.46946 21.7448
    endloop
  endfacet
  facet normal 0 0 1
    outer loop
      vertex -1.81579 -3.71314 21.7448
      vertex -2.38389 -3.14504 21.7448
      vertex -1.99134 -3.68534 21.7448
    endloop
  endfacet
  facet normal 0 0 1
    outer loop
      vertex -1.99134 -3.68534 21.7448
      vertex -2.38389 -3.14504 21.7448
      vertex -2.14971 -3.60464 21.7448
    endloop
  endfacet
  facet normal 0 0 1
    outer loop
      vertex -2.14971 -3.60464 21.7448
      vertex -2.38389 -3.14504 21.7448
      vertex -2.27539 -3.47896 21.7448
    endloop
  endfacet
  facet normal 0 0 1
    outer loop
      vertex -2.38389 -3.14504 21.7448
      vertex -2.02254 -1.46946 21.7448
      vertex -2.37764 -0.772542 21.7448
    endloop
  endfacet
  facet normal 0 0 1
    outer loop
      vertex -2.38389 -3.14504 21.7448
      vertex -2.37764 -0.772542 21.7448
      vertex -2.38389 -0.733067 21.7448
    endloop
  endfacet
  facet normal 0 0 1
    outer loop
      vertex -2.27539 -3.47896 21.7448
      vertex -2.38389 -3.14504 21.7448
      vertex -2.35609 -3.32059 21.7448
    endloop
  endfacet
  facet normal 0.269023 -0.527994 0.805511
    outer loop
      vertex -0.846706 -4.47887 21.3937
      vertex -1.02226 -5.58727 20.7258
      vertex -0.306408 -5.22253 20.7258
    endloop
  endfacet
  facet normal 0.42086 -0.420853 0.803592
    outer loop
      vertex 5.70906 -1.50938 20.7258
      vertex 39.8117 -2.07749 2.56791
      vertex 40.3798 -1.50938 2.56791
    endloop
  endfacet
  facet normal 0.42086 -0.420853 0.803592
    outer loop
      vertex 39.8117 -2.07749 2.56791
      vertex 5.70906 -1.50938 20.7258
      vertex 5.14096 -2.07749 20.7258
    endloop
  endfacet
  facet normal 0.585263 -0.0927093 0.805526
    outer loop
      vertex 40.8702 0 2.56791
      vertex 39.8703 -0.509477 3.23576
      vertex 40.7445 -0.793529 2.56791
    endloop
  endfacet
  facet normal -0.368817 -0.723912 0.583031
    outer loop
      vertex -20.6605 -35.2482 2.56791
      vertex -21.0531 -35.7885 1.6487
      vertex -20.151 -36.2481 1.6487
    endloop
  endfacet
  facet normal 0.585261 0.092704 0.805528
    outer loop
      vertex 40.8702 0 2.56791
      vertex 39.8703 0.509477 3.23576
      vertex 39.951 0 3.23576
    endloop
  endfacet
  facet normal 0.4627 0.073302 0.883479
    outer loop
      vertex 34.5073 0.463525 6.04831
      vertex 5.28028 0 21.3937
      vertex 34.4339 0 6.12521
    endloop
  endfacet
  facet normal 0.462699 0.0733439 0.883476
    outer loop
      vertex 5.19959 0.509477 21.3937
      vertex 34.5073 0.463525 6.04831
      vertex 34.5307 0.509477 6.03224
    endloop
  endfacet
  facet normal 0.462701 0.0732818 0.88348
    outer loop
      vertex 34.5073 0.463525 6.04831
      vertex 5.19959 0.509477 21.3937
      vertex 5.28028 0 21.3937
    endloop
  endfacet
  facet normal 0.462704 0.0732912 0.883478
    outer loop
      vertex 39.8703 0.509477 3.23576
      vertex 37.4339 0 4.55404
      vertex 39.951 0 3.23576
    endloop
  endfacet
  facet normal 0.462689 0.0733674 0.88348
    outer loop
      vertex 39.8703 0.509477 3.23576
      vertex 37.3604 0.463525 4.55404
      vertex 37.4339 0 4.55404
    endloop
  endfacet
  facet normal 0.462699 0.0731557 0.883492
    outer loop
      vertex 37.3604 0.463525 4.55404
      vertex 39.8703 0.509477 3.23576
      vertex 37.337 0.509477 4.56249
    endloop
  endfacet
  facet normal 0.723907 -0.368845 0.583019
    outer loop
      vertex 41.3797 -0.999905 1.6487
      vertex 40.3798 -1.50938 2.56791
      vertex 40.9201 -1.90193 1.6487
    endloop
  endfacet
  facet normal 0.802436 -0.127111 0.583044
    outer loop
      vertex 40.8702 0 2.56791
      vertex 40.7445 -0.793529 2.56791
      vertex 41.3797 -0.999905 1.6487
    endloop
  endfacet
  facet normal 0.848396 -0.432275 0.305553
    outer loop
      vertex 41.3797 -0.999905 1.6487
      vertex 40.9201 -1.90193 1.6487
      vertex 41.7136 -1.1084 0.568104
    endloop
  endfacet
  facet normal 0.940464 -0.14889 0.305549
    outer loop
      vertex 41.538 0 1.6487
      vertex 41.3797 -0.999905 1.6487
      vertex 41.7136 -1.1084 0.568104
    endloop
  endfacet
  facet normal -0.41901 -0.41901 -0.80552
    outer loop
      vertex -20.6605 -35.2482 -2.56791
      vertex -20.485 -34.1398 -3.23576
      vertex -20.1202 -34.5046 -3.23576
    endloop
  endfacet
  facet normal -0.41901 -0.41901 -0.80552
    outer loop
      vertex -20.485 -34.1398 -3.23576
      vertex -20.6605 -35.2482 -2.56791
      vertex -21.2286 -34.6801 -2.56791
    endloop
  endfacet
  facet normal 0.308641 -0.048882 0.949922
    outer loop
      vertex 5.28028 0 21.3937
      vertex 4.19968 0 21.7448
      vertex 5.19959 -0.509477 21.3937
    endloop
  endfacet
  facet normal 0.308644 -0.0488758 0.949921
    outer loop
      vertex 4.19968 0 21.7448
      vertex 4.17188 -0.175553 21.7448
      vertex 5.19959 -0.509477 21.3937
    endloop
  endfacet
  facet normal 0.0488817 -0.308641 0.949922
    outer loop
      vertex -1.81579 -3.71314 21.7448
      vertex -1.81579 -4.79374 21.3937
      vertex -1.30631 -4.71305 21.3937
    endloop
  endfacet
  facet normal -0.141874 -0.278422 0.949923
    outer loop
      vertex -2.14971 -3.60464 21.7448
      vertex -2.78487 -4.47887 21.3937
      vertex -1.99134 -3.68534 21.7448
    endloop
  endfacet
  facet normal -0.0488817 -0.308641 0.949922
    outer loop
      vertex -1.81579 -3.71314 21.7448
      vertex -2.32527 -4.71305 21.3937
      vertex -1.81579 -4.79374 21.3937
    endloop
  endfacet
  facet normal 0.419023 -0.419016 0.805509
    outer loop
      vertex 4.96541 -0.969083 21.3937
      vertex 5.14096 -2.07749 20.7258
      vertex 5.70906 -1.50938 20.7258
    endloop
  endfacet
  facet normal 0.419015 -0.419019 0.805512
    outer loop
      vertex 5.14096 -2.07749 20.7258
      vertex 4.96541 -0.969083 21.3937
      vertex 4.60066 -1.33383 21.3937
    endloop
  endfacet
  facet normal 0.451498 -0.230117 0.862088
    outer loop
      vertex 5.19959 -0.509477 21.3937
      vertex 34.7203 -0.881678 5.83359
      vertex 34.5307 -0.509477 6.03224
    endloop
  endfacet
  facet normal 0.451506 -0.230053 0.862101
    outer loop
      vertex 4.96541 -0.969083 21.3937
      vertex 34.7203 -0.881678 5.83359
      vertex 5.19959 -0.509477 21.3937
    endloop
  endfacet
  facet normal 0.451503 -0.230073 0.862097
    outer loop
      vertex 34.7203 -0.881678 5.83359
      vertex 4.96541 -0.969083 21.3937
      vertex 34.8077 -0.969083 5.76449
    endloop
  endfacet
  facet normal 0.451497 -0.230068 0.862102
    outer loop
      vertex 37.337 -0.509477 4.56249
      vertex 39.6361 -0.969083 3.23576
      vertex 39.8703 -0.509477 3.23576
    endloop
  endfacet
  facet normal 0.451514 -0.230002 0.86211
    outer loop
      vertex 37.1474 -0.881678 4.56249
      vertex 39.6361 -0.969083 3.23576
      vertex 37.337 -0.509477 4.56249
    endloop
  endfacet
  facet normal 0.451508 -0.230051 0.862101
    outer loop
      vertex 39.6361 -0.969083 3.23576
      vertex 37.1474 -0.881678 4.56249
      vertex 37.06 -0.969083 4.58494
    endloop
  endfacet
  facet normal -0.0488766 -0.308643 0.949921
    outer loop
      vertex -1.99134 -3.68534 21.7448
      vertex -2.32527 -4.71305 21.3937
      vertex -1.81579 -3.71314 21.7448
    endloop
  endfacet
  facet normal -0.141868 -0.278428 0.949922
    outer loop
      vertex -1.99134 -3.68534 21.7448
      vertex -2.78487 -4.47887 21.3937
      vertex -2.32527 -4.71305 21.3937
    endloop
  endfacet
  facet normal 0.278421 -0.141875 0.949923
    outer loop
      vertex 4.17188 -0.175553 21.7448
      vertex 4.09118 -0.333922 21.7448
      vertex 4.96541 -0.969083 21.3937
    endloop
  endfacet
  facet normal 0.308641 0.048882 0.949922
    outer loop
      vertex 5.19959 0.509477 21.3937
      vertex 4.19968 0 21.7448
      vertex 5.28028 0 21.3937
    endloop
  endfacet
  facet normal 0.308644 0.0488758 0.949921
    outer loop
      vertex 5.19959 0.509477 21.3937
      vertex 4.17188 0.175553 21.7448
      vertex 4.19968 0 21.7448
    endloop
  endfacet
  facet normal -0.891005 -0.453993 0
    outer loop
      vertex 2.37764 0.772542 -21.7448
      vertex 2.02254 1.46946 21.7448
      vertex 2.02254 1.46946 -21.7448
    endloop
  endfacet
  facet normal -0.891005 -0.453993 0
    outer loop
      vertex 2.02254 1.46946 21.7448
      vertex 2.37764 0.772542 -21.7448
      vertex 2.37764 0.772542 21.7448
    endloop
  endfacet
  facet normal -0.987688 -0.156436 0
    outer loop
      vertex 2.5 0 -21.7448
      vertex 2.37764 0.772542 21.7448
      vertex 2.37764 0.772542 -21.7448
    endloop
  endfacet
  facet normal -0.987688 -0.156436 0
    outer loop
      vertex 2.37764 0.772542 21.7448
      vertex 2.5 0 -21.7448
      vertex 2.5 0 21.7448
    endloop
  endfacet
  facet normal -0.70712 -0.707093 -0.000428115
    outer loop
      vertex 2.02254 1.46946 -21.7448
      vertex 1.46946 2.02254 -21.7103
      vertex 1.75776 1.73425 -21.7448
    endloop
  endfacet
  facet normal -0.707107 -0.707107 0
    outer loop
      vertex 1.46946 2.02254 -21.7103
      vertex 2.02254 1.46946 -21.7448
      vertex 1.46946 2.02254 21.7103
    endloop
  endfacet
  facet normal -0.707107 -0.707107 -0
    outer loop
      vertex 2.02254 1.46946 21.7448
      vertex 1.46946 2.02254 21.7103
      vertex 2.02254 1.46946 -21.7448
    endloop
  endfacet
  facet normal -0.70712 -0.707093 0.000428115
    outer loop
      vertex 1.46946 2.02254 21.7103
      vertex 2.02254 1.46946 21.7448
      vertex 1.75776 1.73425 21.7448
    endloop
  endfacet
  facet normal -0.156443 -0.987687 -0.000253701
    outer loop
      vertex 0 2.5 21.7448
      vertex 0.772542 2.37764 21.7237
      vertex 0.594533 2.40583 21.7448
    endloop
  endfacet
  facet normal -0.156436 -0.987688 0
    outer loop
      vertex 0 2.5 21.7448
      vertex 0.772542 2.37764 -21.7237
      vertex 0.772542 2.37764 21.7237
    endloop
  endfacet
  facet normal -0.156436 -0.987688 0
    outer loop
      vertex 0 2.5 -21.7448
      vertex 0.772542 2.37764 -21.7237
      vertex 0 2.5 21.7448
    endloop
  endfacet
  facet normal -0.156443 -0.987687 0.000253701
    outer loop
      vertex 0.772542 2.37764 -21.7237
      vertex 0 2.5 -21.7448
      vertex 0.594533 2.40583 -21.7448
    endloop
  endfacet
  facet normal 0.987696 -0.15638 -0.00117393
    outer loop
      vertex -2.5 0 21.707
      vertex -2.37764 0.772542 21.7448
      vertex -2.38389 0.733067 21.7448
    endloop
  endfacet
  facet normal 0.987688 -0.156436 0
    outer loop
      vertex -2.37764 0.772542 21.7448
      vertex -2.5 0 21.707
      vertex -2.37764 0.772542 -21.7448
    endloop
  endfacet
  facet normal 0.987688 -0.156436 0
    outer loop
      vertex -2.5 0 -21.707
      vertex -2.37764 0.772542 -21.7448
      vertex -2.5 0 21.707
    endloop
  endfacet
  facet normal 0.987696 -0.15638 0.00117393
    outer loop
      vertex -2.37764 0.772542 -21.7448
      vertex -2.5 0 -21.707
      vertex -2.38389 0.733067 -21.7448
    endloop
  endfacet
  facet normal -0.453993 -0.891005 0
    outer loop
      vertex 0.772542 2.37764 21.7237
      vertex 1.46946 2.02254 -21.7103
      vertex 1.46946 2.02254 21.7103
    endloop
  endfacet
  facet normal -0.453993 -0.891005 0
    outer loop
      vertex 1.46946 2.02254 -21.7103
      vertex 0.772542 2.37764 21.7237
      vertex 0.772542 2.37764 -21.7237
    endloop
  endfacet
  facet normal 0.453993 -0.891005 0
    outer loop
      vertex -1.46946 2.02254 -21.7448
      vertex -0.772542 2.37764 21.7448
      vertex -1.46946 2.02254 21.7448
    endloop
  endfacet
  facet normal 0.453993 -0.891005 0
    outer loop
      vertex -0.772542 2.37764 21.7448
      vertex -1.46946 2.02254 -21.7448
      vertex -0.772542 2.37764 -21.7448
    endloop
  endfacet
  facet normal 0.156436 0.987688 -0
    outer loop
      vertex 0 -2.5 -21.7448
      vertex -0.772542 -2.37764 21.7448
      vertex 0 -2.5 21.7448
    endloop
  endfacet
  facet normal 0.156436 0.987688 0
    outer loop
      vertex -0.772542 -2.37764 21.7448
      vertex 0 -2.5 -21.7448
      vertex -0.772542 -2.37764 -21.7448
    endloop
  endfacet
  facet normal -0.70712 0.707093 -0.000428115
    outer loop
      vertex 1.46946 -2.02254 -21.7103
      vertex 2.02254 -1.46946 -21.7448
      vertex 1.75776 -1.73425 -21.7448
    endloop
  endfacet
  facet normal -0.707107 0.707107 0
    outer loop
      vertex 2.02254 -1.46946 -21.7448
      vertex 1.46946 -2.02254 -21.7103
      vertex 2.02254 -1.46946 21.7448
    endloop
  endfacet
  facet normal -0.707107 0.707107 0
    outer loop
      vertex 1.46946 -2.02254 21.7103
      vertex 2.02254 -1.46946 21.7448
      vertex 1.46946 -2.02254 -21.7103
    endloop
  endfacet
  facet normal -0.70712 0.707093 0.000428115
    outer loop
      vertex 2.02254 -1.46946 21.7448
      vertex 1.46946 -2.02254 21.7103
      vertex 1.75776 -1.73425 21.7448
    endloop
  endfacet
  facet normal 0.891005 0.453993 0
    outer loop
      vertex -2.02254 -1.46946 21.7448
      vertex -2.37764 -0.772542 -21.7448
      vertex -2.37764 -0.772542 21.7448
    endloop
  endfacet
  facet normal 0.891005 0.453993 0
    outer loop
      vertex -2.37764 -0.772542 -21.7448
      vertex -2.02254 -1.46946 21.7448
      vertex -2.02254 -1.46946 -21.7448
    endloop
  endfacet
  facet normal 0.156436 -0.987688 0
    outer loop
      vertex -0.772542 2.37764 -21.7448
      vertex 0 2.5 21.7448
      vertex -0.772542 2.37764 21.7448
    endloop
  endfacet
  facet normal 0.156436 -0.987688 0
    outer loop
      vertex 0 2.5 21.7448
      vertex -0.772542 2.37764 -21.7448
      vertex 0 2.5 -21.7448
    endloop
  endfacet
  facet normal -0.453993 0.891005 0
    outer loop
      vertex 1.46946 -2.02254 -21.7103
      vertex 0.772542 -2.37764 21.7237
      vertex 1.46946 -2.02254 21.7103
    endloop
  endfacet
  facet normal -0.453993 0.891005 0
    outer loop
      vertex 0.772542 -2.37764 21.7237
      vertex 1.46946 -2.02254 -21.7103
      vertex 0.772542 -2.37764 -21.7237
    endloop
  endfacet
  facet normal -0.156443 0.987687 -0.000253701
    outer loop
      vertex 0.772542 -2.37764 21.7237
      vertex 0 -2.5 21.7448
      vertex 0.594533 -2.40583 21.7448
    endloop
  endfacet
  facet normal -0.156436 0.987688 0
    outer loop
      vertex 0.772542 -2.37764 -21.7237
      vertex 0 -2.5 21.7448
      vertex 0.772542 -2.37764 21.7237
    endloop
  endfacet
  facet normal -0.156443 0.987687 0.000253701
    outer loop
      vertex 0 -2.5 -21.7448
      vertex 0.772542 -2.37764 -21.7237
      vertex 0.594533 -2.40583 -21.7448
    endloop
  endfacet
  facet normal -0.156436 0.987688 0
    outer loop
      vertex 0.772542 -2.37764 -21.7237
      vertex 0 -2.5 -21.7448
      vertex 0 -2.5 21.7448
    endloop
  endfacet
  facet normal 0.987696 0.15638 -0.00117393
    outer loop
      vertex -2.37764 -0.772542 21.7448
      vertex -2.5 0 21.707
      vertex -2.38389 -0.733067 21.7448
    endloop
  endfacet
  facet normal 0.987688 0.156436 0
    outer loop
      vertex -2.5 0 21.707
      vertex -2.37764 -0.772542 21.7448
      vertex -2.5 0 -21.707
    endloop
  endfacet
  facet normal 0.987688 0.156436 -0
    outer loop
      vertex -2.37764 -0.772542 -21.7448
      vertex -2.5 0 -21.707
      vertex -2.37764 -0.772542 21.7448
    endloop
  endfacet
  facet normal 0.987696 0.15638 0.00117393
    outer loop
      vertex -2.5 0 -21.707
      vertex -2.37764 -0.772542 -21.7448
      vertex -2.38389 -0.733067 -21.7448
    endloop
  endfacet
  facet normal 0.891005 -0.453993 0
    outer loop
      vertex -2.37764 0.772542 21.7448
      vertex -2.02254 1.46946 -21.7448
      vertex -2.02254 1.46946 21.7448
    endloop
  endfacet
  facet normal 0.891005 -0.453993 0
    outer loop
      vertex -2.02254 1.46946 -21.7448
      vertex -2.37764 0.772542 21.7448
      vertex -2.37764 0.772542 -21.7448
    endloop
  endfacet
  facet normal 0.707107 -0.707107 0
    outer loop
      vertex -2.02254 1.46946 21.7448
      vertex -1.46946 2.02254 -21.7448
      vertex -1.46946 2.02254 21.7448
    endloop
  endfacet
  facet normal 0.707107 -0.707107 0
    outer loop
      vertex -1.46946 2.02254 -21.7448
      vertex -2.02254 1.46946 21.7448
      vertex -2.02254 1.46946 -21.7448
    endloop
  endfacet
  facet normal -0.891005 0.453993 0
    outer loop
      vertex 2.02254 -1.46946 -21.7448
      vertex 2.37764 -0.772542 21.7448
      vertex 2.37764 -0.772542 -21.7448
    endloop
  endfacet
  facet normal -0.891005 0.453993 0
    outer loop
      vertex 2.37764 -0.772542 21.7448
      vertex 2.02254 -1.46946 -21.7448
      vertex 2.02254 -1.46946 21.7448
    endloop
  endfacet
  facet normal -0.987688 0.156436 0
    outer loop
      vertex 2.37764 -0.772542 -21.7448
      vertex 2.5 0 21.7448
      vertex 2.5 0 -21.7448
    endloop
  endfacet
  facet normal -0.987688 0.156436 0
    outer loop
      vertex 2.5 0 21.7448
      vertex 2.37764 -0.772542 -21.7448
      vertex 2.37764 -0.772542 21.7448
    endloop
  endfacet
  facet normal 0.707107 0.707107 0
    outer loop
      vertex -1.46946 -2.02254 21.7448
      vertex -2.02254 -1.46946 -21.7448
      vertex -2.02254 -1.46946 21.7448
    endloop
  endfacet
  facet normal 0.707107 0.707107 0
    outer loop
      vertex -2.02254 -1.46946 -21.7448
      vertex -1.46946 -2.02254 21.7448
      vertex -1.46946 -2.02254 -21.7448
    endloop
  endfacet
  facet normal 0.453993 0.891005 -0
    outer loop
      vertex -0.772542 -2.37764 -21.7448
      vertex -1.46946 -2.02254 21.7448
      vertex -0.772542 -2.37764 21.7448
    endloop
  endfacet
  facet normal 0.453993 0.891005 0
    outer loop
      vertex -1.46946 -2.02254 21.7448
      vertex -0.772542 -2.37764 -21.7448
      vertex -1.46946 -2.02254 -21.7448
    endloop
  endfacet
endsolid OpenSCAD_Model
